Frequency (GHz),RE[Y11],IM[Y11],RE[Y12],IM[Y12],RE[Y21],IM[Y21],RE[Y22],IM[Y22]
0.01,-6.18E-09,-64.17284631,5.265812164e-17,-1.12E-07,1.601891814e-16,-1.12E-07,4.044561667e-18,1.6355446244e-6
0.0105,-2.91E-08,-60.88226822,1.537580375e-10,-1.18E-07,1.537580375e-10,-1.18E-07,-1.70E-15,1.7173218983e-6
0.011,-2.63E-08,-57.91272222,1.453292825e-10,-1.24E-07,1.453292825e-10,-1.24E-07,-3.14E-15,1.7990991723e-6
0.0115,-2.39E-08,-55.21940952,1.377060001e-10,-1.30E-07,1.377060001e-10,-1.30E-07,-3.14E-15,1.8808764464e-6
0.012,-2.18E-08,-52.76549945,1.307805794e-10,-1.36E-07,1.307805794e-10,-1.36E-07,-3.14E-15,1.9626537205e-6
0.0125,-2.00E-08,-50.5204303,1.244637257e-10,-1.42E-07,1.244637257e-10,-1.42E-07,-3.14E-15,2.0444309948e-6
0.013,-1.84E-08,-48.45863,1.186807259e-10,-1.48E-07,1.186807259e-10,-1.48E-07,-3.14E-15,2.1262082691e-6
0.0135,-1.70E-08,-46.55853773,1.133685865e-10,-1.54E-07,1.133685865e-10,-1.54E-07,-3.14E-15,2.2079855434e-6
0.014,-1.57E-08,-44.8018471,1.084738235e-10,-1.59E-07,1.084738235e-10,-1.59E-07,-3.14E-15,2.2897628179e-6
0.0145,-1.46E-08,-43.17291444,1.039507303e-10,-1.65E-07,1.039507303e-10,-1.65E-07,-3.14E-15,2.3715400925e-6
0.015,-1.36E-08,-41.65829168,9.976002022e-11,-1.71E-07,9.976002022e-11,-1.71E-07,-3.14E-15,2.4533173671e-6
0.0155,-1.27E-08,-40.24635418,9.586773156e-11,-1.77E-07,9.586773156e-11,-1.77E-07,-3.14E-15,2.5350946419e-6
0.016,-1.19E-08,-38.92700184,9.224435649e-11,-1.83E-07,9.224435649e-11,-1.83E-07,-3.14E-15,2.6168719167e-6
0.0165,-1.11E-08,-37.69141709,8.886413812e-11,-1.89E-07,8.886413812e-11,-1.89E-07,-3.14E-15,2.6986491917e-6
0.017,-1.05E-08,-36.53186762,8.570448812e-11,-1.94E-07,8.570448812e-11,-1.94E-07,-3.14E-15,2.7804264667e-6
0.0175,-9.85E-09,-35.44154434,8.274551460e-11,-2.00E-07,8.274551460e-11,-2.00E-07,-3.14E-15,2.8622037419e-6
0.018,-9.29E-09,-34.41442762,7.996963513e-11,-2.06E-07,7.996963513e-11,-2.06E-07,-3.14E-15,2.9439810172e-6
0.0185,-8.77E-09,-33.44517612,7.736124751e-11,-2.12E-07,7.736124751e-11,-2.12E-07,-3.14E-15,3.0257582926e-6
0.019,-8.30E-09,-32.52903382,7.490645987e-11,-2.18E-07,7.490645987e-11,-2.18E-07,-3.14E-15,3.1075355681e-6
0.0195,-7.87E-09,-31.66175201,7.259286384e-11,-2.24E-07,7.259286384e-11,-2.24E-07,-3.14E-15,3.1893128438e-6
0.02,-7.46E-09,-30.83952341,7.040933975e-11,-2.29E-07,7.040933975e-11,-2.29E-07,-3.14E-15,3.2710901195e-6
0.0205,-7.09E-09,-30.05892627,6.834589332e-11,-2.35E-07,6.834589332e-11,-2.35E-07,-3.14E-15,3.3528673955e-6
0.021,-6.74E-09,-29.31687682,6.639352023e-11,-2.41E-07,6.639352023e-11,-2.41E-07,-3.14E-15,3.4346446715e-6
0.0215,-6.42E-09,-28.61058847,6.454408383e-11,-2.47E-07,6.454408383e-11,-2.47E-07,-3.14E-15,3.5164219477e-6
0.022,-6.13E-09,-27.93753695,6.279021334e-11,-2.53E-07,6.279021334e-11,-2.53E-07,-3.14E-15,3.5981992240e-6
0.0225,-5.84E-09,-27.29543006,6.112521518e-11,-2.58E-07,6.112521518e-11,-2.58E-07,-3.14E-15,3.6799765005e-6
0.023,-5.58E-09,-26.68218166,5.954300025e-11,-2.64E-07,5.954300025e-11,-2.64E-07,-3.14E-15,3.7617537771e-6
0.0235,-5.34E-09,-26.09588901,5.803801290e-11,-2.70E-07,5.803801290e-11,-2.70E-07,-3.14E-15,3.8435310539e-6
0.024,-5.11E-09,-25.53481304,5.660517777e-11,-2.76E-07,5.660517777e-11,-2.76E-07,-3.14E-15,3.9253083309e-6
0.0245,-4.91E-09,-24.99736111,5.523984543e-11,-2.81E-07,5.523984543e-11,-2.81E-07,-3.14E-15,4.0070856080e-6
0.025,-4.70E-09,-24.48207197,5.393775278e-11,-2.87E-07,5.393775278e-11,-2.87E-07,-3.14E-15,4.0888628852e-6
0.0255,-4.51E-09,-23.98760241,5.269497746e-11,-2.93E-07,5.269497746e-11,-2.93E-07,-3.14E-15,4.1706401627e-6
0.026,-4.33E-09,-23.51271565,5.150791368e-11,-2.99E-07,5.150791368e-11,-2.99E-07,-3.14E-15,4.2524174403e-6
0.0265,-4.17E-09,-23.05627092,5.037323074e-11,-3.05E-07,5.037323074e-11,-3.05E-07,-3.14E-15,4.3341947181e-6
0.027,-4.01E-09,-22.61721442,4.928785656e-11,-3.10E-07,4.928785656e-11,-3.10E-07,-3.14E-15,4.4159719960e-6
0.0275,-3.86E-09,-22.19457111,4.824894598e-11,-3.16E-07,4.824894598e-11,-3.16E-07,-3.14E-15,4.4977492742e-6
0.028,-3.72E-09,-21.78743751,4.725386434e-11,-3.22E-07,4.725386434e-11,-3.22E-07,-3.14E-15,4.5795265525e-6
0.0285,-3.59E-09,-21.39497526,4.630016729e-11,-3.28E-07,4.630016729e-11,-3.28E-07,-3.14E-15,4.6613038310e-6
0.029,-3.46E-09,-21.01640536,4.538558488e-11,-3.34E-07,4.538558488e-11,-3.34E-07,-3.14E-15,4.7430811097e-6
0.0295,-3.35E-09,-20.65100299,4.450800114e-11,-3.39E-07,4.450800114e-11,-3.39E-07,-3.14E-15,4.8248583886e-6
0.03,-3.23E-09,-20.2980929,4.366545016e-11,-3.45E-07,4.366545016e-11,-3.45E-07,-3.14E-15,4.9066356678e-6
0.0305,-3.12E-09,-19.95704522,4.285609695e-11,-3.51E-07,4.285609695e-11,-3.51E-07,-3.14E-15,4.9884129471e-6
0.031,-3.02E-09,-19.62727175,4.207822595e-11,-3.57E-07,4.207822595e-11,-3.57E-07,-3.14E-15,5.0701902266e-6
0.0315,-2.92E-09,-19.30822252,4.133023767e-11,-3.62E-07,4.133023767e-11,-3.62E-07,-3.14E-15,5.1519675063e-6
0.032,-2.83E-09,-18.99938277,4.061063066e-11,-3.68E-07,4.061063066e-11,-3.68E-07,-3.14E-15,5.2337447863e-6
0.0325,-2.74E-09,-18.70027016,3.991800182e-11,-3.74E-07,3.991800182e-11,-3.74E-07,-3.14E-15,5.3155220665e-6
0.033,-2.66E-09,-18.41043228,3.925103317e-11,-3.80E-07,3.925103317e-11,-3.80E-07,-3.14E-15,5.3972993469e-6
0.0335,-2.58E-09,-18.12944432,3.860848942e-11,-3.86E-07,3.860848942e-11,-3.86E-07,-3.14E-15,5.4790766275e-6
0.034,-2.50E-09,-17.85690705,3.798920933e-11,-3.91E-07,3.798920933e-11,-3.91E-07,-3.14E-15,5.5608539083e-6
0.0345,-2.43E-09,-17.59244487,3.739209870e-11,-3.97E-07,3.739209870e-11,-3.97E-07,-3.14E-15,5.6426311894e-6
0.035,-2.36E-09,-17.33570415,3.681612979e-11,-4.03E-07,3.681612979e-11,-4.03E-07,-3.14E-15,5.7244084707e-6
0.0355,-2.29E-09,-17.08635157,3.626033529e-11,-4.09E-07,3.626033529e-11,-4.09E-07,-3.14E-15,5.8061857523e-6
0.036,-2.23E-09,-16.84407275,3.572379946e-11,-4.14E-07,3.572379946e-11,-4.14E-07,-3.14E-15,5.8879630341e-6
0.0365,-2.16E-09,-16.60857089,3.520566115e-11,-4.20E-07,3.520566115e-11,-4.20E-07,-3.13E-15,5.9697403162e-6
0.037,-2.10E-09,-16.37956556,3.470510492e-11,-4.26E-07,3.470510492e-11,-4.26E-07,-3.14E-15,6.0515175985e-6
0.0375,-2.05E-09,-16.15679161,3.422136209e-11,-4.32E-07,3.422136209e-11,-4.32E-07,-3.14E-15,6.1332948810e-6
0.038,-1.99E-09,-15.9399981,3.375370331e-11,-4.38E-07,3.375370331e-11,-4.38E-07,-3.14E-15,6.2150721638e-6
0.0385,-1.94E-09,-15.7289474,3.330143925e-11,-4.43E-07,3.330143925e-11,-4.43E-07,-3.14E-15,6.2968494469e-6
0.039,-1.89E-09,-15.52341431,3.286391693e-11,-4.49E-07,3.286391693e-11,-4.49E-07,-3.14E-15,6.3786267303e-6
0.0395,-1.84E-09,-15.32318523,3.244051768e-11,-4.55E-07,3.244051768e-11,-4.55E-07,-3.14E-15,6.4604040139e-6
0.04,-1.79E-09,-15.12805748,3.203065320e-11,-4.61E-07,3.203065320e-11,-4.61E-07,-3.14E-15,6.5421812978e-6
0.0405,-1.75E-09,-14.93783854,3.163376702e-11,-4.66E-07,3.163376702e-11,-4.66E-07,-3.14E-15,6.6239585819e-6
0.041,-1.71E-09,-14.75234549,3.124932912e-11,-4.72E-07,3.124932912e-11,-4.72E-07,-3.14E-15,6.7057358664e-6
0.0415,-1.67E-09,-14.57140435,3.087683468e-11,-4.78E-07,3.087683468e-11,-4.78E-07,-3.14E-15,6.7875131511e-6
0.042,-1.63E-09,-14.39484962,3.051580596e-11,-4.84E-07,3.051580596e-11,-4.84E-07,-3.14E-15,6.8692904361e-6
0.0425,-1.59E-09,-14.22252369,3.016578699e-11,-4.90E-07,3.016578699e-11,-4.90E-07,-3.14E-15,6.9510677214e-6
0.043,-1.55E-09,-14.05427643,2.982634540e-11,-4.95E-07,2.982634540e-11,-4.95E-07,-3.14E-15,7.0328450070e-6
0.0435,-1.51E-09,-13.88996472,2.949706581e-11,-5.01E-07,2.949706581e-11,-5.01E-07,-3.14E-15,7.1146222929e-6
0.044,-1.48E-09,-13.72945209,2.917755580e-11,-5.07E-07,2.917755580e-11,-5.07E-07,-3.13E-15,7.1963995791e-6
0.0445,-1.45E-09,-13.57260826,2.886743782e-11,-5.13E-07,2.886743782e-11,-5.13E-07,-3.14E-15,7.2781768656e-6
0.045,-1.41E-09,-13.41930888,2.856635589e-11,-5.18E-07,2.856635589e-11,-5.18E-07,-3.14E-15,7.3599541524e-6
0.0455,-1.38E-09,-13.26943514,2.827396509e-11,-5.24E-07,2.827396509e-11,-5.24E-07,-3.13E-15,7.4417314396e-6
0.046,-1.35E-09,-13.12287348,2.798993937e-11,-5.30E-07,2.798993937e-11,-5.30E-07,-3.14E-15,7.5235087270e-6
0.0465,-1.32E-09,-12.97951531,2.771396673e-11,-5.36E-07,2.771396673e-11,-5.36E-07,-3.13E-15,7.6052860148e-6
0.047,-1.29E-09,-12.83925673,2.744574773e-11,-5.42E-07,2.744574773e-11,-5.42E-07,-3.14E-15,7.6870633029e-6
0.0475,-1.27E-09,-12.7019983,2.718499609e-11,-5.47E-07,2.718499609e-11,-5.47E-07,-3.14E-15,7.7688405913e-6
0.048,-1.24E-09,-12.56764476,2.693143931e-11,-5.53E-07,2.693143931e-11,-5.53E-07,-3.14E-15,7.8506178800e-6
0.0485,-1.21E-09,-12.43610487,2.668481592e-11,-5.59E-07,2.668481592e-11,-5.59E-07,-3.14E-15,7.9323951691e-6
0.049,-1.19E-09,-12.30729115,2.644487352e-11,-5.65E-07,2.644487352e-11,-5.65E-07,-3.14E-15,8.0141724585e-6
0.0495,-1.16E-09,-12.18111972,2.621137280e-11,-5.70E-07,2.621137280e-11,-5.70E-07,-3.14E-15,8.0959497483e-6
0.05,-1.14E-09,-12.05751011,2.598408261e-11,-5.76E-07,2.598408261e-11,-5.76E-07,-3.13E-15,8.1777270384e-6
0.0505,-1.12E-09,-11.93638508,2.576278351e-11,-5.82E-07,2.576278351e-11,-5.82E-07,-3.13E-15,8.2595043288e-6
0.051,-1.10E-09,-11.81767045,2.554726251e-11,-5.88E-07,2.554726251e-11,-5.88E-07,-3.13E-15,8.3412816196e-6
0.0515,-1.07E-09,-11.70129499,2.533731547e-11,-5.93E-07,2.533731547e-11,-5.93E-07,-3.14E-15,8.4230589108e-6
0.052,-1.05E-09,-11.58719024,2.513274783e-11,-5.99E-07,2.513274783e-11,-5.99E-07,-3.14E-15,8.5048362023e-6
0.0525,-1.03E-09,-11.47529037,2.493337192e-11,-6.05E-07,2.493337192e-11,-6.05E-07,-3.13E-15,8.5866134942e-6
0.053,-1.01E-09,-11.36553209,2.473900759e-11,-6.11E-07,2.473900759e-11,-6.11E-07,-3.13E-15,8.6683907864e-6
0.0535,-9.94E-10,-11.2578545,2.454948186e-11,-6.17E-07,2.454948186e-11,-6.17E-07,-3.13E-15,8.7501680790e-6
0.054,-9.76E-10,-11.15219899,2.436462769e-11,-6.22E-07,2.436462769e-11,-6.22E-07,-3.13E-15,8.8319453720e-6
0.0545,-9.58E-10,-11.04850913,2.418428487e-11,-6.28E-07,2.418428487e-11,-6.28E-07,-3.14E-15,8.9137226654e-6
0.055,-9.40E-10,-10.94673057,2.400829980e-11,-6.34E-07,2.400829980e-11,-6.34E-07,-3.13E-15,8.9954999591e-6
0.0555,-9.23E-10,-10.84681094,2.383652258e-11,-6.40E-07,2.383652258e-11,-6.40E-07,-3.13E-15,9.0772772533e-6
0.056,-9.06E-10,-10.74869978,2.366881264e-11,-6.45E-07,2.366881264e-11,-6.45E-07,-3.13E-15,9.1590545478e-6
0.0565,-8.90E-10,-10.65234843,2.350503127e-11,-6.51E-07,2.350503127e-11,-6.51E-07,-3.13E-15,9.2408318427e-6
0.057,-8.74E-10,-10.55770995,2.334504610e-11,-6.57E-07,2.334504610e-11,-6.57E-07,-3.13E-15,9.3226091380e-6
0.0575,-8.59E-10,-10.46473909,2.318872941e-11,-6.63E-07,2.318872941e-11,-6.63E-07,-3.14E-15,9.4043864337e-6
0.058,-8.44E-10,-10.37339213,2.303595866e-11,-6.68E-07,2.303595866e-11,-6.68E-07,-3.13E-15,9.4861637298e-6
0.0585,-8.30E-10,-10.28362691,2.288661504e-11,-6.74E-07,2.288661504e-11,-6.74E-07,-3.13E-15,9.5679410263e-6
0.059,-8.15E-10,-10.1954027,2.274058318e-11,-6.80E-07,2.274058318e-11,-6.80E-07,-3.13E-15,9.6497183232e-6
0.0595,-8.02E-10,-10.10868014,2.259775449e-11,-6.86E-07,2.259775449e-11,-6.86E-07,-3.13E-15,9.7314956206e-6
0.06,-7.88E-10,-10.02342122,2.245802126e-11,-6.92E-07,2.245802126e-11,-6.92E-07,-3.13E-15,9.8132729183e-6
0.0605,-7.75E-10,-9.939589201,2.232128115e-11,-6.97E-07,2.232128115e-11,-6.97E-07,-3.13E-15,9.8950502165e-6
0.061,-7.62E-10,-9.857148554,2.218743488e-11,-7.03E-07,2.218743488e-11,-7.03E-07,-3.13E-15,9.9768275151e-6
0.0615,-7.50E-10,-9.776064925,2.205638671e-11,-7.09E-07,2.205638671e-11,-7.09E-07,-3.13E-15,1.0058604814e-5
0.062,-7.37E-10,-9.696305081,2.192804307e-11,-7.15E-07,2.192804307e-11,-7.15E-07,-3.13E-15,1.0140382114e-5
0.0625,-7.25E-10,-9.617836866,2.180231690e-11,-7.20E-07,2.180231690e-11,-7.20E-07,-3.13E-15,1.0222159413e-5
0.063,-7.14E-10,-9.540629155,2.167912020e-11,-7.26E-07,2.167912020e-11,-7.26E-07,-3.13E-15,1.0303936714e-5
0.0635,-7.03E-10,-9.464651818,2.155836928e-11,-7.32E-07,2.155836928e-11,-7.32E-07,-3.13E-15,1.0385714015e-5
0.064,-6.92E-10,-9.389875676,2.143998496e-11,-7.38E-07,2.143998496e-11,-7.38E-07,-3.13E-15,1.0467491316e-5
0.0645,-6.81E-10,-9.316272465,2.132388773e-11,-7.43E-07,2.132388773e-11,-7.43E-07,-3.13E-15,1.0549268617e-5
0.065,-6.70E-10,-9.243814802,2.121000254e-11,-7.49E-07,2.121000254e-11,-7.49E-07,-3.13E-15,1.0631045920e-5
0.0655,-6.60E-10,-9.172476148,2.109825707e-11,-7.55E-07,2.109825707e-11,-7.55E-07,-3.13E-15,1.0712823222e-5
0.066,-6.50E-10,-9.102230781,2.098857956e-11,-7.61E-07,2.098857956e-11,-7.61E-07,-3.13E-15,1.0794600525e-5
0.0665,-6.40E-10,-9.033053757,2.088090287e-11,-7.67E-07,2.088090287e-11,-7.67E-07,-3.13E-15,1.0876377829e-5
0.067,-6.30E-10,-8.964920888,2.077515951e-11,-7.72E-07,2.077515951e-11,-7.72E-07,-3.13E-15,1.0958155133e-5
0.0675,-6.21E-10,-8.897808711,2.067128660e-11,-7.78E-07,2.067128660e-11,-7.78E-07,-3.13E-15,1.1039932437e-5
0.068,-6.12E-10,-8.831694457,2.056922131e-11,-7.84E-07,2.056922131e-11,-7.84E-07,-3.13E-15,1.1121709742e-5
0.0685,-6.03E-10,-8.766556034,2.046890466e-11,-7.90E-07,2.046890466e-11,-7.90E-07,-3.13E-15,1.1203487047e-5
0.069,-5.94E-10,-8.702371995,2.037027730e-11,-7.95E-07,2.037027730e-11,-7.95E-07,-3.13E-15,1.1285264353e-5
0.0695,-5.85E-10,-8.639121517,2.027328470e-11,-8.01E-07,2.027328470e-11,-8.01E-07,-3.13E-15,1.1367041660e-5
0.07,-5.77E-10,-8.576784377,2.017786880e-11,-8.07E-07,2.017786880e-11,-8.07E-07,-3.13E-15,1.1448818966e-5
0.0705,-5.69E-10,-8.515340936,2.008398037e-11,-8.13E-07,2.008398037e-11,-8.13E-07,-3.13E-15,1.1530596274e-5
0.071,-5.61E-10,-8.454772109,1.999156599e-11,-8.18E-07,1.999156599e-11,-8.18E-07,-3.13E-15,1.1612373582e-5
0.0715,-5.53E-10,-8.395059354,1.990057704e-11,-8.24E-07,1.990057704e-11,-8.24E-07,-3.13E-15,1.1694150890e-5
0.072,-5.45E-10,-8.336184649,1.981096428e-11,-8.30E-07,1.981096428e-11,-8.30E-07,-3.13E-15,1.1775928199e-5
0.0725,-5.37E-10,-8.278130473,1.972268134e-11,-8.36E-07,1.972268134e-11,-8.36E-07,-3.13E-15,1.1857705508e-5
0.073,-5.30E-10,-8.220879792,1.963568496e-11,-8.42E-07,1.963568496e-11,-8.42E-07,-3.13E-15,1.1939482818e-5
0.0735,-5.23E-10,-8.164416037,1.954992655e-11,-8.47E-07,1.954992655e-11,-8.47E-07,-3.13E-15,1.2021260128e-5
0.074,-5.16E-10,-8.108723096,1.946536826e-11,-8.53E-07,1.946536826e-11,-8.53E-07,-3.13E-15,1.2103037439e-5
0.0745,-5.09E-10,-8.053785289,1.938196594e-11,-8.59E-07,1.938196594e-11,-8.59E-07,-3.13E-15,1.2184814751e-5
0.075,-5.02E-10,-7.999587363,1.929968080e-11,-8.65E-07,1.929968080e-11,-8.65E-07,-3.13E-15,1.2266592062e-5
0.0755,-4.95E-10,-7.94611447,1.921847280e-11,-8.70E-07,1.921847280e-11,-8.70E-07,-3.13E-15,1.2348369375e-5
0.076,-4.89E-10,-7.893352157,1.913830464e-11,-8.76E-07,1.913830464e-11,-8.76E-07,-3.13E-15,1.2430146688e-5
0.0765,-4.82E-10,-7.841286353,1.905914004e-11,-8.82E-07,1.905914004e-11,-8.82E-07,-3.13E-15,1.2511924001e-5
0.077,-4.76E-10,-7.789903358,1.898094211e-11,-8.88E-07,1.898094211e-11,-8.88E-07,-3.13E-15,1.2593701316e-5
0.0775,-4.70E-10,-7.739189825,1.890367759e-11,-8.93E-07,1.890367759e-11,-8.93E-07,-3.13E-15,1.2675478630e-5
0.078,-4.64E-10,-7.689132757,1.882731215e-11,-8.99E-07,1.882731215e-11,-8.99E-07,-3.13E-15,1.2757255945e-5
0.0785,-4.58E-10,-7.639719487,1.875181354e-11,-9.05E-07,1.875181354e-11,-9.05E-07,-3.13E-15,1.2839033261e-5
0.079,-4.52E-10,-7.590937675,1.867714956e-11,-9.11E-07,1.867714956e-11,-9.11E-07,-3.13E-15,1.2920810577e-5
0.0795,-4.46E-10,-7.542775293,1.860329054e-11,-9.17E-07,1.860329054e-11,-9.17E-07,-3.13E-15,1.3002587894e-5
0.08,-4.41E-10,-7.495220617,1.853020486e-11,-9.22E-07,1.853020486e-11,-9.22E-07,-3.13E-15,1.3084365211e-5
0.0805,-4.35E-10,-7.448262216,1.845786521e-11,-9.28E-07,1.845786521e-11,-9.28E-07,-3.13E-15,1.3166142529e-5
0.081,-4.30E-10,-7.401888946,1.838624191e-11,-9.34E-07,1.838624191e-11,-9.34E-07,-3.13E-15,1.3247919848e-5
0.0815,-4.24E-10,-7.356089936,1.831530864e-11,-9.40E-07,1.831530864e-11,-9.40E-07,-3.13E-15,1.3329697167e-5
0.082,-4.19E-10,-7.310854586,1.824503885e-11,-9.45E-07,1.824503885e-11,-9.45E-07,-3.13E-15,1.3411474487e-5
0.0825,-4.14E-10,-7.266172553,1.817540543e-11,-9.51E-07,1.817540543e-11,-9.51E-07,-3.13E-15,1.3493251807e-5
0.083,-4.09E-10,-7.222033746,1.810638437e-11,-9.57E-07,1.810638437e-11,-9.57E-07,-3.13E-15,1.3575029128e-5
0.0835,-4.04E-10,-7.178428318,1.803795057e-11,-9.63E-07,1.803795057e-11,-9.63E-07,-3.13E-15,1.3656806449e-5
0.084,-3.99E-10,-7.135346659,1.797008065e-11,-9.68E-07,1.797008065e-11,-9.68E-07,-3.13E-15,1.3738583771e-5
0.0845,-3.95E-10,-7.092779387,1.790275153e-11,-9.74E-07,1.790275153e-11,-9.74E-07,-3.13E-15,1.3820361094e-5
0.085,-3.90E-10,-7.050717345,1.783594002e-11,-9.80E-07,1.783594002e-11,-9.80E-07,-3.13E-15,1.3902138417e-5
0.0855,-3.85E-10,-7.00915159,1.776962532e-11,-9.86E-07,1.776962532e-11,-9.86E-07,-3.13E-15,1.3983915741e-5
0.086,-3.81E-10,-6.96807339,1.770378548e-11,-9.91E-07,1.770378548e-11,-9.91E-07,-3.13E-15,1.4065693065e-5
0.0865,-3.77E-10,-6.927474217,1.763840003e-11,-9.97E-07,1.763840003e-11,-9.97E-07,-3.13E-15,1.4147470390e-5
0.087,-3.72E-10,-6.887345739,1.757344936e-11,-1.00E-06,1.757344936e-11,-1.00E-06,-3.13E-15,1.4229247715e-5
0.0875,-3.68E-10,-6.847679818,1.750891362e-11,-1.01E-06,1.750891362e-11,-1.01E-06,-3.13E-15,1.4311025042e-5
0.088,-3.64E-10,-6.808468502,1.744477327e-11,-1.01E-06,1.744477327e-11,-1.01E-06,-3.13E-15,1.4392802369e-5
0.0885,-3.60E-10,-6.769704019,1.738101014e-11,-1.02E-06,1.738101014e-11,-1.02E-06,-3.13E-15,1.4474579696e-5
0.089,-3.55E-10,-6.731378774,1.731760785e-11,-1.03E-06,1.731760785e-11,-1.03E-06,-3.13E-15,1.4556357024e-5
0.0895,-3.51E-10,-6.693485345,1.725454627e-11,-1.03E-06,1.725454627e-11,-1.03E-06,-3.13E-15,1.4638134353e-5
0.09,-3.47E-10,-6.656016473,1.719181031e-11,-1.04E-06,1.719181031e-11,-1.04E-06,-3.13E-15,1.4719911682e-5
0.0905,-3.44E-10,-6.618965062,1.712938355e-11,-1.04E-06,1.712938355e-11,-1.04E-06,-3.13E-15,1.4801689012e-5
0.091,-3.40E-10,-6.582324175,1.706724835e-11,-1.05E-06,1.706724835e-11,-1.05E-06,-3.13E-15,1.4883466343e-5
0.0915,-3.36E-10,-6.546087026,1.700539055e-11,-1.05E-06,1.700539055e-11,-1.05E-06,-3.13E-15,1.4965243674e-5
0.092,-3.33E-10,-6.510246978,1.694379506e-11,-1.06E-06,1.694379506e-11,-1.06E-06,-3.13E-15,1.5047021006e-5
0.0925,-3.29E-10,-6.474797539,1.688244550e-11,-1.07E-06,1.688244550e-11,-1.07E-06,-3.13E-15,1.5128798338e-5
0.093,-3.25E-10,-6.439732358,1.682132946e-11,-1.07E-06,1.682132946e-11,-1.07E-06,-3.13E-15,1.5210575672e-5
0.0935,-3.22E-10,-6.40504522,1.676043127e-11,-1.08E-06,1.676043127e-11,-1.08E-06,-3.13E-15,1.5292353005e-5
0.094,-3.18E-10,-6.370730044,1.669973845e-11,-1.08E-06,1.669973845e-11,-1.08E-06,-3.13E-15,1.5374130340e-5
0.0945,-3.15E-10,-6.336780879,1.663923805e-11,-1.09E-06,1.663923805e-11,-1.09E-06,-3.13E-15,1.5455907675e-5
0.095,-3.12E-10,-6.303191899,1.657891645e-11,-1.10E-06,1.657891645e-11,-1.10E-06,-3.13E-15,1.5537685011e-5
0.0955,-3.08E-10,-6.269957403,1.651876020e-11,-1.10E-06,1.651876020e-11,-1.10E-06,-3.13E-15,1.5619462348e-5
0.096,-3.05E-10,-6.237071808,1.645875990e-11,-1.11E-06,1.645875990e-11,-1.11E-06,-3.13E-15,1.5701239685e-5
0.0965,-3.02E-10,-6.204529649,1.639890217e-11,-1.11E-06,1.639890217e-11,-1.11E-06,-3.13E-15,1.5783017023e-5
0.097,-2.99E-10,-6.172325572,1.633917489e-11,-1.12E-06,1.633917489e-11,-1.12E-06,-3.13E-15,1.5864794361e-5
0.0975,-2.96E-10,-6.140454337,1.627956682e-11,-1.12E-06,1.627956682e-11,-1.12E-06,-3.13E-15,1.5946571701e-5
0.098,-2.93E-10,-6.10891081,1.622006919e-11,-1.13E-06,1.622006919e-11,-1.13E-06,-3.13E-15,1.6028349040e-5
0.0985,-2.90E-10,-6.077689961,1.616066933e-11,-1.14E-06,1.616066933e-11,-1.14E-06,-3.13E-15,1.6110126381e-5
0.099,-2.87E-10,-6.046786865,1.610135784e-11,-1.14E-06,1.610135784e-11,-1.14E-06,-3.13E-15,1.6191903722e-5
0.0995,-2.84E-10,-6.016196695,1.604212455e-11,-1.15E-06,1.604212455e-11,-1.15E-06,-3.13E-15,1.6273681065e-5
0.1,-2.81E-10,-5.985914721,1.598295948e-11,-1.15E-06,1.598295948e-11,-1.15E-06,-3.13E-15,1.6355458407e-5
0.1005,-2.78E-10,-5.95593631,1.592385374e-11,-1.16E-06,1.592385374e-11,-1.16E-06,-3.13E-15,1.6437235751e-5
0.101,-2.75E-10,-5.926256918,1.586479747e-11,-1.16E-06,1.586479747e-11,-1.16E-06,-3.13E-15,1.6519013095e-5
0.1015,-2.73E-10,-5.896872095,1.580578300e-11,-1.17E-06,1.580578300e-11,-1.17E-06,-3.13E-15,1.6600790440e-5
0.102,-2.70E-10,-5.867777475,1.574680093e-11,-1.18E-06,1.574680093e-11,-1.18E-06,-3.13E-15,1.6682567785e-5
0.1025,-2.67E-10,-5.838968782,1.568784158e-11,-1.18E-06,1.568784158e-11,-1.18E-06,-3.13E-15,1.6764345132e-5
0.103,-2.65E-10,-5.810441819,1.562889907e-11,-1.19E-06,1.562889907e-11,-1.19E-06,-3.13E-15,1.6846122479e-5
0.1035,-2.62E-10,-5.782192476,1.556996422e-11,-1.19E-06,1.556996422e-11,-1.19E-06,-3.13E-15,1.6927899827e-5
0.104,-2.60E-10,-5.754216717,1.551102846e-11,-1.20E-06,1.551102846e-11,-1.20E-06,-3.13E-15,1.7009677175e-5
0.1045,-2.57E-10,-5.726510589,1.545208531e-11,-1.20E-06,1.545208531e-11,-1.20E-06,-3.13E-15,1.7091454524e-5
0.105,-2.55E-10,-5.699070211,1.539312732e-11,-1.21E-06,1.539312732e-11,-1.21E-06,-3.13E-15,1.7173231874e-5
0.1055,-2.52E-10,-5.671891777,1.533414844e-11,-1.22E-06,1.533414844e-11,-1.22E-06,-3.13E-15,1.7255009225e-5
0.106,-2.50E-10,-5.644971556,1.527514060e-11,-1.22E-06,1.527514060e-11,-1.22E-06,-3.13E-15,1.7336786576e-5
0.1065,-2.48E-10,-5.618305883,1.521609725e-11,-1.23E-06,1.521609725e-11,-1.23E-06,-3.13E-15,1.7418563929e-5
0.107,-2.45E-10,-5.591891166,1.515701165e-11,-1.23E-06,1.515701165e-11,-1.23E-06,-3.13E-15,1.7500341282e-5
0.1075,-2.43E-10,-5.565723878,1.509787822e-11,-1.24E-06,1.509787822e-11,-1.24E-06,-3.13E-15,1.7582118635e-5
0.108,-2.41E-10,-5.539800559,1.503869028e-11,-1.25E-06,1.503869028e-11,-1.25E-06,-3.13E-15,1.7663895990e-5
0.1085,-2.39E-10,-5.514117812,1.497944302e-11,-1.25E-06,1.497944302e-11,-1.25E-06,-3.13E-15,1.7745673345e-5
0.109,-2.36E-10,-5.488672304,1.492012838e-11,-1.26E-06,1.492012838e-11,-1.26E-06,-3.13E-15,1.7827450701e-5
0.1095,-2.34E-10,-5.463460762,1.486074264e-11,-1.26E-06,1.486074264e-11,-1.26E-06,-3.13E-15,1.7909228058e-5
0.11,-2.32E-10,-5.438479974,1.480128109e-11,-1.27E-06,1.480128109e-11,-1.27E-06,-3.13E-15,1.7991005416e-5
0.1105,-2.30E-10,-5.413726787,1.474173609e-11,-1.27E-06,1.474173609e-11,-1.27E-06,-3.13E-15,1.8072782774e-5
0.111,-2.28E-10,-5.389198103,1.468210447e-11,-1.28E-06,1.468210447e-11,-1.28E-06,-3.13E-15,1.8154560133e-5
0.1115,-2.26E-10,-5.364890882,1.462238041e-11,-1.29E-06,1.462238041e-11,-1.29E-06,-3.13E-15,1.8236337493e-5
0.112,-2.24E-10,-5.340802139,1.456255956e-11,-1.29E-06,1.456255956e-11,-1.29E-06,-3.13E-15,1.8318114854e-5
0.1125,-2.22E-10,-5.316928939,1.450263711e-11,-1.30E-06,1.450263711e-11,-1.30E-06,-3.13E-15,1.8399892215e-5
0.113,-2.20E-10,-5.293268404,1.444260878e-11,-1.30E-06,1.444260878e-11,-1.30E-06,-3.13E-15,1.8481669578e-5
0.1135,-2.18E-10,-5.269817704,1.438246932e-11,-1.31E-06,1.438246932e-11,-1.31E-06,-3.13E-15,1.8563446941e-5
0.114,-2.16E-10,-5.24657406,1.432221609e-11,-1.31E-06,1.432221609e-11,-1.31E-06,-3.13E-15,1.8645224305e-5
0.1145,-2.14E-10,-5.22353474,1.426184400e-11,-1.32E-06,1.426184400e-11,-1.32E-06,-3.13E-15,1.8727001670e-5
0.115,-2.12E-10,-5.200697064,1.420134985e-11,-1.33E-06,1.420134985e-11,-1.33E-06,-3.13E-15,1.8808779035e-5
0.1155,-2.10E-10,-5.178058394,1.414072895e-11,-1.33E-06,1.414072895e-11,-1.33E-06,-3.13E-15,1.8890556401e-5
0.116,-2.09E-10,-5.15561614,1.407997771e-11,-1.34E-06,1.407997771e-11,-1.34E-06,-3.13E-15,1.8972333769e-5
0.1165,-2.07E-10,-5.133367758,1.401909383e-11,-1.34E-06,1.401909383e-11,-1.34E-06,-3.13E-15,1.9054111137e-5
0.117,-2.05E-10,-5.111310746,1.395807230e-11,-1.35E-06,1.395807230e-11,-1.35E-06,-3.13E-15,1.9135888506e-5
0.1175,-2.03E-10,-5.089442645,1.389691123e-11,-1.35E-06,1.389691123e-11,-1.35E-06,-3.13E-15,1.9217665875e-5
0.118,-2.01E-10,-5.067761038,1.383560629e-11,-1.36E-06,1.383560629e-11,-1.36E-06,-3.13E-15,1.9299443246e-5
0.1185,-2.00E-10,-5.04626355,1.377415457e-11,-1.37E-06,1.377415457e-11,-1.37E-06,-3.13E-15,1.9381220617e-5
0.119,-1.98E-10,-5.024947844,1.371255415e-11,-1.37E-06,1.371255415e-11,-1.37E-06,-3.13E-15,1.9462997989e-5
0.1195,-1.97E-10,-5.003811626,1.365080112e-11,-1.38E-06,1.365080112e-11,-1.38E-06,-3.13E-15,1.9544775362e-5
0.12,-1.95E-10,-4.982852636,1.358889310e-11,-1.38E-06,1.358889310e-11,-1.38E-06,-3.13E-15,1.9626552736e-5
0.1205,-1.93E-10,-4.962068656,1.352682790e-11,-1.39E-06,1.352682790e-11,-1.39E-06,-3.13E-15,1.9708330111e-5
0.121,-1.92E-10,-4.941457502,1.346460118e-11,-1.40E-06,1.346460118e-11,-1.40E-06,-3.13E-15,1.9790107486e-5
0.1215,-1.90E-10,-4.921017026,1.340221289e-11,-1.40E-06,1.340221289e-11,-1.40E-06,-3.13E-15,1.9871884863e-5
0.122,-1.88E-10,-4.900745119,1.333965919e-11,-1.41E-06,1.333965919e-11,-1.41E-06,-3.13E-15,1.9953662240e-5
0.1225,-1.87E-10,-4.880639702,1.327693866e-11,-1.41E-06,1.327693866e-11,-1.41E-06,-3.13E-15,2.0035439618e-5
0.123,-1.85E-10,-4.860698734,1.321404811e-11,-1.42E-06,1.321404811e-11,-1.42E-06,-3.13E-15,2.0117216997e-5
0.1235,-1.84E-10,-4.840920203,1.315098657e-11,-1.42E-06,1.315098657e-11,-1.42E-06,-3.13E-15,2.0198994377e-5
0.124,-1.82E-10,-4.821302135,1.308775194e-11,-1.43E-06,1.308775194e-11,-1.43E-06,-3.13E-15,2.0280771758e-5
0.1245,-1.81E-10,-4.801842583,1.302434139e-11,-1.44E-06,1.302434139e-11,-1.44E-06,-3.13E-15,2.0362549140e-5
0.125,-1.79E-10,-4.782539633,1.296075392e-11,-1.44E-06,1.296075392e-11,-1.44E-06,-3.13E-15,2.0444326522e-5
0.1255,-1.78E-10,-4.763391404,1.289698731e-11,-1.45E-06,1.289698731e-11,-1.45E-06,-3.13E-15,2.0526103906e-5
0.126,-1.77E-10,-4.744396042,1.283304064e-11,-1.45E-06,1.283304064e-11,-1.45E-06,-3.13E-15,2.0607881290e-5
0.1265,-1.75E-10,-4.725551723,1.276891223e-11,-1.46E-06,1.276891223e-11,-1.46E-06,-3.13E-15,2.0689658675e-5
0.127,-1.74E-10,-4.706856653,1.270459989e-11,-1.46E-06,1.270459989e-11,-1.46E-06,-3.13E-15,2.0771436061e-5
0.1275,-1.72E-10,-4.688309065,1.264010290e-11,-1.47E-06,1.264010290e-11,-1.47E-06,-3.13E-15,2.0853213449e-5
0.128,-1.71E-10,-4.669907222,1.257541896e-11,-1.48E-06,1.257541896e-11,-1.48E-06,-3.13E-15,2.0934990836e-5
0.1285,-1.70E-10,-4.651649412,1.251054880e-11,-1.48E-06,1.251054880e-11,-1.48E-06,-3.13E-15,2.1016768225e-5
0.129,-1.68E-10,-4.633533949,1.244548894e-11,-1.49E-06,1.244548894e-11,-1.49E-06,-3.13E-15,2.1098545615e-5
0.1295,-1.67E-10,-4.615559177,1.238023964e-11,-1.49E-06,1.238023964e-11,-1.49E-06,-3.13E-15,2.1180323006e-5
0.13,-1.66E-10,-4.597723462,1.231479997e-11,-1.50E-06,1.231479997e-11,-1.50E-06,-3.13E-15,2.1262100397e-5
0.1305,-1.65E-10,-4.580025196,1.224916808e-11,-1.50E-06,1.224916808e-11,-1.50E-06,-3.13E-15,2.1343877790e-5
0.131,-1.63E-10,-4.562462797,1.218334326e-11,-1.51E-06,1.218334326e-11,-1.51E-06,-3.13E-15,2.1425655183e-5
0.1315,-1.62E-10,-4.545034706,1.211732479e-11,-1.52E-06,1.211732479e-11,-1.52E-06,-3.13E-15,2.1507432578e-5
0.132,-1.61E-10,-4.527739388,1.205111240e-11,-1.52E-06,1.205111240e-11,-1.52E-06,-3.13E-15,2.1589209973e-5
0.1325,-1.60E-10,-4.510575331,1.198470463e-11,-1.53E-06,1.198470463e-11,-1.53E-06,-3.13E-15,2.1670987369e-5
0.133,-1.58E-10,-4.493541046,1.191810125e-11,-1.53E-06,1.191810125e-11,-1.53E-06,-3.13E-15,2.1752764766e-5
0.1335,-1.57E-10,-4.476635068,1.185130131e-11,-1.54E-06,1.185130131e-11,-1.54E-06,-3.13E-15,2.1834542165e-5
0.134,-1.56E-10,-4.459855951,1.178430525e-11,-1.55E-06,1.178430525e-11,-1.55E-06,-3.13E-15,2.1916319564e-5
0.1345,-1.55E-10,-4.443202274,1.171711125e-11,-1.55E-06,1.171711125e-11,-1.55E-06,-3.13E-15,2.1998096964e-5
0.135,-1.54E-10,-4.426672634,1.164971966e-11,-1.56E-06,1.164971966e-11,-1.56E-06,-3.13E-15,2.2079874365e-5
0.1355,-1.53E-10,-4.41026565,1.158212971e-11,-1.56E-06,1.158212971e-11,-1.56E-06,-3.13E-15,2.2161651767e-5
0.136,-1.51E-10,-4.393979964,1.151434081e-11,-1.57E-06,1.151434081e-11,-1.57E-06,-3.13E-15,2.2243429170e-5
0.1365,-1.50E-10,-4.377814233,1.144635403e-11,-1.57E-06,1.144635403e-11,-1.57E-06,-3.13E-15,2.2325206574e-5
0.137,-1.49E-10,-4.361767138,1.137816777e-11,-1.58E-06,1.137816777e-11,-1.58E-06,-3.13E-15,2.2406983978e-5
0.1375,-1.48E-10,-4.345837377,1.130978216e-11,-1.59E-06,1.130978216e-11,-1.59E-06,-3.13E-15,2.2488761384e-5
0.138,-1.47E-10,-4.330023668,1.124119732e-11,-1.59E-06,1.124119732e-11,-1.59E-06,-3.13E-15,2.2570538791e-5
0.1385,-1.46E-10,-4.314324747,1.117241317e-11,-1.60E-06,1.117241317e-11,-1.60E-06,-3.13E-15,2.2652316199e-5
0.139,-1.45E-10,-4.298739368,1.110343004e-11,-1.60E-06,1.110343004e-11,-1.60E-06,-3.13E-15,2.2734093608e-5
0.1395,-1.44E-10,-4.283266305,1.103424650e-11,-1.61E-06,1.103424650e-11,-1.61E-06,-3.13E-15,2.2815871017e-5
0.14,-1.43E-10,-4.267904348,1.096486451e-11,-1.61E-06,1.096486451e-11,-1.61E-06,-3.13E-15,2.2897648428e-5
0.1405,-1.42E-10,-4.252652303,1.089528253e-11,-1.62E-06,1.089528253e-11,-1.62E-06,-3.13E-15,2.2979425840e-5
0.141,-1.41E-10,-4.237508995,1.082550253e-11,-1.63E-06,1.082550253e-11,-1.63E-06,-3.13E-15,2.3061203253e-5
0.1415,-1.40E-10,-4.222473266,1.075552328e-11,-1.63E-06,1.075552328e-11,-1.63E-06,-3.13E-15,2.3142980666e-5
0.142,-1.39E-10,-4.207543973,1.068534502e-11,-1.64E-06,1.068534502e-11,-1.64E-06,-3.13E-15,2.3224758081e-5
0.1425,-1.38E-10,-4.192719989,1.061496851e-11,-1.64E-06,1.061496851e-11,-1.64E-06,-3.13E-15,2.3306535497e-5
0.143,-1.37E-10,-4.178000205,1.054439345e-11,-1.65E-06,1.054439345e-11,-1.65E-06,-3.13E-15,2.3388312914e-5
0.1435,-1.36E-10,-4.163383525,1.047362165e-11,-1.65E-06,1.047362165e-11,-1.65E-06,-3.13E-15,2.3470090332e-5
0.144,-1.35E-10,-4.14886887,1.040265173e-11,-1.66E-06,1.040265173e-11,-1.66E-06,-3.13E-15,2.3551867750e-5
0.1445,-1.34E-10,-4.134455175,1.033148573e-11,-1.67E-06,1.033148573e-11,-1.67E-06,-3.13E-15,2.3633645170e-5
0.145,-1.33E-10,-4.12014139,1.026012228e-11,-1.67E-06,1.026012228e-11,-1.67E-06,-3.13E-15,2.3715422591e-5
0.1455,-1.32E-10,-4.10592648,1.018856348e-11,-1.68E-06,1.018856348e-11,-1.68E-06,-3.13E-15,2.3797200013e-5
0.146,-1.31E-10,-4.091809424,1.011680938e-11,-1.68E-06,1.011680938e-11,-1.68E-06,-3.13E-15,2.3878977436e-5
0.1465,-1.30E-10,-4.077789215,1.004486005e-11,-1.69E-06,1.004486005e-11,-1.69E-06,-3.13E-15,2.3960754860e-5
0.147,-1.30E-10,-4.063864859,9.972717362e-12,-1.69E-06,9.972717362e-12,-1.69E-06,-3.13E-15,2.4042532285e-5
0.1475,-1.29E-10,-4.050035377,9.900380415e-12,-1.70E-06,9.900380415e-12,-1.70E-06,-3.13E-15,2.4124309711e-5
0.148,-1.28E-10,-4.036299802,9.827850234e-12,-1.71E-06,9.827850234e-12,-1.71E-06,-3.13E-15,2.4206087138e-5
0.1485,-1.27E-10,-4.022657181,9.755128363e-12,-1.71E-06,9.755128363e-12,-1.71E-06,-3.13E-15,2.4287864566e-5
0.149,-1.26E-10,-4.009106573,9.682215315e-12,-1.72E-06,9.682215315e-12,-1.72E-06,-3.13E-15,2.4369641996e-5
0.1495,-1.25E-10,-3.995647051,9.609111011e-12,-1.72E-06,9.609111011e-12,-1.72E-06,-3.13E-15,2.4451419426e-5
0.15,-1.24E-10,-3.982277699,9.535817323e-12,-1.73E-06,9.535817323e-12,-1.73E-06,-3.13E-15,2.4533196857e-5
0.1505,-1.24E-10,-3.968997614,9.462334400e-12,-1.74E-06,9.462334400e-12,-1.74E-06,-3.13E-15,2.4614974290e-5
0.151,-1.23E-10,-3.955805904,9.388663000e-12,-1.74E-06,9.388663000e-12,-1.74E-06,-3.13E-15,2.4696751723e-5
0.1515,-1.22E-10,-3.942701691,9.314804192e-12,-1.75E-06,9.314804192e-12,-1.75E-06,-3.13E-15,2.4778529158e-5
0.152,-1.21E-10,-3.929684106,9.240759005e-12,-1.75E-06,9.240759005e-12,-1.75E-06,-3.13E-15,2.4860306594e-5
0.1525,-1.20E-10,-3.916752294,9.166528562e-12,-1.76E-06,9.166528562e-12,-1.76E-06,-3.13E-15,2.4942084030e-5
0.153,-1.20E-10,-3.903905409,9.092113032e-12,-1.76E-06,9.092113032e-12,-1.76E-06,-3.13E-15,2.5023861468e-5
0.1535,-1.19E-10,-3.891142617,9.017514066e-12,-1.77E-06,9.017514066e-12,-1.77E-06,-3.13E-15,2.5105638907e-5
0.154,-1.18E-10,-3.878463095,8.942733017e-12,-1.78E-06,8.942733017e-12,-1.78E-06,-3.13E-15,2.5187416347e-5
0.1545,-1.17E-10,-3.865866031,8.867770268e-12,-1.78E-06,8.867770268e-12,-1.78E-06,-3.13E-15,2.5269193788e-5
0.155,-1.17E-10,-3.853350623,8.792626564e-12,-1.79E-06,8.792626564e-12,-1.79E-06,-3.13E-15,2.5350971230e-5
0.1555,-1.16E-10,-3.840916079,8.717304047e-12,-1.79E-06,8.717304047e-12,-1.79E-06,-3.13E-15,2.5432748674e-5
0.156,-1.15E-10,-3.828561619,8.641803392e-12,-1.80E-06,8.641803392e-12,-1.80E-06,-3.13E-15,2.5514526118e-5
0.1565,-1.14E-10,-3.81628647,8.566125296e-12,-1.80E-06,8.566125296e-12,-1.80E-06,-3.13E-15,2.5596303564e-5
0.157,-1.13E-10,-3.804089872,8.490271016e-12,-1.81E-06,8.490271016e-12,-1.81E-06,-3.13E-15,2.5678081010e-5
0.1575,-1.13E-10,-3.791971072,8.414242008e-12,-1.82E-06,8.414242008e-12,-1.82E-06,-3.13E-15,2.5759858458e-5
0.158,-1.12E-10,-3.77992933,8.338039402e-12,-1.82E-06,8.338039402e-12,-1.82E-06,-3.13E-15,2.5841635907e-5
0.1585,-1.11E-10,-3.767963911,8.261664822e-12,-1.83E-06,8.261664822e-12,-1.83E-06,-3.13E-15,2.5923413357e-5
0.159,-1.11E-10,-3.756074092,8.185118867e-12,-1.83E-06,8.185118867e-12,-1.83E-06,-3.13E-15,2.6005190808e-5
0.1595,-1.10E-10,-3.74425916,8.108402902e-12,-1.84E-06,8.108402902e-12,-1.84E-06,-3.13E-15,2.6086968260e-5
0.16,-1.09E-10,-3.732518409,8.031518370e-12,-1.84E-06,8.031518370e-12,-1.84E-06,-3.13E-15,2.6168745714e-5
0.1605,-1.09E-10,-3.720851142,7.954466407e-12,-1.85E-06,7.954466407e-12,-1.85E-06,-3.13E-15,2.6250523168e-5
0.161,-1.08E-10,-3.709256671,7.877248791e-12,-1.86E-06,7.877248791e-12,-1.86E-06,-3.13E-15,2.6332300624e-5
0.1615,-1.07E-10,-3.697734318,7.799865878e-12,-1.86E-06,7.799865878e-12,-1.86E-06,-3.13E-15,2.6414078081e-5
0.162,-1.07E-10,-3.68628341,7.722320096e-12,-1.87E-06,7.722320096e-12,-1.87E-06,-3.13E-15,2.6495855539e-5
0.1625,-1.06E-10,-3.674903287,7.644612748e-12,-1.87E-06,7.644612748e-12,-1.87E-06,-3.13E-15,2.6577632998e-5
0.163,-1.05E-10,-3.663593293,7.566744414e-12,-1.88E-06,7.566744414e-12,-1.88E-06,-3.13E-15,2.6659410458e-5
0.1635,-1.05E-10,-3.652352781,7.488716394e-12,-1.89E-06,7.488716394e-12,-1.89E-06,-3.13E-15,2.6741187920e-5
0.164,-1.04E-10,-3.641181115,7.410531426e-12,-1.89E-06,7.410531426e-12,-1.89E-06,-3.13E-15,2.6822965382e-5
0.1645,-1.03E-10,-3.630077662,7.332189553e-12,-1.90E-06,7.332189553e-12,-1.90E-06,-3.13E-15,2.6904742846e-5
0.165,-1.03E-10,-3.6190418,7.253693463e-12,-1.90E-06,7.253693463e-12,-1.90E-06,-3.13E-15,2.6986520311e-5
0.1655,-1.02E-10,-3.608072914,7.175043641e-12,-1.91E-06,7.175043641e-12,-1.91E-06,-3.13E-15,2.7068297777e-5
0.166,-1.02E-10,-3.597170395,7.096242337e-12,-1.91E-06,7.096242337e-12,-1.91E-06,-3.13E-15,2.7150075245e-5
0.1665,-1.01E-10,-3.586333643,7.017290197e-12,-1.92E-06,7.017290197e-12,-1.92E-06,-3.13E-15,2.7231852713e-5
0.167,-1.00E-10,-3.575562065,6.938189471e-12,-1.93E-06,6.938189471e-12,-1.93E-06,-3.13E-15,2.7313630183e-5
0.1675,-9.97E-11,-3.564855075,6.858942066e-12,-1.93E-06,6.858942066e-12,-1.93E-06,-3.13E-15,2.7395407654e-5
0.168,-9.91E-11,-3.554212092,6.779547572e-12,-1.94E-06,6.779547572e-12,-1.94E-06,-3.13E-15,2.7477185126e-5
0.1685,-9.85E-11,-3.543632545,6.700009077e-12,-1.94E-06,6.700009077e-12,-1.94E-06,-3.13E-15,2.7558962599e-5
0.169,-9.79E-11,-3.533115868,6.620328388e-12,-1.95E-06,6.620328388e-12,-1.95E-06,-3.13E-15,2.7640740073e-5
0.1695,-9.74E-11,-3.522661503,6.540506638e-12,-1.95E-06,6.540506638e-12,-1.95E-06,-3.13E-15,2.7722517549e-5
0.17,-9.68E-11,-3.512268897,6.460545404e-12,-1.96E-06,6.460545404e-12,-1.96E-06,-3.13E-15,2.7804295026e-5
0.1705,-9.62E-11,-3.501937504,6.380445938e-12,-1.97E-06,6.380445938e-12,-1.97E-06,-3.13E-15,2.7886072504e-5
0.171,-9.56E-11,-3.491666785,6.300210306e-12,-1.97E-06,6.300210306e-12,-1.97E-06,-3.13E-15,2.7967849983e-5
0.1715,-9.51E-11,-3.481456207,6.219840381e-12,-1.98E-06,6.219840381e-12,-1.98E-06,-3.13E-15,2.8049627464e-5
0.172,-9.45E-11,-3.471305243,6.139337661e-12,-1.98E-06,6.139337661e-12,-1.98E-06,-3.13E-15,2.8131404946e-5
0.1725,-9.40E-11,-3.461213373,6.058702854e-12,-1.99E-06,6.058702854e-12,-1.99E-06,-3.13E-15,2.8213182429e-5
0.173,-9.34E-11,-3.451180082,5.977939162e-12,-1.99E-06,5.977939162e-12,-1.99E-06,-3.13E-15,2.8294959913e-5
0.1735,-9.29E-11,-3.441204861,5.897047031e-12,-2.00E-06,5.897047031e-12,-2.00E-06,-3.13E-15,2.8376737398e-5
0.174,-9.23E-11,-3.431287208,5.816029173e-12,-2.01E-06,5.816029173e-12,-2.01E-06,-3.13E-15,2.8458514885e-5
0.1745,-9.18E-11,-3.421426626,5.734884967e-12,-2.01E-06,5.734884967e-12,-2.01E-06,-3.13E-15,2.8540292373e-5
0.175,-9.13E-11,-3.411622622,5.653619885e-12,-2.02E-06,5.653619885e-12,-2.02E-06,-3.13E-15,2.8622069862e-5
0.1755,-9.08E-11,-3.401874713,5.572233258e-12,-2.02E-06,5.572233258e-12,-2.02E-06,-3.13E-15,2.8703847353e-5
0.176,-9.03E-11,-3.392182417,5.490726423e-12,-2.03E-06,5.490726423e-12,-2.03E-06,-3.13E-15,2.8785624844e-5
0.1765,-8.98E-11,-3.382545259,5.409102474e-12,-2.04E-06,5.409102474e-12,-2.04E-06,-3.13E-15,2.8867402337e-5
0.177,-8.92E-11,-3.372962772,5.327363151e-12,-2.04E-06,5.327363151e-12,-2.04E-06,-3.13E-15,2.8949179831e-5
0.1775,-8.88E-11,-3.36343449,5.245508656e-12,-2.05E-06,5.245508656e-12,-2.05E-06,-3.13E-15,2.9030957327e-5
0.178,-8.83E-11,-3.353959955,5.163542330e-12,-2.05E-06,5.163542330e-12,-2.05E-06,-3.13E-15,2.9112734823e-5
0.1785,-8.78E-11,-3.344538713,5.081465180e-12,-2.06E-06,5.081465180e-12,-2.06E-06,-3.13E-15,2.9194512321e-5
0.179,-8.73E-11,-3.335170316,4.999278894e-12,-2.06E-06,4.999278894e-12,-2.06E-06,-3.13E-15,2.9276289821e-5
0.1795,-8.67E-11,-3.325854321,4.916985863e-12,-2.07E-06,4.916985863e-12,-2.07E-06,-3.13E-15,2.9358067321e-5
0.18,-8.63E-11,-3.316590288,4.834587505e-12,-2.08E-06,4.834587505e-12,-2.08E-06,-3.13E-15,2.9439844823e-5
0.1805,-8.58E-11,-3.307377785,4.752085493e-12,-2.08E-06,4.752085493e-12,-2.08E-06,-3.13E-15,2.9521622326e-5
0.181,-8.53E-11,-3.298216383,4.669482552e-12,-2.09E-06,4.669482552e-12,-2.09E-06,-3.13E-15,2.9603399830e-5
0.1815,-8.49E-11,-3.289105657,4.586779048e-12,-2.09E-06,4.586779048e-12,-2.09E-06,-3.13E-15,2.9685177336e-5
0.182,-8.44E-11,-3.280045187,4.503977405e-12,-2.10E-06,4.503977405e-12,-2.10E-06,-3.13E-15,2.9766954843e-5
0.1825,-8.39E-11,-3.27103456,4.421080717e-12,-2.10E-06,4.421080717e-12,-2.10E-06,-3.13E-15,2.9848732351e-5
0.183,-8.35E-11,-3.262073366,4.338088641e-12,-2.11E-06,4.338088641e-12,-2.11E-06,-3.13E-15,2.9930509861e-5
0.1835,-8.30E-11,-3.253161197,4.255004842e-12,-2.12E-06,4.255004842e-12,-2.12E-06,-3.13E-15,3.0012287372e-5
0.184,-8.26E-11,-3.244297653,4.171829660e-12,-2.12E-06,4.171829660e-12,-2.12E-06,-3.13E-15,3.0094064884e-5
0.1845,-8.21E-11,-3.235482338,4.088565984e-12,-2.13E-06,4.088565984e-12,-2.13E-06,-3.13E-15,3.0175842397e-5
0.185,-8.17E-11,-3.226714858,4.005215191e-12,-2.13E-06,4.005215191e-12,-2.13E-06,-3.13E-15,3.0257619912e-5
0.1855,-8.12E-11,-3.217994825,3.921780351e-12,-2.14E-06,3.921780351e-12,-2.14E-06,-3.13E-15,3.0339397428e-5
0.186,-8.08E-11,-3.209321854,3.838261816e-12,-2.14E-06,3.838261816e-12,-2.14E-06,-3.13E-15,3.0421174946e-5
0.1865,-8.04E-11,-3.200695567,3.754662511e-12,-2.15E-06,3.754662511e-12,-2.15E-06,-3.13E-15,3.0502952465e-5
0.187,-8.00E-11,-3.192115586,3.670983024e-12,-2.16E-06,3.670983024e-12,-2.16E-06,-3.13E-15,3.0584729985e-5
0.1875,-7.95E-11,-3.183581541,3.587226625e-12,-2.16E-06,3.587226625e-12,-2.16E-06,-3.13E-15,3.0666507506e-5
0.188,-7.91E-11,-3.175093062,3.503393892e-12,-2.17E-06,3.503393892e-12,-2.17E-06,-3.13E-15,3.0748285029e-5
0.1885,-7.87E-11,-3.166649786,3.419488710e-12,-2.17E-06,3.419488710e-12,-2.17E-06,-3.13E-15,3.0830062553e-5
0.189,-7.83E-11,-3.158251353,3.335511376e-12,-2.18E-06,3.335511376e-12,-2.18E-06,-3.13E-15,3.0911840078e-5
0.1895,-7.78E-11,-3.149897406,3.251464154e-12,-2.19E-06,3.251464154e-12,-2.19E-06,-3.13E-15,3.0993617605e-5
0.19,-7.74E-11,-3.141587593,3.167348780e-12,-2.19E-06,3.167348780e-12,-2.19E-06,-3.13E-15,3.1075395133e-5
0.1905,-7.70E-11,-3.133321564,3.083168053e-12,-2.20E-06,3.083168053e-12,-2.20E-06,-3.13E-15,3.1157172663e-5
0.191,-7.66E-11,-3.125098976,2.998922556e-12,-2.20E-06,2.998922556e-12,-2.20E-06,-3.13E-15,3.1238950194e-5
0.1915,-7.62E-11,-3.116919485,2.914615437e-12,-2.21E-06,2.914615437e-12,-2.21E-06,-3.13E-15,3.1320727726e-5
0.192,-7.58E-11,-3.108782754,2.830248127e-12,-2.21E-06,2.830248127e-12,-2.21E-06,-3.13E-15,3.1402505260e-5
0.1925,-7.54E-11,-3.100688449,2.745822355e-12,-2.22E-06,2.745822355e-12,-2.22E-06,-3.13E-15,3.1484282795e-5
0.193,-7.50E-11,-3.092636239,2.661340356e-12,-2.23E-06,2.661340356e-12,-2.23E-06,-3.13E-15,3.1566060331e-5
0.1935,-7.46E-11,-3.084625795,2.576803660e-12,-2.23E-06,2.576803660e-12,-2.23E-06,-3.13E-15,3.1647837869e-5
0.194,-7.43E-11,-3.076656794,2.492215584e-12,-2.24E-06,2.492215584e-12,-2.24E-06,-3.13E-15,3.1729615408e-5
0.1945,-7.39E-11,-3.068728915,2.407576833e-12,-2.24E-06,2.407576833e-12,-2.24E-06,-3.13E-15,3.1811392948e-5
0.195,-7.35E-11,-3.06084184,2.322889496e-12,-2.25E-06,2.322889496e-12,-2.25E-06,-3.13E-15,3.1893170490e-5
0.1955,-7.31E-11,-3.052995255,2.238154850e-12,-2.25E-06,2.238154850e-12,-2.25E-06,-3.13E-15,3.1974948033e-5
0.196,-7.28E-11,-3.045188849,2.153375722e-12,-2.26E-06,2.153375722e-12,-2.26E-06,-3.13E-15,3.2056725578e-5
0.1965,-7.24E-11,-3.037422314,2.068554938e-12,-2.27E-06,2.068554938e-12,-2.27E-06,-3.13E-15,3.2138503124e-5
0.197,-7.20E-11,-3.029695346,1.983693064e-12,-2.27E-06,1.983693064e-12,-2.27E-06,-3.13E-15,3.2220280672e-5
0.1975,-7.16E-11,-3.022007642,1.898793047e-12,-2.28E-06,1.898793047e-12,-2.28E-06,-3.13E-15,3.2302058221e-5
0.198,-7.13E-11,-3.014358905,1.813855715e-12,-2.28E-06,1.813855715e-12,-2.28E-06,-3.13E-15,3.2383835771e-5
0.1985,-7.09E-11,-3.006748838,1.728884035e-12,-2.29E-06,1.728884035e-12,-2.29E-06,-3.13E-15,3.2465613323e-5
0.199,-7.06E-11,-2.999177149,1.643879596e-12,-2.29E-06,1.643879596e-12,-2.29E-06,-3.14E-15,3.2547390876e-5
0.1995,-7.02E-11,-2.991643548,1.558844311e-12,-2.30E-06,1.558844311e-12,-2.30E-06,-3.13E-15,3.2629168430e-5
0.2,-6.98E-11,-2.984147749,1.473780979e-12,-2.31E-06,1.473780979e-12,-2.31E-06,-3.13E-15,3.2710945986e-5
0.2005,-6.95E-11,-2.976689467,1.388689471e-12,-2.31E-06,1.388689471e-12,-2.31E-06,-3.14E-15,3.2792723544e-5
0.201,-6.92E-11,-2.969268422,1.303574049e-12,-2.32E-06,1.303574049e-12,-2.32E-06,-3.14E-15,3.2874501102e-5
0.2015,-6.88E-11,-2.961884336,1.218436209e-12,-2.32E-06,1.218436209e-12,-2.32E-06,-3.13E-15,3.2956278663e-5
0.202,-6.85E-11,-2.954536932,1.133276860e-12,-2.33E-06,1.133276860e-12,-2.33E-06,-3.14E-15,3.3038056224e-5
0.2025,-6.81E-11,-2.947225939,1.048099430e-12,-2.33E-06,1.048099430e-12,-2.33E-06,-3.14E-15,3.3119833787e-5
0.203,-6.78E-11,-2.939951086,9.629046679e-13,-2.34E-06,9.629046679e-13,-2.34E-06,-3.14E-15,3.3201611352e-5
0.2035,-6.75E-11,-2.932712105,8.776948983e-13,-2.35E-06,8.776948983e-13,-2.35E-06,-3.14E-15,3.3283388918e-5
0.204,-6.71E-11,-2.925508733,7.924721605e-13,-2.35E-06,7.924721605e-13,-2.35E-06,-3.14E-15,3.3365166486e-5
0.2045,-6.68E-11,-2.918340707,7.072398393e-13,-2.36E-06,7.072398393e-13,-2.36E-06,-3.14E-15,3.3446944054e-5
0.205,-6.65E-11,-2.911207767,6.219973939e-13,-2.36E-06,6.219973939e-13,-2.36E-06,-3.14E-15,3.3528721625e-5
0.2055,-6.62E-11,-2.904109656,5.367489570e-13,-2.37E-06,5.367489570e-13,-2.37E-06,-3.14E-15,3.3610499197e-5
0.206,-6.58E-11,-2.89704612,4.514950694e-13,-2.38E-06,4.514950694e-13,-2.38E-06,-3.14E-15,3.3692276770e-5
0.2065,-6.55E-11,-2.890016907,3.662387825e-13,-2.38E-06,3.662387825e-13,-2.38E-06,-3.14E-15,3.3774054345e-5
0.207,-6.52E-11,-2.883021767,2.809815978e-13,-2.39E-06,2.809815978e-13,-2.39E-06,-3.14E-15,3.3855831921e-5
0.2075,-6.49E-11,-2.876060453,1.957256424e-13,-2.39E-06,1.957256425e-13,-2.39E-06,-3.14E-15,3.3937609499e-5
0.208,-6.46E-11,-2.86913272,1.104724120e-13,-2.40E-06,1.104724120e-13,-2.40E-06,-3.14E-15,3.4019387078e-5
0.2085,-6.43E-11,-2.862238325,2.522513215e-14,-2.40E-06,2.522513216e-14,-2.40E-06,-3.14E-15,3.4101164659e-5
0.209,-6.39E-11,-2.855377029,-6.00E-14,-2.41E-06,-6.00E-14,-2.41E-06,-3.14E-15,3.4182942241e-5
0.2095,-6.36E-11,-2.848548594,-1.45E-13,-2.42E-06,-1.45E-13,-2.42E-06,-3.14E-15,3.4264719825e-5
0.21,-6.34E-11,-2.841752783,-2.30E-13,-2.42E-06,-2.30E-13,-2.42E-06,-3.14E-15,3.4346497410e-5
0.2105,-6.31E-11,-2.834989365,-3.16E-13,-2.43E-06,-3.16E-13,-2.43E-06,-3.14E-15,3.4428274997e-5
0.211,-6.27E-11,-2.828258107,-4.01E-13,-2.43E-06,-4.01E-13,-2.43E-06,-3.14E-15,3.4510052585e-5
0.2115,-6.25E-11,-2.82155878,-4.86E-13,-2.44E-06,-4.86E-13,-2.44E-06,-3.14E-15,3.4591830174e-5
0.212,-6.22E-11,-2.814891159,-5.71E-13,-2.44E-06,-5.71E-13,-2.44E-06,-3.14E-15,3.4673607766e-5
0.2125,-6.19E-11,-2.808255018,-6.56E-13,-2.45E-06,-6.56E-13,-2.45E-06,-3.14E-15,3.4755385358e-5
0.213,-6.16E-11,-2.801650136,-7.41E-13,-2.46E-06,-7.41E-13,-2.46E-06,-3.14E-15,3.4837162953e-5
0.2135,-6.13E-11,-2.79507629,-8.27E-13,-2.46E-06,-8.27E-13,-2.46E-06,-3.14E-15,3.4918940548e-5
0.214,-6.10E-11,-2.788533264,-9.12E-13,-2.47E-06,-9.12E-13,-2.47E-06,-3.14E-15,3.5000718146e-5
0.2145,-6.07E-11,-2.782020841,-9.97E-13,-2.47E-06,-9.97E-13,-2.47E-06,-3.14E-15,3.5082495745e-5
0.215,-6.04E-11,-2.775538807,-1.08E-12,-2.48E-06,-1.08E-12,-2.48E-06,-3.14E-15,3.5164273345e-5
0.2155,-6.01E-11,-2.769086949,-1.17E-12,-2.48E-06,-1.17E-12,-2.48E-06,-3.14E-15,3.5246050947e-5
0.216,-5.99E-11,-2.762665057,-1.25E-12,-2.49E-06,-1.25E-12,-2.49E-06,-3.14E-15,3.5327828550e-5
0.2165,-5.96E-11,-2.756272924,-1.34E-12,-2.50E-06,-1.34E-12,-2.50E-06,-3.14E-15,3.5409606155e-5
0.217,-5.93E-11,-2.749910341,-1.42E-12,-2.50E-06,-1.42E-12,-2.50E-06,-3.14E-15,3.5491383762e-5
0.2175,-5.90E-11,-2.743577105,-1.51E-12,-2.51E-06,-1.51E-12,-2.51E-06,-2.92E-15,3.5573161370e-5
0.218,-5.88E-11,-2.737273014,-1.59E-12,-2.51E-06,-1.59E-12,-2.51E-06,-2.29E-15,3.5654938979e-5
0.2185,-5.85E-11,-2.730997866,-1.68E-12,-2.52E-06,-1.68E-12,-2.52E-06,-1.65E-15,3.5736716591e-5
0.219,-5.82E-11,-2.724751463,-1.76E-12,-2.53E-06,-1.76E-12,-2.53E-06,-1.02E-15,3.5818494203e-5
0.2195,-5.80E-11,-2.718533608,-1.84E-12,-2.53E-06,-1.84E-12,-2.53E-06,-3.89E-16,3.5900271818e-5
0.22,-1.20E-11,-2.712344095,-6.39E-18,-2.54E-06,-3.38E-17,-2.54E-06,4.433300183e-18,3.5982049433e-5
0.2205,1.0062603120e-7,-2.706183381,-1.92E-12,-2.54E-06,-1.92E-12,-2.54E-06,8.780918153e-16,3.6063827051e-5
0.221,2.0031608691e-7,-2.70005063,-1.91E-12,-2.55E-06,-1.91E-12,-2.55E-06,1.510685528e-15,3.6145604670e-5
0.2215,2.9901962662e-7,-2.693945661,-1.90E-12,-2.55E-06,-1.90E-12,-2.55E-06,2.139529071e-15,3.6227382290e-5
0.222,3.9674392889e-7,-2.687868285,-1.89E-12,-2.56E-06,-1.89E-12,-2.56E-06,2.774614134e-15,3.6309159913e-5
0.2225,4.9349711363e-7,-2.681818315,-1.88E-12,-2.57E-06,-1.88E-12,-2.57E-06,3.408169644e-15,3.6390937536e-5
0.223,5.8928643614e-7,-2.675795566,-1.87E-12,-2.57E-06,-1.87E-12,-2.57E-06,4.035754377e-15,3.6472715162e-5
0.2235,6.8411908909e-7,-2.669799856,-1.86E-12,-2.58E-06,-1.86E-12,-2.58E-06,4.662920592e-15,3.6554492789e-5
0.224,7.7800231460e-7,-2.663831001,-1.85E-12,-2.58E-06,-1.85E-12,-2.58E-06,5.298549727e-15,3.6636270417e-5
0.2245,8.7094318072e-7,-2.657888823,-1.84E-12,-2.59E-06,-1.84E-12,-2.59E-06,5.924878370e-15,3.6718048047e-5
0.225,9.6294990965e-7,-2.651973142,-1.83E-12,-2.59E-06,-1.83E-12,-2.59E-06,6.556339807e-15,3.6799825679e-5
0.2255,1.0540285750e-6,-2.646083782,-1.82E-12,-2.60E-06,-1.82E-12,-2.60E-06,7.182942419e-15,3.6881603313e-5
0.226,1.1441869361e-6,-2.640220567,-1.81E-12,-2.61E-06,-1.81E-12,-2.61E-06,7.812457478e-15,3.6963380947e-5
0.2265,1.2334307600e-6,-2.634383323,-1.80E-12,-2.61E-06,-1.80E-12,-2.61E-06,8.440444541e-15,3.7045158584e-5
0.227,1.3217685087e-6,-2.628571878,-1.79E-12,-2.62E-06,-1.79E-12,-2.62E-06,9.068013898e-15,3.7126936222e-5
0.2275,1.4092063748e-6,-2.622786062,-1.78E-12,-2.62E-06,-1.78E-12,-2.62E-06,9.696276140e-15,3.7208713862e-5
0.228,1.4957509336e-6,-2.617025704,-1.77E-12,-2.63E-06,-1.77E-12,-2.63E-06,1.032301128e-14,3.7290491504e-5
0.2285,1.5814093904e-6,-2.611290638,-1.76E-12,-2.63E-06,-1.76E-12,-2.63E-06,1.094821904e-14,3.7372269147e-5
0.229,1.6661883515e-6,-2.605580697,-1.75E-12,-2.64E-06,-1.75E-12,-2.64E-06,1.157300963e-14,3.7454046791e-5
0.2295,1.7500934753e-6,-2.599895716,-1.74E-12,-2.65E-06,-1.74E-12,-2.65E-06,1.219960473e-14,3.7535824438e-5
0.23,1.8331330432e-6,-2.594235531,-1.73E-12,-2.65E-06,-1.73E-12,-2.65E-06,1.281912186e-14,3.7617602086e-5
0.2305,1.9153126201e-6,-2.588599982,-1.72E-12,-2.66E-06,-1.72E-12,-2.66E-06,1.344488409e-14,3.7699379735e-5
0.231,1.9966388840e-6,-2.582988907,-1.71E-12,-2.66E-06,-1.71E-12,-2.66E-06,1.406578961e-14,3.7781157387e-5
0.2315,2.0771179949e-6,-2.577402146,-1.70E-12,-2.67E-06,-1.70E-12,-2.67E-06,1.468961012e-14,3.7862935039e-5
0.232,2.1567566856e-6,-2.571839543,-1.69E-12,-2.68E-06,-1.69E-12,-2.68E-06,1.531190468e-14,3.7944712694e-5
0.2325,2.2355611113e-6,-2.56630094,-1.68E-12,-2.68E-06,-1.68E-12,-2.68E-06,1.592934315e-14,3.8026490350e-5
0.233,2.3135372114e-6,-2.560786184,-1.67E-12,-2.69E-06,-1.67E-12,-2.69E-06,1.655302734e-14,3.8108268008e-5
0.2335,2.3906918003e-6,-2.555295119,-1.66E-12,-2.69E-06,-1.66E-12,-2.69E-06,1.716852563e-14,3.8190045668e-5
0.234,2.4670308129e-6,-2.549827593,-1.65E-12,-2.70E-06,-1.65E-12,-2.70E-06,1.778915988e-14,3.8271823329e-5
0.2345,2.5425593426e-6,-2.544383456,-1.64E-12,-2.70E-06,-1.64E-12,-2.70E-06,1.840604923e-14,3.8353600992e-5
0.235,2.6172856474e-6,-2.538962557,-1.63E-12,-2.71E-06,-1.63E-12,-2.71E-06,1.902585461e-14,3.8435378656e-5
0.2355,2.6912133206e-6,-2.533564749,-1.62E-12,-2.72E-06,-1.62E-12,-2.72E-06,1.964191559e-14,3.8517156323e-5
0.236,2.7643502215e-6,-2.528189882,-1.61E-12,-2.72E-06,-1.61E-12,-2.72E-06,2.025201131e-14,3.8598933991e-5
0.2365,2.8367004695e-6,-2.522837813,-1.60E-12,-2.73E-06,-1.60E-12,-2.73E-06,2.086724407e-14,3.8680711660e-5
0.237,2.9082717075e-6,-2.517508395,-1.59E-12,-2.73E-06,-1.59E-12,-2.73E-06,2.148206354e-14,3.8762489332e-5
0.2375,2.9790685065e-6,-2.512201485,-1.58E-12,-2.74E-06,-1.58E-12,-2.74E-06,2.209869032e-14,3.8844267005e-5
0.238,3.0490971268e-6,-2.506916941,-1.56E-12,-2.74E-06,-1.56E-12,-2.74E-06,2.270824256e-14,3.8926044679e-5
0.2385,3.1183629668e-6,-2.501654621,-1.55E-12,-2.75E-06,-1.55E-12,-2.75E-06,2.331627112e-14,3.9007822356e-5
0.239,3.1868721655e-6,-2.496414386,-1.54E-12,-2.76E-06,-1.54E-12,-2.76E-06,2.392832867e-14,3.9089600034e-5
0.2395,3.2546295398e-6,-2.491196097,-1.53E-12,-2.76E-06,-1.53E-12,-2.76E-06,2.453553230e-14,3.9171377714e-5
0.24,3.3216415627e-6,-2.485999616,-1.52E-12,-2.77E-06,-1.52E-12,-2.77E-06,2.514787488e-14,3.9253155395e-5
0.2405,3.3879131380e-6,-2.480824806,-1.51E-12,-2.77E-06,-1.51E-12,-2.77E-06,2.575314400e-14,3.9334933078e-5
0.241,3.4534502125e-6,-2.475671533,-1.50E-12,-2.78E-06,-1.50E-12,-2.78E-06,2.635911125e-14,3.9416710763e-5
0.2415,3.5182577600e-6,-2.470539661,-1.49E-12,-2.78E-06,-1.49E-12,-2.78E-06,2.696688693e-14,3.9498488450e-5
0.242,3.5823411183e-6,-2.465429059,-1.48E-12,-2.79E-06,-1.48E-12,-2.79E-06,2.756981087e-14,3.9580266138e-5
0.2425,3.6457062472e-6,-2.460339593,-1.47E-12,-2.80E-06,-1.47E-12,-2.80E-06,2.817010282e-14,3.9662043829e-5
0.243,3.7083575570e-6,-2.455271133,-1.46E-12,-2.80E-06,-1.46E-12,-2.80E-06,2.877664499e-14,3.9743821520e-5
0.2435,3.7703012209e-6,-2.450223549,-1.45E-12,-2.81E-06,-1.45E-12,-2.81E-06,2.937833483e-14,3.9825599214e-5
0.244,3.8315416452e-6,-2.445196712,-1.44E-12,-2.81E-06,-1.44E-12,-2.81E-06,2.997517350e-14,3.9907376909e-5
0.2445,3.8920848531e-6,-2.440190494,-1.43E-12,-2.82E-06,-1.43E-12,-2.82E-06,3.057160165e-14,3.9989154607e-5
0.245,3.9519352286e-6,-2.435204769,-1.42E-12,-2.83E-06,-1.42E-12,-2.83E-06,3.117206048e-14,4.0070932305e-5
0.2455,4.0110980725e-6,-2.430239411,-1.41E-12,-2.83E-06,-1.41E-12,-2.83E-06,3.176877820e-14,4.0152710006e-5
0.246,4.0695785489e-6,-2.425294296,-1.40E-12,-2.84E-06,-1.40E-12,-2.84E-06,3.236619644e-14,4.0234487708e-5
0.2465,4.1273816503e-6,-2.420369299,-1.39E-12,-2.84E-06,-1.39E-12,-2.84E-06,3.295876423e-14,4.0316265412e-5
0.247,4.1845121460e-6,-2.415464299,-1.38E-12,-2.85E-06,-1.38E-12,-2.85E-06,3.355314242e-14,4.0398043118e-5
0.2475,4.2409749332e-6,-2.410579173,-1.37E-12,-2.85E-06,-1.37E-12,-2.85E-06,3.414489111e-14,4.0479820826e-5
0.248,4.2967755605e-6,-2.405713801,-1.35E-12,-2.86E-06,-1.35E-12,-2.86E-06,3.473623069e-14,4.0561598535e-5
0.2485,4.3519178434e-6,-2.400868063,-1.34E-12,-2.87E-06,-1.34E-12,-2.87E-06,3.532716161e-14,4.0643376247e-5
0.249,4.4064075766e-6,-2.396041841,-1.33E-12,-2.87E-06,-1.33E-12,-2.87E-06,3.591102222e-14,4.0725153960e-5
0.2495,4.4602490465e-6,-2.391235017,-1.32E-12,-2.88E-06,-1.32E-12,-2.88E-06,3.650446625e-14,4.0806931674e-5
0.25,4.5134468129e-6,-2.386447474,-1.31E-12,-2.88E-06,-1.31E-12,-2.88E-06,3.708973059e-14,4.0888709391e-5
0.2505,4.5660057576e-6,-2.381679096,-1.30E-12,-2.89E-06,-1.30E-12,-2.89E-06,3.767125583e-14,4.0970487109e-5
0.251,4.6179307221e-6,-2.376929768,-1.29E-12,-2.89E-06,-1.29E-12,-2.89E-06,3.825459392e-14,4.1052264829e-5
0.2515,4.6692262432e-6,-2.372199377,-1.28E-12,-2.90E-06,-1.28E-12,-2.90E-06,3.883752399e-14,4.1134042551e-5
0.252,4.7198965586e-6,-2.367487808,-1.27E-12,-2.91E-06,-1.27E-12,-2.91E-06,3.941782643e-14,4.1215820275e-5
0.2525,4.7699465066e-6,-2.362794951,-1.26E-12,-2.91E-06,-1.26E-12,-2.91E-06,3.999883122e-14,4.1297598000e-5
0.253,4.8193810252e-6,-2.358120693,-1.25E-12,-2.92E-06,-1.25E-12,-2.92E-06,4.057720892e-14,4.1379375728e-5
0.2535,4.8682038967e-6,-2.353464924,-1.24E-12,-2.92E-06,-1.24E-12,-2.92E-06,4.115073870e-14,4.1461153457e-5
0.254,4.9164198847e-6,-2.348827535,-1.23E-12,-2.93E-06,-1.23E-12,-2.93E-06,4.173163344e-14,4.1542931188e-5
0.2545,4.9640332813e-6,-2.344208417,-1.22E-12,-2.93E-06,-1.22E-12,-2.93E-06,4.230323949e-14,4.1624708920e-5
0.255,5.0110484495e-6,-2.339607462,-1.21E-12,-2.94E-06,-1.21E-12,-2.94E-06,4.287443941e-14,4.1706486655e-5
0.2555,5.0574702837e-6,-2.335024562,-1.20E-12,-2.95E-06,-1.20E-12,-2.95E-06,4.344967416e-14,4.1788264391e-5
0.256,5.1033019811e-6,-2.330459613,-1.19E-12,-2.95E-06,-1.19E-12,-2.95E-06,4.401673141e-14,4.1870042130e-5
0.2565,5.1485487619e-6,-2.325912508,-1.17E-12,-2.96E-06,-1.17E-12,-2.96E-06,4.458449288e-14,4.1951819870e-5
0.257,5.1932146141e-6,-2.321383144,-1.16E-12,-2.96E-06,-1.16E-12,-2.96E-06,4.514851855e-14,4.2033597611e-5
0.2575,5.2373038169e-6,-2.316871415,-1.15E-12,-2.97E-06,-1.15E-12,-2.97E-06,4.571990983e-14,4.2115375355e-5
0.258,5.2808202469e-6,-2.31237722,-1.14E-12,-2.97E-06,-1.14E-12,-2.97E-06,4.628312499e-14,4.2197153101e-5
0.2585,5.3237682547e-6,-2.307900457,-1.13E-12,-2.98E-06,-1.13E-12,-2.98E-06,4.684371465e-14,4.2278930848e-5
0.259,5.3661517731e-6,-2.303441023,-1.12E-12,-2.99E-06,-1.12E-12,-2.99E-06,4.740723043e-14,4.2360708597e-5
0.2595,5.4079755528e-6,-2.298998819,-1.11E-12,-2.99E-06,-1.11E-12,-2.99E-06,4.796367992e-14,4.2442486348e-5
0.26,5.4492428804e-6,-2.294573745,-1.10E-12,-3.00E-06,-1.10E-12,-3.00E-06,4.852527610e-14,4.2524264101e-5
0.2605,5.4899579300e-6,-2.290165702,-1.09E-12,-3.00E-06,-1.09E-12,-3.00E-06,4.908091750e-14,4.2606041856e-5
0.261,5.5301249409e-6,-2.285774592,-1.08E-12,-3.01E-06,-1.08E-12,-3.01E-06,4.963726471e-14,4.2687819613e-5
0.2615,5.5697477260e-6,-2.281400316,-1.07E-12,-3.02E-06,-1.07E-12,-3.02E-06,5.018987766e-14,4.2769597371e-5
0.262,5.6088304612e-6,-2.277042779,-1.06E-12,-3.02E-06,-1.06E-12,-3.02E-06,5.074319777e-14,4.2851375132e-5
0.2625,5.6473765753e-6,-2.272701885,-1.05E-12,-3.03E-06,-1.05E-12,-3.03E-06,5.129389353e-14,4.2933152894e-5
0.263,5.6853902343e-6,-2.268377538,-1.04E-12,-3.03E-06,-1.04E-12,-3.03E-06,5.184085562e-14,4.3014930658e-5
0.2635,5.7228752002e-6,-2.264069644,-1.03E-12,-3.04E-06,-1.03E-12,-3.04E-06,5.238852490e-14,4.3096708424e-5
0.264,5.7598355282e-6,-2.259778109,-1.02E-12,-3.04E-06,-1.02E-12,-3.04E-06,5.293246052e-14,4.3178486192e-5
0.2645,5.7962746178e-6,-2.255502839,-1.01E-12,-3.05E-06,-1.01E-12,-3.05E-06,5.348043497e-14,4.3260263962e-5
0.265,5.8321966582e-6,-2.251243743,-9.96E-13,-3.06E-06,-9.96E-13,-3.06E-06,5.402356557e-14,4.3342041734e-5
0.2655,5.8676050265e-6,-2.247000729,-9.85E-13,-3.06E-06,-9.85E-13,-3.06E-06,5.455630264e-14,4.3423819507e-5
0.266,5.9025034409e-6,-2.242773706,-9.75E-13,-3.07E-06,-9.75E-13,-3.07E-06,5.509862923e-14,4.3505597283e-5
0.2665,5.9368957490e-6,-2.238562583,-9.64E-13,-3.07E-06,-9.64E-13,-3.07E-06,5.563500320e-14,4.3587375060e-5
0.267,5.9707855333e-6,-2.234367272,-9.54E-13,-3.08E-06,-9.54E-13,-3.08E-06,5.616764502e-14,4.3669152840e-5
0.2675,6.0041765688e-6,-2.230187682,-9.43E-13,-3.08E-06,-9.43E-13,-3.08E-06,5.670543642e-14,4.3750930621e-5
0.268,6.0370722280e-6,-2.226023726,-9.33E-13,-3.09E-06,-9.33E-13,-3.09E-06,5.723727562e-14,4.3832708404e-5
0.2685,6.0694757825e-6,-2.221875316,-9.23E-13,-3.10E-06,-9.23E-13,-3.10E-06,5.776538282e-14,4.3914486189e-5
0.269,6.1013915168e-6,-2.217742365,-9.12E-13,-3.10E-06,-9.12E-13,-3.10E-06,5.829531028e-14,4.3996263976e-5
0.2695,6.1328224627e-6,-2.213624787,-9.02E-13,-3.11E-06,-9.02E-13,-3.11E-06,5.882150618e-14,4.4078041765e-5
0.27,6.1637724150e-6,-2.209522496,-8.91E-13,-3.11E-06,-8.91E-13,-3.11E-06,5.934508112e-14,4.4159819556e-5
0.2705,6.1942444357e-6,-2.205435407,-8.81E-13,-3.12E-06,-8.81E-13,-3.12E-06,5.987047644e-14,4.4241597348e-5
0.271,6.2242422827e-6,-2.201363436,-8.71E-13,-3.12E-06,-8.71E-13,-3.12E-06,6.039214069e-14,4.4323375143e-5
0.2715,6.2537693506e-6,-2.197306499,-8.60E-13,-3.13E-06,-8.60E-13,-3.13E-06,6.091007476e-14,4.4405152940e-5
0.272,6.2828287219e-6,-2.193264512,-8.50E-13,-3.14E-06,-8.50E-13,-3.14E-06,6.142760973e-14,4.4486930738e-5
0.2725,6.3114239258e-6,-2.189237393,-8.40E-13,-3.14E-06,-8.40E-13,-3.14E-06,6.194141410e-14,4.4568708539e-5
0.273,6.3395585095e-6,-2.185225061,-8.29E-13,-3.15E-06,-8.29E-13,-3.15E-06,6.245481946e-14,4.4650486341e-5
0.2735,6.3672356342e-6,-2.181227433,-8.19E-13,-3.15E-06,-8.19E-13,-3.15E-06,6.296671508e-14,4.4732264146e-5
0.274,6.3944585734e-6,-2.177244429,-8.09E-13,-3.16E-06,-8.09E-13,-3.16E-06,6.347932240e-14,4.4814041952e-5
0.2745,6.4212307846e-6,-2.173275969,-7.99E-13,-3.17E-06,-7.99E-13,-3.17E-06,6.398709033e-14,4.4895819760e-5
0.275,6.4475554626e-6,-2.169321974,-7.88E-13,-3.17E-06,-7.88E-13,-3.17E-06,6.449334955e-14,4.4977597571e-5
0.2755,6.4734354995e-6,-2.165382363,-7.78E-13,-3.18E-06,-7.78E-13,-3.18E-06,6.499588006e-14,4.5059375383e-5
0.276,6.4988741212e-6,-2.16145706,-7.68E-13,-3.18E-06,-7.68E-13,-3.18E-06,6.549912235e-14,4.5141153197e-5
0.2765,6.5238749103e-6,-2.157545985,-7.58E-13,-3.19E-06,-7.58E-13,-3.19E-06,6.599752616e-14,4.5222931013e-5
0.277,6.5484408236e-6,-2.153649063,-7.47E-13,-3.19E-06,-7.47E-13,-3.19E-06,6.650108358e-14,4.5304708832e-5
0.2775,6.5725751464e-6,-2.149766215,-7.37E-13,-3.20E-06,-7.37E-13,-3.20E-06,6.699536126e-14,4.5386486652e-5
0.278,6.5962806621e-6,-2.145897366,-7.27E-13,-3.21E-06,-7.27E-13,-3.21E-06,6.748924237e-14,4.5468264474e-5
0.2785,6.6195606409e-6,-2.14204244,-7.17E-13,-3.21E-06,-7.17E-13,-3.21E-06,6.797939534e-14,4.5550042298e-5
0.279,6.6424179550e-6,-2.138201362,-7.07E-13,-3.22E-06,-7.07E-13,-3.22E-06,6.847137174e-14,4.5631820124e-5
0.2795,6.6648562732e-6,-2.134374057,-6.97E-13,-3.22E-06,-6.97E-13,-3.22E-06,6.896295205e-14,4.5713597952e-5
0.28,6.6868777369e-6,-2.130560452,-6.87E-13,-3.23E-06,-6.87E-13,-3.23E-06,6.944636383e-14,4.5795375783e-5
0.2805,6.7084860693e-6,-2.126760473,-6.77E-13,-3.23E-06,-6.77E-13,-3.23E-06,6.993382049e-14,4.5877153615e-5
0.281,6.7296837027e-6,-2.122974047,-6.66E-13,-3.24E-06,-6.66E-13,-3.24E-06,7.041532949e-14,4.5958931449e-5
0.2815,6.7504739585e-6,-2.119201102,-6.56E-13,-3.25E-06,-6.56E-13,-3.25E-06,7.089200257e-14,4.6040709285e-5
0.282,6.7708598370e-6,-2.115441565,-6.46E-13,-3.25E-06,-6.46E-13,-3.25E-06,7.137494048e-14,4.6122487123e-5
0.2825,6.7908441631e-6,-2.111695366,-6.36E-13,-3.26E-06,-6.36E-13,-3.26E-06,7.184971185e-14,4.6204264963e-5
0.283,6.8104295187e-6,-2.107962432,-6.26E-13,-3.26E-06,-6.26E-13,-3.26E-06,7.231742632e-14,4.6286042806e-5
0.2835,6.8296193187e-6,-2.104242695,-6.16E-13,-3.27E-06,-6.16E-13,-3.27E-06,7.279251726e-14,4.6367820650e-5
0.284,6.8484158273e-6,-2.100536084,-6.06E-13,-3.27E-06,-6.06E-13,-3.27E-06,7.326499323e-14,4.6449598496e-5
0.2845,6.8668224298e-6,-2.096842529,-5.97E-13,-3.28E-06,-5.97E-13,-3.28E-06,7.373374346e-14,4.6531376344e-5
0.285,6.8848414928e-6,-2.093161962,-5.87E-13,-3.29E-06,-5.87E-13,-3.29E-06,7.419765836e-14,4.6613154195e-5
0.2855,6.9024761516e-6,-2.089494314,-5.77E-13,-3.29E-06,-5.77E-13,-3.29E-06,7.466117863e-14,4.6694932047e-5
0.286,6.9197293120e-6,-2.085839517,-5.67E-13,-3.30E-06,-5.67E-13,-3.30E-06,7.512541555e-14,4.6776709901e-5
0.2865,6.9366030420e-6,-2.082197504,-5.57E-13,-3.30E-06,-5.57E-13,-3.30E-06,7.558037622e-14,4.6858487758e-5
0.287,6.9531007296e-6,-2.078568208,-5.47E-13,-3.31E-06,-5.47E-13,-3.31E-06,7.603827399e-14,4.6940265616e-5
0.2875,6.9692247886e-6,-2.074951562,-5.37E-13,-3.32E-06,-5.37E-13,-3.32E-06,7.649466845e-14,4.7022043477e-5
0.288,6.9849782918e-6,-2.0713475,-5.28E-13,-3.32E-06,-5.28E-13,-3.32E-06,7.694511780e-14,4.7103821340e-5
0.2885,7.0003635899e-6,-2.067755956,-5.18E-13,-3.33E-06,-5.18E-13,-3.33E-06,7.739739499e-14,4.7185599204e-5
0.289,7.0153833277e-6,-2.064176866,-5.08E-13,-3.33E-06,-5.08E-13,-3.33E-06,7.784039689e-14,4.7267377071e-5
0.2895,7.0300402784e-6,-2.060610164,-4.98E-13,-3.34E-06,-4.98E-13,-3.34E-06,7.828633729e-14,4.7349154940e-5
0.29,7.0443370095e-6,-2.057055787,-4.89E-13,-3.34E-06,-4.89E-13,-3.34E-06,7.872966424e-14,4.7430932811e-5
0.2905,7.0582762699e-6,-2.05351367,-4.79E-13,-3.35E-06,-4.79E-13,-3.35E-06,7.917037866e-14,4.7512710684e-5
0.291,7.0718604587e-6,-2.04998375,-4.69E-13,-3.36E-06,-4.69E-13,-3.36E-06,7.961292096e-14,4.7594488559e-5
0.2915,7.0850922100e-6,-2.046465964,-4.60E-13,-3.36E-06,-4.60E-13,-3.36E-06,8.004952058e-14,4.7676266436e-5
0.292,7.0979745064e-6,-2.04296025,-4.50E-13,-3.37E-06,-4.50E-13,-3.37E-06,8.048350718e-14,4.7758044315e-5
0.2925,7.1105091840e-6,-2.039466545,-4.40E-13,-3.37E-06,-4.40E-13,-3.37E-06,8.091710309e-14,4.7839822196e-5
0.293,7.1226991648e-6,-2.035984788,-4.31E-13,-3.38E-06,-4.31E-13,-3.38E-06,8.134697674e-14,4.7921600080e-5
0.2935,7.1345466994e-6,-2.032514918,-4.21E-13,-3.38E-06,-4.21E-13,-3.38E-06,8.177534868e-14,4.8003377965e-5
0.294,7.1460547751e-6,-2.029056874,-4.12E-13,-3.39E-06,-4.12E-13,-3.39E-06,8.219666816e-14,4.8085155853e-5
0.2945,7.1572255306e-6,-2.025610594,-4.02E-13,-3.40E-06,-4.02E-13,-3.40E-06,8.262092815e-14,4.8166933742e-5
0.295,7.1680612726e-6,-2.022176021,-3.93E-13,-3.40E-06,-3.93E-13,-3.40E-06,8.304590725e-14,4.8248711634e-5
0.2955,7.1785646769e-6,-2.018753093,-3.83E-13,-3.41E-06,-3.83E-13,-3.41E-06,8.346050383e-14,4.8330489528e-5
0.296,7.1887382342e-6,-2.015341751,-3.74E-13,-3.41E-06,-3.74E-13,-3.41E-06,8.387693067e-14,4.8412267424e-5
0.2965,7.1985841252e-6,-2.011941937,-3.64E-13,-3.42E-06,-3.64E-13,-3.42E-06,8.428963670e-14,4.8494045322e-5
0.297,7.2081049994e-6,-2.008553593,-3.55E-13,-3.42E-06,-3.55E-13,-3.42E-06,8.470195315e-14,4.8575823222e-5
0.2975,7.2173031078e-6,-2.00517666,-3.45E-13,-3.43E-06,-3.45E-13,-3.43E-06,8.510721813e-14,4.8657601125e-5
0.298,7.2261807376e-6,-2.001811081,-3.36E-13,-3.44E-06,-3.36E-13,-3.44E-06,8.551542510e-14,4.8739379029e-5
0.2985,7.2347401987e-6,-1.998456798,-3.27E-13,-3.44E-06,-3.27E-13,-3.44E-06,8.592213226e-14,4.8821156936e-5
0.299,7.2429838487e-6,-1.995113755,-3.17E-13,-3.45E-06,-3.17E-13,-3.45E-06,8.631956799e-14,4.8902934845e-5
0.2995,7.2509146021e-6,-1.991781896,-3.08E-13,-3.45E-06,-3.08E-13,-3.45E-06,8.671772575e-14,4.8984712756e-5
0.3,7.2585337979e-6,-1.988461163,-2.99E-13,-3.46E-06,-2.99E-13,-3.46E-06,8.711993524e-14,4.9066490669e-5
0.3005,7.2658442456e-6,-1.985151502,-2.90E-13,-3.47E-06,-2.90E-13,-3.47E-06,8.751398458e-14,4.9148268584e-5
0.301,7.2728482020e-6,-1.981852857,-2.80E-13,-3.47E-06,-2.80E-13,-3.47E-06,8.789987467e-14,4.9230046501e-5
0.3015,7.2795477739e-6,-1.978565173,-2.71E-13,-3.48E-06,-2.71E-13,-3.48E-06,8.829092717e-14,4.9311824421e-5
0.302,7.2859453739e-6,-1.975288396,-2.62E-13,-3.48E-06,-2.62E-13,-3.48E-06,8.867937157e-14,4.9393602342e-5
0.3025,7.2920430185e-6,-1.972022471,-2.53E-13,-3.49E-06,-2.53E-13,-3.49E-06,8.906520782e-14,4.9475380266e-5
0.303,7.2978430903e-6,-1.968767345,-2.44E-13,-3.49E-06,-2.44E-13,-3.49E-06,8.944510484e-14,4.9557158192e-5
0.3035,7.3033477363e-6,-1.965522963,-2.35E-13,-3.50E-06,-2.35E-13,-3.50E-06,8.982350488e-14,4.9638936120e-5
0.304,7.3085592349e-6,-1.962289273,-2.26E-13,-3.51E-06,-2.26E-13,-3.51E-06,9.019929732e-14,4.9720714051e-5
0.3045,7.3134797287e-6,-1.959066223,-2.17E-13,-3.51E-06,-2.17E-13,-3.51E-06,9.057137189e-14,4.9802491983e-5
0.305,7.3181111298e-6,-1.955853758,-2.08E-13,-3.52E-06,-2.08E-13,-3.52E-06,9.094416990e-14,4.9884269918e-5
0.3055,7.3224557827e-6,-1.952651828,-1.99E-13,-3.52E-06,-1.99E-13,-3.52E-06,9.131769146e-14,4.9966047855e-5
0.306,7.3265157050e-6,-1.949460381,-1.90E-13,-3.53E-06,-1.90E-13,-3.53E-06,9.167861438e-14,5.0047825794e-5
0.3065,7.3302931993e-6,-1.946279364,-1.81E-13,-3.53E-06,-1.81E-13,-3.53E-06,9.204692259e-14,5.0129603735e-5
0.307,7.3337903977e-6,-1.943108728,-1.72E-13,-3.54E-06,-1.72E-13,-3.54E-06,9.240707305e-14,5.0211381679e-5
0.3075,7.3370088511e-6,-1.939948421,-1.63E-13,-3.55E-06,-1.63E-13,-3.55E-06,9.276461778e-14,5.0293159624e-5
0.308,7.3399514231e-6,-1.936798392,-1.54E-13,-3.55E-06,-1.54E-13,-3.55E-06,9.312066607e-14,5.0374937572e-5
0.3085,7.3426196622e-6,-1.933658592,-1.45E-13,-3.56E-06,-1.45E-13,-3.56E-06,9.347188821e-14,5.0456715522e-5
0.309,7.3450157656e-6,-1.930528971,-1.36E-13,-3.56E-06,-1.36E-13,-3.56E-06,9.383160736e-14,5.0538493474e-5
0.3095,7.3471417051e-6,-1.927409479,-1.28E-13,-3.57E-06,-1.28E-13,-3.57E-06,9.417650785e-14,5.0620271429e-5
0.31,7.3489995220e-6,-1.924300068,-1.19E-13,-3.57E-06,-1.19E-13,-3.57E-06,9.451658273e-14,5.0702049386e-5
0.3105,7.3505910817e-6,-1.921200688,-1.10E-13,-3.58E-06,-1.10E-13,-3.58E-06,9.486737544e-14,5.0783827345e-5
0.311,7.3519187358e-6,-1.918111291,-1.02E-13,-3.59E-06,-1.02E-13,-3.59E-06,9.520446077e-14,5.0865605306e-5
0.3115,7.3529843230e-6,-1.915031828,-9.29E-14,-3.59E-06,-9.29E-14,-3.59E-06,9.554227200e-14,5.0947383269e-5
0.312,7.3537896597e-6,-1.911962252,-8.42E-14,-3.60E-06,-8.42E-14,-3.60E-06,9.587747852e-14,5.1029161235e-5
0.3125,7.3543367692e-6,-1.908902516,-7.56E-14,-3.60E-06,-7.56E-14,-3.60E-06,9.621119149e-14,5.1110939202e-5
0.313,7.3546275587e-6,-1.905852571,-6.71E-14,-3.61E-06,-6.71E-14,-3.61E-06,9.654230017e-14,5.1192717172e-5
0.3135,7.3546641398e-6,-1.902812371,-5.85E-14,-3.62E-06,-5.85E-14,-3.62E-06,9.686525298e-14,5.1274495145e-5
0.314,7.3544482918e-6,-1.899781869,-5.00E-14,-3.62E-06,-5.00E-14,-3.62E-06,9.718893370e-14,5.1356273119e-5
0.3145,7.3539820438e-6,-1.896761019,-4.15E-14,-3.63E-06,-4.15E-14,-3.63E-06,9.751223109e-14,5.1438051096e-5
0.315,7.3532672083e-6,-1.893749775,-3.31E-14,-3.63E-06,-3.31E-14,-3.63E-06,9.782959399e-14,5.1519829075e-5
0.3155,7.3523055646e-6,-1.890748091,-2.46E-14,-3.64E-06,-2.46E-14,-3.64E-06,9.814879447e-14,5.1601607056e-5
0.316,7.3510989933e-6,-1.887755921,-1.62E-14,-3.64E-06,-1.62E-14,-3.64E-06,9.846539215e-14,5.1683385040e-5
0.3165,7.3496495749e-6,-1.884773221,-7.87E-15,-3.65E-06,-7.87E-15,-3.65E-06,9.877383591e-14,5.1765163026e-5
0.317,7.3479589418e-6,-1.881799945,4.640812296e-16,-3.66E-06,4.640812184e-16,-3.66E-06,9.907967737e-14,5.1846941014e-5
0.3175,7.3460294717e-6,-1.878836048,8.773428932e-15,-3.66E-06,8.773428923e-15,-3.66E-06,9.938735687e-14,5.1928719004e-5
0.318,7.3438619982e-6,-1.875881487,1.705239954e-14,-3.67E-06,1.705239955e-14,-3.67E-06,9.968910335e-14,5.2010496997e-5
0.3185,7.3414590970e-6,-1.872936216,2.530156468e-14,-3.67E-06,2.530156468e-14,-3.67E-06,9.998824801e-14,5.2092274992e-5
0.319,7.3388223455e-6,-1.870000194,3.352106643e-14,-3.68E-06,3.352106643e-14,-3.68E-06,1.002881214e-13,5.2174052989e-5
0.3195,7.3359536847e-6,-1.867073375,4.170956484e-14,-3.68E-06,4.170956485e-14,-3.68E-06,1.005820623e-13,5.2255830988e-5
0.32,7.3328543333e-6,-1.864155717,4.986839898e-14,-3.69E-06,4.986839898e-14,-3.69E-06,1.008756223e-13,5.2337608990e-5
0.3205,7.3295268116e-6,-1.861247176,5.799653188e-14,-3.70E-06,5.799653187e-14,-3.70E-06,1.011610293e-13,5.2419386994e-5
0.321,7.3259725780e-6,-1.85834771,6.609456629e-14,-3.70E-06,6.609456629e-14,-3.70E-06,1.014482767e-13,5.2501165001e-5
0.3215,7.3221933219e-6,-1.855457276,7.416116109e-14,-3.71E-06,7.416116109e-14,-3.71E-06,1.017295921e-13,5.2582943009e-5
0.322,7.3181909596e-6,-1.852575833,8.219775552e-14,-3.71E-06,8.219775553e-14,-3.71E-06,1.020149685e-13,5.2664721020e-5
0.3225,7.3139669001e-6,-1.849703338,9.020303759e-14,-3.72E-06,9.020303757e-14,-3.72E-06,1.022910830e-13,5.2746499033e-5
0.323,7.3095231778e-6,-1.84683975,9.817734435e-14,-3.72E-06,9.817734437e-14,-3.72E-06,1.025657069e-13,5.2828277049e-5
0.3235,7.3048612358e-6,-1.843985027,1.061207823e-13,-3.73E-06,1.061207823e-13,-3.73E-06,1.028377308e-13,5.2910055067e-5
0.324,7.2999829998e-6,-1.841139128,1.140330798e-13,-3.74E-06,1.140330798e-13,-3.74E-06,1.031093757e-13,5.2991833087e-5
0.3245,7.2948899893e-6,-1.838302012,1.219132445e-13,-3.74E-06,1.219132445e-13,-3.74E-06,1.033717588e-13,5.3073611109e-5
0.325,7.2895841812e-6,-1.835473639,1.297635632e-13,-3.75E-06,1.297635632e-13,-3.75E-06,1.036415344e-13,5.3155389134e-5
0.3255,7.2840668106e-6,-1.832653967,1.375809998e-13,-3.75E-06,1.375809998e-13,-3.75E-06,1.038976085e-13,5.3237167161e-5
0.326,7.2783396650e-6,-1.829842958,1.453666099e-13,-3.76E-06,1.453666099e-13,-3.76E-06,1.041555238e-13,5.3318945191e-5
0.3265,7.2724047087e-6,-1.827040571,1.531208387e-13,-3.76E-06,1.531208387e-13,-3.76E-06,1.044152814e-13,5.3400723223e-5
0.327,7.2662632444e-6,-1.824246766,1.608433648e-13,-3.77E-06,1.608433648e-13,-3.77E-06,1.046646686e-13,5.3482501257e-5
0.3275,7.2599168289e-6,-1.821461504,1.685334931e-13,-3.78E-06,1.685334931e-13,-3.78E-06,1.049136778e-13,5.3564279293e-5
0.328,7.2533671869e-6,-1.818684746,1.761918312e-13,-3.78E-06,1.761918311e-13,-3.78E-06,1.051611980e-13,5.3646057332e-5
0.3285,7.2466162598e-6,-1.815916453,1.838175102e-13,-3.79E-06,1.838175102e-13,-3.79E-06,1.054027896e-13,5.3727835373e-5
0.329,7.2396651489e-6,-1.813156586,1.914117558e-13,-3.79E-06,1.914117558e-13,-3.79E-06,1.056428933e-13,5.3809613417e-5
0.3295,7.2325158579e-6,-1.810405107,1.989731853e-13,-3.80E-06,1.989731853e-13,-3.80E-06,1.058826194e-13,5.3891391463e-5
0.33,7.2251695650e-6,-1.807661977,2.065018731e-13,-3.81E-06,2.065018731e-13,-3.81E-06,1.061153071e-13,5.3973169511e-5
0.3305,7.2176283339e-6,-1.804927159,2.139981222e-13,-3.81E-06,2.139981222e-13,-3.81E-06,1.063498381e-13,5.4054947562e-5
0.331,7.2098929886e-6,-1.802200615,2.214617196e-13,-3.82E-06,2.214617196e-13,-3.82E-06,1.065795515e-13,5.4136725615e-5
0.3315,7.2019657257e-6,-1.799482306,2.288928245e-13,-3.82E-06,2.288928245e-13,-3.82E-06,1.068033366e-13,5.4218503670e-5
0.332,7.1938479338e-6,-1.796772197,2.362902332e-13,-3.83E-06,2.362902332e-13,-3.83E-06,1.070256354e-13,5.4300281728e-5
0.3325,7.1855409434e-6,-1.794070249,2.436549369e-13,-3.83E-06,2.436549369e-13,-3.83E-06,1.072464472e-13,5.4382059788e-5
0.333,7.1770465721e-6,-1.791376427,2.509871025e-13,-3.84E-06,2.509871025e-13,-3.84E-06,1.074657726e-13,5.4463837850e-5
0.3335,7.1683660320e-6,-1.788690692,2.582856601e-13,-3.85E-06,2.582856601e-13,-3.85E-06,1.076791713e-13,5.4545615915e-5
0.334,7.1595010407e-6,-1.78601301,2.655512641e-13,-3.85E-06,2.655512641e-13,-3.85E-06,1.078944141e-13,5.4627393982e-5
0.3345,7.1504529847e-6,-1.783343343,2.727831428e-13,-3.86E-06,2.727831428e-13,-3.86E-06,1.081003999e-13,5.4709172052e-5
0.335,7.1412236012e-6,-1.780681656,2.799816094e-13,-3.86E-06,2.799816094e-13,-3.86E-06,1.083037900e-13,5.4790950124e-5
0.3355,7.1318139902e-6,-1.778027913,2.871461350e-13,-3.87E-06,2.871461350e-13,-3.87E-06,1.085090248e-13,5.4872728199e-5
0.336,7.1222256927e-6,-1.775382078,2.942779574e-13,-3.87E-06,2.942779574e-13,-3.87E-06,1.087105541e-13,5.4954506275e-5
0.3365,7.1124603981e-6,-1.772744117,3.013757455e-13,-3.88E-06,3.013757455e-13,-3.88E-06,1.089050474e-13,5.5036284355e-5
0.337,7.1025194993e-6,-1.770113993,3.084392892e-13,-3.89E-06,3.084392892e-13,-3.89E-06,1.090969448e-13,5.5118062436e-5
0.3375,7.0924042631e-6,-1.767491672,3.154694058e-13,-3.89E-06,3.154694058e-13,-3.89E-06,1.092862482e-13,5.5199840520e-5
0.338,7.0821161361e-6,-1.764877119,3.224651795e-13,-3.90E-06,3.224651795e-13,-3.90E-06,1.094740669e-13,5.5281618607e-5
0.3385,7.0716568584e-6,-1.7622703,3.294273770e-13,-3.90E-06,3.294273770e-13,-3.90E-06,1.096648419e-13,5.5363396696e-5
0.339,7.0610276134e-6,-1.759671181,3.363545756e-13,-3.91E-06,3.363545756e-13,-3.91E-06,1.098441404e-13,5.5445174787e-5
0.3395,7.0502298120e-6,-1.757079727,3.432485757e-13,-3.91E-06,3.432485757e-13,-3.91E-06,1.100219558e-13,5.5526952881e-5
0.34,7.0392647789e-6,-1.754495904,3.501073761e-13,-3.92E-06,3.501073761e-13,-3.92E-06,1.101993968e-13,5.5608730977e-5
0.3405,7.0281341209e-6,-1.751919679,3.569329859e-13,-3.93E-06,3.569329859e-13,-3.93E-06,1.103731343e-13,5.5690509076e-5
0.341,7.0168390114e-6,-1.749351018,3.637230839e-13,-3.93E-06,3.637230839e-13,-3.93E-06,1.105431677e-13,5.5772287177e-5
0.3415,7.0053809437e-6,-1.746789888,3.704783573e-13,-3.94E-06,3.704783573e-13,-3.94E-06,1.107094976e-13,5.5854065280e-5
0.342,6.9937612299e-6,-1.744236256,3.772002572e-13,-3.94E-06,3.772002572e-13,-3.94E-06,1.108699034e-13,5.5935843386e-5
0.3425,6.9819813844e-6,-1.741690089,3.838864469e-13,-3.95E-06,3.838864469e-13,-3.95E-06,1.110277163e-13,5.6017621495e-5
0.343,6.9700427311e-6,-1.739151354,3.905377934e-13,-3.96E-06,3.905377934e-13,-3.96E-06,1.111829358e-13,5.6099399606e-5
0.3435,6.9579463025e-6,-1.736620018,3.971543365e-13,-3.96E-06,3.971543365e-13,-3.96E-06,1.113444446e-13,5.6181177719e-5
0.344,6.9456938162e-6,-1.73409605,4.037369441e-13,-3.97E-06,4.037369441e-13,-3.97E-06,1.114955901e-13,5.6262955835e-5
0.3445,6.9332863185e-6,-1.731579416,4.102836514e-13,-3.97E-06,4.102836514e-13,-3.97E-06,1.116397011e-13,5.6344733953e-5
0.345,6.9207253677e-6,-1.729070086,4.167954735e-13,-3.98E-06,4.167954735e-13,-3.98E-06,1.117845515e-13,5.6426512074e-5
0.3455,6.9080123058e-6,-1.726568027,4.232726268e-13,-3.98E-06,4.232726268e-13,-3.98E-06,1.119256995e-13,5.6508290197e-5
0.346,6.8951481121e-6,-1.724073208,4.297135514e-13,-3.99E-06,4.297135514e-13,-3.99E-06,1.120642556e-13,5.6590068322e-5
0.3465,6.8821343763e-6,-1.721585597,4.361200245e-13,-4.00E-06,4.361200245e-13,-4.00E-06,1.122079917e-13,5.6671846450e-5
0.347,6.8689722135e-6,-1.719105163,4.424908554e-13,-4.00E-06,4.424908554e-13,-4.00E-06,1.123402546e-13,5.6753624581e-5
0.3475,6.8556630850e-6,-1.716631876,4.488263307e-13,-4.01E-06,4.488263307e-13,-4.01E-06,1.124665953e-13,5.6835402714e-5
0.348,6.8422083041e-6,-1.714165703,4.551262180e-13,-4.01E-06,4.551262180e-13,-4.01E-06,1.125958965e-13,5.6917180850e-5
0.3485,6.8286090661e-6,-1.711706615,4.613907153e-13,-4.02E-06,4.613907152e-13,-4.02E-06,1.127181653e-13,5.6998958988e-5
0.349,6.8148663487e-6,-1.70925458,4.676199347e-13,-4.02E-06,4.676199348e-13,-4.02E-06,1.128378440e-13,5.7080737128e-5
0.3495,6.8009819127e-6,-1.706809569,4.738121961e-13,-4.03E-06,4.738121961e-13,-4.03E-06,1.129560423e-13,5.7162515271e-5
0.35,6.7869564475e-6,-1.704371552,4.799700901e-13,-4.04E-06,4.799700901e-13,-4.04E-06,1.130716500e-13,5.7244293417e-5
0.3505,6.7727917789e-6,-1.701940498,4.860917832e-13,-4.04E-06,4.860917832e-13,-4.04E-06,1.131802273e-13,5.7326071565e-5
0.351,6.7584887393e-6,-1.699516377,4.921768753e-13,-4.05E-06,4.921768753e-13,-4.05E-06,1.132917655e-13,5.7407849716e-5
0.3515,6.7440487737e-6,-1.69709916,4.982268972e-13,-4.05E-06,4.982268972e-13,-4.05E-06,1.133929420e-13,5.7489627869e-5
0.352,6.7294729300e-6,-1.694688818,5.042411857e-13,-4.06E-06,5.042411857e-13,-4.06E-06,1.134948594e-13,5.7571406024e-5
0.3525,6.7147626197e-6,-1.692285321,5.102189137e-13,-4.06E-06,5.102189137e-13,-4.06E-06,1.135964087e-13,5.7653184183e-5
0.353,6.6999188954e-6,-1.689888639,5.161600391e-13,-4.07E-06,5.161600390e-13,-4.07E-06,1.136909273e-13,5.7734962343e-5
0.3535,6.6849429388e-6,-1.687498745,5.220657609e-13,-4.08E-06,5.220657609e-13,-4.08E-06,1.137839669e-13,5.7816740506e-5
0.354,6.6698361125e-6,-1.685115608,5.279355209e-13,-4.08E-06,5.279355209e-13,-4.08E-06,1.138721974e-13,5.7898518672e-5
0.3545,6.6545994854e-6,-1.682739201,5.337679708e-13,-4.09E-06,5.337679708e-13,-4.09E-06,1.139545085e-13,5.7980296840e-5
0.355,6.6392342103e-6,-1.680369495,5.395646750e-13,-4.09E-06,5.395646750e-13,-4.09E-06,1.140420033e-13,5.8062075011e-5
0.3555,6.6237416456e-6,-1.678006461,5.453247398e-13,-4.10E-06,5.453247398e-13,-4.10E-06,1.141224685e-13,5.8143853185e-5
0.356,6.6081227089e-6,-1.675650072,5.510485609e-13,-4.11E-06,5.510485609e-13,-4.11E-06,1.142025657e-13,5.8225631361e-5
0.3565,6.5923786307e-6,-1.673300299,5.567355517e-13,-4.11E-06,5.567355517e-13,-4.11E-06,1.142723031e-13,5.8307409539e-5
0.357,6.5765107219e-6,-1.670957114,5.623867130e-13,-4.12E-06,5.623867130e-13,-4.12E-06,1.143405634e-13,5.8389187720e-5
0.3575,6.5605201191e-6,-1.668620491,5.680007537e-13,-4.12E-06,5.680007537e-13,-4.12E-06,1.144117874e-13,5.8470965903e-5
0.358,6.5444076996e-6,-1.6662904,5.735781816e-13,-4.13E-06,5.735781815e-13,-4.13E-06,1.144748725e-13,5.8552744090e-5
0.3585,6.5281748851e-6,-1.663966815,5.791194810e-13,-4.13E-06,5.791194810e-13,-4.13E-06,1.145353707e-13,5.8634522278e-5
0.359,6.5118225937e-6,-1.661649709,5.846232367e-13,-4.14E-06,5.846232367e-13,-4.14E-06,1.145921717e-13,5.8716300470e-5
0.3595,6.4953521631e-6,-1.659339055,5.900902506e-13,-4.15E-06,5.900902506e-13,-4.15E-06,1.146463853e-13,5.8798078663e-5
0.36,6.4787645516e-6,-1.657034824,5.955204963e-13,-4.15E-06,5.955204963e-13,-4.15E-06,1.147002334e-13,5.8879856860e-5
0.3605,6.4620609540e-6,-1.654736992,6.009132135e-13,-4.16E-06,6.009132135e-13,-4.16E-06,1.147470536e-13,5.8961635059e-5
0.361,6.4452424634e-6,-1.65244553,6.062708466e-13,-4.16E-06,6.062708466e-13,-4.16E-06,1.147946186e-13,5.9043413260e-5
0.3615,6.4283101929e-6,-1.650160413,6.115902415e-13,-4.17E-06,6.115902415e-13,-4.17E-06,1.148329351e-13,5.9125191464e-5
0.362,6.4112649675e-6,-1.647881615,6.168727618e-13,-4.17E-06,6.168727618e-13,-4.17E-06,1.148786587e-13,5.9206969671e-5
0.3625,6.3941083836e-6,-1.645609108,6.221183366e-13,-4.18E-06,6.221183366e-13,-4.18E-06,1.149073628e-13,5.9288747880e-5
0.363,6.3768411773e-6,-1.643342867,6.273263299e-13,-4.19E-06,6.273263299e-13,-4.19E-06,1.149412534e-13,5.9370526092e-5
0.3635,6.3594646412e-6,-1.641082866,6.324973612e-13,-4.19E-06,6.324973612e-13,-4.19E-06,1.149747789e-13,5.9452304307e-5
0.364,6.3419794773e-6,-1.63882908,6.376314531e-13,-4.20E-06,6.376314531e-13,-4.20E-06,1.149957273e-13,5.9534082524e-5
0.3645,6.3243869664e-6,-1.636581482,6.427283301e-13,-4.20E-06,6.427283302e-13,-4.20E-06,1.150229723e-13,5.9615860744e-5
0.365,6.3066883558e-6,-1.634340047,6.477877493e-13,-4.21E-06,6.477877493e-13,-4.21E-06,1.150420811e-13,5.9697638966e-5
0.3655,6.2888844916e-6,-1.63210475,6.528094655e-13,-4.21E-06,6.528094655e-13,-4.21E-06,1.150574955e-13,5.9779417191e-5
0.366,6.2709764753e-6,-1.629875566,6.577944188e-13,-4.22E-06,6.577944188e-13,-4.22E-06,1.150725452e-13,5.9861195419e-5
0.3665,6.2529651523e-6,-1.627652469,6.627419710e-13,-4.23E-06,6.627419710e-13,-4.23E-06,1.150805697e-13,5.9942973649e-5
0.367,6.2348519205e-6,-1.625435434,6.676511792e-13,-4.23E-06,6.676511792e-13,-4.23E-06,1.150882304e-13,6.0024751882e-5
0.3675,6.2166375391e-6,-1.623224437,6.725240498e-13,-4.24E-06,6.725240498e-13,-4.24E-06,1.150899769e-13,6.0106530117e-5
0.368,6.1983231115e-6,-1.621019454,6.773586337e-13,-4.24E-06,6.773586337e-13,-4.24E-06,1.150935804e-13,6.0188308355e-5
0.3685,6.1799097263e-6,-1.618820458,6.821564252e-13,-4.25E-06,6.821564252e-13,-4.25E-06,1.150912695e-13,6.0270086596e-5
0.369,6.1613983673e-6,-1.616627427,6.869164234e-13,-4.26E-06,6.869164234e-13,-4.26E-06,1.150830446e-13,6.0351864839e-5
0.3695,6.1427899805e-6,-1.614440336,6.916377393e-13,-4.26E-06,6.916377393e-13,-4.26E-06,1.150744568e-13,6.0433643085e-5
0.37,6.1240855804e-6,-1.61225916,6.963225194e-13,-4.27E-06,6.963225193e-13,-4.27E-06,1.150655061e-13,6.0515421334e-5
0.3705,6.1052862249e-6,-1.610083877,7.009695950e-13,-4.27E-06,7.009695950e-13,-4.27E-06,1.150439805e-13,6.0597199585e-5
0.371,6.0863928524e-6,-1.60791446,7.055786249e-13,-4.28E-06,7.055786249e-13,-4.28E-06,1.150309748e-13,6.0678977839e-5
0.3715,6.0674064932e-6,-1.605750889,7.101506195e-13,-4.28E-06,7.101506195e-13,-4.28E-06,1.150076145e-13,6.0760756096e-5
0.372,6.0483279703e-6,-1.603593137,7.146841442e-13,-4.29E-06,7.146841442e-13,-4.29E-06,1.149805617e-13,6.0842534355e-5
0.3725,6.0291585542e-6,-1.601441182,7.191795291e-13,-4.30E-06,7.191795291e-13,-4.30E-06,1.149531473e-13,6.0924312617e-5
0.373,6.0098989042e-6,-1.599295001,7.236376281e-13,-4.30E-06,7.236376281e-13,-4.30E-06,1.149242612e-13,6.1006090882e-5
0.3735,5.9905503029e-6,-1.597154571,7.280583150e-13,-4.31E-06,7.280583150e-13,-4.31E-06,1.148894624e-13,6.1087869149e-5
0.374,5.9711134730e-6,-1.595019867,7.324399376e-13,-4.31E-06,7.324399376e-13,-4.31E-06,1.148520815e-13,6.1169647419e-5
0.3745,5.9515895011e-6,-1.592890868,7.367849371e-13,-4.32E-06,7.367849370e-13,-4.32E-06,1.148054584e-13,6.1251425691e-5
0.375,5.9319793320e-6,-1.590767551,7.410911102e-13,-4.32E-06,7.410911103e-13,-4.32E-06,1.147606945e-13,6.1333203967e-5
0.3755,5.9122838267e-6,-1.588649891,7.453595542e-13,-4.33E-06,7.453595542e-13,-4.33E-06,1.147144597e-13,6.1414982245e-5
0.376,5.8925038416e-6,-1.586537868,7.495898895e-13,-4.34E-06,7.495898895e-13,-4.34E-06,1.146634239e-13,6.1496760525e-5
0.3765,5.8726405681e-6,-1.584431458,7.537823835e-13,-4.34E-06,7.537823835e-13,-4.34E-06,1.146098070e-13,6.1578538809e-5
0.377,5.8526946791e-6,-1.58233064,7.579363836e-13,-4.35E-06,7.579363836e-13,-4.35E-06,1.145513889e-13,6.1660317095e-5
0.3775,5.8326674646e-6,-1.58023539,7.620533932e-13,-4.35E-06,7.620533932e-13,-4.35E-06,1.144926105e-13,6.1742095384e-5
0.378,5.8125594000e-6,-1.578145687,7.661316871e-13,-4.36E-06,7.661316871e-13,-4.36E-06,1.144245914e-13,6.1823873675e-5
0.3785,5.7923716630e-6,-1.576061509,7.701717445e-13,-4.36E-06,7.701717445e-13,-4.36E-06,1.143584326e-13,6.1905651969e-5
0.379,5.7721052914e-6,-1.573982833,7.741738004e-13,-4.37E-06,7.741738004e-13,-4.37E-06,1.142908038e-13,6.1987430266e-5
0.3795,5.7517607732e-6,-1.571909638,7.781379110e-13,-4.38E-06,7.781379110e-13,-4.38E-06,1.142172652e-13,6.2069208566e-5
0.38,5.7313393242e-6,-1.569841903,7.820636424e-13,-4.38E-06,7.820636424e-13,-4.38E-06,1.141367052e-13,6.2150986868e-5
0.3805,5.7108417888e-6,-1.567779605,7.859510441e-13,-4.39E-06,7.859510441e-13,-4.39E-06,1.140580080e-13,6.2232765173e-5
0.381,5.6902691924e-6,-1.565722723,7.898001451e-13,-4.39E-06,7.898001451e-13,-4.39E-06,1.139756200e-13,6.2314543481e-5
0.3815,5.6696220548e-6,-1.563671237,7.936123566e-13,-4.40E-06,7.936123566e-13,-4.40E-06,1.138873230e-13,6.2396321792e-5
0.382,5.6489016767e-6,-1.561625123,7.973842662e-13,-4.41E-06,7.973842661e-13,-4.41E-06,1.137986676e-13,6.2478100105e-5
0.3825,5.6281086694e-6,-1.559584363,8.011193062e-13,-4.41E-06,8.011193062e-13,-4.41E-06,1.137041026e-13,6.2559878421e-5
0.383,5.6072440160e-6,-1.557548934,8.048160214e-13,-4.42E-06,8.048160214e-13,-4.42E-06,1.136047393e-13,6.2641656740e-5
0.3835,5.5863084432e-6,-1.555518815,8.084744878e-13,-4.42E-06,8.084744878e-13,-4.42E-06,1.135116785e-13,6.2723435061e-5
0.384,5.5653032506e-6,-1.553493987,8.120941021e-13,-4.43E-06,8.120941021e-13,-4.43E-06,1.134060479e-13,6.2805213385e-5
0.3845,5.5442287081e-6,-1.551474427,8.156764360e-13,-4.43E-06,8.156764360e-13,-4.43E-06,1.132978392e-13,6.2886991712e-5
0.385,5.5230859997e-6,-1.549460116,8.192192539e-13,-4.44E-06,8.192192539e-13,-4.44E-06,1.131926040e-13,6.2968770042e-5
0.3855,5.5018759631e-6,-1.547451033,8.227241910e-13,-4.45E-06,8.227241910e-13,-4.45E-06,1.130781294e-13,6.3050548375e-5
0.386,5.4805993868e-6,-1.545447158,8.261905036e-13,-4.45E-06,8.261905036e-13,-4.45E-06,1.129632982e-13,6.3132326710e-5
0.3865,5.4592570629e-6,-1.54344847,8.296187653e-13,-4.46E-06,8.296187653e-13,-4.46E-06,1.128436689e-13,6.3214105048e-5
0.387,5.4378500484e-6,-1.54145495,8.330089392e-13,-4.46E-06,8.330089392e-13,-4.46E-06,1.127181323e-13,6.3295883389e-5
0.3875,5.4163789246e-6,-1.539466577,8.363609712e-13,-4.47E-06,8.363609712e-13,-4.47E-06,1.125922389e-13,6.3377661732e-5
0.388,5.3948445978e-6,-1.537483331,8.396736940e-13,-4.47E-06,8.396736940e-13,-4.47E-06,1.124637688e-13,6.3459440079e-5
0.3885,5.3732482213e-6,-1.535505193,8.429491353e-13,-4.48E-06,8.429491352e-13,-4.48E-06,1.123327219e-13,6.3541218428e-5
0.389,5.3515899285e-6,-1.533532142,8.461854954e-13,-4.49E-06,8.461854955e-13,-4.49E-06,1.121968777e-13,6.3622996780e-5
0.3895,5.3298712999e-6,-1.53156416,8.493830799e-13,-4.49E-06,8.493830799e-13,-4.49E-06,1.120595686e-13,6.3704775134e-5
0.39,5.3080927059e-6,-1.529601226,8.525422755e-13,-4.50E-06,8.525422755e-13,-4.50E-06,1.119152417e-13,6.3786553492e-5
0.3905,5.2862549646e-6,-1.527643321,8.556639106e-13,-4.50E-06,8.556639105e-13,-4.50E-06,1.117727798e-13,6.3868331852e-5
0.391,5.2643589628e-6,-1.525690426,8.587470218e-13,-4.51E-06,8.587470218e-13,-4.51E-06,1.116233010e-13,6.3950110215e-5
0.3915,5.2424055535e-6,-1.523742522,8.617909738e-13,-4.51E-06,8.617909738e-13,-4.51E-06,1.114723571e-13,6.4031888581e-5
0.392,5.2203954245e-6,-1.521799589,8.647978343e-13,-4.52E-06,8.647978344e-13,-4.52E-06,1.113166174e-13,6.4113666950e-5
0.3925,5.1983295006e-6,-1.519861608,8.677648009e-13,-4.53E-06,8.677648009e-13,-4.53E-06,1.111594128e-13,6.4195445321e-5
0.393,5.1762085056e-6,-1.517928561,8.706941397e-13,-4.53E-06,8.706941397e-13,-4.53E-06,1.110007436e-13,6.4277223695e-5
0.3935,5.1540331236e-6,-1.516000428,8.735848823e-13,-4.54E-06,8.735848823e-13,-4.54E-06,1.108350577e-13,6.4359002073e-5
0.394,5.1318043674e-6,-1.514077192,8.764369117e-13,-4.54E-06,8.764369117e-13,-4.54E-06,1.106634667e-13,6.4440780452e-5
0.3945,5.1095227835e-6,-1.512158832,8.792511593e-13,-4.55E-06,8.792511593e-13,-4.55E-06,1.104959630e-13,6.4522558835e-5
0.395,5.0871893110e-6,-1.510245331,8.820260159e-13,-4.55E-06,8.820260160e-13,-4.55E-06,1.103214437e-13,6.4604337221e-5
0.3955,5.0648046904e-6,-1.50833667,8.847629718e-13,-4.56E-06,8.847629718e-13,-4.56E-06,1.101421300e-13,6.4686115609e-5
0.396,5.0423695586e-6,-1.506432831,8.874620816e-13,-4.57E-06,8.874620816e-13,-4.57E-06,1.099613521e-13,6.4767894000e-5
0.3965,5.0198848631e-6,-1.504533795,8.901222015e-13,-4.57E-06,8.901222015e-13,-4.57E-06,1.097779999e-13,6.4849672395e-5
0.397,4.9973511696e-6,-1.502639545,8.927435880e-13,-4.58E-06,8.927435880e-13,-4.58E-06,1.095887440e-13,6.4931450791e-5
0.3975,4.9747693957e-6,-1.500750062,8.953272813e-13,-4.58E-06,8.953272813e-13,-4.58E-06,1.093958040e-13,6.5013229191e-5
0.398,4.9521402911e-6,-1.498865328,8.978720959e-13,-4.59E-06,8.978720959e-13,-4.59E-06,1.092047316e-13,6.5095007594e-5
0.3985,4.9294645668e-6,-1.496985325,9.003782807e-13,-4.60E-06,9.003782807e-13,-4.60E-06,1.090099762e-13,6.5176785999e-5
0.399,4.9067428530e-6,-1.495110036,9.028465859e-13,-4.60E-06,9.028465859e-13,-4.60E-06,1.088093161e-13,6.5258564408e-5
0.3995,4.8839760084e-6,-1.493239443,9.052757070e-13,-4.61E-06,9.052757069e-13,-4.61E-06,1.086027531e-13,6.5340342819e-5
0.4,4.8611648590e-6,-1.491373527,9.076671030e-13,-4.61E-06,9.076671030e-13,-4.61E-06,1.084002788e-13,6.5422121233e-5
0.4005,4.8383099542e-6,-1.489512272,9.100202338e-13,-4.62E-06,9.100202338e-13,-4.62E-06,1.081885703e-13,6.5503899650e-5
0.401,4.8154120989e-6,-1.48765566,9.123351258e-13,-4.62E-06,9.123351258e-13,-4.62E-06,1.079776205e-13,6.5585678070e-5
0.4015,4.7924719689e-6,-1.485803674,9.146106352e-13,-4.63E-06,9.146106352e-13,-4.63E-06,1.077585470e-13,6.5667456492e-5
0.402,4.7694904096e-6,-1.483956296,9.168483061e-13,-4.64E-06,9.168483061e-13,-4.64E-06,1.075380117e-13,6.5749234918e-5
0.4025,4.7464680891e-6,-1.48211351,9.190481438e-13,-4.64E-06,9.190481438e-13,-4.64E-06,1.073160150e-13,6.5831013346e-5
0.403,4.7234056381e-6,-1.480275297,9.212092566e-13,-4.65E-06,9.212092566e-13,-4.65E-06,1.070936671e-13,6.5912791778e-5
0.4035,4.7003039248e-6,-1.478441641,9.233318208e-13,-4.65E-06,9.233318208e-13,-4.65E-06,1.068631965e-13,6.5994570212e-5
0.404,4.6771634631e-6,-1.476612525,9.254159910e-13,-4.66E-06,9.254159910e-13,-4.66E-06,1.066312649e-13,6.6076348649e-5
0.4045,4.6539850727e-6,-1.474787933,9.274617753e-13,-4.66E-06,9.274617753e-13,-4.66E-06,1.063956511e-13,6.6158127089e-5
0.405,4.6307695754e-6,-1.472967847,9.294704053e-13,-4.67E-06,9.294704053e-13,-4.67E-06,1.061519157e-13,6.6239905532e-5
0.4055,4.6075173669e-6,-1.47115225,9.314393439e-13,-4.68E-06,9.314393439e-13,-4.68E-06,1.059133809e-13,6.6321683978e-5
0.406,4.5842295478e-6,-1.469341127,9.333704342e-13,-4.68E-06,9.333704342e-13,-4.68E-06,1.056678344e-13,6.6403462426e-5
0.4065,4.5609063655e-6,-1.46753446,9.352635608e-13,-4.69E-06,9.352635608e-13,-4.69E-06,1.054197176e-13,6.6485240878e-5
0.407,4.5375488715e-6,-1.465732232,9.371179918e-13,-4.69E-06,9.371179918e-13,-4.69E-06,1.051656997e-13,6.6567019332e-5
0.4075,4.5141575180e-6,-1.463934429,9.389341081e-13,-4.70E-06,9.389341081e-13,-4.70E-06,1.049146630e-13,6.6648797790e-5
0.408,4.4907330984e-6,-1.462141033,9.407127570e-13,-4.70E-06,9.407127570e-13,-4.70E-06,1.046532842e-13,6.6730576250e-5
0.4085,4.4672761270e-6,-1.460352028,9.424523653e-13,-4.71E-06,9.424523653e-13,-4.71E-06,1.043937762e-13,6.6812354713e-5
0.409,4.4437876045e-6,-1.458567398,9.441547789e-13,-4.72E-06,9.441547789e-13,-4.72E-06,1.041272585e-13,6.6894133180e-5
0.4095,4.4202679181e-6,-1.456787127,9.458178795e-13,-4.72E-06,9.458178795e-13,-4.72E-06,1.038603909e-13,6.6975911649e-5
0.41,4.3967177606e-6,-1.455011199,9.474437821e-13,-4.73E-06,9.474437821e-13,-4.73E-06,1.035865136e-13,6.7057690121e-5
0.4105,4.3731380203e-6,-1.453239598,9.490307734e-13,-4.73E-06,9.490307734e-13,-4.73E-06,1.033200589e-13,6.7139468596e-5
0.411,4.3495291167e-6,-1.451472309,9.505800118e-13,-4.74E-06,9.505800117e-13,-4.74E-06,1.030410423e-13,6.7221247074e-5
0.4115,4.3258918316e-6,-1.449709314,9.520911587e-13,-4.75E-06,9.520911587e-13,-4.75E-06,1.027594579e-13,6.7303025555e-5
0.412,4.3022268238e-6,-1.4479506,9.535641600e-13,-4.75E-06,9.535641600e-13,-4.75E-06,1.024730842e-13,6.7384804038e-5
0.4125,4.2785345782e-6,-1.446196149,9.549988502e-13,-4.76E-06,9.549988502e-13,-4.76E-06,1.021863621e-13,6.7466582525e-5
0.413,4.2548159909e-6,-1.444445948,9.563961164e-13,-4.76E-06,9.563961164e-13,-4.76E-06,1.018981818e-13,6.7548361015e-5
0.4135,4.2310715666e-6,-1.442699979,9.577549000e-13,-4.77E-06,9.577549000e-13,-4.77E-06,1.016041024e-13,6.7630139508e-5
0.414,4.2073019455e-6,-1.440958229,9.590756087e-13,-4.77E-06,9.590756087e-13,-4.77E-06,1.013074552e-13,6.7711918003e-5
0.4145,4.1835079012e-6,-1.439220681,9.603588552e-13,-4.78E-06,9.603588553e-13,-4.78E-06,1.010082400e-13,6.7793696502e-5
0.415,4.1596897744e-6,-1.43748732,9.616030242e-13,-4.79E-06,9.616030242e-13,-4.79E-06,1.007086778e-13,6.7875475004e-5
0.4155,4.1358486439e-6,-1.435758132,9.628104921e-13,-4.79E-06,9.628104921e-13,-4.79E-06,1.003987760e-13,6.7957253508e-5
0.416,4.1119846637e-6,-1.434033101,9.639799949e-13,-4.80E-06,9.639799950e-13,-4.80E-06,1.000929684e-13,6.8039032016e-5
0.4165,4.0880988532e-6,-1.432312212,9.651113520e-13,-4.80E-06,9.651113520e-13,-4.80E-06,9.978015230e-14,6.8120810526e-5
0.417,4.0641916074e-6,-1.43059545,9.662046251e-13,-4.81E-06,9.662046251e-13,-4.81E-06,9.946810033e-14,6.8202589040e-5
0.4175,4.0402635069e-6,-1.4288828,9.672603982e-13,-4.81E-06,9.672603981e-13,-4.81E-06,9.914792997e-14,6.8284367556e-5
0.418,4.0163154365e-6,-1.427174248,9.682779750e-13,-4.82E-06,9.682779750e-13,-4.82E-06,9.882408210e-14,6.8366146076e-5
0.4185,3.9923477395e-6,-1.425469779,9.692581659e-13,-4.83E-06,9.692581659e-13,-4.83E-06,9.849988840e-14,6.8447924598e-5
0.419,3.9683611726e-6,-1.423769378,9.702006421e-13,-4.83E-06,9.702006421e-13,-4.83E-06,9.817201829e-14,6.8529703124e-5
0.4195,3.9443563233e-6,-1.42207303,9.711050070e-13,-4.84E-06,9.711050070e-13,-4.84E-06,9.784269200e-14,6.8611481652e-5
0.42,3.9203338648e-6,-1.420380722,9.719716168e-13,-4.84E-06,9.719716168e-13,-4.84E-06,9.750413802e-14,6.8693260184e-5
0.4205,3.8962942140e-6,-1.418692438,9.728009177e-13,-4.85E-06,9.728009177e-13,-4.85E-06,9.716967925e-14,6.8775038718e-5
0.421,3.8722381652e-6,-1.417008165,9.735925819e-13,-4.85E-06,9.735925819e-13,-4.85E-06,9.682710423e-14,6.8856817256e-5
0.4215,3.8481662374e-6,-1.415327887,9.743463076e-13,-4.86E-06,9.743463076e-13,-4.86E-06,9.648640385e-14,6.8938595797e-5
0.422,3.8240790101e-6,-1.413651592,9.750632083e-13,-4.87E-06,9.750632083e-13,-4.87E-06,9.613647723e-14,6.9020374340e-5
0.4225,3.7999770667e-6,-1.411979263,9.757420639e-13,-4.87E-06,9.757420639e-13,-4.87E-06,9.578620477e-14,6.9102152887e-5
0.423,3.7758610250e-6,-1.410310889,9.763829246e-13,-4.88E-06,9.763829246e-13,-4.88E-06,9.543558824e-14,6.9183931436e-5
0.4235,3.7517314876e-6,-1.408646454,9.769863842e-13,-4.88E-06,9.769863842e-13,-4.88E-06,9.508018604e-14,6.9265709989e-5
0.424,3.7275890976e-6,-1.406985944,9.775537677e-13,-4.89E-06,9.775537677e-13,-4.89E-06,9.472110902e-14,6.9347488545e-5
0.4245,3.7034344139e-6,-1.405329346,9.780823361e-13,-4.90E-06,9.780823361e-13,-4.90E-06,9.435946716e-14,6.9429267103e-5
0.425,3.6792677703e-6,-1.403676645,9.785745567e-13,-4.90E-06,9.785745567e-13,-4.90E-06,9.399415016e-14,6.9511045665e-5
0.4255,3.6550900991e-6,-1.402027829,9.790286257e-13,-4.91E-06,9.790286257e-13,-4.91E-06,9.362515865e-14,6.9592824230e-5
0.426,3.6309017535e-6,-1.400382883,9.794458526e-13,-4.91E-06,9.794458526e-13,-4.91E-06,9.325693396e-14,6.9674602798e-5
0.4265,3.6067034059e-6,-1.398741793,9.798251122e-13,-4.92E-06,9.798251122e-13,-4.92E-06,9.288059362e-14,6.9756381369e-5
0.427,3.5824955530e-6,-1.397104547,9.801682509e-13,-4.92E-06,9.801682510e-13,-4.92E-06,9.250057913e-14,6.9838159943e-5
0.4275,3.5582788550e-6,-1.39547113,9.804732861e-13,-4.93E-06,9.804732861e-13,-4.93E-06,9.212133178e-14,6.9919938520e-5
0.428,3.5340537304e-6,-1.393841529,9.807413874e-13,-4.94E-06,9.807413874e-13,-4.94E-06,9.173952082e-14,7.0001717100e-5
0.4285,3.5098210713e-6,-1.392215731,9.809723384e-13,-4.94E-06,9.809723384e-13,-4.94E-06,9.134848437e-14,7.0083495683e-5
0.429,3.4855809623e-6,-1.390593723,9.811660278e-13,-4.95E-06,9.811660278e-13,-4.95E-06,9.096154666e-14,7.0165274269e-5
0.4295,3.4613342777e-6,-1.38897549,9.813234890e-13,-4.95E-06,9.813234890e-13,-4.95E-06,9.056760558e-14,7.0247052859e-5
0.43,3.4370814749e-6,-1.387361021,9.814435045e-13,-4.96E-06,9.814435045e-13,-4.96E-06,9.017221061e-14,7.0328831451e-5
0.4305,3.4128230761e-6,-1.385750301,9.815257774e-13,-4.96E-06,9.815257774e-13,-4.96E-06,8.976981206e-14,7.0410610047e-5
0.431,3.3885597939e-6,-1.384143318,9.815723283e-13,-4.97E-06,9.815723283e-13,-4.97E-06,8.937262277e-14,7.0492388645e-5
0.4315,3.3642919462e-6,-1.382540059,9.815813263e-13,-4.98E-06,9.815813263e-13,-4.98E-06,8.896620903e-14,7.0574167247e-5
0.432,3.3400201802e-6,-1.38094051,9.815530771e-13,-4.98E-06,9.815530771e-13,-4.98E-06,8.855612357e-14,7.0655945852e-5
0.4325,3.3157451156e-6,-1.379344659,9.814888680e-13,-4.99E-06,9.814888680e-13,-4.99E-06,8.814569511e-14,7.0737724460e-5
0.433,3.2914671066e-6,-1.377752494,9.813872685e-13,-4.99E-06,9.813872685e-13,-4.99E-06,8.773603656e-14,7.0819503070e-5
0.4335,3.2671869171e-6,-1.376164,9.812498423e-13,-5.00E-06,9.812498423e-13,-5.00E-06,8.731715399e-14,7.0901281685e-5
0.434,3.2429048135e-6,-1.374579166,9.810739124e-13,-5.00E-06,9.810739124e-13,-5.00E-06,8.689459964e-14,7.0983060302e-5
0.4345,3.2186216368e-6,-1.372997979,9.808636402e-13,-5.01E-06,9.808636402e-13,-5.01E-06,8.647281419e-14,7.1064838922e-5
0.435,3.1943376674e-6,-1.371420426,9.806156385e-13,-5.02E-06,9.806156385e-13,-5.02E-06,8.604735669e-14,7.1146617545e-5
0.4355,3.1700534861e-6,-1.369846495,9.803304688e-13,-5.02E-06,9.803304688e-13,-5.02E-06,8.562044952e-14,7.1228396172e-5
0.436,3.1457697059e-6,-1.368276173,9.800107412e-13,-5.03E-06,9.800107413e-13,-5.03E-06,8.518431839e-14,7.1310174802e-5
0.4365,3.1214867137e-6,-1.366709448,9.796522051e-13,-5.03E-06,9.796522051e-13,-5.03E-06,8.475117804e-14,7.1391953434e-5
0.437,3.0972052467e-6,-1.365146307,9.792584951e-13,-5.04E-06,9.792584951e-13,-5.04E-06,8.431325645e-14,7.1473732070e-5
0.4375,3.0729256459e-6,-1.363586739,9.788285451e-13,-5.05E-06,9.788285451e-13,-5.05E-06,8.387388388e-14,7.1555510709e-5
0.438,3.0486484153e-6,-1.36203073,9.783617320e-13,-5.05E-06,9.783617321e-13,-5.05E-06,8.342862090e-14,7.1637289351e-5
0.4385,3.0243741491e-6,-1.360478269,9.778593092e-13,-5.06E-06,9.778593092e-13,-5.06E-06,8.298190683e-14,7.1719067997e-5
0.439,3.0001032821e-6,-1.358929343,9.773201619e-13,-5.06E-06,9.773201619e-13,-5.06E-06,8.252819181e-14,7.1800846645e-5
0.4395,2.9758363283e-6,-1.357383941,9.767449119e-13,-5.07E-06,9.767449119e-13,-5.07E-06,8.207968947e-14,7.1882625297e-5
0.44,2.9515739266e-6,-1.35584205,9.761339072e-13,-5.07E-06,9.761339072e-13,-5.07E-06,8.162307423e-14,7.1964403951e-5
0.4405,2.9273163376e-6,-1.354303659,9.754864607e-13,-5.08E-06,9.754864607e-13,-5.08E-06,8.116390005e-14,7.2046182609e-5
0.441,2.9030642933e-6,-1.352768755,9.748031164e-13,-5.09E-06,9.748031165e-13,-5.09E-06,8.070216668e-14,7.2127961270e-5
0.4415,2.8788182117e-6,-1.351237327,9.740833756e-13,-5.09E-06,9.740833755e-13,-5.09E-06,8.023787309e-14,7.2209739935e-5
0.442,2.8545785779e-6,-1.349709363,9.733281646e-13,-5.10E-06,9.733281646e-13,-5.10E-06,7.976991072e-14,7.2291518602e-5
0.4425,2.8303459088e-6,-1.34818485,9.725374184e-13,-5.10E-06,9.725374185e-13,-5.10E-06,7.929938803e-14,7.2373297272e-5
0.443,2.8061206451e-6,-1.346663778,9.717101637e-13,-5.11E-06,9.717101638e-13,-5.11E-06,7.882519681e-14,7.2455075946e-5
0.4435,2.7819033281e-6,-1.345146135,9.708468481e-13,-5.11E-06,9.708468481e-13,-5.11E-06,7.834955652e-14,7.2536854623e-5
0.444,2.7576944733e-6,-1.343631908,9.699483592e-13,-5.12E-06,9.699483591e-13,-5.12E-06,7.787135768e-14,7.2618633303e-5
0.4445,2.7334943737e-6,-1.342121087,9.690146509e-13,-5.13E-06,9.690146509e-13,-5.13E-06,7.738949069e-14,7.2700411986e-5
0.445,2.7093037898e-6,-1.34061366,9.680448316e-13,-5.13E-06,9.680448316e-13,-5.13E-06,7.690173337e-14,7.2782190673e-5
0.4455,2.6851230159e-6,-1.339109616,9.670396478e-13,-5.14E-06,9.670396478e-13,-5.14E-06,7.641585935e-14,7.2863969362e-5
0.446,2.6609526097e-6,-1.337608943,9.659994356e-13,-5.14E-06,9.659994356e-13,-5.14E-06,7.592520719e-14,7.2945748055e-5
0.4465,2.6367930199e-6,-1.336111629,9.649233920e-13,-5.15E-06,9.649233920e-13,-5.15E-06,7.543199654e-14,7.3027526751e-5
0.447,2.6126447264e-6,-1.334617664,9.638111844e-13,-5.15E-06,9.638111844e-13,-5.15E-06,7.493844810e-14,7.3109305451e-5
0.4475,2.5885081624e-6,-1.333127036,9.626646482e-13,-5.16E-06,9.626646482e-13,-5.16E-06,7.443679132e-14,7.3191084153e-5
0.448,2.5643838041e-6,-1.331639735,9.614820006e-13,-5.17E-06,9.614820006e-13,-5.17E-06,7.393146595e-14,7.3272862859e-5
0.4485,2.5402722699e-6,-1.330155748,9.602650593e-13,-5.17E-06,9.602650593e-13,-5.17E-06,7.342913465e-14,7.3354641567e-5
0.449,2.5161738252e-6,-1.328675065,9.590126649e-13,-5.18E-06,9.590126650e-13,-5.18E-06,7.292202648e-14,7.3436420279e-5
0.4495,2.4920891393e-6,-1.327197675,9.577246148e-13,-5.18E-06,9.577246148e-13,-5.18E-06,7.241013922e-14,7.3518198995e-5
0.45,2.4680183641e-6,-1.325723566,9.564021264e-13,-5.19E-06,9.564021264e-13,-5.19E-06,7.189680609e-14,7.3599977713e-5
0.4505,2.4439622800e-6,-1.324252729,9.550440839e-13,-5.19E-06,9.550440839e-13,-5.19E-06,7.137980611e-14,7.3681756435e-5
0.451,2.4199211845e-6,-1.322785151,9.536520662e-13,-5.20E-06,9.536520662e-13,-5.20E-06,7.086468980e-14,7.3763535160e-5
0.4515,2.3958955280e-6,-1.321320822,9.522242759e-13,-5.21E-06,9.522242759e-13,-5.21E-06,7.033813530e-14,7.3845313888e-5
0.452,2.3718858683e-6,-1.319859732,9.507621818e-13,-5.21E-06,9.507621818e-13,-5.21E-06,6.981568627e-14,7.3927092620e-5
0.4525,2.3478925747e-6,-1.318401869,9.492654017e-13,-5.22E-06,9.492654017e-13,-5.22E-06,6.928734915e-14,7.4008871354e-5
0.453,2.3239161077e-6,-1.316947223,9.477339710e-13,-5.22E-06,9.477339710e-13,-5.22E-06,6.875756687e-14,7.4090650092e-5
0.4535,2.2999568769e-6,-1.315495783,9.461673508e-13,-5.23E-06,9.461673508e-13,-5.23E-06,6.822189759e-14,7.4172428833e-5
0.454,2.2760153499e-6,-1.314047539,9.445662790e-13,-5.24E-06,9.445662791e-13,-5.24E-06,6.769255428e-14,7.4254207578e-5
0.4545,2.2520920734e-6,-1.31260248,9.429322462e-13,-5.24E-06,9.429322462e-13,-5.24E-06,6.715177411e-14,7.4335986325e-5
0.455,2.2281874019e-6,-1.311160595,9.412624606e-13,-5.25E-06,9.412624606e-13,-5.25E-06,6.660954825e-14,7.4417765076e-5
0.4555,2.2043017052e-6,-1.309721874,9.395584323e-13,-5.25E-06,9.395584322e-13,-5.25E-06,6.606476605e-14,7.4499543830e-5
0.456,2.1804355723e-6,-1.308286306,9.378191483e-13,-5.26E-06,9.378191483e-13,-5.26E-06,6.551520932e-14,7.4581322588e-5
0.4565,2.1565894061e-6,-1.306853882,9.360468218e-13,-5.26E-06,9.360468218e-13,-5.26E-06,6.496753773e-14,7.4663101349e-5
0.457,2.1327635279e-6,-1.30542459,9.342404563e-13,-5.27E-06,9.342404563e-13,-5.27E-06,6.441731166e-14,7.4744880113e-5
0.4575,2.1089584343e-6,-1.303998421,9.324003486e-13,-5.28E-06,9.324003486e-13,-5.28E-06,6.386230982e-14,7.4826658880e-5
0.458,2.0851746301e-6,-1.302575365,9.305247106e-13,-5.28E-06,9.305247106e-13,-5.28E-06,6.330253270e-14,7.4908437650e-5
0.4585,2.0614125058e-6,-1.30115541,9.286163121e-13,-5.29E-06,9.286163120e-13,-5.29E-06,6.274242202e-14,7.4990216424e-5
0.459,2.0376724133e-6,-1.299738547,9.266735994e-13,-5.29E-06,9.266735993e-13,-5.29E-06,6.217864584e-14,7.5071995201e-5
0.4595,2.0139548355e-6,-1.298324767,9.246970478e-13,-5.30E-06,9.246970478e-13,-5.30E-06,6.161342622e-14,7.5153773982e-5
0.46,1.9902601263e-6,-1.296914057,9.226867270e-13,-5.30E-06,9.226867269e-13,-5.30E-06,6.104676280e-14,7.5235552766e-5
0.4605,1.9665888334e-6,-1.29550641,9.206428582e-13,-5.31E-06,9.206428582e-13,-5.31E-06,6.047643447e-14,7.5317331553e-5
0.461,1.9429413122e-6,-1.294101814,9.185649902e-13,-5.32E-06,9.185649902e-13,-5.32E-06,5.990466271e-14,7.5399110343e-5
0.4615,1.9193180268e-6,-1.292700261,9.164533986e-13,-5.32E-06,9.164533986e-13,-5.32E-06,5.932922726e-14,7.5480889136e-5
0.462,1.8957193661e-6,-1.291301739,9.143095512e-13,-5.33E-06,9.143095512e-13,-5.33E-06,5.874679709e-14,7.5562667933e-5
0.4625,1.8721456232e-6,-1.289906239,9.121308720e-13,-5.33E-06,9.121308720e-13,-5.33E-06,5.816514429e-14,7.5644446734e-5
0.463,1.8485973458e-6,-1.288513751,9.099198138e-13,-5.34E-06,9.099198138e-13,-5.34E-06,5.758204817e-14,7.5726225537e-5
0.4635,1.8250749489e-6,-1.287124266,9.076759976e-13,-5.34E-06,9.076759976e-13,-5.34E-06,5.699306810e-14,7.5808004344e-5
0.464,1.8015788246e-6,-1.285737773,9.053975618e-13,-5.35E-06,9.053975618e-13,-5.35E-06,5.640042461e-14,7.5889783154e-5
0.4645,1.7781093844e-6,-1.284354264,9.030867691e-13,-5.36E-06,9.030867692e-13,-5.36E-06,5.581300027e-14,7.5971561968e-5
0.465,1.7546670170e-6,-1.282973728,9.007430628e-13,-5.36E-06,9.007430628e-13,-5.36E-06,5.521525108e-14,7.6053340785e-5
0.4655,1.7312520632e-6,-1.281596156,8.983658099e-13,-5.37E-06,8.983658099e-13,-5.37E-06,5.461605947e-14,7.6135119605e-5
0.466,1.7078649862e-6,-1.280221538,8.959551375e-13,-5.37E-06,8.959551375e-13,-5.37E-06,5.401653607e-14,7.6216898428e-5
0.4665,1.6845063240e-6,-1.278849865,8.935134743e-13,-5.38E-06,8.935134743e-13,-5.38E-06,5.341557048e-14,7.6298677255e-5
0.467,1.6611762168e-6,-1.277481127,8.910378278e-13,-5.39E-06,8.910378278e-13,-5.39E-06,5.281427293e-14,7.6380456085e-5
0.4675,1.6378751737e-6,-1.276115315,8.885294919e-13,-5.39E-06,8.885294919e-13,-5.39E-06,5.220598253e-14,7.6462234919e-5
0.468,1.6146036094e-6,-1.27475242,8.859888979e-13,-5.40E-06,8.859888978e-13,-5.40E-06,5.159402996e-14,7.6544013756e-5
0.4685,1.5913620078e-6,-1.273392431,8.834159357e-13,-5.40E-06,8.834159357e-13,-5.40E-06,5.098396593e-14,7.6625792596e-5
0.469,1.5681505201e-6,-1.272035341,8.808102049e-13,-5.41E-06,8.808102049e-13,-5.41E-06,5.036468894e-14,7.6707571440e-5
0.4695,1.5449697696e-6,-1.270681138,8.781721715e-13,-5.41E-06,8.781721715e-13,-5.41E-06,4.974952286e-14,7.6789350287e-5
0.47,1.5218200924e-6,-1.269329816,8.755017403e-13,-5.42E-06,8.755017403e-13,-5.42E-06,4.912736238e-14,7.6871129137e-5
0.4705,1.4987017324e-6,-1.267981363,8.727993803e-13,-5.43E-06,8.727993803e-13,-5.43E-06,4.850598276e-14,7.6952907991e-5
0.471,1.4756152156e-6,-1.266635771,8.700645867e-13,-5.43E-06,8.700645867e-13,-5.43E-06,4.788316239e-14,7.7034686848e-5
0.4715,1.4525609291e-6,-1.265293031,8.672977961e-13,-5.44E-06,8.672977961e-13,-5.44E-06,4.725112826e-14,7.7116465708e-5
0.472,1.4295392333e-6,-1.263953133,8.644988300e-13,-5.44E-06,8.644988300e-13,-5.44E-06,4.661987429e-14,7.7198244572e-5
0.4725,1.4065504672e-6,-1.262616069,8.616680578e-13,-5.45E-06,8.616680579e-13,-5.45E-06,4.599051210e-14,7.7280023439e-5
0.473,1.3835949135e-6,-1.26128183,8.588057420e-13,-5.45E-06,8.588057420e-13,-5.45E-06,4.535748656e-14,7.7361802310e-5
0.4735,1.3606732978e-6,-1.259950407,8.559116131e-13,-5.46E-06,8.559116131e-13,-5.46E-06,4.471858097e-14,7.7443581184e-5
0.474,1.3377856846e-6,-1.25862179,8.529857209e-13,-5.47E-06,8.529857209e-13,-5.47E-06,4.407268422e-14,7.7525360061e-5
0.4745,1.3149324967e-6,-1.257295972,8.500284940e-13,-5.47E-06,8.500284940e-13,-5.47E-06,4.343644903e-14,7.7607138942e-5
0.475,1.2921141599e-6,-1.255972942,8.470396574e-13,-5.48E-06,8.470396574e-13,-5.48E-06,4.278878247e-14,7.7688917827e-5
0.4755,1.2693310436e-6,-1.254652692,8.440189177e-13,-5.48E-06,8.440189177e-13,-5.48E-06,4.214189689e-14,7.7770696714e-5
0.476,1.2465835454e-6,-1.253335214,8.409675936e-13,-5.49E-06,8.409675936e-13,-5.49E-06,4.149246038e-14,7.7852475605e-5
0.4765,1.2238719328e-6,-1.252020499,8.378847536e-13,-5.49E-06,8.378847537e-13,-5.49E-06,4.084269445e-14,7.7934254500e-5
0.477,1.2011966547e-6,-1.250708538,8.347703629e-13,-5.50E-06,8.347703629e-13,-5.50E-06,4.018593915e-14,7.8016033397e-5
0.4775,1.1785580593e-6,-1.249399322,8.316257107e-13,-5.51E-06,8.316257107e-13,-5.51E-06,3.953107479e-14,7.8097812299e-5
0.478,1.1559564400e-6,-1.248092842,8.284496862e-13,-5.51E-06,8.284496862e-13,-5.51E-06,3.887255058e-14,7.8179591203e-5
0.4785,1.1333923722e-6,-1.246789091,8.252422456e-13,-5.52E-06,8.252422456e-13,-5.52E-06,3.820592551e-14,7.8261370112e-5
0.479,1.1108659359e-6,-1.24548806,8.220046586e-13,-5.52E-06,8.220046586e-13,-5.52E-06,3.754563377e-14,7.8343149023e-5
0.4795,1.0883777323e-6,-1.244189739,8.187361521e-13,-5.53E-06,8.187361521e-13,-5.53E-06,3.688057318e-14,7.8424927938e-5
0.48,1.0659279465e-6,-1.242894121,8.154367064e-13,-5.54E-06,8.154367064e-13,-5.54E-06,3.621074187e-14,7.8506706857e-5
0.4805,1.0435170251e-6,-1.241601197,8.121070115e-13,-5.54E-06,8.121070115e-13,-5.54E-06,3.554280390e-14,7.8588485778e-5
0.481,1.0211452868e-6,-1.240310958,8.087467326e-13,-5.55E-06,8.087467326e-13,-5.55E-06,3.486676509e-14,7.8670264704e-5
0.4815,9.9881309735e-7,-1.239023397,8.053555908e-13,-5.55E-06,8.053555908e-13,-5.55E-06,3.419150908e-14,7.8752043633e-5
0.482,9.7652081122e-7,-1.237738505,8.019351470e-13,-5.56E-06,8.019351470e-13,-5.56E-06,3.351481536e-14,7.8833822565e-5
0.4825,9.5426882472e-7,-1.236456274,7.984844653e-13,-5.56E-06,7.984844652e-13,-5.56E-06,3.283335144e-14,7.8915601500e-5
0.483,9.3205732130e-7,-1.235176695,7.950027148e-13,-5.57E-06,7.950027148e-13,-5.57E-06,3.215267068e-14,7.8997380440e-5
0.4835,9.0988683841e-7,-1.233899759,7.914912353e-13,-5.58E-06,7.914912353e-13,-5.58E-06,3.146833211e-14,7.9079159382e-5
0.484,8.8775770516e-7,-1.23262546,7.879503443e-13,-5.58E-06,7.879503443e-13,-5.58E-06,3.078255554e-14,7.9160938328e-5
0.4845,8.6567008735e-7,-1.231353789,7.843792559e-13,-5.59E-06,7.843792559e-13,-5.59E-06,3.008979030e-14,7.9242717278e-5
0.485,8.4362450268e-7,-1.230084737,7.807779078e-13,-5.59E-06,7.807779077e-13,-5.59E-06,2.940002912e-14,7.9324496231e-5
0.4855,8.2162126673e-7,-1.228818297,7.771475591e-13,-5.60E-06,7.771475591e-13,-5.60E-06,2.870549996e-14,7.9406275187e-5
0.486,7.9966056129e-7,-1.22755446,7.734874444e-13,-5.60E-06,7.734874444e-13,-5.60E-06,2.800842196e-14,7.9488054147e-5
0.4865,7.7774304990e-7,-1.226293218,7.697979499e-13,-5.61E-06,7.697979499e-13,-5.61E-06,2.731656961e-14,7.9569833111e-5
0.487,7.5586879339e-7,-1.225034564,7.660795419e-13,-5.62E-06,7.660795419e-13,-5.62E-06,2.661217712e-14,7.9651612078e-5
0.4875,7.3403818737e-7,-1.223778489,7.623312267e-13,-5.62E-06,7.623312267e-13,-5.62E-06,2.591300998e-14,7.9733391048e-5
0.488,7.1225168206e-7,-1.222524985,7.585536970e-13,-5.63E-06,7.585536970e-13,-5.63E-06,2.520685478e-14,7.9815170022e-5
0.4885,6.9050936440e-7,-1.221274045,7.547468167e-13,-5.63E-06,7.547468166e-13,-5.63E-06,2.450148364e-14,7.9896948999e-5
0.489,6.6881182712e-7,-1.220025661,7.509109017e-13,-5.64E-06,7.509109017e-13,-5.64E-06,2.378912400e-14,7.9978727980e-5
0.4895,6.4715926738e-7,-1.218779824,7.470463050e-13,-5.64E-06,7.470463051e-13,-5.64E-06,2.308087967e-14,8.0060506965e-5
0.49,6.2555213832e-7,-1.217536528,7.431536569e-13,-5.65E-06,7.431536568e-13,-5.65E-06,2.236786835e-14,8.0142285953e-5
0.4905,6.0399055587e-7,-1.216295763,7.392316438e-13,-5.66E-06,7.392316438e-13,-5.66E-06,2.165453177e-14,8.0224064944e-5
0.491,5.8247497519e-7,-1.215057523,7.352803650e-13,-5.66E-06,7.352803649e-13,-5.66E-06,2.093198706e-14,8.0305843939e-5
0.4915,5.6100579331e-7,-1.2138218,7.313016033e-13,-5.67E-06,7.313016033e-13,-5.67E-06,2.021688898e-14,8.0387622938e-5
0.492,5.3958320221e-7,-1.212588586,7.272940053e-13,-5.67E-06,7.272940053e-13,-5.67E-06,1.949480188e-14,8.0469401940e-5
0.4925,5.1820755487e-7,-1.211357873,7.232578777e-13,-5.68E-06,7.232578777e-13,-5.68E-06,1.877128095e-14,8.0551180945e-5
0.493,4.9687926260e-7,-1.210129654,7.191936427e-13,-5.69E-06,7.191936427e-13,-5.69E-06,1.804521394e-14,8.0632959954e-5
0.4935,4.7559852346e-7,-1.208903921,7.151018281e-13,-5.69E-06,7.151018281e-13,-5.69E-06,1.731771155e-14,8.0714738967e-5
0.494,4.5436565883e-7,-1.207680667,7.109810079e-13,-5.70E-06,7.109810079e-13,-5.70E-06,1.658988338e-14,8.0796517983e-5
0.4945,4.3318112603e-7,-1.206459884,7.068327489e-13,-5.70E-06,7.068327488e-13,-5.70E-06,1.585729027e-14,8.0878297003e-5
0.495,4.1204518367e-7,-1.205241564,7.026567138e-13,-5.71E-06,7.026567138e-13,-5.71E-06,1.512770310e-14,8.0960076026e-5
0.4955,3.9095797572e-7,-1.204025701,6.984526391e-13,-5.71E-06,6.984526391e-13,-5.71E-06,1.439001878e-14,8.1041855053e-5
0.496,3.6992009168e-7,-1.202812286,6.942208532e-13,-5.72E-06,6.942208531e-13,-5.72E-06,1.365201056e-14,8.1123634083e-5
0.4965,3.4893156405e-7,-1.201601312,6.899617146e-13,-5.73E-06,6.899617146e-13,-5.73E-06,1.291034720e-14,8.1205413117e-5
0.497,3.2799291539e-7,-1.200392772,6.856752406e-13,-5.73E-06,6.856752406e-13,-5.73E-06,1.217279871e-14,8.1287192155e-5
0.4975,3.0710449815e-7,-1.199186659,6.813613373e-13,-5.74E-06,6.813613373e-13,-5.74E-06,1.143159707e-14,8.1368971196e-5
0.498,2.8626641494e-7,-1.197982965,6.770199589e-13,-5.74E-06,6.770199589e-13,-5.74E-06,1.068229939e-14,8.1450750240e-5
0.4985,2.6547907950e-7,-1.196781683,6.726511752e-13,-5.75E-06,6.726511752e-13,-5.75E-06,9.936007859e-15,8.1532529289e-5
0.499,2.4474279119e-7,-1.195582806,6.682562850e-13,-5.75E-06,6.682562850e-13,-5.75E-06,9.184951142e-15,8.1614308340e-5
0.4995,2.2405788841e-7,-1.194386326,6.638344949e-13,-5.76E-06,6.638344949e-13,-5.76E-06,8.436902399e-15,8.1696087396e-5
0.5,2.0342460972e-7,-1.193192236,6.593846328e-13,-5.77E-06,6.593846328e-13,-5.77E-06,7.686308662e-15,8.1777866455e-5
0.5005,1.8284325999e-7,-1.192000529,6.549093549e-13,-5.77E-06,6.549093549e-13,-5.77E-06,6.928729460e-15,8.1859645517e-5
0.501,1.6231421848e-7,-1.190811198,6.504067012e-13,-5.78E-06,6.504067011e-13,-5.78E-06,6.171938082e-15,8.1941424583e-5
0.5015,1.4183769825e-7,-1.189624236,6.458776314e-13,-5.78E-06,6.458776315e-13,-5.78E-06,5.412601878e-15,8.2023203653e-5
0.502,1.2141406256e-7,-1.188439635,6.413226942e-13,-5.79E-06,6.413226941e-13,-5.79E-06,4.656273194e-15,8.2104982726e-5
0.5025,1.0104358452e-7,-1.187257389,6.367407697e-13,-5.79E-06,6.367407697e-13,-5.79E-06,3.896291664e-15,8.2186761803e-5
0.503,8.0726567071e-8,-1.186077491,6.321332530e-13,-5.80E-06,6.321332530e-13,-5.80E-06,3.132655019e-15,8.2268540884e-5
0.5035,6.0463250240e-8,-1.184899933,6.274989877e-13,-5.81E-06,6.274989877e-13,-5.81E-06,2.364255424e-15,8.2350319968e-5
0.504,4.0254075846e-8,-1.183724709,6.228391981e-13,-5.81E-06,6.228391981e-13,-5.81E-06,1.595531977e-15,8.2432099055e-5
0.5045,2.0099158090e-8,-1.182551812,6.181533703e-13,-5.82E-06,6.181533704e-13,-5.82E-06,8.253758050e-16,8.2513878147e-5
0.505,2.941166501e-13,-1.181381234,4.322869232e-20,-5.82E-06,-1.58E-18,-5.82E-06,-7.77E-18,8.2595657242e-5
0.5055,-1.09E-11,-1.18021298,7.072528532e-13,-5.83E-06,7.072528532e-13,-5.83E-06,-7.13E-16,8.2677436340e-5
0.506,-1.09E-11,-1.179047033,8.010190302e-13,-5.84E-06,8.010190302e-13,-5.84E-06,-1.48E-15,8.2759215442e-5
0.5065,-1.09E-11,-1.177883385,8.946888695e-13,-5.84E-06,8.946888695e-13,-5.84E-06,-2.24E-15,8.2840994548e-5
0.507,-1.09E-11,-1.17672203,9.882602349e-13,-5.85E-06,9.882602349e-13,-5.85E-06,-3.01E-15,8.2922773658e-5
0.5075,-1.08E-11,-1.17556296,1.081729569e-12,-5.85E-06,1.081729569e-12,-5.85E-06,-3.13E-15,8.3004552771e-5
0.508,-1.08E-11,-1.17440617,1.175095254e-12,-5.86E-06,1.175095254e-12,-5.86E-06,-3.13E-15,8.3086331887e-5
0.5085,-1.08E-11,-1.173251652,1.268354390e-12,-5.86E-06,1.268354390e-12,-5.86E-06,-3.13E-15,8.3168111008e-5
0.509,-1.08E-11,-1.172099399,1.361503372e-12,-5.87E-06,1.361503372e-12,-5.87E-06,-3.12E-15,8.3249890132e-5
0.5095,-1.08E-11,-1.170949406,1.454540920e-12,-5.88E-06,1.454540920e-12,-5.88E-06,-3.12E-15,8.3331669259e-5
0.51,-1.07E-11,-1.169801665,1.547464707e-12,-5.88E-06,1.547464707e-12,-5.88E-06,-3.12E-15,8.3413448391e-5
0.5105,-1.07E-11,-1.168656169,1.640271089e-12,-5.89E-06,1.640271089e-12,-5.89E-06,-3.12E-15,8.3495227526e-5
0.511,-1.07E-11,-1.167512913,1.732957715e-12,-5.89E-06,1.732957715e-12,-5.89E-06,-3.12E-15,8.3577006664e-5
0.5115,-1.07E-11,-1.16637189,1.825522747e-12,-5.90E-06,1.825522747e-12,-5.90E-06,-3.12E-15,8.3658785807e-5
0.512,-1.07E-11,-1.165233092,1.917962399e-12,-5.90E-06,1.917962399e-12,-5.90E-06,-3.12E-15,8.3740564953e-5
0.5125,-1.06E-11,-1.164096514,2.010275800e-12,-5.91E-06,2.010275800e-12,-5.91E-06,-3.12E-15,8.3822344102e-5
0.513,-1.06E-11,-1.162962149,2.102458503e-12,-5.92E-06,2.102458503e-12,-5.92E-06,-3.12E-15,8.3904123256e-5
0.5135,-1.06E-11,-1.16182999,2.194509865e-12,-5.92E-06,2.194509865e-12,-5.92E-06,-3.12E-15,8.3985902413e-5
0.514,-1.06E-11,-1.160700031,2.286425775e-12,-5.93E-06,2.286425775e-12,-5.93E-06,-3.11E-15,8.4067681573e-5
0.5145,-1.05E-11,-1.159572266,2.378204059e-12,-5.93E-06,2.378204059e-12,-5.93E-06,-3.11E-15,8.4149460738e-5
0.515,-1.05E-11,-1.158446689,2.469844047e-12,-5.94E-06,2.469844047e-12,-5.94E-06,-3.11E-15,8.4231239906e-5
0.5155,-1.05E-11,-1.157323292,2.561339900e-12,-5.94E-06,2.561339900e-12,-5.94E-06,-3.11E-15,8.4313019078e-5
0.516,-1.05E-11,-1.15620207,2.652691563e-12,-5.95E-06,2.652691563e-12,-5.95E-06,-3.11E-15,8.4394798253e-5
0.5165,-1.05E-11,-1.155083016,2.743895463e-12,-5.96E-06,2.743895463e-12,-5.96E-06,-3.11E-15,8.4476577432e-5
0.517,-1.04E-11,-1.153966124,2.834949287e-12,-5.96E-06,2.834949287e-12,-5.96E-06,-3.11E-15,8.4558356615e-5
0.5175,-1.04E-11,-1.152851388,2.925851509e-12,-5.97E-06,2.925851509e-12,-5.97E-06,-3.11E-15,8.4640135802e-5
0.518,-1.04E-11,-1.151738802,3.016597771e-12,-5.97E-06,3.016597771e-12,-5.97E-06,-3.11E-15,8.4721914992e-5
0.5185,-1.04E-11,-1.150628358,3.107186561e-12,-5.98E-06,3.107186561e-12,-5.98E-06,-3.11E-15,8.4803694186e-5
0.519,-1.04E-11,-1.149520052,3.197616568e-12,-5.98E-06,3.197616568e-12,-5.98E-06,-3.10E-15,8.4885473384e-5
0.5195,-1.03E-11,-1.148413876,3.287883511e-12,-5.99E-06,3.287883511e-12,-5.99E-06,-3.10E-15,8.4967252586e-5
0.52,-1.03E-11,-1.147309825,3.377984737e-12,-6.00E-06,3.377984737e-12,-6.00E-06,-3.10E-15,8.5049031791e-5
0.5205,-1.03E-11,-1.146207893,3.467919850e-12,-6.00E-06,3.467919850e-12,-6.00E-06,-3.10E-15,8.5130811000e-5
0.521,-1.03E-11,-1.145108073,3.557685062e-12,-6.01E-06,3.557685062e-12,-6.01E-06,-3.10E-15,8.5212590212e-5
0.5215,-1.03E-11,-1.14401036,3.647276872e-12,-6.01E-06,3.647276873e-12,-6.01E-06,-3.10E-15,8.5294369429e-5
0.522,-1.03E-11,-1.142914747,3.736694341e-12,-6.02E-06,3.736694341e-12,-6.02E-06,-3.10E-15,8.5376148649e-5
0.5225,-1.02E-11,-1.141821229,3.825935460e-12,-6.03E-06,3.825935460e-12,-6.03E-06,-3.10E-15,8.5457927873e-5
0.523,-1.02E-11,-1.140729798,3.914995409e-12,-6.03E-06,3.914995409e-12,-6.03E-06,-3.10E-15,8.5539707100e-5
0.5235,-1.02E-11,-1.13964045,4.003874576e-12,-6.04E-06,4.003874576e-12,-6.04E-06,-3.10E-15,8.5621486332e-5
0.524,-1.02E-11,-1.138553179,4.092568505e-12,-6.04E-06,4.092568505e-12,-6.04E-06,-3.09E-15,8.5703265567e-5
0.5245,-1.02E-11,-1.137467978,4.181075909e-12,-6.05E-06,4.181075909e-12,-6.05E-06,-3.09E-15,8.5785044806e-5
0.525,-1.01E-11,-1.136384841,4.269393403e-12,-6.05E-06,4.269393403e-12,-6.05E-06,-3.09E-15,8.5866824049e-5
0.5255,-1.01E-11,-1.135303763,4.357518994e-12,-6.06E-06,4.357518994e-12,-6.06E-06,-3.09E-15,8.5948603295e-5
0.526,-1.01E-11,-1.134224738,4.445450717e-12,-6.07E-06,4.445450717e-12,-6.07E-06,-3.09E-15,8.6030382545e-5
0.5265,-1.01E-11,-1.13314776,4.533185527e-12,-6.07E-06,4.533185527e-12,-6.07E-06,-3.09E-15,8.6112161799e-5
0.527,-1.01E-11,-1.132072823,4.620721454e-12,-6.08E-06,4.620721454e-12,-6.08E-06,-3.09E-15,8.6193941057e-5
0.5275,-1.00E-11,-1.130999921,4.708055770e-12,-6.08E-06,4.708055770e-12,-6.08E-06,-3.09E-15,8.6275720319e-5
0.528,-1.00E-11,-1.129929048,4.795186015e-12,-6.09E-06,4.795186015e-12,-6.09E-06,-3.09E-15,8.6357499584e-5
0.5285,-1.00E-11,-1.1288602,4.882110416e-12,-6.09E-06,4.882110416e-12,-6.09E-06,-3.08E-15,8.6439278853e-5
0.529,-9.98E-12,-1.127793369,4.968826139e-12,-6.10E-06,4.968826139e-12,-6.10E-06,-3.08E-15,8.6521058126e-5
0.5295,-9.96E-12,-1.126728551,5.055330818e-12,-6.11E-06,5.055330818e-12,-6.11E-06,-3.08E-15,8.6602837403e-5
0.53,-9.94E-12,-1.125665739,5.141622745e-12,-6.11E-06,5.141622745e-12,-6.11E-06,-3.08E-15,8.6684616683e-5
0.5305,-9.93E-12,-1.124604928,5.227698119e-12,-6.12E-06,5.227698119e-12,-6.12E-06,-3.08E-15,8.6766395968e-5
0.531,-9.91E-12,-1.123546113,5.313556028e-12,-6.12E-06,5.313556028e-12,-6.12E-06,-3.08E-15,8.6848175256e-5
0.5315,-9.89E-12,-1.122489287,5.399193307e-12,-6.13E-06,5.399193307e-12,-6.13E-06,-3.08E-15,8.6929954548e-5
0.532,-9.87E-12,-1.121434445,5.484608089e-12,-6.13E-06,5.484608089e-12,-6.13E-06,-3.08E-15,8.7011733843e-5
0.5325,-9.85E-12,-1.120381581,5.569796893e-12,-6.14E-06,5.569796893e-12,-6.14E-06,-3.08E-15,8.7093513143e-5
0.533,-9.83E-12,-1.119330691,5.654759298e-12,-6.15E-06,5.654759298e-12,-6.15E-06,-3.08E-15,8.7175292446e-5
0.5335,-9.81E-12,-1.118281768,5.739491064e-12,-6.15E-06,5.739491064e-12,-6.15E-06,-3.07E-15,8.7257071754e-5
0.534,-9.79E-12,-1.117234806,5.823991763e-12,-6.16E-06,5.823991763e-12,-6.16E-06,-3.07E-15,8.7338851065e-5
0.5345,-9.77E-12,-1.116189801,5.908257237e-12,-6.16E-06,5.908257237e-12,-6.16E-06,-3.07E-15,8.7420630380e-5
0.535,-9.76E-12,-1.115146747,5.992287004e-12,-6.17E-06,5.992287004e-12,-6.17E-06,-3.07E-15,8.7502409698e-5
0.5355,-9.74E-12,-1.114105638,6.076077125e-12,-6.18E-06,6.076077125e-12,-6.18E-06,-3.07E-15,8.7584189021e-5
0.536,-9.72E-12,-1.113066468,6.159626429e-12,-6.18E-06,6.159626429e-12,-6.18E-06,-3.07E-15,8.7665968347e-5
0.5365,-9.70E-12,-1.112029234,6.242931630e-12,-6.19E-06,6.242931630e-12,-6.19E-06,-3.07E-15,8.7747747677e-5
0.537,-9.68E-12,-1.110993928,6.325991897e-12,-6.19E-06,6.325991897e-12,-6.19E-06,-3.07E-15,8.7829527012e-5
0.5375,-9.67E-12,-1.109960546,6.408803640e-12,-6.20E-06,6.408803640e-12,-6.20E-06,-3.07E-15,8.7911306350e-5
0.538,-9.65E-12,-1.108929083,6.491365316e-12,-6.20E-06,6.491365316e-12,-6.20E-06,-3.06E-15,8.7993085691e-5
0.5385,-9.63E-12,-1.107899532,6.573673882e-12,-6.21E-06,6.573673882e-12,-6.21E-06,-3.06E-15,8.8074865037e-5
0.539,-9.61E-12,-1.106871889,6.655728402e-12,-6.22E-06,6.655728402e-12,-6.22E-06,-3.06E-15,8.8156644387e-5
0.5395,-9.59E-12,-1.105846149,6.737525166e-12,-6.22E-06,6.737525166e-12,-6.22E-06,-3.06E-15,8.8238423740e-5
0.54,-9.58E-12,-1.104822305,6.819063598e-12,-6.23E-06,6.819063598e-12,-6.23E-06,-3.06E-15,8.8320203097e-5
0.5405,-9.56E-12,-1.103800354,6.900339903e-12,-6.23E-06,6.900339903e-12,-6.23E-06,-3.06E-15,8.8401982458e-5
0.541,-9.54E-12,-1.102780289,6.981352462e-12,-6.24E-06,6.981352462e-12,-6.24E-06,-3.06E-15,8.8483761823e-5
0.5415,-9.52E-12,-1.101762105,7.062099291e-12,-6.24E-06,7.062099291e-12,-6.24E-06,-3.06E-15,8.8565541192e-5
0.542,-9.51E-12,-1.100745797,7.142578126e-12,-6.25E-06,7.142578126e-12,-6.25E-06,-3.06E-15,8.8647320565e-5
0.5425,-9.49E-12,-1.099731361,7.222786243e-12,-6.26E-06,7.222786243e-12,-6.26E-06,-3.06E-15,8.8729099942e-5
0.543,-9.47E-12,-1.09871879,7.302722090e-12,-6.26E-06,7.302722090e-12,-6.26E-06,-3.06E-15,8.8810879322e-5
0.5435,-9.46E-12,-1.09770808,7.382383456e-12,-6.27E-06,7.382383456e-12,-6.27E-06,-3.05E-15,8.8892658707e-5
0.544,-9.43E-12,-1.096699225,7.461767755e-12,-6.27E-06,7.461767755e-12,-6.27E-06,-3.05E-15,8.8974438095e-5
0.5445,-9.42E-12,-1.095692221,7.540872909e-12,-6.28E-06,7.540872909e-12,-6.28E-06,-3.05E-15,8.9056217487e-5
0.545,-9.40E-12,-1.094687062,7.619697349e-12,-6.28E-06,7.619697349e-12,-6.28E-06,-3.05E-15,8.9137996884e-5
0.5455,-9.39E-12,-1.093683743,7.698238307e-12,-6.29E-06,7.698238307e-12,-6.29E-06,-3.05E-15,8.9219776284e-5
0.546,-9.37E-12,-1.092682259,7.776493858e-12,-6.30E-06,7.776493858e-12,-6.30E-06,-3.05E-15,8.9301555688e-5
0.5465,-9.35E-12,-1.091682606,7.854461431e-12,-6.30E-06,7.854461431e-12,-6.30E-06,-3.05E-15,8.9383335096e-5
0.547,-9.33E-12,-1.090684778,7.932139503e-12,-6.31E-06,7.932139503e-12,-6.31E-06,-3.05E-15,8.9465114508e-5
0.5475,-9.32E-12,-1.089688769,8.009526522e-12,-6.31E-06,8.009526522e-12,-6.31E-06,-3.04E-15,8.9546893923e-5
0.548,-9.30E-12,-1.088694576,8.086618695e-12,-6.32E-06,8.086618695e-12,-6.32E-06,-3.04E-15,8.9628673343e-5
0.5485,-9.29E-12,-1.087702194,8.163414852e-12,-6.33E-06,8.163414852e-12,-6.33E-06,-3.04E-15,8.9710452767e-5
0.549,-9.27E-12,-1.086711616,8.239913062e-12,-6.33E-06,8.239913062e-12,-6.33E-06,-3.04E-15,8.9792232194e-5
0.5495,-9.25E-12,-1.085722839,8.316111509e-12,-6.34E-06,8.316111509e-12,-6.34E-06,-3.04E-15,8.9874011626e-5
0.55,-9.23E-12,-1.084735857,8.392007275e-12,-6.34E-06,8.392007275e-12,-6.34E-06,-3.04E-15,8.9955791061e-5
0.5505,-9.22E-12,-1.083750665,8.467598719e-12,-6.35E-06,8.467598719e-12,-6.35E-06,-3.04E-15,9.0037570501e-5
0.551,-9.20E-12,-1.08276726,8.542884201e-12,-6.35E-06,8.542884201e-12,-6.35E-06,-3.04E-15,9.0119349944e-5
0.5515,-9.19E-12,-1.081785635,8.617861314e-12,-6.36E-06,8.617861314e-12,-6.36E-06,-3.04E-15,9.0201129391e-5
0.552,-9.16E-12,-1.080805786,8.692527073e-12,-6.37E-06,8.692527074e-12,-6.37E-06,-3.03E-15,9.0282908843e-5
0.5525,-9.15E-12,-1.079827708,8.766880420e-12,-6.37E-06,8.766880420e-12,-6.37E-06,-3.04E-15,9.0364688298e-5
0.553,-9.13E-12,-1.078851397,8.840920385e-12,-6.38E-06,8.840920385e-12,-6.38E-06,-3.03E-15,9.0446467757e-5
0.5535,-9.12E-12,-1.077876847,8.914643077e-12,-6.38E-06,8.914643077e-12,-6.38E-06,-3.03E-15,9.0528247220e-5
0.554,-9.10E-12,-1.076904054,8.988047258e-12,-6.39E-06,8.988047258e-12,-6.39E-06,-3.03E-15,9.0610026687e-5
0.5545,-9.08E-12,-1.075933013,9.061130545e-12,-6.39E-06,9.061130545e-12,-6.39E-06,-3.03E-15,9.0691806158e-5
0.555,-9.07E-12,-1.074963719,9.133891163e-12,-6.40E-06,9.133891163e-12,-6.40E-06,-3.03E-15,9.0773585634e-5
0.5555,-9.05E-12,-1.073996167,9.206328001e-12,-6.41E-06,9.206328001e-12,-6.41E-06,-3.03E-15,9.0855365113e-5
0.556,-9.03E-12,-1.073030354,9.278438697e-12,-6.41E-06,9.278438697e-12,-6.41E-06,-3.03E-15,9.0937144596e-5
0.5565,-9.02E-12,-1.072066274,9.350219893e-12,-6.42E-06,9.350219893e-12,-6.42E-06,-3.03E-15,9.1018924083e-5
0.557,-9.00E-12,-1.071103922,9.421671116e-12,-6.42E-06,9.421671116e-12,-6.42E-06,-3.02E-15,9.1100703574e-5
0.5575,-8.99E-12,-1.070143295,9.492789987e-12,-6.43E-06,9.492789987e-12,-6.43E-06,-3.02E-15,9.1182483069e-5
0.558,-8.97E-12,-1.069184386,9.563574145e-12,-6.43E-06,9.563574145e-12,-6.43E-06,-3.02E-15,9.1264262568e-5
0.5585,-8.95E-12,-1.068227192,9.634022736e-12,-6.44E-06,9.634022736e-12,-6.44E-06,-3.02E-15,9.1346042071e-5
0.559,-8.94E-12,-1.067271709,9.704133091e-12,-6.45E-06,9.704133091e-12,-6.45E-06,-3.02E-15,9.1427821578e-5
0.5595,-8.92E-12,-1.06631793,9.773903371e-12,-6.45E-06,9.773903370e-12,-6.45E-06,-3.02E-15,9.1509601089e-5
0.56,-8.91E-12,-1.065365853,9.843331280e-12,-6.46E-06,9.843331280e-12,-6.46E-06,-3.02E-15,9.1591380604e-5
0.5605,-8.89E-12,-1.064415472,9.912415664e-12,-6.46E-06,9.912415664e-12,-6.46E-06,-3.02E-15,9.1673160123e-5
0.561,-8.87E-12,-1.063466783,9.981154498e-12,-6.47E-06,9.981154498e-12,-6.47E-06,-3.02E-15,9.1754939646e-5
0.5615,-8.86E-12,-1.062519781,1.004954604e-11,-6.48E-06,1.004954604e-11,-6.48E-06,-3.01E-15,9.1836719174e-5
0.562,-8.85E-12,-1.061574462,1.011758775e-11,-6.48E-06,1.011758775e-11,-6.48E-06,-3.01E-15,9.1918498705e-5
0.5625,-8.83E-12,-1.060630821,1.018527897e-11,-6.49E-06,1.018527897e-11,-6.49E-06,-3.01E-15,9.2000278240e-5
0.563,-8.81E-12,-1.059688854,1.025261520e-11,-6.49E-06,1.025261520e-11,-6.49E-06,-3.01E-15,9.2082057779e-5
0.5635,-8.80E-12,-1.058748556,1.031959808e-11,-6.50E-06,1.031959808e-11,-6.50E-06,-3.01E-15,9.2163837322e-5
0.564,-8.78E-12,-1.057809924,1.038622396e-11,-6.50E-06,1.038622396e-11,-6.50E-06,-3.01E-15,9.2245616870e-5
0.5645,-8.77E-12,-1.056872951,1.045249063e-11,-6.51E-06,1.045249063e-11,-6.51E-06,-3.01E-15,9.2327396421e-5
0.565,-8.75E-12,-1.055937636,1.051839748e-11,-6.52E-06,1.051839748e-11,-6.52E-06,-3.01E-15,9.2409175977e-5
0.5655,-8.73E-12,-1.055003971,1.058394226e-11,-6.52E-06,1.058394226e-11,-6.52E-06,-3.01E-15,9.2490955536e-5
0.566,-8.72E-12,-1.054071954,1.064912278e-11,-6.53E-06,1.064912278e-11,-6.53E-06,-3.00E-15,9.2572735100e-5
0.5665,-8.70E-12,-1.053141581,1.071393794e-11,-6.53E-06,1.071393794e-11,-6.53E-06,-3.00E-15,9.2654514667e-5
0.567,-8.69E-12,-1.052212845,1.077838534e-11,-6.54E-06,1.077838534e-11,-6.54E-06,-3.00E-15,9.2736294239e-5
0.5675,-8.67E-12,-1.051285744,1.084246336e-11,-6.54E-06,1.084246336e-11,-6.54E-06,-3.00E-15,9.2818073815e-5
0.568,-8.66E-12,-1.050360274,1.090617054e-11,-6.55E-06,1.090617054e-11,-6.55E-06,-3.00E-15,9.2899853395e-5
0.5685,-8.64E-12,-1.049436429,1.096950526e-11,-6.56E-06,1.096950526e-11,-6.56E-06,-3.00E-15,9.2981632978e-5
0.569,-8.63E-12,-1.048514205,1.103246471e-11,-6.56E-06,1.103246471e-11,-6.56E-06,-3.00E-15,9.3063412566e-5
0.5695,-8.61E-12,-1.047593598,1.109504882e-11,-6.57E-06,1.109504882e-11,-6.57E-06,-3.00E-15,9.3145192158e-5
0.57,-8.60E-12,-1.046674605,1.115725582e-11,-6.57E-06,1.115725582e-11,-6.57E-06,-3.00E-15,9.3226971755e-5
0.5705,-8.58E-12,-1.04575722,1.121908249e-11,-6.58E-06,1.121908249e-11,-6.58E-06,-3.00E-15,9.3308751355e-5
0.571,-8.57E-12,-1.044841439,1.128052728e-11,-6.58E-06,1.128052728e-11,-6.58E-06,-3.00E-15,9.3390530959e-5
0.5715,-8.55E-12,-1.043927259,1.134159012e-11,-6.59E-06,1.134159012e-11,-6.59E-06,-3.00E-15,9.3472310568e-5
0.572,-8.54E-12,-1.043014675,1.140226783e-11,-6.60E-06,1.140226783e-11,-6.60E-06,-2.99E-15,9.3554090180e-5
0.5725,-8.52E-12,-1.042103683,1.146255959e-11,-6.60E-06,1.146255959e-11,-6.60E-06,-2.99E-15,9.3635869797e-5
0.573,-8.51E-12,-1.041194278,1.152246351e-11,-6.61E-06,1.152246351e-11,-6.61E-06,-2.99E-15,9.3717649418e-5
0.5735,-8.49E-12,-1.040286457,1.158197857e-11,-6.61E-06,1.158197857e-11,-6.61E-06,-2.99E-15,9.3799429042e-5
0.574,-8.48E-12,-1.039380216,1.164110167e-11,-6.62E-06,1.164110167e-11,-6.62E-06,-2.99E-15,9.3881208671e-5
0.5745,-8.46E-12,-1.03847555,1.169983273e-11,-6.63E-06,1.169983273e-11,-6.63E-06,-2.99E-15,9.3962988304e-5
0.575,-8.45E-12,-1.037572455,1.175816963e-11,-6.63E-06,1.175816963e-11,-6.63E-06,-2.99E-15,9.4044767942e-5
0.5755,-8.43E-12,-1.036670927,1.181610988e-11,-6.64E-06,1.181610988e-11,-6.64E-06,-2.99E-15,9.4126547583e-5
0.576,-8.41E-12,-1.035770962,1.187365350e-11,-6.64E-06,1.187365350e-11,-6.64E-06,-2.98E-15,9.4208327228e-5
0.5765,-8.41E-12,-1.034872556,1.193079782e-11,-6.65E-06,1.193079782e-11,-6.65E-06,-2.98E-15,9.4290106878e-5
0.577,-8.39E-12,-1.033975705,1.198754157e-11,-6.65E-06,1.198754157e-11,-6.65E-06,-2.98E-15,9.4371886532e-5
0.5775,-8.38E-12,-1.033080405,1.204388299e-11,-6.66E-06,1.204388299e-11,-6.66E-06,-2.98E-15,9.4453666190e-5
0.578,-8.36E-12,-1.032186652,1.209982262e-11,-6.67E-06,1.209982262e-11,-6.67E-06,-2.98E-15,9.4535445852e-5
0.5785,-8.35E-12,-1.031294442,1.215535514e-11,-6.67E-06,1.215535514e-11,-6.67E-06,-2.98E-15,9.4617225518e-5
0.579,-8.33E-12,-1.03040377,1.221048082e-11,-6.68E-06,1.221048082e-11,-6.68E-06,-2.98E-15,9.4699005188e-5
0.5795,-8.32E-12,-1.029514634,1.226519990e-11,-6.68E-06,1.226519990e-11,-6.68E-06,-2.98E-15,9.4780784863e-5
0.58,-8.31E-12,-1.028627028,1.231950866e-11,-6.69E-06,1.231950866e-11,-6.69E-06,-2.98E-15,9.4862564541e-5
0.5805,-8.29E-12,-1.02774095,1.237340635e-11,-6.69E-06,1.237340635e-11,-6.69E-06,-2.98E-15,9.4944344224e-5
0.581,-8.27E-12,-1.026856394,1.242689220e-11,-6.70E-06,1.242689220e-11,-6.70E-06,-2.98E-15,9.5026123911e-5
0.5815,-8.26E-12,-1.025973357,1.247996364e-11,-6.71E-06,1.247996364e-11,-6.71E-06,-2.97E-15,9.5107903602e-5
0.582,-8.24E-12,-1.025091836,1.253261911e-11,-6.71E-06,1.253261911e-11,-6.71E-06,-2.97E-15,9.5189683298e-5
0.5825,-8.23E-12,-1.024211826,1.258485829e-11,-6.72E-06,1.258485829e-11,-6.72E-06,-2.97E-15,9.5271462997e-5
0.583,-8.22E-12,-1.023333324,1.263667919e-11,-6.72E-06,1.263667919e-11,-6.72E-06,-2.97E-15,9.5353242701e-5
0.5835,-8.20E-12,-1.022456325,1.268808065e-11,-6.73E-06,1.268808065e-11,-6.73E-06,-2.97E-15,9.5435022409e-5
0.584,-8.19E-12,-1.021580825,1.273906085e-11,-6.73E-06,1.273906085e-11,-6.73E-06,-2.97E-15,9.5516802121e-5
0.5845,-8.17E-12,-1.020706822,1.278961809e-11,-6.74E-06,1.278961809e-11,-6.74E-06,-2.97E-15,9.5598581837e-5
0.585,-8.16E-12,-1.01983431,1.283975235e-11,-6.75E-06,1.283975235e-11,-6.75E-06,-2.97E-15,9.5680361557e-5
0.5855,-8.15E-12,-1.018963287,1.288946182e-11,-6.75E-06,1.288946182e-11,-6.75E-06,-2.97E-15,9.5762141282e-5
0.586,-8.13E-12,-1.018093748,1.293874483e-11,-6.76E-06,1.293874483e-11,-6.76E-06,-2.97E-15,9.5843921011e-5
0.5865,-8.12E-12,-1.01722569,1.298759912e-11,-6.76E-06,1.298759912e-11,-6.76E-06,-2.97E-15,9.5925700744e-5
0.587,-8.11E-12,-1.016359109,1.303602474e-11,-6.77E-06,1.303602474e-11,-6.77E-06,-2.96E-15,9.6007480481e-5
0.5875,-8.09E-12,-1.015494,1.308401961e-11,-6.77E-06,1.308401961e-11,-6.77E-06,-2.96E-15,9.6089260222e-5
0.588,-8.08E-12,-1.014630361,1.313158318e-11,-6.78E-06,1.313158318e-11,-6.78E-06,-2.96E-15,9.6171039968e-5
0.5885,-8.07E-12,-1.013768188,1.317871400e-11,-6.79E-06,1.317871400e-11,-6.79E-06,-2.96E-15,9.6252819718e-5
0.589,-8.05E-12,-1.012907476,1.322541041e-11,-6.79E-06,1.322541041e-11,-6.79E-06,-2.96E-15,9.6334599472e-5
0.5895,-8.03E-12,-1.012048222,1.327167179e-11,-6.80E-06,1.327167179e-11,-6.80E-06,-2.96E-15,9.6416379230e-5
0.59,-8.02E-12,-1.011190423,1.331749520e-11,-6.80E-06,1.331749520e-11,-6.80E-06,-2.96E-15,9.6498158993e-5
0.5905,-8.01E-12,-1.010334075,1.336288125e-11,-6.81E-06,1.336288125e-11,-6.81E-06,-2.96E-15,9.6579938760e-5
0.591,-8.00E-12,-1.009479173,1.340782780e-11,-6.82E-06,1.340782780e-11,-6.82E-06,-2.96E-15,9.6661718531e-5
0.5915,-7.98E-12,-1.008625715,1.345233542e-11,-6.82E-06,1.345233542e-11,-6.82E-06,-2.96E-15,9.6743498306e-5
0.592,-7.97E-12,-1.007773697,1.349639963e-11,-6.83E-06,1.349639963e-11,-6.83E-06,-2.95E-15,9.6825278086e-5
0.5925,-7.95E-12,-1.006923115,1.354002169e-11,-6.83E-06,1.354002169e-11,-6.83E-06,-2.95E-15,9.6907057869e-5
0.593,-7.94E-12,-1.006073965,1.358320036e-11,-6.84E-06,1.358320036e-11,-6.84E-06,-2.95E-15,9.6988837658e-5
0.5935,-7.93E-12,-1.005226244,1.362593327e-11,-6.84E-06,1.362593327e-11,-6.84E-06,-2.95E-15,9.7070617450e-5
0.594,-7.92E-12,-1.004379949,1.366822014e-11,-6.85E-06,1.366822014e-11,-6.85E-06,-2.95E-15,9.7152397246e-5
0.5945,-7.90E-12,-1.003535075,1.371005962e-11,-6.86E-06,1.371005962e-11,-6.86E-06,-2.95E-15,9.7234177047e-5
0.595,-7.89E-12,-1.002691619,1.375145064e-11,-6.86E-06,1.375145064e-11,-6.86E-06,-2.95E-15,9.7315956852e-5
0.5955,-7.88E-12,-1.001849577,1.379239135e-11,-6.87E-06,1.379239135e-11,-6.87E-06,-2.95E-15,9.7397736662e-5
0.596,-7.86E-12,-1.001008947,1.383288272e-11,-6.87E-06,1.383288272e-11,-6.87E-06,-2.95E-15,9.7479516475e-5
0.5965,-7.85E-12,-1.000169724,1.387292170e-11,-6.88E-06,1.387292170e-11,-6.88E-06,-2.95E-15,9.7561296293e-5
0.597,-7.83E-12,-0.999331905,1.391250830e-11,-6.88E-06,1.391250830e-11,-6.88E-06,-2.95E-15,9.7643076115e-5
0.5975,-7.82E-12,-0.998495486,1.395164038e-11,-6.89E-06,1.395164038e-11,-6.89E-06,-2.94E-15,9.7724855942e-5
0.598,-7.81E-12,-0.997660464,1.399031816e-11,-6.90E-06,1.399031816e-11,-6.90E-06,-2.94E-15,9.7806635772e-5
0.5985,-7.80E-12,-0.996826835,1.402853952e-11,-6.90E-06,1.402853952e-11,-6.90E-06,-2.94E-15,9.7888415607e-5
0.599,-7.78E-12,-0.995994596,1.406630368e-11,-6.91E-06,1.406630368e-11,-6.91E-06,-2.94E-15,9.7970195447e-5
0.5995,-7.77E-12,-0.995163744,1.410361052e-11,-6.91E-06,1.410361052e-11,-6.91E-06,-2.94E-15,9.8051975290e-5
0.6,-7.76E-12,-0.994334275,1.414045852e-11,-6.92E-06,1.414045852e-11,-6.92E-06,-2.94E-15,9.8133755138e-5
0.6005,-7.75E-12,-0.993506185,1.417684625e-11,-6.92E-06,1.417684625e-11,-6.92E-06,-2.94E-15,9.8215534991e-5
0.601,-7.73E-12,-0.992679471,1.421277341e-11,-6.93E-06,1.421277341e-11,-6.93E-06,-2.94E-15,9.8297314847e-5
0.6015,-7.72E-12,-0.991854129,1.424823838e-11,-6.94E-06,1.424823838e-11,-6.94E-06,-2.94E-15,9.8379094708e-5
0.602,-7.71E-12,-0.991030157,1.428324074e-11,-6.94E-06,1.428324074e-11,-6.94E-06,-2.94E-15,9.8460874573e-5
0.6025,-7.69E-12,-0.990207551,1.431777950e-11,-6.95E-06,1.431777950e-11,-6.95E-06,-2.94E-15,9.8542654443e-5
0.603,-7.68E-12,-0.989386307,1.435185340e-11,-6.95E-06,1.435185340e-11,-6.95E-06,-2.94E-15,9.8624434317e-5
0.6035,-7.67E-12,-0.988566422,1.438546213e-11,-6.96E-06,1.438546213e-11,-6.96E-06,-2.93E-15,9.8706214195e-5
0.604,-7.66E-12,-0.987747893,1.441860468e-11,-6.97E-06,1.441860468e-11,-6.97E-06,-2.93E-15,9.8787994077e-5
0.6045,-7.64E-12,-0.986930716,1.445128037e-11,-6.97E-06,1.445128037e-11,-6.97E-06,-2.93E-15,9.8869773964e-5
0.605,-7.63E-12,-0.986114888,1.448348836e-11,-6.98E-06,1.448348836e-11,-6.98E-06,-2.93E-15,9.8951553855e-5
0.6055,-7.62E-12,-0.985300406,1.451522673e-11,-6.98E-06,1.451522673e-11,-6.98E-06,-2.93E-15,9.9033333751e-5
0.606,-7.61E-12,-0.984487266,1.454649555e-11,-6.99E-06,1.454649555e-11,-6.99E-06,-2.93E-15,9.9115113650e-5
0.6065,-7.59E-12,-0.983675465,1.457729321e-11,-6.99E-06,1.457729321e-11,-6.99E-06,-2.93E-15,9.9196893555e-5
0.607,-7.58E-12,-0.982864999,1.460762116e-11,-7.00E-06,1.460762116e-11,-7.00E-06,-2.93E-15,9.9278673463e-5
0.6075,-7.57E-12,-0.982055866,1.463747561e-11,-7.01E-06,1.463747561e-11,-7.01E-06,-2.93E-15,9.9360453376e-5
0.608,-7.55E-12,-0.981248062,1.466685799e-11,-7.01E-06,1.466685799e-11,-7.01E-06,-2.93E-15,9.9442233293e-5
0.6085,-7.55E-12,-0.980441584,1.469576700e-11,-7.02E-06,1.469576700e-11,-7.02E-06,-2.93E-15,9.9524013215e-5
0.609,-7.53E-12,-0.979636429,1.472420158e-11,-7.02E-06,1.472420158e-11,-7.02E-06,-2.93E-15,9.9605793141e-5
0.6095,-7.52E-12,-0.978832593,1.475216097e-11,-7.03E-06,1.475216097e-11,-7.03E-06,-2.93E-15,9.9687573071e-5
0.61,-7.51E-12,-0.978030072,1.477964442e-11,-7.03E-06,1.477964442e-11,-7.03E-06,-2.92E-15,9.9769353006e-5
0.6105,-7.49E-12,-0.977228865,1.480665248e-11,-7.04E-06,1.480665248e-11,-7.04E-06,-2.92E-15,9.9851132945e-5
0.611,-7.48E-12,-0.976428967,1.483318210e-11,-7.05E-06,1.483318210e-11,-7.05E-06,-2.92E-15,9.9932912889e-5
0.6115,-7.47E-12,-0.975630376,1.485923561e-11,-7.05E-06,1.485923561e-11,-7.05E-06,-2.92E-15,1.0001469284e-4
0.612,-7.46E-12,-0.974833088,1.488480962e-11,-7.06E-06,1.488480962e-11,-7.06E-06,-2.92E-15,1.0009647279e-4
0.6125,-7.44E-12,-0.9740371,1.490990473e-11,-7.06E-06,1.490990473e-11,-7.06E-06,-2.92E-15,1.0017825275e-4
0.613,-7.43E-12,-0.973242409,1.493452035e-11,-7.07E-06,1.493452035e-11,-7.07E-06,-2.92E-15,1.0026003271e-4
0.6135,-7.42E-12,-0.972449012,1.495865553e-11,-7.07E-06,1.495865553e-11,-7.07E-06,-2.92E-15,1.0034181267e-4
0.614,-7.41E-12,-0.971656905,1.498231038e-11,-7.08E-06,1.498231038e-11,-7.08E-06,-2.92E-15,1.0042359264e-4
0.6145,-7.40E-12,-0.970866085,1.500548369e-11,-7.09E-06,1.500548369e-11,-7.09E-06,-2.92E-15,1.0050537262e-4
0.615,-7.38E-12,-0.97007655,1.502817553e-11,-7.09E-06,1.502817553e-11,-7.09E-06,-2.92E-15,1.0058715259e-4
0.6155,-7.37E-12,-0.969288296,1.505038422e-11,-7.10E-06,1.505038422e-11,-7.10E-06,-2.92E-15,1.0066893258e-4
0.616,-7.36E-12,-0.96850132,1.507210976e-11,-7.10E-06,1.507210976e-11,-7.10E-06,-2.92E-15,1.0075071257e-4
0.6165,-7.35E-12,-0.967715619,1.509335199e-11,-7.11E-06,1.509335199e-11,-7.11E-06,-2.92E-15,1.0083249256e-4
0.617,-7.34E-12,-0.96693119,1.511411055e-11,-7.12E-06,1.511411055e-11,-7.12E-06,-2.91E-15,1.0091427255e-4
0.6175,-7.32E-12,-0.966148029,1.513438409e-11,-7.12E-06,1.513438409e-11,-7.12E-06,-2.91E-15,1.0099605255e-4
0.618,-7.32E-12,-0.965366134,1.515417343e-11,-7.13E-06,1.515417343e-11,-7.13E-06,-2.91E-15,1.0107783256e-4
0.6185,-7.30E-12,-0.964585502,1.517347676e-11,-7.13E-06,1.517347676e-11,-7.13E-06,-2.91E-15,1.0115961257e-4
0.619,-7.29E-12,-0.963806129,1.519229457e-11,-7.14E-06,1.519229457e-11,-7.14E-06,-2.91E-15,1.0124139258e-4
0.6195,-7.28E-12,-0.963028013,1.521062530e-11,-7.14E-06,1.521062530e-11,-7.14E-06,-2.91E-15,1.0132317260e-4
0.62,-7.27E-12,-0.96225115,1.522847060e-11,-7.15E-06,1.522847060e-11,-7.15E-06,-2.91E-15,1.0140495262e-4
0.6205,-7.25E-12,-0.961475538,1.524582849e-11,-7.16E-06,1.524582849e-11,-7.16E-06,-2.91E-15,1.0148673265e-4
0.621,-7.24E-12,-0.960701173,1.526269883e-11,-7.16E-06,1.526269883e-11,-7.16E-06,-2.91E-15,1.0156851268e-4
0.6215,-7.23E-12,-0.959928053,1.527908083e-11,-7.17E-06,1.527908083e-11,-7.17E-06,-2.91E-15,1.0165029272e-4
0.622,-7.22E-12,-0.959156174,1.529497489e-11,-7.17E-06,1.529497489e-11,-7.17E-06,-2.91E-15,1.0173207276e-4
0.6225,-7.21E-12,-0.958385533,1.531038141e-11,-7.18E-06,1.531038141e-11,-7.18E-06,-2.91E-15,1.0181385281e-4
0.623,-7.20E-12,-0.957616128,1.532529860e-11,-7.18E-06,1.532529860e-11,-7.18E-06,-2.91E-15,1.0189563286e-4
0.6235,-7.19E-12,-0.956847955,1.533972658e-11,-7.19E-06,1.533972658e-11,-7.19E-06,-2.91E-15,1.0197741291e-4
0.624,-7.17E-12,-0.956081012,1.535366579e-11,-7.20E-06,1.535366579e-11,-7.20E-06,-2.91E-15,1.0205919297e-4
0.6245,-7.16E-12,-0.955315296,1.536711460e-11,-7.20E-06,1.536711460e-11,-7.20E-06,-2.91E-15,1.0214097303e-4
0.625,-7.15E-12,-0.954550803,1.538007412e-11,-7.21E-06,1.538007412e-11,-7.21E-06,-2.90E-15,1.0222275310e-4
0.6255,-7.14E-12,-0.953787531,1.539254306e-11,-7.21E-06,1.539254306e-11,-7.21E-06,-2.90E-15,1.0230453317e-4
0.626,-7.12E-12,-0.953025477,1.540452224e-11,-7.22E-06,1.540452224e-11,-7.22E-06,-2.90E-15,1.0238631325e-4
0.6265,-7.12E-12,-0.952264638,1.541601029e-11,-7.22E-06,1.541601029e-11,-7.22E-06,-2.90E-15,1.0246809333e-4
0.627,-7.10E-12,-0.951505011,1.542700841e-11,-7.23E-06,1.542700841e-11,-7.23E-06,-2.90E-15,1.0254987342e-4
0.6275,-7.09E-12,-0.950746592,1.543751500e-11,-7.24E-06,1.543751500e-11,-7.24E-06,-2.90E-15,1.0263165351e-4
0.628,-7.08E-12,-0.94998938,1.544753124e-11,-7.24E-06,1.544753124e-11,-7.24E-06,-2.90E-15,1.0271343360e-4
0.6285,-7.07E-12,-0.949233372,1.545705597e-11,-7.25E-06,1.545705597e-11,-7.25E-06,-2.90E-15,1.0279521370e-4
0.629,-7.06E-12,-0.948478564,1.546608993e-11,-7.25E-06,1.546608993e-11,-7.25E-06,-2.90E-15,1.0287699380e-4
0.6295,-7.05E-12,-0.947724953,1.547463254e-11,-7.26E-06,1.547463254e-11,-7.26E-06,-2.90E-15,1.0295877391e-4
0.63,-7.04E-12,-0.946972538,1.548268257e-11,-7.27E-06,1.548268257e-11,-7.27E-06,-2.90E-15,1.0304055402e-4
0.6305,-7.02E-12,-0.946221314,1.549024225e-11,-7.27E-06,1.549024225e-11,-7.27E-06,-2.90E-15,1.0312233414e-4
0.631,-7.02E-12,-0.94547128,1.549731022e-11,-7.28E-06,1.549731022e-11,-7.28E-06,-2.90E-15,1.0320411426e-4
0.6315,-7.00E-12,-0.944722431,1.550388708e-11,-7.28E-06,1.550388708e-11,-7.28E-06,-2.90E-15,1.0328589439e-4
0.632,-6.99E-12,-0.943974767,1.550997154e-11,-7.29E-06,1.550997154e-11,-7.29E-06,-2.90E-15,1.0336767452e-4
0.6325,-6.98E-12,-0.943228283,1.551556466e-11,-7.29E-06,1.551556466e-11,-7.29E-06,-2.90E-15,1.0344945465e-4
0.633,-6.97E-12,-0.942482976,1.552066649e-11,-7.30E-06,1.552066649e-11,-7.30E-06,-2.90E-15,1.0353123479e-4
0.6335,-6.96E-12,-0.941738845,1.552527667e-11,-7.31E-06,1.552527667e-11,-7.31E-06,-2.90E-15,1.0361301494e-4
0.634,-6.95E-12,-0.940995887,1.552939446e-11,-7.31E-06,1.552939446e-11,-7.31E-06,-2.90E-15,1.0369479509e-4
0.6345,-6.94E-12,-0.940254098,1.553302254e-11,-7.32E-06,1.553302254e-11,-7.32E-06,-2.90E-15,1.0377657524e-4
0.635,-6.93E-12,-0.939513476,1.553615855e-11,-7.32E-06,1.553615855e-11,-7.32E-06,-2.89E-15,1.0385835540e-4
0.6355,-6.92E-12,-0.938774018,1.553880240e-11,-7.33E-06,1.553880240e-11,-7.33E-06,-2.89E-15,1.0394013556e-4
0.636,-6.90E-12,-0.938035721,1.554095691e-11,-7.33E-06,1.554095691e-11,-7.33E-06,-2.89E-15,1.0402191573e-4
0.6365,-6.89E-12,-0.937298583,1.554261925e-11,-7.34E-06,1.554261925e-11,-7.34E-06,-2.89E-15,1.0410369590e-4
0.637,-6.88E-12,-0.9365626,1.554379125e-11,-7.35E-06,1.554379125e-11,-7.35E-06,-2.89E-15,1.0418547608e-4
0.6375,-6.87E-12,-0.935827771,1.554447160e-11,-7.35E-06,1.554447160e-11,-7.35E-06,-2.89E-15,1.0426725626e-4
0.638,-6.86E-12,-0.935094093,1.554466280e-11,-7.36E-06,1.554466280e-11,-7.36E-06,-2.89E-15,1.0434903644e-4
0.6385,-6.85E-12,-0.934361562,1.554436341e-11,-7.36E-06,1.554436341e-11,-7.36E-06,-2.89E-15,1.0443081663e-4
0.639,-6.84E-12,-0.933630176,1.554357355e-11,-7.37E-06,1.554357355e-11,-7.37E-06,-2.89E-15,1.0451259683e-4
0.6395,-6.83E-12,-0.932899933,1.554229390e-11,-7.37E-06,1.554229390e-11,-7.37E-06,-2.89E-15,1.0459437703e-4
0.64,-6.82E-12,-0.932170829,1.554052510e-11,-7.38E-06,1.554052510e-11,-7.38E-06,-2.89E-15,1.0467615723e-4
0.6405,-6.81E-12,-0.931442863,1.553826671e-11,-7.39E-06,1.553826671e-11,-7.39E-06,-2.89E-15,1.0475793744e-4
0.641,-6.80E-12,-0.93071603,1.553551970e-11,-7.39E-06,1.553551970e-11,-7.39E-06,-2.89E-15,1.0483971765e-4
0.6415,-6.79E-12,-0.92999033,1.553228413e-11,-7.40E-06,1.553228413e-11,-7.40E-06,-2.89E-15,1.0492149787e-4
0.642,-6.78E-12,-0.929265759,1.552855988e-11,-7.40E-06,1.552855988e-11,-7.40E-06,-2.89E-15,1.0500327809e-4
0.6425,-6.77E-12,-0.928542314,1.552434743e-11,-7.41E-06,1.552434743e-11,-7.41E-06,-2.89E-15,1.0508505832e-4
0.643,-6.76E-12,-0.927819993,1.551964807e-11,-7.42E-06,1.551964807e-11,-7.42E-06,-2.89E-15,1.0516683855e-4
0.6435,-6.75E-12,-0.927098794,1.551446094e-11,-7.42E-06,1.551446094e-11,-7.42E-06,-2.89E-15,1.0524861878e-4
0.644,-6.73E-12,-0.926378713,1.550878691e-11,-7.43E-06,1.550878691e-11,-7.43E-06,-2.89E-15,1.0533039903e-4
0.6445,-6.72E-12,-0.925659748,1.550262692e-11,-7.43E-06,1.550262692e-11,-7.43E-06,-2.89E-15,1.0541217927e-4
0.645,-6.72E-12,-0.924941897,1.549598043e-11,-7.44E-06,1.549598043e-11,-7.44E-06,-2.89E-15,1.0549395952e-4
0.6455,-6.70E-12,-0.924225157,1.548884884e-11,-7.44E-06,1.548884884e-11,-7.44E-06,-2.89E-15,1.0557573977e-4
0.646,-6.69E-12,-0.923509524,1.548123185e-11,-7.45E-06,1.548123185e-11,-7.45E-06,-2.89E-15,1.0565752003e-4
0.6465,-6.68E-12,-0.922794998,1.547313036e-11,-7.46E-06,1.547313036e-11,-7.46E-06,-2.89E-15,1.0573930030e-4
0.647,-6.67E-12,-0.922081575,1.546454546e-11,-7.46E-06,1.546454546e-11,-7.46E-06,-2.89E-15,1.0582108057e-4
0.6475,-6.66E-12,-0.921369252,1.545547621e-11,-7.47E-06,1.545547621e-11,-7.47E-06,-2.89E-15,1.0590286084e-4
0.648,-6.65E-12,-0.920658028,1.544592420e-11,-7.47E-06,1.544592420e-11,-7.47E-06,-2.89E-15,1.0598464112e-4
0.6485,-6.64E-12,-0.919947899,1.543589005e-11,-7.48E-06,1.543589005e-11,-7.48E-06,-2.89E-15,1.0606642140e-4
0.649,-6.63E-12,-0.919238864,1.542537316e-11,-7.48E-06,1.542537316e-11,-7.48E-06,-2.89E-15,1.0614820169e-4
0.6495,-6.62E-12,-0.918530918,1.541437580e-11,-7.49E-06,1.541437580e-11,-7.49E-06,-2.89E-15,1.0622998198e-4
0.65,-6.61E-12,-0.917824061,1.540289807e-11,-7.50E-06,1.540289807e-11,-7.50E-06,-2.89E-15,1.0631176227e-4
0.6505,-6.60E-12,-0.91711829,1.539093982e-11,-7.50E-06,1.539093982e-11,-7.50E-06,-2.89E-15,1.0639354257e-4
0.651,-6.59E-12,-0.916413601,1.537850258e-11,-7.51E-06,1.537850258e-11,-7.51E-06,-2.89E-15,1.0647532288e-4
0.6515,-6.58E-12,-0.915709993,1.536558619e-11,-7.51E-06,1.536558619e-11,-7.51E-06,-2.89E-15,1.0655710319e-4
0.652,-6.57E-12,-0.915007463,1.535219169e-11,-7.52E-06,1.535219169e-11,-7.52E-06,-2.89E-15,1.0663888350e-4
0.6525,-6.56E-12,-0.914306008,1.533832092e-11,-7.52E-06,1.533832092e-11,-7.52E-06,-2.89E-15,1.0672066382e-4
0.653,-6.55E-12,-0.913605627,1.532397326e-11,-7.53E-06,1.532397326e-11,-7.53E-06,-2.88E-15,1.0680244415e-4
0.6535,-6.54E-12,-0.912906317,1.530914976e-11,-7.54E-06,1.530914976e-11,-7.54E-06,-2.88E-15,1.0688422448e-4
0.654,-6.53E-12,-0.912208074,1.529385030e-11,-7.54E-06,1.529385030e-11,-7.54E-06,-2.89E-15,1.0696600481e-4
0.6545,-6.52E-12,-0.911510898,1.527807830e-11,-7.55E-06,1.527807830e-11,-7.55E-06,-2.88E-15,1.0704778515e-4
0.655,-6.51E-12,-0.910814784,1.526183247e-11,-7.55E-06,1.526183247e-11,-7.55E-06,-2.88E-15,1.0712956549e-4
0.6555,-6.50E-12,-0.910119732,1.524511291e-11,-7.56E-06,1.524511291e-11,-7.56E-06,-2.88E-15,1.0721134584e-4
0.656,-6.49E-12,-0.909425738,1.522792234e-11,-7.56E-06,1.522792234e-11,-7.56E-06,-2.88E-15,1.0729312619e-4
0.6565,-6.48E-12,-0.9087328,1.521026064e-11,-7.57E-06,1.521026064e-11,-7.57E-06,-2.88E-15,1.0737490655e-4
0.657,-6.47E-12,-0.908040916,1.519212900e-11,-7.58E-06,1.519212900e-11,-7.58E-06,-2.88E-15,1.0745668691e-4
0.6575,-6.46E-12,-0.907350083,1.517352866e-11,-7.58E-06,1.517352866e-11,-7.58E-06,-2.88E-15,1.0753846728e-4
0.658,-6.45E-12,-0.906660299,1.515446054e-11,-7.59E-06,1.515446054e-11,-7.59E-06,-2.88E-15,1.0762024765e-4
0.6585,-6.44E-12,-0.905971562,1.513492436e-11,-7.59E-06,1.513492436e-11,-7.59E-06,-2.88E-15,1.0770202803e-4
0.659,-6.43E-12,-0.905283869,1.511492268e-11,-7.60E-06,1.511492268e-11,-7.60E-06,-2.88E-15,1.0778380841e-4
0.6595,-6.42E-12,-0.904597217,1.509445568e-11,-7.61E-06,1.509445568e-11,-7.61E-06,-2.88E-15,1.0786558879e-4
0.66,-6.41E-12,-0.903911605,1.507352334e-11,-7.61E-06,1.507352334e-11,-7.61E-06,-2.88E-15,1.0794736918e-4
0.6605,-6.40E-12,-0.90322703,1.505212855e-11,-7.62E-06,1.505212855e-11,-7.62E-06,-2.88E-15,1.0802914958e-4
0.661,-6.39E-12,-0.90254349,1.503027171e-11,-7.62E-06,1.503027171e-11,-7.62E-06,-2.88E-15,1.0811092998e-4
0.6615,-6.38E-12,-0.901860982,1.500795301e-11,-7.63E-06,1.500795301e-11,-7.63E-06,-2.88E-15,1.0819271038e-4
0.662,-6.38E-12,-0.901179504,1.498517434e-11,-7.63E-06,1.498517434e-11,-7.63E-06,-2.88E-15,1.0827449079e-4
0.6625,-6.37E-12,-0.900499054,1.496193738e-11,-7.64E-06,1.496193738e-11,-7.64E-06,-2.88E-15,1.0835627120e-4
0.663,-6.36E-12,-0.899819629,1.493824158e-11,-7.65E-06,1.493824158e-11,-7.65E-06,-2.88E-15,1.0843805162e-4
0.6635,-6.34E-12,-0.899141227,1.491408966e-11,-7.65E-06,1.491408966e-11,-7.65E-06,-2.88E-15,1.0851983205e-4
0.664,-6.33E-12,-0.898463846,1.488948278e-11,-7.66E-06,1.488948278e-11,-7.66E-06,-2.88E-15,1.0860161247e-4
0.6645,-6.32E-12,-0.897787484,1.486442028e-11,-7.66E-06,1.486442028e-11,-7.66E-06,-2.89E-15,1.0868339291e-4
0.665,-6.32E-12,-0.897112137,1.483890548e-11,-7.67E-06,1.483890548e-11,-7.67E-06,-2.88E-15,1.0876517335e-4
0.6655,-6.31E-12,-0.896437805,1.481293833e-11,-7.67E-06,1.481293833e-11,-7.67E-06,-2.88E-15,1.0884695379e-4
0.666,-6.30E-12,-0.895764484,1.478651991e-11,-7.68E-06,1.478651991e-11,-7.68E-06,-2.88E-15,1.0892873424e-4
0.6665,-6.29E-12,-0.895092173,1.475965319e-11,-7.69E-06,1.475965319e-11,-7.69E-06,-2.88E-15,1.0901051469e-4
0.667,-6.28E-12,-0.894420868,1.473233773e-11,-7.69E-06,1.473233773e-11,-7.69E-06,-2.88E-15,1.0909229514e-4
0.6675,-6.27E-12,-0.893750569,1.470457520e-11,-7.70E-06,1.470457520e-11,-7.70E-06,-2.88E-15,1.0917407561e-4
0.668,-6.26E-12,-0.893081272,1.467636735e-11,-7.70E-06,1.467636735e-11,-7.70E-06,-2.89E-15,1.0925585607e-4
0.6685,-6.25E-12,-0.892412976,1.464771460e-11,-7.71E-06,1.464771461e-11,-7.71E-06,-2.89E-15,1.0933763654e-4
0.669,-6.24E-12,-0.891745677,1.461862017e-11,-7.71E-06,1.461862017e-11,-7.71E-06,-2.88E-15,1.0941941702e-4
0.6695,-6.23E-12,-0.891079375,1.458908314e-11,-7.72E-06,1.458908314e-11,-7.72E-06,-2.89E-15,1.0950119750e-4
0.67,-6.22E-12,-0.890414066,1.455910637e-11,-7.73E-06,1.455910637e-11,-7.73E-06,-2.89E-15,1.0958297799e-4
0.6705,-6.21E-12,-0.889749748,1.452869109e-11,-7.73E-06,1.452869109e-11,-7.73E-06,-2.89E-15,1.0966475848e-4
0.671,-6.20E-12,-0.88908642,1.449783822e-11,-7.74E-06,1.449783822e-11,-7.74E-06,-2.89E-15,1.0974653897e-4
0.6715,-6.19E-12,-0.888424079,1.446654996e-11,-7.74E-06,1.446654996e-11,-7.74E-06,-2.89E-15,1.0982831947e-4
0.672,-6.19E-12,-0.887762722,1.443482701e-11,-7.75E-06,1.443482701e-11,-7.75E-06,-2.89E-15,1.0991009998e-4
0.6725,-6.17E-12,-0.887102349,1.440267176e-11,-7.76E-06,1.440267176e-11,-7.76E-06,-2.89E-15,1.0999188049e-4
0.673,-6.17E-12,-0.886442955,1.437008545e-11,-7.76E-06,1.437008545e-11,-7.76E-06,-2.89E-15,1.1007366100e-4
0.6735,-6.16E-12,-0.88578454,1.433706887e-11,-7.77E-06,1.433706887e-11,-7.77E-06,-2.89E-15,1.1015544152e-4
0.674,-6.15E-12,-0.885127102,1.430362425e-11,-7.77E-06,1.430362425e-11,-7.77E-06,-2.89E-15,1.1023722204e-4
0.6745,-6.14E-12,-0.884470637,1.426975352e-11,-7.78E-06,1.426975352e-11,-7.78E-06,-2.89E-15,1.1031900257e-4
0.675,-6.13E-12,-0.883815144,1.423545730e-11,-7.78E-06,1.423545730e-11,-7.78E-06,-2.89E-15,1.1040078311e-4
0.6755,-6.12E-12,-0.88316062,1.420073803e-11,-7.79E-06,1.420073803e-11,-7.79E-06,-2.89E-15,1.1048256365e-4
0.676,-6.11E-12,-0.882507064,1.416559729e-11,-7.80E-06,1.416559729e-11,-7.80E-06,-2.89E-15,1.1056434419e-4
0.6765,-6.10E-12,-0.881854473,1.413003592e-11,-7.80E-06,1.413003592e-11,-7.80E-06,-2.89E-15,1.1064612474e-4
0.677,-6.09E-12,-0.881202846,1.409405696e-11,-7.81E-06,1.409405696e-11,-7.81E-06,-2.89E-15,1.1072790529e-4
0.6775,-6.08E-12,-0.88055218,1.405766169e-11,-7.81E-06,1.405766169e-11,-7.81E-06,-2.89E-15,1.1080968585e-4
0.678,-6.08E-12,-0.879902472,1.402085051e-11,-7.82E-06,1.402085051e-11,-7.82E-06,-2.89E-15,1.1089146641e-4
0.6785,-6.07E-12,-0.879253722,1.398362707e-11,-7.82E-06,1.398362707e-11,-7.82E-06,-2.89E-15,1.1097324698e-4
0.679,-6.06E-12,-0.878605926,1.394599160e-11,-7.83E-06,1.394599160e-11,-7.83E-06,-2.89E-15,1.1105502755e-4
0.6795,-6.05E-12,-0.877959083,1.390794710e-11,-7.84E-06,1.390794710e-11,-7.84E-06,-2.89E-15,1.1113680813e-4
0.68,-6.04E-12,-0.877313191,1.386949546e-11,-7.84E-06,1.386949546e-11,-7.84E-06,-2.89E-15,1.1121858871e-4
0.6805,-6.03E-12,-0.876668247,1.383063707e-11,-7.85E-06,1.383063707e-11,-7.85E-06,-2.89E-15,1.1130036930e-4
0.681,-6.02E-12,-0.876024249,1.379137492e-11,-7.85E-06,1.379137492e-11,-7.85E-06,-2.89E-15,1.1138214989e-4
0.6815,-6.01E-12,-0.875381196,1.375171160e-11,-7.86E-06,1.375171160e-11,-7.86E-06,-2.89E-15,1.1146393049e-4
0.682,-6.00E-12,-0.874739085,1.371164743e-11,-7.86E-06,1.371164743e-11,-7.86E-06,-2.89E-15,1.1154571109e-4
0.6825,-6.00E-12,-0.874097914,1.367118563e-11,-7.87E-06,1.367118563e-11,-7.87E-06,-2.89E-15,1.1162749170e-4
0.683,-5.99E-12,-0.873457681,1.363032663e-11,-7.88E-06,1.363032663e-11,-7.88E-06,-2.89E-15,1.1170927231e-4
0.6835,-5.98E-12,-0.872818385,1.358907383e-11,-7.88E-06,1.358907383e-11,-7.88E-06,-2.89E-15,1.1179105293e-4
0.684,-5.97E-12,-0.872180022,1.354742867e-11,-7.89E-06,1.354742867e-11,-7.89E-06,-2.89E-15,1.1187283355e-4
0.6845,-5.96E-12,-0.871542591,1.350539291e-11,-7.89E-06,1.350539291e-11,-7.89E-06,-2.89E-15,1.1195461417e-4
0.685,-5.95E-12,-0.870906091,1.346296950e-11,-7.90E-06,1.346296950e-11,-7.90E-06,-2.89E-15,1.1203639480e-4
0.6855,-5.94E-12,-0.870270518,1.342015951e-11,-7.91E-06,1.342015951e-11,-7.91E-06,-2.89E-15,1.1211817544e-4
0.686,-5.93E-12,-0.869635871,1.337696557e-11,-7.91E-06,1.337696557e-11,-7.91E-06,-2.89E-15,1.1219995608e-4
0.6865,-5.93E-12,-0.869002148,1.333339004e-11,-7.92E-06,1.333339004e-11,-7.92E-06,-2.90E-15,1.1228173673e-4
0.687,-5.92E-12,-0.868369347,1.328943388e-11,-7.92E-06,1.328943388e-11,-7.92E-06,-2.90E-15,1.1236351738e-4
0.6875,-5.91E-12,-0.867737466,1.324510059e-11,-7.93E-06,1.324510059e-11,-7.93E-06,-2.90E-15,1.1244529803e-4
0.688,-5.90E-12,-0.867106503,1.320039134e-11,-7.93E-06,1.320039134e-11,-7.93E-06,-2.90E-15,1.1252707870e-4
0.6885,-5.89E-12,-0.866476455,1.315530887e-11,-7.94E-06,1.315530887e-11,-7.94E-06,-2.90E-15,1.1260885936e-4
0.689,-5.88E-12,-0.865847322,1.310985547e-11,-7.95E-06,1.310985547e-11,-7.95E-06,-2.90E-15,1.1269064003e-4
0.6895,-5.87E-12,-0.8652191,1.306403310e-11,-7.95E-06,1.306403310e-11,-7.95E-06,-2.90E-15,1.1277242071e-4
0.69,-5.87E-12,-0.864591788,1.301784385e-11,-7.96E-06,1.301784385e-11,-7.96E-06,-2.90E-15,1.1285420139e-4
0.6905,-5.85E-12,-0.863965385,1.297129104e-11,-7.96E-06,1.297129104e-11,-7.96E-06,-2.90E-15,1.1293598207e-4
0.691,-5.85E-12,-0.863339887,1.292437594e-11,-7.97E-06,1.292437594e-11,-7.97E-06,-2.90E-15,1.1301776276e-4
0.6915,-5.84E-12,-0.862715293,1.287710110e-11,-7.97E-06,1.287710110e-11,-7.97E-06,-2.90E-15,1.1309954346e-4
0.692,-5.83E-12,-0.862091602,1.282946921e-11,-7.98E-06,1.282946921e-11,-7.98E-06,-2.90E-15,1.1318132416e-4
0.6925,-5.82E-12,-0.86146881,1.278148150e-11,-7.99E-06,1.278148150e-11,-7.99E-06,-2.90E-15,1.1326310487e-4
0.693,-5.82E-12,-0.860846917,1.273314296e-11,-7.99E-06,1.273314296e-11,-7.99E-06,-2.90E-15,1.1334488558e-4
0.6935,-5.81E-12,-0.86022592,1.268445284e-11,-8.00E-06,1.268445284e-11,-8.00E-06,-2.90E-15,1.1342666629e-4
0.694,-5.80E-12,-0.859605818,1.263541572e-11,-8.00E-06,1.263541572e-11,-8.00E-06,-2.90E-15,1.1350844701e-4
0.6945,-5.79E-12,-0.858986608,1.258603316e-11,-8.01E-06,1.258603316e-11,-8.01E-06,-2.90E-15,1.1359022774e-4
0.695,-5.78E-12,-0.858368288,1.253630763e-11,-8.01E-06,1.253630763e-11,-8.01E-06,-2.90E-15,1.1367200847e-4
0.6955,-5.77E-12,-0.857750857,1.248624224e-11,-8.02E-06,1.248624224e-11,-8.02E-06,-2.90E-15,1.1375378920e-4
0.696,-5.77E-12,-0.857134313,1.243583938e-11,-8.03E-06,1.243583938e-11,-8.03E-06,-2.90E-15,1.1383556994e-4
0.6965,-5.76E-12,-0.856518653,1.238510084e-11,-8.03E-06,1.238510084e-11,-8.03E-06,-2.91E-15,1.1391735069e-4
0.697,-5.75E-12,-0.855903876,1.233403096e-11,-8.04E-06,1.233403096e-11,-8.04E-06,-2.91E-15,1.1399913144e-4
0.6975,-5.74E-12,-0.855289981,1.228262976e-11,-8.04E-06,1.228262976e-11,-8.04E-06,-2.91E-15,1.1408091219e-4
0.698,-5.73E-12,-0.854676964,1.223090210e-11,-8.05E-06,1.223090210e-11,-8.05E-06,-2.91E-15,1.1416269295e-4
0.6985,-5.73E-12,-0.854064825,1.217884995e-11,-8.06E-06,1.217884995e-11,-8.06E-06,-2.91E-15,1.1424447372e-4
0.699,-5.71E-12,-0.85345356,1.212647498e-11,-8.06E-06,1.212647498e-11,-8.06E-06,-2.91E-15,1.1432625449e-4
0.6995,-5.71E-12,-0.85284317,1.207378226e-11,-8.07E-06,1.207378226e-11,-8.07E-06,-2.91E-15,1.1440803527e-4
0.7,-5.70E-12,-0.852233651,1.202077210e-11,-8.07E-06,1.202077210e-11,-8.07E-06,-2.91E-15,1.1448981605e-4
0.7005,-5.69E-12,-0.851625002,1.196744858e-11,-8.08E-06,1.196744858e-11,-8.08E-06,-2.91E-15,1.1457159683e-4
0.701,-5.69E-12,-0.85101722,1.191381421e-11,-8.08E-06,1.191381421e-11,-8.08E-06,-2.91E-15,1.1465337762e-4
0.7015,-5.68E-12,-0.850410305,1.185987135e-11,-8.09E-06,1.185987135e-11,-8.09E-06,-2.91E-15,1.1473515842e-4
0.702,-5.67E-12,-0.849804254,1.180562326e-11,-8.10E-06,1.180562326e-11,-8.10E-06,-2.91E-15,1.1481693922e-4
0.7025,-5.66E-12,-0.849199065,1.175107274e-11,-8.10E-06,1.175107274e-11,-8.10E-06,-2.91E-15,1.1489872002e-4
0.703,-5.65E-12,-0.848594737,1.169622256e-11,-8.11E-06,1.169622256e-11,-8.11E-06,-2.91E-15,1.1498050083e-4
0.7035,-5.64E-12,-0.847991268,1.164107536e-11,-8.11E-06,1.164107536e-11,-8.11E-06,-2.91E-15,1.1506228165e-4
0.704,-5.64E-12,-0.847388655,1.158563488e-11,-8.12E-06,1.158563488e-11,-8.12E-06,-2.92E-15,1.1514406247e-4
0.7045,-5.63E-12,-0.846786898,1.152990369e-11,-8.12E-06,1.152990369e-11,-8.12E-06,-2.92E-15,1.1522584330e-4
0.705,-5.62E-12,-0.846185994,1.147388338e-11,-8.13E-06,1.147388338e-11,-8.13E-06,-2.92E-15,1.1530762413e-4
0.7055,-5.61E-12,-0.845585941,1.141757992e-11,-8.14E-06,1.141757992e-11,-8.14E-06,-2.92E-15,1.1538940496e-4
0.706,-5.60E-12,-0.844986738,1.136099334e-11,-8.14E-06,1.136099334e-11,-8.14E-06,-2.92E-15,1.1547118580e-4
0.7065,-5.60E-12,-0.844388382,1.130412797e-11,-8.15E-06,1.130412797e-11,-8.15E-06,-2.92E-15,1.1555296665e-4
0.707,-5.59E-12,-0.843790873,1.124698691e-11,-8.15E-06,1.124698691e-11,-8.15E-06,-2.92E-15,1.1563474750e-4
0.7075,-5.58E-12,-0.843194208,1.118957320e-11,-8.16E-06,1.118957320e-11,-8.16E-06,-2.92E-15,1.1571652836e-4
0.708,-5.57E-12,-0.842598386,1.113188999e-11,-8.16E-06,1.113188999e-11,-8.16E-06,-2.92E-15,1.1579830922e-4
0.7085,-5.56E-12,-0.842003404,1.107394051e-11,-8.17E-06,1.107394051e-11,-8.17E-06,-2.92E-15,1.1588009008e-4
0.709,-5.56E-12,-0.841409261,1.101572698e-11,-8.18E-06,1.101572698e-11,-8.18E-06,-2.92E-15,1.1596187095e-4
0.7095,-5.55E-12,-0.840815956,1.095725446e-11,-8.18E-06,1.095725446e-11,-8.18E-06,-2.92E-15,1.1604365183e-4
0.71,-5.54E-12,-0.840223485,1.089852380e-11,-8.19E-06,1.089852380e-11,-8.19E-06,-2.93E-15,1.1612543271e-4
0.7105,-5.54E-12,-0.839631849,1.083953967e-11,-8.19E-06,1.083953967e-11,-8.19E-06,-2.93E-15,1.1620721360e-4
0.711,-5.53E-12,-0.839041044,1.078030527e-11,-8.20E-06,1.078030527e-11,-8.20E-06,-2.93E-15,1.1628899449e-4
0.7115,-5.52E-12,-0.83845107,1.072082428e-11,-8.21E-06,1.072082428e-11,-8.21E-06,-2.93E-15,1.1637077539e-4
0.712,-5.51E-12,-0.837861924,1.066109932e-11,-8.21E-06,1.066109932e-11,-8.21E-06,-2.93E-15,1.1645255629e-4
0.7125,-5.50E-12,-0.837273604,1.060113327e-11,-8.22E-06,1.060113327e-11,-8.22E-06,-2.93E-15,1.1653433720e-4
0.713,-5.49E-12,-0.83668611,1.054093018e-11,-8.22E-06,1.054093018e-11,-8.22E-06,-2.93E-15,1.1661611811e-4
0.7135,-5.49E-12,-0.836099439,1.048049416e-11,-8.23E-06,1.048049416e-11,-8.23E-06,-2.93E-15,1.1669789902e-4
0.714,-5.48E-12,-0.835513589,1.041982653e-11,-8.23E-06,1.041982653e-11,-8.23E-06,-2.93E-15,1.1677967995e-4
0.7145,-5.47E-12,-0.834928559,1.035893290e-11,-8.24E-06,1.035893290e-11,-8.24E-06,-2.93E-15,1.1686146087e-4
0.715,-5.47E-12,-0.834344347,1.029781519e-11,-8.25E-06,1.029781519e-11,-8.25E-06,-2.93E-15,1.1694324181e-4
0.7155,-5.46E-12,-0.833760952,1.023647760e-11,-8.25E-06,1.023647760e-11,-8.25E-06,-2.94E-15,1.1702502274e-4
0.716,-5.45E-12,-0.833178371,1.017492423e-11,-8.26E-06,1.017492423e-11,-8.26E-06,-2.94E-15,1.1710680369e-4
0.7165,-5.44E-12,-0.832596603,1.011315645e-11,-8.26E-06,1.011315645e-11,-8.26E-06,-2.94E-15,1.1718858463e-4
0.717,-5.43E-12,-0.832015647,1.005118040e-11,-8.27E-06,1.005118040e-11,-8.27E-06,-2.94E-15,1.1727036559e-4
0.7175,-5.42E-12,-0.8314355,9.988998647e-12,-8.27E-06,9.988998647e-12,-8.27E-06,-2.94E-15,1.1735214655e-4
0.718,-5.42E-12,-0.830856161,9.926614502e-12,-8.28E-06,9.926614502e-12,-8.28E-06,-2.94E-15,1.1743392751e-4
0.7185,-5.41E-12,-0.830277628,9.864031407e-12,-8.29E-06,9.864031407e-12,-8.29E-06,-2.94E-15,1.1751570848e-4
0.719,-5.40E-12,-0.8296999,9.801253581e-12,-8.29E-06,9.801253582e-12,-8.29E-06,-2.94E-15,1.1759748945e-4
0.7195,-5.39E-12,-0.829122974,9.738284919e-12,-8.30E-06,9.738284919e-12,-8.30E-06,-2.94E-15,1.1767927043e-4
0.72,-5.39E-12,-0.82854685,9.675127598e-12,-8.30E-06,9.675127598e-12,-8.30E-06,-2.94E-15,1.1776105141e-4
0.7205,-5.38E-12,-0.827971525,9.611787914e-12,-8.31E-06,9.611787914e-12,-8.31E-06,-2.94E-15,1.1784283240e-4
0.721,-5.37E-12,-0.827396998,9.548267163e-12,-8.31E-06,9.548267163e-12,-8.31E-06,-2.95E-15,1.1792461340e-4
0.7215,-5.37E-12,-0.826823268,9.484570525e-12,-8.32E-06,9.484570525e-12,-8.32E-06,-2.95E-15,1.1800639440e-4
0.722,-5.36E-12,-0.826250332,9.420701633e-12,-8.33E-06,9.420701633e-12,-8.33E-06,-2.95E-15,1.1808817540e-4
0.7225,-5.35E-12,-0.825678189,9.356663993e-12,-8.33E-06,9.356663993e-12,-8.33E-06,-2.95E-15,1.1816995641e-4
0.723,-5.34E-12,-0.825106837,9.292461787e-12,-8.34E-06,9.292461787e-12,-8.34E-06,-2.95E-15,1.1825173743e-4
0.7235,-5.34E-12,-0.824536275,9.228098907e-12,-8.34E-06,9.228098907e-12,-8.34E-06,-2.95E-15,1.1833351845e-4
0.724,-5.33E-12,-0.823966501,9.163577814e-12,-8.35E-06,9.163577814e-12,-8.35E-06,-2.95E-15,1.1841529947e-4
0.7245,-5.32E-12,-0.823397514,9.098905320e-12,-8.36E-06,9.098905320e-12,-8.36E-06,-2.95E-15,1.1849708050e-4
0.725,-5.31E-12,-0.822829311,9.034082502e-12,-8.36E-06,9.034082502e-12,-8.36E-06,-2.95E-15,1.1857886154e-4
0.7255,-5.31E-12,-0.822261892,8.969115831e-12,-8.37E-06,8.969115831e-12,-8.37E-06,-2.96E-15,1.1866064258e-4
0.726,-5.30E-12,-0.821695254,8.904007769e-12,-8.37E-06,8.904007769e-12,-8.37E-06,-2.96E-15,1.1874242363e-4
0.7265,-5.29E-12,-0.821129396,8.838762510e-12,-8.38E-06,8.838762510e-12,-8.38E-06,-2.96E-15,1.1882420468e-4
0.727,-5.28E-12,-0.820564316,8.773384674e-12,-8.38E-06,8.773384674e-12,-8.38E-06,-2.96E-15,1.1890598573e-4
0.7275,-5.28E-12,-0.820000013,8.707878308e-12,-8.39E-06,8.707878308e-12,-8.39E-06,-2.96E-15,1.1898776680e-4
0.728,-5.27E-12,-0.819436486,8.642246444e-12,-8.40E-06,8.642246444e-12,-8.40E-06,-2.65E-15,1.1906954786e-4
0.7285,-5.26E-12,-0.818873732,8.576494538e-12,-8.40E-06,8.576494538e-12,-8.40E-06,-2.26E-15,1.1915132893e-4
0.729,-5.26E-12,-0.81831175,8.510626176e-12,-8.41E-06,8.510626176e-12,-8.41E-06,-1.89E-15,1.1923311001e-4
0.7295,-5.25E-12,-0.817750538,8.444645991e-12,-8.41E-06,8.444645991e-12,-8.41E-06,-1.51E-15,1.1931489109e-4
0.73,-5.24E-12,-0.817190095,8.378557223e-12,-8.42E-06,8.378557223e-12,-8.42E-06,-1.13E-15,1.1939667218e-4
0.7305,-5.23E-12,-0.81663042,8.312365203e-12,-8.42E-06,8.312365202e-12,-8.42E-06,-7.58E-16,1.1947845328e-4
0.731,-5.22E-12,-0.81607151,8.246074353e-12,-8.43E-06,8.246074353e-12,-8.43E-06,-3.87E-16,1.1956023437e-4
0.7315,-5.22E-12,-0.815513365,8.179688077e-12,-8.44E-06,8.179688077e-12,-8.44E-06,-1.82E-17,1.1964201548e-4
0.732,-5.21E-12,-0.814955982,8.113210498e-12,-8.44E-06,8.113210498e-12,-8.44E-06,3.488275870e-16,1.1972379659e-4
0.7325,-5.21E-12,-0.81439936,8.046647413e-12,-8.45E-06,8.046647413e-12,-8.45E-06,7.144947058e-16,1.1980557770e-4
0.733,-5.20E-12,-0.813843497,7.980002249e-12,-8.45E-06,7.980002249e-12,-8.45E-06,1.077718728e-15,1.1988735882e-4
0.7335,-5.19E-12,-0.813288393,7.913279272e-12,-8.46E-06,7.913279272e-12,-8.46E-06,1.436280888e-15,1.1996913994e-4
0.734,-5.18E-12,-0.812734045,7.846483859e-12,-8.46E-06,7.846483859e-12,-8.46E-06,1.799062754e-15,1.2005092107e-4
0.7345,-5.18E-12,-0.812180452,7.779618436e-12,-8.47E-06,7.779618436e-12,-8.47E-06,2.152743254e-15,1.2013270221e-4
0.735,-5.17E-12,-0.811627612,7.712690150e-12,-8.48E-06,7.712690150e-12,-8.48E-06,2.508425208e-15,1.2021448335e-4
0.7355,-5.16E-12,-0.811075524,7.645702209e-12,-8.48E-06,7.645702209e-12,-8.48E-06,2.856114539e-15,1.2029626450e-4
0.736,-5.15E-12,-0.810524186,7.578658559e-12,-8.49E-06,7.578658559e-12,-8.49E-06,3.206917329e-15,1.2037804565e-4
0.7365,-5.15E-12,-0.809973597,7.511565025e-12,-8.49E-06,7.511565025e-12,-8.49E-06,3.554173727e-15,1.2045982680e-4
0.737,-5.14E-12,-0.809423755,7.444425388e-12,-8.50E-06,7.444425388e-12,-8.50E-06,3.901212993e-15,1.2054160796e-4
0.7375,-5.14E-12,-0.808874659,7.377244211e-12,-8.51E-06,7.377244211e-12,-8.51E-06,4.240265143e-15,1.2062338913e-4
0.738,-5.13E-12,-0.808326307,7.310027084e-12,-8.51E-06,7.310027084e-12,-8.51E-06,4.582433007e-15,1.2070517030e-4
0.7385,-5.12E-12,-0.807778698,7.242777631e-12,-8.52E-06,7.242777631e-12,-8.52E-06,4.915503719e-15,1.2078695148e-4
0.739,-5.12E-12,-0.80723183,7.175501420e-12,-8.52E-06,7.175501420e-12,-8.52E-06,5.246141559e-15,1.2086873266e-4
0.7395,-5.11E-12,-0.806685702,7.108202584e-12,-8.53E-06,7.108202584e-12,-8.53E-06,5.578786768e-15,1.2095051385e-4
0.74,-5.10E-12,-0.806140312,7.040885989e-12,-8.53E-06,7.040885989e-12,-8.53E-06,5.905669185e-15,1.2103229504e-4
0.7405,-5.09E-12,-0.805595659,6.973557219e-12,-8.54E-06,6.973557219e-12,-8.54E-06,6.233450897e-15,1.2111407624e-4
0.741,-5.09E-12,-0.805051741,6.906219632e-12,-8.55E-06,6.906219632e-12,-8.55E-06,6.552138650e-15,1.2119585745e-4
0.7415,-5.08E-12,-0.804508557,6.838879756e-12,-8.55E-06,6.838879756e-12,-8.55E-06,6.876171435e-15,1.2127763866e-4
0.742,-5.07E-12,-0.803966105,6.771540660e-12,-8.56E-06,6.771540660e-12,-8.56E-06,7.192221293e-15,1.2135941987e-4
0.7425,-5.07E-12,-0.803424384,6.704208379e-12,-8.56E-06,6.704208379e-12,-8.56E-06,7.506953622e-15,1.2144120109e-4
0.743,-5.06E-12,-0.802883392,6.636887602e-12,-8.57E-06,6.636887602e-12,-8.57E-06,7.814817027e-15,1.2152298232e-4
0.7435,-5.05E-12,-0.802343128,6.569583619e-12,-8.57E-06,6.569583619e-12,-8.57E-06,8.122474826e-15,1.2160476355e-4
0.744,-5.05E-12,-0.801803591,6.502300967e-12,-8.58E-06,6.502300967e-12,-8.58E-06,8.424374636e-15,1.2168654478e-4
0.7445,-5.04E-12,-0.801264779,6.435045412e-12,-8.59E-06,6.435045412e-12,-8.59E-06,8.726070162e-15,1.2176832602e-4
0.745,-5.03E-12,-0.80072669,6.367821465e-12,-8.59E-06,6.367821465e-12,-8.59E-06,9.023121589e-15,1.2185010727e-4
0.7455,-5.03E-12,-0.800189323,6.300634484e-12,-8.60E-06,6.300634484e-12,-8.60E-06,9.315527275e-15,1.2193188852e-4
0.746,-5.02E-12,-0.799652677,6.233488216e-12,-8.60E-06,6.233488216e-12,-8.60E-06,9.607731840e-15,1.2201366978e-4
0.7465,-5.01E-12,-0.79911675,6.166388999e-12,-8.61E-06,6.166388999e-12,-8.61E-06,9.896403755e-15,1.2209545104e-4
0.747,-5.00E-12,-0.798581541,6.099341699e-12,-8.61E-06,6.099341699e-12,-8.61E-06,1.017932392e-14,1.2217723231e-4
0.7475,-5.00E-12,-0.798047048,6.032352877e-12,-8.62E-06,6.032352878e-12,-8.62E-06,1.046204395e-14,1.2225901358e-4
0.748,-4.99E-12,-0.79751327,5.965425607e-12,-8.63E-06,5.965425607e-12,-8.63E-06,1.074456640e-14,1.2234079486e-4
0.7485,-4.99E-12,-0.796980206,5.898566410e-12,-8.63E-06,5.898566410e-12,-8.63E-06,1.101245542e-14,1.2242257615e-4
0.749,-4.98E-12,-0.796447854,5.831780054e-12,-8.64E-06,5.831780053e-12,-8.64E-06,1.128569873e-14,1.2250435743e-4
0.7495,-4.97E-12,-0.795916212,5.765072146e-12,-8.64E-06,5.765072147e-12,-8.64E-06,1.155430543e-14,1.2258613873e-4
0.75,-4.97E-12,-0.795385279,5.698447365e-12,-8.65E-06,5.698447365e-12,-8.65E-06,1.181605395e-14,1.2266792003e-4
0.7505,-4.96E-12,-0.794855055,5.631912296e-12,-8.65E-06,5.631912296e-12,-8.65E-06,1.207649738e-14,1.2274970134e-4
0.751,-4.95E-12,-0.794325536,5.565471828e-12,-8.66E-06,5.565471828e-12,-8.66E-06,1.233452852e-14,1.2283148265e-4
0.7515,-4.94E-12,-0.793796723,5.499130520e-12,-8.67E-06,5.499130520e-12,-8.67E-06,1.258792384e-14,1.2291326396e-4
0.752,-4.94E-12,-0.793268613,5.432894183e-12,-8.67E-06,5.432894183e-12,-8.67E-06,1.283446569e-14,1.2299504528e-4
0.7525,-4.93E-12,-0.792741206,5.366768865e-12,-8.68E-06,5.366768865e-12,-8.68E-06,1.307526356e-14,1.2307682661e-4
0.753,-4.93E-12,-0.792214499,5.300760716e-12,-8.68E-06,5.300760716e-12,-8.68E-06,1.331698305e-14,1.2315860794e-4
0.7535,-4.92E-12,-0.791688492,5.234873066e-12,-8.69E-06,5.234873066e-12,-8.69E-06,1.355851196e-14,1.2324038928e-4
0.754,-4.91E-12,-0.791163183,5.169113152e-12,-8.70E-06,5.169113152e-12,-8.70E-06,1.379097034e-14,1.2332217062e-4
0.7545,-4.91E-12,-0.79063857,5.103486698e-12,-8.70E-06,5.103486698e-12,-8.70E-06,1.402213217e-14,1.2340395197e-4
0.755,-4.90E-12,-0.790114653,5.037998403e-12,-8.71E-06,5.037998403e-12,-8.71E-06,1.424644179e-14,1.2348573333e-4
0.7555,-4.90E-12,-0.78959143,4.972653908e-12,-8.71E-06,4.972653908e-12,-8.71E-06,1.446945839e-14,1.2356751469e-4
0.756,-4.89E-12,-0.789068899,4.907460058e-12,-8.72E-06,4.907460058e-12,-8.72E-06,1.468340676e-14,1.2364929605e-4
0.7565,-4.88E-12,-0.788547059,4.842421023e-12,-8.72E-06,4.842421023e-12,-8.72E-06,1.489717040e-14,1.2373107742e-4
0.757,-4.87E-12,-0.788025909,4.777543024e-12,-8.73E-06,4.777543024e-12,-8.73E-06,1.510964187e-14,1.2381285880e-4
0.7575,-4.87E-12,-0.787505448,4.712833134e-12,-8.74E-06,4.712833134e-12,-8.74E-06,1.530971535e-14,1.2389464018e-4
0.758,-4.86E-12,-0.786985674,4.648296076e-12,-8.74E-06,4.648296076e-12,-8.74E-06,1.551404988e-14,1.2397642157e-4
0.7585,-4.85E-12,-0.786466586,4.583936873e-12,-8.75E-06,4.583936873e-12,-8.75E-06,1.571043322e-14,1.2405820296e-4
0.759,-4.85E-12,-0.785948181,4.519762511e-12,-8.75E-06,4.519762511e-12,-8.75E-06,1.589664289e-14,1.2413998435e-4
0.7595,-4.84E-12,-0.785430461,4.455779039e-12,-8.76E-06,4.455779039e-12,-8.76E-06,1.608822475e-14,1.2422176576e-4
0.76,-4.84E-12,-0.784913421,4.391991643e-12,-8.76E-06,4.391991643e-12,-8.76E-06,1.626741599e-14,1.2430354717e-4
0.7605,-4.83E-12,-0.784397062,4.328406388e-12,-8.77E-06,4.328406388e-12,-8.77E-06,1.644643219e-14,1.2438532858e-4
0.761,-4.82E-12,-0.783881383,4.265029435e-12,-8.78E-06,4.265029435e-12,-8.78E-06,1.661749958e-14,1.2446711000e-4
0.7615,-4.82E-12,-0.78336638,4.201866024e-12,-8.78E-06,4.201866024e-12,-8.78E-06,1.678950215e-14,1.2454889142e-4
0.762,-4.81E-12,-0.782852055,4.138924356e-12,-8.79E-06,4.138924356e-12,-8.79E-06,1.695244742e-14,1.2463067285e-4
0.7625,-4.80E-12,-0.782338404,4.076208467e-12,-8.79E-06,4.076208467e-12,-8.79E-06,1.710744829e-14,1.2471245429e-4
0.763,-4.80E-12,-0.781825427,4.013724814e-12,-8.80E-06,4.013724814e-12,-8.80E-06,1.726449821e-14,1.2479423573e-4
0.7635,-4.79E-12,-0.781313123,3.951479329e-12,-8.80E-06,3.951479329e-12,-8.80E-06,1.741360295e-14,1.2487601718e-4
0.764,-4.78E-12,-0.780801489,3.889479270e-12,-8.81E-06,3.889479270e-12,-8.81E-06,1.756031971e-14,1.2495779863e-4
0.7645,-4.78E-12,-0.780290526,3.827729788e-12,-8.82E-06,3.827729788e-12,-8.82E-06,1.770242429e-14,1.2503958009e-4
0.765,-4.77E-12,-0.779780231,3.766237046e-12,-8.82E-06,3.766237047e-12,-8.82E-06,1.783770029e-14,1.2512136155e-4
0.7655,-4.77E-12,-0.779270603,3.705008230e-12,-8.83E-06,3.705008230e-12,-8.83E-06,1.796614609e-14,1.2520314302e-4
0.766,-4.76E-12,-0.778761641,3.644049140e-12,-8.83E-06,3.644049140e-12,-8.83E-06,1.808998461e-14,1.2528492449e-4
0.7665,-4.75E-12,-0.778253344,3.583365247e-12,-8.84E-06,3.583365246e-12,-8.84E-06,1.821254765e-14,1.2536670597e-4
0.767,-4.75E-12,-0.77774571,3.522963757e-12,-8.85E-06,3.522963757e-12,-8.85E-06,1.832384629e-14,1.2544848746e-4
0.7675,-4.74E-12,-0.777238738,3.462851254e-12,-8.85E-06,3.462851254e-12,-8.85E-06,1.843386707e-14,1.2553026895e-4
0.768,-4.74E-12,-0.776732427,3.403032956e-12,-8.86E-06,3.403032956e-12,-8.86E-06,1.853706504e-14,1.2561205044e-4
0.7685,-4.73E-12,-0.776226775,3.343515995e-12,-8.86E-06,3.343515995e-12,-8.86E-06,1.863899130e-14,1.2569383194e-4
0.769,-4.72E-12,-0.775721782,3.284307910e-12,-8.87E-06,3.284307910e-12,-8.87E-06,1.873298666e-14,1.2577561345e-4
0.7695,-4.72E-12,-0.775217445,3.225414588e-12,-8.87E-06,3.225414588e-12,-8.87E-06,1.882349066e-14,1.2585739496e-4
0.77,-4.71E-12,-0.774713764,3.166840479e-12,-8.88E-06,3.166840479e-12,-8.88E-06,1.890495482e-14,1.2593917648e-4
0.7705,-4.71E-12,-0.774210738,3.108594426e-12,-8.89E-06,3.108594426e-12,-8.89E-06,1.898293033e-14,1.2602095800e-4
0.771,-4.70E-12,-0.773708364,3.050682363e-12,-8.89E-06,3.050682363e-12,-8.89E-06,1.905630763e-14,1.2610273953e-4
0.7715,-4.69E-12,-0.773206642,2.993110075e-12,-8.90E-06,2.993110075e-12,-8.90E-06,1.912286893e-14,1.2618452107e-4
0.772,-4.69E-12,-0.772705571,2.935886257e-12,-8.90E-06,2.935886257e-12,-8.90E-06,1.918594597e-14,1.2626630261e-4
0.7725,-4.68E-12,-0.772205149,2.879015798e-12,-8.91E-06,2.879015798e-12,-8.91E-06,1.923776682e-14,1.2634808415e-4
0.773,-4.67E-12,-0.771705376,2.822505271e-12,-8.91E-06,2.822505271e-12,-8.91E-06,1.929165589e-14,1.2642986571e-4
0.7735,-4.67E-12,-0.771206249,2.766363440e-12,-8.92E-06,2.766363440e-12,-8.92E-06,1.933317833e-14,1.2651164726e-4
0.774,-4.66E-12,-0.770707768,2.710594375e-12,-8.93E-06,2.710594375e-12,-8.93E-06,1.936900218e-14,1.2659342882e-4
0.7745,-4.66E-12,-0.770209931,2.655207111e-12,-8.93E-06,2.655207111e-12,-8.93E-06,1.940356608e-14,1.2667521039e-4
0.775,-4.65E-12,-0.769712737,2.600206633e-12,-8.94E-06,2.600206633e-12,-8.94E-06,1.942910008e-14,1.2675699197e-4
0.7755,-4.64E-12,-0.769216185,2.545600342e-12,-8.94E-06,2.545600342e-12,-8.94E-06,1.944893580e-14,1.2683877354e-4
0.776,-4.64E-12,-0.768720273,2.491396680e-12,-8.95E-06,2.491396680e-12,-8.95E-06,1.946640522e-14,1.2692055513e-4
0.7765,-4.63E-12,-0.768225001,2.437599420e-12,-8.95E-06,2.437599420e-12,-8.95E-06,1.947706606e-14,1.2700233672e-4
0.777,-4.62E-12,-0.767730368,2.384219388e-12,-8.96E-06,2.384219388e-12,-8.96E-06,1.947648263e-14,1.2708411831e-4
0.7775,-4.62E-12,-0.767236371,2.331260836e-12,-8.97E-06,2.331260836e-12,-8.97E-06,1.947575677e-14,1.2716589992e-4
0.778,-4.61E-12,-0.76674301,2.278731150e-12,-8.97E-06,2.278731150e-12,-8.97E-06,1.946489510e-14,1.2724768152e-4
0.7785,-4.61E-12,-0.766250283,2.226638018e-12,-8.98E-06,2.226638018e-12,-8.98E-06,1.944501358e-14,1.2732946313e-4
0.779,-4.60E-12,-0.76575819,2.174987502e-12,-8.98E-06,2.174987502e-12,-8.98E-06,1.942277009e-14,1.2741124475e-4
0.7795,-4.60E-12,-0.765266728,2.123788237e-12,-8.99E-06,2.123788237e-12,-8.99E-06,1.939483704e-14,1.2749302638e-4
0.78,-4.59E-12,-0.764775898,2.073045961e-12,-9.00E-06,2.073045962e-12,-9.00E-06,1.936010688e-14,1.2757480801e-4
0.7805,-4.59E-12,-0.764285697,2.022768524e-12,-9.00E-06,2.022768524e-12,-9.00E-06,1.931968760e-14,1.2765658964e-4
0.781,-4.58E-12,-0.763796125,1.972962885e-12,-9.01E-06,1.972962885e-12,-9.01E-06,1.927469327e-14,1.2773837128e-4
0.7815,-4.57E-12,-0.76330718,1.923636073e-12,-9.01E-06,1.923636073e-12,-9.01E-06,1.921846463e-14,1.2782015293e-4
0.782,-4.57E-12,-0.762818861,1.874796347e-12,-9.02E-06,1.874796347e-12,-9.02E-06,1.915765812e-14,1.2790193458e-4
0.7825,-4.56E-12,-0.762331167,1.826450012e-12,-9.02E-06,1.826450013e-12,-9.02E-06,1.909117049e-14,1.2798371623e-4
0.783,-4.55E-12,-0.761844097,1.778604415e-12,-9.03E-06,1.778604415e-12,-9.03E-06,1.901345047e-14,1.2806549790e-4
0.7835,-4.55E-12,-0.761357649,1.731267710e-12,-9.04E-06,1.731267710e-12,-9.04E-06,1.893560092e-14,1.2814727957e-4
0.784,-4.54E-12,-0.760871822,1.684446479e-12,-9.04E-06,1.684446479e-12,-9.04E-06,1.884652014e-14,1.2822906124e-4
0.7845,-4.54E-12,-0.760386616,1.638147040e-12,-9.05E-06,1.638147040e-12,-9.05E-06,1.875398162e-14,1.2831084292e-4
0.785,-4.53E-12,-0.759902029,1.592379626e-12,-9.05E-06,1.592379626e-12,-9.05E-06,1.864910462e-14,1.2839262460e-4
0.7855,-4.53E-12,-0.759418059,1.547150005e-12,-9.06E-06,1.547150005e-12,-9.06E-06,1.854188096e-14,1.2847440629e-4
0.786,-4.52E-12,-0.758934706,1.502465995e-12,-9.06E-06,1.502465995e-12,-9.06E-06,1.842232248e-14,1.2855618799e-4
0.7865,-4.51E-12,-0.758451969,1.458334721e-12,-9.07E-06,1.458334721e-12,-9.07E-06,1.830375173e-14,1.2863796969e-4
0.787,-4.51E-12,-0.757969845,1.414764433e-12,-9.08E-06,1.414764433e-12,-9.08E-06,1.817395666e-14,1.2871975140e-4
0.7875,-4.50E-12,-0.757488335,1.371762190e-12,-9.08E-06,1.371762189e-12,-9.08E-06,1.803738096e-14,1.2880153311e-4
0.788,-4.50E-12,-0.757007437,1.329336247e-12,-9.09E-06,1.329336247e-12,-9.09E-06,1.789180412e-14,1.2888331483e-4
0.7885,-4.49E-12,-0.75652715,1.287493683e-12,-9.09E-06,1.287493683e-12,-9.09E-06,1.774499883e-14,1.2896509656e-4
0.789,-4.49E-12,-0.756047472,1.246241484e-12,-9.10E-06,1.246241484e-12,-9.10E-06,1.758475345e-14,1.2904687829e-4
0.7895,-4.48E-12,-0.755568403,1.205589613e-12,-9.10E-06,1.205589613e-12,-9.10E-06,1.742217385e-14,1.2912866002e-4
0.79,-4.47E-12,-0.755089941,1.165543938e-12,-9.11E-06,1.165543938e-12,-9.11E-06,1.724504618e-14,1.2921044177e-4
0.7905,-4.47E-12,-0.754612085,1.126113009e-12,-9.12E-06,1.126113009e-12,-9.12E-06,1.706891678e-14,1.2929222351e-4
0.791,-4.46E-12,-0.754134834,1.087304261e-12,-9.12E-06,1.087304261e-12,-9.12E-06,1.687824125e-14,1.2937400527e-4
0.7915,-4.46E-12,-0.753658188,1.049126553e-12,-9.13E-06,1.049126553e-12,-9.13E-06,1.668745582e-14,1.2945578702e-4
0.792,-4.45E-12,-0.753182144,1.011585964e-12,-9.13E-06,1.011585964e-12,-9.13E-06,1.647990558e-14,1.2953756879e-4
0.7925,-4.45E-12,-0.752706702,9.746917508e-13,-9.14E-06,9.746917508e-13,-9.14E-06,1.626558814e-14,1.2961935056e-4
0.793,-4.44E-12,-0.75223186,9.384513789e-13,-9.15E-06,9.384513789e-13,-9.15E-06,1.605005341e-14,1.2970113233e-4
0.7935,-4.43E-12,-0.751757618,9.028747583e-13,-9.15E-06,9.028747584e-13,-9.15E-06,1.582441996e-14,1.2978291412e-4
0.794,-4.43E-12,-0.751283974,8.679665124e-13,-9.16E-06,8.679665124e-13,-9.16E-06,1.559202021e-14,1.2986469590e-4
0.7945,-4.42E-12,-0.750810927,8.337370658e-13,-9.16E-06,8.337370657e-13,-9.16E-06,1.535174771e-14,1.2994647769e-4
0.795,-4.42E-12,-0.750338476,8.001935534e-13,-9.17E-06,8.001935534e-13,-9.17E-06,1.509804878e-14,1.3002825949e-4
0.7955,-4.41E-12,-0.74986662,7.673442908e-13,-9.17E-06,7.673442908e-13,-9.17E-06,1.484202944e-14,1.3011004130e-4
0.796,-4.41E-12,-0.749395358,7.351983792e-13,-9.18E-06,7.351983792e-13,-9.18E-06,1.457924947e-14,1.3019182311e-4
0.7965,-4.40E-12,-0.748924688,7.037631760e-13,-9.19E-06,7.037631760e-13,-9.19E-06,1.430304853e-14,1.3027360492e-4
0.797,-4.40E-12,-0.748454611,6.730463352e-13,-9.19E-06,6.730463352e-13,-9.19E-06,1.402230969e-14,1.3035538674e-4
0.7975,-4.39E-12,-0.747985123,6.430563589e-13,-9.20E-06,6.430563589e-13,-9.20E-06,1.373037299e-14,1.3043716857e-4
0.798,-4.39E-12,-0.747516225,6.138023255e-13,-9.20E-06,6.138023255e-13,-9.20E-06,1.343168083e-14,1.3051895040e-4
0.7985,-4.38E-12,-0.747047915,5.852921707e-13,-9.21E-06,5.852921706e-13,-9.21E-06,1.312401305e-14,1.3060073224e-4
0.799,-4.37E-12,-0.746580193,5.575346603e-13,-9.21E-06,5.575346604e-13,-9.21E-06,1.281070409e-14,1.3068251409e-4
0.7995,-4.37E-12,-0.746113056,5.305373617e-13,-9.22E-06,5.305373616e-13,-9.22E-06,1.248620113e-14,1.3076429594e-4
0.8,-4.36E-12,-0.745646505,5.043093272e-13,-9.23E-06,5.043093271e-13,-9.23E-06,1.215716835e-14,1.3084607779e-4
0.8005,-4.36E-12,-0.745180537,4.788579299e-13,-9.23E-06,4.788579299e-13,-9.23E-06,1.181361425e-14,1.3092785965e-4
0.801,-4.35E-12,-0.744715153,4.541936673e-13,-9.24E-06,4.541936673e-13,-9.24E-06,1.146664432e-14,1.3100964152e-4
0.8015,-4.35E-12,-0.74425035,4.303232419e-13,-9.24E-06,4.303232419e-13,-9.24E-06,1.110737446e-14,1.3109142339e-4
0.802,-4.34E-12,-0.743786127,4.072558906e-13,-9.25E-06,4.072558905e-13,-9.25E-06,1.074247145e-14,1.3117320527e-4
0.8025,-4.34E-12,-0.743322485,3.850002183e-13,-9.25E-06,3.850002183e-13,-9.25E-06,1.036416406e-14,1.3125498715e-4
0.803,-4.33E-12,-0.74285942,3.635654519e-13,-9.26E-06,3.635654520e-13,-9.26E-06,9.985773539e-15,1.3133676904e-4
0.8035,-4.33E-12,-0.742396934,3.429592941e-13,-9.27E-06,3.429592941e-13,-9.27E-06,9.593980597e-15,1.3141855094e-4
0.804,-4.32E-12,-0.741935023,3.231901152e-13,-9.27E-06,3.231901152e-13,-9.27E-06,9.192118716e-15,1.3150033284e-4
0.8045,-4.31E-12,-0.741473688,3.042672788e-13,-9.28E-06,3.042672787e-13,-9.28E-06,8.782406516e-15,1.3158211475e-4
0.805,-4.31E-12,-0.741012927,2.862003718e-13,-9.28E-06,2.862003718e-13,-9.28E-06,8.361518799e-15,1.3166389666e-4
0.8055,-4.30E-12,-0.740552739,2.689968666e-13,-9.29E-06,2.689968666e-13,-9.29E-06,7.929452278e-15,1.3174567858e-4
0.806,-4.30E-12,-0.740093124,2.526662976e-13,-9.30E-06,2.526662976e-13,-9.30E-06,7.497312058e-15,1.3182746051e-4
0.8065,-4.29E-12,-0.739634079,2.372173935e-13,-9.30E-06,2.372173934e-13,-9.30E-06,7.049558165e-15,1.3190924244e-4
0.807,-4.29E-12,-0.739175604,2.226583374e-13,-9.31E-06,2.226583374e-13,-9.31E-06,6.593962291e-15,1.3199102437e-4
0.8075,-4.29E-12,-0.738717699,2.089986830e-13,-9.31E-06,2.089986829e-13,-9.31E-06,6.124975305e-15,1.3207280631e-4
0.808,-4.28E-12,-0.738260361,1.962484458e-13,-9.32E-06,1.962484458e-13,-9.32E-06,5.650369640e-15,1.3215458826e-4
0.8085,-4.27E-12,-0.73780359,1.844157480e-13,-9.32E-06,1.844157480e-13,-9.32E-06,5.167925629e-15,1.3223637021e-4
0.809,-4.27E-12,-0.737347385,1.735083077e-13,-9.33E-06,1.735083077e-13,-9.33E-06,4.672094898e-15,1.3231815217e-4
0.8095,-4.26E-12,-0.736891745,1.635371963e-13,-9.34E-06,1.635371963e-13,-9.34E-06,4.171759355e-15,1.3239993414e-4
0.81,-4.26E-12,-0.736436668,1.545107510e-13,-9.34E-06,1.545107509e-13,-9.34E-06,3.656930417e-15,1.3248171611e-4
0.8105,-4.25E-12,-0.735982154,1.464371009e-13,-9.35E-06,1.464371008e-13,-9.35E-06,3.135378018e-15,1.3256349809e-4
0.811,-4.25E-12,-0.735528202,1.393271892e-13,-9.35E-06,1.393271893e-13,-9.35E-06,2.604885258e-15,1.3264528007e-4
0.8115,-4.24E-12,-0.73507481,1.331890600e-13,-9.36E-06,1.331890600e-13,-9.36E-06,2.064344277e-15,1.3272706206e-4
0.812,-4.24E-12,-0.734621978,1.280323993e-13,-9.36E-06,1.280323993e-13,-9.36E-06,1.509312212e-15,1.3280884405e-4
0.8125,-4.23E-12,-0.734169705,1.238660196e-13,-9.37E-06,1.238660197e-13,-9.37E-06,9.508966360e-16,1.3289062605e-4
0.813,-2.45E-12,-0.733717989,1.207226044e-13,-9.38E-06,1.207226043e-13,-9.38E-06,3.779950764e-16,1.3297240806e-4
0.8135,-1.43E-14,-0.73326683,1.401855432e-18,-9.38E-06,6.543224841e-19,-9.38E-06,-2.54E-18,1.3305419007e-4
0.814,-4.22E-12,-0.73281623,1.168777983e-13,-9.39E-06,1.168777982e-13,-9.39E-06,-7.88E-16,1.3313597209e-4
0.8145,-4.21E-12,-0.732366183,1.152177028e-13,-9.39E-06,1.152177028e-13,-9.39E-06,-1.38E-15,1.3321775411e-4
0.815,-4.20E-12,-0.731916688,1.135626555e-13,-9.40E-06,1.135626555e-13,-9.40E-06,-1.96E-15,1.3329953614e-4
0.8155,-4.20E-12,-0.731467744,1.119115305e-13,-9.40E-06,1.119115305e-13,-9.40E-06,-2.55E-15,1.3338131817e-4
0.816,-4.20E-12,-0.73101935,1.102662311e-13,-9.41E-06,1.102662311e-13,-9.41E-06,-3.13E-15,1.3346310021e-4
0.8165,-4.19E-12,-0.730571506,1.086247450e-13,-9.42E-06,1.086247449e-13,-9.42E-06,-3.13E-15,1.3354488226e-4
0.817,-4.18E-12,-0.730124209,1.069888670e-13,-9.42E-06,1.069888670e-13,-9.42E-06,-3.13E-15,1.3362666431e-4
0.8175,-4.18E-12,-0.72967746,1.053579257e-13,-9.43E-06,1.053579257e-13,-9.43E-06,-3.13E-15,1.3370844637e-4
0.818,-4.17E-12,-0.729231256,1.037316817e-13,-9.43E-06,1.037316816e-13,-9.43E-06,-3.13E-15,1.3379022844e-4
0.8185,-4.17E-12,-0.728785598,1.021108122e-13,-9.44E-06,1.021108123e-13,-9.44E-06,-3.13E-15,1.3387201051e-4
0.819,-4.16E-12,-0.728340483,1.004942737e-13,-9.45E-06,1.004942738e-13,-9.45E-06,-3.13E-15,1.3395379258e-4
0.8195,-4.16E-12,-0.727895912,9.888282148e-14,-9.45E-06,9.888282156e-14,-9.45E-06,-3.13E-15,1.3403557466e-4
0.82,-4.15E-12,-0.727451883,9.727680835e-14,-9.46E-06,9.727680832e-14,-9.46E-06,-3.13E-15,1.3411735675e-4
0.8205,-4.15E-12,-0.727008395,9.567550723e-14,-9.46E-06,9.567550716e-14,-9.46E-06,-3.14E-15,1.3419913884e-4
0.821,-4.14E-12,-0.726565446,9.407968039e-14,-9.47E-06,9.407968047e-14,-9.47E-06,-3.14E-15,1.3428092094e-4
0.8215,-4.14E-12,-0.726123037,9.248898382e-14,-9.47E-06,9.248898389e-14,-9.47E-06,-3.14E-15,1.3436270305e-4
0.822,-4.13E-12,-0.725681166,9.090312255e-14,-9.48E-06,9.090312246e-14,-9.48E-06,-3.14E-15,1.3444448516e-4
0.8225,-4.13E-12,-0.725239832,8.932265793e-14,-9.49E-06,8.932265793e-14,-9.49E-06,-3.14E-15,1.3452626728e-4
0.823,-4.12E-12,-0.724799035,8.774699381e-14,-9.49E-06,8.774699385e-14,-9.49E-06,-3.14E-15,1.3460804940e-4
0.8235,-4.12E-12,-0.724358772,8.617615513e-14,-9.50E-06,8.617615510e-14,-9.50E-06,-3.14E-15,1.3468983153e-4
0.824,-4.11E-12,-0.723919044,8.461134989e-14,-9.50E-06,8.461134992e-14,-9.50E-06,-3.14E-15,1.3477161366e-4
0.8245,-4.11E-12,-0.723479848,8.305127760e-14,-9.51E-06,8.305127754e-14,-9.51E-06,-3.14E-15,1.3485339580e-4
0.825,-4.11E-12,-0.723041186,8.149695156e-14,-9.51E-06,8.149695154e-14,-9.51E-06,-3.14E-15,1.3493517795e-4
0.8255,-4.10E-12,-0.722603054,7.994753332e-14,-9.52E-06,7.994753328e-14,-9.52E-06,-3.14E-15,1.3501696010e-4
0.826,-4.09E-12,-0.722165453,7.840272325e-14,-9.53E-06,7.840272321e-14,-9.53E-06,-3.14E-15,1.3509874226e-4
0.8265,-4.09E-12,-0.721728381,7.686431052e-14,-9.53E-06,7.686431054e-14,-9.53E-06,-3.14E-15,1.3518052443e-4
0.827,-4.08E-12,-0.721291837,7.533054178e-14,-9.54E-06,7.533054182e-14,-9.54E-06,-3.14E-15,1.3526230660e-4
0.8275,-4.08E-12,-0.720855821,7.380271983e-14,-9.54E-06,7.380271985e-14,-9.54E-06,-3.14E-15,1.3534408877e-4
0.828,-4.07E-12,-0.720420331,7.228035103e-14,-9.55E-06,7.228035099e-14,-9.55E-06,-3.14E-15,1.3542587096e-4
0.8285,-4.07E-12,-0.719985367,7.076254882e-14,-9.55E-06,7.076254882e-14,-9.55E-06,-3.14E-15,1.3550765314e-4
0.829,-4.06E-12,-0.719550927,6.925040431e-14,-9.56E-06,6.925040433e-14,-9.56E-06,-3.14E-15,1.3558943534e-4
0.8295,-4.06E-12,-0.719117012,6.774355149e-14,-9.57E-06,6.774355146e-14,-9.57E-06,-3.14E-15,1.3567121754e-4
0.83,-4.05E-12,-0.718683618,6.624234134e-14,-9.57E-06,6.624234134e-14,-9.57E-06,-3.14E-15,1.3575299974e-4
0.8305,-4.05E-12,-0.718250747,6.474712987e-14,-9.58E-06,6.474712990e-14,-9.58E-06,-3.14E-15,1.3583478196e-4
0.831,-4.04E-12,-0.717818396,6.325683983e-14,-9.58E-06,6.325683986e-14,-9.58E-06,-3.14E-15,1.3591656417e-4
0.8315,-4.04E-12,-0.717386565,6.177146021e-14,-9.59E-06,6.177146014e-14,-9.59E-06,-3.14E-15,1.3599834640e-4
0.832,-4.03E-12,-0.716955253,6.029234985e-14,-9.60E-06,6.029234985e-14,-9.60E-06,-3.14E-15,1.3608012863e-4
0.8325,-4.03E-12,-0.716524459,5.881889288e-14,-9.60E-06,5.881889291e-14,-9.60E-06,-3.14E-15,1.3616191086e-4
0.833,-4.02E-12,-0.716094182,5.735081103e-14,-9.61E-06,5.735081106e-14,-9.61E-06,-3.14E-15,1.3624369310e-4
0.8335,-4.02E-12,-0.715664421,5.588766121e-14,-9.61E-06,5.588766122e-14,-9.61E-06,-3.14E-15,1.3632547535e-4
0.834,-4.02E-12,-0.715235176,5.443075018e-14,-9.62E-06,5.443075022e-14,-9.62E-06,-3.14E-15,1.3640725761e-4
0.8345,-4.01E-12,-0.714806444,5.297941564e-14,-9.62E-06,5.297941561e-14,-9.62E-06,-3.14E-15,1.3648903987e-4
0.835,-4.01E-12,-0.714378226,5.153357230e-14,-9.63E-06,5.153357226e-14,-9.63E-06,-3.14E-15,1.3657082213e-4
0.8355,-4.00E-12,-0.713950521,5.009282446e-14,-9.64E-06,5.009282459e-14,-9.64E-06,-3.14E-15,1.3665260440e-4
0.836,-4.00E-12,-0.713523327,4.865883131e-14,-9.64E-06,4.865883134e-14,-9.64E-06,-3.14E-15,1.3673438668e-4
0.8365,-3.99E-12,-0.713096643,4.722968907e-14,-9.65E-06,4.722968909e-14,-9.65E-06,-3.14E-15,1.3681616896e-4
0.837,-3.99E-12,-0.712670469,4.580674037e-14,-9.65E-06,4.580674041e-14,-9.65E-06,-3.14E-15,1.3689795125e-4
0.8375,-3.98E-12,-0.712244804,4.438939610e-14,-9.66E-06,4.438939605e-14,-9.66E-06,-3.14E-15,1.3697973355e-4
0.838,-3.98E-12,-0.711819647,4.297805563e-14,-9.66E-06,4.297805563e-14,-9.66E-06,-3.14E-15,1.3706151585e-4
0.8385,-3.97E-12,-0.711394997,4.157168908e-14,-9.67E-06,4.157168913e-14,-9.67E-06,-3.14E-15,1.3714329816e-4
0.839,-3.97E-12,-0.710970852,4.017164228e-14,-9.68E-06,4.017164232e-14,-9.68E-06,-3.14E-15,1.3722508047e-4
0.8395,-3.96E-12,-0.710547213,3.877716660e-14,-9.68E-06,3.877716657e-14,-9.68E-06,-3.14E-15,1.3730686279e-4
0.84,-3.96E-12,-0.710124078,3.738872311e-14,-9.69E-06,3.738872315e-14,-9.69E-06,-3.14E-15,1.3738864512e-4
0.8405,-3.95E-12,-0.709701447,3.600580104e-14,-9.69E-06,3.600580093e-14,-9.69E-06,-3.14E-15,1.3747042745e-4
0.841,-3.95E-12,-0.709279317,3.462927495e-14,-9.70E-06,3.462927489e-14,-9.70E-06,-3.14E-15,1.3755220979e-4
0.8415,-3.95E-12,-0.70885769,3.325799369e-14,-9.70E-06,3.325799348e-14,-9.70E-06,-3.14E-15,1.3763399213e-4
0.842,-3.94E-12,-0.708436563,3.189248983e-14,-9.71E-06,3.189248979e-14,-9.71E-06,-3.14E-15,1.3771577448e-4
0.8425,-3.93E-12,-0.708015935,3.053407266e-14,-9.72E-06,3.053407266e-14,-9.72E-06,-3.14E-15,1.3779755684e-4
0.843,-3.93E-12,-0.707595807,2.917981533e-14,-9.72E-06,2.917981526e-14,-9.72E-06,-3.14E-15,1.3787933920e-4
0.8435,-3.93E-12,-0.707176177,2.783189810e-14,-9.73E-06,2.783189815e-14,-9.73E-06,-3.14E-15,1.3796112157e-4
0.844,-3.92E-12,-0.706757043,2.649155565e-14,-9.73E-06,2.649155558e-14,-9.73E-06,-3.14E-15,1.3804290394e-4
0.8445,-3.92E-12,-0.706338406,2.515520335e-14,-9.74E-06,2.515520338e-14,-9.74E-06,-3.14E-15,1.3812468632e-4
0.845,-3.91E-12,-0.705920264,2.382583568e-14,-9.75E-06,2.382583569e-14,-9.75E-06,-3.14E-15,1.3820646871e-4
0.8455,-3.91E-12,-0.705502617,2.250221756e-14,-9.75E-06,2.250221759e-14,-9.75E-06,-3.14E-15,1.3828825110e-4
0.846,-3.90E-12,-0.705085463,2.118473124e-14,-9.76E-06,2.118473117e-14,-9.76E-06,-3.14E-15,1.3837003350e-4
0.8465,-3.90E-12,-0.704668802,1.987302532e-14,-9.76E-06,1.987302530e-14,-9.76E-06,-3.14E-15,1.3845181590e-4
0.847,-3.89E-12,-0.704252632,1.856713285e-14,-9.77E-06,1.856713287e-14,-9.77E-06,-3.14E-15,1.3853359831e-4
0.8475,-3.89E-12,-0.703836954,1.726806599e-14,-9.77E-06,1.726806602e-14,-9.77E-06,-3.14E-15,1.3861538073e-4
0.848,-3.88E-12,-0.703421766,1.597395779e-14,-9.78E-06,1.597395785e-14,-9.78E-06,-3.14E-15,1.3869716315e-4
0.8485,-3.88E-12,-0.703007066,1.468668950e-14,-9.79E-06,1.468668959e-14,-9.79E-06,-3.14E-15,1.3877894558e-4
0.849,-3.88E-12,-0.702592856,1.340594988e-14,-9.79E-06,1.340594991e-14,-9.79E-06,-3.14E-15,1.3886072801e-4
0.8495,-3.87E-12,-0.702179132,1.213030036e-14,-9.80E-06,1.213030044e-14,-9.80E-06,-3.14E-15,1.3894251045e-4
0.85,-3.87E-12,-0.701765896,1.086165932e-14,-9.80E-06,1.086165931e-14,-9.80E-06,-3.14E-15,1.3902429290e-4
0.8505,-3.86E-12,-0.701353145,9.598421999e-15,-9.81E-06,9.598421939e-15,-9.81E-06,-3.14E-15,1.3910607535e-4
0.851,-3.86E-12,-0.700940879,8.341873190e-15,-9.81E-06,8.341873116e-15,-9.81E-06,-3.14E-15,1.3918785781e-4
0.8515,-3.85E-12,-0.700529097,7.091400177e-15,-9.82E-06,7.091400162e-15,-9.82E-06,-3.14E-15,1.3926964028e-4
0.852,-3.85E-12,-0.700117798,5.847425871e-15,-9.83E-06,5.847425991e-15,-9.83E-06,-3.14E-15,1.3935142275e-4
0.8525,-3.84E-12,-0.699706982,4.608874334e-15,-9.83E-06,4.608874423e-15,-9.83E-06,-3.14E-15,1.3943320523e-4
0.853,-3.84E-12,-0.699296647,3.376746816e-15,-9.84E-06,3.376746816e-15,-9.84E-06,-3.14E-15,1.3951498771e-4
0.8535,-3.84E-12,-0.698886793,2.151405739e-15,-9.84E-06,2.151405709e-15,-9.84E-06,-3.14E-15,1.3959677020e-4
0.854,-3.83E-12,-0.698477418,9.312637848e-16,-9.85E-06,9.312636650e-16,-9.85E-06,-3.14E-15,1.3967855270e-4
0.8545,-3.83E-12,-0.698068523,-2.82E-16,-9.85E-06,-2.82E-16,-9.85E-06,-3.14E-15,1.3976033520e-4
0.855,-3.82E-12,-0.697660106,-1.49E-15,-9.86E-06,-1.49E-15,-9.86E-06,-3.14E-15,1.3984211771e-4
0.8555,-3.82E-12,-0.697252166,-2.69E-15,-9.87E-06,-2.69E-15,-9.87E-06,-3.14E-15,1.3992390022e-4
0.856,-3.81E-12,-0.696844702,-3.88E-15,-9.87E-06,-3.88E-15,-9.87E-06,-3.14E-15,1.4000568274e-4
0.8565,-3.81E-12,-0.696437714,-5.07E-15,-9.88E-06,-5.07E-15,-9.88E-06,-3.14E-15,1.4008746527e-4
0.857,-3.80E-12,-0.696031201,-6.25E-15,-9.88E-06,-6.25E-15,-9.88E-06,-3.14E-15,1.4016924780e-4
0.8575,-3.80E-12,-0.695625162,-7.43E-15,-9.89E-06,-7.43E-15,-9.89E-06,-3.14E-15,1.4025103034e-4
0.858,-3.79E-12,-0.695219596,-8.60E-15,-9.89E-06,-8.60E-15,-9.89E-06,-3.14E-15,1.4033281288e-4
0.8585,-3.79E-12,-0.694814502,-9.76E-15,-9.90E-06,-9.76E-15,-9.90E-06,-3.14E-15,1.4041459543e-4
0.859,-3.78E-12,-0.69440988,-1.09E-14,-9.91E-06,-1.09E-14,-9.91E-06,-3.14E-15,1.4049637799e-4
0.8595,-3.78E-12,-0.694005728,-1.21E-14,-9.91E-06,-1.21E-14,-9.91E-06,-3.14E-15,1.4057816055e-4
0.86,-3.78E-12,-0.693602046,-1.32E-14,-9.92E-06,-1.32E-14,-9.92E-06,-3.14E-15,1.4065994312e-4
0.8605,-3.77E-12,-0.693198833,-1.43E-14,-9.92E-06,-1.43E-14,-9.92E-06,-3.14E-15,1.4074172570e-4
0.861,-3.77E-12,-0.692796089,-1.55E-14,-9.93E-06,-1.55E-14,-9.93E-06,-3.14E-15,1.4082350828e-4
0.8615,-3.76E-12,-0.692393812,-1.66E-14,-9.94E-06,-1.66E-14,-9.94E-06,-3.14E-15,1.4090529087e-4
0.862,-3.76E-12,-0.691992001,-1.77E-14,-9.94E-06,-1.77E-14,-9.94E-06,-3.14E-15,1.4098707346e-4
0.8625,-3.75E-12,-0.691590656,-1.88E-14,-9.95E-06,-1.88E-14,-9.95E-06,-3.14E-15,1.4106885606e-4
0.863,-3.75E-12,-0.691189776,-1.99E-14,-9.95E-06,-1.99E-14,-9.95E-06,-3.14E-15,1.4115063867e-4
0.8635,-3.75E-12,-0.69078936,-2.10E-14,-9.96E-06,-2.10E-14,-9.96E-06,-3.14E-15,1.4123242128e-4
0.864,-3.74E-12,-0.690389408,-2.21E-14,-9.96E-06,-2.21E-14,-9.96E-06,-3.14E-15,1.4131420390e-4
0.8645,-3.74E-12,-0.689989918,-2.32E-14,-9.97E-06,-2.32E-14,-9.97E-06,-3.14E-15,1.4139598653e-4
0.865,-3.73E-12,-0.68959089,-2.43E-14,-9.98E-06,-2.43E-14,-9.98E-06,-3.14E-15,1.4147776916e-4
0.8655,-3.73E-12,-0.689192323,-2.54E-14,-9.98E-06,-2.54E-14,-9.98E-06,-3.14E-15,1.4155955179e-4
0.866,-3.73E-12,-0.688794216,-2.64E-14,-9.99E-06,-2.64E-14,-9.99E-06,-3.14E-15,1.4164133444e-4
0.8665,-3.72E-12,-0.688396568,-2.75E-14,-9.99E-06,-2.75E-14,-9.99E-06,-3.14E-15,1.4172311709e-4
0.867,-3.72E-12,-0.687999379,-2.85E-14,-1.00E-05,-2.85E-14,-1.00E-05,-3.14E-15,1.4180489974e-4
0.8675,-3.71E-12,-0.687602647,-2.96E-14,-1.00E-05,-2.96E-14,-1.00E-05,-3.14E-15,1.4188668241e-4
0.868,-3.71E-12,-0.687206373,-3.06E-14,-1.00E-05,-3.06E-14,-1.00E-05,-3.14E-15,1.4196846507e-4
0.8685,-3.70E-12,-0.686810554,-3.17E-14,-1.00E-05,-3.17E-14,-1.00E-05,-3.14E-15,1.4205024775e-4
0.869,-3.70E-12,-0.686415191,-3.27E-14,-1.00E-05,-3.27E-14,-1.00E-05,-3.14E-15,1.4213203043e-4
0.8695,-3.70E-12,-0.686020283,-3.37E-14,-1.00E-05,-3.37E-14,-1.00E-05,-3.14E-15,1.4221381312e-4
0.87,-3.69E-12,-0.685625828,-3.47E-14,-1.00E-05,-3.47E-14,-1.00E-05,-3.14E-15,1.4229559581e-4
0.8705,-3.69E-12,-0.685231827,-3.57E-14,-1.00E-05,-3.57E-14,-1.00E-05,-3.14E-15,1.4237737851e-4
0.871,-3.68E-12,-0.684838277,-3.67E-14,-1.00E-05,-3.67E-14,-1.00E-05,-3.14E-15,1.4245916122e-4
0.8715,-3.68E-12,-0.684445179,-3.77E-14,-1.01E-05,-3.77E-14,-1.01E-05,-3.14E-15,1.4254094393e-4
0.872,-3.67E-12,-0.684052532,-3.87E-14,-1.01E-05,-3.87E-14,-1.01E-05,-3.14E-15,1.4262272665e-4
0.8725,-3.67E-12,-0.683660335,-3.97E-14,-1.01E-05,-3.97E-14,-1.01E-05,-3.14E-15,1.4270450937e-4
0.873,-3.67E-12,-0.683268587,-4.06E-14,-1.01E-05,-4.06E-14,-1.01E-05,-3.14E-15,1.4278629210e-4
0.8735,-3.66E-12,-0.682877287,-4.16E-14,-1.01E-05,-4.16E-14,-1.01E-05,-3.14E-15,1.4286807484e-4
0.874,-3.66E-12,-0.682486435,-4.26E-14,-1.01E-05,-4.26E-14,-1.01E-05,-3.14E-15,1.4294985758e-4
0.8745,-3.65E-12,-0.68209603,-4.35E-14,-1.01E-05,-4.35E-14,-1.01E-05,-3.14E-15,1.4303164033e-4
0.875,-3.65E-12,-0.68170607,-4.45E-14,-1.01E-05,-4.45E-14,-1.01E-05,-3.14E-15,1.4311342309e-4
0.8755,-3.64E-12,-0.681316557,-4.54E-14,-1.01E-05,-4.54E-14,-1.01E-05,-3.14E-15,1.4319520585e-4
0.876,-3.64E-12,-0.680927487,-4.63E-14,-1.01E-05,-4.63E-14,-1.01E-05,-3.14E-15,1.4327698862e-4
0.8765,-3.64E-12,-0.680538862,-4.73E-14,-1.01E-05,-4.73E-14,-1.01E-05,-3.14E-15,1.4335877139e-4
0.877,-3.63E-12,-0.680150679,-4.82E-14,-1.01E-05,-4.82E-14,-1.01E-05,-3.14E-15,1.4344055418e-4
0.8775,-3.63E-12,-0.679762939,-4.91E-14,-1.01E-05,-4.91E-14,-1.01E-05,-3.14E-15,1.4352233696e-4
0.878,-3.62E-12,-0.67937564,-5.00E-14,-1.01E-05,-5.00E-14,-1.01E-05,-3.14E-15,1.4360411976e-4
0.8785,-3.62E-12,-0.678988782,-5.09E-14,-1.01E-05,-5.09E-14,-1.01E-05,-3.14E-15,1.4368590256e-4
0.879,-3.61E-12,-0.678602364,-5.18E-14,-1.01E-05,-5.18E-14,-1.01E-05,-3.14E-15,1.4376768536e-4
0.8795,-3.61E-12,-0.678216385,-5.27E-14,-1.01E-05,-5.27E-14,-1.01E-05,-3.14E-15,1.4384946818e-4
0.88,-3.61E-12,-0.677830845,-5.35E-14,-1.01E-05,-5.35E-14,-1.01E-05,-3.14E-15,1.4393125099e-4
0.8805,-3.60E-12,-0.677445742,-5.44E-14,-1.02E-05,-5.44E-14,-1.02E-05,-3.14E-15,1.4401303382e-4
0.881,-3.60E-12,-0.677061077,-5.53E-14,-1.02E-05,-5.53E-14,-1.02E-05,-3.14E-15,1.4409481665e-4
0.8815,-3.59E-12,-0.676676847,-5.61E-14,-1.02E-05,-5.61E-14,-1.02E-05,-3.14E-15,1.4417659949e-4
0.882,-3.59E-12,-0.676293054,-5.70E-14,-1.02E-05,-5.70E-14,-1.02E-05,-3.14E-15,1.4425838233e-4
0.8825,-3.59E-12,-0.675909695,-5.78E-14,-1.02E-05,-5.78E-14,-1.02E-05,-3.14E-15,1.4434016518e-4
0.883,-3.58E-12,-0.67552677,-5.87E-14,-1.02E-05,-5.87E-14,-1.02E-05,-3.14E-15,1.4442194804e-4
0.8835,-3.58E-12,-0.675144278,-5.95E-14,-1.02E-05,-5.95E-14,-1.02E-05,-3.14E-15,1.4450373090e-4
0.884,-3.57E-12,-0.674762219,-6.03E-14,-1.02E-05,-6.03E-14,-1.02E-05,-3.14E-15,1.4458551377e-4
0.8845,-3.57E-12,-0.674380592,-6.11E-14,-1.02E-05,-6.11E-14,-1.02E-05,-3.14E-15,1.4466729665e-4
0.885,-3.57E-12,-0.673999396,-6.19E-14,-1.02E-05,-6.19E-14,-1.02E-05,-3.14E-15,1.4474907953e-4
0.8855,-3.56E-12,-0.67361863,-6.27E-14,-1.02E-05,-6.27E-14,-1.02E-05,-3.14E-15,1.4483086242e-4
0.886,-3.56E-12,-0.673238294,-6.35E-14,-1.02E-05,-6.35E-14,-1.02E-05,-3.14E-15,1.4491264531e-4
0.8865,-3.56E-12,-0.672858387,-6.43E-14,-1.02E-05,-6.43E-14,-1.02E-05,-3.14E-15,1.4499442822e-4
0.887,-3.55E-12,-0.672478908,-6.51E-14,-1.02E-05,-6.51E-14,-1.02E-05,-3.14E-15,1.4507621112e-4
0.8875,-3.55E-12,-0.672099857,-6.59E-14,-1.02E-05,-6.59E-14,-1.02E-05,-3.14E-15,1.4515799404e-4
0.888,-3.54E-12,-0.671721232,-6.66E-14,-1.02E-05,-6.66E-14,-1.02E-05,-3.14E-15,1.4523977696e-4
0.8885,-3.54E-12,-0.671343034,-6.74E-14,-1.02E-05,-6.74E-14,-1.02E-05,-3.14E-15,1.4532155988e-4
0.889,-3.53E-12,-0.67096526,-6.81E-14,-1.03E-05,-6.81E-14,-1.03E-05,-3.14E-15,1.4540334282e-4
0.8895,-3.53E-12,-0.670587912,-6.89E-14,-1.03E-05,-6.89E-14,-1.03E-05,-3.14E-15,1.4548512576e-4
0.89,-3.53E-12,-0.670210987,-6.96E-14,-1.03E-05,-6.96E-14,-1.03E-05,-3.14E-15,1.4556690870e-4
0.8905,-3.52E-12,-0.669834485,-7.03E-14,-1.03E-05,-7.03E-14,-1.03E-05,-3.14E-15,1.4564869166e-4
0.891,-3.52E-12,-0.669458406,-7.11E-14,-1.03E-05,-7.11E-14,-1.03E-05,-3.14E-15,1.4573047461e-4
0.8915,-3.52E-12,-0.669082748,-7.18E-14,-1.03E-05,-7.18E-14,-1.03E-05,-3.14E-15,1.4581225758e-4
0.892,-3.51E-12,-0.668707512,-7.25E-14,-1.03E-05,-7.25E-14,-1.03E-05,-3.14E-15,1.4589404055e-4
0.8925,-3.51E-12,-0.668332696,-7.32E-14,-1.03E-05,-7.32E-14,-1.03E-05,-3.14E-15,1.4597582353e-4
0.893,-3.50E-12,-0.667958299,-7.39E-14,-1.03E-05,-7.39E-14,-1.03E-05,-3.14E-15,1.4605760651e-4
0.8935,-3.50E-12,-0.667584321,-7.46E-14,-1.03E-05,-7.46E-14,-1.03E-05,-3.14E-15,1.4613938950e-4
0.894,-3.49E-12,-0.667210762,-7.53E-14,-1.03E-05,-7.53E-14,-1.03E-05,-3.14E-15,1.4622117250e-4
0.8945,-3.49E-12,-0.66683762,-7.59E-14,-1.03E-05,-7.59E-14,-1.03E-05,-3.14E-15,1.4630295550e-4
0.895,-3.49E-12,-0.666464895,-7.66E-14,-1.03E-05,-7.66E-14,-1.03E-05,-3.14E-15,1.4638473851e-4
0.8955,-3.48E-12,-0.666092586,-7.73E-14,-1.03E-05,-7.73E-14,-1.03E-05,-3.14E-15,1.4646652153e-4
0.896,-3.48E-12,-0.665720693,-7.79E-14,-1.03E-05,-7.79E-14,-1.03E-05,-3.14E-15,1.4654830455e-4
0.8965,-3.47E-12,-0.665349214,-7.85E-14,-1.03E-05,-7.85E-14,-1.03E-05,-3.14E-15,1.4663008758e-4
0.897,-3.47E-12,-0.664978149,-7.92E-14,-1.03E-05,-7.92E-14,-1.03E-05,-3.14E-15,1.4671187062e-4
0.8975,-3.47E-12,-0.664607498,-7.98E-14,-1.04E-05,-7.98E-14,-1.04E-05,-3.14E-15,1.4679365366e-4
0.898,-3.46E-12,-0.664237259,-8.04E-14,-1.04E-05,-8.04E-14,-1.04E-05,-3.14E-15,1.4687543671e-4
0.8985,-3.46E-12,-0.663867432,-8.11E-14,-1.04E-05,-8.11E-14,-1.04E-05,-3.14E-15,1.4695721976e-4
0.899,-3.46E-12,-0.663498016,-8.17E-14,-1.04E-05,-8.17E-14,-1.04E-05,-3.14E-15,1.4703900282e-4
0.8995,-3.45E-12,-0.663129011,-8.23E-14,-1.04E-05,-8.23E-14,-1.04E-05,-3.14E-15,1.4712078589e-4
0.9,-3.45E-12,-0.662760416,-8.29E-14,-1.04E-05,-8.29E-14,-1.04E-05,-3.14E-15,1.4720256896e-4
0.9005,-3.44E-12,-0.66239223,-8.35E-14,-1.04E-05,-8.35E-14,-1.04E-05,-3.14E-15,1.4728435204e-4
0.901,-3.44E-12,-0.662024453,-8.40E-14,-1.04E-05,-8.40E-14,-1.04E-05,-3.14E-15,1.4736613513e-4
0.9015,-3.44E-12,-0.661657083,-8.46E-14,-1.04E-05,-8.46E-14,-1.04E-05,-3.14E-15,1.4744791822e-4
0.902,-3.43E-12,-0.661290121,-8.52E-14,-1.04E-05,-8.52E-14,-1.04E-05,-3.14E-15,1.4752970132e-4
0.9025,-3.43E-12,-0.660923565,-8.57E-14,-1.04E-05,-8.57E-14,-1.04E-05,-3.14E-15,1.4761148443e-4
0.903,-3.42E-12,-0.660557415,-8.63E-14,-1.04E-05,-8.63E-14,-1.04E-05,-3.14E-15,1.4769326754e-4
0.9035,-3.42E-12,-0.66019167,-8.68E-14,-1.04E-05,-8.68E-14,-1.04E-05,-3.14E-15,1.4777505066e-4
0.904,-3.42E-12,-0.65982633,-8.74E-14,-1.04E-05,-8.74E-14,-1.04E-05,-3.14E-15,1.4785683379e-4
0.9045,-3.42E-12,-0.659461393,-8.79E-14,-1.04E-05,-8.79E-14,-1.04E-05,-3.14E-15,1.4793861692e-4
0.905,-3.41E-12,-0.65909686,-8.84E-14,-1.04E-05,-8.84E-14,-1.04E-05,-3.14E-15,1.4802040006e-4
0.9055,-3.41E-12,-0.658732729,-8.89E-14,-1.04E-05,-8.89E-14,-1.04E-05,-3.14E-15,1.4810218321e-4
0.906,-3.40E-12,-0.658369,-8.94E-14,-1.04E-05,-8.94E-14,-1.04E-05,-3.14E-15,1.4818396636e-4
0.9065,-3.40E-12,-0.658005672,-8.99E-14,-1.05E-05,-8.99E-14,-1.05E-05,-3.14E-15,1.4826574952e-4
0.907,-3.39E-12,-0.657642744,-9.04E-14,-1.05E-05,-9.04E-14,-1.05E-05,-3.14E-15,1.4834753268e-4
0.9075,-3.39E-12,-0.657280216,-9.09E-14,-1.05E-05,-9.09E-14,-1.05E-05,-3.14E-15,1.4842931585e-4
0.908,-3.39E-12,-0.656918088,-9.14E-14,-1.05E-05,-9.14E-14,-1.05E-05,-3.14E-15,1.4851109903e-4
0.9085,-3.38E-12,-0.656556358,-9.19E-14,-1.05E-05,-9.19E-14,-1.05E-05,-3.14E-15,1.4859288221e-4
0.909,-3.38E-12,-0.656195026,-9.23E-14,-1.05E-05,-9.23E-14,-1.05E-05,-3.14E-15,1.4867466540e-4
0.9095,-3.38E-12,-0.65583409,-9.28E-14,-1.05E-05,-9.28E-14,-1.05E-05,-3.14E-15,1.4875644860e-4
0.91,-3.37E-12,-0.655473552,-9.32E-14,-1.05E-05,-9.32E-14,-1.05E-05,-3.14E-15,1.4883823181e-4
0.9105,-3.37E-12,-0.655113409,-9.37E-14,-1.05E-05,-9.37E-14,-1.05E-05,-3.14E-15,1.4892001502e-4
0.911,-3.37E-12,-0.654753662,-9.41E-14,-1.05E-05,-9.41E-14,-1.05E-05,-3.14E-15,1.4900179823e-4
0.9115,-3.36E-12,-0.654394309,-9.46E-14,-1.05E-05,-9.46E-14,-1.05E-05,-3.14E-15,1.4908358146e-4
0.912,-3.36E-12,-0.65403535,-9.50E-14,-1.05E-05,-9.50E-14,-1.05E-05,-3.14E-15,1.4916536469e-4
0.9125,-3.35E-12,-0.653676784,-9.54E-14,-1.05E-05,-9.54E-14,-1.05E-05,-3.14E-15,1.4924714792e-4
0.913,-3.35E-12,-0.653318611,-9.58E-14,-1.05E-05,-9.58E-14,-1.05E-05,-3.14E-15,1.4932893117e-4
0.9135,-3.35E-12,-0.65296083,-9.62E-14,-1.05E-05,-9.62E-14,-1.05E-05,-3.14E-15,1.4941071442e-4
0.914,-3.34E-12,-0.65260344,-9.66E-14,-1.05E-05,-9.66E-14,-1.05E-05,-3.14E-15,1.4949249767e-4
0.9145,-3.34E-12,-0.652246441,-9.70E-14,-1.05E-05,-9.70E-14,-1.05E-05,-3.14E-15,1.4957428093e-4
0.915,-3.34E-12,-0.651889832,-9.73E-14,-1.06E-05,-9.73E-14,-1.06E-05,-3.14E-15,1.4965606420e-4
0.9155,-3.33E-12,-0.651533613,-9.77E-14,-1.06E-05,-9.77E-14,-1.06E-05,-3.14E-15,1.4973784748e-4
0.916,-3.33E-12,-0.651177782,-9.81E-14,-1.06E-05,-9.81E-14,-1.06E-05,-3.14E-15,1.4981963076e-4
0.9165,-3.32E-12,-0.650822339,-9.84E-14,-1.06E-05,-9.84E-14,-1.06E-05,-3.14E-15,1.4990141405e-4
0.917,-3.32E-12,-0.650467284,-9.88E-14,-1.06E-05,-9.88E-14,-1.06E-05,-3.14E-15,1.4998319735e-4
0.9175,-3.32E-12,-0.650112616,-9.91E-14,-1.06E-05,-9.91E-14,-1.06E-05,-3.14E-15,1.5006498065e-4
0.918,-3.31E-12,-0.649758334,-9.95E-14,-1.06E-05,-9.95E-14,-1.06E-05,-3.14E-15,1.5014676396e-4
0.9185,-3.31E-12,-0.649404437,-9.98E-14,-1.06E-05,-9.98E-14,-1.06E-05,-3.14E-15,1.5022854727e-4
0.919,-3.31E-12,-0.649050926,-1.00E-13,-1.06E-05,-1.00E-13,-1.06E-05,-3.14E-15,1.5031033059e-4
0.9195,-3.30E-12,-0.648697799,-1.00E-13,-1.06E-05,-1.00E-13,-1.06E-05,-3.14E-15,1.5039211392e-4
0.92,-3.30E-12,-0.648345056,-1.01E-13,-1.06E-05,-1.01E-13,-1.06E-05,-3.14E-15,1.5047389726e-4
0.9205,-3.30E-12,-0.647992695,-1.01E-13,-1.06E-05,-1.01E-13,-1.06E-05,-3.14E-15,1.5055568060e-4
0.921,-3.29E-12,-0.647640717,-1.01E-13,-1.06E-05,-1.01E-13,-1.06E-05,-3.14E-15,1.5063746395e-4
0.9215,-3.29E-12,-0.647289122,-1.02E-13,-1.06E-05,-1.02E-13,-1.06E-05,-3.14E-15,1.5071924730e-4
0.922,-3.29E-12,-0.646937907,-1.02E-13,-1.06E-05,-1.02E-13,-1.06E-05,-3.14E-15,1.5080103066e-4
0.9225,-3.28E-12,-0.646587073,-1.02E-13,-1.06E-05,-1.02E-13,-1.06E-05,-3.14E-15,1.5088281403e-4
0.923,-3.28E-12,-0.646236619,-1.02E-13,-1.06E-05,-1.02E-13,-1.06E-05,-3.14E-15,1.5096459741e-4
0.9235,-3.28E-12,-0.645886544,-1.03E-13,-1.07E-05,-1.03E-13,-1.07E-05,-3.14E-15,1.5104638079e-4
0.924,-3.27E-12,-0.645536848,-1.03E-13,-1.07E-05,-1.03E-13,-1.07E-05,-3.14E-15,1.5112816418e-4
0.9245,-3.27E-12,-0.64518753,-1.03E-13,-1.07E-05,-1.03E-13,-1.07E-05,-3.14E-15,1.5120994757e-4
0.925,-3.26E-12,-0.64483859,-1.03E-13,-1.07E-05,-1.03E-13,-1.07E-05,-3.14E-15,1.5129173097e-4
0.9255,-3.26E-12,-0.644490027,-1.04E-13,-1.07E-05,-1.04E-13,-1.07E-05,-3.14E-15,1.5137351438e-4
0.926,-3.26E-12,-0.64414184,-1.04E-13,-1.07E-05,-1.04E-13,-1.07E-05,-3.14E-15,1.5145529779e-4
0.9265,-3.25E-12,-0.643794028,-1.04E-13,-1.07E-05,-1.04E-13,-1.07E-05,-3.14E-15,1.5153708122e-4
0.927,-3.25E-12,-0.643446592,-1.04E-13,-1.07E-05,-1.04E-13,-1.07E-05,-3.14E-15,1.5161886464e-4
0.9275,-3.25E-12,-0.643099531,-1.04E-13,-1.07E-05,-1.04E-13,-1.07E-05,-3.14E-15,1.5170064808e-4
0.928,-3.24E-12,-0.642752843,-1.05E-13,-1.07E-05,-1.05E-13,-1.07E-05,-3.14E-15,1.5178243152e-4
0.9285,-3.24E-12,-0.642406528,-1.05E-13,-1.07E-05,-1.05E-13,-1.07E-05,-3.14E-15,1.5186421497e-4
0.929,-3.24E-12,-0.642060586,-1.05E-13,-1.07E-05,-1.05E-13,-1.07E-05,-3.14E-15,1.5194599842e-4
0.9295,-3.23E-12,-0.641715016,-1.05E-13,-1.07E-05,-1.05E-13,-1.07E-05,-3.14E-15,1.5202778188e-4
0.93,-3.23E-12,-0.641369818,-1.05E-13,-1.07E-05,-1.05E-13,-1.07E-05,-3.14E-15,1.5210956535e-4
0.9305,-3.23E-12,-0.641024991,-1.05E-13,-1.07E-05,-1.05E-13,-1.07E-05,-3.14E-15,1.5219134882e-4
0.931,-3.22E-12,-0.640680533,-1.06E-13,-1.07E-05,-1.06E-13,-1.07E-05,-3.14E-15,1.5227313230e-4
0.9315,-3.22E-12,-0.640336446,-1.06E-13,-1.07E-05,-1.06E-13,-1.07E-05,-3.14E-15,1.5235491579e-4
0.932,-3.22E-12,-0.639992728,-1.06E-13,-1.07E-05,-1.06E-13,-1.07E-05,-3.14E-15,1.5243669929e-4
0.9325,-3.21E-12,-0.639649378,-1.06E-13,-1.08E-05,-1.06E-13,-1.08E-05,-3.14E-15,1.5251848279e-4
0.933,-3.21E-12,-0.639306396,-1.06E-13,-1.08E-05,-1.06E-13,-1.08E-05,-3.14E-15,1.5260026630e-4
0.9335,-3.21E-12,-0.638963781,-1.06E-13,-1.08E-05,-1.06E-13,-1.08E-05,-3.14E-15,1.5268204981e-4
0.934,-3.20E-12,-0.638621533,-1.06E-13,-1.08E-05,-1.06E-13,-1.08E-05,-3.14E-15,1.5276383333e-4
0.9345,-3.20E-12,-0.638279651,-1.06E-13,-1.08E-05,-1.06E-13,-1.08E-05,-3.14E-15,1.5284561686e-4
0.935,-3.19E-12,-0.637938135,-1.06E-13,-1.08E-05,-1.06E-13,-1.08E-05,-3.14E-15,1.5292740039e-4
0.9355,-3.19E-12,-0.637596983,-1.07E-13,-1.08E-05,-1.07E-13,-1.08E-05,-3.14E-15,1.5300918393e-4
0.936,-3.19E-12,-0.637256196,-1.07E-13,-1.08E-05,-1.07E-13,-1.08E-05,-3.14E-15,1.5309096748e-4
0.9365,-3.19E-12,-0.636915773,-1.07E-13,-1.08E-05,-1.07E-13,-1.08E-05,-3.14E-15,1.5317275104e-4
0.937,-3.18E-12,-0.636575713,-1.07E-13,-1.08E-05,-1.07E-13,-1.08E-05,-3.14E-15,1.5325453460e-4
0.9375,-3.18E-12,-0.636236016,-1.07E-13,-1.08E-05,-1.07E-13,-1.08E-05,-3.14E-15,1.5333631817e-4
0.938,-3.17E-12,-0.63589668,-1.07E-13,-1.08E-05,-1.07E-13,-1.08E-05,-3.14E-15,1.5341810174e-4
0.9385,-3.17E-12,-0.635557707,-1.07E-13,-1.08E-05,-1.07E-13,-1.08E-05,-3.14E-15,1.5349988532e-4
0.939,-3.17E-12,-0.635219094,-1.07E-13,-1.08E-05,-1.07E-13,-1.08E-05,-3.14E-15,1.5358166891e-4
0.9395,-3.17E-12,-0.634880841,-1.07E-13,-1.08E-05,-1.07E-13,-1.08E-05,-3.14E-15,1.5366345251e-4
0.94,-3.16E-12,-0.634542948,-1.07E-13,-1.08E-05,-1.07E-13,-1.08E-05,-3.14E-15,1.5374523611e-4
0.9405,-3.16E-12,-0.634205414,-1.07E-13,-1.08E-05,-1.07E-13,-1.08E-05,-3.14E-15,1.5382701972e-4
0.941,-3.15E-12,-0.633868239,-1.07E-13,-1.09E-05,-1.07E-13,-1.09E-05,-3.14E-15,1.5390880333e-4
0.9415,-3.15E-12,-0.633531422,-1.07E-13,-1.09E-05,-1.07E-13,-1.09E-05,-3.14E-15,1.5399058695e-4
0.942,-3.15E-12,-0.633194962,-1.07E-13,-1.09E-05,-1.07E-13,-1.09E-05,-3.14E-15,1.5407237058e-4
0.9425,-3.15E-12,-0.63285886,-1.07E-13,-1.09E-05,-1.07E-13,-1.09E-05,-3.14E-15,1.5415415422e-4
0.943,-3.14E-12,-0.632523113,-1.07E-13,-1.09E-05,-1.07E-13,-1.09E-05,-3.14E-15,1.5423593786e-4
0.9435,-3.14E-12,-0.632187722,-1.07E-13,-1.09E-05,-1.07E-13,-1.09E-05,-3.14E-15,1.5431772151e-4
0.944,-3.13E-12,-0.631852687,-1.07E-13,-1.09E-05,-1.07E-13,-1.09E-05,-3.14E-15,1.5439950516e-4
0.9445,-3.13E-12,-0.631518006,-1.07E-13,-1.09E-05,-1.07E-13,-1.09E-05,-3.14E-15,1.5448128883e-4
0.945,-3.13E-12,-0.631183679,-1.07E-13,-1.09E-05,-1.07E-13,-1.09E-05,-3.14E-15,1.5456307250e-4
0.9455,-3.12E-12,-0.630849706,-1.07E-13,-1.09E-05,-1.07E-13,-1.09E-05,-3.14E-15,1.5464485617e-4
0.946,-3.12E-12,-0.630516085,-1.06E-13,-1.09E-05,-1.06E-13,-1.09E-05,-3.14E-15,1.5472663986e-4
0.9465,-3.12E-12,-0.630182817,-1.06E-13,-1.09E-05,-1.06E-13,-1.09E-05,-3.14E-15,1.5480842354e-4
0.947,-3.12E-12,-0.629849901,-1.06E-13,-1.09E-05,-1.06E-13,-1.09E-05,-3.14E-15,1.5489020724e-4
0.9475,-3.11E-12,-0.629517336,-1.06E-13,-1.09E-05,-1.06E-13,-1.09E-05,-3.14E-15,1.5497199094e-4
0.948,-3.11E-12,-0.629185121,-1.06E-13,-1.09E-05,-1.06E-13,-1.09E-05,-3.14E-15,1.5505377465e-4
0.9485,-3.10E-12,-0.628853257,-1.06E-13,-1.09E-05,-1.06E-13,-1.09E-05,-3.14E-15,1.5513555837e-4
0.949,-3.10E-12,-0.628521743,-1.06E-13,-1.09E-05,-1.06E-13,-1.09E-05,-3.14E-15,1.5521734209e-4
0.9495,-3.10E-12,-0.628190577,-1.06E-13,-1.10E-05,-1.06E-13,-1.10E-05,-3.14E-15,1.5529912583e-4
0.95,-3.10E-12,-0.62785976,-1.06E-13,-1.10E-05,-1.06E-13,-1.10E-05,-3.14E-15,1.5538090956e-4
0.9505,-3.09E-12,-0.627529291,-1.05E-13,-1.10E-05,-1.05E-13,-1.10E-05,-3.14E-15,1.5546269331e-4
0.951,-3.09E-12,-0.627199169,-1.05E-13,-1.10E-05,-1.05E-13,-1.10E-05,-3.14E-15,1.5554447706e-4
0.9515,-3.09E-12,-0.626869394,-1.05E-13,-1.10E-05,-1.05E-13,-1.10E-05,-3.14E-15,1.5562626081e-4
0.952,-3.08E-12,-0.626539966,-1.05E-13,-1.10E-05,-1.05E-13,-1.10E-05,-3.14E-15,1.5570804458e-4
0.9525,-3.08E-12,-0.626210883,-1.05E-13,-1.10E-05,-1.05E-13,-1.10E-05,-3.14E-15,1.5578982835e-4
0.953,-3.08E-12,-0.625882145,-1.05E-13,-1.10E-05,-1.05E-13,-1.10E-05,-3.14E-15,1.5587161213e-4
0.9535,-3.07E-12,-0.625553752,-1.04E-13,-1.10E-05,-1.04E-13,-1.10E-05,-3.14E-15,1.5595339591e-4
0.954,-3.07E-12,-0.625225704,-1.04E-13,-1.10E-05,-1.04E-13,-1.10E-05,-3.14E-15,1.5603517971e-4
0.9545,-3.07E-12,-0.624897998,-1.04E-13,-1.10E-05,-1.04E-13,-1.10E-05,-3.14E-15,1.5611696350e-4
0.955,-3.06E-12,-0.624570636,-1.04E-13,-1.10E-05,-1.04E-13,-1.10E-05,-3.14E-15,1.5619874731e-4
0.9555,-3.06E-12,-0.624243617,-1.04E-13,-1.10E-05,-1.04E-13,-1.10E-05,-3.14E-15,1.5628053112e-4
0.956,-3.06E-12,-0.623916939,-1.03E-13,-1.10E-05,-1.03E-13,-1.10E-05,-3.14E-15,1.5636231494e-4
0.9565,-3.05E-12,-0.623590603,-1.03E-13,-1.10E-05,-1.03E-13,-1.10E-05,-3.14E-15,1.5644409877e-4
0.957,-3.05E-12,-0.623264607,-1.03E-13,-1.10E-05,-1.03E-13,-1.10E-05,-3.14E-15,1.5652588260e-4
0.9575,-3.05E-12,-0.622938952,-1.03E-13,-1.10E-05,-1.03E-13,-1.10E-05,-3.14E-15,1.5660766644e-4
0.958,-3.04E-12,-0.622613637,-1.02E-13,-1.10E-05,-1.02E-13,-1.10E-05,-3.14E-15,1.5668945029e-4
0.9585,-3.04E-12,-0.622288661,-1.02E-13,-1.11E-05,-1.02E-13,-1.11E-05,-3.14E-15,1.5677123414e-4
0.959,-3.04E-12,-0.621964024,-1.02E-13,-1.11E-05,-1.02E-13,-1.11E-05,-3.14E-15,1.5685301800e-4
0.9595,-3.03E-12,-0.621639725,-1.02E-13,-1.11E-05,-1.02E-13,-1.11E-05,-3.14E-15,1.5693480187e-4
0.96,-3.03E-12,-0.621315764,-1.01E-13,-1.11E-05,-1.01E-13,-1.11E-05,-3.14E-15,1.5701658574e-4
0.9605,-3.03E-12,-0.62099214,-1.01E-13,-1.11E-05,-1.01E-13,-1.11E-05,-3.14E-15,1.5709836962e-4
0.961,-3.03E-12,-0.620668852,-1.01E-13,-1.11E-05,-1.01E-13,-1.11E-05,-3.14E-15,1.5718015351e-4
0.9615,-3.02E-12,-0.620345901,-1.00E-13,-1.11E-05,-1.00E-13,-1.11E-05,-3.14E-15,1.5726193741e-4
0.962,-3.02E-12,-0.620023285,-1.00E-13,-1.11E-05,-1.00E-13,-1.11E-05,-3.14E-15,1.5734372131e-4
0.9625,-3.01E-12,-0.619701005,-9.99E-14,-1.11E-05,-9.99E-14,-1.11E-05,-3.14E-15,1.5742550522e-4
0.963,-3.01E-12,-0.619379059,-9.95E-14,-1.11E-05,-9.95E-14,-1.11E-05,-3.14E-15,1.5750728913e-4
0.9635,-3.01E-12,-0.619057447,-9.92E-14,-1.11E-05,-9.92E-14,-1.11E-05,-3.14E-15,1.5758907305e-4
0.964,-3.01E-12,-0.618736169,-9.89E-14,-1.11E-05,-9.89E-14,-1.11E-05,-3.14E-15,1.5767085698e-4
0.9645,-3.00E-12,-0.618415223,-9.85E-14,-1.11E-05,-9.85E-14,-1.11E-05,-3.14E-15,1.5775264092e-4
0.965,-3.00E-12,-0.61809461,-9.82E-14,-1.11E-05,-9.82E-14,-1.11E-05,-3.14E-15,1.5783442486e-4
0.9655,-3.00E-12,-0.617774329,-9.78E-14,-1.11E-05,-9.78E-14,-1.11E-05,-3.14E-15,1.5791620881e-4
0.966,-2.99E-12,-0.61745438,-9.75E-14,-1.11E-05,-9.75E-14,-1.11E-05,-3.14E-15,1.5799799277e-4
0.9665,-2.99E-12,-0.617134761,-9.71E-14,-1.11E-05,-9.71E-14,-1.11E-05,-3.14E-15,1.5807977673e-4
0.967,-2.99E-12,-0.616815473,-9.67E-14,-1.12E-05,-9.67E-14,-1.12E-05,-3.14E-15,1.5816156070e-4
0.9675,-2.98E-12,-0.616496515,-9.63E-14,-1.12E-05,-9.63E-14,-1.12E-05,-3.14E-15,1.5824334468e-4
0.968,-2.98E-12,-0.616177886,-9.59E-14,-1.12E-05,-9.59E-14,-1.12E-05,-3.14E-15,1.5832512867e-4
0.9685,-2.98E-12,-0.615859586,-9.55E-14,-1.12E-05,-9.55E-14,-1.12E-05,-3.14E-15,1.5840691266e-4
0.969,-2.98E-12,-0.615541614,-9.51E-14,-1.12E-05,-9.51E-14,-1.12E-05,-3.14E-15,1.5848869666e-4
0.9695,-2.97E-12,-0.61522397,-9.47E-14,-1.12E-05,-9.47E-14,-1.12E-05,-3.14E-15,1.5857048066e-4
0.97,-2.97E-12,-0.614906654,-9.43E-14,-1.12E-05,-9.43E-14,-1.12E-05,-3.14E-15,1.5865226467e-4
0.9705,-2.97E-12,-0.614589665,-9.39E-14,-1.12E-05,-9.39E-14,-1.12E-05,-3.14E-15,1.5873404869e-4
0.971,-2.96E-12,-0.614273001,-9.34E-14,-1.12E-05,-9.34E-14,-1.12E-05,-3.14E-15,1.5881583272e-4
0.9715,-2.96E-12,-0.613956664,-9.30E-14,-1.12E-05,-9.30E-14,-1.12E-05,-3.14E-15,1.5889761675e-4
0.972,-2.96E-12,-0.613640652,-9.26E-14,-1.12E-05,-9.26E-14,-1.12E-05,-3.14E-15,1.5897940079e-4
0.9725,-2.95E-12,-0.613324965,-9.21E-14,-1.12E-05,-9.21E-14,-1.12E-05,-3.14E-15,1.5906118484e-4
0.973,-2.95E-12,-0.613009602,-9.16E-14,-1.12E-05,-9.16E-14,-1.12E-05,-3.14E-15,1.5914296890e-4
0.9735,-2.95E-12,-0.612694563,-9.12E-14,-1.12E-05,-9.12E-14,-1.12E-05,-3.14E-15,1.5922475296e-4
0.974,-2.94E-12,-0.612379848,-9.07E-14,-1.12E-05,-9.07E-14,-1.12E-05,-3.14E-15,1.5930653703e-4
0.9745,-2.94E-12,-0.612065455,-9.02E-14,-1.12E-05,-9.02E-14,-1.12E-05,-3.14E-15,1.5938832110e-4
0.975,-2.94E-12,-0.611751385,-8.97E-14,-1.12E-05,-8.97E-14,-1.12E-05,-3.14E-15,1.5947010518e-4
0.9755,-2.94E-12,-0.611437636,-8.92E-14,-1.13E-05,-8.92E-14,-1.13E-05,-3.14E-15,1.5955188927e-4
0.976,-2.93E-12,-0.611124209,-8.87E-14,-1.13E-05,-8.87E-14,-1.13E-05,-3.14E-15,1.5963367337e-4
0.9765,-2.93E-12,-0.610811103,-8.82E-14,-1.13E-05,-8.82E-14,-1.13E-05,-3.14E-15,1.5971545747e-4
0.977,-2.93E-12,-0.610498317,-8.77E-14,-1.13E-05,-8.77E-14,-1.13E-05,-3.14E-15,1.5979724158e-4
0.9775,-2.92E-12,-0.610185851,-8.72E-14,-1.13E-05,-8.72E-14,-1.13E-05,-3.14E-15,1.5987902570e-4
0.978,-2.92E-12,-0.609873704,-8.66E-14,-1.13E-05,-8.66E-14,-1.13E-05,-3.14E-15,1.5996080982e-4
0.9785,-2.92E-12,-0.609561876,-8.61E-14,-1.13E-05,-8.61E-14,-1.13E-05,-3.14E-15,1.6004259395e-4
0.979,-2.91E-12,-0.609250367,-8.56E-14,-1.13E-05,-8.56E-14,-1.13E-05,-3.14E-15,1.6012437809e-4
0.9795,-2.91E-12,-0.608939176,-8.50E-14,-1.13E-05,-8.50E-14,-1.13E-05,-3.14E-15,1.6020616224e-4
0.98,-2.91E-12,-0.608628302,-8.45E-14,-1.13E-05,-8.45E-14,-1.13E-05,-3.14E-15,1.6028794639e-4
0.9805,-2.91E-12,-0.608317745,-8.39E-14,-1.13E-05,-8.39E-14,-1.13E-05,-3.14E-15,1.6036973055e-4
0.981,-2.90E-12,-0.608007504,-8.33E-14,-1.13E-05,-8.33E-14,-1.13E-05,-3.14E-15,1.6045151472e-4
0.9815,-2.90E-12,-0.607697579,-8.27E-14,-1.13E-05,-8.27E-14,-1.13E-05,-3.14E-15,1.6053329889e-4
0.982,-2.90E-12,-0.60738797,-8.22E-14,-1.13E-05,-8.22E-14,-1.13E-05,-3.14E-15,1.6061508307e-4
0.9825,-2.89E-12,-0.607078676,-8.16E-14,-1.13E-05,-8.16E-14,-1.13E-05,-3.14E-15,1.6069686726e-4
0.983,-2.89E-12,-0.606769697,-8.10E-14,-1.13E-05,-8.10E-14,-1.13E-05,-3.14E-15,1.6077865145e-4
0.9835,-2.89E-12,-0.606461031,-8.04E-14,-1.13E-05,-8.04E-14,-1.13E-05,-3.14E-15,1.6086043565e-4
0.984,-2.88E-12,-0.60615268,-7.98E-14,-1.13E-05,-7.98E-14,-1.13E-05,-3.14E-15,1.6094221986e-4
0.9845,-2.88E-12,-0.605844641,-7.91E-14,-1.14E-05,-7.91E-14,-1.14E-05,-3.14E-15,1.6102400408e-4
0.985,-2.88E-12,-0.605536915,-7.85E-14,-1.14E-05,-7.85E-14,-1.14E-05,-3.14E-15,1.6110578830e-4
0.9855,-2.88E-12,-0.605229501,-7.79E-14,-1.14E-05,-7.79E-14,-1.14E-05,-3.14E-15,1.6118757253e-4
0.986,-2.87E-12,-0.604922398,-7.72E-14,-1.14E-05,-7.72E-14,-1.14E-05,-3.14E-15,1.6126935677e-4
0.9865,-2.87E-12,-0.604615607,-7.66E-14,-1.14E-05,-7.66E-14,-1.14E-05,-3.14E-15,1.6135114101e-4
0.987,-2.87E-12,-0.604309127,-7.60E-14,-1.14E-05,-7.60E-14,-1.14E-05,-3.14E-15,1.6143292526e-4
0.9875,-2.86E-12,-0.604002957,-7.53E-14,-1.14E-05,-7.53E-14,-1.14E-05,-3.14E-15,1.6151470952e-4
0.988,-2.86E-12,-0.603697097,-7.46E-14,-1.14E-05,-7.46E-14,-1.14E-05,-3.14E-15,1.6159649378e-4
0.9885,-2.86E-12,-0.603391546,-7.40E-14,-1.14E-05,-7.40E-14,-1.14E-05,-3.14E-15,1.6167827806e-4
0.989,-2.86E-12,-0.603086303,-7.33E-14,-1.14E-05,-7.33E-14,-1.14E-05,-3.14E-15,1.6176006234e-4
0.9895,-2.85E-12,-0.60278137,-7.26E-14,-1.14E-05,-7.26E-14,-1.14E-05,-3.14E-15,1.6184184662e-4
0.99,-2.85E-12,-0.602476744,-7.19E-14,-1.14E-05,-7.19E-14,-1.14E-05,-3.14E-15,1.6192363092e-4
0.9905,-2.85E-12,-0.602172425,-7.12E-14,-1.14E-05,-7.12E-14,-1.14E-05,-3.14E-15,1.6200541522e-4
0.991,-2.84E-12,-0.601868414,-7.05E-14,-1.14E-05,-7.05E-14,-1.14E-05,-3.14E-15,1.6208719952e-4
0.9915,-2.84E-12,-0.601564709,-6.98E-14,-1.14E-05,-6.98E-14,-1.14E-05,-3.14E-15,1.6216898384e-4
0.992,-2.84E-12,-0.60126131,-6.91E-14,-1.14E-05,-6.91E-14,-1.14E-05,-3.14E-15,1.6225076816e-4
0.9925,-2.84E-12,-0.600958217,-6.84E-14,-1.14E-05,-6.84E-14,-1.14E-05,-3.14E-15,1.6233255249e-4
0.993,-2.83E-12,-0.600655429,-6.76E-14,-1.15E-05,-6.76E-14,-1.15E-05,-3.14E-15,1.6241433683e-4
0.9935,-2.83E-12,-0.600352945,-6.69E-14,-1.15E-05,-6.69E-14,-1.15E-05,-3.14E-15,1.6249612117e-4
0.994,-2.83E-12,-0.600050766,-6.61E-14,-1.15E-05,-6.61E-14,-1.15E-05,-3.14E-15,1.6257790552e-4
0.9945,-2.82E-12,-0.59974889,-6.54E-14,-1.15E-05,-6.54E-14,-1.15E-05,-3.14E-15,1.6265968988e-4
0.995,-2.82E-12,-0.599447318,-6.46E-14,-1.15E-05,-6.46E-14,-1.15E-05,-3.14E-15,1.6274147424e-4
0.9955,-2.82E-12,-0.599146049,-6.39E-14,-1.15E-05,-6.39E-14,-1.15E-05,-3.14E-15,1.6282325861e-4
0.996,-2.81E-12,-0.598845082,-6.31E-14,-1.15E-05,-6.31E-14,-1.15E-05,-3.14E-15,1.6290504299e-4
0.9965,-2.81E-12,-0.598544417,-6.23E-14,-1.15E-05,-6.23E-14,-1.15E-05,-3.14E-15,1.6298682738e-4
0.997,-2.81E-12,-0.598244053,-6.16E-14,-1.15E-05,-6.16E-14,-1.15E-05,-3.14E-15,1.6306861177e-4
0.9975,-2.81E-12,-0.59794399,-6.08E-14,-1.15E-05,-6.08E-14,-1.15E-05,-3.14E-15,1.6315039617e-4
0.998,-2.80E-12,-0.597644228,-6.00E-14,-1.15E-05,-6.00E-14,-1.15E-05,-3.14E-15,1.6323218058e-4
0.9985,-2.80E-12,-0.597344766,-5.92E-14,-1.15E-05,-5.92E-14,-1.15E-05,-3.14E-15,1.6331396499e-4
0.999,-2.80E-12,-0.597045604,-5.84E-14,-1.15E-05,-5.84E-14,-1.15E-05,-2.52E-15,1.6339574942e-4
0.9995,-2.80E-12,-0.596746741,-5.76E-14,-1.15E-05,-5.76E-14,-1.15E-05,-1.30E-15,1.6347753384e-4
1.000000000000000,-1.93E-14,-0.596448177,-2.79E-18,-1.15E-05,9.407294160e-19,-1.15E-05,-6.60E-19,1.6355931828e-4
