Frequency (GHz),RE[S11],IM[S11],RE[S12],IM[S12],RE[S21],IM[S21],RE[S22],IM[S22]
3.000000000000000,8.2918127664e-4,0.007965986,0.994327466,-0.106060102,0.994327466,-0.106060102,8.6974351881e-4,0.007961659
3.005000000000000,8.3193462373e-4,0.007979084,0.994308542,-0.106236362,0.994308542,-0.106236362,8.7264190702e-4,0.007974735
3.010000000000000,8.3469245062e-4,0.007992182,0.994289586,-0.106412619,0.994289586,-0.106412619,8.7554509410e-4,0.007987809
3.015000000000000,8.3745475633e-4,0.008005278,0.994270598,-0.106588875,0.994270598,-0.106588875,8.7845307976e-4,0.008000882
3.020000000000000,8.4022153987e-4,0.008018374,0.994251579,-0.106765128,0.994251579,-0.106765128,8.8136586371e-4,0.008013955
3.025000000000000,8.4299280024e-4,0.008031468,0.994232528,-0.106941379,0.994232528,-0.106941379,8.8428344565e-4,0.008027025
3.030000000000000,8.4576853645e-4,0.008044561,0.994213446,-0.107117627,0.994213446,-0.107117627,8.8720582529e-4,0.008040095
3.035000000000000,8.4854874749e-4,0.008057653,0.994194332,-0.107293873,0.994194332,-0.107293873,8.9013300233e-4,0.008053164
3.040000000000000,8.5133343236e-4,0.008070744,0.994175187,-0.107470117,0.994175187,-0.107470117,8.9306497647e-4,0.008066231
3.045000000000000,8.5412259003e-4,0.008083834,0.99415601,-0.107646359,0.99415601,-0.107646359,8.9600174741e-4,0.008079297
3.050000000000000,8.5691621949e-4,0.008096923,0.994136802,-0.107822598,0.994136802,-0.107822598,8.9894331485e-4,0.008092362
3.055000000000000,8.5971431971e-4,0.00811001,0.994117562,-0.107998835,0.994117562,-0.107998835,9.0188967848e-4,0.008105426
3.060000000000000,8.6251688966e-4,0.008123097,0.99409829,-0.108175069,0.99409829,-0.108175069,9.0484083800e-4,0.008118488
3.065000000000000,8.6532392829e-4,0.008136182,0.994078988,-0.108351302,0.994078988,-0.108351302,9.0779679310e-4,0.00813155
3.070000000000000,8.6813543456e-4,0.008149266,0.994059653,-0.108527532,0.994059653,-0.108527532,9.1075754348e-4,0.00814461
3.075000000000000,8.7095140741e-4,0.008162349,0.994040287,-0.108703759,0.994040287,-0.108703759,9.1372308882e-4,0.008157668
3.080000000000000,8.7377184579e-4,0.008175431,0.99402089,-0.108879984,0.99402089,-0.108879984,9.1669342881e-4,0.008170726
3.085000000000000,8.7659674864e-4,0.008188512,0.994001461,-0.109056207,0.994001461,-0.109056207,9.1966856315e-4,0.008183782
3.090000000000000,8.7942611487e-4,0.008201591,0.993982,-0.109232428,0.993982,-0.109232428,9.2264849151e-4,0.008196837
3.095000000000000,8.8225994341e-4,0.00821467,0.993962508,-0.109408646,0.993962508,-0.109408646,9.2563321358e-4,0.008209891
3.100000000000000,8.8509823318e-4,0.008227747,0.993942984,-0.109584862,0.993942984,-0.109584862,9.2862272904e-4,0.008222944
3.105000000000000,8.8794098308e-4,0.008240823,0.993923429,-0.109761076,0.993923429,-0.109761076,9.3161703757e-4,0.008235995
3.110000000000000,8.9078819202e-4,0.008253898,0.993903842,-0.109937287,0.993903842,-0.109937287,9.3461613885e-4,0.008249045
3.115000000000000,8.9363985888e-4,0.008266972,0.993884224,-0.110113496,0.993884224,-0.110113496,9.3762003255e-4,0.008262094
3.120000000000000,8.9649598256e-4,0.008280044,0.993864574,-0.110289702,0.993864574,-0.110289702,9.4062871835e-4,0.008275142
3.125000000000000,8.9935656194e-4,0.008293116,0.993844893,-0.110465906,0.993844893,-0.110465906,9.4364219593e-4,0.008288188
3.130000000000000,9.0222159589e-4,0.008306186,0.99382518,-0.110642108,0.99382518,-0.110642108,9.4666046495e-4,0.008301233
3.135000000000000,9.0509108327e-4,0.008319255,0.993805436,-0.110818308,0.993805436,-0.110818308,9.4968352507e-4,0.008314277
3.140000000000000,9.0796502295e-4,0.008332323,0.99378566,-0.110994505,0.99378566,-0.110994505,9.5271137598e-4,0.008327319
3.145000000000000,9.1084341378e-4,0.008345389,0.993765852,-0.1111707,0.993765852,-0.1111707,9.5574401733e-4,0.00834036
3.150000000000000,9.1372625460e-4,0.008358455,0.993746013,-0.111346892,0.993746013,-0.111346892,9.5878144878e-4,0.0083534
3.155000000000000,9.1661354425e-4,0.008371519,0.993726143,-0.111523082,0.993726143,-0.111523082,9.6182367000e-4,0.008366438
3.160000000000000,9.1950528156e-4,0.008384582,0.993706241,-0.11169927,0.993706241,-0.11169927,9.6487068065e-4,0.008379476
3.165000000000000,9.2240146534e-4,0.008397643,0.993686307,-0.111875455,0.993686307,-0.111875455,9.6792248037e-4,0.008392512
3.170000000000000,9.2530209442e-4,0.008410704,0.993666342,-0.112051638,0.993666342,-0.112051638,9.7097906883e-4,0.008405546
3.175000000000000,9.2820716760e-4,0.008423763,0.993646345,-0.112227819,0.993646345,-0.112227819,9.7404044568e-4,0.008418579
3.180000000000000,9.3111668368e-4,0.008436821,0.993626317,-0.112403997,0.993626317,-0.112403997,9.7710661056e-4,0.008431611
3.185000000000000,9.3403064145e-4,0.008449878,0.993606257,-0.112580173,0.993606257,-0.112580173,9.8017756314e-4,0.008444642
3.190000000000000,9.3694903969e-4,0.008462934,0.993586166,-0.112756347,0.993586166,-0.112756347,9.8325330304e-4,0.008457671
3.195000000000000,9.3987187717e-4,0.008475988,0.993566043,-0.112932518,0.993566043,-0.112932518,9.8633382991e-4,0.008470699
3.200000000000000,9.4279915267e-4,0.008489041,0.993545889,-0.113108687,0.993545889,-0.113108687,9.8941914340e-4,0.008483726
3.205000000000000,9.4573086494e-4,0.008502093,0.993525703,-0.113284853,0.993525703,-0.113284853,9.9250924314e-4,0.008496751
3.210000000000000,9.4866701273e-4,0.008515143,0.993505485,-0.113461017,0.993505485,-0.113461017,9.9560412877e-4,0.008509775
3.215000000000000,9.5160759478e-4,0.008528193,0.993485236,-0.113637179,0.993485236,-0.113637179,9.9870379992e-4,0.008522797
3.220000000000000,9.5455260983e-4,0.008541241,0.993464956,-0.113813338,0.993464956,-0.113813338,0.001001808,0.008535819
3.225000000000000,9.5750205660e-4,0.008554287,0.993444644,-0.113989495,0.993444644,-0.113989495,0.001004917,0.008548838
3.230000000000000,9.6045593380e-4,0.008567333,0.9934243,-0.11416565,0.9934243,-0.11416565,0.001008032,0.008561857
3.235000000000000,9.6341424014e-4,0.008580377,0.993403925,-0.114341802,0.993403925,-0.114341802,0.00101115,0.008574874
3.240000000000000,9.6637697433e-4,0.00859342,0.993383518,-0.114517952,0.993383518,-0.114517952,0.001014274,0.008587889
3.245000000000000,9.6934413504e-4,0.008606462,0.99336308,-0.1146941,0.99336308,-0.1146941,0.001017402,0.008600904
3.250000000000000,9.7231572096e-4,0.008619502,0.99334261,-0.114870245,0.99334261,-0.114870245,0.001020535,0.008613917
3.255000000000000,9.7529173076e-4,0.008632541,0.993322108,-0.115046388,0.993322108,-0.115046388,0.001023673,0.008626928
3.260000000000000,9.7827216310e-4,0.008645579,0.993301575,-0.115222528,0.993301575,-0.115222528,0.001026816,0.008639938
3.265000000000000,9.8125701664e-4,0.008658615,0.993281011,-0.115398666,0.993281011,-0.115398666,0.001029964,0.008652947
3.270000000000000,9.8424629001e-4,0.00867165,0.993260415,-0.115574802,0.993260415,-0.115574802,0.001033116,0.008665954
3.275000000000000,9.8723998185e-4,0.008684684,0.993239787,-0.115750935,0.993239787,-0.115750935,0.001036273,0.00867896
3.280000000000000,9.9023809078e-4,0.008697716,0.993219128,-0.115927066,0.993219128,-0.115927066,0.001039435,0.008691964
3.285000000000000,9.9324061543e-4,0.008710747,0.993198437,-0.116103194,0.993198437,-0.116103194,0.001042601,0.008704967
3.290000000000000,9.9624755438e-4,0.008723777,0.993177715,-0.116279321,0.993177715,-0.116279321,0.001045773,0.008717969
3.295000000000000,9.9925890624e-4,0.008736806,0.993156961,-0.116455444,0.993156961,-0.116455444,0.001048949,0.008730969
3.300000000000000,0.001002275,0.008749833,0.993136176,-0.116631566,0.993136176,-0.116631566,0.00105213,0.008743967
3.305000000000000,0.001005295,0.008762858,0.993115359,-0.116807685,0.993115359,-0.116807685,0.001055316,0.008756964
3.310000000000000,0.001008319,0.008775883,0.99309451,-0.116983801,0.99309451,-0.116983801,0.001058506,0.00876996
3.315000000000000,0.001011348,0.008788906,0.99307363,-0.117159916,0.99307363,-0.117159916,0.001061702,0.008782954
3.320000000000000,0.001014382,0.008801927,0.993052719,-0.117336028,0.993052719,-0.117336028,0.001064902,0.008795947
3.325000000000000,0.00101742,0.008814947,0.993031776,-0.117512137,0.993031776,-0.117512137,0.001068107,0.008808938
3.330000000000000,0.001020462,0.008827966,0.993010801,-0.117688244,0.993010801,-0.117688244,0.001071316,0.008821928
3.335000000000000,0.001023508,0.008840984,0.992989795,-0.117864349,0.992989795,-0.117864349,0.001074531,0.008834917
3.340000000000000,0.001026559,0.008854,0.992968757,-0.118040451,0.992968757,-0.118040451,0.00107775,0.008847903
3.345000000000000,0.001029615,0.008867014,0.992947687,-0.118216551,0.992947687,-0.118216551,0.001080974,0.008860889
3.350000000000000,0.001032675,0.008880028,0.992926586,-0.118392649,0.992926586,-0.118392649,0.001084202,0.008873873
3.355000000000000,0.001035739,0.00889304,0.992905454,-0.118568744,0.992905454,-0.118568744,0.001087436,0.008886855
3.360000000000000,0.001038807,0.00890605,0.99288429,-0.118744837,0.99288429,-0.118744837,0.001090674,0.008899836
3.365000000000000,0.00104188,0.008919059,0.992863094,-0.118920928,0.992863094,-0.118920928,0.001093917,0.008912815
3.370000000000000,0.001044958,0.008932067,0.992841867,-0.119097016,0.992841867,-0.119097016,0.001097165,0.008925793
3.375000000000000,0.00104804,0.008945073,0.992820608,-0.119273101,0.992820608,-0.119273101,0.001100418,0.008938769
3.380000000000000,0.001051126,0.008958078,0.992799318,-0.119449185,0.992799318,-0.119449185,0.001103675,0.008951743
3.385000000000000,0.001054216,0.008971081,0.992777996,-0.119625266,0.992777996,-0.119625266,0.001106937,0.008964716
3.390000000000000,0.001057311,0.008984083,0.992756642,-0.119801344,0.992756642,-0.119801344,0.001110204,0.008977688
3.395000000000000,0.00106041,0.008997083,0.992735257,-0.119977421,0.992735257,-0.119977421,0.001113476,0.008990658
3.400000000000000,0.001063514,0.009010082,0.99271384,-0.120153495,0.99271384,-0.120153495,0.001116752,0.009003626
3.405000000000000,0.001066622,0.009023079,0.992692392,-0.120329566,0.992692392,-0.120329566,0.001120033,0.009016593
3.410000000000000,0.001069735,0.009036075,0.992670912,-0.120505635,0.992670912,-0.120505635,0.001123319,0.009029558
3.415000000000000,0.001072851,0.00904907,0.992649401,-0.120681702,0.992649401,-0.120681702,0.00112661,0.009042522
3.420000000000000,0.001075973,0.009062063,0.992627858,-0.120857766,0.992627858,-0.120857766,0.001129906,0.009055484
3.425000000000000,0.001079098,0.009075055,0.992606284,-0.121033828,0.992606284,-0.121033828,0.001133206,0.009068445
3.430000000000000,0.001082228,0.009088045,0.992584677,-0.121209888,0.992584677,-0.121209888,0.001136511,0.009081404
3.435000000000000,0.001085362,0.009101033,0.99256304,-0.121385945,0.99256304,-0.121385945,0.001139821,0.009094361
3.440000000000000,0.001088501,0.00911402,0.992541371,-0.121562,0.992541371,-0.121562,0.001143136,0.009107316
3.445000000000000,0.001091644,0.009127006,0.99251967,-0.121738053,0.99251967,-0.121738053,0.001146455,0.00912027
3.450000000000000,0.001094791,0.00913999,0.992497937,-0.121914103,0.992497937,-0.121914103,0.001149779,0.009133223
3.455000000000000,0.001097943,0.009152972,0.992476173,-0.122090151,0.992476173,-0.122090151,0.001153108,0.009146173
3.460000000000000,0.001101099,0.009165953,0.992454378,-0.122266196,0.992454378,-0.122266196,0.001156442,0.009159123
3.465000000000000,0.00110426,0.009178932,0.992432551,-0.122442239,0.992432551,-0.122442239,0.00115978,0.00917207
3.470000000000000,0.001107425,0.00919191,0.992410692,-0.12261828,0.992410692,-0.12261828,0.001163123,0.009185016
3.475000000000000,0.001110594,0.009204886,0.992388802,-0.122794318,0.992388802,-0.122794318,0.001166471,0.00919796
3.480000000000000,0.001113767,0.009217861,0.99236688,-0.122970354,0.99236688,-0.122970354,0.001169824,0.009210902
3.485000000000000,0.001116945,0.009230834,0.992344926,-0.123146388,0.992344926,-0.123146388,0.001173181,0.009223843
3.490000000000000,0.001120127,0.009243806,0.992322941,-0.123322419,0.992322941,-0.123322419,0.001176544,0.009236782
3.495000000000000,0.001123314,0.009256776,0.992300925,-0.123498448,0.992300925,-0.123498448,0.00117991,0.009249719
3.500000000000000,0.001126505,0.009269744,0.992278876,-0.123674474,0.992278876,-0.123674474,0.001183282,0.009262655
3.505000000000000,0.0011297,0.009282711,0.992256796,-0.123850499,0.992256796,-0.123850499,0.001186659,0.009275589
3.510000000000000,0.0011329,0.009295676,0.992234685,-0.12402652,0.992234685,-0.12402652,0.00119004,0.009288521
3.515000000000000,0.001136104,0.00930864,0.992212542,-0.12420254,0.992212542,-0.12420254,0.001193426,0.009301451
3.520000000000000,0.001139312,0.009321601,0.992190367,-0.124378557,0.992190367,-0.124378557,0.001196817,0.00931438
3.525000000000000,0.001142525,0.009334562,0.992168161,-0.124554572,0.992168161,-0.124554572,0.001200212,0.009327307
3.530000000000000,0.001145742,0.00934752,0.992145923,-0.124730584,0.992145923,-0.124730584,0.001203613,0.009340232
3.535000000000000,0.001148963,0.009360477,0.992123654,-0.124906595,0.992123654,-0.124906595,0.001207018,0.009353156
3.540000000000000,0.001152189,0.009373433,0.992101353,-0.125082602,0.992101353,-0.125082602,0.001210427,0.009366077
3.545000000000000,0.001155419,0.009386387,0.99207902,-0.125258608,0.99207902,-0.125258608,0.001213842,0.009378997
3.550000000000000,0.001158653,0.009399339,0.992056656,-0.125434611,0.992056656,-0.125434611,0.001217261,0.009391916
3.555000000000000,0.001161892,0.009412289,0.99203426,-0.125610612,0.99203426,-0.125610612,0.001220685,0.009404832
3.560000000000000,0.001165134,0.009425238,0.992011833,-0.12578661,0.992011833,-0.12578661,0.001224114,0.009417746
3.565000000000000,0.001168382,0.009438185,0.991989374,-0.125962606,0.991989374,-0.125962606,0.001227548,0.009430659
3.570000000000000,0.001171633,0.00945113,0.991966883,-0.1261386,0.991966883,-0.1261386,0.001230986,0.00944357
3.575000000000000,0.001174889,0.009464074,0.991944361,-0.126314591,0.991944361,-0.126314591,0.001234429,0.009456479
3.580000000000000,0.001178149,0.009477016,0.991921807,-0.126490581,0.991921807,-0.126490581,0.001237877,0.009469386
3.585000000000000,0.001181414,0.009489956,0.991899222,-0.126666567,0.991899222,-0.126666567,0.00124133,0.009482292
3.590000000000000,0.001184683,0.009502894,0.991876605,-0.126842552,0.991876605,-0.126842552,0.001244787,0.009495195
3.595000000000000,0.001187956,0.009515831,0.991853956,-0.127018534,0.991853956,-0.127018534,0.001248249,0.009508097
3.600000000000000,0.001191233,0.009528766,0.991831276,-0.127194514,0.991831276,-0.127194514,0.001251716,0.009520997
3.605000000000000,0.001194515,0.0095417,0.991808564,-0.127370491,0.991808564,-0.127370491,0.001255187,0.009533895
3.610000000000000,0.001197801,0.009554631,0.991785821,-0.127546467,0.991785821,-0.127546467,0.001258664,0.009546791
3.615000000000000,0.001201091,0.009567561,0.991763046,-0.12772244,0.991763046,-0.12772244,0.001262145,0.009559685
3.620000000000000,0.001204386,0.009580489,0.991740239,-0.12789841,0.991740239,-0.12789841,0.00126563,0.009572578
3.625000000000000,0.001207685,0.009593415,0.991717401,-0.128074379,0.991717401,-0.128074379,0.001269121,0.009585468
3.630000000000000,0.001210988,0.009606339,0.991694531,-0.128250345,0.991694531,-0.128250345,0.001272616,0.009598357
3.635000000000000,0.001214295,0.009619262,0.991671629,-0.128426308,0.991671629,-0.128426308,0.001276116,0.009611243
3.640000000000000,0.001217607,0.009632183,0.991648696,-0.12860227,0.991648696,-0.12860227,0.001279621,0.009624128
3.645000000000000,0.001220923,0.009645102,0.991625731,-0.128778229,0.991625731,-0.128778229,0.00128313,0.00963701
3.650000000000000,0.001224243,0.009658019,0.991602735,-0.128954186,0.991602735,-0.128954186,0.001286645,0.009649891
3.655000000000000,0.001227568,0.009670934,0.991579707,-0.129130141,0.991579707,-0.129130141,0.001290164,0.00966277
3.660000000000000,0.001230897,0.009683848,0.991556647,-0.129306093,0.991556647,-0.129306093,0.001293687,0.009675647
3.665000000000000,0.00123423,0.009696759,0.991533556,-0.129482043,0.991533556,-0.129482043,0.001297216,0.009688522
3.670000000000000,0.001237567,0.009709669,0.991510433,-0.129657991,0.991510433,-0.129657991,0.001300749,0.009701394
3.675000000000000,0.001240909,0.009722577,0.991487279,-0.129833936,0.991487279,-0.129833936,0.001304287,0.009714265
3.680000000000000,0.001244255,0.009735483,0.991464092,-0.13000988,0.991464092,-0.13000988,0.00130783,0.009727134
3.685000000000000,0.001247605,0.009748387,0.991440875,-0.130185821,0.991440875,-0.130185821,0.001311377,0.009740001
3.690000000000000,0.00125096,0.009761289,0.991417625,-0.130361759,0.991417625,-0.130361759,0.001314929,0.009752865
3.695000000000000,0.001254319,0.009774189,0.991394344,-0.130537696,0.991394344,-0.130537696,0.001318486,0.009765728
3.700000000000000,0.001257681,0.009787088,0.991371031,-0.13071363,0.991371031,-0.13071363,0.001322048,0.009778589
3.705000000000000,0.001261049,0.009799984,0.991347687,-0.130889562,0.991347687,-0.130889562,0.001325614,0.009791447
3.710000000000000,0.00126442,0.009812879,0.991324311,-0.131065492,0.991324311,-0.131065492,0.001329185,0.009804304
3.715000000000000,0.001267796,0.009825771,0.991300903,-0.13124142,0.991300903,-0.13124142,0.001332761,0.009817158
3.720000000000000,0.001271176,0.009838662,0.991277464,-0.131417345,0.991277464,-0.131417345,0.001336341,0.009830011
3.725000000000000,0.00127456,0.009851551,0.991253993,-0.131593268,0.991253993,-0.131593268,0.001339927,0.009842861
3.730000000000000,0.001277949,0.009864437,0.991230491,-0.131769189,0.991230491,-0.131769189,0.001343517,0.009855709
3.735000000000000,0.001281341,0.009877322,0.991206956,-0.131945108,0.991206956,-0.131945108,0.001347111,0.009868555
3.740000000000000,0.001284738,0.009890205,0.99118339,-0.132121024,0.99118339,-0.132121024,0.001350711,0.009881399
3.745000000000000,0.001288139,0.009903086,0.991159793,-0.132296938,0.991159793,-0.132296938,0.001354315,0.009894241
3.750000000000000,0.001291545,0.009915964,0.991136164,-0.13247285,0.991136164,-0.13247285,0.001357924,0.00990708
3.755000000000000,0.001294954,0.009928841,0.991112503,-0.13264876,0.991112503,-0.13264876,0.001361537,0.009919918
3.760000000000000,0.001298368,0.009941715,0.99108881,-0.132824668,0.99108881,-0.132824668,0.001365156,0.009932753
3.765000000000000,0.001301786,0.009954588,0.991065086,-0.133000573,0.991065086,-0.133000573,0.001368779,0.009945586
3.770000000000000,0.001305208,0.009967459,0.991041331,-0.133176477,0.991041331,-0.133176477,0.001372406,0.009958417
3.775000000000000,0.001308635,0.009980327,0.991017543,-0.133352378,0.991017543,-0.133352378,0.001376039,0.009971245
3.780000000000000,0.001312065,0.009993193,0.990993724,-0.133528277,0.990993724,-0.133528277,0.001379676,0.009984072
3.785000000000000,0.0013155,0.010006058,0.990969873,-0.133704174,0.990969873,-0.133704174,0.001383318,0.009996896
3.790000000000000,0.001318939,0.01001892,0.990945991,-0.133880068,0.990945991,-0.133880068,0.001386965,0.010009718
3.795000000000000,0.001322383,0.01003178,0.990922077,-0.134055961,0.990922077,-0.134055961,0.001390616,0.010022538
3.800000000000000,0.00132583,0.010044638,0.990898131,-0.134231851,0.990898131,-0.134231851,0.001394272,0.010035355
3.805000000000000,0.001329282,0.010057494,0.990874153,-0.13440774,0.990874153,-0.13440774,0.001397933,0.01004817
3.810000000000000,0.001332738,0.010070347,0.990850144,-0.134583626,0.990850144,-0.134583626,0.001401598,0.010060983
3.815000000000000,0.001336198,0.010083199,0.990826103,-0.13475951,0.990826103,-0.13475951,0.001405269,0.010073793
3.820000000000000,0.001339662,0.010096048,0.990802031,-0.134935391,0.990802031,-0.134935391,0.001408943,0.010086602
3.825000000000000,0.00134313,0.010108895,0.990777927,-0.135111271,0.990777927,-0.135111271,0.001412623,0.010099407
3.830000000000000,0.001346603,0.01012174,0.990753791,-0.135287149,0.990753791,-0.135287149,0.001416307,0.010112211
3.835000000000000,0.00135008,0.010134583,0.990729623,-0.135463024,0.990729623,-0.135463024,0.001419996,0.010125012
3.840000000000000,0.001353561,0.010147423,0.990705424,-0.135638898,0.990705424,-0.135638898,0.00142369,0.010137811
3.845000000000000,0.001357046,0.010160262,0.990681193,-0.135814769,0.990681193,-0.135814769,0.001427389,0.010150607
3.850000000000000,0.001360535,0.010173098,0.990656931,-0.135990639,0.990656931,-0.135990639,0.001431092,0.010163401
3.855000000000000,0.001364028,0.010185931,0.990632636,-0.136166506,0.990632636,-0.136166506,0.0014348,0.010176193
3.860000000000000,0.001367526,0.010198763,0.99060831,-0.136342371,0.99060831,-0.136342371,0.001438512,0.010188982
3.865000000000000,0.001371027,0.010211592,0.990583953,-0.136518234,0.990583953,-0.136518234,0.001442229,0.010201769
3.870000000000000,0.001374533,0.010224419,0.990559563,-0.136694095,0.990559563,-0.136694095,0.001445951,0.010214553
3.875000000000000,0.001378043,0.010237244,0.990535142,-0.136869954,0.990535142,-0.136869954,0.001449678,0.010227335
3.880000000000000,0.001381557,0.010250066,0.990510689,-0.137045811,0.990510689,-0.137045811,0.001453409,0.010240114
3.885000000000000,0.001385076,0.010262886,0.990486205,-0.137221666,0.990486205,-0.137221666,0.001457145,0.010252891
3.890000000000000,0.001388598,0.010275704,0.990461689,-0.137397519,0.990461689,-0.137397519,0.001460886,0.010265666
3.895000000000000,0.001392125,0.010288519,0.990437141,-0.13757337,0.990437141,-0.13757337,0.001464632,0.010278437
3.900000000000000,0.001395655,0.010301332,0.990412561,-0.137749219,0.990412561,-0.137749219,0.001468382,0.010291207
3.905000000000000,0.00139919,0.010314142,0.99038795,-0.137925066,0.99038795,-0.137925066,0.001472137,0.010303974
3.910000000000000,0.001402729,0.01032695,0.990363307,-0.138100911,0.990363307,-0.138100911,0.001475896,0.010316738
3.915000000000000,0.001406272,0.010339756,0.990338632,-0.138276754,0.990338632,-0.138276754,0.00147966,0.010329499
3.920000000000000,0.001409819,0.010352559,0.990313926,-0.138452595,0.990313926,-0.138452595,0.001483429,0.010342258
3.925000000000000,0.00141337,0.01036536,0.990289187,-0.138628434,0.990289187,-0.138628434,0.001487203,0.010355015
3.930000000000000,0.001416926,0.010378159,0.990264417,-0.138804271,0.990264417,-0.138804271,0.001490981,0.010367769
3.935000000000000,0.001420485,0.010390954,0.990239616,-0.138980106,0.990239616,-0.138980106,0.001494764,0.01038052
3.940000000000000,0.001424048,0.010403748,0.990214782,-0.139155939,0.990214782,-0.139155939,0.001498552,0.010393268
3.945000000000000,0.001427616,0.010416539,0.990189917,-0.13933177,0.990189917,-0.13933177,0.001502344,0.010406014
3.950000000000000,0.001431188,0.010429327,0.99016502,-0.1395076,0.99016502,-0.1395076,0.001506141,0.010418758
3.955000000000000,0.001434763,0.010442113,0.990140092,-0.139683427,0.990140092,-0.139683427,0.001509942,0.010431498
3.960000000000000,0.001438343,0.010454896,0.990115131,-0.139859253,0.990115131,-0.139859253,0.001513749,0.010444236
3.965000000000000,0.001441927,0.010467677,0.990090139,-0.140035077,0.990090139,-0.140035077,0.00151756,0.010456971
3.970000000000000,0.001445515,0.010480455,0.990065116,-0.140210898,0.990065116,-0.140210898,0.001521376,0.010469703
3.975000000000000,0.001449107,0.010493231,0.99004006,-0.140386718,0.99004006,-0.140386718,0.001525196,0.010482433
3.980000000000000,0.001452703,0.010506004,0.990014973,-0.140562537,0.990014973,-0.140562537,0.001529021,0.01049516
3.985000000000000,0.001456303,0.010518774,0.989989854,-0.140738353,0.989989854,-0.140738353,0.001532851,0.010507884
3.990000000000000,0.001459907,0.010531542,0.989964703,-0.140914167,0.989964703,-0.140914167,0.001536685,0.010520605
3.995000000000000,0.001463516,0.010544307,0.98993952,-0.14108998,0.98993952,-0.14108998,0.001540524,0.010533323
4.000000000000000,0.001467128,0.010557069,0.989914306,-0.141265791,0.989914306,-0.141265791,0.001544368,0.010546039
4.005000000000000,0.001470744,0.010569829,0.98988906,-0.1414416,0.98988906,-0.1414416,0.001548216,0.010558751
4.010000000000001,0.001474365,0.010582586,0.989863782,-0.141617407,0.989863782,-0.141617407,0.001552069,0.010571461
4.015000000000001,0.001477989,0.01059534,0.989838472,-0.141793213,0.989838472,-0.141793213,0.001555927,0.010584168
4.020000000000000,0.001481617,0.010608092,0.989813131,-0.141969016,0.989813131,-0.141969016,0.001559789,0.010596872
4.025000000000000,0.00148525,0.010620841,0.989787758,-0.142144818,0.989787758,-0.142144818,0.001563656,0.010609573
4.030000000000000,0.001488886,0.010633587,0.989762353,-0.142320619,0.989762353,-0.142320619,0.001567528,0.010622271
4.035000000000000,0.001492526,0.01064633,0.989736916,-0.142496417,0.989736916,-0.142496417,0.001571404,0.010634966
4.040000000000000,0.001496171,0.01065907,0.989711447,-0.142672214,0.989711447,-0.142672214,0.001575285,0.010647658
4.045000000000000,0.001499819,0.010671808,0.989685947,-0.142848009,0.989685947,-0.142848009,0.001579171,0.010660347
4.050000000000000,0.001503471,0.010684543,0.989660415,-0.143023802,0.989660415,-0.143023802,0.001583061,0.010673033
4.055000000000001,0.001507128,0.010697275,0.989634851,-0.143199594,0.989634851,-0.143199594,0.001586956,0.010685716
4.060000000000000,0.001510788,0.010710004,0.989609255,-0.143375384,0.989609255,-0.143375384,0.001590856,0.010698396
4.065000000000000,0.001514452,0.01072273,0.989583628,-0.143551173,0.989583628,-0.143551173,0.00159476,0.010711073
4.070000000000000,0.001518121,0.010735453,0.989557968,-0.14372696,0.989557968,-0.14372696,0.001598669,0.010723747
4.075000000000000,0.001521793,0.010748173,0.989532277,-0.143902745,0.989532277,-0.143902745,0.001602582,0.010736417
4.080000000000000,0.001525469,0.010760891,0.989506554,-0.144078528,0.989506554,-0.144078528,0.0016065,0.010749085
4.085000000000000,0.001529149,0.010773605,0.989480799,-0.14425431,0.989480799,-0.14425431,0.001610423,0.010761749
4.090000000000000,0.001532833,0.010786316,0.989455013,-0.144430091,0.989455013,-0.144430091,0.001614351,0.01077441
4.095000000000001,0.001536521,0.010799024,0.989429194,-0.14460587,0.989429194,-0.14460587,0.001618283,0.010787068
4.100000000000001,0.001540213,0.01081173,0.989403344,-0.144781647,0.989403344,-0.144781647,0.001622219,0.010799723
4.105000000000000,0.001543909,0.010824432,0.989377462,-0.144957423,0.989377462,-0.144957423,0.001626161,0.010812374
4.110000000000000,0.001547609,0.010837131,0.989351548,-0.145133197,0.989351548,-0.145133197,0.001630107,0.010825023
4.115000000000000,0.001551312,0.010849827,0.989325602,-0.14530897,0.989325602,-0.14530897,0.001634057,0.010837667
4.120000000000000,0.00155502,0.01086252,0.989299625,-0.145484741,0.989299625,-0.145484741,0.001638012,0.010850309
4.125000000000000,0.001558732,0.01087521,0.989273615,-0.145660511,0.989273615,-0.145660511,0.001641972,0.010862947
4.130000000000000,0.001562447,0.010887896,0.989247574,-0.145836279,0.989247574,-0.145836279,0.001645937,0.010875582
4.135000000000001,0.001566166,0.01090058,0.989221501,-0.146012046,0.989221501,-0.146012046,0.001649906,0.010888214
4.140000000000001,0.001569889,0.01091326,0.989195396,-0.146187812,0.989195396,-0.146187812,0.001653879,0.010900842
4.145000000000000,0.001573616,0.010925937,0.989169259,-0.146363576,0.989169259,-0.146363576,0.001657858,0.010913466
4.150000000000000,0.001577347,0.010938611,0.989143091,-0.146539339,0.989143091,-0.146539339,0.001661841,0.010926088
4.155000000000000,0.001581082,0.010951281,0.98911689,-0.1467151,0.98911689,-0.1467151,0.001665828,0.010938705
4.160000000000000,0.001584821,0.010963948,0.989090658,-0.14689086,0.989090658,-0.14689086,0.00166982,0.01095132
4.165000000000000,0.001588563,0.010976612,0.989064393,-0.147066619,0.989064393,-0.147066619,0.001673817,0.01096393
4.170000000000000,0.00159231,0.010989273,0.989038097,-0.147242376,0.989038097,-0.147242376,0.001677818,0.010976537
4.175000000000000,0.00159606,0.01100193,0.989011769,-0.147418133,0.989011769,-0.147418133,0.001681824,0.010989141
4.180000000000001,0.001599814,0.011014584,0.988985409,-0.147593887,0.988985409,-0.147593887,0.001685835,0.011001741
4.185000000000000,0.001603572,0.011027234,0.988959017,-0.147769641,0.988959017,-0.147769641,0.00168985,0.011014337
4.190000000000000,0.001607333,0.011039881,0.988932593,-0.147945393,0.988932593,-0.147945393,0.00169387,0.01102693
4.195000000000000,0.001611099,0.011052525,0.988906138,-0.148121145,0.988906138,-0.148121145,0.001697894,0.011039519
4.200000000000000,0.001614868,0.011065165,0.98887965,-0.148296895,0.98887965,-0.148296895,0.001701923,0.011052105
4.205000000000000,0.001618641,0.011077801,0.988853131,-0.148472643,0.988853131,-0.148472643,0.001705956,0.011064686
4.210000000000000,0.001622418,0.011090434,0.988826579,-0.148648391,0.988826579,-0.148648391,0.001709995,0.011077264
4.215000000000000,0.001626198,0.011103063,0.988799996,-0.148824137,0.988799996,-0.148824137,0.001714037,0.011089838
4.220000000000001,0.001629983,0.011115689,0.988773381,-0.148999883,0.988773381,-0.148999883,0.001718084,0.011102408
4.225000000000001,0.001633771,0.011128311,0.988746733,-0.149175627,0.988746733,-0.149175627,0.001722136,0.011114975
4.230000000000000,0.001637562,0.01114093,0.988720054,-0.14935137,0.988720054,-0.14935137,0.001726193,0.011127538
4.235000000000000,0.001641358,0.011153545,0.988693343,-0.149527113,0.988693343,-0.149527113,0.001730254,0.011140096
4.240000000000000,0.001645157,0.011166156,0.9886666,-0.149702854,0.9886666,-0.149702854,0.001734319,0.011152651
4.245000000000000,0.001648961,0.011178763,0.988639825,-0.149878594,0.988639825,-0.149878594,0.001738389,0.011165202
4.250000000000000,0.001652767,0.011191367,0.988613018,-0.150054333,0.988613018,-0.150054333,0.001742464,0.011177749
4.255000000000000,0.001656578,0.011203967,0.98858618,-0.150230071,0.98858618,-0.150230071,0.001746543,0.011190292
4.260000000000001,0.001660392,0.011216563,0.988559309,-0.150405809,0.988559309,-0.150405809,0.001750627,0.01120283
4.265000000000001,0.00166421,0.011229155,0.988532406,-0.150581545,0.988532406,-0.150581545,0.001754716,0.011215365
4.270000000000000,0.001668032,0.011241744,0.988505471,-0.150757281,0.988505471,-0.150757281,0.001758808,0.011227896
4.275000000000000,0.001671857,0.011254328,0.988478504,-0.150933015,0.988478504,-0.150933015,0.001762906,0.011240422
4.280000000000000,0.001675686,0.011266909,0.988451506,-0.151108749,0.988451506,-0.151108749,0.001767008,0.011252945
4.285000000000000,0.001679518,0.011279485,0.988424475,-0.151284482,0.988424475,-0.151284482,0.001771115,0.011265463
4.290000000000000,0.001683355,0.011292058,0.988397412,-0.151460214,0.988397412,-0.151460214,0.001775226,0.011277977
4.295000000000000,0.001687194,0.011304627,0.988370317,-0.151635946,0.988370317,-0.151635946,0.001779341,0.011290486
4.300000000000001,0.001691038,0.011317191,0.988343191,-0.151811677,0.988343191,-0.151811677,0.001783462,0.011302992
4.305000000000001,0.001694885,0.011329752,0.988316032,-0.151987407,0.988316032,-0.151987407,0.001787586,0.011315493
4.310000000000000,0.001698736,0.011342308,0.988288841,-0.152163136,0.988288841,-0.152163136,0.001791716,0.01132799
4.315000000000000,0.00170259,0.01135486,0.988261618,-0.152338865,0.988261618,-0.152338865,0.001795849,0.011340482
4.320000000000000,0.001706448,0.011367408,0.988234363,-0.152514593,0.988234363,-0.152514593,0.001799988,0.01135297
4.325000000000000,0.00171031,0.011379952,0.988207076,-0.152690321,0.988207076,-0.152690321,0.001804131,0.011365453
4.330000000000000,0.001714175,0.011392492,0.988179757,-0.152866048,0.988179757,-0.152866048,0.001808278,0.011377932
4.335000000000000,0.001718044,0.011405027,0.988152406,-0.153041774,0.988152406,-0.153041774,0.00181243,0.011390407
4.340000000000000,0.001721916,0.011417558,0.988125023,-0.1532175,0.988125023,-0.1532175,0.001816586,0.011402876
4.345000000000001,0.001725792,0.011430085,0.988097608,-0.153393225,0.988097608,-0.153393225,0.001820747,0.011415342
4.350000000000001,0.001729671,0.011442607,0.988070161,-0.153568951,0.988070161,-0.153568951,0.001824913,0.011427802
4.355000000000000,0.001733554,0.011455125,0.988042682,-0.153744675,0.988042682,-0.153744675,0.001829083,0.011440258
4.360000000000000,0.00173744,0.011467638,0.98801517,-0.153920399,0.98801517,-0.153920399,0.001833257,0.011452709
4.365000000000000,0.00174133,0.011480147,0.987987627,-0.154096123,0.987987627,-0.154096123,0.001837436,0.011465156
4.370000000000000,0.001745223,0.011492651,0.987960051,-0.154271847,0.987960051,-0.154271847,0.001841619,0.011477597
4.375000000000000,0.00174912,0.011505151,0.987932443,-0.15444757,0.987932443,-0.15444757,0.001845807,0.011490034
4.380000000000000,0.00175302,0.011517646,0.987904804,-0.154623294,0.987904804,-0.154623294,0.00185,0.011502466
4.385000000000001,0.001756924,0.011530137,0.987877132,-0.154799016,0.987877132,-0.154799016,0.001854196,0.011514893
4.390000000000001,0.001760831,0.011542623,0.987849428,-0.154974739,0.987849428,-0.154974739,0.001858398,0.011527315
4.395000000000000,0.001764742,0.011555104,0.987821691,-0.155150462,0.987821691,-0.155150462,0.001862604,0.011539732
4.400000000000000,0.001768656,0.01156758,0.987793923,-0.155326184,0.987793923,-0.155326184,0.001866814,0.011552144
4.405000000000000,0.001772573,0.011580052,0.987766122,-0.155501907,0.987766122,-0.155501907,0.001871029,0.011564551
4.410000000000000,0.001776494,0.011592518,0.98773829,-0.155677629,0.98773829,-0.155677629,0.001875248,0.011576953
4.415000000000000,0.001780418,0.01160498,0.987710425,-0.155853352,0.987710425,-0.155853352,0.001879472,0.01158935
4.420000000000000,0.001784346,0.011617437,0.987682528,-0.156029074,0.987682528,-0.156029074,0.0018837,0.011601741
4.425000000000001,0.001788277,0.011629889,0.987654599,-0.156204797,0.987654599,-0.156204797,0.001887932,0.011614127
4.430000000000001,0.001792211,0.011642336,0.987626637,-0.156380519,0.987626637,-0.156380519,0.001892169,0.011626508
4.435000000000000,0.001796149,0.011654778,0.987598644,-0.156556242,0.987598644,-0.156556242,0.001896411,0.011638883
4.440000000000000,0.00180009,0.011667214,0.987570618,-0.156731965,0.987570618,-0.156731965,0.001900657,0.011651254
4.445000000000000,0.001804034,0.011679646,0.98754256,-0.156907689,0.98754256,-0.156907689,0.001904907,0.011663618
4.450000000000000,0.001807981,0.011692072,0.98751447,-0.157083412,0.98751447,-0.157083412,0.001909162,0.011675977
4.455000000000000,0.001811932,0.011704493,0.987486347,-0.157259136,0.987486347,-0.157259136,0.001913421,0.011688331
4.460000000000000,0.001815886,0.011716909,0.987458192,-0.15743486,0.987458192,-0.15743486,0.001917685,0.011700679
4.465000000000000,0.001819843,0.01172932,0.987430005,-0.157610585,0.987430005,-0.157610585,0.001921953,0.011713021
4.470000000000001,0.001823804,0.011741725,0.987401786,-0.15778631,0.987401786,-0.15778631,0.001926225,0.011725358
4.475000000000001,0.001827768,0.011754124,0.987373535,-0.157962036,0.987373535,-0.157962036,0.001930502,0.011737689
4.480000000000000,0.001831735,0.011766518,0.987345251,-0.158137762,0.987345251,-0.158137762,0.001934783,0.011750014
4.485000000000000,0.001835705,0.011778907,0.987316935,-0.158313489,0.987316935,-0.158313489,0.001939069,0.011762333
4.490000000000000,0.001839678,0.01179129,0.987288586,-0.158489216,0.987288586,-0.158489216,0.001943359,0.011774647
4.495000000000000,0.001843655,0.011803667,0.987260206,-0.158664945,0.987260206,-0.158664945,0.001947653,0.011786954
4.500000000000000,0.001847634,0.011816039,0.987231792,-0.158840674,0.987231792,-0.158840674,0.001951952,0.011799256
4.505000000000000,0.001851617,0.011828405,0.987203347,-0.159016403,0.987203347,-0.159016403,0.001956255,0.011811551
4.510000000000001,0.001855603,0.011840765,0.987174869,-0.159192134,0.987174869,-0.159192134,0.001960563,0.01182384
4.515000000000001,0.001859592,0.011853119,0.987146359,-0.159367865,0.987146359,-0.159367865,0.001964875,0.011836123
4.520000000000000,0.001863584,0.011865468,0.987117817,-0.159543598,0.987117817,-0.159543598,0.001969191,0.0118484
4.525000000000000,0.001867579,0.01187781,0.987089242,-0.159719331,0.987089242,-0.159719331,0.001973512,0.01186067
4.530000000000000,0.001871577,0.011890146,0.987060635,-0.159895065,0.987060635,-0.159895065,0.001977837,0.011872935
4.535000000000000,0.001875578,0.011902477,0.987031995,-0.160070801,0.987031995,-0.160070801,0.001982166,0.011885192
4.540000000000000,0.001879582,0.011914801,0.987003323,-0.160246538,0.987003323,-0.160246538,0.0019865,0.011897444
4.545000000000000,0.001883589,0.011927119,0.986974619,-0.160422276,0.986974619,-0.160422276,0.001990838,0.011909688
4.550000000000001,0.001887599,0.01193943,0.986945882,-0.160598015,0.986945882,-0.160598015,0.00199518,0.011921926
4.555000000000001,0.001891612,0.011951736,0.986917112,-0.160773755,0.986917112,-0.160773755,0.001999527,0.011934158
4.560000000000000,0.001895628,0.011964035,0.986888311,-0.160949497,0.986888311,-0.160949497,0.002003878,0.011946382
4.565000000000000,0.001899647,0.011976327,0.986859476,-0.16112524,0.986859476,-0.16112524,0.002008233,0.0119586
4.570000000000000,0.001903669,0.011988613,0.98683061,-0.161300985,0.98683061,-0.161300985,0.002012593,0.011970811
4.575000000000000,0.001907694,0.012000893,0.98680171,-0.161476732,0.98680171,-0.161476732,0.002016956,0.011983015
4.580000000000000,0.001911721,0.012013165,0.986772779,-0.16165248,0.986772779,-0.16165248,0.002021325,0.011995212
4.585000000000000,0.001915752,0.012025431,0.986743814,-0.16182823,0.986743814,-0.16182823,0.002025697,0.012007402
4.590000000000000,0.001919785,0.012037691,0.986714818,-0.162003981,0.986714818,-0.162003981,0.002030074,0.012019585
4.595000000000001,0.001923821,0.012049943,0.986685788,-0.162179734,0.986685788,-0.162179734,0.002034455,0.012031761
4.600000000000001,0.00192786,0.012062189,0.986656726,-0.16235549,0.986656726,-0.16235549,0.00203884,0.012043929
4.605000000000000,0.001931901,0.012074427,0.986627632,-0.162531247,0.986627632,-0.162531247,0.00204323,0.01205609
4.610000000000000,0.001935945,0.012086658,0.986598505,-0.162707006,0.986598505,-0.162707006,0.002047623,0.012068243
4.615000000000000,0.001939992,0.012098883,0.986569345,-0.162882767,0.986569345,-0.162882767,0.002052021,0.012080389
4.620000000000000,0.001944042,0.0121111,0.986540153,-0.163058531,0.986540153,-0.163058531,0.002056424,0.012092528
4.625000000000000,0.001948094,0.01212331,0.986510928,-0.163234296,0.986510928,-0.163234296,0.00206083,0.012104658
4.630000000000000,0.001952149,0.012135512,0.98648167,-0.163410064,0.98648167,-0.163410064,0.002065241,0.012116781
4.635000000000001,0.001956207,0.012147707,0.98645238,-0.163585835,0.98645238,-0.163585835,0.002069656,0.012128897
4.640000000000001,0.001960267,0.012159894,0.986423057,-0.163761608,0.986423057,-0.163761608,0.002074075,0.012141004
4.645000000000000,0.001964329,0.012172074,0.986393701,-0.163937383,0.986393701,-0.163937383,0.002078498,0.012153103
4.650000000000000,0.001968395,0.012184246,0.986364313,-0.164113161,0.986364313,-0.164113161,0.002082926,0.012165194
4.655000000000000,0.001972462,0.012196411,0.986334892,-0.164288942,0.986334892,-0.164288942,0.002087357,0.012177277
4.660000000000000,0.001976533,0.012208567,0.986305438,-0.164464725,0.986305438,-0.164464725,0.002091793,0.012189351
4.665000000000000,0.001980605,0.012220716,0.986275952,-0.164640512,0.986275952,-0.164640512,0.002096233,0.012201418
4.670000000000000,0.00198468,0.012232857,0.986246432,-0.164816301,0.986246432,-0.164816301,0.002100677,0.012213475
4.675000000000001,0.001988758,0.012244989,0.98621688,-0.164992093,0.98621688,-0.164992093,0.002105126,0.012225525
4.680000000000001,0.001992838,0.012257113,0.986187295,-0.165167889,0.986187295,-0.165167889,0.002109578,0.012237565
4.685000000000000,0.00199692,0.012269229,0.986157677,-0.165343688,0.986157677,-0.165343688,0.002114035,0.012249597
4.690000000000000,0.002001005,0.012281337,0.986128027,-0.16551949,0.986128027,-0.16551949,0.002118496,0.01226162
4.695000000000000,0.002005092,0.012293436,0.986098343,-0.165695295,0.986098343,-0.165695295,0.00212296,0.012273634
4.700000000000000,0.002009181,0.012305526,0.986068627,-0.165871104,0.986068627,-0.165871104,0.002127429,0.012285639
4.705000000000000,0.002013273,0.012317608,0.986038877,-0.166046916,0.986038877,-0.166046916,0.002131902,0.012297635
4.710000000000000,0.002017366,0.012329681,0.986009095,-0.166222732,0.986009095,-0.166222732,0.002136379,0.012309622
4.715000000000000,0.002021462,0.012341745,0.98597928,-0.166398552,0.98597928,-0.166398552,0.002140861,0.0123216
4.720000000000001,0.00202556,0.012353801,0.985949432,-0.166574376,0.985949432,-0.166574376,0.002145346,0.012333568
4.725000000000001,0.00202966,0.012365847,0.985919551,-0.166750204,0.985919551,-0.166750204,0.002149835,0.012345526
4.730000000000000,0.002033763,0.012377884,0.985889637,-0.166926036,0.985889637,-0.166926036,0.002154329,0.012357475
4.735000000000000,0.002037867,0.012389911,0.98585969,-0.167101871,0.98585969,-0.167101871,0.002158826,0.012369414
4.740000000000000,0.002041973,0.01240193,0.985829709,-0.167277712,0.985829709,-0.167277712,0.002163327,0.012381343
4.745000000000000,0.002046081,0.012413938,0.985799696,-0.167453556,0.985799696,-0.167453556,0.002167833,0.012393262
4.750000000000000,0.002050192,0.012425937,0.98576965,-0.167629406,0.98576965,-0.167629406,0.002172342,0.012405171
4.755000000000000,0.002054304,0.012437927,0.98573957,-0.167805259,0.98573957,-0.167805259,0.002176856,0.012417069
4.760000000000001,0.002058418,0.012449906,0.985709458,-0.167981118,0.985709458,-0.167981118,0.002181373,0.012428958
4.765000000000001,0.002062534,0.012461876,0.985679312,-0.168156981,0.985679312,-0.168156981,0.002185894,0.012440836
4.770000000000000,0.002066652,0.012473835,0.985649133,-0.16833285,0.985649133,-0.16833285,0.00219042,0.012452703
4.775000000000000,0.002070771,0.012485784,0.985618921,-0.168508723,0.985618921,-0.168508723,0.002194949,0.012464559
4.780000000000000,0.002074892,0.012497723,0.985588675,-0.168684602,0.985588675,-0.168684602,0.002199482,0.012476405
4.785000000000000,0.002079015,0.012509652,0.985558396,-0.168860486,0.985558396,-0.168860486,0.002204019,0.012488239
4.790000000000000,0.00208314,0.012521569,0.985528084,-0.169036375,0.985528084,-0.169036375,0.00220856,0.012500063
4.795000000000000,0.002087266,0.012533476,0.985497739,-0.16921227,0.985497739,-0.16921227,0.002213105,0.012511875
4.800000000000001,0.002091394,0.012545372,0.985467361,-0.169388171,0.985467361,-0.169388171,0.002217654,0.012523676
4.805000000000001,0.002095523,0.012557257,0.985436949,-0.169564078,0.985436949,-0.169564078,0.002222206,0.012535465
4.810000000000000,0.002099654,0.012569131,0.985406503,-0.16973999,0.985406503,-0.16973999,0.002226763,0.012547242
4.815000000000000,0.002103787,0.012580994,0.985376024,-0.169915909,0.985376024,-0.169915909,0.002231323,0.012559008
4.820000000000000,0.00210792,0.012592845,0.985345512,-0.170091834,0.985345512,-0.170091834,0.002235887,0.012570761
4.825000000000000,0.002112055,0.012604685,0.985314966,-0.170267766,0.985314966,-0.170267766,0.002240455,0.012582503
4.830000000000000,0.002116192,0.012616513,0.985284387,-0.170443704,0.985284387,-0.170443704,0.002245027,0.012594232
4.835000000000000,0.002120329,0.012628329,0.985253774,-0.170619649,0.985253774,-0.170619649,0.002249603,0.012605948
4.840000000000000,0.002124468,0.012640133,0.985223128,-0.1707956,0.985223128,-0.1707956,0.002254182,0.012617652
4.845000000000001,0.002128608,0.012651925,0.985192448,-0.170971559,0.985192448,-0.170971559,0.002258765,0.012629343
4.850000000000001,0.00213275,0.012663704,0.985161734,-0.171147525,0.985161734,-0.171147525,0.002263352,0.012641021
4.855000000000000,0.002136892,0.012675471,0.985130987,-0.171323498,0.985130987,-0.171323498,0.002267942,0.012652686
4.860000000000000,0.002141035,0.012687225,0.985100206,-0.171499479,0.985100206,-0.171499479,0.002272537,0.012664338
4.865000000000000,0.002145179,0.012698966,0.985069391,-0.171675468,0.985069391,-0.171675468,0.002277134,0.012675976
4.870000000000000,0.002149325,0.012710695,0.985038543,-0.171851464,0.985038543,-0.171851464,0.002281736,0.0126876
4.875000000000000,0.002153471,0.01272241,0.98500766,-0.172027469,0.98500766,-0.172027469,0.002286341,0.012699211
4.880000000000000,0.002157618,0.012734111,0.984976744,-0.172203482,0.984976744,-0.172203482,0.00229095,0.012710807
4.885000000000001,0.002161765,0.012745799,0.984945794,-0.172379503,0.984945794,-0.172379503,0.002295563,0.012722389
4.890000000000001,0.002165914,0.012757474,0.98491481,-0.172555533,0.98491481,-0.172555533,0.002300179,0.012733957
4.895000000000000,0.002170063,0.012769134,0.984883792,-0.172731571,0.984883792,-0.172731571,0.002304798,0.01274551
4.900000000000000,0.002174212,0.01278078,0.98485274,-0.172907619,0.98485274,-0.172907619,0.002309421,0.012757049
4.905000000000000,0.002178362,0.012792412,0.984821654,-0.173083676,0.984821654,-0.173083676,0.002314048,0.012768572
4.910000000000000,0.002182513,0.012804029,0.984790534,-0.173259742,0.984790534,-0.173259742,0.002318678,0.01278008
4.915000000000000,0.002186664,0.012815632,0.98475938,-0.173435818,0.98475938,-0.173435818,0.002323312,0.012791572
4.920000000000000,0.002190815,0.012827219,0.984728192,-0.173611903,0.984728192,-0.173611903,0.002327949,0.012803049
4.925000000000001,0.002194967,0.012838791,0.984696969,-0.173787999,0.984696969,-0.173787999,0.00233259,0.012814509
4.930000000000001,0.002199119,0.012850348,0.984665712,-0.173964105,0.984665712,-0.173964105,0.002337234,0.012825954
4.935000000000000,0.002203271,0.012861889,0.984634421,-0.174140221,0.984634421,-0.174140221,0.002341882,0.012837382
4.940000000000000,0.002207423,0.012873415,0.984603096,-0.174316348,0.984603096,-0.174316348,0.002346533,0.012848794
4.945000000000000,0.002211575,0.012884924,0.984571736,-0.174492486,0.984571736,-0.174492486,0.002351187,0.012860188
4.950000000000000,0.002215726,0.012896417,0.984540342,-0.174668636,0.984540342,-0.174668636,0.002355845,0.012871566
4.955000000000000,0.002219878,0.012907893,0.984508913,-0.174844796,0.984508913,-0.174844796,0.002360505,0.012882926
4.960000000000000,0.00222403,0.012919353,0.98447745,-0.175020968,0.98447745,-0.175020968,0.00236517,0.012894268
4.965000000000001,0.002228181,0.012930795,0.984445952,-0.175197153,0.984445952,-0.175197153,0.002369837,0.012905593
4.970000000000001,0.002232332,0.01294222,0.98441442,-0.175373349,0.98441442,-0.175373349,0.002374508,0.012916899
4.975000000000001,0.002236482,0.012953627,0.984382853,-0.175549558,0.984382853,-0.175549558,0.002379182,0.012928187
4.980000000000000,0.002240632,0.012965017,0.984351251,-0.17572578,0.984351251,-0.17572578,0.002383859,0.012939456
4.985000000000000,0.002244781,0.012976388,0.984319614,-0.175902014,0.984319614,-0.175902014,0.002388539,0.012950706
4.990000000000000,0.00224893,0.012987741,0.984287942,-0.176078262,0.984287942,-0.176078262,0.002393223,0.012961937
4.995000000000000,0.002253078,0.012999075,0.984256236,-0.176254524,0.984256236,-0.176254524,0.002397909,0.012973148
5.000000000000000,0.002257224,0.013010391,0.984224495,-0.176430799,0.984224495,-0.176430799,0.002402599,0.012984339
5.005000000000000,0.00226137,0.013021686,0.984192718,-0.176607089,0.984192718,-0.176607089,0.002407292,0.01299551
5.010000000000001,0.002265515,0.013032963,0.984160907,-0.176783393,0.984160907,-0.176783393,0.002411988,0.01300666
5.015000000000001,0.002269659,0.013044219,0.98412906,-0.176959712,0.98412906,-0.176959712,0.002416686,0.013017789
5.020000000000000,0.002273801,0.013055455,0.984097178,-0.177136046,0.984097178,-0.177136046,0.002421388,0.013028897
5.025000000000000,0.002277942,0.01306667,0.984065261,-0.177312396,0.984065261,-0.177312396,0.002426093,0.013039984
5.030000000000000,0.002282081,0.013077864,0.984033308,-0.177488761,0.984033308,-0.177488761,0.0024308,0.013051048
5.035000000000000,0.002286219,0.013089038,0.98400132,-0.177665143,0.98400132,-0.177665143,0.00243551,0.013062091
5.040000000000000,0.002290356,0.013100189,0.983969297,-0.177841541,0.983969297,-0.177841541,0.002440224,0.01307311
5.045000000000000,0.00229449,0.013111319,0.983937238,-0.178017956,0.983937238,-0.178017956,0.002444939,0.013084107
5.050000000000001,0.002298623,0.013122426,0.983905143,-0.178194388,0.983905143,-0.178194388,0.002449658,0.01309508
5.055000000000001,0.002302753,0.01313351,0.983873012,-0.178370838,0.983873012,-0.178370838,0.00245438,0.013106029
5.060000000000000,0.002306882,0.013144571,0.983840846,-0.178547306,0.983840846,-0.178547306,0.002459104,0.013116954
5.065000000000000,0.002311008,0.013155609,0.983808644,-0.178723792,0.983808644,-0.178723792,0.00246383,0.013127855
5.070000000000000,0.002315131,0.013166623,0.983776406,-0.178900298,0.983776406,-0.178900298,0.00246856,0.01313873
5.075000000000000,0.002319253,0.013177612,0.983744132,-0.179076822,0.983744132,-0.179076822,0.002473292,0.01314958
5.080000000000000,0.002323371,0.013188577,0.983711822,-0.179253366,0.983711822,-0.179253366,0.002478026,0.013160404
5.085000000000000,0.002327487,0.013199516,0.983679475,-0.179429931,0.983679475,-0.179429931,0.002482763,0.013171201
5.090000000000001,0.0023316,0.01321043,0.983647093,-0.179606515,0.983647093,-0.179606515,0.002487502,0.013181972
5.095000000000001,0.00233571,0.013221317,0.983614673,-0.179783121,0.983614673,-0.179783121,0.002492244,0.013192715
5.100000000000001,0.002339817,0.013232178,0.983582218,-0.179959749,0.983582218,-0.179959749,0.002496988,0.013203431
5.105000000000000,0.00234392,0.013243012,0.983549725,-0.180136399,0.983549725,-0.180136399,0.002501734,0.013214118
5.110000000000000,0.00234802,0.013253819,0.983517197,-0.180313071,0.983517197,-0.180313071,0.002506483,0.013224776
5.115000000000000,0.002352116,0.013264597,0.983484631,-0.180489766,0.983484631,-0.180489766,0.002511233,0.013235405
5.120000000000000,0.002356209,0.013275347,0.983452028,-0.180666484,0.983452028,-0.180666484,0.002515986,0.013246004
5.125000000000000,0.002360297,0.013286068,0.983419389,-0.180843227,0.983419389,-0.180843227,0.002520741,0.013256572
5.130000000000000,0.002364382,0.013296759,0.983386712,-0.181019994,0.983386712,-0.181019994,0.002525498,0.01326711
5.135000000000001,0.002368462,0.01330742,0.983353998,-0.181196787,0.983353998,-0.181196787,0.002530257,0.013277616
5.140000000000001,0.002372538,0.01331805,0.983321247,-0.181373605,0.983321247,-0.181373605,0.002535018,0.01328809
5.145000000000000,0.002376609,0.013328649,0.983288458,-0.18155045,0.983288458,-0.18155045,0.002539781,0.01329853
5.150000000000000,0.002380675,0.013339216,0.983255632,-0.181727322,0.983255632,-0.181727322,0.002544545,0.013308938
5.155000000000000,0.002384736,0.01334975,0.983222768,-0.181904221,0.983222768,-0.181904221,0.002549312,0.013319311
5.160000000000000,0.002388792,0.013360251,0.983189866,-0.182081149,0.983189866,-0.182081149,0.00255408,0.01332965
5.165000000000000,0.002392843,0.013370718,0.983156926,-0.182258105,0.983156926,-0.182258105,0.002558849,0.013339953
5.170000000000000,0.002396888,0.013381151,0.983123948,-0.182435092,0.983123948,-0.182435092,0.00256362,0.01335022
5.175000000000001,0.002400927,0.013391548,0.983090932,-0.182612108,0.983090932,-0.182612108,0.002568393,0.01336045
5.180000000000001,0.002404961,0.01340191,0.983057878,-0.182789156,0.983057878,-0.182789156,0.002573167,0.013370643
5.185000000000000,0.002408988,0.013412235,0.983024785,-0.182966235,0.983024785,-0.182966235,0.002577942,0.013380797
5.190000000000000,0.002413008,0.013422522,0.982991653,-0.183143347,0.982991653,-0.183143347,0.002582719,0.013390912
5.195000000000000,0.002417022,0.013432772,0.982958482,-0.183320492,0.982958482,-0.183320492,0.002587497,0.013400988
5.200000000000000,0.002421029,0.013442982,0.982925273,-0.183497671,0.982925273,-0.183497671,0.002592276,0.013411022
5.205000000000000,0.002425029,0.013453153,0.982892024,-0.183674886,0.982892024,-0.183674886,0.002597056,0.013421015
5.210000000000000,0.002429021,0.013463283,0.982858736,-0.183852136,0.982858736,-0.183852136,0.002601837,0.013430966
5.215000000000001,0.002433006,0.013473371,0.982825409,-0.184029423,0.982825409,-0.184029423,0.002606619,0.013440873
5.220000000000001,0.002436982,0.013483418,0.982792042,-0.184206747,0.982792042,-0.184206747,0.002611401,0.013450735
5.225000000000001,0.002440951,0.013493421,0.982758634,-0.18438411,0.982758634,-0.18438411,0.002616185,0.013460553
5.230000000000000,0.00244491,0.01350338,0.982725187,-0.184561512,0.982725187,-0.184561512,0.002620968,0.013470325
5.235000000000000,0.002448861,0.013513294,0.9826917,-0.184738954,0.9826917,-0.184738954,0.002625753,0.013480049
5.240000000000000,0.002452803,0.013523161,0.982658172,-0.184916439,0.982658172,-0.184916439,0.002630538,0.013489725
5.245000000000000,0.002456736,0.013532982,0.982624604,-0.185093965,0.982624604,-0.185093965,0.002635323,0.013499352
5.250000000000000,0.002460659,0.013542754,0.982590995,-0.185271535,0.982590995,-0.185271535,0.002640108,0.013508928
5.255000000000000,0.002464571,0.013552477,0.982557344,-0.18544915,0.982557344,-0.18544915,0.002644893,0.013518453
5.260000000000001,0.002468473,0.01356215,0.982523653,-0.185626811,0.982523653,-0.185626811,0.002649679,0.013527925
5.265000000000001,0.002472365,0.013571771,0.98248992,-0.185804518,0.98248992,-0.185804518,0.002654464,0.013537343
5.270000000000000,0.002476245,0.01358134,0.982456145,-0.185982274,0.982456145,-0.185982274,0.002659249,0.013546706
5.275000000000000,0.002480114,0.013590854,0.982422328,-0.186160079,0.982422328,-0.186160079,0.002664033,0.013556013
5.280000000000000,0.002483971,0.013600314,0.982388468,-0.186337935,0.982388468,-0.186337935,0.002668817,0.013565262
5.285000000000000,0.002487816,0.013609717,0.982354567,-0.186515843,0.982354567,-0.186515843,0.002673601,0.013574452
5.290000000000000,0.002491648,0.013619062,0.982320622,-0.186693805,0.982320622,-0.186693805,0.002678384,0.013583582
5.295000000000000,0.002495466,0.013628347,0.982286634,-0.186871821,0.982286634,-0.186871821,0.002683165,0.013592649
5.300000000000001,0.002499272,0.013637572,0.982252603,-0.187049894,0.982252603,-0.187049894,0.002687946,0.013601653
5.305000000000001,0.002503063,0.013646735,0.982218528,-0.187228025,0.982218528,-0.187228025,0.002692726,0.013610592
5.310000000000000,0.00250684,0.013655835,0.98218441,-0.187406214,0.98218441,-0.187406214,0.002697504,0.013619465
5.315000000000000,0.002510602,0.013664869,0.982150246,-0.187584465,0.982150246,-0.187584465,0.002702281,0.013628269
5.320000000000000,0.002514348,0.013673836,0.982116039,-0.187762779,0.982116039,-0.187762779,0.002707056,0.013637003
5.325000000000000,0.002518079,0.013682734,0.982081786,-0.187941157,0.982081786,-0.187941157,0.002711829,0.013645666
5.330000000000000,0.002521793,0.013691562,0.982047488,-0.188119602,0.982047488,-0.188119602,0.0027166,0.013654255
5.335000000000000,0.00252549,0.013700318,0.982013144,-0.188298114,0.982013144,-0.188298114,0.002721369,0.013662769
5.340000000000001,0.002529169,0.013709,0.981978754,-0.188476697,0.981978754,-0.188476697,0.002726136,0.013671205
5.345000000000001,0.00253283,0.013717606,0.981944317,-0.188655351,0.981944317,-0.188655351,0.0027309,0.013679562
5.350000000000001,0.002536472,0.013726134,0.981909834,-0.18883408,0.981909834,-0.18883408,0.002735661,0.013687838
5.355000000000000,0.002540095,0.013734582,0.981875303,-0.189012884,0.981875303,-0.189012884,0.00274042,0.01369603
5.360000000000000,0.002543698,0.013742948,0.981840725,-0.189191767,0.981840725,-0.189191767,0.002745175,0.013704135
5.365000000000000,0.00254728,0.013751229,0.981806098,-0.189370731,0.981806098,-0.189370731,0.002749927,0.013712153
5.370000000000000,0.00255084,0.013759424,0.981771423,-0.189549778,0.981771423,-0.189549778,0.002754675,0.01372008
5.375000000000000,0.002554378,0.013767529,0.981736698,-0.18972891,0.981736698,-0.18972891,0.002759419,0.013727914
5.380000000000000,0.002557893,0.013775543,0.981701924,-0.189908131,0.981701924,-0.189908131,0.002764159,0.013735652
5.385000000000001,0.002561385,0.013783462,0.981667099,-0.190087442,0.981667099,-0.190087442,0.002768895,0.013743291
5.390000000000001,0.002564852,0.013791285,0.981632224,-0.190266847,0.981632224,-0.190266847,0.002773626,0.013750829
5.395000000000000,0.002568293,0.013799008,0.981597298,-0.190446348,0.981597298,-0.190446348,0.002778352,0.013758263
5.400000000000000,0.002571708,0.013806628,0.981562319,-0.190625948,0.981562319,-0.190625948,0.002783073,0.013765589
5.405000000000000,0.002575096,0.013814142,0.981527288,-0.190805651,0.981527288,-0.190805651,0.002787788,0.013772806
5.410000000000000,0.002578455,0.013821548,0.981492204,-0.19098546,0.981492204,-0.19098546,0.002792498,0.013779908
5.415000000000000,0.002581785,0.013828841,0.981457066,-0.191165377,0.981457066,-0.191165377,0.002797201,0.013786893
5.420000000000000,0.002585085,0.013836019,0.981421873,-0.191345407,0.981421873,-0.191345407,0.002801898,0.013793758
5.425000000000001,0.002588354,0.013843078,0.981386625,-0.191525554,0.981386625,-0.191525554,0.002806588,0.013800498
5.430000000000001,0.00259159,0.013850014,0.981351322,-0.19170582,0.981351322,-0.19170582,0.002811271,0.01380711
5.435000000000000,0.002594793,0.013856824,0.981315961,-0.19188621,0.981315961,-0.19188621,0.002815946,0.01381359
5.440000000000000,0.00259796,0.013863503,0.981280543,-0.192066728,0.981280543,-0.192066728,0.002820613,0.013819934
5.445000000000000,0.002601092,0.013870047,0.981245066,-0.192247378,0.981245066,-0.192247378,0.002825272,0.013826136
5.450000000000000,0.002604186,0.013876453,0.98120953,-0.192428165,0.98120953,-0.192428165,0.002829922,0.013832193
5.455000000000000,0.002607241,0.013882714,0.981173934,-0.192609094,0.981173934,-0.192609094,0.002834562,0.013838101
5.460000000000000,0.002610256,0.013888828,0.981138276,-0.192790168,0.981138276,-0.192790168,0.002839193,0.013843853
5.465000000000001,0.002613229,0.013894787,0.981102556,-0.192971395,0.981102556,-0.192971395,0.002843814,0.013849445
5.470000000000001,0.002616159,0.013900589,0.981066773,-0.193152777,0.981066773,-0.193152777,0.002848423,0.013854871
5.475000000000001,0.002619044,0.013906226,0.981030926,-0.193334323,0.981030926,-0.193334323,0.002853021,0.013860126
5.480000000000000,0.002621881,0.013911693,0.980995012,-0.193516036,0.980995012,-0.193516036,0.002857608,0.013865203
5.485000000000000,0.002624671,0.013916985,0.980959033,-0.193697923,0.980959033,-0.193697923,0.002862182,0.013870097
5.490000000000000,0.002627409,0.013922095,0.980922985,-0.193879992,0.980922985,-0.193879992,0.002866742,0.013874801
5.495000000000000,0.002630095,0.013927016,0.980886867,-0.194062247,0.980886867,-0.194062247,0.002871289,0.013879308
5.500000000000000,0.002632727,0.013931743,0.980850679,-0.194244697,0.980850679,-0.194244697,0.002875821,0.013883612
5.505000000000001,0.002635302,0.013936266,0.980814418,-0.194427349,0.980814418,-0.194427349,0.002880338,0.013887703
5.510000000000001,0.002637817,0.01394058,0.980778084,-0.19461021,0.980778084,-0.19461021,0.002884839,0.013891576
5.515000000000001,0.002640271,0.013944676,0.980741674,-0.194793289,0.980741674,-0.194793289,0.002889324,0.01389522
5.520000000000000,0.002642661,0.013948545,0.980705188,-0.194976594,0.980705188,-0.194976594,0.002893791,0.013898628
5.525000000000000,0.002644984,0.01395218,0.980668622,-0.195160135,0.980668622,-0.195160135,0.002898239,0.013901791
5.530000000000000,0.002647238,0.01395557,0.980631975,-0.19534392,0.980631975,-0.19534392,0.002902668,0.013904698
5.535000000000000,0.002649418,0.013958706,0.980595246,-0.19552796,0.980595246,-0.19552796,0.002907076,0.01390734
5.540000000000000,0.002651524,0.013961577,0.980558431,-0.195712265,0.980558431,-0.195712265,0.002911463,0.013909706
5.545000000000000,0.00265355,0.013964174,0.98052153,-0.195896847,0.98052153,-0.195896847,0.002915827,0.013911785
5.550000000000001,0.002655493,0.013966484,0.980484539,-0.196081716,0.980484539,-0.196081716,0.002920168,0.013913564
5.555000000000001,0.002657351,0.013968495,0.980447456,-0.196266887,0.980447456,-0.196266887,0.002924484,0.013915031
5.560000000000000,0.002659118,0.013970195,0.980410279,-0.19645237,0.980410279,-0.19645237,0.002928773,0.013916173
5.565000000000000,0.002660791,0.01397157,0.980373004,-0.196638182,0.980373004,-0.196638182,0.002933035,0.013916976
5.570000000000000,0.002662365,0.013972606,0.980335629,-0.196824335,0.980335629,-0.196824335,0.002937268,0.013917424
5.575000000000000,0.002663837,0.013973288,0.980298151,-0.197010846,0.980298151,-0.197010846,0.002941471,0.013917503
5.580000000000000,0.002665199,0.013973599,0.980260566,-0.197197731,0.980260566,-0.197197731,0.002945641,0.013917194
5.585000000000000,0.002666449,0.013973523,0.980222871,-0.197385008,0.980222871,-0.197385008,0.002949778,0.013916481
5.590000000000001,0.00266758,0.013973042,0.980185062,-0.197572694,0.980185062,-0.197572694,0.002953879,0.013915345
5.595000000000001,0.002668585,0.013972136,0.980147136,-0.197760811,0.980147136,-0.197760811,0.002957942,0.013913765
5.600000000000001,0.00266946,0.013970785,0.980109088,-0.197949379,0.980109088,-0.197949379,0.002961965,0.013911719
5.605000000000000,0.002670197,0.013968966,0.980070913,-0.198138421,0.980070913,-0.198138421,0.002965947,0.013909186
5.610000000000000,0.002670789,0.013966657,0.980032607,-0.19832796,0.980032607,-0.19832796,0.002969884,0.013906141
5.615000000000000,0.002671228,0.013963833,0.979994164,-0.198518022,0.979994164,-0.198518022,0.002973774,0.013902558
5.620000000000000,0.002671506,0.013960468,0.97995558,-0.198708634,0.97995558,-0.198708634,0.002977615,0.013898408
5.625000000000000,0.002671615,0.013956532,0.979916848,-0.198899825,0.979916848,-0.198899825,0.002981403,0.013893663
5.630000000000001,0.002671546,0.013951995,0.979877962,-0.199091628,0.979877962,-0.199091628,0.002985136,0.013888291
5.635000000000001,0.002671287,0.013946825,0.979838916,-0.199284074,0.979838916,-0.199284074,0.00298881,0.013882257
5.640000000000001,0.002670829,0.013940986,0.979799701,-0.199477202,0.979799701,-0.199477202,0.002992422,0.013875524
5.645000000000000,0.002670159,0.013934441,0.979760312,-0.199671048,0.979760312,-0.199671048,0.002995967,0.013868054
5.650000000000000,0.002669266,0.013927149,0.979720738,-0.199865656,0.979720738,-0.199865656,0.002999442,0.013859804
5.655000000000000,0.002668135,0.013919066,0.979680971,-0.200061069,0.979680971,-0.200061069,0.003002841,0.013850727
5.660000000000000,0.002666753,0.013910145,0.979641001,-0.200257338,0.979641001,-0.200257338,0.003006162,0.013840775
5.665000000000000,0.002665103,0.013900335,0.979600818,-0.200454514,0.979600818,-0.200454514,0.003009397,0.013829894
5.670000000000000,0.002663168,0.013889579,0.97956041,-0.200652654,0.97956041,-0.200652654,0.003012541,0.013818025
5.675000000000001,0.002660931,0.013877818,0.979519765,-0.20085182,0.979519765,-0.20085182,0.003015588,0.013805107
5.680000000000001,0.002658369,0.013864987,0.979478869,-0.201052081,0.979478869,-0.201052081,0.003018532,0.01379107
5.685000000000000,0.002655463,0.013851014,0.979437708,-0.201253507,0.979437708,-0.201253507,0.003021365,0.013775841
5.690000000000000,0.002652188,0.013835821,0.979396265,-0.201456181,0.979396265,-0.201456181,0.003024079,0.013759337
5.695000000000000,0.002648517,0.013819324,0.979354523,-0.201660189,0.979354523,-0.201660189,0.003026665,0.013741471
5.700000000000000,0.002644422,0.013801429,0.979312463,-0.201865626,0.979312463,-0.201865626,0.003029114,0.013722144
5.705000000000000,0.002639871,0.013782034,0.979270063,-0.202072597,0.979270063,-0.202072597,0.003031415,0.013701251
5.710000000000000,0.00263483,0.013761027,0.9792273,-0.202281219,0.9792273,-0.202281219,0.003033557,0.013678673
5.715000000000001,0.00262926,0.013738284,0.979184149,-0.202491618,0.979184149,-0.202491618,0.003035526,0.013654282
5.720000000000001,0.00262312,0.013713668,0.979140581,-0.202703935,0.979140581,-0.202703935,0.003037309,0.013627934
5.725000000000001,0.002616362,0.013687027,0.979096564,-0.202918325,0.979096564,-0.202918325,0.003038889,0.013599471
5.730000000000000,0.002608934,0.013658194,0.979052064,-0.203134963,0.979052064,-0.203134963,0.00304025,0.013568716
5.735000000000000,0.002600778,0.013626979,0.979007041,-0.20335404,0.979007041,-0.20335404,0.003041371,0.013535474
5.740000000000000,0.00259183,0.013593174,0.978961452,-0.203575773,0.978961452,-0.203575773,0.003042231,0.013499525
5.745000000000000,0.002582015,0.013556543,0.978915248,-0.203800403,0.978915248,-0.203800403,0.003042805,0.013460624
5.750000000000000,0.002571252,0.013516821,0.978868373,-0.204028203,0.978868373,-0.204028203,0.003043066,0.013418493
5.755000000000001,0.002559449,0.01347371,0.978820766,-0.204259479,0.978820766,-0.204259479,0.003042981,0.01337282
5.760000000000001,0.0025465,0.013426871,0.978772354,-0.204494579,0.978772354,-0.204494579,0.003042515,0.013323252
5.765000000000001,0.002532286,0.013375919,0.978723058,-0.2047339,0.978723058,-0.2047339,0.003041628,0.013269386
5.770000000000000,0.002516669,0.013320413,0.978672785,-0.204977893,0.978672785,-0.204977893,0.003040273,0.013210761
5.775000000000000,0.002499491,0.013259849,0.978621429,-0.205227079,0.978621429,-0.205227079,0.003038396,0.013146849
5.780000000000000,0.002480573,0.013193643,0.978568868,-0.205482056,0.978568868,-0.205482056,0.003035935,0.013077041
5.785000000000000,0.002459701,0.013121119,0.978514958,-0.20574352,0.978514958,-0.20574352,0.003032817,0.013000629
5.790000000000000,0.00243663,0.013041487,0.978459533,-0.206012281,0.978459533,-0.206012281,0.003028959,0.012916789
5.795000000000000,0.00241107,0.012953823,0.978402398,-0.206289292,0.978402398,-0.206289292,0.003024261,0.012824552
5.800000000000001,0.002382678,0.012857032,0.97834332,-0.206575678,0.97834332,-0.206575678,0.003018603,0.012722774
5.805000000000001,0.002351046,0.012749812,0.978282023,-0.206872777,0.978282023,-0.206872777,0.003011845,0.012610092
5.810000000000000,0.002315681,0.0126306,0.978218174,-0.207182195,0.978218174,-0.207182195,0.003003817,0.012484873
5.815000000000000,0.002275989,0.012497506,0.978151369,-0.207505877,0.978151369,-0.207505877,0.00299431,0.012345137
5.820000000000000,0.00223124,0.012348218,0.978081113,-0.207846199,0.978081113,-0.207846199,0.002983071,0.012188469
5.825000000000000,0.002180532,0.012179884,0.978006793,-0.208206096,0.978006793,-0.208206096,0.002969782,0.01201188
5.830000000000000,0.002122733,0.011988937,0.97792764,-0.208589234,0.97792764,-0.208589234,0.002954044,0.01181164
5.835000000000000,0.002056409,0.011770862,0.977842675,-0.209000258,0.977842675,-0.209000258,0.002935349,0.011583021
5.840000000000001,0.001979706,0.011519857,0.977750636,-0.209445136,0.977750636,-0.209445136,0.002913036,0.011319948
5.845000000000001,0.001890196,0.011228335,0.977649862,-0.209931674,0.977649862,-0.209931674,0.002886236,0.011014477
5.850000000000001,0.00178463,0.010886188,0.977538125,-0.21047027,0.977538125,-0.21047027,0.002853774,0.010656019
5.855000000000000,0.001658555,0.010479639,0.97741237,-0.211075102,0.97741237,-0.211075102,0.002814028,0.010230137
5.860000000000000,0.001505709,0.009989414,0.977268293,-0.211766007,0.977268293,-0.211766007,0.002764696,0.00971663
5.865000000000000,0.001316991,0.009387695,0.977099614,-0.212571624,0.977099614,-0.212571624,0.002702395,0.009086327
5.870000000000000,0.001078654,0.008632799,0.976896813,-0.213534873,0.976896813,-0.213534873,0.002621944,0.008295493
5.875000000000000,7.6890324913e-4,0.007659304,0.976644731,-0.214723142,0.976644731,-0.214723142,0.002514999,0.007275451
5.880000000000001,3.5100428031e-4,0.006358359,0.976317676,-0.2162486,0.976317676,-0.2162486,0.002367214,0.005911827
5.885000000000001,-2.42E-04,0.004534469,0.975868387,-0.218312815,0.975868387,-0.218312815,0.002151717,0.003998992
5.890000000000001,-1.15E-03,0.001797897,0.975199482,-0.221317945,0.975199482,-0.221317945,0.001811824,0.001126371
5.895000000000000,-2.69E-03,-2.76E-03,0.97407365,-0.226198765,0.97407365,-0.226198765,0.001204855,-3.66E-03
5.900000000000000,-5.92E-03,-0.011817102,0.971726463,-0.23573969,0.971726463,-0.23573969,-1.52E-04,-0.013216312
5.905000000000000,-0.016595513,-0.038504984,0.963721755,-0.263595382,0.963721755,-0.263595382,-5.31E-03,-0.041592083
5.905115375421226,-0.017135644,-0.03974538,0.96330686,-0.264890085,0.96330686,-0.264890085,-5.59E-03,-0.042919698
5.905228107154784,-0.017691891,-0.041013277,0.962878681,-0.266213714,0.962878681,-0.266213714,-5.88E-03,-0.044277575
5.905338255777567,-0.018264788,-0.042309227,0.962436741,-0.267566874,0.962436741,-0.267566874,-6.19E-03,-0.045666365
5.905445880478419,-0.018854887,-0.043633793,0.961980544,-0.268950185,0.961980544,-0.268950185,-6.50E-03,-0.04708673
5.905551039089950,-0.019462761,-0.044987543,0.961509576,-0.270364272,0.961509576,-0.270364272,-6.83E-03,-0.048539345
5.905653788119600,-0.020089006,-0.046371054,0.961023301,-0.271809771,0.961023301,-0.271809771,-7.17E-03,-0.050024894
5.905754182780012,-0.020734236,-0.047784908,0.960521164,-0.273287328,0.960521164,-0.273287328,-7.52E-03,-0.051544075
5.905852277018697,-0.021399088,-0.049229698,0.960002589,-0.274797597,0.960002589,-0.274797597,-7.88E-03,-0.053097596
5.905948123547026,-0.022084225,-0.050706018,0.959466975,-0.276341241,0.959466975,-0.276341241,-8.26E-03,-0.054686175
5.906041773868552,-0.02279033,-0.052214474,0.958913701,-0.277918932,0.958913701,-0.277918932,-8.66E-03,-0.056310545
5.906133278306688,-0.023518114,-0.053755675,0.958342118,-0.279531352,0.958342118,-0.279531352,-9.06E-03,-0.057971445
5.906222686031746,-0.024268313,-0.055330236,0.957751554,-0.281179188,0.957751554,-0.281179188,-9.49E-03,-0.059669628
5.906310045087357,-0.025041689,-0.056938777,0.957141313,-0.282863139,0.957141313,-0.282863139,-9.92E-03,-0.061405858
5.906395402416297,-0.025839032,-0.058581926,0.956510667,-0.284583908,0.956510667,-0.284583908,-0.010379393,-0.063180907
5.906478803885699,-0.026661162,-0.060260312,0.955858863,-0.286342207,0.955858863,-0.286342207,-0.010851986,-0.06499556
5.906560294311713,-0.027508926,-0.061974569,0.95518512,-0.288138757,0.95518512,-0.288138757,-0.011342611,-0.066850609
5.906639917483574,-0.028383204,-0.063725335,0.954488623,-0.289974281,0.954488623,-0.289974281,-0.011852004,-0.068746858
5.906717716187144,-0.029284908,-0.065513251,0.953768527,-0.291849512,0.953768527,-0.291849512,-0.012380933,-0.070685119
5.906793732227899,-0.030214982,-0.06733896,0.953023956,-0.293765187,0.953023956,-0.293765187,-0.012930199,-0.072666214
5.906868006453393,-0.031174405,-0.069203106,0.952253999,-0.295722046,0.952253999,-0.295722046,-0.013500634,-0.07469097
5.906940578775206,-0.03216419,-0.071106334,0.951457708,-0.297720837,0.951457708,-0.297720837,-0.014093106,-0.076760226
5.907011488190395,-0.033185387,-0.073049289,0.950634101,-0.299762309,0.950634101,-0.299762309,-0.01470852,-0.078874826
5.907080772802446,-0.034239085,-0.075032615,0.949782158,-0.301847213,0.949782158,-0.301847213,-0.015347815,-0.081035619
5.907148469841750,-0.035326411,-0.077056953,0.948900819,-0.303976303,0.948900819,-0.303976303,-0.016011972,-0.083243464
5.907214615685607,-0.036448532,-0.079122941,0.947988984,-0.306150335,0.947988984,-0.306150335,-0.016702011,-0.08549922
5.907279245877779,-0.037606657,-0.081231214,0.947045511,-0.308370062,0.947045511,-0.308370062,-0.017418994,-0.087803754
5.907342395147583,-0.038802038,-0.0833824,0.946069214,-0.310636238,0.946069214,-0.310636238,-0.018164025,-0.090157933
5.907404097428556,-0.040035971,-0.085577122,0.945058864,-0.312949614,0.945058864,-0.312949614,-0.018938256,-0.092562629
5.907464385876692,-0.041309797,-0.087815991,0.944013184,-0.315310936,0.944013184,-0.315310936,-0.019742882,-0.095018713
5.907523292888250,-0.042624906,-0.090099613,0.942930849,-0.317720947,0.942930849,-0.317720947,-0.020579149,-0.097527057
5.907580850117174,-0.043982735,-0.092428578,0.941810487,-0.320180381,0.941810487,-0.320180381,-0.021448351,-0.100088529
5.907637088492095,-0.045384771,-0.094803465,0.940650671,-0.322689966,0.940650671,-0.322689966,-0.022351834,-0.102703996
5.907692038232947,-0.046832552,-0.097224837,0.939449926,-0.325250417,0.939449926,-0.325250417,-0.023290999,-0.10537432
5.907745728867219,-0.048327668,-0.09969324,0.938206718,-0.32786244,0.938206718,-0.32786244,-0.0242673,-0.108100355
5.907798189245807,-0.049871765,-0.102209201,0.936919462,-0.330526726,0.936919462,-0.330526726,-0.025282249,-0.11088295
5.907849447558527,-0.051466544,-0.104773225,0.935586511,-0.333243948,0.935586511,-0.333243948,-0.026337418,-0.11372294
5.907899531349257,-0.05311376,-0.107385792,0.934206162,-0.336014764,0.934206162,-0.336014764,-0.027434438,-0.11662115
5.907948467530743,-0.054815231,-0.110047355,0.93277665,-0.338839807,0.93277665,-0.338839807,-0.028575004,-0.119578389
5.907996282399058,-0.056572831,-0.112758339,0.931296147,-0.34171969,0.931296147,-0.34171969,-0.029760874,-0.12259545
5.908043001647730,-0.058388495,-0.115519136,0.929762764,-0.344654999,0.929762764,-0.344654999,-0.030993874,-0.125673104
5.908088650381554,-0.060264223,-0.118330101,0.928174543,-0.347646288,0.928174543,-0.347646288,-0.032275897,-0.128812102
5.908133253130078,-0.062202074,-0.121191551,0.926529461,-0.350694081,0.926529461,-0.350694081,-0.033608906,-0.132013168
5.908176833860783,-0.064204176,-0.12410376,0.924825425,-0.353798865,0.924825425,-0.353798865,-0.034994937,-0.135276996
5.908219415991968,-0.066272718,-0.127066957,0.923060274,-0.356961088,0.923060274,-0.356961088,-0.036436099,-0.138604251
5.908261022405327,-0.06840996,-0.130081318,0.921231773,-0.360181155,0.921231773,-0.360181155,-0.037934576,-0.141995558
5.908301675458250,-0.070618225,-0.133146968,0.919337618,-0.363459422,0.919337618,-0.363459422,-0.039492631,-0.145451504
5.908341396995834,-0.072899908,-0.136263971,0.917375428,-0.366796194,0.917375428,-0.366796194,-0.041112602,-0.148972632
5.908380208362622,-0.075257469,-0.13943233,0.915342749,-0.370191721,0.915342749,-0.370191721,-0.042796911,-0.152559436
5.908418130414071,-0.077693441,-0.142651976,0.91323705,-0.373646191,0.91323705,-0.373646191,-0.04454806,-0.156212358
5.908455183527762,-0.080210423,-0.145922771,0.911055724,-0.377159725,0.911055724,-0.377159725,-0.046368634,-0.15993178
5.908491387614350,-0.082811084,-0.149244496,0.908796088,-0.380732374,0.908796088,-0.380732374,-0.048261301,-0.163718023
5.908526762128259,-0.085498166,-0.15261685,0.90645538,-0.384364113,0.90645538,-0.384364113,-0.050228815,-0.167571338
5.908561326078140,-0.088274474,-0.15603944,0.904030761,-0.388054833,0.904030761,-0.388054833,-0.052274017,-0.171491902
5.908595098037084,-0.091142887,-0.159511778,0.901519313,-0.391804336,0.901519313,-0.391804336,-0.054399832,-0.17547981
5.908628096152600,-0.094106347,-0.163033275,0.898918042,-0.395612331,0.898918042,-0.395612331,-0.056609273,-0.179535073
5.908660338156371,-0.097167865,-0.166603231,0.896223877,-0.399478423,0.896223877,-0.399478423,-0.058905439,-0.183657606
5.908691841373780,-0.100330515,-0.170220834,0.89343367,-0.403402111,0.89343367,-0.403402111,-0.061291518,-0.187847224
5.908722622733219,-0.103597434,-0.173885147,0.890544199,-0.407382775,0.890544199,-0.407382775,-0.06377078,-0.192103635
5.908752698775186,-0.10697182,-0.177595105,0.88755217,-0.411419674,0.88755217,-0.411419674,-0.066346584,-0.196426431
5.908782085661175,-0.110456928,-0.181349503,0.884454217,-0.415511937,0.884454217,-0.415511937,-0.069022369,-0.200815081
5.908810799182359,-0.114056065,-0.185146995,0.881246904,-0.419658552,0.881246904,-0.419658552,-0.071801661,-0.205268921
5.908838854768074,-0.11777259,-0.18898608,0.877926734,-0.42385836,0.877926734,-0.42385836,-0.07468806,-0.20978715
5.908866267494113,-0.121609908,-0.192865098,0.874490145,-0.428110049,0.874490145,-0.428110049,-0.077685248,-0.214368817
5.908893052090822,-0.125571464,-0.196782219,0.870933518,-0.43241214,0.870933518,-0.43241214,-0.080796977,-0.219012812
5.908919222951027,-0.129660738,-0.200735438,0.867253182,-0.436762984,0.867253182,-0.436762984,-0.084027073,-0.223717859
5.908944794137750,-0.133881239,-0.204722563,0.863445418,-0.441160749,0.863445418,-0.441160749,-0.087379423,-0.228482507
5.908969779391783,-0.138236498,-0.20874121,0.859506466,-0.445603411,0.859506466,-0.445603411,-0.090857978,-0.233305118
5.908994192139061,-0.142730059,-0.212788792,0.855432533,-0.450088749,0.855432533,-0.450088749,-0.09446674,-0.238183857
5.909018045497882,-0.147365473,-0.216862513,0.851219798,-0.454614331,0.851219798,-0.454614331,-0.098209759,-0.243116687
5.909041352285953,-0.152146285,-0.220959357,0.846864424,-0.459177507,0.846864424,-0.459177507,-0.102091127,-0.248101352
5.909064125027277,-0.157076028,-0.225076084,0.842362564,-0.463775402,0.842362564,-0.463775402,-0.106114964,-0.253135373
5.909086375958889,-0.162158207,-0.229209219,0.837710373,-0.468404903,0.837710373,-0.468404903,-0.110285413,-0.258216034
5.909108117037425,-0.16739629,-0.233355044,0.83290402,-0.473062654,0.83290402,-0.473062654,-0.11460663,-0.263340376
5.909129359945547,-0.172793696,-0.237509596,0.8279397,-0.477745045,0.8279397,-0.477745045,-0.119082769,-0.268505183
5.909150116098226,-0.178353777,-0.241668653,0.822813647,-0.482448206,0.822813647,-0.482448206,-0.123717971,-0.273706977
5.909170396648873,-0.184079807,-0.245827734,0.817522147,-0.487167998,0.817522147,-0.487167998,-0.128516351,-0.278942006
5.909190212495331,-0.189974963,-0.249982091,0.812061556,-0.491900008,0.812061556,-0.491900008,-0.133481985,-0.284206238
5.909209574285731,-0.19604231,-0.254126705,0.806428316,-0.496639538,0.806428316,-0.496639538,-0.13861889,-0.28949535
5.909228492424216,-0.202284781,-0.258256282,0.800618971,-0.501381608,0.800618971,-0.501381608,-0.14393101,-0.294804723
5.909246977076531,-0.208705159,-0.262365251,0.794630187,-0.506120942,0.794630187,-0.506120942,-0.149422198,-0.300129437
5.909265038175486,-0.215306058,-0.26644776,0.788458772,-0.510851971,0.788458772,-0.510851971,-0.155096193,-0.30546426
5.909282685426292,-0.222089902,-0.270497679,0.782101695,-0.515568827,0.782101695,-0.515568827,-0.160956606,-0.310803649
5.909299928311776,-0.2290589,-0.274508601,0.775556111,-0.520265344,0.775556111,-0.520265344,-0.167006891,-0.316141745
5.909316776097478,-0.236215028,-0.278473838,0.768819381,-0.524935057,0.768819381,-0.524935057,-0.173250329,-0.321472368
5.909333237836631,-0.243560003,-0.282386437,0.761889096,-0.529571204,0.761889096,-0.529571204,-0.17969,-0.326789022
5.909349322375022,-0.251095259,-0.286239173,0.754763101,-0.53416673,0.754763101,-0.53416673,-0.186328758,-0.33208489
5.909365038355748,-0.258821926,-0.290024567,0.747439524,-0.538714293,0.747439524,-0.538714293,-0.193169211,-0.337352842
5.909380394223861,-0.266740799,-0.29373489,0.739916795,-0.543206268,0.739916795,-0.543206268,-0.200213687,-0.342585437
5.909395398230904,-0.274852321,-0.297362178,0.732193677,-0.547634762,0.732193677,-0.547634762,-0.207464215,-0.347774929
5.909410058439346,-0.283156552,-0.300898243,0.724269291,-0.551991621,0.724269291,-0.551991621,-0.21492249,-0.352913281
5.909424382726915,-0.291653148,-0.304334694,0.71614314,-0.556268445,0.71614314,-0.556268445,-0.222589851,-0.357992168
5.909438378790829,-0.300341332,-0.307662953,0.707815141,-0.560456608,0.707815141,-0.560456608,-0.230467252,-0.363003
5.909452054151935,-0.309219877,-0.310874275,0.699285644,-0.564547271,0.699285644,-0.564547271,-0.238555232,-0.36793693
5.909465416158748,-0.318287078,-0.313959778,0.69055546,-0.568531409,0.69055546,-0.568531409,-0.24685389,-0.37278488
5.909478471991402,-0.32754073,-0.316910461,0.681625887,-0.572399832,0.681625887,-0.572399832,-0.25536286,-0.377537557
5.909491228665506,-0.336978113,-0.319717242,0.672498732,-0.576143215,0.672498732,-0.576143215,-0.264081279,-0.382185484
5.909503693035914,-0.346595966,-0.322370983,0.663176332,-0.579752125,0.663176332,-0.579752125,-0.273007768,-0.38671902
5.909515871800409,-0.356390475,-0.324862526,0.653661575,-0.583217052,0.653661575,-0.583217052,-0.282140407,-0.391128394
5.909527771503306,-0.366357259,-0.327182731,0.64395792,-0.586528448,0.64395792,-0.586528448,-0.291476713,-0.39540374
5.909539398538962,-0.376491353,-0.329322513,0.634069408,-0.589676762,0.634069408,-0.589676762,-0.301013619,-0.399535128
5.909550759155216,-0.386787204,-0.331272881,0.624000679,-0.59265248,0.624000679,-0.59265248,-0.310747459,-0.403512604
5.909561859456746,-0.397238662,-0.333024986,0.613756983,-0.595446165,0.613756983,-0.595446165,-0.320673956,-0.407326232
5.909572705408345,-0.407838979,-0.334570156,0.603344185,-0.598048502,0.603344185,-0.598048502,-0.330788202,-0.410966134
5.909583302838135,-0.41858081,-0.335899952,0.592768768,-0.600450345,0.592768768,-0.600450345,-0.341084661,-0.414422538
5.909593657440690,-0.429456213,-0.337006205,0.582037835,-0.60264276,0.582037835,-0.60264276,-0.351557154,-0.41768582
5.909603774780101,-0.440456667,-0.337881068,0.571159105,-0.604617076,0.571159105,-0.604617076,-0.362198865,-0.420746558
5.909613660292966,-0.451573075,-0.338517062,0.5601409,-0.606364929,0.5601409,-0.606364929,-0.373002345,-0.423595574
5.909623319291309,-0.462795788,-0.338907123,0.54899214,-0.607878317,0.54899214,-0.607878317,-0.383959513,-0.426223989
5.909632756965435,-0.474114626,-0.339044645,0.537722321,-0.609149641,0.537722321,-0.609149641,-0.395061674,-0.428623271
5.909641978386718,-0.485518901,-0.338923532,0.526341493,-0.610171758,0.526341493,-0.610171758,-0.406299535,-0.430785284
5.909650988510331,-0.496997449,-0.338538235,0.514860236,-0.610938025,0.514860236,-0.610938025,-0.417663224,-0.432702338
5.909659792177903,-0.508538667,-0.337883796,0.50328963,-0.611442343,0.50328963,-0.611442343,-0.429142318,-0.434367236
5.909668394120124,-0.520130548,-0.33695589,0.491641216,-0.611679203,0.491641216,-0.611679203,-0.440725872,-0.43577332
5.909676798959286,-0.531760727,-0.335750855,0.479926964,-0.611643725,0.479926964,-0.611643725,-0.452402456,-0.436914518
5.909685011211764,-0.543416527,-0.334265729,0.46815922,-0.61133169,0.46815922,-0.61133169,-0.464160192,-0.437785381
5.909693035290450,-0.555085008,-0.332498278,0.456350668,-0.610739584,0.456350668,-0.610739584,-0.475986799,-0.438381124
5.909700875507117,-0.566753019,-0.330447019,0.444514275,-0.609864618,0.444514275,-0.609864618,-0.48786964,-0.438697659
5.909708536074739,-0.578407258,-0.328111242,0.432663238,-0.608704757,0.432663238,-0.608704757,-0.499795773,-0.438731628
5.909716021109759,-0.590034325,-0.325491022,0.420810929,-0.607258741,0.420810929,-0.607258741,-0.511752003,-0.438480428
5.909723334634289,-0.60162078,-0.322587233,0.408970836,-0.605526102,0.408970836,-0.605526102,-0.52372494,-0.437942231
5.909730480578286,-0.613153211,-0.319401549,0.397156504,-0.603507171,0.397156504,-0.603507171,-0.535701056,-0.437116002
5.909737462781655,-0.624618286,-0.315936444,0.385381474,-0.601203085,0.385381474,-0.601203085,-0.547666748,-0.436001512
5.909744284996314,-0.636002819,-0.312195186,0.373659222,-0.598615787,0.373659222,-0.598615787,-0.559608395,-0.434599339
5.909750950888207,-0.647293828,-0.308181825,0.362003097,-0.595748018,0.362003097,-0.595748018,-0.571512421,-0.432910873
5.909757464039282,-0.658478594,-0.303901177,0.350426264,-0.592603309,0.350426264,-0.592603309,-0.583365358,-0.430938309
5.909763827949411,-0.669544718,-0.299358797,0.338941638,-0.589185962,0.338941638,-0.589185962,-0.595153903,-0.428684634
5.909770046038266,-0.680480176,-0.294560957,0.327561836,-0.585501026,0.327561836,-0.585501026,-0.60686498,-0.426153614
5.909776121647168,-0.691273371,-0.28951461,0.316299114,-0.581554273,0.316299114,-0.581554273,-0.618485798,-0.423349772
5.909782058040868,-0.70191318,-0.284227355,0.30516532,-0.577352167,0.30516532,-0.577352167,-0.630003903,-0.420278359
5.909787858409317,-0.712389001,-0.278707395,0.294171842,-0.572901825,0.294171842,-0.572901825,-0.641407231,-0.416945326
5.909793525869365,-0.72269079,-0.272963494,0.283329567,-0.568210976,0.283329567,-0.568210976,-0.652684159,-0.413357286
5.909799063466450,-0.732809101,-0.267004931,0.272648837,-0.563287922,0.272648837,-0.563287922,-0.663823547,-0.409521478
5.909804474176222,-0.742735115,-0.260841445,0.262139414,-0.558141489,0.262139414,-0.558141489,-0.674814781,-0.40544572
5.909809760906151,-0.752460669,-0.25448319,0.251810449,-0.552780977,0.251810449,-0.552780977,-0.685647806,-0.401138367
5.909814926497083,-0.761978275,-0.247940675,0.241670452,-0.547216111,0.241670452,-0.547216111,-0.696313165,-0.39660826
5.909819973724771,-0.771281137,-0.241224716,0.231727273,-0.541456985,0.231727273,-0.541456985,-0.706802019,-0.391864678
5.909824905301366,-0.780363165,-0.234346376,0.221988087,-0.535514013,0.221988087,-0.535514013,-0.717106171,-0.386917285
5.909829723876873,-0.789218979,-0.227316913,0.212459376,-0.529397873,0.212459376,-0.529397873,-0.727218087,-0.381776078
5.909834432040573,-0.797843912,-0.220147724,0.203146925,-0.523119453,0.203146925,-0.523119453,-0.737130905,-0.376451335
5.909839032322420,-0.806234008,-0.212850296,0.194055822,-0.516689798,0.194055822,-0.516689798,-0.746838444,-0.37095356
5.909843527194395,-0.814386013,-0.205436148,0.185190455,-0.510120059,0.185190455,-0.510120059,-0.756335206,-0.365293433
5.909847919071837,-0.822297363,-0.197916787,0.176554522,-0.50342144,0.176554522,-0.50342144,-0.765616377,-0.359481756
5.909852210314742,-0.829966175,-0.190303657,0.168151041,-0.49660515,0.168151041,-0.49660515,-0.77467782,-0.353529408
5.909856403229025,-0.837391218,-0.182608095,0.159982364,-0.48968236,0.159982364,-0.48968236,-0.783516065,-0.347447291
5.909860500067770,-0.8445719,-0.174841289,0.152050192,-0.482664152,0.152050192,-0.482664152,-0.792128298,-0.34124629
5.909864503032430,-0.85150824,-0.167014239,0.144355601,-0.475561482,0.144355601,-0.475561482,-0.800512342,-0.334937222
5.909868414274015,-0.858200839,-0.159137717,0.136899061,-0.46838514,0.136899061,-0.46838514,-0.808666639,-0.328530804
5.909872235894250,-0.864650854,-0.151222242,0.129680462,-0.461145715,0.129680462,-0.461145715,-0.816590229,-0.322037606
5.909875969946699,-0.870859966,-0.143278041,0.122699147,-0.453853561,0.122699147,-0.453853561,-0.824282722,-0.315468022
5.909879618437869,-0.876830345,-0.13531503,0.115953935,-0.446518769,0.115953935,-0.446518769,-0.831744275,-0.308832237
5.909883183328296,-0.882564623,-0.127342788,0.109443155,-0.439151139,0.109443155,-0.439151139,-0.838975561,-0.302140191
5.909886666533587,-0.888065854,-0.119370535,0.103164678,-0.43176016,0.103164678,-0.43176016,-0.845977744,-0.295401564
5.909890069925458,-0.893337483,-0.111407122,0.097115948,-0.424354989,0.097115948,-0.424354989,-0.852752444,-0.288625744
5.909893395332738,-0.898383311,-0.10346101,0.091294016,-0.416944431,0.091294016,-0.416944431,-0.859301708,-0.281821812
5.909896644542349,-0.903207462,-0.095540268,0.085695574,-0.409536931,0.085695574,-0.409536931,-0.865627979,-0.274998521
5.909899819300268,-0.907814347,-0.087652556,0.080316983,-0.402140562,0.080316983,-0.402140562,-0.871734066,-0.268164287
5.909902921312463,-0.912208635,-0.07980513,0.075154311,-0.394763011,0.075154311,-0.394763011,-0.877623107,-0.261327174
5.909905952245817,-0.916395217,-0.072004831,0.070203359,-0.387411582,0.070203359,-0.387411582,-0.883298546,-0.254494888
5.909908913729013,-0.920379179,-0.064258093,0.065459698,-0.380093189,0.065459698,-0.380093189,-0.888764097,-0.247674768
5.909911807353418,-0.92416577,-0.056570938,0.060918692,-0.372814353,0.060918692,-0.372814353,-0.894023717,-0.240873783
5.909914634673934,-0.927760374,-0.048948984,0.056575532,-0.365581209,0.056575532,-0.365581209,-0.899081576,-0.234098535
5.909917397209833,-0.931168482,-0.041397453,0.05242526,-0.358399503,0.05242526,-0.358399503,-0.90394203,-0.227355251
5.909920096445578,-0.934395671,-0.033921173,0.0484628,-0.351274601,0.0484628,-0.351274601,-0.908609594,-0.220649794
5.909922733831613,-0.937447574,-0.026524591,0.044682974,-0.344211496,0.044682974,-0.344211496,-0.913088919,-0.213987661
5.909925310785150,-0.940329862,-0.01921178,0.041080535,-0.337214811,0.041080535,-0.337214811,-0.917384763,-0.207373989
5.909927828690926,-0.94304822,-0.011986453,0.037650182,-0.330288814,0.037650182,-0.330288814,-0.921501975,-0.200813565
5.909930288901950,-0.945608331,-4.85E-03,0.034386585,-0.323437422,0.034386585,-0.323437422,-0.925445467,-0.194310831
5.909932692740224,-0.948015857,0.002188628,0.0312844,-0.316664215,0.0312844,-0.316664215,-0.929220199,-0.187869893
5.909935041497465,-0.95027642,0.009132654,0.028338288,-0.309972451,0.028338288,-0.309972451,-0.932831159,-0.181494534
5.909937336435784,-0.952395592,0.015977708,0.025542934,-0.303365068,0.025542934,-0.303365068,-0.936283342,-0.175188218
5.909939578788380,-0.954378878,0.022721694,0.022893056,-0.296844709,0.022893056,-0.296844709,-0.939581743,-0.168954107
5.909941769760189,-0.956231706,0.029362797,0.020383424,-0.290413723,0.020383424,-0.290413723,-0.942731333,-0.16279507
5.909943910528539,-0.957959416,0.03589947,0.018008866,-0.284074187,0.018008866,-0.284074187,-0.945737051,-0.156713696
5.909946002243783,-0.959567251,0.042330419,0.015764284,-0.277827914,0.015764284,-0.277827914,-0.948603792,-0.150712303
5.909948046029911,-0.961060347,0.048654591,0.013644661,-0.27167647,0.013644661,-0.27167647,-0.951336394,-0.144792954
5.909950042985163,-0.962443729,0.054871158,0.011645069,-0.265621182,0.011645069,-0.265621182,-0.95393963,-0.138957466
5.909951994182610,-0.963722303,0.060979503,0.009760679,-0.259663157,0.009760679,-0.259663157,-0.956418199,-0.133207426
5.909953900670737,-0.964900852,0.066979211,0.007986762,-0.253803288,0.007986762,-0.253803288,-0.958776718,-0.1275442
5.909955763474003,-0.965984031,0.07287005,0.006318701,-0.248042274,0.006318701,-0.248042274,-0.961019717,-0.121968944
5.909957583593395,-0.966975052,0.078651854,0.004751975,-0.24237998,0.004751975,-0.24237998,-0.963150364,-0.116482468
5.909959362006962,-0.967878634,0.084324733,0.003282211,-0.23681696,0.003282211,-0.23681696,-0.965173355,-0.111085612
5.909961099670342,-0.968700133,0.089889022,0.001905149,-0.231353925,0.001905149,-0.231353925,-0.967093924,-0.105779105
5.909962797517275,-0.969443675,0.095345114,6.1663770990e-4,-0.225990899,6.1663770990e-4,-0.225990899,-0.968916206,-0.100563385
5.909964456460108,-0.970113248,0.100693527,-5.87E-04,-0.220727766,-5.87E-04,-0.220727766,-0.970644226,-0.095438742
5.909966077390280,-0.970712707,0.105934895,-1.71E-03,-0.21556428,-1.71E-03,-0.21556428,-0.9722819,-0.090405323
5.909967661178806,-0.971245769,0.111069959,-2.76E-03,-0.210500077,-2.76E-03,-0.210500077,-0.973833031,-0.085463143
5.909969208676741,-0.971716017,0.116099554,-3.73E-03,-0.205534683,-3.73E-03,-0.205534683,-0.97530131,-0.080612097
5.909970720715640,-0.972126903,0.121024605,-4.63E-03,-0.200667523,-4.63E-03,-0.200667523,-0.976690315,-0.075851966
5.909972198108004,-0.972481746,0.125846115,-5.47E-03,-0.195897931,-5.47E-03,-0.195897931,-0.978003511,-0.07118243
5.909973641647716,-0.972783739,0.130565155,-6.25E-03,-0.191225158,-6.25E-03,-0.191225158,-0.979244249,-0.066603071
5.909975052110468,-0.973035944,0.135182863,-6.96E-03,-0.18664838,-6.96E-03,-0.18664838,-0.980415771,-0.062113385
5.909976430254179,-0.973241305,0.139700429,-7.62E-03,-0.182166704,-7.62E-03,-0.182166704,-0.981521205,-0.057712789
5.909977776819401,-0.97340264,0.144119094,-8.22E-03,-0.177779177,-8.22E-03,-0.177779177,-0.982563574,-0.053400628
5.909979092529716,-0.973522651,0.14844014,-8.78E-03,-0.173484792,-8.78E-03,-0.173484792,-0.983545789,-0.049176181
5.909980378092127,-0.973603925,0.152664887,-9.28E-03,-0.169282495,-9.28E-03,-0.169282495,-0.984470658,-0.045038669
5.909981634197436,-0.973648938,0.156794684,-9.74E-03,-0.165171187,-9.74E-03,-0.165171187,-0.985340884,-0.040987259
5.909982861520617,-0.973660056,0.160830906,-0.010156514,-0.161149738,-0.010156514,-0.161149738,-0.98615907,-0.037021073
5.909984060721178,-0.97363954,0.164774949,-0.010531821,-0.157216982,-0.010531821,-0.157216982,-0.986927717,-0.033139192
5.909985232443515,-0.973589551,0.168628223,-0.010868647,-0.153371729,-0.010868647,-0.153371729,-0.987649233,-0.02934066
5.909986377317257,-0.973512149,0.172392153,-0.011169187,-0.149612769,-0.011169187,-0.149612769,-0.988325927,-0.025624489
5.909987495957608,-0.973409301,0.176068169,-0.011435546,-0.145938872,-0.011435546,-0.145938872,-0.98896002,-0.021989666
5.909988588965673,-0.973282882,0.179657706,-0.011669736,-0.142348797,-0.011669736,-0.142348797,-0.989553642,-0.018435155
5.909989656928786,-0.973134679,0.1831622,-0.011873681,-0.138841291,-0.011873681,-0.138841291,-0.990108837,-0.014959902
5.909990700420821,-0.972966392,0.186583083,-0.012049222,-0.135415099,-0.012049222,-0.135415099,-0.990627564,-0.011562839
5.909991720002503,-0.972779643,0.189921784,-0.012198117,-0.132068958,-0.012198117,-0.132068958,-0.991111702,-8.24E-03
5.909992716221709,-0.972575975,0.193179721,-0.012322044,-0.12880161,-0.012322044,-0.12880161,-0.991563052,-5.00E-03
5.909993689613763,-0.972356853,0.196358304,-0.012422608,-0.125611798,-0.012422608,-0.125611798,-0.991983338,-1.83E-03
5.909994640701719,-0.972123674,0.199458929,-0.01250134,-0.12249827,-0.01250134,-0.12249827,-0.992374211,0.001265208
5.909995569996649,-0.971877765,0.202482977,-0.012559701,-0.119459782,-0.012559701,-0.119459782,-0.992737252,0.004287626
5.909996477997915,-0.971620386,0.205431812,-0.012599085,-0.116495103,-0.012599085,-0.116495103,-0.993073974,0.007238388
5.909997365193434,-0.971352739,0.208306779,-0.012620821,-0.11360301,-0.012620821,-0.11360301,-0.993385826,0.010118577
5.909998232059945,-0.971075961,0.211109205,-0.01262618,-0.110782298,-0.01262618,-0.110782298,-0.993674192,0.012929269
5.909999079063263,-0.970791135,0.213840392,-0.01261637,-0.108031777,-0.01261637,-0.108031777,-0.993940399,0.015671529
5.909999906658529,-0.970499291,0.216501621,-0.012592546,-0.105350273,-0.012592546,-0.105350273,-0.994185713,0.018346409
5.910000000000000,-0.970465421,0.216801039,-0.012588834,-0.105048471,-0.012588834,-0.105048471,-0.994212296,0.018647569
5.910000715290455,-0.970198853,0.219093571,-0.012555742,-0.102736093,-0.012555742,-0.102736093,-0.994408747,0.020954894
5.910001505393561,-0.969892497,0.221617851,-0.012507055,-0.100188505,-0.012507055,-0.100188505,-0.994612434,0.023498029
5.910002277392414,-0.969581644,0.224075782,-0.0124475,-0.097706517,-0.0124475,-0.097706517,-0.99479843,0.02597683
5.910003031701851,-0.969267118,0.226468536,-0.012378033,-0.095289039,-0.012378033,-0.095289039,-0.994967777,0.028392282
5.910003768727203,-0.968949698,0.228797252,-0.012299567,-0.092935008,-0.012299567,-0.092935008,-0.995121472,0.030745352
5.910004488864516,-0.968630127,0.231063042,-0.012212974,-0.090643386,-0.012212974,-0.090643386,-0.995260465,0.033036983
5.910005192500756,-0.968309105,0.233266987,-0.012119086,-0.088413159,-0.012119086,-0.088413159,-0.995385663,0.035268098
5.910005880014025,-0.9679873,0.235410134,-0.012018701,-0.086243343,-0.012018701,-0.086243343,-0.99549793,0.037439593
5.910006551773763,-0.967665343,0.237493499,-0.011912581,-0.084132982,-0.011912581,-0.084132982,-0.995598091,0.039552341
5.910007208140942,-0.967343835,0.239518064,-0.011801456,-0.082081147,-0.011801456,-0.082081147,-0.995686933,0.041607186
5.910007849468264,-0.967023344,0.241484776,-0.011686028,-0.080086942,-0.011686028,-0.080086942,-0.995765204,0.043604947
5.910008476100350,-0.966704413,0.243394546,-0.011566969,-0.0781495,-0.011566969,-0.0781495,-0.995833621,0.045546412
5.910009088373922,-0.966387556,0.245248252,-0.011444928,-0.076267989,-0.011444928,-0.076267989,-0.995892863,0.04743234
5.910009686617989,-0.966073264,0.247046733,-0.011320527,-0.074441606,-0.011320527,-0.074441606,-0.995943583,0.049263457
5.910010271154020,-0.965762003,0.248790788,-0.011194368,-0.072669587,-0.011194368,-0.072669587,-0.995986397,0.051040457
5.910010842296117,-0.965454219,0.25048118,-0.011067034,-0.0709512,-0.011067034,-0.0709512,-0.996021899,0.052764
5.910011400351187,-0.965150339,0.252118631,-0.010939086,-0.06928575,-0.010939086,-0.06928575,-0.99605065,0.054434712
5.910011945619103,-0.964850771,0.253703821,-0.010811072,-0.067672583,-0.010811072,-0.067672583,-0.996073189,0.056053178
5.910012478392867,-0.964555906,0.255237386,-0.010683522,-0.066111082,-0.010683522,-0.066111082,-0.996090028,0.057619948
5.910012998958766,-0.96426612,0.256719921,-0.010556952,-0.064600672,-0.010556952,-0.064600672,-0.996101656,0.059135528
5.910013507596530,-0.963981779,0.258151969,-0.010431866,-0.063140824,-0.010431866,-0.063140824,-0.996108539,0.060600383
5.910014004579478,-0.963703232,0.259534029,-0.010308752,-0.061731056,-0.010308752,-0.061731056,-0.996111123,0.06201493
5.910014490174665,-0.963430823,0.260866545,-0.010188085,-0.060370934,-0.010188085,-0.060370934,-0.996109834,0.06337954
5.910014964643028,-0.963164886,0.262149909,-0.010070323,-0.05906008,-0.010070323,-0.05906008,-0.996105079,0.064694531
5.910015428239524,-0.962905747,0.263384456,-9.96E-03,-0.057798171,-9.96E-03,-0.057798171,-0.996097246,0.065960166
5.910015881213270,-0.96265373,0.26457046,-9.85E-03,-0.05658495,-9.85E-03,-0.05658495,-0.996086707,0.06717665
5.910016323807672,-0.962409154,0.265708129,-9.74E-03,-0.055420226,-9.74E-03,-0.055420226,-0.996073818,0.068344126
5.910016756260561,-0.962172337,0.266797608,-9.64E-03,-0.054303886,-9.64E-03,-0.054303886,-0.99605892,0.06946267
5.910017178804318,-0.961943597,0.267838967,-9.54E-03,-0.053235897,-9.54E-03,-0.053235897,-0.996042341,0.070532289
5.910017591665997,-0.961723253,0.268832209,-9.45E-03,-0.052216314,-9.45E-03,-0.052216314,-0.996024395,0.071552922
5.910017995067451,-0.961511627,0.269777264,-9.36E-03,-0.051245285,-9.36E-03,-0.051245285,-0.996005382,0.072524437
5.910018389225453,-0.961309038,0.270674005,-9.28E-03,-0.050323051,-9.28E-03,-0.050323051,-0.995985591,0.073446642
5.910018774351801,-0.961115805,0.271522257,-9.20E-03,-0.049449941,-9.20E-03,-0.049449941,-0.995965299,0.074319306
5.910019150653447,-0.960932232,0.272321837,-9.13E-03,-0.048626347,-9.13E-03,-0.048626347,-0.995944768,0.075142184
5.910019518332599,-0.960758604,0.273072601,-9.06E-03,-0.047852688,-9.06E-03,-0.047852688,-0.995924247,0.07591508
5.910019877586828,-0.960595158,0.273774539,-9.00E-03,-0.047129327,-9.00E-03,-0.047129327,-0.995903964,0.076637934
5.910020228609183,-0.960442058,0.27442789,-8.93E-03,-0.046456463,-8.93E-03,-0.046456463,-0.995884127,0.07731095
5.910020571588288,-0.960299352,0.275033309,-8.87E-03,-0.045833946,-8.87E-03,-0.045833946,-0.995864912,0.077934762
5.910020906708442,-0.960166931,0.275592053,-8.81E-03,-0.045261074,-8.81E-03,-0.045261074,-0.995846456,0.078510626
5.910021234149725,-0.960044478,0.27610614,-8.74E-03,-0.044736359,-8.74E-03,-0.044736359,-0.995828851,0.07904059
5.910021554088090,-0.959931458,0.276578427,-8.66E-03,-0.044257368,-8.66E-03,-0.044257368,-0.995812139,0.079527567
5.910021866695454,-0.959827137,0.277012493,-8.58E-03,-0.043820721,-8.58E-03,-0.043820721,-0.995796314,0.079975227
5.910022172139801,-0.959730665,0.277412309,-8.49E-03,-0.043422337,-8.49E-03,-0.043422337,-0.995781334,0.080387639
5.910022470585261,-0.959641206,0.277781692,-8.39E-03,-0.043057933,-8.39E-03,-0.043057933,-0.995767146,0.080768727
5.910022762192206,-0.959558087,0.278123732,-8.29E-03,-0.042723653,-8.29E-03,-0.042723653,-0.99575371,0.081121663
5.910023047117332,-0.959480903,0.278440359,-8.19E-03,-0.04241662,-8.19E-03,-0.04241662,-0.995741021,0.081448426
5.910023325513745,-0.959409555,0.278732205,-8.08E-03,-0.042135235,-8.08E-03,-0.042135235,-0.995729116,0.081749658
5.910023597531041,-0.959344218,0.278998771,-7.99E-03,-0.041879151,-7.99E-03,-0.041879151,-0.995718071,0.082024832
5.910023863315393,-0.959285257,0.279238766,-7.90E-03,-0.041649011,-7.90E-03,-0.041649011,-0.995707993,0.082272607
5.910024123009618,-0.959233135,0.279450495,-7.82E-03,-0.041446085,-7.82E-03,-0.041446085,-0.995698997,0.082491222
5.910024376753266,-0.959188335,0.279632159,-7.75E-03,-0.041271939,-7.75E-03,-0.041271939,-0.995691204,0.082678813
5.910024624682686,-0.959151315,0.279782054,-7.70E-03,-0.041128191,-7.70E-03,-0.041128191,-0.99568472,0.082833612
5.910024866931105,-0.959122481,0.279898663,-7.65E-03,-0.04101637,-7.65E-03,-0.04101637,-0.995679643,0.082954046
5.910025103628695,-0.959102183,0.279980675,-7.62E-03,-0.04093785,-7.62E-03,-0.04093785,-0.995676053,0.083038754
5.910025334902647,-0.959090719,0.28002696,-7.60E-03,-0.040893838,-7.60E-03,-0.040893838,-0.995674016,0.083086567
5.910025560877238,-0.959088343,0.280036534,-7.60E-03,-0.040885391,-7.60E-03,-0.040885391,-0.995673585,0.083096466
5.910025634812036,-0.959089588,0.280031411,-7.60E-03,-0.040890641,-7.60E-03,-0.040890641,-0.995673785,0.083091184
5.910025781673895,-0.959095275,0.28000851,-7.60E-03,-0.040913441,-7.60E-03,-0.040913441,-0.995674799,0.083067536
5.910025997411266,-0.959111715,0.279942058,-7.62E-03,-0.04097883,-7.62E-03,-0.04097883,-0.995677688,0.08299892
5.910026208205275,-0.959137847,0.279836365,-7.65E-03,-0.041082332,-7.65E-03,-0.041082332,-0.995682271,0.082889785
5.910026414169198,-0.959173847,0.279690608,-7.70E-03,-0.041224681,-7.70E-03,-0.041224681,-0.995688557,0.082739284
5.910026615413706,-0.95921989,0.279503922,-7.76E-03,-0.041406591,-7.76E-03,-0.041406591,-0.995696548,0.082546536
5.910026812046941,-0.959276154,0.279275386,-7.83E-03,-0.04162877,-7.83E-03,-0.04162877,-0.995706236,0.082310599
5.910027004174564,-0.959342823,0.279004,-7.92E-03,-0.041891934,-7.92E-03,-0.041891934,-0.995717604,0.082030456
5.910027191899816,-0.95942009,0.278688671,-8.03E-03,-0.042196814,-8.03E-03,-0.042196814,-0.995730629,0.081704993
5.910027375323572,-0.959508159,0.278328198,-8.15E-03,-0.042544165,-8.15E-03,-0.042544165,-0.995745274,0.081332993
5.910027554544395,-0.959607246,0.277921258,-8.30E-03,-0.042934772,-8.30E-03,-0.042934772,-0.995761494,0.080913113
5.910027729658591,-0.959717583,0.277466391,-8.47E-03,-0.043369456,-8.47E-03,-0.043369456,-0.995779233,0.080443875
5.910027900760257,-0.959839417,0.276961987,-8.67E-03,-0.043849076,-8.67E-03,-0.043849076,-0.995798419,0.079923647
5.910028067941337,-0.959973012,0.276406265,-8.90E-03,-0.044374536,-8.90E-03,-0.044374536,-0.995818969,0.079350632
5.910028231291665,-0.96011865,0.275797258,-9.16E-03,-0.044946785,-9.16E-03,-0.044946785,-0.995840778,0.078722841
5.910028390899019,-0.96027663,0.275132794,-9.45E-03,-0.045566824,-9.45E-03,-0.045566824,-0.995863725,0.078038083
5.910028546849164,-0.960447271,0.274410474,-9.79E-03,-0.046235705,-9.79E-03,-0.046235705,-0.995887665,0.077293937
5.910028699225900,-0.960630908,0.273627657,-0.010176463,-0.046954527,-0.010176463,-0.046954527,-0.995912422,0.076487736
5.910028848111109,-0.960827887,0.272781435,-0.010613577,-0.047724433,-0.010613577,-0.047724433,-0.995937791,0.075616542
5.910028993584794,-0.961038565,0.271868623,-0.01110979,-0.048546595,-0.01110979,-0.048546595,-0.995963525,0.074677124
5.910029135725127,-0.961263303,0.270885725,-0.011672512,-0.049422198,-0.011672512,-0.049422198,-0.995989329,0.073665943
5.910029274608486,-0.961502467,0.269828882,-0.012310092,-0.05035243,-0.012310092,-0.05035243,-0.996014849,0.072579131
5.910029410309501,-0.961756406,0.268693888,-0.013031887,-0.051338438,-0.013031887,-0.051338438,-0.996039661,0.071412481
5.910029542901093,-0.962025375,0.267476447,-0.013848185,-0.052381191,-0.013848185,-0.052381191,-0.996063264,0.070161441
5.910029672454509,-0.962309561,0.266171949,-0.014770091,-0.053481606,-0.014770091,-0.053481606,-0.996085052,0.068821121
5.910029799039366,-0.962609326,0.264774403,-0.015810224,-0.054640866,-0.015810224,-0.054640866,-0.996104269,0.067386295
5.910029922723685,-0.96292488,0.263277603,-0.016983351,-0.055859558,-0.016983351,-0.055859558,-0.996120012,0.065851434
5.910030043573927,-0.963256074,0.261675806,-0.018305927,-0.057137383,-0.018305927,-0.057137383,-0.996131221,0.064210738
5.910030161655033,-0.963602528,0.259963031,-0.019796232,-0.058473396,-0.019796232,-0.058473396,-0.996136619,0.062458172
5.910030277030461,-0.963963613,0.258132901,-0.02147482,-0.059865863,-0.02147482,-0.059865863,-0.99613467,0.060587497
5.910030964421908,-0.966558507,0.242800241,-0.038910774,-0.070031297,-0.038910774,-0.070031297,-0.995769216,0.045005036
5.910031667933470,-0.960349909,0.260784892,-0.082001029,-0.037796344,-0.082001029,-0.037796344,-0.993858083,0.063981196
5.910032387943179,-0.934112805,0.340179568,-0.08687743,0.041373952,-0.08687743,0.041373952,-0.984385257,0.147398744
5.910033124837937,-0.914422842,0.394398555,-0.020654502,0.084127399,-0.020654502,0.084127399,-0.975018415,0.204536737
5.910033879013717,-0.920588634,0.384002548,5.5782463984e-4,0.069685283,5.5782463984e-4,0.069685283,-0.978715237,0.1930294
5.910034650875779,-0.924637215,0.375969026,0.008158113,0.059666804,0.008158113,0.059666804,-0.981021556,0.18431017
5.910035440838886,-0.926869369,0.371277966,0.011355469,0.053965972,0.011355469,0.053965972,-0.982257491,0.179246097
5.910036249327528,-0.928037786,0.368752185,0.012909569,0.050917953,0.012909569,0.050917953,-0.982891263,0.176538055
5.910037076776151,-0.928557774,0.367611802,0.013804155,0.049501492,0.013804155,0.049501492,-0.983171272,0.175309763
5.910037923629387,-0.928219637,0.36722919,0.014421008,0.049111157,0.014421008,0.049111157,-0.982761055,0.175000243
5.910038790342297,-0.927657124,0.367532074,0.014951122,0.049469253,0.014951122,0.049469253,-0.982268741,0.17541017
5.910039677380612,-0.927039664,0.36838723,0.01548061,0.050383343,0.01548061,0.050383343,-0.981832819,0.176374226
5.910040585220989,-0.926343049,0.36965572,0.01604753,0.051717349,0.01604753,0.051717349,-0.981401712,0.177760577
5.910041514351255,-0.925557956,0.37124683,0.016670268,0.053381785,0.016670268,0.053381785,-0.98094812,0.179481866
5.910042465270688,-0.924681827,0.373098965,0.017357553,0.055315512,0.017357553,0.055315512,-0.980457213,0.18147803
5.910043438490264,-0.923715053,0.375168896,0.018113331,0.057475403,0.018113331,0.057475403,-0.97992073,0.183706476
5.910044434532947,-0.922659146,0.377425421,0.018939224,0.059830207,0.018939224,0.059830207,-0.979333922,0.186136222
5.910045453933969,-0.921515855,0.379845478,0.019835802,0.062356764,0.019835802,0.062356764,-0.978693896,0.188744239
5.910046497241106,-0.920286752,0.382411668,0.020803243,0.065037574,0.020803243,0.065037574,-0.97799872,0.191513104
5.910047565014986,-0.918973048,0.385110632,0.021841679,0.0678592,0.021841679,0.0678592,-0.977246915,0.194429437
5.910048657829379,-0.917575529,0.387931945,0.022951375,0.070811174,0.022951375,0.070811174,-0.976437167,0.197482832
5.910049776271516,-0.916094546,0.390867362,0.024132805,0.073885243,0.024132805,0.073885243,-0.975568176,0.200665111
5.910050920942396,-0.914530036,0.393910273,0.025386696,0.077074824,0.025386696,0.077074824,-0.974638556,0.203969786
5.910052092457113,-0.912881552,0.397055311,0.026714033,0.080374614,0.026714033,0.080374614,-0.973646795,0.207391669
5.910053291445187,-0.911148294,0.400298067,0.028116053,0.083780298,0.028116053,0.083780298,-0.972591227,0.210926586
5.910054518550897,-0.909329145,0.403634867,0.029594241,0.087288327,0.029594241,0.087288327,-0.971470016,0.214571147
5.910055774433635,-0.907422696,0.407062613,0.031150308,0.090895755,0.031150308,0.090895755,-0.970281161,0.218322588
5.910057059768254,-0.905427278,0.410578648,0.032786186,0.094600101,0.032786186,0.094600101,-0.969022487,0.22217863
5.910058375245437,-0.903340981,0.41418066,0.034504011,0.098399251,0.034504011,0.098399251,-0.967691655,0.226137381
5.910059721572058,-0.901161674,0.417866595,0.036306112,0.102291374,0.036306112,0.102291374,-0.966286159,0.230197248
5.910061099471573,-0.898887024,0.421634596,0.038195,0.106274852,0.038195,0.106274852,-0.964803335,0.234356873
5.910062509684404,-0.896514511,0.425482947,0.040173358,0.110348228,0.040173358,0.110348228,-0.963240362,0.238615072
5.910063952968333,-0.894041442,0.429410026,0.042244035,0.114510155,0.042244035,0.114510155,-0.961594265,0.242970788
5.910065430098914,-0.891464956,0.433414268,0.044410037,0.11875936,0.044410037,0.11875936,-0.959861922,0.247423055
5.910066941869893,-0.888782045,0.43749413,0.046674518,0.123094609,0.046674518,0.123094609,-0.958040065,0.251970957
5.910068489093623,-0.885989553,0.441648064,0.049040778,0.127514674,0.049040778,0.127514674,-0.956125283,0.256613604
5.910070072601515,-0.883084191,0.445874489,0.051512254,0.132018309,0.051512254,0.132018309,-0.954114024,0.261350098
5.910071693244472,-0.880062543,0.450171766,0.054092515,0.136604225,0.054092515,0.136604225,-0.952002602,0.266179513
5.910073351893354,-0.876921072,0.454538181,0.056785257,0.141271067,0.056785257,0.141271067,-0.949787198,0.27110087
5.910075049439443,-0.87365613,0.458971922,0.059594298,0.146017396,0.059594298,0.146017396,-0.947463863,0.276113115
5.910076786794924,-0.870263967,0.46347106,0.062523569,0.150841665,0.062523569,0.150841665,-0.945028523,0.281215105
5.910078564893370,-0.866740733,0.468033532,0.065577114,0.155742206,0.065577114,0.155742206,-0.94247698,0.286405579
5.910080384690252,-0.863082493,0.472657126,0.068759078,0.160717207,0.068759078,0.160717207,-0.939804924,0.29168315
5.910082247163445,-0.85928523,0.477339462,0.072073701,0.1657647,0.072073701,0.1657647,-0.937007928,0.297046282
5.910084153313758,-0.855344857,0.482077979,0.075525313,0.170882542,0.075525313,0.170882542,-0.934081464,0.302493272
5.910086104165470,-0.851257228,0.486869917,0.079118326,0.1760684,0.079118326,0.1760684,-0.9310209,0.308022239
5.910088100766878,-0.847018143,0.491712305,0.08285722,0.181319733,0.08285722,0.181319733,-0.927821516,0.313631101
5.910090144190864,-0.842623367,0.496601948,0.08674654,0.186633782,0.08674654,0.186633782,-0.924478505,0.319317561
5.910092235535473,-0.838068633,0.501535408,0.090790881,0.192007549,0.090790881,0.192007549,-0.920986989,0.325079095
5.910094375924497,-0.833349664,0.506508997,0.094994877,0.197437786,0.094994877,0.197437786,-0.917342021,0.330912931
5.910096566508083,-0.828462182,0.511518759,0.099363187,0.202920982,0.099363187,0.202920982,-0.913538606,0.336816036
5.910098808463353,-0.823401924,0.516560462,0.103900486,0.208453346,0.103900486,0.208453346,-0.909571706,0.342785101
5.910101102995029,-0.818164659,0.521629583,0.108611444,0.214030794,0.108611444,0.214030794,-0.905436256,0.348816527
5.910103451336089,-0.812746207,0.526721301,0.11350071,0.219648941,0.11350071,0.219648941,-0.901127182,0.354906406
5.910105854748423,-0.807142455,0.531830481,0.118572899,0.225303082,0.118572899,0.225303082,-0.896639413,0.361050516
5.910108314523517,-0.80134938,0.536951672,0.123832567,0.230988188,0.123832567,0.230988188,-0.891967904,0.367244299
5.910110831983141,-0.79536307,0.542079092,0.129284193,0.236698889,0.129284193,0.236698889,-0.887107652,0.373482854
5.910113408480064,-0.789179746,0.547206626,0.134932157,0.24242947,0.134932157,0.24242947,-0.882053718,0.379760925
5.910116045398777,-0.782795788,0.552327817,0.140780715,0.248173859,0.140780715,0.248173859,-0.876801251,0.386072888
5.910118744156239,-0.776207758,0.557435866,0.146833974,0.253925623,0.146833974,0.253925623,-0.871345513,0.392412743
5.910121506202640,-0.769412431,0.562523623,0.153095868,0.259677963,0.153095868,0.259677963,-0.865681901,0.398774108
5.910124333022178,-0.762406818,0.567583594,0.159570126,0.265423707,0.159570126,0.265423707,-0.859805979,0.40515021
5.910127226133858,-0.755188202,0.572607935,0.166260244,0.271155312,0.166260244,0.271155312,-0.853713506,0.411533883
5.910130187092304,-0.747754162,0.577588462,0.173169455,0.276864863,0.173169455,0.276864863,-0.847400464,0.417917563
5.910133217488601,-0.740102606,0.582516652,0.1803007,0.282544077,0.1803007,0.282544077,-0.840863093,0.42429329
5.910136318951147,-0.732231806,0.587383655,0.187656588,0.288184307,0.187656588,0.288184307,-0.834097924,0.430652707
5.910139493146524,-0.724140429,0.592180304,0.195239369,0.293776549,0.195239369,0.293776549,-0.827101812,0.436987068
5.910142741780402,-0.715827566,0.59689713,0.203050897,0.299311459,0.203050897,0.299311459,-0.81987197,0.443287244
5.910146066598447,-0.707292773,0.601524379,0.211092596,0.304779358,0.211092596,0.304779358,-0.81240601,0.449543733
5.910149469387266,-0.698536097,0.606052031,0.219365422,0.310170258,0.219365422,0.310170258,-0.804701975,0.455746678
5.910152951975364,-0.689558109,0.61046983,0.227869836,0.315473878,0.227869836,0.315473878,-0.796758375,0.461885877
5.910156516234121,-0.680359941,0.614767305,0.23660576,0.32067967,0.23660576,0.32067967,-0.788574229,0.46795081
5.910160164078810,-0.67094331,0.618933807,0.245572552,0.325776847,0.245572552,0.325776847,-0.780149094,0.473930664
5.910163897469614,-0.661310548,0.622958539,0.254768971,0.330754416,0.254768971,0.330754416,-0.771483105,0.479814355
5.910167718412690,-0.651464632,0.626830598,0.264193143,0.335601211,0.264193143,0.335601211,-0.762577008,0.48559057
5.910171628961236,-0.641409203,0.630539015,0.273842541,0.340305935,0.273842541,0.340305935,-0.753432188,0.491247796
5.910175631216605,-0.631148591,0.634072803,0.283713952,0.344857202,0.283713952,0.344857202,-0.744050707,0.496774362
5.910179727329424,-0.620687832,0.637421001,0.293803456,0.349243585,0.293803456,0.349243585,-0.734435322,0.502158486
5.910183919500757,-0.61003268,0.640572727,0.304106411,0.35345366,0.304106411,0.35345366,-0.724589514,0.507388319
5.910188209983289,-0.599189619,0.643517236,0.314617433,0.357476067,0.314617433,0.357476067,-0.71451751,0.512451997
5.910192601082526,-0.588165867,0.646243968,0.325330388,0.361299558,0.325330388,0.361299558,-0.704224295,0.517337696
5.910197095158047,-0.576969377,0.648742614,0.336238383,0.364913061,0.336238383,0.364913061,-0.693715625,0.522033687
5.910201694624762,-0.565606536,0.651000525,0.347331312,0.368303124,0.347331312,0.368303124,-0.682995976,0.526526809
5.910206401954215,-0.55408339,0.65300392,0.358596636,0.371455099,0.358596636,0.371455099,-0.672069704,0.53080325
5.910211219675911,-0.542416345,0.654750696,0.370031703,0.374365836,0.370031703,0.374365836,-0.660950635,0.534856273
5.910216150378672,-0.530616193,0.656232168,0.381626695,0.377025607,0.381626695,0.377025607,-0.649647624,0.538675168
5.910221196712033,-0.51869438,0.657440192,0.393371088,0.379425158,0.393371088,0.379425158,-0.638170273,0.542249624
5.910226361387666,-0.506662963,0.658367219,0.405253678,0.381555763,0.405253678,0.381555763,-0.626528907,0.545569794
5.910231647180829,-0.494534578,0.659006354,0.417262615,0.383409289,0.417262615,0.383409289,-0.61473455,0.548626353
5.910237056931869,-0.48232239,0.659351402,0.429385444,0.384978245,0.429385444,0.384978245,-0.602798889,0.551410561
5.910242593547737,-0.470040047,0.659396919,0.441609145,0.386255836,0.441609145,0.386255836,-0.590734235,0.553914317
5.910248260003559,-0.457701626,0.659138255,0.453920183,0.387236017,0.453920183,0.387236017,-0.578553483,0.556130216
5.910254059344231,-0.445321571,0.658571592,0.466304568,0.387913528,0.466304568,0.387913528,-0.566270055,0.558051596
5.910259994686053,-0.432914633,0.657693976,0.478747907,0.388283944,0.478747907,0.388283944,-0.553897852,0.559672587
5.910266069218406,-0.420495801,0.656503352,0.491235473,0.388343703,0.491235473,0.388343703,-0.541451189,0.560988149
5.910272286205468,-0.408080238,0.654998575,0.503752268,0.388090137,0.503752268,0.388090137,-0.528944736,0.56199411
5.910278648987965,-0.395683203,0.653179435,0.516283095,0.387521495,0.516283095,0.387521495,-0.516393449,0.562687193
5.910285160984965,-0.383319984,0.651046662,0.52881263,0.38663696,0.52881263,0.38663696,-0.503812501,0.563065043
5.910291825695717,-0.371005823,0.648601926,0.541325494,0.385436656,0.541325494,0.385436656,-0.491217207,0.563126241
5.910298646701535,-0.358755839,0.645847836,0.55380633,0.383921655,0.55380633,0.383921655,-0.478622958,0.562870315
5.910305627667714,-0.346584962,0.642787927,0.566239872,0.382093968,0.566239872,0.382093968,-0.466045139,0.562297742
5.910312772345510,-0.334507855,0.639426638,0.578611024,0.379956538,0.578611024,0.379956538,-0.453499059,0.561409948
5.910320084574145,-0.322538849,0.635769293,0.590904931,0.377513219,0.590904931,0.377513219,-0.440999881,0.560209293
5.910327568282877,-0.310691878,0.631822067,0.603107046,0.374768756,0.603107046,0.374768756,-0.428562543,0.558699054
5.910335227493111,-0.298980409,0.627591948,0.615203198,0.371728749,0.615203198,0.371728749,-0.416201695,0.556883404
5.910343066320556,-0.287417393,0.623086696,0.627179658,0.368399623,0.627179658,0.368399623,-0.40393163,0.554767381
5.910351088977441,-0.276015202,0.618314793,0.639023196,0.36478858,0.639023196,0.36478858,-0.39176622,0.552356851
5.910359299774777,-0.264785587,0.613285397,0.650721134,0.360903558,0.650721134,0.360903558,-0.379718859,0.549658467
5.910367703124670,-0.253739629,0.608008281,0.6622614,0.356753177,0.6622614,0.356753177,-0.367802411,0.546679623
5.910376303542698,-0.242887705,0.602493776,0.673632568,0.352346684,0.673632568,0.352346684,-0.356029154,0.543428407
5.910385105650334,-0.232239452,0.59675271,0.684823901,0.3476939,0.684823901,0.3476939,-0.344410741,0.539913542
5.910394114177428,-0.221803744,0.590796348,0.695825377,0.342805153,0.695825377,0.342805153,-0.332958164,0.536144335
5.910403333964752,-0.211588671,0.584636324,0.706627723,0.337691222,0.706627723,0.337691222,-0.321681713,0.532130613
5.910412769966601,-0.201601525,0.578284578,0.717222432,0.332363274,0.717222432,0.332363274,-0.310590958,0.527882666
5.910422427253449,-0.191848792,0.571753293,0.727601775,0.326832797,0.727601775,0.326832797,-0.299694724,0.523411183
5.910432311014683,-0.18233615,0.565054832,0.737758816,0.32111154,0.737758816,0.32111154,-0.289001075,0.518727193
5.910442426561387,-0.173068471,0.558201673,0.74768741,0.315211451,0.74768741,0.315211451,-0.278517309,0.513842
5.910452779329192,-0.164049831,0.551206353,0.757382203,0.309144615,0.757382203,0.309144615,-0.268249949,0.508767124
5.910463374881204,-0.155283525,0.544081406,0.766838621,0.302923194,0.766838621,0.302923194,-0.258204749,0.50351424
5.910474218910990,-0.14677208,0.536839312,0.776052866,0.296559373,0.776052866,0.296559373,-0.248386699,0.498095122
5.910485317245637,-0.138517282,0.529492441,0.785021888,0.290065304,0.785021888,0.290065304,-0.238800035,0.492521587
5.910496675848884,-0.130520198,0.522053008,0.793743374,0.283453056,0.793743374,0.283453056,-0.229448256,0.486805438
5.910508300824326,-0.122781207,0.514533025,0.802215718,0.276734565,0.802215718,0.276734565,-0.220334143,0.480958421
5.910520198418695,-0.115300032,0.506944262,0.810437997,0.269921592,0.810437997,0.269921592,-0.211459781,0.474992172
5.910532375025215,-0.108075771,0.499298207,0.818409937,0.263025682,0.818409937,0.263025682,-0.202826586,0.468918177
5.910544837187040,-0.101106934,0.491606037,0.826131887,0.256058123,0.826131887,0.256058123,-0.194435332,0.462747728
5.910557591600767,-0.094391482,0.483878584,0.833604777,0.249029921,0.833604777,0.249029921,-0.186286183,0.456491892
5.910570645120036,-0.087926863,0.476126309,0.840830089,0.241951761,0.840830089,0.241951761,-0.178378725,0.450161473
5.910584004759214,-0.081710052,0.468359285,0.847809818,0.23483399,0.847809818,0.23483399,-0.170712,0.443766985
5.910597677697159,-0.075737586,0.460587176,0.854546434,0.227686589,0.854546434,0.227686589,-0.163284538,0.43731863
5.910611671281087,-0.07000561,0.452819222,0.861042846,0.220519156,0.861042846,0.220519156,-0.156094396,0.430826268
5.910625993030512,-0.064509908,0.445064229,0.867302366,0.213340896,0.867302366,0.213340896,-0.149139191,0.424299405
5.910640650641287,-0.059245946,0.43733056,0.873328668,0.2061606,0.873328668,0.2061606,-0.142416139,0.417747176
5.910655651989743,-0.054208906,0.429626133,0.879125755,0.198986647,0.879125755,0.198986647,-0.135922086,0.411178334
5.910671005136924,-0.049393722,0.421958416,0.884697925,0.19182699,0.884697925,0.19182699,-0.129653543,0.404601238
5.910686718332909,-0.044795116,0.41433443,0.890049731,0.184689159,0.890049731,0.184689159,-0.123606725,0.398023848
5.910702800021253,-0.040407629,0.406760751,0.895185952,0.177580257,0.895185952,0.177580257,-0.117777579,0.391453726
5.910719258843522,-0.036225653,0.399243513,0.900111563,0.170506964,0.900111563,0.170506964,-0.112161817,0.384898027
5.910736103643938,-0.032243461,0.391788421,0.904831698,0.16347554,0.904831698,0.16347554,-0.106754947,0.378363505
5.910753343474125,-0.028455235,0.384400753,0.909351628,0.156491832,0.909351628,0.156491832,-0.101552304,0.371856516
5.910770987597985,-0.024855091,0.377085373,0.913676728,0.14956128,0.913676728,0.14956128,-0.096549075,0.36538302
5.910789045496664,-0.021437105,0.369846745,0.917812457,0.142688927,0.917812457,0.142688927,-0.091740325,0.358948592
5.910807526873652,-0.018195336,0.362688941,0.92176433,0.13587943,0.92176433,0.13587943,-0.087121027,0.352558423
5.910826441660000,-0.015123844,0.355615656,0.925537898,0.12913707,0.925537898,0.12913707,-0.082686078,0.346217336
5.910845800019652,-0.012216712,0.348630226,0.929138726,0.122465763,0.929138726,0.122465763,-0.078430326,0.339929793
5.910865612354906,-9.47E-03,0.341735636,0.932572375,0.115869077,0.932572375,0.115869077,-0.074348587,0.333699903
5.910885889312008,-6.87E-03,0.334934538,0.935844384,0.109350239,0.935844384,0.109350239,-0.070435666,0.327531442
5.910906641786870,-4.42E-03,0.328229269,0.938960258,0.102912156,0.938960258,0.102912156,-0.066686371,0.321427854
5.910927880930925,-2.12E-03,0.321621863,0.941925446,0.096557424,0.941925446,0.096557424,-0.063095532,0.315392273
5.910949618157122,5.7054790807e-5,0.315114067,0.944745338,0.090288344,0.944745338,0.090288344,-0.059658011,0.309427533
5.910971865146053,0.002099069,0.308707356,0.947425245,0.084106936,0.947425245,0.084106936,-0.05636872,0.303536178
5.910994633852238,0.004016267,0.302402952,0.949970394,0.078014956,0.949970394,0.078014956,-0.053222625,0.297720481
5.911017936510540,0.005813896,0.296201832,0.952385919,0.072013904,0.952385919,0.072013904,-0.050214764,0.291982451
5.911041785642744,0.007497077,0.29010475,0.954676851,0.066105045,0.954676851,0.066105045,-0.047340252,0.286323853
5.911066194064285,0.0090708,0.284112247,0.956848114,0.060289418,0.956848114,0.060289418,-0.044594287,0.280746215
5.911091174891140,0.010539924,0.278224666,0.958904518,0.054567853,0.958904518,0.054567853,-0.041972161,0.275250846
5.911116741546861,0.01190917,0.272442165,0.960850754,0.048940981,0.960850754,0.048940981,-0.039469265,0.269838843
5.911142907769805,0.013183118,0.266764731,0.962691393,0.043409247,0.962691393,0.043409247,-0.037081089,0.264511111
5.911169687620507,0.014366209,0.261192194,0.964430879,0.037972926,0.964430879,0.037972926,-0.034803233,0.259268366
5.911197095489239,0.015462741,0.255724234,0.966073533,0.032632132,0.966073533,0.032632132,-0.032631406,0.254111154
5.911225146103737,0.016476872,0.250360398,0.967623544,0.027386828,0.967623544,0.027386828,-0.03056143,0.24903986
5.911253854537124,0.017412614,0.245100109,0.969084974,0.022236841,0.969084974,0.022236841,-0.028589243,0.244054718
5.911283236216001,0.018273842,0.239942674,0.970461756,0.01718187,0.970461756,0.01718187,-0.026710895,0.239155821
5.911313306928744,0.01906429,0.234887299,0.971757692,0.012221496,0.971757692,0.012221496,-0.024922558,0.234343132
5.911344082833982,0.019787552,0.229933094,0.972976458,0.007355193,0.972976458,0.007355193,-0.023220517,0.229616497
5.911375580469283,0.020447088,0.225079085,0.974121601,0.002582335,0.974121601,0.002582335,-0.021601177,0.224975646
5.911407816760039,0.021046224,0.220324219,0.975196544,-2.10E-03,0.975196544,-2.10E-03,-0.020061055,0.220420211
5.911440809028563,0.021588153,0.215667377,0.976204583,-6.69E-03,0.976204583,-6.69E-03,-0.018596789,0.215949727
5.911474575003395,0.02207594,0.211107376,0.977148894,-0.011183122,0.977148894,-0.011183122,-0.017205127,0.211563645
5.911509132828832,0.022512525,0.20664298,0.978032532,-0.015590132,0.978032532,-0.015590132,-0.015882931,0.207261335
5.911544501074671,0.022900725,0.202272904,0.978858436,-0.019908018,0.978858436,-0.019908018,-0.014627176,0.203042098
5.911580698746196,0.023243235,0.197995822,0.979629428,-0.024137831,0.979629428,-0.024137831,-0.013434944,0.198905167
5.911617745294384,0.023542638,0.193810373,0.980348219,-0.028280671,0.980348219,-0.028280671,-0.012303424,0.19484972
5.911655660626361,0.023801401,0.189715162,0.98101741,-0.032337679,0.98101741,-0.032337679,-0.011229911,0.190874879
5.911694465116097,0.024021884,0.185708772,0.981639496,-0.036310034,0.981639496,-0.036310034,-0.010211802,0.186979721
5.911734179615355,0.024206338,0.181789762,0.982216866,-0.040198946,0.982216866,-0.040198946,-9.25E-03,0.183163281
5.911774825464896,0.024356915,0.177956676,0.982751813,-0.044005651,0.982751813,-0.044005651,-8.33E-03,0.179424554
5.911816424505945,0.024475664,0.174208044,0.983246529,-0.04773141,0.983246529,-0.04773141,-7.47E-03,0.175762507
5.911858999091930,0.024564543,0.170542388,0.983703112,-0.051377502,0.983703112,-0.051377502,-6.64E-03,0.172176075
5.911902572100492,0.024625413,0.166958222,0.98412357,-0.05494522,0.98412357,-0.05494522,-5.87E-03,0.16866417
5.911947166945779,0.024660049,0.163454059,0.984509821,-0.05843587,0.984509821,-0.05843587,-5.13E-03,0.165225685
5.911992807591027,0.02467014,0.16002841,0.984863699,-0.061850768,0.984863699,-0.061850768,-4.44E-03,0.161859493
5.912039518561437,0.024657294,0.15667979,0.985186955,-0.065191233,0.985186955,-0.065191233,-3.78E-03,0.158564454
5.912087324957354,0.024623036,0.153406718,0.985481261,-0.068458589,0.985481261,-0.068458589,-3.16E-03,0.155339419
5.912136252467755,0.02456882,0.150207721,0.985748213,-0.071654161,0.985748213,-0.071654161,-2.57E-03,0.152183227
5.912186327384054,0.024496024,0.147081333,0.985989332,-0.074779271,0.985989332,-0.074779271,-2.02E-03,0.149094714
5.912237576614227,0.024405956,0.1440261,0.98620607,-0.077835239,0.98620607,-0.077835239,-1.50E-03,0.146072712
5.912290027697272,0.02429986,0.14104058,0.98639981,-0.080823378,0.98639981,-0.080823378,-1.00E-03,0.14311605
5.912343708818009,0.024178912,0.138123344,0.986571869,-0.083744995,0.986571869,-0.083744995,-5.40E-04,0.140223559
5.912398648822225,0.02404423,0.135272979,0.986723504,-0.086601389,0.986723504,-0.086601389,-1.02E-04,0.137394072
5.912454877232173,0.02389687,0.132488087,0.986855908,-0.089393848,0.986855908,-0.089393848,3.1012710002e-4,0.134626427
5.912512424262435,0.023737836,0.129767287,0.98697022,-0.092123648,0.98697022,-0.092123648,6.9796633805e-4,0.131919465
5.912571320836160,0.023568074,0.127109216,0.987067522,-0.094792055,0.987067522,-0.094792055,0.001062713,0.129272036
5.912631598601683,0.023388481,0.12451253,0.987148842,-0.097400318,0.987148842,-0.097400318,0.001405518,0.126682998
5.912693289949525,0.023199906,0.121975903,0.987215158,-0.099949676,0.987215158,-0.099949676,0.001727479,0.124151216
5.912756428029804,0.023003149,0.11949803,0.987267401,-0.10244135,0.987267401,-0.10244135,0.002029646,0.121675568
5.912821046770043,0.022798968,0.117077627,0.987306454,-0.104876546,0.987306454,-0.104876546,0.002313019,0.119254941
5.912887180893406,0.022588075,0.114713429,0.987333155,-0.107256455,0.987333155,-0.107256455,0.002578553,0.116888235
5.912954865937357,0.022371145,0.112404193,0.987348302,-0.109582248,0.987348302,-0.109582248,0.00282716,0.114574361
5.913024138272752,0.022148813,0.110148695,0.987352649,-0.111855082,0.987352649,-0.111855082,0.003059709,0.112312245
5.913095035123381,0.021921677,0.107945737,0.987346914,-0.114076096,0.987346914,-0.114076096,0.003277027,0.110100827
5.913167594585982,0.021690301,0.105794138,0.987331777,-0.116246408,0.987331777,-0.116246408,0.003479905,0.107939059
5.913241855650700,0.021455215,0.103692741,0.987307882,-0.118367122,0.987307882,-0.118367122,0.003669096,0.105825909
5.913317858222045,0.021216917,0.101640411,0.987275841,-0.12043932,0.987275841,-0.12043932,0.003845317,0.10376036
5.913395643140331,0.020975877,0.099636033,0.987236232,-0.122464068,0.987236232,-0.122464068,0.004009251,0.10174141
5.913475252203627,0.020732533,0.097678515,0.987189604,-0.124442412,0.987189604,-0.124442412,0.00416155,0.099768073
5.913556728190214,0.020487299,0.095766785,0.987136475,-0.126375379,0.987136475,-0.126375379,0.004302833,0.097839379
5.913640114881569,0.020240563,0.093899795,0.987077336,-0.128263978,0.987077336,-0.128263978,0.004433692,0.095954372
5.913725457085900,0.019992685,0.092076515,0.987012652,-0.1301092,0.987012652,-0.1301092,0.004554688,0.094112114
5.913812800662213,0.019744006,0.090295939,0.986942862,-0.131912017,0.986942862,-0.131912017,0.004666357,0.092311684
5.913902192544963,0.019494843,0.08855708,0.986868381,-0.13367338,0.986868381,-0.13367338,0.004769207,0.090552173
5.913993680769273,0.019245492,0.086858974,0.9867896,-0.135394225,0.9867896,-0.135394225,0.004863723,0.088832693
5.914087314496741,0.01899623,0.085200673,0.986706891,-0.137075468,0.986706891,-0.137075468,0.004950366,0.087152368
5.914183144041862,0.018747314,0.083581255,0.986620603,-0.138718007,0.986620603,-0.138718007,0.005029575,0.085510342
5.914281220899063,0.018498984,0.081999813,0.986531065,-0.140322721,0.986531065,-0.140322721,0.005101766,0.083905772
5.914381597770376,0.018251463,0.080455462,0.986438588,-0.141890472,0.986438588,-0.141890472,0.005167335,0.082337832
5.914484328593751,0.018004959,0.078947337,0.986343466,-0.143422106,0.986343466,-0.143422106,0.00522666,0.080805712
5.914589468572050,0.017759663,0.07747459,0.986245974,-0.144918448,0.986245974,-0.144918448,0.005280098,0.079308619
5.914697074202700,0.017515753,0.076036394,0.986146373,-0.146380308,0.986146373,-0.146380308,0.005327991,0.077845772
5.914807203308062,0.017273393,0.074631938,0.986044906,-0.147808479,0.986044906,-0.147808479,0.00537066,0.07641641
5.914919915066493,0.017032735,0.073260432,0.985941804,-0.149203737,0.985941804,-0.149203737,0.005408414,0.075019784
5.915000000000000,0.016866148,0.072323966,0.985869122,-0.150156764,0.985869122,-0.150156764,0.005431968,0.074065713
5.915035270044154,0.016793917,0.071921102,0.985837283,-0.15056684,0.985837283,-0.15056684,0.005441544,0.073655162
5.915153330227546,0.016557068,0.070613192,0.985731545,-0.151898533,0.985731545,-0.151898533,0.005470327,0.072321825
5.915274159056830,0.016322305,0.069335963,0.985624782,-0.153199541,0.985624782,-0.153199541,0.005495026,0.071019071
5.915397821459907,0.016089734,0.068088693,0.985517172,-0.154470577,0.985517172,-0.154470577,0.005515891,0.069746211
5.915524383887313,0.015859453,0.066870677,0.985408882,-0.155712335,0.985408882,-0.155712335,0.005533158,0.068502572
5.915653914347925,0.015631551,0.065681226,0.985300069,-0.156925497,0.985300069,-0.156925497,0.005547052,0.067287492
5.915786482445506,0.015406107,0.064519666,0.98519088,-0.158110727,0.98519088,-0.158110727,0.005557787,0.066100328
5.915922159416104,0.015183192,0.063385341,0.985081452,-0.159268677,0.985081452,-0.159268677,0.005565563,0.064940445
5.916061018166336,0.014962872,0.062277607,0.984971912,-0.160399983,0.984971912,-0.160399983,0.005570574,0.063807226
5.916203133312563,0.014745203,0.061195838,0.98486238,-0.161505267,0.98486238,-0.161505267,0.005573,0.062700065
5.916348581220983,0.014530235,0.06013942,0.984752967,-0.162585138,0.984752967,-0.162585138,0.005573014,0.06161837
5.916497440048668,0.014318013,0.059107757,0.984643777,-0.16364019,0.984643777,-0.16364019,0.005570778,0.060561561
5.916649789785564,0.014108575,0.058100262,0.984534905,-0.164671005,0.984534905,-0.164671005,0.005566448,0.059529072
5.916805712297472,0.013901954,0.057116367,0.984426441,-0.165678152,0.984426441,-0.165678152,0.005560169,0.058520348
5.916965291370038,0.013698176,0.056155513,0.984318468,-0.166662185,0.984318468,-0.166662185,0.005552081,0.057534847
5.917128612753777,0.013497265,0.055217157,0.984211062,-0.167623648,0.984211062,-0.167623648,0.005542313,0.056572039
5.917295764210156,0.013299239,0.054300768,0.984104293,-0.168563072,0.984104293,-0.168563072,0.00553099,0.055631405
5.917466835558741,0.013104111,0.053405827,0.983998228,-0.169480976,0.983998228,-0.169480976,0.00551823,0.054712438
5.917641918725475,0.012911891,0.052531828,0.983892924,-0.170377865,0.983892924,-0.170377865,0.005504142,0.053814642
5.917821107792066,0.012722586,0.051678278,0.983788438,-0.171254237,0.983788438,-0.171254237,0.005488833,0.052937533
5.918004499046547,0.012536197,0.050844692,0.98368482,-0.172110575,0.98368482,-0.172110575,0.005472401,0.052080636
5.918192191035016,0.012352724,0.050030601,0.983582115,-0.172947351,0.983582115,-0.172947351,0.005454939,0.051243489
5.918384284614585,0.012172163,0.049235544,0.983480349,-0.173765027,0.983480349,-0.173765027,0.005436536,0.050425638
5.918580883007586,0.011994508,0.048459072,0.983379577,-0.174564057,0.983379577,-0.174564057,0.005417275,0.049626641
5.918782091857027,0.011819749,0.047700748,0.983279833,-0.175344882,0.983279833,-0.175344882,0.005397236,0.048846065
5.918988019283369,0.011647875,0.046960144,0.983181146,-0.176107933,0.983181146,-0.176107933,0.005376491,0.048083488
5.919198775942620,0.011478873,0.046236843,0.983083545,-0.176853633,0.983083545,-0.176853633,0.005355112,0.047338495
5.919414475085796,0.011312725,0.045530436,0.982987053,-0.177582394,0.982987053,-0.177582394,0.005333163,0.046610684
5.919635232619780,0.011149414,0.044840526,0.982891692,-0.178294618,0.982891692,-0.178294618,0.005310708,0.045899659
5.919861167169603,0.010988921,0.044166724,0.982797479,-0.178990698,0.982797479,-0.178990698,0.005287804,0.045205034
5.920000000000000,0.010893469,0.043767931,0.982741215,-0.179402915,0.982741215,-0.179402915,0.005273795,0.044793822
5.920092400142188,0.010831225,0.043508652,0.982704431,-0.179671019,0.982704431,-0.179671019,0.005264507,0.044526433
5.920329055791590,0.010676302,0.04286594,0.982612562,-0.180335957,0.982612562,-0.180335957,0.005240867,0.043863487
5.920571261285763,0.010524128,0.042238226,0.982521881,-0.180985879,0.982521881,-0.180985879,0.005216935,0.043215836
5.920819146774891,0.010374679,0.041625158,0.982432399,-0.181621143,0.982432399,-0.181621143,0.005192755,0.042583128
5.921072845461332,0.010227927,0.041026391,0.982344122,-0.1822421,0.982344122,-0.1822421,0.00516837,0.041965021
5.921332493671192,0.010083845,0.04044159,0.982257056,-0.182849094,0.982257056,-0.182849094,0.005143821,0.041361177
5.921598230927575,0.009942405,0.039870427,0.982171203,-0.183442458,0.982171203,-0.183442458,0.005119145,0.040771269
5.921870200025566,0.009803577,0.039312582,0.982086565,-0.18402252,0.982086565,-0.18402252,0.005094377,0.040194977
5.922148547108955,0.009667331,0.038767742,0.982003144,-0.184589599,0.982003144,-0.184589599,0.005069551,0.039631987
5.922433421748768,0.009533636,0.038235603,0.981920936,-0.185144009,0.981920936,-0.185144009,0.005044697,0.039081993
5.922724977023647,0.009402462,0.037715866,0.981839941,-0.185686055,0.981839941,-0.185686055,0.005019844,0.038544696
5.923023369602101,0.009273777,0.037208242,0.981760153,-0.186216035,0.981760153,-0.186216035,0.00499502,0.038019805
5.923328759826690,0.009147547,0.036712447,0.981681568,-0.186734241,0.981681568,-0.186734241,0.004970248,0.037507034
5.923641311800196,0.009023741,0.036228204,0.981604181,-0.187240959,0.981604181,-0.187240959,0.004945553,0.037006104
5.923961193473795,0.008902325,0.035755243,0.981527982,-0.187736467,0.981527982,-0.187736467,0.004920956,0.036516742
5.924288576737311,0.008783267,0.035293299,0.981452965,-0.188221038,0.981452965,-0.188221038,0.004896477,0.036038684
5.924623637511578,0.008666533,0.034842116,0.981379121,-0.188694939,0.981379121,-0.188694939,0.004872136,0.035571669
5.924966555842977,0.008552089,0.034401443,0.98130644,-0.189158429,0.98130644,-0.189158429,0.00484795,0.035115443
5.925000000000001,0.008541187,0.034359552,0.981299502,-0.189202523,0.981299502,-0.189202523,0.004845629,0.035072069
5.925317516000180,0.008439901,0.033971033,0.981234911,-0.189611765,0.981234911,-0.189611765,0.004823933,0.034669759
5.925676706573169,0.008329937,0.033550648,0.981164524,-0.190055194,0.981164524,-0.190055194,0.004800103,0.034234373
5.926044320574578,0.008222161,0.033140054,0.981095265,-0.190488961,0.981095265,-0.190488961,0.004776471,0.03380905
5.926420555543405,0.008116542,0.032739022,0.981027124,-0.190913303,0.981027124,-0.190913303,0.004753051,0.033393559
5.926805613651165,0.008013043,0.03234733,0.980960087,-0.191328454,0.980960087,-0.191328454,0.004729855,0.032987673
5.927199701810525,0.007911633,0.031964761,0.980894141,-0.191734641,0.980894141,-0.191734641,0.004706892,0.032591172
5.927603031786490,0.007812278,0.031591102,0.980829271,-0.192132087,0.980829271,-0.192132087,0.004684172,0.032203841
5.928015820310193,0.007714943,0.031226146,0.980765464,-0.192521011,0.980765464,-0.192521011,0.004661704,0.031825469
5.928438289195364,0.007619597,0.030869691,0.980702705,-0.192901624,0.980702705,-0.192901624,0.004639497,0.031455851
5.928870665457511,0.007526206,0.030521539,0.980640978,-0.193274136,0.980640978,-0.193274136,0.004617556,0.031094786
5.929313181435923,0.007434736,0.030181498,0.980580269,-0.193638751,0.980580269,-0.193638751,0.00459589,0.030742078
5.929766074918504,0.007345157,0.02984938,0.980520562,-0.193995668,0.980520562,-0.193995668,0.004574502,0.030397536
5.930000000000001,0.007300401,0.029683778,0.980490635,-0.194173948,0.980490635,-0.194173948,0.004563755,0.030225719
5.930229589269557,0.007257435,0.029525001,0.980461842,-0.194345083,0.980461842,-0.194345083,0.004553399,0.030060972
5.930703973560557,0.007171538,0.029208181,0.980404091,-0.194687187,0.980404091,-0.194687187,0.004532585,0.029732203
5.931189482703986,0.007087434,0.028898746,0.980347295,-0.195022167,0.980347295,-0.195022167,0.004512065,0.029411052
5.931686377590316,0.007005093,0.028596525,0.980291436,-0.195350206,0.980291436,-0.195350206,0.00449184,0.029097344
5.932194925228201,0.006924483,0.028301351,0.980236498,-0.195671483,0.980236498,-0.195671483,0.004471915,0.028790908
5.932715398887945,0.006845573,0.028013061,0.980182465,-0.195986175,0.980182465,-0.195986175,0.004452291,0.028491579
5.933248078248359,0.006768332,0.027731497,0.980129319,-0.196294453,0.980129319,-0.196294453,0.004432971,0.028199193
5.933793249547039,0.006692732,0.027456503,0.980077045,-0.196596485,0.980077045,-0.196596485,0.004413956,0.027913593
5.934351205734176,0.006618741,0.027187928,0.980025624,-0.196892436,0.980025624,-0.196892436,0.004395248,0.027634624
5.934922246629981,0.006546331,0.026925623,0.97997504,-0.197182467,0.97997504,-0.197182467,0.004376848,0.027362134
5.935000000000000,0.006536719,0.026890844,0.979968305,-0.197221001,0.979968305,-0.197221001,0.004374398,0.027326001
5.935506679085787,0.006475472,0.026669446,0.979925276,-0.197466738,0.979925276,-0.197466738,0.004358755,0.027095975
5.936104817148945,0.006406137,0.026419254,0.979876315,-0.197745402,0.979876315,-0.197745402,0.00434097,0.026836003
5.936716982231571,0.006338296,0.02617491,0.979828141,-0.198018612,0.979828141,-0.198018612,0.004323494,0.026582077
5.937343503283263,0.006271922,0.02593628,0.979780735,-0.198286517,0.979780735,-0.198286517,0.004306325,0.02633406
5.937984716967862,0.006206987,0.025703233,0.979734081,-0.198549263,0.979734081,-0.198549263,0.004289464,0.026091817
5.938640967844359,0.006143465,0.025475641,0.979688161,-0.198806992,0.979688161,-0.198806992,0.004272908,0.025855217
5.939312608552046,0.006081329,0.025253379,0.97964296,-0.199059845,0.97964296,-0.199059845,0.004256659,0.025624132
5.940000000000000,0.006020552,0.025036325,0.97959846,-0.19930796,0.97959846,-0.19930796,0.004240713,0.025398436
5.945000000000000,0.0056491,0.023716903,0.979319114,-0.2008471,0.979319114,-0.2008471,0.004142292,0.024025921
5.950000000000000,0.005369526,0.022731408,0.979097796,-0.202044213,0.979097796,-0.202044213,0.00406742,0.023000099
5.955000000000000,0.00515191,0.021968276,0.978915878,-0.20301349,0.978915878,-0.20301349,0.004008991,0.022205294
5.960000000000000,0.004978045,0.021360659,0.978761924,-0.20382338,0.978761924,-0.20382338,0.003962476,0.021572141
5.965000000000001,0.00483622,0.020866062,0.978628525,-0.20451741,0.978628525,-0.20451741,0.003924857,0.021056517
5.970000000000001,0.00471856,0.02045618,0.978510674,-0.20512458,0.978510674,-0.20512458,0.003894055,0.020629016
5.975000000000001,0.004619574,0.020111431,0.978404862,-0.205664956,0.978404862,-0.205664956,0.003868587,0.020269288
5.980000000000000,0.004535319,0.019817837,0.978308564,-0.206152866,0.978308564,-0.206152866,0.003847372,0.019962801
5.985000000000000,0.004462889,0.019565151,0.978219909,-0.206598812,0.978219909,-0.206598812,0.0038296,0.019698899
5.990000000000000,0.004400093,0.019345693,0.978137486,-0.20701067,0.978137486,-0.20701067,0.003814656,0.019469592
5.995000000000000,0.004345253,0.019153592,0.978060211,-0.207394459,0.978060211,-0.207394459,0.003802063,0.019268772
6.000000000000000,0.004297058,0.018984282,0.977987236,-0.20775486,0.977987236,-0.20775486,0.003791444,0.019091688
6.005000000000001,0.004254469,0.01883416,0.977917888,-0.208095569,0.977917888,-0.208095569,0.003782501,0.018934591
6.010000000000001,0.004216655,0.018700345,0.977851625,-0.208419541,0.977851625,-0.208419541,0.003774991,0.01879448
6.015000000000001,0.00418294,0.018580505,0.977788011,-0.208729168,0.977788011,-0.208729168,0.003768717,0.018668929
6.020000000000000,0.004152772,0.018472731,0.977726684,-0.209026406,0.977726684,-0.209026406,0.003763516,0.018555949
6.025000000000000,0.004125692,0.018375449,0.977667346,-0.209312872,0.977667346,-0.209312872,0.003759253,0.018453902
6.030000000000000,0.004101317,0.018287346,0.977609747,-0.209589912,0.977609747,-0.209589912,0.003755814,0.018361418
6.035000000000000,0.004079327,0.018207319,0.977553679,-0.209858658,0.977553679,-0.209858658,0.003753105,0.018277351
6.040000000000000,0.004059448,0.018134435,0.977498962,-0.210120067,0.977498962,-0.210120067,0.003751043,0.018200729
6.045000000000001,0.004041448,0.0180679,0.977445444,-0.210374954,0.977445444,-0.210374954,0.003749559,0.018130723
6.050000000000001,0.004025127,0.018007033,0.977392997,-0.210624016,0.977392997,-0.210624016,0.003748593,0.018066625
6.055000000000001,0.004010315,0.017951247,0.977341505,-0.210867858,0.977341505,-0.210867858,0.003748093,0.018007823
6.060000000000000,0.00399686,0.017900033,0.977290873,-0.211107,0.977290873,-0.211107,0.003748014,0.017953787
6.065000000000000,0.003984633,0.017852949,0.977241014,-0.211341896,0.977241014,-0.211341896,0.003748317,0.017904056
6.070000000000000,0.003973521,0.017809607,0.977191854,-0.211572945,0.977191854,-0.211572945,0.003748966,0.017858226
6.075000000000000,0.003963421,0.017769666,0.977143328,-0.211800496,0.977143328,-0.211800496,0.003749932,0.017815942
6.080000000000000,0.003954248,0.017732827,0.977095376,-0.212024858,0.977095376,-0.212024858,0.003751188,0.01777689
6.085000000000000,0.00394592,0.017698822,0.977047947,-0.212246302,0.977047947,-0.212246302,0.003752709,0.017740794
6.090000000000001,0.00393837,0.017667416,0.977000997,-0.212465073,0.977000997,-0.212465073,0.003754475,0.017707408
6.095000000000001,0.003931534,0.017638398,0.976954482,-0.212681386,0.976954482,-0.212681386,0.003756466,0.01767651
6.100000000000001,0.003925358,0.017611578,0.976908368,-0.212895435,0.976908368,-0.212895435,0.003758664,0.017647905
6.105000000000000,0.003919789,0.017586788,0.976862621,-0.213107394,0.976862621,-0.213107394,0.003761056,0.017621417
6.110000000000000,0.003914785,0.017563875,0.976817212,-0.213317419,0.976817212,-0.213317419,0.003763627,0.017596885
6.115000000000000,0.003910303,0.017542702,0.976772113,-0.213525651,0.976772113,-0.213525651,0.003766363,0.017574168
6.120000000000000,0.003906308,0.017523144,0.976727301,-0.213732219,0.976727301,-0.213732219,0.003769255,0.017553134
6.125000000000000,0.003902765,0.017505088,0.976682753,-0.213937238,0.976682753,-0.213937238,0.003772292,0.017533668
6.130000000000001,0.003899644,0.017488432,0.976638449,-0.214140812,0.976638449,-0.214140812,0.003775463,0.01751566
6.135000000000001,0.003896917,0.017473083,0.976594372,-0.214343039,0.976594372,-0.214343039,0.003778762,0.017499016
6.140000000000001,0.00389456,0.017458955,0.976550504,-0.214544005,0.976550504,-0.214544005,0.003782179,0.017483644
6.145000000000000,0.003892549,0.017445969,0.97650683,-0.214743791,0.97650683,-0.214743791,0.003785709,0.017469464
6.150000000000000,0.003890863,0.017434055,0.976463336,-0.21494247,0.976463336,-0.21494247,0.003789343,0.017456402
6.155000000000000,0.003889482,0.017423147,0.97642001,-0.21514011,0.97642001,-0.21514011,0.003793076,0.017444388
6.160000000000000,0.003888388,0.017413184,0.97637684,-0.215336773,0.97637684,-0.215336773,0.003796903,0.017433361
6.165000000000000,0.003887564,0.017404111,0.976333814,-0.215532515,0.976333814,-0.215532515,0.003800818,0.017423261
6.170000000000001,0.003886996,0.017395876,0.976290922,-0.21572739,0.976290922,-0.21572739,0.003804817,0.017414035
6.175000000000001,0.00388667,0.017388432,0.976248156,-0.215921446,0.976248156,-0.215921446,0.003808895,0.017405633
6.180000000000001,0.003886571,0.017381734,0.976205506,-0.216114728,0.976205506,-0.216114728,0.003813048,0.01739801
6.185000000000000,0.003886689,0.017375742,0.976162965,-0.21630728,0.976162965,-0.21630728,0.003817273,0.017391123
6.190000000000000,0.003887011,0.017370418,0.976120524,-0.216499138,0.976120524,-0.216499138,0.003821565,0.017384933
6.195000000000000,0.003887527,0.017365727,0.976078178,-0.21669034,0.976078178,-0.21669034,0.003825922,0.017379403
6.200000000000000,0.003888228,0.017361636,0.97603592,-0.216880919,0.97603592,-0.216880919,0.00383034,0.017374498
6.205000000000000,0.003889104,0.017358114,0.975993743,-0.217070907,0.975993743,-0.217070907,0.003834817,0.017370187
6.210000000000000,0.003890146,0.017355133,0.975951642,-0.217260332,0.975951642,-0.217260332,0.00383935,0.01736644
6.215000000000001,0.003891348,0.017352665,0.975909612,-0.217449223,0.975909612,-0.217449223,0.003843936,0.017363229
6.220000000000001,0.003892701,0.017350688,0.975867648,-0.217637604,0.975867648,-0.217637604,0.003848573,0.017360528
6.225000000000001,0.003894198,0.017349176,0.975825746,-0.217825501,0.975825746,-0.217825501,0.00385326,0.017358313
6.230000000000000,0.003895834,0.017348107,0.9757839,-0.218012934,0.9757839,-0.218012934,0.003857993,0.017356561
6.235000000000000,0.003897601,0.017347463,0.975742107,-0.218199926,0.975742107,-0.218199926,0.003862772,0.01735525
6.240000000000000,0.003899494,0.017347222,0.975700363,-0.218386496,0.975700363,-0.218386496,0.003867593,0.017354361
6.245000000000000,0.003901507,0.017347367,0.975658665,-0.218572663,0.975658665,-0.218572663,0.003872456,0.017353874
6.250000000000000,0.003903636,0.017347881,0.975617009,-0.218758444,0.975617009,-0.218758444,0.003877359,0.017353772
6.255000000000001,0.003905876,0.017348748,0.975575392,-0.218943856,0.975575392,-0.218943856,0.003882301,0.017354038
6.260000000000001,0.003908221,0.017349952,0.975533811,-0.219128914,0.975533811,-0.219128914,0.003887279,0.017354655
6.265000000000001,0.003910669,0.01735148,0.975492263,-0.219313633,0.975492263,-0.219313633,0.003892293,0.01735561
6.270000000000000,0.003913214,0.017353317,0.975450745,-0.219498028,0.975450745,-0.219498028,0.003897341,0.017356887
6.275000000000000,0.003915854,0.017355451,0.975409256,-0.21968211,0.975409256,-0.21968211,0.003902423,0.017358475
6.280000000000000,0.003918583,0.01735787,0.975367792,-0.219865894,0.975367792,-0.219865894,0.003907536,0.017360359
6.285000000000000,0.0039214,0.017360562,0.975326351,-0.220049389,0.975326351,-0.220049389,0.003912681,0.017362528
6.290000000000000,0.0039243,0.017363517,0.975284931,-0.220232608,0.975284931,-0.220232608,0.003917855,0.017364971
6.295000000000001,0.003927281,0.017366724,0.975243531,-0.22041556,0.975243531,-0.22041556,0.003923059,0.017367677
6.300000000000001,0.003930339,0.017370174,0.975202148,-0.220598257,0.975202148,-0.220598257,0.00392829,0.017370636
6.305000000000001,0.003933473,0.017373857,0.97516078,-0.220780707,0.97516078,-0.220780707,0.003933548,0.017373838
6.310000000000000,0.003936679,0.017377764,0.975119426,-0.22096292,0.975119426,-0.22096292,0.003938833,0.017377275
6.315000000000000,0.003939954,0.017381888,0.975078083,-0.221144903,0.975078083,-0.221144903,0.003944144,0.017380936
6.320000000000000,0.003943297,0.017386219,0.975036751,-0.221326666,0.975036751,-0.221326666,0.003949479,0.017384815
6.325000000000000,0.003946705,0.017390751,0.974995428,-0.221508216,0.974995428,-0.221508216,0.003954838,0.017388902
6.330000000000000,0.003950176,0.017395477,0.974954113,-0.22168956,0.974954113,-0.22168956,0.003960221,0.017393191
6.335000000000000,0.003953708,0.017400389,0.974912803,-0.221870706,0.974912803,-0.221870706,0.003965626,0.017397675
6.340000000000001,0.003957299,0.017405481,0.974871499,-0.22205166,0.974871499,-0.22205166,0.003971053,0.017402346
6.345000000000001,0.003960947,0.017410746,0.974830197,-0.222232428,0.974830197,-0.222232428,0.003976502,0.017407198
6.350000000000001,0.00396465,0.01741618,0.974788899,-0.222413018,0.974788899,-0.222413018,0.003981973,0.017412226
6.355000000000000,0.003968407,0.017421775,0.974747601,-0.222593433,0.974747601,-0.222593433,0.003987463,0.017417422
6.360000000000000,0.003972215,0.017427527,0.974706304,-0.222773681,0.974706304,-0.222773681,0.003992973,0.017422781
6.365000000000000,0.003976075,0.01743343,0.974665006,-0.222953766,0.974665006,-0.222953766,0.003998503,0.017428298
6.370000000000000,0.003979983,0.01743948,0.974623706,-0.223133694,0.974623706,-0.223133694,0.004004052,0.017433967
6.375000000000000,0.003983938,0.017445671,0.974582403,-0.223313469,0.974582403,-0.223313469,0.004009619,0.017439785
6.380000000000001,0.00398794,0.017451999,0.974541096,-0.223493097,0.974541096,-0.223493097,0.004015204,0.017445745
6.385000000000001,0.003991986,0.01745846,0.974499785,-0.223672581,0.974499785,-0.223672581,0.004020807,0.017451843
6.390000000000001,0.003996076,0.017465049,0.974458469,-0.223851925,0.974458469,-0.223851925,0.004026428,0.017458075
6.395000000000000,0.004000208,0.017471763,0.974417146,-0.224031135,0.974417146,-0.224031135,0.004032065,0.017464437
6.400000000000000,0.004004382,0.017478598,0.974375817,-0.224210214,0.974375817,-0.224210214,0.004037718,0.017470925
6.405000000000000,0.004008595,0.017485549,0.974334479,-0.224389166,0.974334479,-0.224389166,0.004043388,0.017477535
6.410000000000000,0.004012848,0.017492614,0.974293133,-0.224567994,0.974293133,-0.224567994,0.004049074,0.017484263
6.415000000000000,0.004017138,0.017499789,0.974251779,-0.224746702,0.974251779,-0.224746702,0.004054775,0.017491105
6.420000000000001,0.004021466,0.017507071,0.974210414,-0.224925293,0.974210414,-0.224925293,0.004060491,0.017498059
6.425000000000001,0.004025829,0.017514456,0.974169039,-0.225103771,0.974169039,-0.225103771,0.004066222,0.01750512
6.430000000000001,0.004030228,0.017521942,0.974127653,-0.225282138,0.974127653,-0.225282138,0.004071968,0.017512287
6.435000000000000,0.004034661,0.017529525,0.974086256,-0.225460398,0.974086256,-0.225460398,0.004077728,0.017519555
6.440000000000000,0.004039127,0.017537203,0.974044847,-0.225638553,0.974044847,-0.225638553,0.004083503,0.017526922
6.445000000000000,0.004043626,0.017544973,0.974003425,-0.225816606,0.974003425,-0.225816606,0.004089291,0.017534384
6.450000000000000,0.004048157,0.017552833,0.97396199,-0.225994561,0.97396199,-0.225994561,0.004095092,0.01754194
6.455000000000000,0.004052719,0.01756078,0.973920541,-0.226172418,0.973920541,-0.226172418,0.004100907,0.017549587
6.460000000000000,0.004057311,0.017568811,0.973879078,-0.226350182,0.973879078,-0.226350182,0.004106735,0.017557322
6.465000000000001,0.004061933,0.017576925,0.9738376,-0.226527854,0.9738376,-0.226527854,0.004112576,0.017565143
6.470000000000001,0.004066584,0.017585119,0.973796108,-0.226705436,0.973796108,-0.226705436,0.004118429,0.017573047
6.475000000000001,0.004071264,0.01759339,0.9737546,-0.226882931,0.9737546,-0.226882931,0.004124295,0.017581032
6.480000000000000,0.004075971,0.017601738,0.973713076,-0.227060342,0.973713076,-0.227060342,0.004130174,0.017589096
6.485000000000000,0.004080705,0.017610159,0.973671536,-0.227237669,0.973671536,-0.227237669,0.004136064,0.017597237
6.490000000000000,0.004085466,0.017618652,0.973629979,-0.227414915,0.973629979,-0.227414915,0.004141966,0.017605453
6.495000000000000,0.004090252,0.017627215,0.973588406,-0.227592082,0.973588406,-0.227592082,0.00414788,0.017613742
6.500000000000000,0.004095064,0.017635846,0.973546814,-0.227769171,0.973546814,-0.227769171,0.004153805,0.017622101
6.505000000000001,0.004099901,0.017644544,0.973505206,-0.227946186,0.973505206,-0.227946186,0.004159742,0.01763053
6.510000000000001,0.004104763,0.017653306,0.973463579,-0.228123126,0.973463579,-0.228123126,0.00416569,0.017639027
6.515000000000001,0.004109648,0.017662132,0.973421933,-0.228299995,0.973421933,-0.228299995,0.004171649,0.017647588
6.520000000000000,0.004114557,0.017671019,0.973380269,-0.228476793,0.973380269,-0.228476793,0.004177619,0.017656214
6.525000000000000,0.004119488,0.017679965,0.973338586,-0.228653522,0.973338586,-0.228653522,0.004183599,0.017664903
6.530000000000000,0.004124443,0.017688971,0.973296884,-0.228830184,0.973296884,-0.228830184,0.004189591,0.017673652
6.535000000000000,0.004129419,0.017698033,0.973255162,-0.22900678,0.973255162,-0.22900678,0.004195592,0.017682461
6.540000000000000,0.004134417,0.017707151,0.97321342,-0.229183311,0.97321342,-0.229183311,0.004201604,0.017691327
6.545000000000001,0.004139436,0.017716323,0.973171658,-0.229359779,0.973171658,-0.229359779,0.004207627,0.01770025
6.550000000000001,0.004144476,0.017725549,0.973129876,-0.229536186,0.973129876,-0.229536186,0.004213659,0.017709228
6.555000000000001,0.004149537,0.017734826,0.973088073,-0.229712532,0.973088073,-0.229712532,0.004219701,0.01771826
6.560000000000000,0.004154617,0.017744153,0.973046249,-0.22988882,0.973046249,-0.22988882,0.004225753,0.017727345
6.565000000000000,0.004159718,0.01775353,0.973004404,-0.230065049,0.973004404,-0.230065049,0.004231815,0.017736481
6.570000000000000,0.004164838,0.017762955,0.972962538,-0.230241221,0.972962538,-0.230241221,0.004237887,0.017745667
6.575000000000000,0.004169977,0.017772427,0.97292065,-0.230417338,0.97292065,-0.230417338,0.004243968,0.017754902
6.580000000000000,0.004175134,0.017781945,0.97287874,-0.2305934,0.97287874,-0.2305934,0.004250058,0.017764185
6.585000000000001,0.00418031,0.017791508,0.972836808,-0.230769408,0.972836808,-0.230769408,0.004256158,0.017773514
6.590000000000001,0.004185505,0.017801115,0.972794854,-0.230945365,0.972794854,-0.230945365,0.004262267,0.017782889
6.595000000000001,0.004190717,0.017810764,0.972752878,-0.231121269,0.972752878,-0.231121269,0.004268385,0.017792309
6.600000000000001,0.004195946,0.017820456,0.972710879,-0.231297124,0.972710879,-0.231297124,0.004274512,0.017801772
6.605000000000000,0.004201193,0.017830189,0.972668857,-0.231472929,0.972668857,-0.231472929,0.004280648,0.017811278
6.610000000000000,0.004206457,0.017839961,0.972626813,-0.231648685,0.972626813,-0.231648685,0.004286793,0.017820826
6.615000000000000,0.004211738,0.017849773,0.972584745,-0.231824394,0.972584745,-0.231824394,0.004292946,0.017830415
6.620000000000000,0.004217035,0.017859624,0.972542654,-0.232000056,0.972542654,-0.232000056,0.004299109,0.017840043
6.625000000000000,0.004222348,0.017869511,0.972500539,-0.232175672,0.972500539,-0.232175672,0.004305279,0.01784971
6.630000000000001,0.004227678,0.017879436,0.972458401,-0.232351242,0.972458401,-0.232351242,0.004311459,0.017859416
6.635000000000001,0.004233023,0.017889396,0.972416239,-0.232526769,0.972416239,-0.232526769,0.004317647,0.017869159
6.640000000000001,0.004238383,0.017899392,0.972374053,-0.232702252,0.972374053,-0.232702252,0.004323843,0.017878938
6.645000000000000,0.004243759,0.017909422,0.972331843,-0.232877693,0.972331843,-0.232877693,0.004330047,0.017888753
6.650000000000000,0.00424915,0.017919485,0.972289608,-0.233053091,0.972289608,-0.233053091,0.00433626,0.017898603
6.655000000000000,0.004254555,0.017929582,0.97224735,-0.233228448,0.97224735,-0.233228448,0.004342481,0.017908488
6.660000000000000,0.004259976,0.01793971,0.972205067,-0.233403765,0.972205067,-0.233403765,0.00434871,0.017918405
6.665000000000000,0.004265411,0.017949871,0.972162759,-0.233579041,0.972162759,-0.233579041,0.004354947,0.017928356
6.670000000000001,0.00427086,0.017960062,0.972120426,-0.233754279,0.972120426,-0.233754279,0.004361192,0.017938339
6.675000000000001,0.004276323,0.017970284,0.972078068,-0.233929477,0.972078068,-0.233929477,0.004367445,0.017948354
6.680000000000001,0.0042818,0.017980535,0.972035686,-0.234104638,0.972035686,-0.234104638,0.004373706,0.017958399
6.685000000000000,0.00428729,0.017990816,0.971993278,-0.234279762,0.971993278,-0.234279762,0.004379975,0.017968474
6.690000000000000,0.004292794,0.018001125,0.971950845,-0.234454849,0.971950845,-0.234454849,0.004386251,0.017978579
6.695000000000000,0.004298312,0.018011462,0.971908387,-0.234629899,0.971908387,-0.234629899,0.004392535,0.017988713
6.700000000000000,0.004303842,0.018021826,0.971865903,-0.234804914,0.971865903,-0.234804914,0.004398827,0.017998876
6.705000000000000,0.004309386,0.018032217,0.971823393,-0.234979894,0.971823393,-0.234979894,0.004405126,0.018009066
6.710000000000001,0.004314942,0.018042635,0.971780858,-0.23515484,0.971780858,-0.23515484,0.004411433,0.018019284
6.715000000000001,0.004320512,0.018053078,0.971738297,-0.235329751,0.971738297,-0.235329751,0.004417747,0.018029528
6.720000000000001,0.004326093,0.018063547,0.97169571,-0.235504629,0.97169571,-0.235504629,0.004424069,0.018039799
6.725000000000001,0.004331687,0.01807404,0.971653097,-0.235679474,0.971653097,-0.235679474,0.004430398,0.018050095
6.730000000000000,0.004337294,0.018084558,0.971610458,-0.235854287,0.971610458,-0.235854287,0.004436735,0.018060417
6.735000000000000,0.004342912,0.018095099,0.971567793,-0.236029068,0.971567793,-0.236029068,0.004443079,0.018070763
6.740000000000000,0.004348543,0.018105664,0.971525102,-0.236203817,0.971525102,-0.236203817,0.00444943,0.018081134
6.745000000000000,0.004354185,0.018116252,0.971482384,-0.236378535,0.971482384,-0.236378535,0.004455788,0.018091528
6.750000000000000,0.004359839,0.018126862,0.971439639,-0.236553222,0.971439639,-0.236553222,0.004462153,0.018101946
6.755000000000001,0.004365504,0.018137495,0.971396869,-0.236727879,0.971396869,-0.236727879,0.004468526,0.018112387
6.760000000000001,0.004371181,0.018148149,0.971354071,-0.236902506,0.971354071,-0.236902506,0.004474905,0.01812285
6.765000000000001,0.004376869,0.018158824,0.971311247,-0.237077104,0.971311247,-0.237077104,0.004481292,0.018133335
6.770000000000000,0.004382569,0.01816952,0.971268396,-0.237251673,0.971268396,-0.237251673,0.004487686,0.018143842
6.775000000000000,0.004388279,0.018180237,0.971225518,-0.237426214,0.971225518,-0.237426214,0.004494086,0.01815437
6.780000000000000,0.004394001,0.018190974,0.971182613,-0.237600726,0.971182613,-0.237600726,0.004500494,0.018164918
6.785000000000000,0.004399733,0.01820173,0.971139681,-0.237775211,0.971139681,-0.237775211,0.004506908,0.018175488
6.790000000000000,0.004405476,0.018212506,0.971096722,-0.237949668,0.971096722,-0.237949668,0.00451333,0.018186077
6.795000000000001,0.00441123,0.018223301,0.971053736,-0.238124098,0.971053736,-0.238124098,0.004519758,0.018196686
6.800000000000001,0.004416994,0.018234114,0.971010723,-0.238298501,0.971010723,-0.238298501,0.004526193,0.018207314
6.805000000000001,0.004422769,0.018244946,0.970967682,-0.238472877,0.970967682,-0.238472877,0.004532634,0.018217961
6.810000000000000,0.004428554,0.018255796,0.970924615,-0.238647228,0.970924615,-0.238647228,0.004539083,0.018228627
6.815000000000000,0.004434349,0.018266663,0.970881519,-0.238821553,0.970881519,-0.238821553,0.004545538,0.018239311
6.820000000000000,0.004440155,0.018277548,0.970838396,-0.238995853,0.970838396,-0.238995853,0.004552,0.018250013
6.825000000000000,0.00444597,0.01828845,0.970795246,-0.239170127,0.970795246,-0.239170127,0.004558468,0.018260733
6.830000000000000,0.004451796,0.018299369,0.970752068,-0.239344377,0.970752068,-0.239344377,0.004564944,0.01827147
6.835000000000001,0.004457631,0.018310304,0.970708862,-0.239518602,0.970708862,-0.239518602,0.004571425,0.018282224
6.840000000000001,0.004463476,0.018321255,0.970665629,-0.239692803,0.970665629,-0.239692803,0.004577913,0.018292995
6.845000000000001,0.004469331,0.018332222,0.970622368,-0.23986698,0.970622368,-0.23986698,0.004584408,0.018303782
6.850000000000001,0.004475195,0.018343205,0.970579079,-0.240041133,0.970579079,-0.240041133,0.00459091,0.018314585
6.855000000000000,0.004481069,0.018354203,0.970535762,-0.240215263,0.970535762,-0.240215263,0.004597417,0.018325405
6.860000000000000,0.004486953,0.018365216,0.970492417,-0.24038937,0.970492417,-0.24038937,0.004603932,0.018336239
6.865000000000000,0.004492846,0.018376244,0.970449044,-0.240563454,0.970449044,-0.240563454,0.004610452,0.018347089
6.870000000000000,0.004498748,0.018387286,0.970405643,-0.240737515,0.970405643,-0.240737515,0.004616979,0.018357954
6.875000000000000,0.004504659,0.018398343,0.970362214,-0.240911554,0.970362214,-0.240911554,0.004623513,0.018368834
6.880000000000001,0.004510579,0.018409414,0.970318757,-0.241085571,0.970318757,-0.241085571,0.004630053,0.018379728
6.885000000000001,0.004516509,0.018420498,0.970275272,-0.241259566,0.970275272,-0.241259566,0.004636599,0.018390637
6.890000000000001,0.004522447,0.018431597,0.970231758,-0.24143354,0.970231758,-0.24143354,0.004643151,0.018401559
6.895000000000000,0.004528395,0.018442708,0.970188216,-0.241607492,0.970188216,-0.241607492,0.00464971,0.018412496
6.900000000000000,0.004534351,0.018453833,0.970144646,-0.241781423,0.970144646,-0.241781423,0.004656275,0.018423446
6.905000000000000,0.004540316,0.01846497,0.970101048,-0.241955333,0.970101048,-0.241955333,0.004662846,0.018434409
6.910000000000000,0.00454629,0.01847612,0.970057421,-0.242129223,0.970057421,-0.242129223,0.004669424,0.018445385
6.915000000000000,0.004552273,0.018487283,0.970013765,-0.242303092,0.970013765,-0.242303092,0.004676007,0.018456374
6.920000000000001,0.004558264,0.018498458,0.969970081,-0.24247694,0.969970081,-0.24247694,0.004682597,0.018467376
6.925000000000001,0.004564264,0.018509645,0.969926369,-0.242650769,0.969926369,-0.242650769,0.004689193,0.01847839
6.930000000000001,0.004570272,0.018520844,0.969882628,-0.242824577,0.969882628,-0.242824577,0.004695795,0.018489416
6.935000000000000,0.004576288,0.018532054,0.969838858,-0.242998366,0.969838858,-0.242998366,0.004702404,0.018500454
6.940000000000000,0.004582313,0.018543276,0.96979506,-0.243172136,0.96979506,-0.243172136,0.004709018,0.018511504
6.945000000000000,0.004588346,0.018554509,0.969751233,-0.243345886,0.969751233,-0.243345886,0.004715639,0.018522566
6.950000000000000,0.004594388,0.018565753,0.969707377,-0.243519617,0.969707377,-0.243519617,0.004722265,0.018533639
6.955000000000000,0.004600438,0.018577009,0.969663493,-0.243693329,0.969663493,-0.243693329,0.004728898,0.018544724
6.960000000000001,0.004606496,0.018588275,0.969619579,-0.243867022,0.969619579,-0.243867022,0.004735536,0.018555819
6.965000000000001,0.004612562,0.018599551,0.969575637,-0.244040697,0.969575637,-0.244040697,0.004742181,0.018566925
6.970000000000001,0.004618635,0.018610838,0.969531666,-0.244214353,0.969531666,-0.244214353,0.004748832,0.018578042
6.975000000000001,0.004624717,0.018622135,0.969487666,-0.244387992,0.969487666,-0.244387992,0.004755489,0.01858917
6.980000000000000,0.004630807,0.018633442,0.969443638,-0.244561612,0.969443638,-0.244561612,0.004762151,0.018600307
6.985000000000000,0.004636905,0.018644759,0.96939958,-0.244735214,0.96939958,-0.244735214,0.00476882,0.018611455
6.990000000000000,0.004643011,0.018656086,0.969355493,-0.244908798,0.969355493,-0.244908798,0.004775494,0.018622613
6.995000000000000,0.004649124,0.018667422,0.969311377,-0.245082365,0.969311377,-0.245082365,0.004782175,0.018633781
7.000000000000000,0.004655245,0.018678768,0.969267232,-0.245255914,0.969267232,-0.245255914,0.004788861,0.018644958
7.005000000000001,0.004661374,0.018690123,0.969223058,-0.245429446,0.969223058,-0.245429446,0.004795554,0.018656145
7.010000000000001,0.004667511,0.018701487,0.969178855,-0.245602961,0.969178855,-0.245602961,0.004802252,0.018667341
7.015000000000001,0.004673655,0.01871286,0.969134623,-0.245776459,0.969134623,-0.245776459,0.004808956,0.018678547
7.020000000000000,0.004679807,0.018724242,0.969090361,-0.24594994,0.969090361,-0.24594994,0.004815666,0.018689761
7.025000000000000,0.004685966,0.018735632,0.969046071,-0.246123404,0.969046071,-0.246123404,0.004822382,0.018700984
7.030000000000000,0.004692133,0.018747031,0.969001751,-0.246296851,0.969001751,-0.246296851,0.004829103,0.018712216
7.035000000000000,0.004698307,0.018758439,0.968957401,-0.246470283,0.968957401,-0.246470283,0.004835831,0.018723457
7.040000000000000,0.004704488,0.018769855,0.968913023,-0.246643697,0.968913023,-0.246643697,0.004842564,0.018734706
7.045000000000001,0.004710677,0.018781279,0.968868615,-0.246817096,0.968868615,-0.246817096,0.004849303,0.018745964
7.050000000000001,0.004716874,0.01879271,0.968824178,-0.246990479,0.968824178,-0.246990479,0.004856048,0.01875723
7.055000000000001,0.004723077,0.01880415,0.968779712,-0.247163845,0.968779712,-0.247163845,0.004862798,0.018768503
7.060000000000000,0.004729288,0.018815598,0.968735216,-0.247337196,0.968735216,-0.247337196,0.004869554,0.018779785
7.065000000000000,0.004735506,0.018827053,0.968690691,-0.247510531,0.968690691,-0.247510531,0.004876316,0.018791075
7.070000000000000,0.004741731,0.018838516,0.968646136,-0.247683851,0.968646136,-0.247683851,0.004883084,0.018802372
7.075000000000000,0.004747963,0.018849986,0.968601552,-0.247857155,0.968601552,-0.247857155,0.004889858,0.018813677
7.080000000000000,0.004754203,0.018861464,0.968556938,-0.248030444,0.968556938,-0.248030444,0.004896637,0.018824989
7.085000000000001,0.004760449,0.018872948,0.968512295,-0.248203717,0.968512295,-0.248203717,0.004903422,0.018836308
7.090000000000001,0.004766703,0.01888444,0.968467622,-0.248376976,0.968467622,-0.248376976,0.004910212,0.018847635
7.095000000000001,0.004772963,0.018895939,0.96842292,-0.248550219,0.96842292,-0.248550219,0.004917009,0.018858969
7.100000000000001,0.004779231,0.018907444,0.968378188,-0.248723448,0.968378188,-0.248723448,0.004923811,0.01887031
7.105000000000000,0.004785505,0.018918956,0.968333427,-0.248896661,0.968333427,-0.248896661,0.004930618,0.018881657
7.110000000000000,0.004791786,0.018930475,0.968288636,-0.24906986,0.968288636,-0.24906986,0.004937432,0.018893012
7.115000000000000,0.004798075,0.018942001,0.968243815,-0.249243044,0.968243815,-0.249243044,0.00494425,0.018904373
7.120000000000000,0.00480437,0.018953532,0.968198965,-0.249416214,0.968198965,-0.249416214,0.004951075,0.01891574
7.125000000000000,0.004810672,0.018965071,0.968154085,-0.24958937,0.968154085,-0.24958937,0.004957905,0.018927114
7.130000000000001,0.00481698,0.018976615,0.968109175,-0.249762511,0.968109175,-0.249762511,0.004964741,0.018938495
7.135000000000001,0.004823296,0.018988165,0.968064236,-0.249935638,0.968064236,-0.249935638,0.004971582,0.018949881
7.140000000000001,0.004829618,0.018999722,0.968019266,-0.250108751,0.968019266,-0.250108751,0.004978429,0.018961274
7.145000000000000,0.004835947,0.019011284,0.967974268,-0.250281849,0.967974268,-0.250281849,0.004985282,0.018972673
7.150000000000000,0.004842282,0.019022853,0.967929239,-0.250454934,0.967929239,-0.250454934,0.00499214,0.018984077
7.155000000000000,0.004848624,0.019034427,0.967884181,-0.250628005,0.967884181,-0.250628005,0.004999004,0.018995488
7.160000000000000,0.004854973,0.019046006,0.967839092,-0.250801062,0.967839092,-0.250801062,0.005005873,0.019006904
7.165000000000000,0.004861328,0.019057592,0.967793974,-0.250974106,0.967793974,-0.250974106,0.005012748,0.019018326
7.170000000000001,0.00486769,0.019069182,0.967748826,-0.251147136,0.967748826,-0.251147136,0.005019628,0.019029753
7.175000000000001,0.004874058,0.019080779,0.967703649,-0.251320152,0.967703649,-0.251320152,0.005026514,0.019041186
7.180000000000001,0.004880433,0.01909238,0.967658441,-0.251493155,0.967658441,-0.251493155,0.005033405,0.019052624
7.185000000000000,0.004886815,0.019103987,0.967613204,-0.251666145,0.967613204,-0.251666145,0.005040302,0.019064068
7.190000000000000,0.004893203,0.019115599,0.967567936,-0.251839121,0.967567936,-0.251839121,0.005047204,0.019075516
7.195000000000000,0.004899597,0.019127216,0.967522639,-0.252012084,0.967522639,-0.252012084,0.005054112,0.01908697
7.200000000000000,0.004905997,0.019138838,0.967477312,-0.252185034,0.967477312,-0.252185034,0.005061026,0.019098429
7.205000000000000,0.004912405,0.019150465,0.967431954,-0.252357971,0.967431954,-0.252357971,0.005067944,0.019109893
7.210000000000001,0.004918818,0.019162096,0.967386567,-0.252530895,0.967386567,-0.252530895,0.005074869,0.019121362
7.215000000000001,0.004925238,0.019173733,0.96734115,-0.252703807,0.96734115,-0.252703807,0.005081799,0.019132835
7.220000000000001,0.004931664,0.019185374,0.967295703,-0.252876705,0.967295703,-0.252876705,0.005088734,0.019144313
7.225000000000001,0.004938096,0.01919702,0.967250226,-0.25304959,0.967250226,-0.25304959,0.005095675,0.019155796
7.230000000000000,0.004944535,0.01920867,0.967204718,-0.253222463,0.967204718,-0.253222463,0.005102621,0.019167284
7.235000000000000,0.00495098,0.019220325,0.967159181,-0.253395324,0.967159181,-0.253395324,0.005109573,0.019178775
7.240000000000000,0.004957431,0.019231984,0.967113614,-0.253568171,0.967113614,-0.253568171,0.00511653,0.019190272
7.245000000000000,0.004963888,0.019243648,0.967068017,-0.253741007,0.967068017,-0.253741007,0.005123492,0.019201772
7.250000000000001,0.004970352,0.019255316,0.967022389,-0.253913829,0.967022389,-0.253913829,0.00513046,0.019213277
7.255000000000001,0.004976821,0.019266988,0.966976732,-0.25408664,0.966976732,-0.25408664,0.005137433,0.019224786
7.260000000000001,0.004983297,0.019278664,0.966931044,-0.254259438,0.966931044,-0.254259438,0.005144412,0.0192363
7.265000000000001,0.004989779,0.019290344,0.966885326,-0.254432224,0.966885326,-0.254432224,0.005151396,0.019247817
7.270000000000000,0.004996267,0.019302028,0.966839578,-0.254604998,0.966839578,-0.254604998,0.005158386,0.019259338
7.275000000000000,0.005002761,0.019313717,0.9667938,-0.254777759,0.9667938,-0.254777759,0.005165381,0.019270864
7.280000000000000,0.005009261,0.019325409,0.966747992,-0.254950509,0.966747992,-0.254950509,0.005172381,0.019282393
7.285000000000000,0.005015768,0.019337104,0.966702154,-0.255123247,0.966702154,-0.255123247,0.005179387,0.019293926
7.290000000000000,0.00502228,0.019348804,0.966656285,-0.255295972,0.966656285,-0.255295972,0.005186398,0.019305462
7.295000000000001,0.005028798,0.019360507,0.966610386,-0.255468686,0.966610386,-0.255468686,0.005193414,0.019317002
7.300000000000001,0.005035322,0.019372214,0.966564458,-0.255641388,0.966564458,-0.255641388,0.005200436,0.019328546
7.305000000000001,0.005041853,0.019383925,0.966518498,-0.255814079,0.966518498,-0.255814079,0.005207463,0.019340094
7.310000000000000,0.005048389,0.019395639,0.966472509,-0.255986757,0.966472509,-0.255986757,0.005214496,0.019351645
7.315000000000000,0.005054931,0.019407356,0.966426489,-0.256159424,0.966426489,-0.256159424,0.005221534,0.019363199
7.320000000000000,0.005061479,0.019419077,0.966380439,-0.256332079,0.966380439,-0.256332079,0.005228577,0.019374757
7.325000000000000,0.005068033,0.019430801,0.966334359,-0.256504723,0.966334359,-0.256504723,0.005235625,0.019386318
7.330000000000000,0.005074593,0.019442529,0.966288249,-0.256677355,0.966288249,-0.256677355,0.005242679,0.019397882
7.335000000000001,0.005081158,0.019454259,0.966242108,-0.256849976,0.966242108,-0.256849976,0.005249738,0.019409449
7.340000000000001,0.00508773,0.019465993,0.966195937,-0.257022586,0.966195937,-0.257022586,0.005256803,0.01942102
7.345000000000001,0.005094307,0.01947773,0.966149736,-0.257195184,0.966149736,-0.257195184,0.005263873,0.019432593
7.350000000000001,0.005100891,0.01948947,0.966103504,-0.257367771,0.966103504,-0.257367771,0.005270948,0.01944417
7.355000000000000,0.00510748,0.019501214,0.966057242,-0.257540346,0.966057242,-0.257540346,0.005278028,0.01945575
7.360000000000000,0.005114074,0.01951296,0.96601095,-0.25771291,0.96601095,-0.25771291,0.005285114,0.019467332
7.365000000000000,0.005120675,0.019524709,0.965964627,-0.257885464,0.965964627,-0.257885464,0.005292205,0.019478918
7.370000000000000,0.005127281,0.019536461,0.965918274,-0.258058006,0.965918274,-0.258058006,0.005299302,0.019490506
7.375000000000001,0.005133893,0.019548215,0.965871891,-0.258230537,0.965871891,-0.258230537,0.005306403,0.019502097
7.380000000000001,0.005140511,0.019559973,0.965825477,-0.258403057,0.965825477,-0.258403057,0.00531351,0.019513691
7.385000000000001,0.005147135,0.019571733,0.965779033,-0.258575566,0.965779033,-0.258575566,0.005320622,0.019525287
7.390000000000001,0.005153764,0.019583496,0.965732559,-0.258748064,0.965732559,-0.258748064,0.00532774,0.019536886
7.395000000000000,0.005160399,0.019595262,0.965686054,-0.258920551,0.965686054,-0.258920551,0.005334862,0.019548487
7.400000000000000,0.005167039,0.01960703,0.965639519,-0.259093027,0.965639519,-0.259093027,0.00534199,0.019560091
7.405000000000000,0.005173685,0.019618801,0.965592953,-0.259265493,0.965592953,-0.259265493,0.005349124,0.019571698
7.410000000000000,0.005180337,0.019630574,0.965546357,-0.259437947,0.965546357,-0.259437947,0.005356262,0.019583307
7.415000000000000,0.005186995,0.019642349,0.96549973,-0.259610391,0.96549973,-0.259610391,0.005363406,0.019594918
7.420000000000001,0.005193658,0.019654128,0.965453073,-0.259782825,0.965453073,-0.259782825,0.005370555,0.019606532
7.425000000000001,0.005200327,0.019665908,0.965406386,-0.259955247,0.965406386,-0.259955247,0.005377709,0.019618148
7.430000000000001,0.005207001,0.019677691,0.965359668,-0.260127659,0.965359668,-0.260127659,0.005384869,0.019629766
7.435000000000000,0.005213681,0.019689476,0.965312919,-0.260300061,0.965312919,-0.260300061,0.005392033,0.019641386
7.440000000000000,0.005220366,0.019701263,0.96526614,-0.260472452,0.96526614,-0.260472452,0.005399203,0.019653009
7.445000000000000,0.005227057,0.019713053,0.965219331,-0.260644832,0.965219331,-0.260644832,0.005406378,0.019664633
7.450000000000000,0.005233754,0.019724845,0.965172491,-0.260817202,0.965172491,-0.260817202,0.005413559,0.01967626
7.455000000000000,0.005240456,0.019736639,0.965125621,-0.260989562,0.965125621,-0.260989562,0.005420744,0.019687889
7.460000000000001,0.005247163,0.019748434,0.96507872,-0.261161911,0.96507872,-0.261161911,0.005427935,0.019699519
7.465000000000001,0.005253876,0.019760232,0.965031788,-0.26133425,0.965031788,-0.26133425,0.005435131,0.019711152
7.470000000000001,0.005260595,0.019772032,0.964984826,-0.261506578,0.964984826,-0.261506578,0.005442332,0.019722786
7.475000000000001,0.005267319,0.019783834,0.964937834,-0.261678896,0.964937834,-0.261678896,0.005449539,0.019734423
7.480000000000000,0.005274049,0.019795638,0.964890811,-0.261851204,0.964890811,-0.261851204,0.00545675,0.019746061
7.485000000000000,0.005280784,0.019807444,0.964843757,-0.262023502,0.964843757,-0.262023502,0.005463967,0.019757701
7.490000000000000,0.005287524,0.019819252,0.964796673,-0.26219579,0.964796673,-0.26219579,0.005471189,0.019769342
7.495000000000000,0.00529427,0.019831061,0.964749559,-0.262368067,0.964749559,-0.262368067,0.005478417,0.019780986
7.500000000000001,0.005301021,0.019842873,0.964702413,-0.262540334,0.964702413,-0.262540334,0.005485649,0.019792631
7.505000000000001,0.005307778,0.019854686,0.964655238,-0.262712591,0.964655238,-0.262712591,0.005492887,0.019804277
7.510000000000001,0.00531454,0.0198665,0.964608031,-0.262884838,0.964608031,-0.262884838,0.005500129,0.019815926
7.515000000000001,0.005321307,0.019878317,0.964560794,-0.263057076,0.964560794,-0.263057076,0.005507377,0.019827576
7.520000000000000,0.00532808,0.019890135,0.964513526,-0.263229303,0.964513526,-0.263229303,0.00551463,0.019839227
7.525000000000000,0.005334858,0.019901955,0.964466228,-0.26340152,0.964466228,-0.26340152,0.005521889,0.01985088
7.530000000000000,0.005341642,0.019913776,0.964418899,-0.263573727,0.964418899,-0.263573727,0.005529152,0.019862534
7.535000000000000,0.00534843,0.019925599,0.96437154,-0.263745924,0.96437154,-0.263745924,0.005536421,0.01987419
7.540000000000000,0.005355225,0.019937423,0.96432415,-0.263918112,0.96432415,-0.263918112,0.005543695,0.019885847
7.545000000000001,0.005362024,0.019949249,0.964276729,-0.264090289,0.964276729,-0.264090289,0.005550973,0.019897505
7.550000000000001,0.005368829,0.019961076,0.964229278,-0.264262457,0.964229278,-0.264262457,0.005558258,0.019909165
7.555000000000001,0.005375639,0.019972905,0.964181796,-0.264434615,0.964181796,-0.264434615,0.005565547,0.019920825
7.560000000000000,0.005382455,0.019984735,0.964134283,-0.264606763,0.964134283,-0.264606763,0.005572841,0.019932488
7.565000000000000,0.005389275,0.019996566,0.96408674,-0.264778901,0.96408674,-0.264778901,0.005580141,0.019944151
7.570000000000000,0.005396101,0.020008399,0.964039166,-0.26495103,0.964039166,-0.26495103,0.005587445,0.019955816
7.575000000000000,0.005402932,0.020020233,0.963991561,-0.265123149,0.963991561,-0.265123149,0.005594755,0.019967481
7.580000000000000,0.005409769,0.020032068,0.963943926,-0.265295258,0.963943926,-0.265295258,0.00560207,0.019979148
7.585000000000001,0.005416611,0.020043905,0.96389626,-0.265467358,0.96389626,-0.265467358,0.00560939,0.019990816
7.590000000000001,0.005423458,0.020055743,0.963848563,-0.265639448,0.963848563,-0.265639448,0.005616715,0.020002485
7.595000000000001,0.00543031,0.020067582,0.963800836,-0.265811528,0.963800836,-0.265811528,0.005624046,0.020014155
7.600000000000001,0.005437167,0.020079422,0.963753078,-0.265983599,0.963753078,-0.265983599,0.005631381,0.020025826
7.605000000000000,0.00544403,0.020091263,0.963705289,-0.266155661,0.963705289,-0.266155661,0.005638722,0.020037498
7.610000000000000,0.005450898,0.020103105,0.96365747,-0.266327713,0.96365747,-0.266327713,0.005646068,0.02004917
7.615000000000000,0.005457771,0.020114948,0.963609619,-0.266499755,0.963609619,-0.266499755,0.005653418,0.020060844
7.620000000000000,0.005464649,0.020126793,0.963561739,-0.266671788,0.963561739,-0.266671788,0.005660774,0.020072519
7.625000000000001,0.005471532,0.020138638,0.963513827,-0.266843811,0.963513827,-0.266843811,0.005668135,0.020084194
7.630000000000001,0.005478421,0.020150484,0.963465885,-0.267015825,0.963465885,-0.267015825,0.005675502,0.02009587
7.635000000000001,0.005485314,0.020162332,0.963417911,-0.26718783,0.963417911,-0.26718783,0.005682873,0.020107547
7.640000000000001,0.005492213,0.02017418,0.963369908,-0.267359825,0.963369908,-0.267359825,0.005690249,0.020119225
7.645000000000000,0.005499117,0.020186029,0.963321873,-0.267531811,0.963321873,-0.267531811,0.005697631,0.020130903
7.650000000000000,0.005506026,0.020197879,0.963273808,-0.267703788,0.963273808,-0.267703788,0.005705017,0.020142582
7.655000000000000,0.00551294,0.02020973,0.963225711,-0.267875755,0.963225711,-0.267875755,0.005712409,0.020154262
7.660000000000000,0.00551986,0.020221582,0.963177585,-0.268047713,0.963177585,-0.268047713,0.005719806,0.020165943
7.665000000000000,0.005526784,0.020233434,0.963129427,-0.268219662,0.963129427,-0.268219662,0.005727207,0.020177624
7.670000000000001,0.005533714,0.020245287,0.963081238,-0.268391601,0.963081238,-0.268391601,0.005734614,0.020189305
7.675000000000001,0.005540648,0.020257141,0.963033019,-0.268563531,0.963033019,-0.268563531,0.005742026,0.020200988
7.680000000000001,0.005547588,0.020268996,0.962984769,-0.268735452,0.962984769,-0.268735452,0.005749444,0.02021267
7.685000000000000,0.005554533,0.020280852,0.962936488,-0.268907364,0.962936488,-0.268907364,0.005756866,0.020224353
7.690000000000000,0.005561482,0.020292708,0.962888177,-0.269079267,0.962888177,-0.269079267,0.005764293,0.020236037
7.695000000000000,0.005568437,0.020304564,0.962839834,-0.269251161,0.962839834,-0.269251161,0.005771725,0.020247721
7.700000000000000,0.005575397,0.020316422,0.962791461,-0.269423045,0.962791461,-0.269423045,0.005779163,0.020259406
7.705000000000000,0.005582362,0.02032828,0.962743057,-0.26959492,0.962743057,-0.26959492,0.005786605,0.020271091
7.710000000000001,0.005589332,0.020340138,0.962694622,-0.269766787,0.962694622,-0.269766787,0.005794053,0.020282776
7.715000000000001,0.005596307,0.020351997,0.962646157,-0.269938644,0.962646157,-0.269938644,0.005801505,0.020294462
7.720000000000001,0.005603287,0.020363857,0.96259766,-0.270110492,0.96259766,-0.270110492,0.005808963,0.020306148
7.725000000000001,0.005610272,0.020375717,0.962549133,-0.270282331,0.962549133,-0.270282331,0.005816426,0.020317834
7.730000000000000,0.005617262,0.020387578,0.962500575,-0.270454161,0.962500575,-0.270454161,0.005823894,0.020329521
7.735000000000000,0.005624257,0.020399439,0.962451986,-0.270625982,0.962451986,-0.270625982,0.005831366,0.020341208
7.740000000000000,0.005631257,0.0204113,0.962403366,-0.270797794,0.962403366,-0.270797794,0.005838844,0.020352895
7.745000000000000,0.005638262,0.020423162,0.962354716,-0.270969597,0.962354716,-0.270969597,0.005846327,0.020364582
7.750000000000001,0.005645272,0.020435025,0.962306034,-0.271141392,0.962306034,-0.271141392,0.005853815,0.02037627
7.755000000000001,0.005652287,0.020446887,0.962257322,-0.271313177,0.962257322,-0.271313177,0.005861308,0.020387957
7.760000000000001,0.005659307,0.02045875,0.962208578,-0.271484953,0.962208578,-0.271484953,0.005868807,0.020399645
7.765000000000001,0.005666332,0.020470614,0.962159804,-0.271656721,0.962159804,-0.271656721,0.00587631,0.020411333
7.770000000000000,0.005673361,0.020482478,0.962110999,-0.271828479,0.962110999,-0.271828479,0.005883818,0.020423021
7.775000000000000,0.005680396,0.020494342,0.962062164,-0.272000229,0.962062164,-0.272000229,0.005891331,0.020434709
7.780000000000000,0.005687436,0.020506206,0.962013297,-0.27217197,0.962013297,-0.27217197,0.00589885,0.020446397
7.785000000000000,0.00569448,0.02051807,0.961964399,-0.272343702,0.961964399,-0.272343702,0.005906373,0.020458086
7.790000000000001,0.00570153,0.020529935,0.961915471,-0.272515425,0.961915471,-0.272515425,0.005913901,0.020469774
7.795000000000001,0.005708584,0.0205418,0.961866512,-0.27268714,0.961866512,-0.27268714,0.005921435,0.020481462
7.800000000000001,0.005715643,0.020553665,0.961817521,-0.272858846,0.961817521,-0.272858846,0.005928973,0.02049315
7.805000000000001,0.005722708,0.020565531,0.9617685,-0.273030542,0.9617685,-0.273030542,0.005936517,0.020504838
7.810000000000000,0.005729777,0.020577396,0.961719448,-0.273202231,0.961719448,-0.273202231,0.005944065,0.020516526
7.815000000000000,0.005736851,0.020589262,0.961670365,-0.27337391,0.961670365,-0.27337391,0.005951619,0.020528214
7.820000000000000,0.005743929,0.020601128,0.961621251,-0.273545581,0.961621251,-0.273545581,0.005959177,0.020539902
7.825000000000000,0.005751013,0.020612993,0.961572106,-0.273717243,0.961572106,-0.273717243,0.005966741,0.02055159
7.830000000000000,0.005758102,0.020624859,0.961522931,-0.273888896,0.961522931,-0.273888896,0.005974309,0.020563277
7.835000000000001,0.005765195,0.020636725,0.961473724,-0.274060541,0.961473724,-0.274060541,0.005981883,0.020574964
7.840000000000001,0.005772293,0.020648591,0.961424487,-0.274232177,0.961424487,-0.274232177,0.005989461,0.020586651
7.845000000000001,0.005779396,0.020660457,0.961375218,-0.274403804,0.961375218,-0.274403804,0.005997045,0.020598338
7.850000000000001,0.005786504,0.020672323,0.961325919,-0.274575423,0.961325919,-0.274575423,0.006004634,0.020610025
7.855000000000000,0.005793617,0.020684189,0.961276588,-0.274747033,0.961276588,-0.274747033,0.006012227,0.020621711
7.860000000000000,0.005800735,0.020696055,0.961227227,-0.274918635,0.961227227,-0.274918635,0.006019826,0.020633397
7.865000000000000,0.005807857,0.020707921,0.961177835,-0.275090228,0.961177835,-0.275090228,0.00602743,0.020645083
7.870000000000000,0.005814984,0.020719787,0.961128412,-0.275261812,0.961128412,-0.275261812,0.006035038,0.020656769
7.875000000000001,0.005822116,0.020731653,0.961078957,-0.275433388,0.961078957,-0.275433388,0.006042652,0.020668454
7.880000000000001,0.005829253,0.020743519,0.961029472,-0.275604955,0.961029472,-0.275604955,0.006050271,0.020680138
7.885000000000001,0.005836395,0.020755384,0.960979956,-0.275776514,0.960979956,-0.275776514,0.006057894,0.020691823
7.890000000000001,0.005843541,0.02076725,0.960930409,-0.275948064,0.960930409,-0.275948064,0.006065523,0.020703507
7.895000000000000,0.005850692,0.020779115,0.960880831,-0.276119606,0.960880831,-0.276119606,0.006073157,0.02071519
7.900000000000000,0.005857848,0.02079098,0.960831222,-0.276291139,0.960831222,-0.276291139,0.006080795,0.020726873
7.905000000000000,0.005865009,0.020802845,0.960781582,-0.276462664,0.960781582,-0.276462664,0.006088439,0.020738556
7.910000000000000,0.005872175,0.020814709,0.960731911,-0.27663418,0.960731911,-0.27663418,0.006096087,0.020750238
7.915000000000001,0.005879345,0.020826574,0.960682209,-0.276805688,0.960682209,-0.276805688,0.006103741,0.02076192
7.920000000000001,0.00588652,0.020838438,0.960632476,-0.276977188,0.960632476,-0.276977188,0.0061114,0.020773601
7.925000000000001,0.0058937,0.020850302,0.960582713,-0.277148679,0.960582713,-0.277148679,0.006119063,0.020785282
7.930000000000001,0.005900884,0.020862166,0.960532918,-0.277320161,0.960532918,-0.277320161,0.006126732,0.020796962
7.935000000000000,0.005908073,0.020874029,0.960483092,-0.277491635,0.960483092,-0.277491635,0.006134405,0.020808642
7.940000000000000,0.005915267,0.020885892,0.960433235,-0.277663101,0.960433235,-0.277663101,0.006142084,0.020820321
7.945000000000000,0.005922466,0.020897755,0.960383347,-0.277834558,0.960383347,-0.277834558,0.006149767,0.020831999
7.950000000000000,0.005929669,0.020909617,0.960333428,-0.278006007,0.960333428,-0.278006007,0.006157456,0.020843677
7.955000000000000,0.005936877,0.020921479,0.960283478,-0.278177448,0.960283478,-0.278177448,0.006165149,0.020855354
7.960000000000001,0.00594409,0.020933341,0.960233497,-0.27834888,0.960233497,-0.27834888,0.006172848,0.020867031
7.965000000000001,0.005951308,0.020945202,0.960183485,-0.278520304,0.960183485,-0.278520304,0.006180551,0.020878707
7.970000000000001,0.00595853,0.020957063,0.960133442,-0.278691719,0.960133442,-0.278691719,0.00618826,0.020890382
7.975000000000001,0.005965757,0.020968923,0.960083368,-0.278863127,0.960083368,-0.278863127,0.006195973,0.020902056
7.980000000000000,0.005972988,0.020980783,0.960033263,-0.279034526,0.960033263,-0.279034526,0.006203691,0.02091373
7.985000000000000,0.005980224,0.020992643,0.959983127,-0.279205916,0.959983127,-0.279205916,0.006211414,0.020925403
7.990000000000000,0.005987465,0.021004502,0.95993296,-0.279377299,0.95993296,-0.279377299,0.006219143,0.020937075
7.995000000000000,0.005994711,0.021016361,0.959882762,-0.279548673,0.959882762,-0.279548673,0.006226876,0.020948747
8.000000000000000,0.006001961,0.021028219,0.959832533,-0.279720039,0.959832533,-0.279720039,0.006234614,0.020960418
