Frequency (GHz),RE[S11],IM[S11],RE[S12],IM[S12],RE[S21],IM[S21],RE[S22],IM[S22]
8.500000000000000,0.008476708,0.033382741,0.963216004,-0.266512042,0.963216004,-0.266512042,0.009888534,0.032992103
8.500020000000001,0.008473458,0.033372924,0.963213388,-0.266522827,0.963213388,-0.266522827,0.009887008,0.032981793
8.500040000000000,0.0084702,0.033363086,0.963210767,-0.266533634,0.963210767,-0.266533634,0.009885479,0.032971459
8.500060000000001,0.008466934,0.033353225,0.96320814,-0.266544465,0.96320814,-0.266544465,0.009883945,0.032961102
8.500080000000001,0.008463661,0.033343342,0.963205508,-0.266555319,0.963205508,-0.266555319,0.009882408,0.032950721
8.500100000000000,0.00846038,0.033333436,0.963202869,-0.266566196,0.963202869,-0.266566196,0.009880867,0.032940316
8.500120000000001,0.008457091,0.033323507,0.963200225,-0.266577097,0.963200225,-0.266577097,0.009879323,0.032929887
8.500140000000000,0.008453794,0.033313555,0.963197575,-0.266588021,0.963197575,-0.266588021,0.009877774,0.032919435
8.500160000000001,0.008450489,0.033303581,0.963194918,-0.266598968,0.963194918,-0.266598968,0.009876222,0.032908958
8.500180000000000,0.008447177,0.033293584,0.963192256,-0.266609939,0.963192256,-0.266609939,0.009874665,0.032898457
8.500200000000001,0.008443856,0.033283564,0.963189588,-0.266620934,0.963189588,-0.266620934,0.009873105,0.032887933
8.500220000000001,0.008440528,0.03327352,0.963186914,-0.266631953,0.963186914,-0.266631953,0.009871541,0.032877383
8.500240000000000,0.008437191,0.033263454,0.963184235,-0.266642995,0.963184235,-0.266642995,0.009869973,0.03286681
8.500260000000001,0.008433847,0.033253364,0.963181549,-0.266654061,0.963181549,-0.266654061,0.009868401,0.032856212
8.500280000000000,0.008430494,0.033243251,0.963178857,-0.266665152,0.963178857,-0.266665152,0.009866825,0.03284559
8.500300000000001,0.008427134,0.033233115,0.963176159,-0.266676266,0.963176159,-0.266676266,0.009865245,0.032834943
8.500320000000000,0.008423765,0.033222955,0.963173455,-0.266687404,0.963173455,-0.266687404,0.009863661,0.032824271
8.500340000000001,0.008420389,0.033212772,0.963170745,-0.266698567,0.963170745,-0.266698567,0.009862073,0.032813574
8.500360000000001,0.008417004,0.033202565,0.963168028,-0.266709754,0.963168028,-0.266709754,0.009860481,0.032802853
8.500380000000000,0.008413611,0.033192334,0.963165306,-0.266720966,0.963165306,-0.266720966,0.009858885,0.032792107
8.500400000000001,0.00841021,0.033182079,0.963162577,-0.266732202,0.963162577,-0.266732202,0.009857285,0.032781335
8.500420000000000,0.0084068,0.033171801,0.963159843,-0.266743463,0.963159843,-0.266743463,0.00985568,0.032770539
8.500440000000001,0.008403383,0.033161498,0.963157102,-0.266754748,0.963157102,-0.266754748,0.009854072,0.032759717
8.500460000000000,0.008399957,0.033151172,0.963154355,-0.266766058,0.963154355,-0.266766058,0.00985246,0.03274887
8.500480000000001,0.008396522,0.033140821,0.963151601,-0.266777393,0.963151601,-0.266777393,0.009850843,0.032737998
8.500500000000001,0.00839308,0.033130447,0.963148842,-0.266788753,0.963148842,-0.266788753,0.009849223,0.0327271
8.500520000000000,0.008389629,0.033120047,0.963146076,-0.266800137,0.963146076,-0.266800137,0.009847598,0.032716177
8.500540000000001,0.00838617,0.033109624,0.963143304,-0.266811547,0.963143304,-0.266811547,0.009845969,0.032705228
8.500560000000000,0.008382702,0.033099176,0.963140525,-0.266822982,0.963140525,-0.266822982,0.009844336,0.032694253
8.500580000000001,0.008379226,0.033088704,0.96313774,-0.266834443,0.96313774,-0.266834443,0.009842699,0.032683253
8.500600000000000,0.008375741,0.033078206,0.963134949,-0.266845929,0.963134949,-0.266845929,0.009841058,0.032672226
8.500620000000001,0.008372248,0.033067685,0.963132151,-0.26685744,0.963132151,-0.26685744,0.009839412,0.032661174
8.500640000000001,0.008368746,0.033057138,0.963129347,-0.266868977,0.963129347,-0.266868977,0.009837762,0.032650095
8.500660000000000,0.008365235,0.033046566,0.963126536,-0.266880539,0.963126536,-0.266880539,0.009836108,0.03263899
8.500680000000001,0.008361716,0.03303597,0.963123719,-0.266892127,0.963123719,-0.266892127,0.00983445,0.032627859
8.500700000000000,0.008358189,0.033025348,0.963120896,-0.266903741,0.963120896,-0.266903741,0.009832787,0.032616702
8.500720000000001,0.008354652,0.033014701,0.963118066,-0.266915381,0.963118066,-0.266915381,0.00983112,0.032605518
8.500740000000000,0.008351107,0.033004029,0.963115229,-0.266927047,0.963115229,-0.266927047,0.009829449,0.032594307
8.500760000000000,0.008347553,0.032993332,0.963112386,-0.266938739,0.963112386,-0.266938739,0.009827773,0.03258307
8.500780000000001,0.008343991,0.032982609,0.963109536,-0.266950457,0.963109536,-0.266950457,0.009826093,0.032571806
8.500800000000000,0.008340419,0.032971861,0.96310668,-0.266962201,0.96310668,-0.266962201,0.009824409,0.032560516
8.500820000000001,0.008336839,0.032961087,0.963103817,-0.266973972,0.963103817,-0.266973972,0.00982272,0.032549198
8.500840000000000,0.00833325,0.032950287,0.963100947,-0.26698577,0.963100947,-0.26698577,0.009821027,0.032537853
8.500860000000001,0.008329652,0.032939462,0.963098071,-0.266997593,0.963098071,-0.266997593,0.00981933,0.032526482
8.500880000000000,0.008326045,0.03292861,0.963095188,-0.267009444,0.963095188,-0.267009444,0.009817628,0.032515082
8.500900000000000,0.008322429,0.032917733,0.963092298,-0.267021321,0.963092298,-0.267021321,0.009815921,0.032503656
8.500920000000001,0.008318804,0.03290683,0.963089401,-0.267033225,0.963089401,-0.267033225,0.009814211,0.032492202
8.500940000000000,0.00831517,0.0328959,0.963086498,-0.267045156,0.963086498,-0.267045156,0.009812495,0.032480721
8.500960000000001,0.008311527,0.032884944,0.963083588,-0.267057114,0.963083588,-0.267057114,0.009810776,0.032469212
8.500980000000000,0.008307875,0.032873962,0.963080671,-0.267069099,0.963080671,-0.267069099,0.009809051,0.032457675
8.501000000000001,0.008304214,0.032862954,0.963077747,-0.267081112,0.963077747,-0.267081112,0.009807322,0.032446111
8.501020000000000,0.008300543,0.032851918,0.963074816,-0.267093151,0.963074816,-0.267093151,0.009805589,0.032434519
8.501040000000000,0.008296864,0.032840857,0.963071878,-0.267105219,0.963071878,-0.267105219,0.009803851,0.032422898
8.501060000000001,0.008293175,0.032829768,0.963068933,-0.267117313,0.963068933,-0.267117313,0.009802109,0.03241125
8.501080000000000,0.008289477,0.032818653,0.963065982,-0.267129435,0.963065982,-0.267129435,0.009800361,0.032399573
8.501100000000001,0.008285769,0.032807511,0.963063023,-0.267141585,0.963063023,-0.267141585,0.00979861,0.032387868
8.501120000000000,0.008282053,0.032796341,0.963060058,-0.267153763,0.963060058,-0.267153763,0.009796853,0.032376134
8.501140000000001,0.008278326,0.032785145,0.963057085,-0.267165969,0.963057085,-0.267165969,0.009795092,0.032364372
8.501160000000000,0.008274591,0.032773921,0.963054105,-0.267178203,0.963054105,-0.267178203,0.009793327,0.032352582
8.501180000000000,0.008270846,0.032762671,0.963051118,-0.267190465,0.963051118,-0.267190465,0.009791556,0.032340762
8.501200000000001,0.008267091,0.032751392,0.963048124,-0.267202755,0.963048124,-0.267202755,0.009789781,0.032328914
8.501220000000000,0.008263327,0.032740086,0.963045123,-0.267215073,0.963045123,-0.267215073,0.009788001,0.032317037
8.501240000000001,0.008259554,0.032728753,0.963042115,-0.26722742,0.963042115,-0.26722742,0.009786217,0.032305131
8.501260000000000,0.008255771,0.032717392,0.963039099,-0.267239796,0.963039099,-0.267239796,0.009784427,0.032293195
8.501280000000001,0.008251978,0.032706003,0.963036076,-0.2672522,0.963036076,-0.2672522,0.009782633,0.032281231
8.501300000000001,0.008248175,0.032694586,0.963033046,-0.267264632,0.963033046,-0.267264632,0.009780834,0.032269236
8.501320000000000,0.008244363,0.032683141,0.963030009,-0.267277094,0.963030009,-0.267277094,0.009779031,0.032257213
8.501340000000001,0.008240541,0.032671668,0.963026964,-0.267289585,0.963026964,-0.267289585,0.009777222,0.03224516
8.501360000000000,0.00823671,0.032660167,0.963023912,-0.267302104,0.963023912,-0.267302104,0.009775409,0.032233077
8.501380000000001,0.008232868,0.032648637,0.963020853,-0.267314653,0.963020853,-0.267314653,0.00977359,0.032220965
8.501400000000000,0.008229017,0.032637079,0.963017786,-0.267327231,0.963017786,-0.267327231,0.009771767,0.032208822
8.501420000000001,0.008225156,0.032625493,0.963014712,-0.267339839,0.963014712,-0.267339839,0.009769939,0.03219665
8.501440000000001,0.008221285,0.032613877,0.96301163,-0.267352476,0.96301163,-0.267352476,0.009768106,0.032184447
8.501460000000000,0.008217403,0.032602234,0.963008541,-0.267365142,0.963008541,-0.267365142,0.009766268,0.032172214
8.501480000000001,0.008213512,0.032590561,0.963005444,-0.267377839,0.963005444,-0.267377839,0.009764425,0.032159951
8.501500000000000,0.008209611,0.032578859,0.96300234,-0.267390565,0.96300234,-0.267390565,0.009762577,0.032147657
8.501520000000001,0.0082057,0.032567128,0.962999228,-0.267403321,0.962999228,-0.267403321,0.009760724,0.032135333
8.501540000000000,0.008201779,0.032555368,0.962996108,-0.267416107,0.962996108,-0.267416107,0.009758866,0.032122978
8.501560000000001,0.008197847,0.032543579,0.962992981,-0.267428923,0.962992981,-0.267428923,0.009757003,0.032110592
8.501580000000001,0.008193906,0.03253176,0.962989846,-0.26744177,0.962989846,-0.26744177,0.009755135,0.032098175
8.501600000000000,0.008189954,0.032519912,0.962986704,-0.267454647,0.962986704,-0.267454647,0.009753262,0.032085728
8.501620000000001,0.008185992,0.032508035,0.962983554,-0.267467554,0.962983554,-0.267467554,0.009751384,0.032073249
8.501640000000000,0.008182019,0.032496127,0.962980396,-0.267480492,0.962980396,-0.267480492,0.0097495,0.032060739
8.501660000000001,0.008178037,0.03248419,0.96297723,-0.267493461,0.96297723,-0.267493461,0.009747612,0.032048197
8.501680000000000,0.008174044,0.032472223,0.962974057,-0.26750646,0.962974057,-0.26750646,0.009745718,0.032035624
8.501700000000001,0.00817004,0.032460225,0.962970875,-0.267519491,0.962970875,-0.267519491,0.009743819,0.032023019
8.501720000000001,0.008166026,0.032448198,0.962967686,-0.267532552,0.962967686,-0.267532552,0.009741915,0.032010383
8.501740000000000,0.008162001,0.03243614,0.962964489,-0.267545645,0.962964489,-0.267545645,0.009740006,0.031997715
8.501760000000001,0.008157966,0.032424052,0.962961284,-0.267558769,0.962961284,-0.267558769,0.009738091,0.031985014
8.501780000000000,0.008153921,0.032411933,0.96295807,-0.267571924,0.96295807,-0.267571924,0.009736171,0.031972282
8.501800000000001,0.008149864,0.032399784,0.962954849,-0.267585111,0.962954849,-0.267585111,0.009734246,0.031959517
8.501820000000000,0.008145797,0.032387604,0.96295162,-0.26759833,0.96295162,-0.26759833,0.009732316,0.031946721
8.501840000000001,0.00814172,0.032375393,0.962948383,-0.26761158,0.962948383,-0.26761158,0.00973038,0.031933891
8.501860000000001,0.008137631,0.032363152,0.962945138,-0.267624863,0.962945138,-0.267624863,0.009728439,0.031921029
8.501880000000000,0.008133532,0.032350879,0.962941884,-0.267638177,0.962941884,-0.267638177,0.009726492,0.031908135
8.501900000000001,0.008129422,0.032338575,0.962938623,-0.267651523,0.962938623,-0.267651523,0.00972454,0.031895207
8.501920000000000,0.008125301,0.032326239,0.962935353,-0.267664902,0.962935353,-0.267664902,0.009722583,0.031882247
8.501940000000001,0.008121169,0.032313872,0.962932075,-0.267678313,0.962932075,-0.267678313,0.00972062,0.031869253
8.501960000000000,0.008117026,0.032301474,0.962928789,-0.267691756,0.962928789,-0.267691756,0.009718652,0.031856226
8.501980000000000,0.008112872,0.032289044,0.962925494,-0.267705233,0.962925494,-0.267705233,0.009716678,0.031843166
8.502000000000001,0.008108707,0.032276582,0.962922191,-0.267718742,0.962922191,-0.267718742,0.009714698,0.031830073
8.502020000000000,0.008104531,0.032264088,0.96291888,-0.267732283,0.96291888,-0.267732283,0.009712714,0.031816945
8.502040000000001,0.008100344,0.032251562,0.96291556,-0.267745858,0.96291556,-0.267745858,0.009710723,0.031803785
8.502060000000000,0.008096146,0.032239004,0.962912232,-0.267759466,0.962912232,-0.267759466,0.009708727,0.03179059
8.502080000000001,0.008091936,0.032226414,0.962908896,-0.267773107,0.962908896,-0.267773107,0.009706726,0.031777361
8.502100000000000,0.008087715,0.032213792,0.962905551,-0.267786782,0.962905551,-0.267786782,0.009704718,0.031764098
8.502120000000000,0.008083483,0.032201136,0.962902197,-0.26780049,0.962902197,-0.26780049,0.009702705,0.031750801
8.502140000000001,0.00807924,0.032188448,0.962898835,-0.267814231,0.962898835,-0.267814231,0.009700687,0.03173747
8.502160000000000,0.008074985,0.032175728,0.962895465,-0.267828007,0.962895465,-0.267828007,0.009698663,0.031724104
8.502180000000001,0.008070718,0.032162974,0.962892085,-0.267841816,0.962892085,-0.267841816,0.009696633,0.031710703
8.502200000000000,0.008066441,0.032150187,0.962888697,-0.26785566,0.962888697,-0.26785566,0.009694597,0.031697268
8.502220000000001,0.008062151,0.032137368,0.962885301,-0.267869537,0.962885301,-0.267869537,0.009692556,0.031683798
8.502240000000000,0.00805785,0.032124515,0.962881895,-0.267883449,0.962881895,-0.267883449,0.009690508,0.031670293
8.502260000000000,0.008053537,0.032111628,0.962878481,-0.267897395,0.962878481,-0.267897395,0.009688455,0.031656752
8.502280000000001,0.008049213,0.032098708,0.962875058,-0.267911376,0.962875058,-0.267911376,0.009686396,0.031643176
8.502300000000000,0.008044877,0.032085754,0.962871626,-0.267925392,0.962871626,-0.267925392,0.009684332,0.031629565
8.502320000000001,0.008040529,0.032072767,0.962868186,-0.267939442,0.962868186,-0.267939442,0.009682261,0.031615918
8.502340000000000,0.00803617,0.032059745,0.962864736,-0.267953527,0.962864736,-0.267953527,0.009680184,0.031602236
8.502360000000001,0.008031798,0.03204669,0.962861278,-0.267967648,0.962861278,-0.267967648,0.009678102,0.031588517
8.502380000000000,0.008027415,0.0320336,0.96285781,-0.267981803,0.96285781,-0.267981803,0.009676013,0.031574763
8.502400000000000,0.008023019,0.032020476,0.962854333,-0.267995994,0.962854333,-0.267995994,0.009673919,0.031560972
8.502420000000001,0.008018612,0.032007317,0.962850848,-0.268010221,0.962850848,-0.268010221,0.009671818,0.031547146
8.502440000000000,0.008014192,0.031994124,0.962847353,-0.268024483,0.962847353,-0.268024483,0.009669712,0.031533282
8.502460000000001,0.00800976,0.031980896,0.962843849,-0.268038781,0.962843849,-0.268038781,0.009667599,0.031519382
8.502480000000000,0.008005317,0.031967633,0.962840336,-0.268053115,0.962840336,-0.268053115,0.009665481,0.031505446
8.502500000000001,0.008000861,0.031954335,0.962836814,-0.268067485,0.962836814,-0.268067485,0.009663356,0.031491472
8.502520000000001,0.007996392,0.031941002,0.962833283,-0.268081891,0.962833283,-0.268081891,0.009661225,0.031477462
8.502540000000000,0.007991912,0.031927633,0.962829742,-0.268096333,0.962829742,-0.268096333,0.009659088,0.031463414
8.502560000000001,0.007987419,0.03191423,0.962826192,-0.268110812,0.962826192,-0.268110812,0.009656945,0.031449329
8.502580000000000,0.007982913,0.03190079,0.962822632,-0.268125328,0.962822632,-0.268125328,0.009654795,0.031435207
8.502600000000001,0.007978396,0.031887315,0.962819063,-0.268139881,0.962819063,-0.268139881,0.00965264,0.031421047
8.502620000000000,0.007973865,0.031873804,0.962815485,-0.26815447,0.962815485,-0.26815447,0.009650478,0.031406849
8.502640000000001,0.007969322,0.031860257,0.962811897,-0.268169097,0.962811897,-0.268169097,0.009648309,0.031392614
8.502660000000001,0.007964767,0.031846674,0.9628083,-0.26818376,0.9628083,-0.26818376,0.009646135,0.03137834
8.502680000000000,0.007960198,0.031833054,0.962804693,-0.268198461,0.962804693,-0.268198461,0.009643954,0.031364028
8.502700000000001,0.007955618,0.031819398,0.962801077,-0.2682132,0.962801077,-0.2682132,0.009641766,0.031349678
8.502720000000000,0.007951024,0.031805706,0.962797451,-0.268227976,0.962797451,-0.268227976,0.009639573,0.031335289
8.502740000000001,0.007946417,0.031791977,0.962793815,-0.268242791,0.962793815,-0.268242791,0.009637372,0.031320862
8.502760000000000,0.007941798,0.031778211,0.962790169,-0.268257643,0.962790169,-0.268257643,0.009635166,0.031306396
8.502780000000001,0.007937165,0.031764408,0.962786514,-0.268272533,0.962786514,-0.268272533,0.009632953,0.03129189
8.502800000000001,0.00793252,0.031750567,0.962782849,-0.268287462,0.962782849,-0.268287462,0.009630733,0.031277346
8.502820000000000,0.007927862,0.03173669,0.962779174,-0.268302429,0.962779174,-0.268302429,0.009628507,0.031262763
8.502840000000001,0.00792319,0.031722775,0.962775489,-0.268317434,0.962775489,-0.268317434,0.009626274,0.031248139
8.502860000000000,0.007918505,0.031708822,0.962771795,-0.268332479,0.962771795,-0.268332479,0.009624035,0.031233477
8.502880000000001,0.007913808,0.031694832,0.96276809,-0.268347562,0.96276809,-0.268347562,0.009621789,0.031218774
8.502900000000000,0.007909096,0.031680803,0.962764375,-0.268362684,0.962764375,-0.268362684,0.009619536,0.031204032
8.502920000000001,0.007904372,0.031666737,0.962760651,-0.268377846,0.962760651,-0.268377846,0.009617277,0.03118925
8.502940000000001,0.007899634,0.031652632,0.962756916,-0.268393047,0.962756916,-0.268393047,0.009615011,0.031174427
8.502960000000000,0.007894883,0.031638489,0.962753171,-0.268408287,0.962753171,-0.268408287,0.009612738,0.031159564
8.502980000000001,0.007890118,0.031624307,0.962749416,-0.268423567,0.962749416,-0.268423567,0.009610459,0.03114466
8.503000000000000,0.00788534,0.031610087,0.962745651,-0.268438887,0.962745651,-0.268438887,0.009608172,0.031129716
8.503020000000001,0.007880548,0.031595828,0.962741875,-0.268454247,0.962741875,-0.268454247,0.009605879,0.03111473
8.503040000000000,0.007875742,0.031581529,0.962738089,-0.268469648,0.962738089,-0.268469648,0.009603579,0.031099704
8.503060000000001,0.007870923,0.031567192,0.962734293,-0.268485088,0.962734293,-0.268485088,0.009601272,0.031084636
8.503080000000001,0.00786609,0.031552815,0.962730486,-0.26850057,0.962730486,-0.26850057,0.009598959,0.031069527
8.503100000000000,0.007861243,0.031538399,0.962726669,-0.268516091,0.962726669,-0.268516091,0.009596638,0.031054377
8.503120000000001,0.007856382,0.031523943,0.962722841,-0.268531654,0.962722841,-0.268531654,0.00959431,0.031039184
8.503140000000000,0.007851508,0.031509447,0.962719003,-0.268547258,0.962719003,-0.268547258,0.009591975,0.03102395
8.503160000000001,0.007846619,0.031494912,0.962715154,-0.268562903,0.962715154,-0.268562903,0.009589633,0.031008673
8.503180000000000,0.007841716,0.031480336,0.962711295,-0.268578589,0.962711295,-0.268578589,0.009587284,0.030993355
8.503200000000000,0.007836799,0.03146572,0.962707425,-0.268594317,0.962707425,-0.268594317,0.009584928,0.030977993
8.503220000000001,0.007831868,0.031451063,0.962703544,-0.268610086,0.962703544,-0.268610086,0.009582565,0.03096259
8.503240000000000,0.007826923,0.031436366,0.962699653,-0.268625898,0.962699653,-0.268625898,0.009580195,0.030947143
8.503260000000001,0.007821963,0.031421627,0.96269575,-0.268641751,0.96269575,-0.268641751,0.009577818,0.030931653
8.503280000000000,0.007816989,0.031406848,0.962691837,-0.268657647,0.962691837,-0.268657647,0.009575433,0.030916121
8.503300000000001,0.007812,0.031392028,0.962687913,-0.268673585,0.962687913,-0.268673585,0.009573041,0.030900545
8.503320000000000,0.007806997,0.031377166,0.962683978,-0.268689566,0.962683978,-0.268689566,0.009570641,0.030884925
8.503340000000000,0.00780198,0.031362263,0.962680032,-0.268705589,0.962680032,-0.268705589,0.009568235,0.030869262
8.503360000000001,0.007796947,0.031347318,0.962676075,-0.268721655,0.962676075,-0.268721655,0.009565821,0.030853555
8.503380000000000,0.007791901,0.031332332,0.962672107,-0.268737765,0.962672107,-0.268737765,0.009563399,0.030837803
8.503400000000001,0.007786839,0.031317303,0.962668127,-0.268753917,0.962668127,-0.268753917,0.009560971,0.030822008
8.503420000000000,0.007781762,0.031302232,0.962664137,-0.268770114,0.962664137,-0.268770114,0.009558534,0.030806168
8.503440000000001,0.007776671,0.031287119,0.962660135,-0.268786353,0.962660135,-0.268786353,0.009556091,0.030790283
8.503460000000000,0.007771565,0.031271963,0.962656122,-0.268802637,0.962656122,-0.268802637,0.009553639,0.030774354
8.503480000000000,0.007766444,0.031256765,0.962652098,-0.268818965,0.962652098,-0.268818965,0.00955118,0.03075838
8.503500000000001,0.007761307,0.031241523,0.962648062,-0.268835337,0.962648062,-0.268835337,0.009548714,0.03074236
8.503520000000000,0.007756156,0.031226239,0.962644015,-0.268851753,0.962644015,-0.268851753,0.00954624,0.030726295
8.503540000000001,0.007750989,0.031210911,0.962639956,-0.268868214,0.962639956,-0.268868214,0.009543758,0.030710185
8.503560000000000,0.007745807,0.031195539,0.962635886,-0.26888472,0.962635886,-0.26888472,0.009541268,0.030694029
8.503580000000001,0.00774061,0.031180124,0.962631804,-0.26890127,0.962631804,-0.26890127,0.009538771,0.030677827
8.503600000000000,0.007735397,0.031164666,0.96262771,-0.268917866,0.96262771,-0.268917866,0.009536266,0.030661578
8.503620000000000,0.007730169,0.031149163,0.962623605,-0.268934507,0.962623605,-0.268934507,0.009533754,0.030645283
8.503640000000001,0.007724925,0.031133616,0.962619488,-0.268951194,0.962619488,-0.268951194,0.009531233,0.030628942
8.503660000000000,0.007719666,0.031118025,0.962615359,-0.268967926,0.962615359,-0.268967926,0.009528704,0.030612554
8.503680000000001,0.00771439,0.031102389,0.962611219,-0.268984705,0.962611219,-0.268984705,0.009526168,0.030596119
8.503700000000000,0.0077091,0.031086708,0.962607066,-0.269001529,0.962607066,-0.269001529,0.009523624,0.030579637
8.503720000000001,0.007703793,0.031070982,0.962602902,-0.2690184,0.962602902,-0.2690184,0.009521071,0.030563108
8.503740000000001,0.007698471,0.031055211,0.962598725,-0.269035317,0.962598725,-0.269035317,0.009518511,0.030546531
8.503760000000000,0.007693132,0.031039395,0.962594537,-0.269052281,0.962594537,-0.269052281,0.009515942,0.030529906
8.503780000000001,0.007687777,0.031023533,0.962590336,-0.269069292,0.962590336,-0.269069292,0.009513366,0.030513233
8.503800000000000,0.007682407,0.031007626,0.962586123,-0.26908635,0.962586123,-0.26908635,0.009510781,0.030496513
8.503820000000001,0.00767702,0.030991672,0.962581898,-0.269103455,0.962581898,-0.269103455,0.009508188,0.030479743
8.503840000000000,0.007671617,0.030975673,0.96257766,-0.269120608,0.96257766,-0.269120608,0.009505587,0.030462926
8.503860000000001,0.007666198,0.030959627,0.962573411,-0.269137809,0.962573411,-0.269137809,0.009502978,0.030446059
8.503880000000001,0.007660762,0.030943535,0.962569148,-0.269155058,0.962569148,-0.269155058,0.00950036,0.030429143
8.503900000000000,0.00765531,0.030927396,0.962564874,-0.269172354,0.962564874,-0.269172354,0.009497734,0.030412179
8.503920000000001,0.007649841,0.030911209,0.962560587,-0.269189699,0.962560587,-0.269189699,0.0094951,0.030395164
8.503940000000000,0.007644355,0.030894976,0.962556287,-0.269207093,0.962556287,-0.269207093,0.009492457,0.0303781
8.503960000000001,0.007638853,0.030878696,0.962551975,-0.269224535,0.962551975,-0.269224535,0.009489806,0.030360987
8.503980000000000,0.007633334,0.030862368,0.962547649,-0.269242027,0.962547649,-0.269242027,0.009487147,0.030343823
8.504000000000001,0.007627799,0.030845992,0.962543312,-0.269259567,0.962543312,-0.269259567,0.009484478,0.030326609
8.504020000000001,0.007622246,0.030829568,0.962538961,-0.269277157,0.962538961,-0.269277157,0.009481802,0.030309344
8.504040000000000,0.007616676,0.030813096,0.962534598,-0.269294797,0.962534598,-0.269294797,0.009479116,0.030292028
8.504060000000001,0.00761109,0.030796575,0.962530221,-0.269312487,0.962530221,-0.269312487,0.009476422,0.030274662
8.504080000000000,0.007605486,0.030780006,0.962525832,-0.269330226,0.962525832,-0.269330226,0.00947372,0.030257245
8.504100000000001,0.007599865,0.030763389,0.962521429,-0.269348016,0.962521429,-0.269348016,0.009471008,0.030239776
8.504120000000000,0.007594226,0.030746722,0.962517014,-0.269365857,0.962517014,-0.269365857,0.009468288,0.030222255
8.504140000000001,0.007588571,0.030730006,0.962512585,-0.269383748,0.962512585,-0.269383748,0.009465559,0.030204682
8.504160000000001,0.007582897,0.03071324,0.962508143,-0.26940169,0.962508143,-0.26940169,0.009462822,0.030187058
8.504180000000000,0.007577207,0.030696425,0.962503688,-0.269419683,0.962503688,-0.269419683,0.009460075,0.030169381
8.504200000000001,0.007571498,0.03067956,0.96249922,-0.269437728,0.96249922,-0.269437728,0.009457319,0.030151651
8.504220000000000,0.007565772,0.030662644,0.962494738,-0.269455824,0.962494738,-0.269455824,0.009454555,0.030133869
8.504240000000001,0.007560028,0.030645679,0.962490242,-0.269473972,0.962490242,-0.269473972,0.009451781,0.030116034
8.504260000000000,0.007554266,0.030628663,0.962485733,-0.269492173,0.962485733,-0.269492173,0.009448998,0.030098145
8.504280000000001,0.007548486,0.030611596,0.962481211,-0.269510425,0.962481211,-0.269510425,0.009446207,0.030080203
8.504300000000001,0.007542689,0.030594478,0.962476675,-0.269528731,0.962476675,-0.269528731,0.009443406,0.030062207
8.504320000000000,0.007536873,0.030577308,0.962472125,-0.269547089,0.962472125,-0.269547089,0.009440595,0.030044158
8.504340000000001,0.007531038,0.030560088,0.962467561,-0.2695655,0.962467561,-0.2695655,0.009437776,0.030026053
8.504360000000000,0.007525186,0.030542815,0.962462983,-0.269583964,0.962462983,-0.269583964,0.009434947,0.030007895
8.504380000000001,0.007519315,0.030525491,0.962458392,-0.269602482,0.962458392,-0.269602482,0.009432109,0.029989682
8.504400000000000,0.007513426,0.030508114,0.962453786,-0.269621054,0.962453786,-0.269621054,0.009429262,0.029971414
8.504420000000000,0.007507518,0.030490686,0.962449167,-0.269639679,0.962449167,-0.269639679,0.009426405,0.02995309
8.504440000000001,0.007501591,0.030473204,0.962444533,-0.269658359,0.962444533,-0.269658359,0.009423539,0.029934711
8.504460000000000,0.007495646,0.030455669,0.962439885,-0.269677094,0.962439885,-0.269677094,0.009420663,0.029916277
8.504480000000001,0.007489682,0.030438082,0.962435223,-0.269695883,0.962435223,-0.269695883,0.009417778,0.029897786
8.504500000000000,0.007483699,0.030420441,0.962430547,-0.269714727,0.962430547,-0.269714727,0.009414883,0.02987924
8.504520000000001,0.007477697,0.030402746,0.962425856,-0.269733626,0.962425856,-0.269733626,0.009411978,0.029860636
8.504540000000000,0.007471676,0.030384998,0.962421151,-0.269752581,0.962421151,-0.269752581,0.009409064,0.029841976
8.504560000000000,0.007465636,0.030367195,0.962416431,-0.269771592,0.962416431,-0.269771592,0.00940614,0.02982326
8.504580000000001,0.007459577,0.030349339,0.962411696,-0.269790658,0.962411696,-0.269790658,0.009403206,0.029804485
8.504600000000000,0.007453498,0.030331427,0.962406947,-0.269809781,0.962406947,-0.269809781,0.009400263,0.029785654
8.504620000000001,0.0074474,0.030313461,0.962402183,-0.26982896,0.962402183,-0.26982896,0.009397309,0.029766764
8.504640000000000,0.007441282,0.03029544,0.962397405,-0.269848196,0.962397405,-0.269848196,0.009394346,0.029747817
8.504660000000001,0.007435145,0.030277363,0.962392611,-0.269867489,0.962392611,-0.269867489,0.009391372,0.029728811
8.504680000000000,0.007428987,0.030259231,0.962387803,-0.26988684,0.962387803,-0.26988684,0.009388389,0.029709747
8.504700000000000,0.007422811,0.030241043,0.962382979,-0.269906248,0.962382979,-0.269906248,0.009385395,0.029690624
8.504720000000001,0.007416614,0.030222798,0.962378141,-0.269925713,0.962378141,-0.269925713,0.009382392,0.029671441
8.504740000000000,0.007410397,0.030204498,0.962373287,-0.269945237,0.962373287,-0.269945237,0.009379378,0.0296522
8.504760000000001,0.00740416,0.030186141,0.962368418,-0.269964819,0.962368418,-0.269964819,0.009376354,0.029632898
8.504780000000000,0.007397903,0.030167726,0.962363534,-0.26998446,0.962363534,-0.26998446,0.009373319,0.029613537
8.504800000000001,0.007391625,0.030149255,0.962358634,-0.27000416,0.962358634,-0.27000416,0.009370274,0.029594115
8.504820000000000,0.007385327,0.030130727,0.962353719,-0.270023919,0.962353719,-0.270023919,0.009367219,0.029574633
8.504840000000000,0.007379009,0.03011214,0.962348788,-0.270043737,0.962348788,-0.270043737,0.009364154,0.029555091
8.504860000000001,0.00737267,0.030093496,0.962343841,-0.270063615,0.962343841,-0.270063615,0.009361077,0.029535487
8.504880000000000,0.00736631,0.030074793,0.962338879,-0.270083553,0.962338879,-0.270083553,0.009357991,0.029515822
8.504900000000001,0.00735993,0.030056032,0.962333902,-0.270103551,0.962333902,-0.270103551,0.009354894,0.029496095
8.504920000000000,0.007353528,0.030037213,0.962328908,-0.27012361,0.962328908,-0.27012361,0.009351786,0.029476306
8.504940000000001,0.007347106,0.030018334,0.962323898,-0.27014373,0.962323898,-0.27014373,0.009348667,0.029456455
8.504960000000001,0.007340663,0.029999396,0.962318873,-0.270163911,0.962318873,-0.270163911,0.009345538,0.029436542
8.504980000000000,0.007334198,0.029980398,0.962313831,-0.270184153,0.962313831,-0.270184153,0.009342397,0.029416566
8.505000000000001,0.007327712,0.02996134,0.962308773,-0.270204457,0.962308773,-0.270204457,0.009339246,0.029396526
8.505020000000000,0.007321205,0.029942223,0.962303699,-0.270224823,0.962303699,-0.270224823,0.009336084,0.029376424
8.505040000000001,0.007314676,0.029923045,0.962298608,-0.270245251,0.962298608,-0.270245251,0.009332911,0.029356257
8.505060000000000,0.007308125,0.029903806,0.962293501,-0.270265742,0.962293501,-0.270265742,0.009329727,0.029336027
8.505080000000001,0.007301553,0.029884506,0.962288378,-0.270286295,0.962288378,-0.270286295,0.009326532,0.029315732
8.505100000000001,0.007294959,0.029865144,0.962283238,-0.270306912,0.962283238,-0.270306912,0.009323326,0.029295373
8.505120000000000,0.007288343,0.029845722,0.962278081,-0.270327592,0.962278081,-0.270327592,0.009320108,0.029274949
8.505140000000001,0.007281705,0.029826237,0.962272908,-0.270348337,0.962272908,-0.270348337,0.00931688,0.029254459
8.505160000000000,0.007275044,0.02980669,0.962267718,-0.270369145,0.962267718,-0.270369145,0.00931364,0.029233904
8.505180000000001,0.007268362,0.029787081,0.962262511,-0.270390017,0.962262511,-0.270390017,0.009310388,0.029213283
8.505200000000000,0.007261657,0.029767409,0.962257286,-0.270410955,0.962257286,-0.270410955,0.009307125,0.029192597
8.505220000000001,0.007254929,0.029747673,0.962252045,-0.270431957,0.962252045,-0.270431957,0.009303851,0.029171843
8.505240000000001,0.007248179,0.029727875,0.962246787,-0.270453025,0.962246787,-0.270453025,0.009300565,0.029151023
8.505260000000000,0.007241407,0.029708012,0.962241511,-0.270474158,0.962241511,-0.270474158,0.009297267,0.029130136
8.505280000000001,0.007234611,0.029688086,0.962236218,-0.270495357,0.962236218,-0.270495357,0.009293958,0.029109181
8.505300000000000,0.007227793,0.029668096,0.962230908,-0.270516622,0.962230908,-0.270516622,0.009290637,0.029088158
8.505320000000001,0.007220951,0.02964804,0.96222558,-0.270537955,0.96222558,-0.270537955,0.009287304,0.029067068
8.505340000000000,0.007214086,0.02962792,0.962220234,-0.270559353,0.962220234,-0.270559353,0.009283959,0.029045908
8.505360000000001,0.007207198,0.029607735,0.962214871,-0.27058082,0.962214871,-0.27058082,0.009280603,0.029024681
8.505380000000001,0.007200287,0.029587484,0.96220949,-0.270602353,0.96220949,-0.270602353,0.009277234,0.029003384
8.505400000000000,0.007193352,0.029567167,0.962204091,-0.270623955,0.962204091,-0.270623955,0.009273853,0.028982017
8.505420000000001,0.007186393,0.029546784,0.962198674,-0.270645625,0.962198674,-0.270645625,0.009270461,0.028960581
8.505440000000000,0.00717941,0.029526335,0.962193239,-0.270667363,0.962193239,-0.270667363,0.009267056,0.028939075
8.505460000000001,0.007172404,0.029505818,0.962187786,-0.270689171,0.962187786,-0.270689171,0.009263638,0.028917498
8.505480000000000,0.007165374,0.029485235,0.962182315,-0.270711047,0.962182315,-0.270711047,0.009260209,0.028895851
8.505500000000001,0.007158319,0.029464584,0.962176825,-0.270732993,0.962176825,-0.270732993,0.009256767,0.028874132
8.505520000000001,0.00715124,0.029443865,0.962171317,-0.27075501,0.962171317,-0.27075501,0.009253312,0.028852342
8.505540000000000,0.007144137,0.029423078,0.96216579,-0.270777096,0.96216579,-0.270777096,0.009249846,0.02883048
8.505560000000001,0.00713701,0.029402223,0.962160245,-0.270799253,0.962160245,-0.270799253,0.009246366,0.028808546
8.505580000000000,0.007129857,0.029381299,0.962154681,-0.270821481,0.962154681,-0.270821481,0.009242874,0.028786539
8.505600000000001,0.00712268,0.029360305,0.962149098,-0.27084378,0.962149098,-0.27084378,0.009239369,0.02876446
8.505620000000000,0.007115478,0.029339242,0.962143496,-0.27086615,0.962143496,-0.27086615,0.009235852,0.028742307
8.505640000000000,0.007108251,0.029318109,0.962137875,-0.270888593,0.962137875,-0.270888593,0.009232321,0.02872008
8.505660000000001,0.007100999,0.029296906,0.962132235,-0.270911108,0.962132235,-0.270911108,0.009228778,0.02869778
8.505680000000000,0.007093722,0.029275633,0.962126576,-0.270933696,0.962126576,-0.270933696,0.009225222,0.028675405
8.505700000000001,0.007086419,0.029254288,0.962120898,-0.270956357,0.962120898,-0.270956357,0.009221652,0.028652955
8.505720000000000,0.00707909,0.029232873,0.9621152,-0.270979092,0.9621152,-0.270979092,0.00921807,0.02863043
8.505740000000001,0.007071736,0.029211385,0.962109482,-0.2710019,0.962109482,-0.2710019,0.009214474,0.02860783
8.505760000000000,0.007064356,0.029189826,0.962103745,-0.271024782,0.962103745,-0.271024782,0.009210865,0.028585154
8.505780000000000,0.00705695,0.029168194,0.962097988,-0.271047739,0.962097988,-0.271047739,0.009207243,0.028562402
8.505800000000001,0.007049519,0.02914649,0.962092212,-0.271070771,0.962092212,-0.271070771,0.009203607,0.028539573
8.505820000000000,0.00704206,0.029124713,0.962086415,-0.271093878,0.962086415,-0.271093878,0.009199958,0.028516667
8.505840000000001,0.007034576,0.029102862,0.962080598,-0.271117061,0.962080598,-0.271117061,0.009196295,0.028493683
8.505860000000000,0.007027065,0.029080937,0.962074761,-0.27114032,0.962074761,-0.27114032,0.009192619,0.028470622
8.505880000000001,0.007019527,0.029058938,0.962068904,-0.271163655,0.962068904,-0.271163655,0.009188929,0.028447482
8.505900000000000,0.007011963,0.029036865,0.962063027,-0.271187068,0.962063027,-0.271187068,0.009185225,0.028424264
8.505920000000000,0.007004372,0.029014717,0.962057129,-0.271210557,0.962057129,-0.271210557,0.009181507,0.028400967
8.505940000000001,0.006996753,0.028992493,0.96205121,-0.271234124,0.96205121,-0.271234124,0.009177775,0.028377591
8.505960000000000,0.006989108,0.028970194,0.962045271,-0.27125777,0.962045271,-0.27125777,0.00917403,0.028354135
8.505980000000001,0.006981435,0.028947819,0.96203931,-0.271281493,0.96203931,-0.271281493,0.00917027,0.028330598
8.506000000000000,0.006973734,0.028925367,0.962033329,-0.271305295,0.962033329,-0.271305295,0.009166496,0.028306981
8.506020000000001,0.006966006,0.028902838,0.962027327,-0.271329177,0.962027327,-0.271329177,0.009162708,0.028283283
8.506040000000000,0.00695825,0.028880232,0.962021304,-0.271353138,0.962021304,-0.271353138,0.009158905,0.028259503
8.506060000000000,0.006950466,0.028857549,0.962015259,-0.27137718,0.962015259,-0.27137718,0.009155088,0.028235642
8.506080000000001,0.006942655,0.028834787,0.962009193,-0.271401301,0.962009193,-0.271401301,0.009151257,0.028211698
8.506100000000000,0.006934814,0.028811947,0.962003106,-0.271425504,0.962003106,-0.271425504,0.009147411,0.028187672
8.506120000000001,0.006926946,0.028789029,0.961996997,-0.271449788,0.961996997,-0.271449788,0.00914355,0.028163562
8.506140000000000,0.006919049,0.02876603,0.961990866,-0.271474153,0.961990866,-0.271474153,0.009139675,0.028139369
8.506160000000001,0.006911123,0.028742953,0.961984713,-0.271498601,0.961984713,-0.271498601,0.009135784,0.028115092
8.506180000000001,0.006903168,0.028719795,0.961978539,-0.271523131,0.961978539,-0.271523131,0.009131879,0.02809073
8.506200000000000,0.006895185,0.028696557,0.961972342,-0.271547745,0.961972342,-0.271547745,0.009127959,0.028066284
8.506220000000001,0.006887172,0.028673237,0.961966123,-0.271572441,0.961966123,-0.271572441,0.009124024,0.028041752
8.506240000000000,0.00687913,0.028649837,0.961959881,-0.271597222,0.961959881,-0.271597222,0.009120074,0.028017135
8.506260000000001,0.006871058,0.028626354,0.961953618,-0.271622087,0.961953618,-0.271622087,0.009116108,0.027992431
8.506280000000000,0.006862957,0.02860279,0.961947331,-0.271647036,0.961947331,-0.271647036,0.009112128,0.02796764
8.506300000000001,0.006854826,0.028579143,0.961941022,-0.271672071,0.961941022,-0.271672071,0.009108131,0.027942763
8.506320000000001,0.006846665,0.028555413,0.96193469,-0.271697191,0.96193469,-0.271697191,0.00910412,0.027917797
8.506340000000000,0.006838473,0.028531599,0.961928335,-0.271722398,0.961928335,-0.271722398,0.009100092,0.027892744
8.506360000000001,0.006830252,0.028507701,0.961921957,-0.271747691,0.961921957,-0.271747691,0.009096049,0.027867603
8.506380000000000,0.006822,0.028483719,0.961915556,-0.271773071,0.961915556,-0.271773071,0.00909199,0.027842372
8.506400000000001,0.006813717,0.028459653,0.961909131,-0.271798538,0.961909131,-0.271798538,0.009087916,0.027817052
8.506420000000000,0.006805404,0.028435501,0.961902683,-0.271824093,0.961902683,-0.271824093,0.009083825,0.027791642
8.506440000000001,0.006797059,0.028411263,0.961896211,-0.271849737,0.961896211,-0.271849737,0.009079719,0.027766141
8.506460000000001,0.006788684,0.028386939,0.961889715,-0.271875469,0.961889715,-0.271875469,0.009075596,0.02774055
8.506480000000000,0.006780277,0.028362529,0.961883196,-0.271901291,0.961883196,-0.271901291,0.009071457,0.027714867
8.506500000000001,0.006771839,0.028338031,0.961876652,-0.271927203,0.961876652,-0.271927203,0.009067301,0.027689092
8.506520000000000,0.006763368,0.028313446,0.961870085,-0.271953205,0.961870085,-0.271953205,0.00906313,0.027663225
8.506540000000001,0.006754867,0.028288773,0.961863493,-0.271979297,0.961863493,-0.271979297,0.009058941,0.027637266
8.506560000000000,0.006746333,0.028264011,0.961856877,-0.272005481,0.961856877,-0.272005481,0.009054737,0.027611213
8.506580000000001,0.006737766,0.02823916,0.961850236,-0.272031757,0.961850236,-0.272031757,0.009050515,0.027585066
8.506600000000001,0.006729168,0.02821422,0.96184357,-0.272058125,0.96184357,-0.272058125,0.009046277,0.027558824
8.506620000000000,0.006720537,0.02818919,0.961836879,-0.272084585,0.961836879,-0.272084585,0.009042022,0.027532488
8.506640000000001,0.006711873,0.02816407,0.961830164,-0.272111139,0.961830164,-0.272111139,0.009037749,0.027506056
8.506660000000000,0.006703176,0.028138858,0.961823423,-0.272137787,0.961823423,-0.272137787,0.00903346,0.027479529
8.506680000000001,0.006694446,0.028113556,0.961816657,-0.272164528,0.961816657,-0.272164528,0.009029153,0.027452905
8.506700000000000,0.006685682,0.028088161,0.961809866,-0.272191365,0.961809866,-0.272191365,0.00902483,0.027426184
8.506720000000001,0.006676886,0.028062674,0.961803049,-0.272218297,0.961803049,-0.272218297,0.009020488,0.027399366
8.506740000000001,0.006668055,0.028037094,0.961796206,-0.272245324,0.961796206,-0.272245324,0.009016129,0.02737245
8.506760000000000,0.006659191,0.028011421,0.961789337,-0.272272448,0.961789337,-0.272272448,0.009011753,0.027345435
8.506780000000001,0.006650292,0.027985653,0.961782443,-0.272299669,0.961782443,-0.272299669,0.009007359,0.027318321
8.506800000000000,0.006641359,0.027959792,0.961775522,-0.272326987,0.961775522,-0.272326987,0.009002947,0.027291108
8.506820000000001,0.006632392,0.027933835,0.961768575,-0.272354403,0.961768575,-0.272354403,0.008998517,0.027263794
8.506840000000000,0.00662339,0.027907783,0.961761601,-0.272381917,0.961761601,-0.272381917,0.008994069,0.02723638
8.506860000000000,0.006614353,0.027881635,0.961754601,-0.272409531,0.961754601,-0.272409531,0.008989603,0.027208864
8.506880000000001,0.006605281,0.02785539,0.961747574,-0.272437244,0.961747574,-0.272437244,0.008985119,0.027181246
8.506900000000000,0.006596174,0.027829049,0.96174052,-0.272465057,0.96174052,-0.272465057,0.008980616,0.027153527
8.506920000000001,0.006587031,0.02780261,0.961733439,-0.272492971,0.961733439,-0.272492971,0.008976095,0.027125704
8.506940000000000,0.006577853,0.027776072,0.96172633,-0.272520985,0.96172633,-0.272520985,0.008971555,0.027097777
8.506960000000001,0.006568639,0.027749436,0.961719194,-0.272549102,0.961719194,-0.272549102,0.008966997,0.027069747
8.506980000000000,0.006559388,0.027722701,0.961712031,-0.272577321,0.961712031,-0.272577321,0.00896242,0.027041611
8.507000000000000,0.006550101,0.027695866,0.96170484,-0.272605643,0.96170484,-0.272605643,0.008957824,0.027013371
8.507020000000001,0.006540778,0.027668931,0.961697621,-0.272634068,0.961697621,-0.272634068,0.008953208,0.026985025
8.507040000000000,0.006531418,0.027641894,0.961690373,-0.272662598,0.961690373,-0.272662598,0.008948574,0.026956572
8.507060000000001,0.006522021,0.027614756,0.961683098,-0.272691232,0.961683098,-0.272691232,0.00894392,0.026928012
8.507080000000000,0.006512587,0.027587517,0.961675794,-0.272719971,0.961675794,-0.272719971,0.008939247,0.026899344
8.507100000000001,0.006503115,0.027560174,0.961668461,-0.272748816,0.961668461,-0.272748816,0.008934555,0.026870568
8.507120000000000,0.006493606,0.027532729,0.9616611,-0.272777768,0.9616611,-0.272777768,0.008929843,0.026841684
8.507140000000000,0.006484059,0.027505179,0.96165371,-0.272806826,0.96165371,-0.272806826,0.008925111,0.026812689
8.507160000000001,0.006474474,0.027477526,0.96164629,-0.272835992,0.96164629,-0.272835992,0.008920359,0.026783585
8.507180000000000,0.006464851,0.027449767,0.961638842,-0.272865267,0.961638842,-0.272865267,0.008915587,0.02675437
8.507200000000001,0.006455189,0.027421903,0.961631364,-0.27289465,0.961631364,-0.27289465,0.008910795,0.026725043
8.507220000000000,0.006445488,0.027393932,0.961623856,-0.272924143,0.961623856,-0.272924143,0.008905983,0.026695605
8.507240000000001,0.006435748,0.027365855,0.961616318,-0.272953746,0.961616318,-0.272953746,0.00890115,0.026666053
8.507260000000000,0.006425969,0.027337671,0.961608751,-0.272983459,0.961608751,-0.272983459,0.008896297,0.026636389
8.507280000000000,0.006416151,0.027309378,0.961601153,-0.273013284,0.961601153,-0.273013284,0.008891424,0.02660661
8.507300000000001,0.006406293,0.027280977,0.961593525,-0.273043221,0.961593525,-0.273043221,0.008886529,0.026576717
8.507320000000000,0.006396395,0.027252467,0.961585866,-0.273073271,0.961585866,-0.273073271,0.008881614,0.026546709
8.507340000000001,0.006386456,0.027223847,0.961578177,-0.273103434,0.961578177,-0.273103434,0.008876677,0.026516585
8.507360000000000,0.006376478,0.027195116,0.961570456,-0.273133711,0.961570456,-0.273133711,0.00887172,0.026486344
8.507380000000001,0.006366459,0.027166274,0.961562705,-0.273164102,0.961562705,-0.273164102,0.008866741,0.026455985
8.507400000000001,0.006356398,0.027137321,0.961554922,-0.273194609,0.961554922,-0.273194609,0.008861741,0.026425509
8.507420000000000,0.006346297,0.027108255,0.961547107,-0.273225232,0.961547107,-0.273225232,0.008856719,0.026394914
8.507440000000001,0.006336154,0.027079076,0.961539261,-0.273255971,0.961539261,-0.273255971,0.008851675,0.0263642
8.507460000000000,0.00632597,0.027049783,0.961531383,-0.273286828,0.961531383,-0.273286828,0.00884661,0.026333366
8.507480000000001,0.006315743,0.027020376,0.961523473,-0.273317802,0.961523473,-0.273317802,0.008841522,0.026302411
8.507500000000000,0.006305475,0.026990854,0.961515531,-0.273348896,0.961515531,-0.273348896,0.008836413,0.026271334
8.507520000000001,0.006295164,0.026961216,0.961507556,-0.273380108,0.961507556,-0.273380108,0.008831281,0.026240136
8.507540000000001,0.00628481,0.026931461,0.961499548,-0.273411441,0.961499548,-0.273411441,0.008826127,0.026208814
8.507560000000000,0.006274413,0.02690159,0.961491508,-0.273442895,0.961491508,-0.273442895,0.00882095,0.026177369
8.507580000000001,0.006263973,0.026871601,0.961483434,-0.27347447,0.961483434,-0.27347447,0.008815751,0.026145799
8.507600000000000,0.00625349,0.026841493,0.961475327,-0.273506167,0.961475327,-0.273506167,0.008810529,0.026114105
8.507620000000001,0.006242963,0.026811266,0.961467186,-0.273537988,0.961467186,-0.273537988,0.008805284,0.026082284
8.507640000000000,0.006232392,0.026780919,0.961459012,-0.273569932,0.961459012,-0.273569932,0.008800015,0.026050337
8.507660000000001,0.006221776,0.026750452,0.961450804,-0.273602,0.961450804,-0.273602,0.008794724,0.026018263
8.507680000000001,0.006211116,0.026719863,0.961442561,-0.273634194,0.961442561,-0.273634194,0.008789408,0.02598606
8.507700000000000,0.006200411,0.026689152,0.961434285,-0.273666513,0.961434285,-0.273666513,0.00878407,0.025953729
8.507720000000001,0.006189661,0.026658318,0.961425973,-0.273698959,0.961425973,-0.273698959,0.008778707,0.025921268
8.507740000000000,0.006178865,0.026627361,0.961417627,-0.273731533,0.961417627,-0.273731533,0.008773321,0.025888677
8.507760000000001,0.006168024,0.02659628,0.961409245,-0.273764234,0.961409245,-0.273764234,0.008767911,0.025855954
8.507780000000000,0.006157137,0.026565074,0.961400829,-0.273797065,0.961400829,-0.273797065,0.008762476,0.0258231
8.507800000000001,0.006146203,0.026533741,0.961392377,-0.273830025,0.961392377,-0.273830025,0.008757017,0.025790112
8.507820000000001,0.006135223,0.026502283,0.961383889,-0.273863116,0.961383889,-0.273863116,0.008751534,0.025756991
8.507840000000000,0.006124195,0.026470697,0.961375365,-0.273896338,0.961375365,-0.273896338,0.008746025,0.025723736
8.507860000000001,0.006113121,0.026438983,0.961366805,-0.273929693,0.961366805,-0.273929693,0.008740492,0.025690346
8.507880000000000,0.006101999,0.02640714,0.961358208,-0.27396318,0.961358208,-0.27396318,0.008734934,0.025656819
8.507900000000001,0.00609083,0.026375167,0.961349575,-0.273996801,0.961349575,-0.273996801,0.008729351,0.025623156
8.507920000000000,0.006079612,0.026343065,0.961340905,-0.274030557,0.961340905,-0.274030557,0.008723742,0.025589354
8.507940000000001,0.006068346,0.026310831,0.961332198,-0.274064447,0.961332198,-0.274064447,0.008718108,0.025555415
8.507960000000001,0.006057031,0.026278465,0.961323453,-0.274098474,0.961323453,-0.274098474,0.008712448,0.025521336
8.507980000000000,0.006045667,0.026245966,0.96131467,-0.274132638,0.96131467,-0.274132638,0.008706762,0.025487116
8.508000000000001,0.006034253,0.026213333,0.96130585,-0.27416694,0.96130585,-0.27416694,0.00870105,0.025452756
8.508020000000000,0.00602279,0.026180566,0.961296992,-0.274201381,0.961296992,-0.274201381,0.008695312,0.025418253
8.508040000000001,0.006011277,0.026147664,0.961288095,-0.274235961,0.961288095,-0.274235961,0.008689547,0.025383608
8.508060000000000,0.005999714,0.026114626,0.96127916,-0.274270682,0.96127916,-0.274270682,0.008683756,0.025348819
8.508080000000000,0.0059881,0.02608145,0.961270185,-0.274305544,0.961270185,-0.274305544,0.008677938,0.025313885
8.508100000000001,0.005976435,0.026048137,0.961261172,-0.274340548,0.961261172,-0.274340548,0.008672093,0.025278806
8.508120000000000,0.005964719,0.026014685,0.961252119,-0.274375696,0.961252119,-0.274375696,0.008666221,0.02524358
8.508140000000001,0.005952951,0.025981094,0.961243026,-0.274410987,0.961243026,-0.274410987,0.008660322,0.025208207
8.508160000000000,0.005941131,0.025947362,0.961233894,-0.274446423,0.961233894,-0.274446423,0.008654395,0.025172685
8.508180000000001,0.005929258,0.025913489,0.961224721,-0.274482005,0.961224721,-0.274482005,0.00864844,0.025137014
8.508200000000000,0.005917333,0.025879474,0.961215507,-0.274517734,0.961215507,-0.274517734,0.008642458,0.025101193
8.508220000000000,0.005905355,0.025845315,0.961206253,-0.27455361,0.961206253,-0.27455361,0.008636447,0.025065221
8.508240000000001,0.005893324,0.025811013,0.961196958,-0.274589635,0.961196958,-0.274589635,0.008630408,0.025029097
8.508260000000000,0.005881238,0.025776566,0.961187622,-0.274625809,0.961187622,-0.274625809,0.008624341,0.02499282
8.508280000000001,0.005869099,0.025741973,0.961178244,-0.274662134,0.961178244,-0.274662134,0.008618245,0.024956389
8.508300000000000,0.005856905,0.025707233,0.961168824,-0.27469861,0.961168824,-0.27469861,0.00861212,0.024919803
8.508320000000001,0.005844657,0.025672346,0.961159362,-0.274735238,0.961159362,-0.274735238,0.008605966,0.02488306
8.508340000000000,0.005832353,0.02563731,0.961149858,-0.27477202,0.961149858,-0.27477202,0.008599783,0.024846161
8.508360000000000,0.005819993,0.025602124,0.96114031,-0.274808957,0.96114031,-0.274808957,0.00859357,0.024809104
8.508380000000001,0.005807578,0.025566788,0.96113072,-0.274846048,0.96113072,-0.274846048,0.008587328,0.024771888
8.508400000000000,0.005795106,0.025531301,0.961121086,-0.274883296,0.961121086,-0.274883296,0.008581055,0.024734512
8.508420000000001,0.005782578,0.025495661,0.961111409,-0.274920701,0.961111409,-0.274920701,0.008574753,0.024696974
8.508440000000000,0.005769992,0.025459867,0.961101688,-0.274958265,0.961101688,-0.274958265,0.00856842,0.024659275
8.508460000000001,0.005757349,0.02542392,0.961091923,-0.274995987,0.961091923,-0.274995987,0.008562056,0.024621412
8.508480000000000,0.005744649,0.025387816,0.961082113,-0.275033871,0.961082113,-0.275033871,0.008555662,0.024583386
8.508500000000000,0.005731889,0.025351557,0.961072258,-0.275071915,0.961072258,-0.275071915,0.008549237,0.024545194
8.508520000000001,0.005719072,0.02531514,0.961062358,-0.275110122,0.961062358,-0.275110122,0.008542781,0.024506835
8.508540000000000,0.005706195,0.025278564,0.961052413,-0.275148493,0.961052413,-0.275148493,0.008536293,0.024468309
8.508560000000001,0.005693258,0.025241829,0.961042422,-0.275187028,0.961042422,-0.275187028,0.008529773,0.024429615
8.508580000000000,0.005680262,0.025204934,0.961032384,-0.275225729,0.961032384,-0.275225729,0.008523222,0.024390751
8.508600000000001,0.005667206,0.025167876,0.961022301,-0.275264597,0.961022301,-0.275264597,0.008516638,0.024351716
8.508620000000001,0.005654088,0.025130657,0.96101217,-0.275303632,0.96101217,-0.275303632,0.008510023,0.02431251
8.508640000000000,0.00564091,0.025093273,0.961001993,-0.275342837,0.961001993,-0.275342837,0.008503374,0.02427313
8.508660000000001,0.00562767,0.025055725,0.960991768,-0.275382211,0.960991768,-0.275382211,0.008496693,0.024233576
8.508680000000000,0.005614368,0.025018011,0.960981495,-0.275421757,0.960981495,-0.275421757,0.008489979,0.024193847
8.508700000000001,0.005601004,0.024980129,0.960971174,-0.275461475,0.960971174,-0.275461475,0.008483231,0.024153942
8.508720000000000,0.005587576,0.02494208,0.960960805,-0.275501367,0.960960805,-0.275501367,0.00847645,0.024113858
8.508740000000001,0.005574086,0.024903862,0.960950387,-0.275541433,0.960950387,-0.275541433,0.008469635,0.024073596
8.508760000000001,0.005560531,0.024865473,0.960939919,-0.275581676,0.960939919,-0.275581676,0.008462786,0.024033154
8.508780000000000,0.005546913,0.024826912,0.960929403,-0.275622095,0.960929403,-0.275622095,0.008455902,0.023992531
8.508800000000001,0.00553323,0.024788179,0.960918836,-0.275662692,0.960918836,-0.275662692,0.008448984,0.023951725
8.508820000000000,0.005519481,0.024749273,0.960908219,-0.275703469,0.960908219,-0.275703469,0.008442032,0.023910736
8.508840000000001,0.005505667,0.024710191,0.960897552,-0.275744426,0.960897552,-0.275744426,0.008435044,0.023869561
8.508860000000000,0.005491788,0.024670933,0.960886834,-0.275785565,0.960886834,-0.275785565,0.008428021,0.0238282
8.508880000000001,0.005477841,0.024631498,0.960876064,-0.275826887,0.960876064,-0.275826887,0.008420962,0.023786652
8.508900000000001,0.005463828,0.024591884,0.960865243,-0.275868393,0.960865243,-0.275868393,0.008413868,0.023744916
8.508920000000000,0.005449747,0.024552091,0.96085437,-0.275910085,0.96085437,-0.275910085,0.008406737,0.023702989
8.508940000000001,0.005435598,0.024512117,0.960843444,-0.275951964,0.960843444,-0.275951964,0.00839957,0.023660871
8.508960000000000,0.00542138,0.02447196,0.960832465,-0.275994031,0.960832465,-0.275994031,0.008392366,0.02361856
8.508980000000001,0.005407094,0.02443162,0.960821434,-0.276036287,0.960821434,-0.276036287,0.008385126,0.023576055
8.509000000000000,0.005392738,0.024391095,0.960810348,-0.276078734,0.960810348,-0.276078734,0.008377848,0.023533355
8.509020000000001,0.005378313,0.024350385,0.960799209,-0.276121373,0.960799209,-0.276121373,0.008370532,0.023490459
8.509040000000001,0.005363816,0.024309487,0.960788015,-0.276164205,0.960788015,-0.276164205,0.008363179,0.023447365
8.509060000000000,0.005349249,0.0242684,0.960776767,-0.276207231,0.960776767,-0.276207231,0.008355788,0.023404071
8.509080000000001,0.00533461,0.024227124,0.960765463,-0.276250454,0.960765463,-0.276250454,0.008348358,0.023360576
8.509100000000000,0.0053199,0.024185656,0.960754104,-0.276293874,0.960754104,-0.276293874,0.008340889,0.02331688
8.509120000000001,0.005305117,0.024143997,0.960742688,-0.276337493,0.960742688,-0.276337493,0.008333382,0.023272979
8.509140000000000,0.00529026,0.024102143,0.960731216,-0.276381312,0.960731216,-0.276381312,0.008325835,0.023228874
8.509160000000001,0.00527533,0.024060094,0.960719688,-0.276425332,0.960719688,-0.276425332,0.008318249,0.023184563
8.509180000000001,0.005260326,0.024017848,0.960708102,-0.276469555,0.960708102,-0.276469555,0.008310623,0.023140044
8.509200000000000,0.005245247,0.023975405,0.960696458,-0.276513983,0.960696458,-0.276513983,0.008302957,0.023095315
8.509220000000001,0.005230093,0.023932762,0.960684756,-0.276558616,0.960684756,-0.276558616,0.00829525,0.023050376
8.509240000000000,0.005214863,0.023889919,0.960672996,-0.276603457,0.960672996,-0.276603457,0.008287502,0.023005224
8.509260000000001,0.005199557,0.023846873,0.960661176,-0.276648506,0.960661176,-0.276648506,0.008279714,0.022959859
8.509280000000000,0.005184174,0.023803624,0.960649297,-0.276693765,0.960649297,-0.276693765,0.008271883,0.022914278
8.509300000000000,0.005168713,0.02376017,0.960637358,-0.276739236,0.960637358,-0.276739236,0.008264011,0.02286848
8.509320000000001,0.005153174,0.02371651,0.960625358,-0.276784921,0.960625358,-0.276784921,0.008256097,0.022822465
8.509340000000000,0.005137556,0.023672641,0.960613298,-0.27683082,0.960613298,-0.27683082,0.008248141,0.022776229
8.509360000000001,0.005121859,0.023628563,0.960601176,-0.276876935,0.960601176,-0.276876935,0.008240141,0.022729772
8.509380000000000,0.005106082,0.023584275,0.960588993,-0.276923268,0.960588993,-0.276923268,0.008232099,0.022683091
8.509400000000001,0.005090225,0.023539773,0.960576747,-0.27696982,0.960576747,-0.27696982,0.008224013,0.022636186
8.509420000000000,0.005074286,0.023495058,0.960564439,-0.277016593,0.960564439,-0.277016593,0.008215883,0.022589055
8.509440000000000,0.005058266,0.023450128,0.960552067,-0.277063589,0.960552067,-0.277063589,0.008207709,0.022541696
8.509460000000001,0.005042163,0.02340498,0.960539631,-0.277110809,0.960539631,-0.277110809,0.00819949,0.022494107
8.509480000000000,0.005025977,0.023359613,0.960527131,-0.277158254,0.960527131,-0.277158254,0.008191227,0.022446287
8.509500000000001,0.005009707,0.023314027,0.960514566,-0.277205927,0.960514566,-0.277205927,0.008182918,0.022398234
8.509520000000000,0.004993354,0.023268219,0.960501937,-0.277253829,0.960501937,-0.277253829,0.008174564,0.022349946
8.509540000000001,0.004976915,0.023222187,0.960489241,-0.277301962,0.960489241,-0.277301962,0.008166164,0.022301422
8.509560000000000,0.00496039,0.02317593,0.960476479,-0.277350327,0.960476479,-0.277350327,0.008157717,0.022252659
8.509580000000000,0.00494378,0.023129446,0.96046365,-0.277398927,0.96046365,-0.277398927,0.008149224,0.022203657
8.509600000000001,0.004927082,0.023082734,0.960450754,-0.277447762,0.960450754,-0.277447762,0.008140683,0.022154413
8.509620000000000,0.004910297,0.023035792,0.96043779,-0.277496835,0.96043779,-0.277496835,0.008132095,0.022104926
8.509640000000001,0.004893423,0.022988618,0.960424757,-0.277546147,0.960424757,-0.277546147,0.008123459,0.022055194
8.509660000000000,0.00487646,0.022941211,0.960411655,-0.2775957,0.960411655,-0.2775957,0.008114775,0.022005214
8.509680000000001,0.004859408,0.022893568,0.960398484,-0.277645496,0.960398484,-0.277645496,0.008106042,0.021954986
8.509700000000000,0.004842265,0.022845689,0.960385243,-0.277695537,0.960385243,-0.277695537,0.00809726,0.021904506
8.509720000000000,0.004825031,0.022797571,0.960371931,-0.277745825,0.960371931,-0.277745825,0.008088429,0.021853775
8.509740000000001,0.004807705,0.022749212,0.960358548,-0.277796361,0.960358548,-0.277796361,0.008079547,0.021802788
8.509760000000000,0.004790287,0.022700611,0.960345093,-0.277847147,0.960345093,-0.277847147,0.008070615,0.021751545
8.509780000000001,0.004772775,0.022651765,0.960331566,-0.277898185,0.960331566,-0.277898185,0.008061633,0.021700044
8.509800000000000,0.004755169,0.022602674,0.960317965,-0.277949478,0.960317965,-0.277949478,0.008052599,0.021648283
8.509820000000001,0.004737468,0.022553335,0.960304291,-0.278001026,0.960304291,-0.278001026,0.008043514,0.021596259
8.509840000000001,0.004719671,0.022503746,0.960290543,-0.278052833,0.960290543,-0.278052833,0.008034377,0.021543971
8.509860000000000,0.004701779,0.022453905,0.96027672,-0.278104899,0.96027672,-0.278104899,0.008025187,0.021491416
8.509880000000001,0.004683789,0.022403811,0.960262822,-0.278157227,0.960262822,-0.278157227,0.008015944,0.021438593
8.509900000000000,0.004665701,0.022353462,0.960248848,-0.278209819,0.960248848,-0.278209819,0.008006648,0.0213855
8.509920000000001,0.004647514,0.022302855,0.960234797,-0.278262677,0.960234797,-0.278262677,0.007997298,0.021332134
8.509940000000000,0.004629228,0.022251989,0.960220669,-0.278315803,0.960220669,-0.278315803,0.007987894,0.021278494
8.509960000000001,0.004610841,0.022200861,0.960206462,-0.278369199,0.960206462,-0.278369199,0.007978435,0.021224577
8.509980000000001,0.004592353,0.02214947,0.960192177,-0.278422867,0.960192177,-0.278422867,0.00796892,0.021170381
8.510000000000000,0.004573763,0.022097813,0.960177813,-0.27847681,0.960177813,-0.27847681,0.00795935,0.021115904
8.510020000000001,0.00455507,0.022045889,0.960163369,-0.278531028,0.960163369,-0.278531028,0.007949724,0.021061144
8.510040000000000,0.004536274,0.021993695,0.960148845,-0.278585525,0.960148845,-0.278585525,0.007940041,0.021006098
8.510060000000001,0.004517373,0.02194123,0.960134239,-0.278640303,0.960134239,-0.278640303,0.007930301,0.020950765
8.510080000000000,0.004498366,0.021888491,0.960119551,-0.278695364,0.960119551,-0.278695364,0.007920503,0.020895142
8.510100000000001,0.004479253,0.021835475,0.96010478,-0.27875071,0.96010478,-0.27875071,0.007910647,0.020839226
8.510120000000001,0.004460033,0.021782182,0.960089927,-0.278806343,0.960089927,-0.278806343,0.007900733,0.020783016
8.510140000000000,0.004440705,0.021728608,0.960074989,-0.278862266,0.960074989,-0.278862266,0.007890759,0.02072651
8.510160000000001,0.004421268,0.021674752,0.960059966,-0.27891848,0.960059966,-0.27891848,0.007880725,0.020669704
8.510180000000000,0.00440172,0.021620611,0.960044858,-0.278974989,0.960044858,-0.278974989,0.007870631,0.020612597
8.510200000000001,0.004382062,0.021566183,0.960029663,-0.279031794,0.960029663,-0.279031794,0.007860477,0.020555185
8.510220000000000,0.004362292,0.021511466,0.960014382,-0.279088898,0.960014382,-0.279088898,0.007850261,0.020497468
8.510240000000001,0.004342409,0.021456457,0.959999013,-0.279146304,0.959999013,-0.279146304,0.007839983,0.020439441
8.510260000000001,0.004322413,0.021401155,0.959983555,-0.279204013,0.959983555,-0.279204013,0.007829642,0.020381103
8.510280000000000,0.004302302,0.021345556,0.959968008,-0.279262029,0.959968008,-0.279262029,0.007819239,0.020322452
8.510300000000001,0.004282075,0.021289658,0.959952371,-0.279320353,0.959952371,-0.279320353,0.007808772,0.020263484
8.510320000000000,0.004261731,0.021233459,0.959936643,-0.279378988,0.959936643,-0.279378988,0.007798241,0.020204197
8.510340000000001,0.00424127,0.021176957,0.959920823,-0.279437936,0.959920823,-0.279437936,0.007787645,0.020144588
8.510360000000000,0.00422069,0.021120148,0.959904911,-0.279497201,0.959904911,-0.279497201,0.007776984,0.020084656
8.510380000000001,0.00419999,0.021063031,0.959888906,-0.279556785,0.959888906,-0.279556785,0.007766257,0.020024397
8.510400000000001,0.00417917,0.021005604,0.959872807,-0.27961669,0.959872807,-0.27961669,0.007755464,0.019963808
8.510420000000000,0.004158228,0.020947862,0.959856612,-0.279676919,0.959856612,-0.279676919,0.007744603,0.019902887
8.510440000000001,0.004137162,0.020889805,0.959840322,-0.279737475,0.959840322,-0.279737475,0.007733675,0.019841631
8.510460000000000,0.004115973,0.020831429,0.959823936,-0.27979836,0.959823936,-0.27979836,0.007722678,0.019780038
8.510480000000001,0.004094659,0.020772731,0.959807451,-0.279859577,0.959807451,-0.279859577,0.007711612,0.019718104
8.510500000000000,0.004073218,0.02071371,0.959790869,-0.279921129,0.959790869,-0.279921129,0.007700477,0.019655827
8.510520000000001,0.004051651,0.020654362,0.959774187,-0.279983018,0.959774187,-0.279983018,0.007689271,0.019593204
8.510540000000001,0.004029955,0.020594684,0.959757405,-0.280045248,0.959757405,-0.280045248,0.007677995,0.019530232
8.510560000000000,0.004008129,0.020534675,0.959740522,-0.280107821,0.959740522,-0.280107821,0.007666647,0.019466908
8.510580000000001,0.003986172,0.02047433,0.959723537,-0.28017074,0.959723537,-0.28017074,0.007655226,0.019403229
8.510600000000000,0.003964084,0.020413648,0.959706449,-0.280234008,0.959706449,-0.280234008,0.007643733,0.019339192
8.510620000000001,0.003941863,0.020352626,0.959689257,-0.280297628,0.959689257,-0.280297628,0.007632166,0.019274794
8.510640000000000,0.003919507,0.02029126,0.959671961,-0.280361603,0.959671961,-0.280361603,0.007620524,0.019210033
8.510660000000000,0.003897016,0.020229547,0.959654559,-0.280425936,0.959654559,-0.280425936,0.007608808,0.019144904
8.510680000000001,0.003874388,0.020167486,0.95963705,-0.28049063,0.95963705,-0.28049063,0.007597016,0.019079405
8.510700000000000,0.003851622,0.020105072,0.959619433,-0.280555688,0.959619433,-0.280555688,0.007585147,0.019013533
8.510720000000001,0.003828717,0.020042303,0.959601707,-0.280621114,0.959601707,-0.280621114,0.007573201,0.018947285
8.510740000000000,0.003805672,0.019979176,0.959583872,-0.280686909,0.959583872,-0.280686909,0.007561178,0.018880657
8.510760000000001,0.003782484,0.019915687,0.959565926,-0.280753078,0.959565926,-0.280753078,0.007549075,0.018813645
8.510780000000000,0.003759154,0.019851834,0.959547868,-0.280819624,0.959547868,-0.280819624,0.007536893,0.018746248
8.510800000000000,0.003735679,0.019787614,0.959529698,-0.280886549,0.959529698,-0.280886549,0.007524631,0.018678461
8.510820000000001,0.003712059,0.019723023,0.959511413,-0.280953858,0.959511413,-0.280953858,0.007512288,0.01861028
8.510840000000000,0.003688291,0.019658058,0.959493013,-0.281021553,0.959493013,-0.281021553,0.007499862,0.018541704
8.510860000000001,0.003664375,0.019592715,0.959474498,-0.281089639,0.959474498,-0.281089639,0.007487355,0.018472727
8.510880000000000,0.003640309,0.019526993,0.959455865,-0.281158117,0.959455865,-0.281158117,0.007474764,0.018403347
8.510900000000001,0.003616092,0.019460886,0.959437114,-0.281226993,0.959437114,-0.281226993,0.007462088,0.018333561
8.510920000000000,0.003591722,0.019394392,0.959418243,-0.281296268,0.959418243,-0.281296268,0.007449328,0.018263363
8.510940000000000,0.003567198,0.019327508,0.959399252,-0.281365948,0.959399252,-0.281365948,0.007436482,0.018192752
8.510960000000001,0.003542519,0.01926023,0.959380139,-0.281436035,0.959380139,-0.281436035,0.007423548,0.018121722
8.510980000000000,0.003517682,0.019192554,0.959360903,-0.281506533,0.959360903,-0.281506533,0.007410528,0.018050271
8.511000000000001,0.003492687,0.019124477,0.959341543,-0.281577445,0.959341543,-0.281577445,0.007397418,0.017978395
8.511020000000000,0.003467532,0.019055996,0.959322058,-0.281648776,0.959322058,-0.281648776,0.00738422,0.01790609
8.511040000000001,0.003442216,0.018987106,0.959302446,-0.281720529,0.959302446,-0.281720529,0.00737093,0.017833352
8.511060000000001,0.003416736,0.018917805,0.959282707,-0.281792708,0.959282707,-0.281792708,0.00735755,0.017760177
8.511080000000000,0.003391092,0.018848088,0.959262838,-0.281865316,0.959262838,-0.281865316,0.007344078,0.017686561
8.511100000000001,0.003365281,0.018777952,0.959242839,-0.281938358,0.959242839,-0.281938358,0.007330512,0.0176125
8.511120000000000,0.003339302,0.018707392,0.959222709,-0.282011837,0.959222709,-0.282011837,0.007316853,0.017537991
8.511140000000001,0.003313154,0.018636406,0.959202445,-0.282085758,0.959202445,-0.282085758,0.007303098,0.017463029
8.511160000000000,0.003286835,0.018564989,0.959182048,-0.282160125,0.959182048,-0.282160125,0.007289248,0.017387609
8.511180000000001,0.003260342,0.018493137,0.959161514,-0.282234941,0.959161514,-0.282234941,0.0072753,0.017311729
8.511200000000001,0.003233676,0.018420847,0.959140844,-0.282310211,0.959140844,-0.282310211,0.007261255,0.017235383
8.511220000000000,0.003206833,0.018348114,0.959120036,-0.282385938,0.959120036,-0.282385938,0.00724711,0.017158567
8.511240000000001,0.003179811,0.018274934,0.959099088,-0.282462128,0.959099088,-0.282462128,0.007232866,0.017081278
8.511260000000000,0.003152611,0.018201303,0.959077999,-0.282538783,0.959077999,-0.282538783,0.00721852,0.017003509
8.511280000000001,0.003125228,0.018127217,0.959056767,-0.28261591,0.959056767,-0.28261591,0.007204073,0.016925258
8.511300000000000,0.003097662,0.018052672,0.959035392,-0.282693512,0.959035392,-0.282693512,0.007189522,0.01684652
8.511320000000001,0.003069911,0.017977663,0.959013871,-0.282771593,0.959013871,-0.282771593,0.007174867,0.01676729
8.511340000000001,0.003041973,0.017902186,0.958992203,-0.282850158,0.958992203,-0.282850158,0.007160106,0.016687563
8.511360000000000,0.003013846,0.017826237,0.958970386,-0.282929211,0.958970386,-0.282929211,0.007145239,0.016607334
8.511380000000001,0.002985528,0.017749812,0.95894842,-0.283008758,0.95894842,-0.283008758,0.007130264,0.0165266
8.511400000000000,0.002957017,0.017672905,0.958926302,-0.283088802,0.958926302,-0.283088802,0.007115181,0.016445355
8.511420000000001,0.002928312,0.017595512,0.958904031,-0.283169349,0.958904031,-0.283169349,0.007099987,0.016363594
8.511440000000000,0.002899409,0.017517629,0.958881606,-0.283250404,0.958881606,-0.283250404,0.007084683,0.016281313
8.511460000000001,0.002870308,0.017439251,0.958859024,-0.28333197,0.958859024,-0.28333197,0.007069266,0.016198507
8.511480000000001,0.002841006,0.017360373,0.958836284,-0.283414053,0.958836284,-0.283414053,0.007053736,0.016115169
8.511500000000000,0.002811502,0.017280991,0.958813384,-0.283496659,0.958813384,-0.283496659,0.00703809,0.016031296
8.511520000000001,0.002781792,0.017201099,0.958790324,-0.283579791,0.958790324,-0.283579791,0.007022329,0.015946882
8.511540000000000,0.002751875,0.017120693,0.9587671,-0.283663455,0.9587671,-0.283663455,0.00700645,0.015861922
8.511560000000001,0.002721748,0.017039768,0.958743711,-0.283747657,0.958743711,-0.283747657,0.006990453,0.015776411
8.511580000000000,0.002691411,0.016958318,0.958720156,-0.283832401,0.958720156,-0.283832401,0.006974336,0.015690343
8.511600000000001,0.002660859,0.016876339,0.958696433,-0.283917693,0.958696433,-0.283917693,0.006958098,0.015603713
8.511620000000001,0.002630092,0.016793825,0.95867254,-0.284003538,0.95867254,-0.284003538,0.006941737,0.015516515
8.511640000000000,0.002599106,0.016710772,0.958648475,-0.284089941,0.958648475,-0.284089941,0.006925252,0.015428743
8.511660000000001,0.0025679,0.016627173,0.958624236,-0.284176909,0.958624236,-0.284176909,0.006908641,0.015340393
8.511680000000000,0.002536471,0.016543024,0.958599821,-0.284264446,0.958599821,-0.284264446,0.006891904,0.015251458
8.511700000000001,0.002504817,0.016458319,0.958575229,-0.284352559,0.958575229,-0.284352559,0.006875039,0.015161932
8.511720000000000,0.002472935,0.016373052,0.958550458,-0.284441252,0.958550458,-0.284441252,0.006858044,0.01507181
8.511740000000001,0.002440823,0.016287219,0.958525505,-0.284530533,0.958525505,-0.284530533,0.006840918,0.014981086
8.511760000000001,0.002408478,0.016200812,0.958500368,-0.284620406,0.958500368,-0.284620406,0.00682366,0.014889753
8.511780000000000,0.002375898,0.016113828,0.958475046,-0.284710877,0.958475046,-0.284710877,0.006806267,0.014797806
8.511800000000001,0.002343081,0.016026259,0.958449537,-0.284801954,0.958449537,-0.284801954,0.006788739,0.014705237
8.511820000000000,0.002310023,0.0159381,0.958423838,-0.284893641,0.958423838,-0.284893641,0.006771074,0.014612042
8.511840000000001,0.002276722,0.015849344,0.958397947,-0.284985945,0.958397947,-0.284985945,0.006753269,0.014518213
8.511860000000000,0.002243176,0.015759987,0.958371862,-0.285078873,0.958371862,-0.285078873,0.006735325,0.014423745
8.511880000000000,0.002209381,0.015670021,0.958345581,-0.28517243,0.958345581,-0.28517243,0.006717238,0.014328629
8.511900000000001,0.002175336,0.01557944,0.958319102,-0.285266623,0.958319102,-0.285266623,0.006699008,0.014232861
8.511920000000000,0.002141036,0.015488239,0.958292422,-0.285361459,0.958292422,-0.285361459,0.006680632,0.014136433
8.511940000000001,0.00210648,0.01539641,0.95826554,-0.285456944,0.95826554,-0.285456944,0.006662109,0.014039338
8.511960000000000,0.002071665,0.015303948,0.958238452,-0.285553085,0.958238452,-0.285553085,0.006643437,0.013941569
8.511980000000001,0.002036587,0.015210846,0.958211157,-0.285649889,0.958211157,-0.285649889,0.006624615,0.01384312
8.512000000000000,0.002001243,0.015117096,0.958183652,-0.285747363,0.958183652,-0.285747363,0.006605641,0.013743983
8.512020000000000,0.001965631,0.015022693,0.958155935,-0.285845514,0.958155935,-0.285845514,0.006586512,0.013644151
8.512040000000001,0.001929748,0.014927629,0.958128003,-0.285944348,0.958128003,-0.285944348,0.006567227,0.013543617
8.512060000000000,0.00189359,0.014831897,0.958099854,-0.286043874,0.958099854,-0.286043874,0.006547784,0.013442372
8.512080000000001,0.001857155,0.014735491,0.958071485,-0.286144098,0.958071485,-0.286144098,0.006528182,0.013340411
8.512100000000000,0.001820439,0.014638404,0.958042893,-0.286245028,0.958042893,-0.286245028,0.006508417,0.013237725
8.512120000000001,0.001783438,0.014540627,0.958014077,-0.286346671,0.958014077,-0.286346671,0.006488489,0.013134306
8.512140000000000,0.001746151,0.014442154,0.957985033,-0.286449035,0.957985033,-0.286449035,0.006468395,0.013030146
8.512160000000000,0.001708572,0.014342978,0.957955759,-0.286552128,0.957955759,-0.286552128,0.006448134,0.012925238
8.512180000000001,0.0016707,0.01424309,0.957926252,-0.286655957,0.957926252,-0.286655957,0.006427702,0.012819574
8.512200000000000,0.00163253,0.014142483,0.957896508,-0.286760531,0.957896508,-0.286760531,0.006407099,0.012713145
8.512220000000001,0.001594058,0.014041149,0.957866527,-0.286865857,0.957866527,-0.286865857,0.006386321,0.012605942
8.512240000000000,0.001555283,0.013939081,0.957836303,-0.286971944,0.957836303,-0.286971944,0.006365368,0.012497959
8.512260000000001,0.001516199,0.01383627,0.957805836,-0.287078801,0.957805836,-0.287078801,0.006344236,0.012389185
8.512280000000001,0.001476803,0.013732709,0.957775121,-0.287186434,0.957775121,-0.287186434,0.006322923,0.012279612
8.512300000000000,0.001437092,0.013628388,0.957744155,-0.287294854,0.957744155,-0.287294854,0.006301427,0.012169232
8.512320000000001,0.001397061,0.0135233,0.957712936,-0.287404069,0.957712936,-0.287404069,0.006279746,0.012058035
8.512340000000000,0.001356707,0.013417436,0.95768146,-0.287514087,0.95768146,-0.287514087,0.006257877,0.011946012
8.512360000000001,0.001316026,0.013310788,0.957649725,-0.287624918,0.957649725,-0.287624918,0.006235819,0.011833155
8.512380000000000,0.001275015,0.013203347,0.957617726,-0.28773657,0.957617726,-0.28773657,0.006213568,0.011719454
8.512400000000001,0.001233668,0.013095104,0.957585462,-0.287849053,0.957585462,-0.287849053,0.006191122,0.011604899
8.512420000000001,0.001191981,0.012986049,0.957552928,-0.287962377,0.957552928,-0.287962377,0.006168478,0.01148948
8.512440000000000,0.001149952,0.012876175,0.957520121,-0.288076549,0.957520121,-0.288076549,0.006145635,0.011373189
8.512460000000001,0.001107575,0.012765471,0.957487037,-0.288191581,0.957487037,-0.288191581,0.006122588,0.011256015
8.512480000000000,0.001064846,0.012653928,0.957453674,-0.288307483,0.957453674,-0.288307483,0.006099337,0.011137947
8.512500000000001,0.001021761,0.012541537,0.957420027,-0.288424263,0.957420027,-0.288424263,0.006075878,0.011018976
8.512520000000000,9.7831526793e-4,0.012428288,0.957386093,-0.288541932,0.957386093,-0.288541932,0.006052208,0.010899092
8.512540000000001,9.3450441453e-4,0.012314171,0.957351869,-0.2886605,0.957351869,-0.2886605,0.006028324,0.010778283
8.512560000000001,8.9032382385e-4,0.012199176,0.95731735,-0.288779978,0.95731735,-0.288779978,0.006004225,0.01065654
8.512580000000000,8.4576883304e-4,0.012083293,0.957282533,-0.288900377,0.957282533,-0.288900377,0.005979906,0.01053385
8.512600000000001,8.0083470094e-4,0.011966511,0.957247414,-0.289021706,0.957247414,-0.289021706,0.005955364,0.010410204
8.512620000000000,7.5551660653e-4,0.011848821,0.95721199,-0.289143977,0.95721199,-0.289143977,0.005930598,0.01028559
8.512640000000001,7.0980964713e-4,0.011730211,0.957176255,-0.289267201,0.957176255,-0.289267201,0.005905604,0.010159996
8.512660000000000,6.6370883679e-4,0.011610671,0.957140206,-0.289391389,0.957140206,-0.289391389,0.005880378,0.010033411
8.512680000000001,6.1720910446e-4,0.01149019,0.957103839,-0.289516552,0.957103839,-0.289516552,0.005854918,0.009905823
8.512700000000001,5.7030529219e-4,0.011368756,0.957067149,-0.289642703,0.957067149,-0.289642703,0.00582922,0.009777221
8.512720000000000,5.2299215325e-4,0.011246359,0.957030133,-0.289769852,0.957030133,-0.289769852,0.005803281,0.009647591
8.512740000000001,4.7526435026e-4,0.011122986,0.956992786,-0.289898012,0.956992786,-0.289898012,0.005777099,0.009516923
8.512760000000000,4.2711645325e-4,0.010998627,0.956955104,-0.290027195,0.956955104,-0.290027195,0.005750668,0.009385202
8.512780000000001,3.7854293754e-4,0.010873269,0.956917082,-0.290157414,0.956917082,-0.290157414,0.005723987,0.009252418
8.512800000000000,3.2953818183e-4,0.0107469,0.956878715,-0.29028868,0.956878715,-0.29028868,0.005697051,0.009118556
8.512820000000001,2.8009646597e-4,0.010619508,0.956839999,-0.290421007,0.956839999,-0.290421007,0.005669856,0.008983603
8.512840000000001,2.3021196887e-4,0.010491081,0.956800929,-0.290554407,0.956800929,-0.290554407,0.0056424,0.008847546
8.512860000000000,1.7987876626e-4,0.010361605,0.956761501,-0.290688894,0.956761501,-0.290688894,0.005614679,0.008710372
8.512880000000001,1.2909082832e-4,0.010231069,0.956721709,-0.29082448,0.956721709,-0.29082448,0.005586688,0.008572067
8.512900000000000,7.7842017449e-5,0.010099459,0.956681548,-0.290961181,0.956681548,-0.290961181,0.005558424,0.008432617
8.512920000000001,2.6126085841e-5,0.009966761,0.956641013,-0.291099009,0.956641013,-0.291099009,0.005529884,0.008292007
8.512940000000000,-2.61E-05,0.009832962,0.956600099,-0.291237978,0.956600099,-0.291237978,0.005501062,0.008150223
8.512960000000001,-7.87E-05,0.009698049,0.956558801,-0.291378103,0.956558801,-0.291378103,0.005471955,0.00800725
8.512980000000001,-1.32E-04,0.009562007,0.956517114,-0.291519399,0.956517114,-0.291519399,0.005442558,0.007863073
8.513000000000000,-1.86E-04,0.009424823,0.956475031,-0.291661879,0.956475031,-0.291661879,0.005412869,0.007717677
8.513020000000001,-2.40E-04,0.009286481,0.956432547,-0.29180556,0.956432547,-0.29180556,0.005382881,0.007571047
8.513040000000000,-2.94E-04,0.009146968,0.956389657,-0.291950456,0.956389657,-0.291950456,0.005352592,0.007423167
8.513060000000001,-3.50E-04,0.009006268,0.956346354,-0.292096582,0.956346354,-0.292096582,0.005321995,0.00727402
8.513080000000000,-4.05E-04,0.008864366,0.956302633,-0.292243956,0.956302633,-0.292243956,0.005291088,0.007123591
8.513100000000000,-4.61E-04,0.008721247,0.956258488,-0.292392592,0.956258488,-0.292392592,0.005259864,0.006971863
8.513120000000001,-5.18E-04,0.008576894,0.956213913,-0.292542507,0.956213913,-0.292542507,0.00522832,0.006818818
8.513140000000000,-5.75E-04,0.008431293,0.956168901,-0.292693718,0.956168901,-0.292693718,0.00519645,0.006664441
8.513160000000001,-6.33E-04,0.008284426,0.956123446,-0.292846242,0.956123446,-0.292846242,0.00516425,0.006508713
8.513180000000000,-6.92E-04,0.008136278,0.956077541,-0.293000095,0.956077541,-0.293000095,0.005131715,0.006351616
8.513200000000001,-7.51E-04,0.007986831,0.95603118,-0.293155296,0.95603118,-0.293155296,0.005098839,0.006193133
8.513220000000000,-8.10E-04,0.007836069,0.955984356,-0.293311862,0.955984356,-0.293311862,0.005065617,0.006033245
8.513240000000000,-8.70E-04,0.007683973,0.955937062,-0.293469811,0.955937062,-0.293469811,0.005032044,0.005871933
8.513260000000001,-9.31E-04,0.007530526,0.955889291,-0.293629162,0.955889291,-0.293629162,0.004998114,0.005709178
8.513280000000000,-9.92E-04,0.007375711,0.955841036,-0.293789933,0.955841036,-0.293789933,0.004963822,0.005544962
8.513300000000001,-1.05E-03,0.007219508,0.95579229,-0.293952144,0.95579229,-0.293952144,0.004929162,0.005379263
8.513320000000000,-1.12E-03,0.007061899,0.955743045,-0.294115815,0.955743045,-0.294115815,0.004894129,0.005212063
8.513340000000001,-1.18E-03,0.006902866,0.955693293,-0.294280964,0.955693293,-0.294280964,0.004858716,0.00504334
8.513360000000000,-1.24E-03,0.006742388,0.955643027,-0.294447612,0.955643027,-0.294447612,0.004822917,0.004873074
8.513380000000000,-1.31E-03,0.006580446,0.955592238,-0.29461578,0.955592238,-0.29461578,0.004786727,0.004701243
8.513400000000001,-1.37E-03,0.00641702,0.955540919,-0.294785488,0.955540919,-0.294785488,0.004750138,0.004527827
8.513420000000000,-1.44E-03,0.006252089,0.955489062,-0.294956759,0.955489062,-0.294956759,0.004713145,0.004352802
8.513440000000001,-1.51E-03,0.006085634,0.955436658,-0.295129613,0.955436658,-0.295129613,0.004675741,0.004176146
8.513460000000000,-1.57E-03,0.005917631,0.955383698,-0.295304073,0.955383698,-0.295304073,0.004637918,0.003997837
8.513480000000001,-1.64E-03,0.00574806,0.955330173,-0.295480161,0.955330173,-0.295480161,0.004599672,0.003817852
8.513500000000001,-1.71E-03,0.005576899,0.955276075,-0.2956579,0.955276075,-0.2956579,0.004560993,0.003636166
8.513520000000000,-1.78E-03,0.005404125,0.955221395,-0.295837313,0.955221395,-0.295837313,0.004521876,0.003452755
8.513540000000001,-1.85E-03,0.005229716,0.955166123,-0.296018425,0.955166123,-0.296018425,0.004482312,0.003267595
8.513560000000000,-1.92E-03,0.005053648,0.955110249,-0.29620126,0.955110249,-0.29620126,0.004442295,0.003080661
8.513580000000001,-1.99E-03,0.004875898,0.955053764,-0.296385842,0.955053764,-0.296385842,0.004401817,0.002891927
8.513600000000000,-2.06E-03,0.004696441,0.954996658,-0.296572197,0.954996658,-0.296572197,0.004360869,0.002701368
8.513620000000001,-2.14E-03,0.004515253,0.95493892,-0.29676035,0.95493892,-0.29676035,0.004319445,0.002508955
8.513640000000001,-2.21E-03,0.004332308,0.954880541,-0.296950327,0.954880541,-0.296950327,0.004277535,0.002314663
8.513660000000000,-2.29E-03,0.004147581,0.954821509,-0.297142155,0.954821509,-0.297142155,0.004235132,0.002118464
8.513680000000001,-2.36E-03,0.003961046,0.954761814,-0.297335862,0.954761814,-0.297335862,0.004192227,0.00192033
8.513700000000000,-2.44E-03,0.003772677,0.954701445,-0.297531475,0.954701445,-0.297531475,0.004148811,0.001720232
8.513720000000001,-2.51E-03,0.003582445,0.954640389,-0.297729023,0.954640389,-0.297729023,0.004104875,0.00151814
8.513740000000000,-2.59E-03,0.003390325,0.954578637,-0.297928534,0.954578637,-0.297928534,0.004060411,0.001314025
8.513760000000001,-2.67E-03,0.003196286,0.954516175,-0.298130037,0.954516175,-0.298130037,0.004015408,0.001107856
8.513780000000001,-2.75E-03,0.003000301,0.954452993,-0.298333563,0.954452993,-0.298333563,0.003969858,8.9960265793e-4
8.513800000000000,-2.83E-03,0.002802339,0.954389076,-0.298539143,0.954389076,-0.298539143,0.00392375,6.8923277385e-4
8.513820000000001,-2.91E-03,0.002602372,0.954324413,-0.298746808,0.954324413,-0.298746808,0.003877075,4.7671407100e-4
8.513840000000000,-3.00E-03,0.002400369,0.954258991,-0.298956589,0.954258991,-0.298956589,0.003829822,2.6201353321e-4
8.513860000000001,-3.08E-03,0.002196298,0.954192796,-0.299168519,0.954192796,-0.299168519,0.003781981,4.5097465717e-5
8.513880000000000,-3.16E-03,0.001990128,0.954125814,-0.299382632,0.954125814,-0.299382632,0.003733541,-1.74E-04
8.513900000000001,-3.25E-03,0.001781825,0.954058033,-0.299598961,0.954058033,-0.299598961,0.003684491,-3.96E-04
8.513920000000001,-3.34E-03,0.001571358,0.953989437,-0.299817541,0.953989437,-0.299817541,0.00363482,-6.19E-04
8.513940000000000,-3.42E-03,0.001358692,0.953920013,-0.300038408,0.953920013,-0.300038408,0.003584516,-8.45E-04
8.513960000000001,-3.51E-03,0.001143792,0.953849744,-0.300261596,0.953849744,-0.300261596,0.003533568,-1.07E-03
8.513980000000000,-3.60E-03,9.2662330141e-4,0.953778617,-0.300487144,0.953778617,-0.300487144,0.003481963,-1.30E-03
8.514000000000001,-3.69E-03,7.0715010452e-4,0.953706614,-0.300715089,0.953706614,-0.300715089,0.003429689,-1.54E-03
8.514020000000000,-3.78E-03,4.8533539051e-4,0.953633722,-0.300945469,0.953633722,-0.300945469,0.003376734,-1.77E-03
8.514040000000001,-3.88E-03,2.6114159197e-4,0.953559922,-0.301178323,0.953559922,-0.301178323,0.003323083,-2.01E-03
8.514060000000001,-3.97E-03,3.4530335507e-5,0.953485198,-0.301413692,0.953485198,-0.301413692,0.003268725,-2.25E-03
8.514080000000000,-4.07E-03,-1.95E-04,0.953409533,-0.301651617,0.953409533,-0.301651617,0.003213645,-2.50E-03
8.514100000000001,-4.16E-03,-4.26E-04,0.953332909,-0.301892139,0.953332909,-0.301892139,0.00315783,-2.74E-03
8.514120000000000,-4.26E-03,-6.60E-04,0.953255309,-0.302135301,0.953255309,-0.302135301,0.003101264,-2.99E-03
8.514140000000001,-4.36E-03,-8.97E-04,0.953176714,-0.302381147,0.953176714,-0.302381147,0.003043933,-3.25E-03
8.514160000000000,-4.46E-03,-1.14E-03,0.953097104,-0.302629722,0.953097104,-0.302629722,0.002985822,-3.50E-03
8.514180000000001,-4.56E-03,-1.38E-03,0.953016461,-0.302881071,0.953016461,-0.302881071,0.002926916,-3.76E-03
8.514200000000001,-4.66E-03,-1.62E-03,0.952934764,-0.303135241,0.952934764,-0.303135241,0.002867199,-4.02E-03
8.514220000000000,-4.77E-03,-1.87E-03,0.952851993,-0.303392279,0.952851993,-0.303392279,0.002806653,-4.28E-03
8.514240000000001,-4.87E-03,-2.12E-03,0.952768127,-0.303652236,0.952768127,-0.303652236,0.002745263,-4.55E-03
8.514260000000000,-4.98E-03,-2.37E-03,0.952683145,-0.30391516,0.952683145,-0.30391516,0.002683011,-4.82E-03
8.514280000000001,-5.08E-03,-2.63E-03,0.952597024,-0.304181102,0.952597024,-0.304181102,0.00261988,-5.09E-03
8.514300000000000,-5.19E-03,-2.89E-03,0.952509741,-0.304450115,0.952509741,-0.304450115,0.002555851,-5.37E-03
8.514320000000000,-5.30E-03,-3.15E-03,0.952421275,-0.304722253,0.952421275,-0.304722253,0.002490905,-5.64E-03
8.514340000000001,-5.42E-03,-3.42E-03,0.9523316,-0.30499757,0.9523316,-0.30499757,0.002425024,-5.93E-03
8.514360000000000,-5.53E-03,-3.68E-03,0.952240692,-0.305276122,0.952240692,-0.305276122,0.002358188,-6.21E-03
8.514380000000001,-5.65E-03,-3.95E-03,0.952148526,-0.305557966,0.952148526,-0.305557966,0.002290376,-6.50E-03
8.514400000000000,-5.76E-03,-4.23E-03,0.952055076,-0.305843162,0.952055076,-0.305843162,0.002221569,-6.79E-03
8.514420000000001,-5.88E-03,-4.51E-03,0.951960316,-0.306131768,0.951960316,-0.306131768,0.002151743,-7.09E-03
8.514440000000000,-6.00E-03,-4.79E-03,0.951864218,-0.306423848,0.951864218,-0.306423848,0.002080878,-7.39E-03
8.514460000000000,-6.12E-03,-5.07E-03,0.951766755,-0.306719463,0.951766755,-0.306719463,0.002008951,-7.69E-03
8.514480000000001,-6.25E-03,-5.36E-03,0.951667897,-0.307018678,0.951667897,-0.307018678,0.001935939,-8.00E-03
8.514500000000000,-6.37E-03,-5.65E-03,0.951567615,-0.30732156,0.951567615,-0.30732156,0.001861817,-8.31E-03
8.514520000000001,-6.50E-03,-5.95E-03,0.951465879,-0.307628176,0.951465879,-0.307628176,0.001786561,-8.63E-03
8.514540000000000,-6.63E-03,-6.25E-03,0.951362656,-0.307938595,0.951362656,-0.307938595,0.001710146,-8.94E-03
8.514560000000001,-6.76E-03,-6.55E-03,0.951257917,-0.308252889,0.951257917,-0.308252889,0.001632545,-9.27E-03
8.514580000000000,-6.89E-03,-6.85E-03,0.951151626,-0.308571131,0.951151626,-0.308571131,0.001553733,-9.59E-03
8.514600000000000,-7.02E-03,-7.16E-03,0.95104375,-0.308893395,0.95104375,-0.308893395,0.001473681,-9.92E-03
8.514620000000001,-7.16E-03,-7.48E-03,0.950934254,-0.309219758,0.950934254,-0.309219758,0.00139236,-0.01025941
8.514640000000000,-7.30E-03,-7.80E-03,0.950823102,-0.309550298,0.950823102,-0.309550298,0.001309742,-0.010598797
8.514660000000001,-7.44E-03,-8.12E-03,0.950710257,-0.309885097,0.950710257,-0.309885097,0.001225796,-0.010942587
8.514680000000000,-7.58E-03,-8.44E-03,0.950595681,-0.310224236,0.950595681,-0.310224236,0.001140492,-0.011290867
8.514700000000001,-7.73E-03,-8.78E-03,0.950479334,-0.310567801,0.950479334,-0.310567801,0.001053796,-0.011643724
8.514720000000001,-7.87E-03,-9.11E-03,0.950361176,-0.310915879,0.950361176,-0.310915879,9.6567720518e-4,-0.01200125
8.514740000000000,-8.02E-03,-9.45E-03,0.950241164,-0.31126856,0.950241164,-0.31126856,8.7609998786e-4,-0.012363537
8.514760000000001,-8.17E-03,-9.79E-03,0.950119257,-0.311625934,0.950119257,-0.311625934,7.8502965311e-4,-0.012730681
8.514780000000000,-8.33E-03,-0.01014106,0.94999541,-0.311988096,0.94999541,-0.311988096,6.9242994848e-4,-0.013102779
8.514800000000001,-8.48E-03,-0.010494029,0.949869576,-0.312355142,0.949869576,-0.312355142,5.9826346974e-4,-0.013479932
8.514820000000000,-8.64E-03,-0.010851773,0.94974171,-0.312727173,0.94974171,-0.312727173,5.0249161558e-4,-0.013862244
8.514840000000001,-8.80E-03,-0.011214388,0.949611761,-0.313104289,0.949611761,-0.313104289,4.0507454036e-4,-0.014249821
8.514860000000001,-8.96E-03,-0.011581974,0.949479681,-0.313486596,0.949479681,-0.313486596,3.0597110463e-4,-0.014642771
8.514880000000000,-9.13E-03,-0.011954633,0.949345417,-0.313874202,0.949345417,-0.313874202,2.0513882329e-4,-0.015041208
8.514900000000001,-9.30E-03,-0.012332471,0.949208916,-0.314267217,0.949208916,-0.314267217,1.0253381119e-4,-0.015445245
8.514920000000000,-9.47E-03,-0.012715597,0.949070124,-0.314665754,0.949070124,-0.314665754,-1.89E-06,-0.015855002
8.514940000000001,-9.65E-03,-0.01310412,0.948928982,-0.315069931,0.948928982,-0.315069931,-1.08E-04,-0.016270601
8.514960000000000,-9.82E-03,-0.013498157,0.948785432,-0.315479869,0.948785432,-0.315479869,-2.16E-04,-0.016692166
8.514980000000001,-0.010002272,-0.013897823,0.948639414,-0.315895689,0.948639414,-0.315895689,-3.27E-04,-0.017119827
8.515000000000001,-0.010185409,-0.014303241,0.948490865,-0.316317521,0.948490865,-0.316317521,-4.39E-04,-0.017553716
8.515020000000000,-0.010371646,-0.014714534,0.94833972,-0.316745495,0.94833972,-0.316745495,-5.53E-04,-0.017993969
8.515040000000001,-0.010561061,-0.015131831,0.948185912,-0.317179745,0.948185912,-0.317179745,-6.69E-04,-0.018440728
8.515060000000000,-0.010753735,-0.015555263,0.948029372,-0.31762041,0.948029372,-0.31762041,-7.88E-04,-0.018894137
8.515080000000001,-0.01094975,-0.015984967,0.947870027,-0.318067634,0.947870027,-0.318067634,-9.09E-04,-0.019354345
8.515100000000000,-0.011149195,-0.016421081,0.947707805,-0.318521562,0.947707805,-0.318521562,-1.03E-03,-0.019821504
8.515120000000001,-0.011352156,-0.016863749,0.947542628,-0.318982347,0.947542628,-0.318982347,-1.16E-03,-0.020295774
8.515140000000001,-0.011558727,-0.01731312,0.947374417,-0.319450144,0.947374417,-0.319450144,-1.29E-03,-0.020777317
8.515160000000000,-0.011769003,-0.017769346,0.947203089,-0.319925114,0.947203089,-0.319925114,-1.42E-03,-0.0212663
8.515180000000001,-0.011983082,-0.018232585,0.94702856,-0.320407423,0.94702856,-0.320407423,-1.55E-03,-0.021762898
8.515200000000000,-0.012201067,-0.018702997,0.94685074,-0.320897241,0.94685074,-0.320897241,-1.68E-03,-0.022267287
8.515220000000001,-0.012423063,-0.019180751,0.94666954,-0.321394746,0.94666954,-0.321394746,-1.82E-03,-0.022779652
8.515240000000000,-0.012649181,-0.019666018,0.946484863,-0.321900117,0.946484863,-0.321900117,-1.96E-03,-0.023300183
8.515260000000001,-0.012879532,-0.020158976,0.946296611,-0.322413543,0.946296611,-0.322413543,-2.11E-03,-0.023829075
8.515280000000001,-0.013114237,-0.020659808,0.946104684,-0.322935217,0.946104684,-0.322935217,-2.25E-03,-0.024366531
8.515300000000000,-0.013353415,-0.021168704,0.945908974,-0.323465339,0.945908974,-0.323465339,-2.40E-03,-0.024912759
8.515320000000001,-0.013597194,-0.021685858,0.945709372,-0.324004113,0.945709372,-0.324004113,-2.56E-03,-0.025467975
8.515340000000000,-0.013845705,-0.022211472,0.945505764,-0.324551754,0.945505764,-0.324551754,-2.71E-03,-0.026032401
8.515360000000001,-0.014099085,-0.022745753,0.945298031,-0.32510848,0.945298031,-0.32510848,-2.87E-03,-0.026606266
8.515380000000000,-0.014357474,-0.023288916,0.945086051,-0.325674519,0.945086051,-0.325674519,-3.04E-03,-0.027189808
8.515400000000001,-0.01462102,-0.023841184,0.944869696,-0.326250104,0.944869696,-0.326250104,-3.20E-03,-0.027783274
8.515420000000001,-0.014889876,-0.024402786,0.944648832,-0.32683548,0.944648832,-0.32683548,-3.37E-03,-0.028386915
8.515440000000000,-0.015164199,-0.024973957,0.944423322,-0.327430895,0.944423322,-0.327430895,-3.55E-03,-0.029000996
8.515460000000001,-0.015444155,-0.025554945,0.944193021,-0.328036609,0.944193021,-0.328036609,-3.73E-03,-0.029625787
8.515480000000000,-0.015729915,-0.026146001,0.943957781,-0.32865289,0.943957781,-0.32865289,-3.91E-03,-0.030261569
8.515500000000001,-0.016021658,-0.026747388,0.943717444,-0.329280015,0.943717444,-0.329280015,-4.10E-03,-0.030908633
8.515520000000000,-0.016319568,-0.027359377,0.94347185,-0.329918273,0.94347185,-0.329918273,-4.29E-03,-0.03156728
8.515540000000000,-0.01662384,-0.027982248,0.943220828,-0.330567959,0.943220828,-0.330567959,-4.48E-03,-0.032237823
8.515560000000001,-0.016934674,-0.028616294,0.942964203,-0.331229382,0.942964203,-0.331229382,-4.68E-03,-0.032920583
8.515580000000000,-0.017252281,-0.029261813,0.942701791,-0.331902861,0.942701791,-0.331902861,-4.89E-03,-0.033615895
8.515600000000001,-0.017576877,-0.029919119,0.9424334,-0.332588726,0.9424334,-0.332588726,-5.09E-03,-0.034324108
8.515620000000000,-0.017908692,-0.030588533,0.942158829,-0.33328732,0.942158829,-0.33328732,-5.31E-03,-0.035045579
8.515640000000001,-0.018247963,-0.031270392,0.941877871,-0.333998997,0.941877871,-0.333998997,-5.53E-03,-0.035780684
8.515660000000000,-0.018594938,-0.031965041,0.941590307,-0.334724128,0.941590307,-0.334724128,-5.75E-03,-0.036529808
8.515680000000000,-0.018949875,-0.032672842,0.941295909,-0.335463093,0.941295909,-0.335463093,-5.98E-03,-0.037293353
8.515700000000001,-0.019313046,-0.033394168,0.940994438,-0.33621629,0.940994438,-0.33621629,-6.22E-03,-0.038071738
8.515720000000000,-0.019684731,-0.034129406,0.940685646,-0.33698413,0.940685646,-0.33698413,-6.46E-03,-0.038865394
8.515740000000001,-0.020065228,-0.034878959,0.940369272,-0.337767042,0.940369272,-0.337767042,-6.71E-03,-0.039674774
8.515760000000000,-0.020454844,-0.035643246,0.940045043,-0.338565471,0.940045043,-0.338565471,-6.97E-03,-0.040500344
8.515780000000001,-0.020853903,-0.0364227,0.939712673,-0.339379877,0.939712673,-0.339379877,-7.23E-03,-0.041342591
8.515800000000000,-0.021262743,-0.037217773,0.939371862,-0.340210742,0.939371862,-0.340210742,-7.50E-03,-0.042202021
8.515820000000000,-0.021681717,-0.038028934,0.939022297,-0.341058566,0.939022297,-0.341058566,-7.78E-03,-0.043079162
8.515840000000001,-0.022111199,-0.038856671,0.938663648,-0.341923867,0.938663648,-0.341923867,-8.06E-03,-0.04397456
8.515860000000000,-0.022551576,-0.039701492,0.93829557,-0.342807188,0.93829557,-0.342807188,-8.35E-03,-0.044888788
8.515880000000001,-0.023003256,-0.040563925,0.937917699,-0.343709091,0.937917699,-0.343709091,-8.65E-03,-0.045822438
8.515900000000000,-0.023466669,-0.04144452,0.937529655,-0.344630165,0.937529655,-0.344630165,-8.96E-03,-0.046776132
8.515920000000001,-0.023942264,-0.042343851,0.937131037,-0.345571019,0.937131037,-0.345571019,-9.28E-03,-0.047750515
8.515940000000001,-0.024430514,-0.043262514,0.936721424,-0.346532292,0.936721424,-0.346532292,-9.61E-03,-0.048746261
8.515960000000000,-0.024931915,-0.044201132,0.936300371,-0.347514648,0.936300371,-0.347514648,-9.94E-03,-0.049764072
8.515980000000001,-0.025446989,-0.045160353,0.935867413,-0.348518782,0.935867413,-0.348518782,-0.010290395,-0.050804683
8.516000000000000,-0.025976288,-0.046140854,0.935422058,-0.349545418,0.935422058,-0.349545418,-0.010647475,-0.05186886
8.516020000000001,-0.02652039,-0.047143342,0.934963786,-0.35059531,0.934963786,-0.35059531,-0.011015474,-0.052957403
8.516040000000000,-0.027079905,-0.048168554,0.934492051,-0.35166925,0.934492051,-0.35166925,-0.011394872,-0.05407115
8.516060000000001,-0.027655476,-0.04921726,0.934006276,-0.352768063,0.934006276,-0.352768063,-0.011786176,-0.055210974
8.516080000000001,-0.028247783,-0.050290266,0.933505851,-0.353892612,0.933505851,-0.353892612,-0.012189922,-0.056377793
8.516100000000000,-0.028857542,-0.051388412,0.932990132,-0.3550438,0.932990132,-0.3550438,-0.012606675,-0.057572564
8.516120000000001,-0.029485511,-0.052512579,0.932458436,-0.356222572,0.932458436,-0.356222572,-0.013037037,-0.05879629
8.516140000000000,-0.030132489,-0.053663687,0.931910043,-0.357429918,0.931910043,-0.357429918,-0.013481645,-0.060050024
8.516160000000001,-0.030799324,-0.054842701,0.931344188,-0.358666874,0.931344188,-0.358666874,-0.013941173,-0.061334866
8.516180000000000,-0.031486911,-0.056050629,0.930760062,-0.359934526,0.930760062,-0.359934526,-0.014416338,-0.062651974
8.516200000000001,-0.032196201,-0.05728853,0.930156805,-0.361234014,0.930156805,-0.361234014,-0.014907901,-0.06400256
8.516220000000001,-0.032928202,-0.058557513,0.929533506,-0.362566533,0.929533506,-0.362566533,-0.015416671,-0.065387899
8.516240000000000,-0.03368398,-0.05985874,0.928889196,-0.363933337,0.928889196,-0.363933337,-0.015943511,-0.066809326
8.516260000000001,-0.034464672,-0.061193431,0.928222844,-0.365335746,0.928222844,-0.365335746,-0.016489336,-0.06826825
8.516280000000000,-0.035271484,-0.062562869,0.927533355,-0.366775142,0.927533355,-0.366775142,-0.017055124,-0.069766149
8.516300000000001,-0.036105698,-0.063968398,0.926819561,-0.368252983,0.926819561,-0.368252983,-0.017641918,-0.071304578
8.516320000000000,-0.03696868,-0.065411433,0.926080217,-0.369770799,0.926080217,-0.369770799,-0.01825083,-0.072885176
8.516340000000001,-0.037861887,-0.066893461,0.925313996,-0.371330204,0.925313996,-0.371330204,-0.018883051,-0.07450967
8.516360000000001,-0.038786869,-0.068416046,0.924519479,-0.372932893,0.924519479,-0.372932893,-0.019539853,-0.076179878
8.516380000000000,-0.039745285,-0.069980836,0.92369515,-0.374580657,0.92369515,-0.374580657,-0.020222597,-0.077897721
8.516400000000001,-0.040738905,-0.071589564,0.922839389,-0.376275382,0.922839389,-0.376275382,-0.020932745,-0.079665222
8.516420000000000,-0.041769623,-0.073244058,0.921950457,-0.378019057,0.921950457,-0.378019057,-0.021671862,-0.081484523
8.516440000000001,-0.042839468,-0.074946244,0.921026491,-0.379813784,0.921026491,-0.379813784,-0.022441631,-0.083357882
8.516460000000000,-0.043950612,-0.076698156,0.920065493,-0.381661782,0.920065493,-0.381661782,-0.023243861,-0.085287692
8.516480000000001,-0.045105389,-0.078501937,0.919065315,-0.383565395,0.919065315,-0.383565395,-0.024080498,-0.087276481
8.516500000000001,-0.046306302,-0.080359854,0.918023645,-0.385527105,0.918023645,-0.385527105,-0.02495364,-0.089326928
8.516520000000000,-0.047556046,-0.0822743,0.916937996,-0.387549536,0.916937996,-0.387549536,-0.025865551,-0.091441872
8.516540000000001,-0.048857522,-0.084247806,0.915805684,-0.389635467,0.915805684,-0.389635467,-0.026818674,-0.093624323
8.516560000000000,-0.050213854,-0.086283047,0.914623814,-0.391787843,0.914623814,-0.391787843,-0.027815654,-0.095877473
8.516580000000001,-0.051628418,-0.088382857,0.913389253,-0.394009787,0.913389253,-0.394009787,-0.028859354,-0.098204715
8.516600000000000,-0.053104858,-0.090550234,0.912098614,-0.396304611,0.912098614,-0.396304611,-0.029952877,-0.10060965
8.516620000000001,-0.05464712,-0.092788357,0.910748226,-0.398675831,0.910748226,-0.398675831,-0.031099594,-0.103096112
8.516640000000001,-0.056259477,-0.095100593,0.909334101,-0.401127181,0.909334101,-0.401127181,-0.03230317,-0.105668175
8.516660000000000,-0.057946568,-0.097490514,0.907851911,-0.403662631,0.907851911,-0.403662631,-0.033567594,-0.108330182
8.516680000000001,-0.059713431,-0.099961908,0.90629694,-0.406286403,0.90629694,-0.406286403,-0.034897219,-0.111086759
8.516700000000000,-0.061565549,-0.102518796,0.90466405,-0.409002988,0.90466405,-0.409002988,-0.036296797,-0.113942838
8.516720000000001,-0.063508899,-0.105165447,0.902947632,-0.411817169,0.902947632,-0.411817169,-0.037771528,-0.116903683
8.516740000000000,-0.065550003,-0.107906396,0.901141552,-0.414734038,0.901141552,-0.414734038,-0.039327108,-0.119974914
8.516760000000000,-0.067695995,-0.110746457,0.899239091,-0.417759024,0.899239091,-0.417759024,-0.040969792,-0.123162537
8.516780000000001,-0.069954685,-0.113690749,0.897232875,-0.420897914,0.897232875,-0.420897914,-0.042706454,-0.126472971
8.516800000000000,-0.072334644,-0.116744707,0.895114801,-0.424156882,0.895114801,-0.424156882,-0.044544669,-0.129913085
8.516820000000001,-0.074845292,-0.119914107,0.892875946,-0.427542511,0.892875946,-0.427542511,-0.046492797,-0.133490229
8.516840000000000,-0.077497001,-0.123205087,0.890506463,-0.431061828,0.890506463,-0.431061828,-0.048560079,-0.137212275
8.516860000000001,-0.080301215,-0.12662416,0.887995467,-0.434722331,0.887995467,-0.434722331,-0.050756757,-0.141087655
8.516880000000000,-0.083270585,-0.130178243,0.885330901,-0.438532021,0.885330901,-0.438532021,-0.053094204,-0.145125405
8.516900000000000,-0.086419126,-0.133874666,0.882499379,-0.442499432,0.882499379,-0.442499432,-0.05558507,-0.149335209
8.516920000000001,-0.089762392,-0.137721192,0.879485984,-0.446633651,0.879485984,-0.446633651,-0.058243466,-0.153727444
8.516940000000000,-0.093317691,-0.141726032,0.876274118,-0.45094438,0.876274118,-0.45094438,-0.061085165,-0.158313237
8.516960000000001,-0.097104326,-0.145897855,0.872845243,-0.455441948,0.872845243,-0.455441948,-0.064127837,-0.163104499
8.516980000000000,-0.101143867,-0.150245776,0.869178568,-0.460137324,0.869178568,-0.460137324,-0.06739133,-0.168113985
8.517000000000001,-0.105460484,-0.154779358,0.865250744,-0.465042142,0.865250744,-0.465042142,-0.070897993,-0.173355334
8.517020000000000,-0.110081321,-0.159508574,0.861035484,-0.470168708,0.861035484,-0.470168708,-0.074673062,-0.178843108
8.517040000000000,-0.115036943,-0.164443767,0.856503106,-0.475529989,0.856503106,-0.475529989,-0.078745101,-0.184592822
8.517060000000001,-0.120361862,-0.169595575,0.851620015,-0.481139581,0.851620015,-0.481139581,-0.083146541,-0.190620957
8.517080000000000,-0.126095142,-0.174974807,0.84634807,-0.48701165,0.84634807,-0.48701165,-0.087914306,-0.196944951
8.517100000000001,-0.132281128,-0.180592284,0.840643856,-0.493160821,0.840643856,-0.493160821,-0.093090557,-0.203583159
8.517120000000000,-0.138970297,-0.186458591,0.8344578,-0.499602013,0.8344578,-0.499602013,-0.098723586,-0.210554753
8.517140000000001,-0.146220272,-0.192583739,0.827733141,-0.506350181,0.827733141,-0.506350181,-0.104868871,-0.217879562
8.517160000000001,-0.154097013,-0.19897669,0.820404684,-0.513419948,0.820404684,-0.513419948,-0.111590354,-0.225577807
8.517180000000000,-0.162676244,-0.2056447,0.812397327,-0.520825072,0.812397327,-0.520825072,-0.118961954,-0.233669689
8.517200000000001,-0.172045132,-0.212592418,0.8036243,-0.528577681,0.8036243,-0.528577681,-0.127069404,-0.242174788
8.517220000000000,-0.182304287,-0.219820645,0.79398506,-0.536687212,0.79398506,-0.536687212,-0.136012436,-0.25111117
8.517240000000001,-0.19357012,-0.22732463,0.783362787,-0.545158906,0.783362787,-0.545158906,-0.145907424,-0.260494103
8.517260000000000,-0.205977623,-0.235091743,0.771621401,-0.553991717,0.771621401,-0.553991717,-0.156890539,-0.270334223
8.517280000000001,-0.219683617,-0.24309828,0.758602044,-0.563175402,0.758602044,-0.563175402,-0.16912152,-0.280634922
8.517300000000001,-0.234870502,-0.251305081,0.744118956,-0.572686455,0.744118956,-0.572686455,-0.18278815,-0.291388638
8.517320000000000,-0.2517505,-0.259651528,0.727954706,-0.582482473,0.727954706,-0.582482473,-0.198111502,-0.302571629
8.517340000000001,-0.27057032,-0.268047292,0.709854832,-0.592494299,0.709854832,-0.592494299,-0.21535198,-0.314136578
8.517360000000000,-0.291615994,-0.276361021,0.689522026,-0.602615132,0.689522026,-0.602615132,-0.234816068,-0.326002201
8.517380000000001,-0.315217407,-0.284404845,0.66661028,-0.612685413,0.66661028,-0.612685413,-0.256863477,-0.338038631
8.517400000000000,-0.341751529,-0.291913228,0.640719833,-0.62247196,0.640719833,-0.62247196,-0.281913995,-0.350046992
8.517420000000001,-0.371642605,-0.298514326,0.611394529,-0.63163934,0.611394529,-0.63163934,-0.310452582,-0.361730991
8.517440000000001,-0.405356198,-0.303691676,0.578124484,-0.639711048,0.578124484,-0.639711048,-0.343030041,-0.372657872
8.517460000000000,-0.443381868,-0.306734045,0.540359107,-0.64601787,0.540359107,-0.64601787,-0.380254424,-0.382205656
8.517480000000001,-0.48619599,-0.306672151,0.497538847,-0.64963141,0.497538847,-0.64963141,-0.422764993,-0.389493941
8.517500000000000,-0.534191567,-0.302203782,0.44915896,-0.649283193,0.44915896,-0.649283193,-0.471175398,-0.393297533
8.517520000000001,-0.587556154,-0.29161576,0.39488488,-0.643276144,0.39488488,-0.643276144,-0.525965898,-0.39194802
8.517540000000000,-0.646074145,-0.272725155,0.33474489,-0.629408832,0.33474489,-0.629408832,-0.58729719,-0.383241483
8.517560000000001,-0.70883153,-0.242887083,0.269426016,-0.604957923,0.269426016,-0.604957923,-0.654716006,-0.364395565
8.517580000000001,-0.77382269,-0.19915274,0.200680786,-0.566802441,0.200680786,-0.566802441,-0.726737678,-0.332138834
8.517600000000000,-0.837520865,-0.138696968,0.131793434,-0.511814444,0.131793434,-0.511814444,-0.800346368,-0.283061476
8.517620000000001,-0.894593728,-0.059627323,0.067932985,-0.437643142,0.067932985,-0.437643142,-0.870573964,-0.214369603
8.517640000000000,-0.9379665,0.037422081,0.016229436,-0.344315822,0.016229436,-0.344315822,-0.93028856,-0.125478081
8.517660000000001,-0.960380896,0.148121758,-0.015687068,-0.235539134,-0.015687068,-0.235539134,-0.971541883,-0.019438605
8.517680000000000,-0.95590873,0.27011284,-0.021685796,-0.113163157,-0.021685796,-0.113163157,-0.988044317,0.102424922
8.517686532554229,-0.94876128,0.306064169,-0.017624089,-0.076598058,-0.017624089,-0.076598058,-0.987120956,0.139339397
8.517688511971784,-0.945915881,0.31745238,-0.015756318,-0.064965458,-0.015756318,-0.064965458,-0.986251408,0.151132493
8.517700000000001,-0.923861909,0.382720015,6.9596608118e-4,0.00219558,6.9596605486e-4,0.00219558,-0.975563551,0.219707075
8.517716370626358,-0.877571397,0.468812831,0.039597441,0.092262267,0.039597441,0.092262267,-0.944391998,0.31311461
8.517720000000001,-0.865246118,0.486331641,0.050419182,0.110839105,0.050419182,0.110839105,-0.935164563,0.332620691
8.517740000000000,-0.787100065,0.57022716,0.121365212,0.201442566,0.121365212,0.201442566,-0.871994042,0.429315585
8.517743590933694,-0.771665626,0.582849963,0.135716392,0.215390194,0.135716392,0.215390194,-0.858839782,0.444495329
8.517760000000001,-0.698135659,0.630743075,0.205136469,0.269594652,0.205136469,0.269594652,-0.794071064,0.5046596
8.517770187520743,-0.651396498,0.652594117,0.250000669,0.295457373,0.250000669,0.295457373,-0.751425993,0.534373832
8.517780000000000,-0.606647945,0.668317082,0.293400221,0.315021084,0.293400221,0.315021084,-0.709704936,0.557663238
8.517796174679297,-0.535202274,0.684051654,0.36349621,0.336887653,0.36349621,0.336887653,-0.641484671,0.585547167
8.517800000000001,-0.518927598,0.686126569,0.379592983,0.340359355,0.379592983,0.340359355,-0.62568562,0.590400672
8.517820000000000,-0.438816777,0.688515575,0.459499682,0.349623783,0.459499682,0.349623783,-0.546572806,0.606524488
8.517821566373673,-0.432926435,0.688181598,0.465418757,0.349795327,0.465418757,0.349795327,-0.540668357,0.607204136
8.517840000000001,-0.368056987,0.679815822,0.531006989,0.346996677,0.531006989,0.346996677,-0.474838827,0.610035664
8.517846376248206,-0.347538176,0.675334329,0.551910681,0.344276072,0.551910681,0.344276072,-0.453701271,0.609109451
8.517860000000001,-0.306931375,0.663722848,0.593514555,0.336149323,0.593514555,0.336149323,-0.411399156,0.604554009
8.517870617634594,-0.278221605,0.653190283,0.623128655,0.328080461,0.623128655,0.328080461,-0.381091981,0.599027243
8.517880000000000,-0.254872555,0.643101719,0.647343862,0.319995528,0.647343862,0.319995528,-0.356182406,0.593020964
8.517894303559050,-0.222669844,0.626758644,0.680949643,0.306415753,0.680949643,0.306415753,-0.321410449,0.582325949
8.517900000000001,-0.210909254,0.620032994,0.693287617,0.300699247,0.693287617,0.300699247,-0.308581593,0.577668556
8.517917446749310,-0.178313447,0.599047801,0.727684909,0.28251092,0.727684909,0.28251092,-0.272622527,0.56243297
8.517920000000000,-0.173946737,0.595954726,0.732317139,0.279792516,0.732317139,0.279792516,-0.267756883,0.560112211
8.517940000000001,-0.142921178,0.571819444,0.765414513,0.258319189,0.765414513,0.258319189,-0.232815774,0.541480094
8.517940059641472,-0.142836546,0.571748057,0.765505273,0.258255064,0.765505273,0.258255064,-0.232719508,0.54142376
8.517960000000000,-0.116872327,0.548230979,0.793488174,0.236965527,0.793488174,0.236965527,-0.20290872,0.522536448
8.517962154386669,-0.114327193,0.545739602,0.796247162,0.234692494,0.796247162,0.234692494,-0.199954576,0.520500268
8.517980000000000,-0.094968701,0.525551357,0.817338542,0.216164927,0.817338542,0.216164927,-0.17727249,0.503783377
8.517983742857613,-0.09127114,0.521426124,0.821390194,0.212356876,0.821390194,0.212356876,-0.172893896,0.500323164
8.518000000000001,-0.07650777,0.503979355,0.837651098,0.196176469,0.837651098,0.196176469,-0.155243829,0.485538803
8.518004836654960,-0.072492327,0.498940785,0.842099019,0.191482315,0.842099019,0.191482315,-0.150392896,0.481226525
8.518020000000000,-0.060904522,0.483606101,0.855003039,0.177141495,0.855003039,0.177141495,-0.136257666,0.46799361
8.518025447113557,-0.057084447,0.478269106,0.859281197,0.172132121,0.859281197,0.172132121,-0.131549438,0.463351558
8.518040000000001,-0.047675835,0.46445347,0.869875616,0.159123348,0.869875616,0.159123348,-0.119838178,0.45125245
8.518045585308524,-0.044349909,0.459320689,0.873642088,0.154275772,0.873642088,0.154275772,-0.115655529,0.446728285
8.518060000000000,-0.036424412,0.446500123,0.882667964,0.142134789,0.882667964,0.142134789,-0.10558732,0.435362342
8.518065262061210,-0.033750346,0.441970314,0.885730816,0.137834255,0.885730816,0.137834255,-0.102155257,0.431324822
8.518080000000001,-0.026824033,0.429698931,0.893710353,0.12615669,0.893710353,0.12615669,-0.093173176,0.420332506
8.518084487945004,-0.024868249,0.426080987,0.895976654,0.122706409,0.895976654,0.122706409,-0.090610661,0.417076853
8.518100000000000,-0.018606756,0.413988475,0.903276,0.111150627,0.903276,0.111150627,-0.082319226,0.406147967
8.518103273291016,-0.01737785,0.411516458,0.904717068,0.108783942,0.904717068,0.108783942,-0.080674974,0.403905053
8.518120000000000,-0.011552164,0.399300526,0.911591182,0.09706729,0.911591182,0.09706729,-0.07279496,0.392778838
8.518121628193638,-0.011023243,0.398147648,0.912219047,0.095959738,0.912219047,0.095959738,-0.072072009,0.391725219
8.518139562515955,-5.60E-03,0.385855597,0.918695256,0.084132212,0.918695256,0.084132212,-0.06458038,0.380454017
8.518140000000001,-5.48E-03,0.385564834,0.918843683,0.083852028,0.918843683,0.083852028,-0.064407898,0.380186584
8.518157085895057,-9.53E-04,0.374532453,0.924316249,0.073207356,0.924316249,0.073207356,-0.058021459,0.37001208
8.518160000000000,-2.35E-04,0.372712097,0.925189764,0.07144844,0.925189764,0.07144844,-0.056996936,0.368328216
8.518174207747204,0.00305383,0.364081408,0.92921975,0.063099466,0.92921975,0.063099466,-0.052250166,0.360325522
8.518180000000001,0.00430167,0.360675747,0.930759863,0.059800661,0.930759863,0.059800661,-0.050426841,0.357159064
8.518190937272905,0.00652232,0.354416072,0.933517711,0.053731123,0.933517711,0.053731123,-0.047147902,0.351326534
8.518200000000000,0.008236756,0.349392941,0.935663223,0.048854762,0.935663223,0.048854762,-0.044583737,0.346634574
8.518207283461837,0.009537712,0.345459611,0.937301727,0.045032789,0.937301727,0.045032789,-0.042617102,0.342953437
8.518220000000001,0.011656576,0.338805041,0.939991665,0.038559552,0.939991665,0.038559552,-0.03937141,0.336711436
8.518223255097704,0.012169554,0.337143797,0.940647205,0.036942203,0.940647205,0.036942203,-0.038577013,0.335150443
8.518238860762928,0.014475097,0.329408068,0.943616593,0.029403715,0.943616593,0.029403715,-0.034960411,0.327867263
8.518240000000000,0.014633921,0.328857771,0.94382264,0.028867003,0.94382264,0.028867003,-0.034708284,0.327348268
8.518254108843285,0.016501739,0.322198643,0.946261904,0.022367614,0.946261904,0.022367614,-0.031711013,0.321058646
8.518260000000000,0.017230072,0.319501168,0.947221716,0.019732411,0.947221716,0.019732411,-0.030524954,0.318505995
8.518269007532398,0.018288933,0.315467719,0.948626698,0.015789478,0.948626698,0.015789478,-0.028781448,0.314683913
8.518280000000001,0.0194968,0.310689408,0.950244601,0.011114395,0.950244601,0.011114395,-0.02676216,0.310148016
8.518283564836143,0.019869691,0.309172742,0.950747638,0.00962959,0.950747638,0.00962959,-0.026131642,0.308706491
8.518297788576950,0.021271774,0.303275774,0.952655742,0.003852392,0.952655742,0.003852392,-0.023727525,0.303093484
8.518300000000000,0.021478005,0.302380571,0.95293879,0.002974801,0.95293879,0.002974801,-0.023369129,0.302240253
8.518311686398009,0.022518631,0.29774293,0.954377368,-1.57E-03,0.954377368,-1.57E-03,-0.021540003,0.297815282
8.518320000000001,0.023211035,0.29453636,0.955344922,-4.72E-03,0.955344922,-4.72E-03,-0.020302213,0.294751104
8.518325265767377,0.023630161,0.292543883,0.955935018,-6.68E-03,0.955935018,-6.68E-03,-0.019544116,0.292845196
8.518338533981986,0.024623322,0.287651436,0.957347984,-0.011485902,0.957347984,-0.011485902,-0.017718364,0.288159141
8.518340000000000,0.024727774,0.287121825,0.95749788,-0.012006606,0.95749788,-0.012006606,-0.01752376,0.287651347
8.518351498171569,0.02551262,0.283041155,0.95863287,-0.016020366,0.95863287,-0.016020366,-0.01604415,0.28373535
8.518360000000001,0.026055531,0.280105073,0.95942771,-0.018910183,0.95942771,-0.018910183,-0.015001189,0.280914012
8.518364165302492,0.026310515,0.278691034,0.959804024,-0.0203025,0.959804024,-0.0203025,-0.01450533,0.279554121
8.518376542181493,0.027027745,0.274581221,0.960873889,-0.024351236,0.960873889,-0.024351236,-0.013087837,0.275597588
8.518380000000001,0.027217768,0.273457004,0.961160374,-0.025459279,0.961160374,-0.025459279,-0.012706214,0.27451424
8.518388635459340,0.027673597,0.270693766,0.961853294,-0.028183728,0.961853294,-0.028183728,-0.011779368,0.271849528
8.518400000000000,0.028234704,0.267151052,0.962718369,-0.031678724,0.962718369,-0.031678724,-0.010614204,0.268429131
8.518400451634413,0.028256131,0.267012409,0.962751692,-0.031815545,0.962751692,-0.031815545,-0.010569134,0.268295184
8.518411997056182,0.028782363,0.263522391,0.963577366,-0.035260844,0.963577366,-0.035260844,-9.45E-03,0.264921109
8.518420000000001,0.029123813,0.261162953,0.964121254,-0.037591283,0.964121254,-0.037591283,-8.70E-03,0.262637599
8.518423277928632,0.029258415,0.260210288,0.964337593,-0.038532522,0.964337593,-0.038532522,-8.41E-03,0.261715031
8.518434300313590,0.029689651,0.257063871,0.965038784,-0.04164235,0.965038784,-0.04164235,-7.44E-03,0.258665729
8.518440000000000,0.029900241,0.255470528,0.965386077,-0.043217836,0.965386077,-0.043217836,-6.96E-03,0.257120228
8.518445070133982,0.030080778,0.254071977,0.965686604,-0.044601086,0.965686604,-0.044601086,-6.54E-03,0.25576293
8.518455593177016,0.030435938,0.251224399,0.966286074,-0.047418583,0.966286074,-0.047418583,-5.70E-03,0.252997215
8.518460000000001,0.030577149,0.250053482,0.966527744,-0.048577548,0.966527744,-0.048577548,-5.35E-03,0.251859131
8.518465875097300,0.030758789,0.248511786,0.966841652,-0.050103878,0.966841652,-0.050103878,-4.91E-03,0.250359928
8.518475921419865,0.031052562,0.245925561,0.967357306,-0.05266527,0.967357306,-0.05266527,-4.17E-03,0.247843109
8.518480000000000,0.031166006,0.244893231,0.967559316,-0.053688019,0.967559316,-0.053688019,-3.88E-03,0.246837828
8.518485737543152,0.031320125,0.24345784,0.96783658,-0.0551104,0.96783658,-0.0551104,-3.48E-03,0.245439425
8.518495328741892,0.031564023,0.241101366,0.968282643,-0.057446304,0.968282643,-0.057446304,-2.84E-03,0.24314211
8.518500000000001,0.031676828,0.239972733,0.968492274,-0.058565431,0.968492274,-0.058565431,-2.53E-03,0.242041123
8.518504700169959,0.031786523,0.238849449,0.968698335,-0.059679477,0.968698335,-0.059679477,-2.23E-03,0.240944911
8.518513856863134,0.031989647,0.236695915,0.969086209,-0.061815923,0.969086209,-0.061815923,-1.66E-03,0.238842047
8.518520000000001,0.032118385,0.235276349,0.96933673,-0.063224672,0.96933673,-0.063224672,-1.29E-03,0.237454996
8.518522803741805,0.032175201,0.234635053,0.969448561,-0.063861196,0.969448561,-0.063861196,-1.12E-03,0.236828159
8.518531545613616,0.032344803,0.232661578,0.969787462,-0.065820444,0.969787462,-0.065820444,-6.13E-04,0.234898278
8.518540000000000,0.032498373,0.230789704,0.970101613,-0.067679454,0.970101613,-0.067679454,-1.40E-04,0.233066501
8.518540087176049,0.032499904,0.230770587,0.970104785,-0.067698443,0.970104785,-0.067698443,-1.35E-04,0.233047787
8.518548433018953,0.032641808,0.228957533,0.970402221,-0.069499631,0.970402221,-0.069499631,3.1722565683e-4,0.231272395
8.518556587627002,0.032771686,0.227218186,0.970681309,-0.071228136,0.970681309,-0.071228136,7.4474521847e-4,0.229568105
8.518560000000001,0.032823558,0.226499577,0.970794826,-0.071942421,0.970794826,-0.071942421,9.1960044084e-4,0.228863673
8.518564555382110,0.032890597,0.225548612,0.970943441,-0.072887802,0.970943441,-0.072887802,0.0011494,0.227931193
8.518572340565784,0.032999493,0.223945143,0.971189888,-0.074482215,0.971189888,-0.074482215,0.001532765,0.226358182
8.518579947361429,0.033099238,0.22240436,0.971421803,-0.076014721,0.971421803,-0.076014721,0.001896285,0.224845826
8.518580000000000,0.033099906,0.222393786,0.971423378,-0.07602524,0.971423378,-0.07602524,0.001898763,0.224835444
8.518587379856591,0.033190612,0.220923069,0.971640243,-0.077488447,0.971640243,-0.077488447,0.002241282,0.223391088
8.518594642045151,0.033274322,0.219498283,0.971846171,-0.078906318,0.971846171,-0.078906318,0.002568972,0.221991126
8.518600000000001,0.033332683,0.218461098,0.971993502,-0.079938693,0.971993502,-0.079938693,0.002804959,0.220971569
8.518601737829480,0.03335101,0.218127208,0.972040469,-0.080271074,0.972040469,-0.080271074,0.00288047,0.220643275
8.518608671022527,0.033421258,0.216807227,0.972223943,-0.081585284,0.972223943,-0.081585284,0.003176806,0.219345037
8.518615445349875,0.033485599,0.215535884,0.972397336,-0.082851356,0.972397336,-0.082851356,0.003458926,0.218094066
8.518620000000000,0.033526549,0.214691142,0.972510745,-0.083692752,0.972510745,-0.083692752,0.003644594,0.217262552
8.518622064451739,0.033544514,0.214310874,0.972561328,-0.084071555,0.972561328,-0.084071555,0.003727708,0.216888157
8.518628531884922,0.033598444,0.213130032,0.972716546,-0.085248007,0.972716546,-0.085248007,0.003983958,0.215725237
8.518634851124727,0.033647791,0.211991322,0.972863566,-0.086382716,0.972863566,-0.086382716,0.004228427,0.214603352
8.518640000000001,0.033685633,0.211074329,0.972980063,-0.087296651,0.972980063,-0.087296651,0.004423412,0.213699583
8.518641025566826,0.033692923,0.210892826,0.97300292,-0.087477566,0.97300292,-0.087477566,0.004461807,0.213520663
8.518647058529082,0.033734174,0.20983274,0.973135099,-0.088534335,0.973135099,-0.088534335,0.004684741,0.212475435
8.518652953253335,0.033771852,0.20880936,0.973260555,-0.089554698,0.973260555,-0.089554698,0.004897828,0.211466031
8.518658712907140,0.033806239,0.20782108,0.973379708,-0.09054024,0.973379708,-0.09054024,0.005101622,0.210490904
8.518660000000001,0.033813603,0.207601786,0.973405882,-0.090758949,0.973405882,-0.090758949,0.005146578,0.210274484
8.518664340585472,0.033837592,0.206866381,0.973492947,-0.091492455,0.973492947,-0.091492455,0.005296639,0.209548592
8.518669839312389,0.033866149,0.20594383,0.973600632,-0.092412757,0.973600632,-0.092412757,0.005483362,0.208637711
8.518675212042657,0.033892126,0.20505207,0.973703096,-0.093302485,0.973703096,-0.093302485,0.005662238,0.207756953
8.518680000000000,0.033913719,0.204265289,0.973792169,-0.094087589,0.973792169,-0.094087589,0.00581874,0.206979651
8.518680461663335,0.033915725,0.204189817,0.973800649,-0.094162906,0.973800649,-0.094162906,0.005833688,0.206905077
8.518685590995329,0.033937127,0.203355854,0.973893579,-0.094995221,0.973893579,-0.094995221,0.005998101,0.206080906
8.518690602794910,0.033956504,0.202549028,0.973982155,-0.095800568,0.973982155,-0.095800568,0.006155844,0.205283325
8.518695499755191,0.03397401,0.201768245,0.974066627,-0.096580028,0.974066627,-0.096580028,0.00630726,0.204511275
8.518700000000001,0.033988886,0.201057212,0.974142486,-0.09728995,0.974142486,-0.09728995,0.006444092,0.203808012
8.518700284507574,0.033989788,0.201012467,0.974147226,-0.097334628,0.974147226,-0.097334628,0.006452669,0.20376375
8.518704959623166,0.034003973,0.200280708,0.97422417,-0.098065341,0.97422417,-0.098065341,0.006592371,0.203039794
8.518709527614162,0.034016685,0.199572029,0.974297662,-0.098773096,0.974297662,-0.098773096,0.00672665,0.202338497
8.518713990935190,0.034028037,0.198885541,0.974367891,-0.099458774,0.974367891,-0.099458774,0.006855769,0.201658993
8.518718351984639,0.034038133,0.198220394,0.974435033,-0.100123214,0.974435033,-0.100123214,0.006979979,0.201000459
8.518720000000000,0.034041697,0.197970469,0.974460032,-0.100372893,0.974460032,-0.100372893,0.007026422,0.200752979
8.518722613105934,0.03404707,0.197575781,0.974499255,-0.100767216,0.974499255,-0.100767216,0.007099512,0.200362109
8.518726776588810,0.034054937,0.196950932,0.97456071,-0.101391542,0.97456071,-0.101391542,0.00721459,0.199743195
8.518730844670531,0.034061816,0.196345114,0.974619546,-0.101996918,0.974619546,-0.101996918,0.007325421,0.199143001
8.518734819537100,0.034067783,0.195757627,0.974675897,-0.102584039,0.974675897,-0.102584039,0.007432199,0.198560849
8.518738703324429,0.034072909,0.195187803,0.974729891,-0.103153564,0.974729891,-0.103153564,0.007535109,0.197996085
8.518740000000001,0.034074467,0.194998474,0.974747687,-0.103342807,0.974747687,-0.103342807,0.007569159,0.197808412
8.518742498119487,0.034077258,0.194635006,0.974781649,-0.103706127,0.974781649,-0.103706127,0.007634327,0.19744809
8.518746205961426,0.034080892,0.194098626,0.974831283,-0.10424233,0.974831283,-0.10424233,0.007730016,0.196916268
8.518749828842669,0.034083867,0.193578081,0.974878899,-0.104762752,0.974878899,-0.104762752,0.007822331,0.196400053
8.518753368709987,0.034086234,0.193072815,0.974924598,-0.105267944,0.974924598,-0.105267944,0.007911421,0.1958989
8.518756827465545,0.034088041,0.192582295,0.974968472,-0.105758435,0.974968472,-0.105758435,0.007997424,0.195412289
8.518760000000000,0.034089268,0.192135097,0.97500805,-0.106205643,0.97500805,-0.106205643,0.008075414,0.194968582
8.518760206967920,0.034089334,0.192106013,0.97501061,-0.106234729,0.97501061,-0.106234729,0.008080472,0.194939722
8.518763509033102,0.034090154,0.19164348,0.975051095,-0.106697312,0.975051095,-0.106697312,0.00816069,0.194480723
8.518766735435468,0.034090539,0.191194228,0.975090007,-0.107146648,0.975090007,-0.107146648,0.008238196,0.194034833
8.518769887908745,0.034090525,0.190757811,0.975127419,-0.107583182,0.975127419,-0.107583182,0.008313103,0.193601615
8.518772968146925,0.034090146,0.190333798,0.975163402,-0.108007339,0.975163402,-0.108007339,0.008385518,0.193180648
8.518775977805186,0.034089431,0.189921778,0.975198021,-0.10841953,0.975198021,-0.10841953,0.008455541,0.192771527
8.518778918500784,0.034088411,0.189521356,0.975231338,-0.108820147,0.975231338,-0.108820147,0.008523269,0.192373867
8.518780000000001,0.034087956,0.189374625,0.975243466,-0.108966956,0.975243466,-0.108966956,0.008548007,0.192228135
8.518781791813913,0.03408711,0.189132152,0.975263414,-0.109209568,0.975263414,-0.109209568,0.008588794,0.191987295
8.518784599288560,0.034085554,0.188753801,0.975294303,-0.109588154,0.975294303,-0.109588154,0.008652202,0.191611452
8.518787342433335,0.034083766,0.188385954,0.97532406,-0.109956254,0.97532406,-0.109956254,0.008713576,0.191245997
8.518790022722278,0.034081766,0.188028275,0.975352733,-0.110314202,0.975352733,-0.110314202,0.008772995,0.190890598
8.518792641595656,0.034079576,0.18768044,0.97538037,-0.110662321,0.97538037,-0.110662321,0.008830534,0.190544939
8.518795200460731,0.034077212,0.187342138,0.975407017,-0.111000918,0.975407017,-0.111000918,0.008886265,0.190208713
8.518797700692520,0.034074693,0.18701307,0.975432717,-0.111330293,0.975432717,-0.111330293,0.008940256,0.189881626
8.518800000000001,0.034072195,0.186711732,0.975456059,-0.11163193,0.975456059,-0.11163193,0.008989508,0.18958207
8.518800143634534,0.034072034,0.186692948,0.975457508,-0.111650732,0.975457508,-0.111650732,0.008992572,0.189563396
8.518802530599498,0.034069249,0.186381495,0.975481431,-0.111962511,0.975481431,-0.111962511,0.009043276,0.18925375
8.518804862870059,0.034066352,0.186078444,0.975504522,-0.112265895,0.975504522,-0.112265895,0.009092426,0.188952424
8.518807141699472,0.034063356,0.185783538,0.975526815,-0.112561142,0.975526815,-0.112561142,0.009140079,0.188659167
8.518809368312278,0.034060273,0.185496529,0.975548343,-0.112848496,0.975548343,-0.112848496,0.00918629,0.188373734
8.518811543904954,0.034057113,0.185217178,0.975569137,-0.113128197,0.975569137,-0.113128197,0.009231111,0.18809589
8.518813669646566,0.034053887,0.184945255,0.975589229,-0.113400474,0.975589229,-0.113400474,0.00927459,0.187825408
8.518815746679390,0.034050603,0.184680539,0.975608645,-0.113665548,0.975608645,-0.113665548,0.009316775,0.18756207
8.518817776119530,0.034047271,0.184422813,0.975627413,-0.113923632,0.975627413,-0.113923632,0.009357712,0.187305663
8.518819759057513,0.034043899,0.184171873,0.975645559,-0.114174934,0.975645559,-0.114174934,0.009397444,0.187055985
8.518820000000000,0.034043482,0.184141441,0.975647751,-0.114205411,0.975647751,-0.114205411,0.009402254,0.187025704
8.518821696558881,0.034040494,0.183927519,0.975663107,-0.114419651,0.975663107,-0.114419651,0.009436013,0.186812838
8.518823589664756,0.034037062,0.183689557,0.97568008,-0.114657976,0.97568008,-0.114657976,0.009473458,0.186576032
8.518825439392410,0.034033611,0.183457801,0.975696502,-0.114890095,0.975696502,-0.114890095,0.009509819,0.186345385
8.518827246735801,0.034030146,0.183232073,0.975712393,-0.115116186,0.975712393,-0.115116186,0.00954513,0.186120717
8.518829012666114,0.034026672,0.183012197,0.975727773,-0.115336424,0.975727773,-0.115336424,0.009579429,0.185901858
8.518830738132278,0.034023195,0.182798007,0.975742662,-0.115550975,0.975742662,-0.115550975,0.009612748,0.185688643
8.518832424061481,0.034019719,0.18258934,0.975757079,-0.115760001,0.975757079,-0.115760001,0.00964512,0.18548091
8.518834071359661,0.034016248,0.18238604,0.975771041,-0.11596366,0.975771041,-0.11596366,0.009676576,0.185278504
8.518835680912005,0.034012787,0.182187953,0.975784564,-0.116162102,0.975784564,-0.116162102,0.009707146,0.185081277
8.518837253583413,0.034009338,0.181994934,0.975797666,-0.116355474,0.975797666,-0.116355474,0.009736858,0.184889081
8.518838790218965,0.034005905,0.18180684,0.975810362,-0.116543917,0.975810362,-0.116543917,0.009765741,0.184701778
8.518840000000001,0.034003159,0.181659104,0.975820284,-0.116691933,0.975820284,-0.116691933,0.009788377,0.184554654
8.518840291644379,0.034002491,0.181623535,0.975822666,-0.11672757,0.975822666,-0.11672757,0.009793821,0.184519231
8.518841758666452,0.033999099,0.181444884,0.975834592,-0.116906565,0.975834592,-0.116906565,0.009821123,0.184341309
8.518843192073497,0.033995731,0.181270759,0.975846155,-0.117081031,0.975846155,-0.117081031,0.009847673,0.184167883
8.518844592635759,0.03399239,0.181101036,0.975857367,-0.117251092,0.975857367,-0.117251092,0.009873493,0.183998831
8.518845961105839,0.033989077,0.180935593,0.97586824,-0.117416869,0.97586824,-0.117416869,0.009898607,0.183834033
8.518847298219088,0.033985795,0.180774313,0.975878787,-0.117578479,0.975878787,-0.117578479,0.009923036,0.183673372
8.518848604694011,0.033982545,0.180617083,0.975889019,-0.117736035,0.975889019,-0.117736035,0.009946802,0.183516738
8.518849881232647,0.033979328,0.180463793,0.975898946,-0.117889647,0.975898946,-0.117889647,0.009969925,0.18336402
8.518851128520950,0.033976147,0.180314336,0.97590858,-0.118039422,0.97590858,-0.118039422,0.009992424,0.183215113
8.518852347229158,0.033973002,0.180168609,0.97591793,-0.118185463,0.97591793,-0.118185463,0.010014319,0.183069916
8.518853538012147,0.033969893,0.180026512,0.975927006,-0.11832787,0.975927006,-0.11832787,0.010035628,0.182928327
8.518854701509788,0.033966824,0.179887948,0.975935817,-0.11846674,0.975935817,-0.11846674,0.010056369,0.182790252
8.518855838347296,0.033963793,0.179752822,0.975944373,-0.118602167,0.975944373,-0.118602167,0.010076558,0.182655597
8.518856949135552,0.033960802,0.179621043,0.975952681,-0.118734243,0.975952681,-0.118734243,0.010096212,0.182524271
8.518858034471444,0.033957851,0.179492522,0.97596075,-0.118863057,0.97596075,-0.118863057,0.010115346,0.182396187
8.518859094938181,0.033954941,0.179367173,0.975968588,-0.118988693,0.975968588,-0.118988693,0.010133977,0.182271258
8.518860000000000,0.033952437,0.179260371,0.975975242,-0.119095743,0.975975242,-0.119095743,0.010149826,0.182164809
8.518860131105612,0.033952073,0.179244913,0.975976203,-0.119111237,0.975976203,-0.119111237,0.010152118,0.182149402
8.518861143530525,0.033949246,0.179125661,0.975983601,-0.119230769,0.975983601,-0.119230769,0.010169784,0.182030539
8.518862132756951,0.033946461,0.179009337,0.97599079,-0.119347367,0.97599079,-0.119347367,0.01018699,0.181914591
8.518863099316453,0.033943718,0.178895866,0.975997776,-0.119461109,0.975997776,-0.119461109,0.010203747,0.181801481
8.518864043728417,0.033941017,0.178785172,0.976004567,-0.119572068,0.976004567,-0.119572068,0.010220069,0.181691136
8.518864966500329,0.033938359,0.178677185,0.976011168,-0.119680317,0.976011168,-0.119680317,0.010235969,0.181583484
8.518865868128044,0.033935743,0.178571834,0.976017585,-0.119785926,0.976017585,-0.119785926,0.010251458,0.181478456
8.518866749096054,0.033933169,0.17846905,0.976023824,-0.119888962,0.976023824,-0.119888962,0.010266548,0.181375985
8.518867609877752,0.033930637,0.178368768,0.976029891,-0.119989493,0.976029891,-0.119989493,0.010281251,0.181276004
8.518868450935683,0.033928148,0.178270923,0.97603579,-0.120087581,0.97603579,-0.120087581,0.010295577,0.18117845
8.518869272721792,0.0339257,0.178175454,0.976041529,-0.12018329,0.976041529,-0.12018329,0.010309537,0.18108326
8.518870075677672,0.033923294,0.178082299,0.97604711,-0.120276681,0.97604711,-0.120276681,0.010323141,0.180990375
8.518870860234792,0.03392093,0.177991399,0.976052539,-0.120367812,0.976052539,-0.120367812,0.010336399,0.180899736
8.518871626814740,0.033918606,0.177902697,0.976057821,-0.120456742,0.976057821,-0.120456742,0.01034932,0.180811286
8.518872375829437,0.033916324,0.177816137,0.976062961,-0.120543524,0.976062961,-0.120543524,0.010361914,0.180724969
8.518873107681372,0.033914082,0.177731665,0.976067961,-0.120628215,0.976067961,-0.120628215,0.010374191,0.180640732
8.518873822763810,0.03391188,0.177649228,0.976072828,-0.120710867,0.976072828,-0.120710867,0.010386157,0.180558522
8.518874521461001,0.033909718,0.177568775,0.976077564,-0.120791531,0.976077564,-0.120791531,0.010397823,0.180478288
8.518875204148395,0.033907595,0.177490256,0.976082174,-0.120870257,0.976082174,-0.120870257,0.010409195,0.18039998
8.518875871192837,0.033905512,0.177413622,0.976086661,-0.120947093,0.976086661,-0.120947093,0.010420283,0.180323551
8.518876522952764,0.033903467,0.177338826,0.976091029,-0.121022088,0.976091029,-0.121022088,0.010431094,0.180248953
8.518877159778405,0.03390146,0.177265823,0.976095282,-0.121095287,0.976095282,-0.121095287,0.010441634,0.18017614
8.518877782011959,0.033899491,0.177194567,0.976099422,-0.121166734,0.976099422,-0.121166734,0.010451913,0.180105069
8.518878389987787,0.033897559,0.177125014,0.976103454,-0.121236474,0.976103454,-0.121236474,0.010461935,0.180035695
8.518878984032588,0.033895664,0.177057124,0.97610738,-0.121304549,0.97610738,-0.121304549,0.010471709,0.179967977
8.518879564465573,0.033893806,0.176990853,0.976111203,-0.121371,0.976111203,-0.121371,0.010481241,0.179901874
8.518880000000001,0.033892406,0.176941169,0.976114064,-0.12142082,0.976114064,-0.12142082,0.010488381,0.179852313
8.518880131598642,0.033891983,0.176926163,0.976114927,-0.121435867,0.976114927,-0.121435867,0.010490537,0.179837345
8.518880685736544,0.033890195,0.176863014,0.976118554,-0.12149919,0.976118554,-0.12149919,0.010499603,0.179774352
8.518881227177051,0.033888442,0.176801368,0.976122087,-0.121561006,0.976122087,-0.121561006,0.010508447,0.179712858
8.518881756211105,0.033886724,0.176741188,0.976125528,-0.121621352,0.976125528,-0.121621352,0.010517072,0.179652824
8.518882273122985,0.033885039,0.176682438,0.976128881,-0.121680266,0.976128881,-0.121680266,0.010525486,0.179594215
8.518882778190457,0.033883388,0.176625082,0.976132147,-0.121737781,0.976132147,-0.121737781,0.010533693,0.179536997
8.518883271684922,0.033881769,0.176569087,0.976135329,-0.121793933,0.976135329,-0.121793933,0.010541699,0.179481135
8.518883753871561,0.033880183,0.17651442,0.97613843,-0.121848754,0.97613843,-0.121848754,0.010549509,0.179426596
8.518884225009478,0.033878628,0.176461047,0.976141452,-0.121902278,0.976141452,-0.121902278,0.010557129,0.179373348
8.518884685351843,0.033877105,0.176408937,0.976144396,-0.121954535,0.976144396,-0.121954535,0.010564563,0.179321359
8.518885135146020,0.033875613,0.176358059,0.976147266,-0.122005557,0.976147266,-0.122005557,0.010571815,0.179270598
8.518885574633712,0.03387415,0.176308384,0.976150063,-0.122055373,0.976150063,-0.122055373,0.010578892,0.179221036
8.518886004051076,0.033872718,0.176259882,0.976152789,-0.122104014,0.976152789,-0.122104014,0.010585796,0.179172644
8.518886423628862,0.033871315,0.176212524,0.976155446,-0.122151507,0.976155446,-0.122151507,0.010592533,0.179125393
8.518886833592532,0.03386994,0.176166284,0.976158036,-0.12219788,0.976158036,-0.12219788,0.010599107,0.179079255
8.518887234162383,0.033868594,0.176121133,0.976160561,-0.122243161,0.976160561,-0.122243161,0.010605522,0.179034205
8.518887625553663,0.033867275,0.176077045,0.976163023,-0.122287376,0.976163023,-0.122287376,0.010611782,0.178990214
8.518888007976686,0.033865984,0.176033995,0.976165423,-0.122330551,0.976165423,-0.122330551,0.010617891,0.178947258
8.518888381636952,0.03386472,0.175991958,0.976167762,-0.12237271,0.976167762,-0.12237271,0.010623852,0.178905312
8.518888746735245,0.033863481,0.175950909,0.976170044,-0.122413878,0.976170044,-0.122413878,0.01062967,0.178864352
8.518889103467755,0.033862269,0.175910825,0.976172268,-0.12245408,0.976172268,-0.12245408,0.010635348,0.178824353
8.518889452026173,0.033861082,0.175871681,0.976174437,-0.122493337,0.976174437,-0.122493337,0.01064089,0.178785293
8.518889792597797,0.03385992,0.175833457,0.976176553,-0.122531674,0.976176553,-0.122531674,0.010646298,0.17874715
8.518890125365635,0.033858782,0.175796128,0.976178615,-0.122569112,0.976178615,-0.122569112,0.010651577,0.1787099
8.518890450508504,0.033857669,0.175759675,0.976180627,-0.122605672,0.976180627,-0.122605672,0.01065673,0.178673523
8.518890768201118,0.033856578,0.175724077,0.976182589,-0.122641376,0.976182589,-0.122641376,0.010661759,0.178637998
8.518891078614191,0.033855511,0.175689311,0.976184503,-0.122676244,0.976184503,-0.122676244,0.010666668,0.178603305
8.518891381914527,0.033854467,0.17565536,0.976186369,-0.122710296,0.976186369,-0.122710296,0.01067146,0.178569423
8.518891678265103,0.033853444,0.175622203,0.97618819,-0.122743552,0.97618819,-0.122743552,0.010676137,0.178536334
8.518891967825166,0.033852444,0.175589821,0.976189966,-0.12277603,0.976189966,-0.12277603,0.010680703,0.178504017
8.518892250750310,0.033851465,0.175558196,0.976191698,-0.122807749,0.976191698,-0.122807749,0.01068516,0.178472456
8.518892527192570,0.033850506,0.17552731,0.976193388,-0.122838728,0.976193388,-0.122838728,0.010689511,0.178441632
8.518892797300492,0.033849569,0.175497145,0.976195036,-0.122868983,0.976195036,-0.122868983,0.010693759,0.178411528
8.518893061219217,0.033848651,0.175467684,0.976196645,-0.122898532,0.976196645,-0.122898532,0.010697906,0.178382126
8.518893319090566,0.033847753,0.175438911,0.976198214,-0.122927391,0.976198214,-0.122927391,0.010701954,0.178353409
8.518893571053106,0.033846875,0.175410809,0.976199745,-0.122955578,0.976199745,-0.122955578,0.010705906,0.178325362
8.518893817242230,0.033846015,0.175383362,0.976201238,-0.122983108,0.976201238,-0.122983108,0.010709765,0.178297969
8.518894057790229,0.033845174,0.175356554,0.976202696,-0.123009996,0.976202696,-0.123009996,0.010713532,0.178271214
8.518894292826362,0.033844351,0.175330371,0.976204118,-0.123036258,0.976204118,-0.123036258,0.010717211,0.178245082
8.518894522476929,0.033843546,0.175304798,0.976205506,-0.123061909,0.976205506,-0.123061909,0.010720802,0.178219558
8.518894746865332,0.033842759,0.17527982,0.97620686,-0.123086962,0.97620686,-0.123086962,0.010724308,0.178194628
8.518894966112146,0.033841988,0.175255423,0.976208181,-0.123111433,0.976208181,-0.123111433,0.010727732,0.178170278
8.518895180335187,0.033841235,0.175231594,0.97620947,-0.123135335,0.97620947,-0.123135335,0.010731074,0.178146494
8.518895389649566,0.033840498,0.175208319,0.976210729,-0.123158681,0.976210729,-0.123158681,0.010734338,0.178123263
8.518895594167761,0.033839776,0.175185585,0.976211957,-0.123181484,0.976211957,-0.123181484,0.010737525,0.178100572
8.518895793999670,0.033839071,0.175163379,0.976213155,-0.123203758,0.976213155,-0.123203758,0.010740637,0.178078408
8.518895989252673,0.033838381,0.175141689,0.976214325,-0.123225514,0.976214325,-0.123225514,0.010743676,0.178056758
8.518896180031691,0.033837706,0.175120502,0.976215467,-0.123246765,0.976215467,-0.123246765,0.010746643,0.178035612
8.518896366439238,0.033837046,0.175099808,0.976216581,-0.123267523,0.976216581,-0.123267523,0.010749541,0.178014956
8.518896548575484,0.033836401,0.175079594,0.976217668,-0.123287799,0.976217668,-0.123287799,0.01075237,0.177994779
8.518896726538298,0.033835769,0.175059849,0.97621873,-0.123307605,0.97621873,-0.123307605,0.010755133,0.17797507
8.518896900423311,0.033835152,0.175040561,0.976219766,-0.123326951,0.976219766,-0.123326951,0.010757831,0.177955819
8.518897070323959,0.033834548,0.175021722,0.976220778,-0.123345849,0.976220778,-0.123345849,0.010760466,0.177937013
8.518897236331542,0.033833957,0.175003318,0.976221765,-0.123364309,0.976221765,-0.123364309,0.010763039,0.177918644
8.518897398535263,0.03383338,0.174985342,0.976222729,-0.123382341,0.976222729,-0.123382341,0.010765552,0.1779007
8.518897557022280,0.033832815,0.174967782,0.976223669,-0.123399955,0.976223669,-0.123399955,0.010768006,0.177883171
8.518897711877761,0.033832263,0.174950628,0.976224588,-0.123417162,0.976224588,-0.123417162,0.010770403,0.177866049
8.518897863184916,0.033831723,0.174933872,0.976225484,-0.12343397,0.976225484,-0.12343397,0.010772743,0.177849323
8.518898011025053,0.033831195,0.174917504,0.97622636,-0.123450388,0.97622636,-0.123450388,0.010775029,0.177832984
8.518898155477611,0.033830678,0.174901515,0.976227214,-0.123466427,0.976227214,-0.123466427,0.010777261,0.177817024
8.518898296620215,0.033830173,0.174885896,0.976228048,-0.123482095,0.976228048,-0.123482095,0.010779441,0.177801432
8.518898434528706,0.033829679,0.174870638,0.976228863,-0.1234974,0.976228863,-0.1234974,0.01078157,0.177786202
8.518898569277194,0.033829197,0.174855733,0.976229658,-0.123512351,0.976229658,-0.123512351,0.01078365,0.177771323
8.518898700938083,0.033828725,0.174841173,0.976230434,-0.123526957,0.976230434,-0.123526957,0.010785681,0.177756789
8.518898829582122,0.033828263,0.174826949,0.976231192,-0.123541225,0.976231192,-0.123541225,0.010787665,0.17774259
8.518898955278440,0.033827812,0.174813054,0.976231932,-0.123555163,0.976231932,-0.123555163,0.010789602,0.17772872
8.518899078094579,0.033827371,0.174799481,0.976232655,-0.123568779,0.976232655,-0.123568779,0.010791494,0.17771517
8.518899198096534,0.033826939,0.174786221,0.97623336,-0.12358208,0.97623336,-0.12358208,0.010793342,0.177701933
8.518899315348792,0.033826517,0.174773267,0.976234049,-0.123595074,0.976234049,-0.123595074,0.010795148,0.177689002
8.518899429914356,0.033826105,0.174760613,0.976234722,-0.123607768,0.976234722,-0.123607768,0.010796911,0.17767637
8.518899541854790,0.033825702,0.174748251,0.976235378,-0.123620169,0.976235378,-0.123620169,0.010798633,0.177664029
8.518899651230242,0.033825308,0.174736174,0.97623602,-0.123632283,0.97623602,-0.123632283,0.010800315,0.177651974
8.518899758099492,0.033824923,0.174724376,0.976236646,-0.123644118,0.976236646,-0.123644118,0.010801958,0.177640196
8.518899862519961,0.033824546,0.17471285,0.976237257,-0.12365568,0.976237257,-0.12365568,0.010803562,0.17762869
8.518899964547762,0.033824178,0.174701591,0.976237854,-0.123666974,0.976237854,-0.123666974,0.01080513,0.17761745
8.518900000000000,0.03382405,0.174697679,0.976238062,-0.123670899,0.976238062,-0.123670899,0.010805674,0.177613545
8.518900064237721,0.033823818,0.174690591,0.976238438,-0.123678009,0.976238438,-0.123678009,0.010806661,0.177606469
8.518900161643405,0.033823466,0.174679845,0.976239007,-0.123688788,0.976239007,-0.123688788,0.010808156,0.177595742
8.518900256817155,0.033823122,0.174669347,0.976239563,-0.123699319,0.976239563,-0.123699319,0.010809617,0.177585262
8.518900349810115,0.033822785,0.174659091,0.976240106,-0.123709608,0.976240106,-0.123709608,0.010811044,0.177575023
8.518900440672255,0.033822457,0.174649072,0.976240636,-0.123719659,0.976240636,-0.123719659,0.010812438,0.177565021
8.518900529452399,0.033822135,0.174639283,0.976241154,-0.123729478,0.976241154,-0.123729478,0.010813799,0.177555249
8.518900616198252,0.033821821,0.17462972,0.97624166,-0.123739071,0.97624166,-0.123739071,0.010815129,0.177545702
8.518900700956431,0.033821514,0.174620378,0.976242154,-0.123748442,0.976242154,-0.123748442,0.010816428,0.177536376
8.518900783772478,0.033821214,0.174611251,0.976242636,-0.123757598,0.976242636,-0.123757598,0.010817697,0.177527264
8.518900864690897,0.03382092,0.174602334,0.976243107,-0.123766543,0.976243107,-0.123766543,0.010818936,0.177518363
8.518900943755169,0.033820634,0.174593623,0.976243567,-0.123775282,0.976243567,-0.123775282,0.010820147,0.177509666
8.518901021007778,0.033820353,0.174585112,0.976244017,-0.123783819,0.976244017,-0.123783819,0.01082133,0.17750117
8.518901096490238,0.033820079,0.174576798,0.976244455,-0.12379216,0.976244455,-0.12379216,0.010822485,0.177492869
8.518901170243108,0.033819811,0.174568675,0.976244884,-0.123800309,0.976244884,-0.123800309,0.010823614,0.17748476
8.518901242306022,0.03381955,0.174560739,0.976245303,-0.12380827,0.976245303,-0.12380827,0.010824716,0.177476837
8.518901312717702,0.033819294,0.174552986,0.976245711,-0.123816047,0.976245711,-0.123816047,0.010825793,0.177469097
8.518901381515983,0.033819044,0.174545411,0.976246111,-0.123823646,0.976246111,-0.123823646,0.010826845,0.177461535
8.518901448737834,0.033818799,0.174538011,0.976246501,-0.12383107,0.976246501,-0.12383107,0.010827873,0.177454147
8.518901514419380,0.03381856,0.174530781,0.976246882,-0.123838323,0.976246882,-0.123838323,0.010828877,0.177446929
8.518901578595912,0.033818327,0.174523717,0.976247254,-0.123845408,0.976247254,-0.123845408,0.010829858,0.177439877
8.518901641301916,0.033818098,0.174516816,0.976247617,-0.123852331,0.976247617,-0.123852331,0.010830816,0.177432987
8.518901702571089,0.033817875,0.174510074,0.976247972,-0.123859095,0.976247972,-0.123859095,0.010831752,0.177426256
8.518901762436354,0.033817657,0.174503487,0.976248319,-0.123865703,0.976248319,-0.123865703,0.010832666,0.17741968
8.518901820929878,0.033817444,0.174497052,0.976248657,-0.123872158,0.976248657,-0.123872158,0.01083356,0.177413255
8.518901878083094,0.033817236,0.174490764,0.976248988,-0.123878466,0.976248988,-0.123878466,0.010834432,0.177406978
8.518901933926713,0.033817032,0.174484621,0.976249311,-0.123884628,0.976249311,-0.123884628,0.010835285,0.177400846
8.518901988490745,0.033816833,0.17447862,0.976249627,-0.123890649,0.976249627,-0.123890649,0.010836117,0.177394854
8.518902041804507,0.033816638,0.174472757,0.976249935,-0.123896531,0.976249935,-0.123896531,0.010836931,0.177389
8.518902093896649,0.033816448,0.174467028,0.976250236,-0.123902277,0.976250236,-0.123902277,0.010837726,0.177383281
8.518902144795163,0.033816263,0.174461431,0.97625053,-0.123907892,0.97625053,-0.123907892,0.010838502,0.177377693
8.518902194527399,0.033816081,0.174455963,0.976250817,-0.123913378,0.976250817,-0.123913378,0.010839261,0.177372234
8.518902243120083,0.033815904,0.174450621,0.976251098,-0.123918737,0.976251098,-0.123918737,0.010840002,0.1773669
8.518902290599323,0.03381573,0.174445401,0.976251372,-0.123923973,0.976251372,-0.123923973,0.010840726,0.177361689
8.518902336990635,0.033815561,0.174440301,0.97625164,-0.123929089,0.97625164,-0.123929089,0.010841433,0.177356598
8.518902382318945,0.033815395,0.174435319,0.976251901,-0.123934087,0.976251901,-0.123934087,0.010842124,0.177351624
8.518902426608612,0.033815233,0.174430451,0.976252157,-0.123938971,0.976252157,-0.123938971,0.010842799,0.177346764
8.518902469883436,0.033815075,0.174425695,0.976252406,-0.123943742,0.976252406,-0.123943742,0.010843458,0.177342015
8.518902512166669,0.03381492,0.174421048,0.97625265,-0.123948403,0.97625265,-0.123948403,0.010844102,0.177337376
8.518902553481034,0.033814769,0.174416508,0.976252888,-0.123952958,0.976252888,-0.123952958,0.010844732,0.177332844
8.518902593848729,0.033814622,0.174412073,0.976253121,-0.123957407,0.976253121,-0.123957407,0.010845347,0.177328415
8.518902633291448,0.033814477,0.174407739,0.976253348,-0.123961755,0.976253348,-0.123961755,0.010845947,0.177324089
8.518902671830388,0.033814336,0.174403505,0.97625357,-0.123966003,0.97625357,-0.123966003,0.010846534,0.177319861
8.518902709486252,0.033814198,0.174399368,0.976253787,-0.123970153,0.976253787,-0.123970153,0.010847108,0.177315731
8.518902746279277,0.033814064,0.174395326,0.976253999,-0.123974207,0.976253999,-0.123974207,0.010847668,0.177311696
8.518902782229237,0.033813932,0.174391377,0.976254206,-0.123978169,0.976254206,-0.123978169,0.010848215,0.177307753
8.518902817355446,0.033813803,0.174387519,0.976254408,-0.123982039,0.976254408,-0.123982039,0.01084875,0.177303901
8.518902851676780,0.033813678,0.17438375,0.976254605,-0.123985821,0.976254605,-0.123985821,0.010849272,0.177300138
8.518902885211682,0.033813555,0.174380067,0.976254798,-0.123989516,0.976254798,-0.123989516,0.010849782,0.177296461
8.518902917978174,0.033813435,0.174376468,0.976254987,-0.123993126,0.976254987,-0.123993126,0.010850281,0.177292868
8.518902949993860,0.033813317,0.174372952,0.976255171,-0.123996653,0.976255171,-0.123996653,0.010850768,0.177289358
8.518902981275946,0.033813203,0.174369517,0.976255351,-0.124000099,0.976255351,-0.124000099,0.010851244,0.177285928
8.518903011841243,0.033813091,0.174366161,0.976255526,-0.124003466,0.976255526,-0.124003466,0.010851709,0.177282578
8.518903041706171,0.033812981,0.174362882,0.976255698,-0.124006755,0.976255698,-0.124006755,0.010852163,0.177279304
8.518903070886781,0.033812874,0.174359678,0.976255866,-0.124009969,0.976255866,-0.124009969,0.010852607,0.177276105
8.518903099398749,0.03381277,0.174356548,0.976256029,-0.12401311,0.976256029,-0.12401311,0.01085304,0.17727298
8.518903127768544,0.033812665,0.174353433,0.976256192,-0.124016234,0.976256192,-0.124016234,0.010853472,0.17726987
8.518903156803642,0.033812559,0.174350246,0.976256359,-0.124019432,0.976256359,-0.124019432,0.010853913,0.177266688
8.518903186519648,0.03381245,0.174346984,0.97625653,-0.124022704,0.97625653,-0.124022704,0.010854365,0.177263431
8.518903216932527,0.033812338,0.174343645,0.976256704,-0.124026053,0.976256704,-0.124026053,0.010854827,0.177260098
8.518903248058622,0.033812224,0.174340229,0.976256883,-0.124029481,0.976256883,-0.124029481,0.0108553,0.177256687
8.518903279914660,0.033812107,0.174336733,0.976257066,-0.124032988,0.976257066,-0.124032988,0.010855785,0.177253196
8.518903312517759,0.033811987,0.174333154,0.976257253,-0.124036578,0.976257253,-0.124036578,0.01085628,0.177249624
8.518903345885439,0.033811865,0.174329493,0.976257444,-0.124040251,0.976257444,-0.124040251,0.010856787,0.177245968
8.518903380035628,0.033811739,0.174325745,0.97625764,-0.124044011,0.97625764,-0.124044011,0.010857306,0.177242226
8.518903414986676,0.033811611,0.17432191,0.976257841,-0.124047859,0.976257841,-0.124047859,0.010857837,0.177238397
8.518903450757369,0.03381148,0.174317985,0.976258046,-0.124051796,0.976258046,-0.124051796,0.01085838,0.177234478
8.518903487366924,0.033811345,0.174313968,0.976258256,-0.124055826,0.976258256,-0.124055826,0.010858936,0.177230468
8.518903524835014,0.033811207,0.174309857,0.97625847,-0.12405995,0.97625847,-0.12405995,0.010859505,0.177226363
8.518903563181775,0.033811066,0.17430565,0.97625869,-0.12406417,0.97625869,-0.12406417,0.010860088,0.177222163
8.518903602427811,0.033810922,0.174301345,0.976258915,-0.124068489,0.976258915,-0.124068489,0.010860683,0.177217865
8.518903642594211,0.033810774,0.174296939,0.976259145,-0.124072909,0.976259145,-0.124072909,0.010861293,0.177213466
8.518903683702559,0.033810623,0.17429243,0.97625938,-0.124077433,0.97625938,-0.124077433,0.010861917,0.177208964
8.518903725774944,0.033810468,0.174287816,0.976259621,-0.124082062,0.976259621,-0.124082062,0.010862556,0.177204357
8.518903768833976,0.03381031,0.174283093,0.976259868,-0.124086799,0.976259868,-0.124086799,0.010863209,0.177199642
8.518903812902790,0.033810148,0.174278261,0.97626012,-0.124091647,0.97626012,-0.124091647,0.010863878,0.177194817
8.518903858005068,0.033809982,0.174273315,0.976260378,-0.124096609,0.976260378,-0.124096609,0.010864562,0.177189879
8.518903904165045,0.033809812,0.174268254,0.976260642,-0.124101686,0.976260642,-0.124101686,0.010865262,0.177184826
8.518903951407527,0.033809638,0.174263074,0.976260912,-0.124106883,0.976260912,-0.124106883,0.010865979,0.177179654
8.518903999757899,0.03380946,0.174257774,0.976261188,-0.1241122,0.976261188,-0.1241122,0.010866712,0.177174362
8.518904049242144,0.033809277,0.174252349,0.976261471,-0.124117642,0.976261471,-0.124117642,0.010867462,0.177168946
8.518904099886848,0.033809091,0.174246798,0.97626176,-0.124123211,0.97626176,-0.124123211,0.01086823,0.177163403
8.518904151719230,0.0338089,0.174241117,0.976262056,-0.12412891,0.976262056,-0.12412891,0.010869015,0.177157731
8.518904204767139,0.033808704,0.174235303,0.976262359,-0.124134743,0.976262359,-0.124134743,0.010869819,0.177151927
8.518904259059083,0.033808504,0.174229354,0.976262669,-0.124140711,0.976262669,-0.124140711,0.010870642,0.177145987
8.518904314624235,0.033808299,0.174223265,0.976262986,-0.124146819,0.976262986,-0.124146819,0.010871484,0.177139908
8.518904371492454,0.033808089,0.174217035,0.97626331,-0.12415307,0.97626331,-0.12415307,0.010872345,0.177133687
8.518904429694297,0.033807874,0.174210659,0.976263642,-0.124159467,0.976263642,-0.124159467,0.010873226,0.17712732
8.518904489261038,0.033807654,0.174204134,0.976263981,-0.124166013,0.976263981,-0.124166013,0.010874128,0.177120805
8.518904550224688,0.033807429,0.174197456,0.976264329,-0.124172712,0.976264329,-0.124172712,0.010875051,0.177114138
8.518904612618005,0.033807198,0.174190623,0.976264684,-0.124179567,0.976264684,-0.124179567,0.010875995,0.177107315
8.518904676474518,0.033806962,0.17418363,0.976265048,-0.124186583,0.976265048,-0.124186583,0.010876961,0.177100333
8.518904741828537,0.033806721,0.174176474,0.97626542,-0.124193762,0.97626542,-0.124193762,0.01087795,0.177093188
8.518904808715183,0.033806473,0.17416915,0.9762658,-0.124201109,0.9762658,-0.124201109,0.010878962,0.177085876
8.518904877170396,0.03380622,0.174161656,0.976266189,-0.124208627,0.976266189,-0.124208627,0.010879997,0.177078394
8.518904947230963,0.033805961,0.174153987,0.976266588,-0.124216321,0.976266588,-0.124216321,0.010881056,0.177070736
8.518905018934531,0.033805695,0.174146139,0.976266995,-0.124224194,0.976266995,-0.124224194,0.01088214,0.1770629
8.518905092319628,0.033805424,0.174138108,0.976267412,-0.124232251,0.976267412,-0.124232251,0.010883249,0.177054882
8.518905167425689,0.033805145,0.17412989,0.976267838,-0.124240496,0.976267838,-0.124240496,0.010884383,0.177046676
8.518905244293073,0.03380486,0.17412148,0.976268274,-0.124248933,0.976268274,-0.124248933,0.010885544,0.177038279
8.518905322963086,0.033804569,0.174112874,0.97626872,-0.124257567,0.97626872,-0.124257567,0.010886732,0.177029685
8.518905403478000,0.03380427,0.174104067,0.976269177,-0.124266403,0.976269177,-0.124266403,0.010887948,0.177020892
8.518905485881080,0.033803964,0.174095055,0.976269644,-0.124275444,0.976269644,-0.124275444,0.010889191,0.177011893
8.518905570216607,0.033803651,0.174085833,0.976270121,-0.124284696,0.976270121,-0.124284696,0.010890464,0.177002685
8.518905656529896,0.033803331,0.174076395,0.97627061,-0.124294164,0.97627061,-0.124294164,0.010891766,0.176993262
8.518905744867332,0.033803003,0.174066738,0.97627111,-0.124303853,0.97627111,-0.124303853,0.010893098,0.176983619
8.518905835276382,0.033802667,0.174056856,0.976271621,-0.124313767,0.976271621,-0.124313767,0.010894461,0.176973752
8.518905927805626,0.033802323,0.174046743,0.976272144,-0.124323912,0.976272144,-0.124323912,0.010895855,0.176963654
8.518906022504787,0.03380197,0.174036395,0.976272679,-0.124334294,0.976272679,-0.124334294,0.010897282,0.176953322
8.518906119424750,0.03380161,0.174025806,0.976273226,-0.124344918,0.976273226,-0.124344918,0.010898742,0.176942749
8.518906218617596,0.03380124,0.174014971,0.976273786,-0.124355789,0.976273786,-0.124355789,0.010900236,0.176931929
8.518906320136630,0.033800862,0.174003883,0.976274358,-0.124366913,0.976274358,-0.124366913,0.010901764,0.176920857
8.518906424036400,0.033800475,0.173992537,0.976274944,-0.124378296,0.976274944,-0.124378296,0.010903327,0.176909528
8.518906530372737,0.033800078,0.173980926,0.976275543,-0.124389944,0.976275543,-0.124389944,0.010904927,0.176897935
8.518906639202784,0.033799672,0.173969046,0.976276155,-0.124401863,0.976276155,-0.124401863,0.010906563,0.176886072
8.518906750585019,0.033799256,0.173956889,0.976276782,-0.12441406,0.976276782,-0.12441406,0.010908237,0.176873933
8.518906864579293,0.033798831,0.17394445,0.976277422,-0.12442654,0.976277422,-0.12442654,0.01090995,0.176861511
8.518906981246865,0.033798395,0.173931721,0.976278078,-0.12443931,0.976278078,-0.12443931,0.010911703,0.176848801
8.518907100650424,0.033797948,0.173918696,0.976278748,-0.124452378,0.976278748,-0.124452378,0.010913496,0.176835795
8.518907222854132,0.033797491,0.173905368,0.976279434,-0.124465749,0.976279434,-0.124465749,0.01091533,0.176822486
8.518907347923657,0.033797023,0.17389173,0.976280135,-0.124479432,0.976280135,-0.124479432,0.010917206,0.176808868
8.518907475926204,0.033796543,0.173877776,0.976280852,-0.124493432,0.976280852,-0.124493432,0.010919126,0.176794934
8.518907606930558,0.033796052,0.173863497,0.976281585,-0.124507758,0.976281585,-0.124507758,0.01092109,0.176780676
8.518907741007112,0.03379555,0.173848886,0.976282335,-0.124522416,0.976282335,-0.124522416,0.010923099,0.176766086
8.518907878227914,0.033795035,0.173833936,0.976283101,-0.124537415,0.976283101,-0.124537415,0.010925154,0.176751157
8.518908018666702,0.033794507,0.173818639,0.976283886,-0.124552763,0.976283886,-0.124552763,0.010927257,0.176735882
8.518908162398938,0.033793967,0.173802987,0.976284687,-0.124568466,0.976284687,-0.124568466,0.010929408,0.176720252
8.518908309501859,0.033793414,0.173786972,0.976285507,-0.124584534,0.976285507,-0.124584534,0.010931608,0.176704259
8.518908460054512,0.033792848,0.173770585,0.976286346,-0.124600976,0.976286346,-0.124600976,0.010933859,0.176687895
8.518908614137795,0.033792267,0.173753818,0.976287203,-0.124617798,0.976287203,-0.124617798,0.010936162,0.176671151
8.518908771834507,0.033791673,0.173736662,0.97628808,-0.124635011,0.97628808,-0.124635011,0.010938517,0.176654019
8.518908933229389,0.033791064,0.173719108,0.976288976,-0.124652623,0.976288976,-0.124652623,0.010940926,0.176636489
8.518909098409162,0.033790441,0.173701147,0.976289893,-0.124670643,0.976289893,-0.124670643,0.010943391,0.176618553
8.518909267462590,0.033789802,0.17368277,0.97629083,-0.124689081,0.97629083,-0.124689081,0.010945912,0.176600202
8.518909440480513,0.033789148,0.173663968,0.976291788,-0.124707946,0.976291788,-0.124707946,0.010948491,0.176581425
8.518909617555904,0.033788479,0.173644729,0.976292767,-0.124727248,0.976292767,-0.124727248,0.010951128,0.176562213
8.518909798783916,0.033787792,0.173625046,0.976293769,-0.124746997,0.976293769,-0.124746997,0.010953826,0.176542556
8.518909984261931,0.033787089,0.173604907,0.976294792,-0.124767203,0.976294792,-0.124767203,0.010956586,0.176522443
8.518910174089616,0.033786369,0.173584301,0.976295839,-0.124787877,0.976295839,-0.124787877,0.010959409,0.176501866
8.518910368368978,0.033785632,0.173563219,0.976296909,-0.124809029,0.976296909,-0.124809029,0.010962296,0.176480812
8.518910567204411,0.033784876,0.17354165,0.976298003,-0.12483067,0.976298003,-0.12483067,0.010965249,0.176459271
8.518910770702762,0.033784103,0.173519582,0.976299121,-0.124852812,0.976299121,-0.124852812,0.010968269,0.176437232
8.518910978973382,0.03378331,0.173497004,0.976300264,-0.124875466,0.976300264,-0.124875466,0.010971358,0.176414683
8.518911192128185,0.033782497,0.173473904,0.976301432,-0.124898643,0.976301432,-0.124898643,0.010974517,0.176391614
8.518911410281712,0.033781665,0.173450271,0.976302626,-0.124922355,0.976302626,-0.124922355,0.010977749,0.176368011
8.518911633551186,0.033780813,0.173426093,0.976303847,-0.124946615,0.976303847,-0.124946615,0.010981053,0.176343864
8.518911862056585,0.03377994,0.173401356,0.976305094,-0.124971435,0.976305094,-0.124971435,0.010984433,0.176319158
8.518912095920696,0.033779045,0.173376049,0.976306369,-0.124996827,0.976306369,-0.124996827,0.010987889,0.176293883
8.518912335269187,0.033778128,0.173350158,0.976307672,-0.125022805,0.976307672,-0.125022805,0.010991424,0.176268025
8.518912580230673,0.033777189,0.17332367,0.976309004,-0.125049382,0.976309004,-0.125049382,0.010995039,0.17624157
8.518912830936785,0.033776227,0.173296572,0.976310365,-0.125076572,0.976310365,-0.125076572,0.010998736,0.176214506
8.518913087522240,0.03377524,0.173268851,0.976311755,-0.125104388,0.976311755,-0.125104388,0.011002516,0.176186818
8.518913350124917,0.03377423,0.17324049,0.976313176,-0.125132844,0.976313176,-0.125132844,0.011006382,0.176158493
8.518913618885927,0.033773195,0.173211478,0.976314629,-0.125161955,0.976314629,-0.125161955,0.011010335,0.176129515
8.518913893949689,0.033772134,0.173181797,0.976316112,-0.125191737,0.976316112,-0.125191737,0.011014377,0.17609987
8.518914175464008,0.033771047,0.173151435,0.976317628,-0.125222203,0.976317628,-0.125222203,0.01101851,0.176069544
8.518914463580161,0.033769933,0.173120375,0.976319177,-0.125253369,0.976319177,-0.125253369,0.011022737,0.17603852
8.518914758452965,0.033768792,0.173088601,0.97632076,-0.125285251,0.97632076,-0.125285251,0.011027058,0.176006784
8.518915060240873,0.033767622,0.173056098,0.976322377,-0.125317865,0.976322377,-0.125317865,0.011031477,0.175974318
8.518915369106050,0.033766423,0.173022849,0.976324029,-0.125351228,0.976324029,-0.125351228,0.011035995,0.175941107
8.518915685214470,0.033765194,0.172988837,0.976325716,-0.125385357,0.976325716,-0.125385357,0.011040614,0.175907134
8.518916008735991,0.033763935,0.172954046,0.976327439,-0.125420268,0.976327439,-0.125420268,0.011045337,0.175872382
8.518916339844461,0.033762644,0.172918458,0.9763292,-0.125455979,0.9763292,-0.125455979,0.011050165,0.175836833
8.518916678717803,0.033761321,0.172882055,0.976330998,-0.125492508,0.976330998,-0.125492508,0.011055102,0.17580047
8.518917025538110,0.033759965,0.172844818,0.976332835,-0.125529873,0.976332835,-0.125529873,0.011060148,0.175763274
8.518917380491750,0.033758576,0.172806731,0.97633471,-0.125568093,0.97633471,-0.125568093,0.011065307,0.175725227
8.518917743769455,0.033757151,0.172767772,0.976336626,-0.125607187,0.976336626,-0.125607187,0.011070582,0.17568631
8.518918115566438,0.033755691,0.172727923,0.976338582,-0.125647174,0.976338582,-0.125647174,0.011075973,0.175646503
8.518918496082485,0.033754194,0.172687165,0.97634058,-0.125688074,0.97634058,-0.125688074,0.011081484,0.175605786
8.518918885522064,0.03375266,0.172645477,0.976342619,-0.125729908,0.976342619,-0.125729908,0.011087118,0.17556414
8.518919284094448,0.033751087,0.172602838,0.976344702,-0.125772697,0.976344702,-0.125772697,0.011092876,0.175521544
8.518919692013808,0.033749474,0.172559227,0.976346828,-0.12581646,0.976346828,-0.12581646,0.011098762,0.175477977
8.518920000000001,0.033748254,0.17252632,0.97634843,-0.125849484,0.97634843,-0.125849484,0.011103201,0.175445101
8.518920109499341,0.03374782,0.172514624,0.976348999,-0.125861221,0.976348999,-0.125861221,0.011104778,0.175433416
8.518920536775388,0.033746125,0.172469005,0.976351215,-0.125907,0.976351215,-0.125907,0.011110927,0.175387841
8.518920974071543,0.033744387,0.172422349,0.976353477,-0.125953821,0.976353477,-0.125953821,0.011117211,0.175341229
8.518921421622792,0.033742605,0.172374633,0.976355785,-0.126001706,0.976355785,-0.126001706,0.011123634,0.175293557
8.518921879669630,0.033740778,0.172325833,0.976358142,-0.126050679,0.976358142,-0.126050679,0.011130198,0.175244802
8.518922348458187,0.033738904,0.172275926,0.976360547,-0.126100764,0.976360547,-0.126100764,0.011136906,0.175194939
8.518922828240369,0.033736983,0.172224888,0.976363001,-0.126151984,0.976363001,-0.126151984,0.01114376,0.175143946
8.518923319273991,0.033735012,0.172172694,0.976365506,-0.126204366,0.976365506,-0.126204366,0.011150765,0.175091796
8.518923821822913,0.033732992,0.172119318,0.976368061,-0.126257933,0.976368061,-0.126257933,0.011157922,0.175038464
8.518924336157179,0.03373092,0.172064734,0.976370669,-0.126312713,0.976370669,-0.126312713,0.011165236,0.174983926
8.518924862553169,0.033728795,0.172008918,0.976373329,-0.126368731,0.976373329,-0.126368731,0.011172709,0.174928154
8.518925401293746,0.033726615,0.171951841,0.976376043,-0.126426014,0.976376043,-0.126426014,0.011180344,0.174871121
8.518925952668404,0.033724379,0.171893477,0.976378811,-0.12648459,0.976378811,-0.12648459,0.011188144,0.174812801
8.518926516973425,0.033722086,0.171833797,0.976381634,-0.126544487,0.976381634,-0.126544487,0.011196113,0.174753166
8.518927094512042,0.033719734,0.171772773,0.976384514,-0.126605733,0.976384514,-0.126605733,0.011204254,0.174692186
8.518927685594599,0.033717321,0.171710377,0.97638745,-0.126668358,0.97638745,-0.126668358,0.011212571,0.174629833
8.518928290538716,0.033714846,0.171646579,0.976390445,-0.12673239,0.976390445,-0.12673239,0.011221067,0.174566078
8.518928909669462,0.033712307,0.171581348,0.976393498,-0.126797861,0.976393498,-0.126797861,0.011229745,0.17450089
8.518929543319530,0.033709702,0.171514655,0.976396611,-0.126864801,0.976396611,-0.126864801,0.011238608,0.174434238
8.518930191829414,0.03370703,0.171446467,0.976399785,-0.126933241,0.976399785,-0.126933241,0.011247662,0.174366092
8.518930855547593,0.033704288,0.171376753,0.976403019,-0.127003214,0.976403019,-0.127003214,0.011256908,0.174296419
8.518931534830720,0.033701474,0.171305481,0.976406316,-0.127074753,0.976406316,-0.127074753,0.011266351,0.174225186
8.518932230043813,0.033698587,0.171232617,0.976409676,-0.127147889,0.976409676,-0.127147889,0.011275994,0.174152362
8.518932941560443,0.033695625,0.171158128,0.9764131,-0.127222658,0.9764131,-0.127222658,0.011285841,0.174077911
8.518933669762950,0.033692585,0.17108198,0.976416589,-0.127299093,0.976416589,-0.127299093,0.011295896,0.174001799
8.518934415042636,0.033689466,0.171004137,0.976420143,-0.12737723,0.976420143,-0.12737723,0.011306163,0.173923992
8.518935177799980,0.033686264,0.170924565,0.976423763,-0.127457105,0.976423763,-0.127457105,0.011316646,0.173844453
8.518935958444855,0.033682979,0.170843226,0.976427451,-0.127538754,0.976427451,-0.127538754,0.011327348,0.173763147
8.518936757396741,0.033679607,0.170760084,0.976431207,-0.127622214,0.976431207,-0.127622214,0.011338274,0.173680036
8.518937575084960,0.033676145,0.170675101,0.976435031,-0.127707523,0.976435031,-0.127707523,0.011349427,0.173595082
8.518938411948898,0.033672592,0.17058824,0.976438925,-0.12779472,0.976438925,-0.12779472,0.011360813,0.173508248
8.518939268438253,0.033668946,0.170499461,0.976442889,-0.127883842,0.976442889,-0.127883842,0.011372433,0.173419495
8.518940000000001,0.033665822,0.170423727,0.976446258,-0.127959871,0.976446258,-0.127959871,0.011382334,0.17334378
8.518940145013257,0.033665202,0.170408725,0.976446924,-0.127974931,0.976446924,-0.127974931,0.011384294,0.173328781
8.518941042144945,0.033661359,0.170315992,0.976451031,-0.128068027,0.976451031,-0.128068027,0.011396399,0.173236068
8.518941960315393,0.033657413,0.17022122,0.976455211,-0.12816317,0.976455211,-0.12816317,0.011408753,0.173141314
8.518942900017986,0.033653362,0.170124368,0.976459463,-0.128260404,0.976459463,-0.128260404,0.011421358,0.173044477
8.518943861757675,0.033649203,0.170025393,0.976463789,-0.12835977,0.976463789,-0.12835977,0.011434221,0.172945515
8.518944846051257,0.033644933,0.169924254,0.976468189,-0.128461311,0.976468189,-0.128461311,0.011447345,0.172844384
8.518945853427645,0.033640547,0.169820905,0.976472664,-0.128565073,0.976472664,-0.128565073,0.011460735,0.17274104
8.518946884428159,0.033636045,0.169715302,0.976477215,-0.128671099,0.976477215,-0.128671099,0.011474394,0.172635439
8.518947939606809,0.033631421,0.169607401,0.976481841,-0.128779435,0.976481841,-0.128779435,0.011488328,0.172527535
8.518949019530602,0.033626672,0.169497154,0.976486543,-0.128890128,0.976486543,-0.128890128,0.01150254,0.172417282
8.518950124779838,0.033621795,0.169384516,0.976491323,-0.129003224,0.976491323,-0.129003224,0.011517036,0.172304633
8.518951255948430,0.033616786,0.16926944,0.976496179,-0.129118772,0.976496179,-0.129118772,0.01153182,0.172189541
8.518952413644215,0.033611641,0.169151876,0.976501113,-0.129236819,0.976501113,-0.129236819,0.011546895,0.172071956
8.518953598489285,0.033606356,0.169031776,0.976506125,-0.129357414,0.976506125,-0.129357414,0.011562268,0.17195183
8.518954811120322,0.033600928,0.168909091,0.976511214,-0.129480609,0.976511214,-0.129480609,0.011577941,0.171829113
8.518956052188940,0.033595352,0.168783769,0.976516381,-0.129606454,0.976516381,-0.129606454,0.01159392,0.171703753
8.518957322362033,0.033589624,0.168655761,0.976521627,-0.129734999,0.976521627,-0.129734999,0.01161021,0.171575701
8.518958622322131,0.033583739,0.168525014,0.976526951,-0.129866298,0.976526951,-0.129866298,0.011626814,0.171444902
8.518959952767776,0.033577692,0.168391476,0.976532352,-0.130000403,0.976532352,-0.130000403,0.011643737,0.171311306
8.518960000000000,0.033577477,0.16838674,0.976532543,-0.130005159,0.976532543,-0.130005159,0.011644337,0.171306568
8.518961314413890,0.03357148,0.168255093,0.976537832,-0.130137368,0.976537832,-0.130137368,0.011660984,0.171174856
8.518962707992156,0.033565098,0.168115811,0.97654339,-0.130277248,0.97654339,-0.130277248,0.011678559,0.171035501
8.518964134251421,0.033558539,0.167973576,0.976549025,-0.130420097,0.976549025,-0.130420097,0.011696467,0.170893183
8.518965593958091,0.0335518,0.167828332,0.976554737,-0.130565972,0.976554737,-0.130565972,0.011714712,0.170747847
8.518967087896549,0.033544875,0.167680022,0.976560526,-0.130714929,0.976560526,-0.130714929,0.011733299,0.170599436
8.518968616869564,0.033537758,0.167528591,0.976566391,-0.130867027,0.976566391,-0.130867027,0.011752231,0.170447894
8.518970181698741,0.033530444,0.167373979,0.976572331,-0.131022322,0.976572331,-0.131022322,0.011771514,0.170293161
8.518971783224947,0.033522928,0.16721613,0.976578347,-0.131180874,0.976578347,-0.131180874,0.011791151,0.170135179
8.518973422308767,0.033515202,0.167054984,0.976584436,-0.131342742,0.976584436,-0.131342742,0.011811147,0.169973889
8.518975099830971,0.033507262,0.166890481,0.976590597,-0.131507987,0.976590597,-0.131507987,0.011831507,0.169809229
8.518976816692984,0.033499101,0.16672256,0.976596831,-0.131676669,0.976596831,-0.131676669,0.011852233,0.169641139
8.518978573817368,0.033490712,0.166551162,0.976603135,-0.131848851,0.976603135,-0.131848851,0.01187333,0.169469558
8.518980000000001,0.033483876,0.166412385,0.976608196,-0.131988265,0.976608196,-0.131988265,0.011890369,0.169330626
8.518980372148320,0.033482088,0.166376223,0.976609508,-0.132024594,0.976609508,-0.132024594,0.011894802,0.169294422
8.518982212652185,0.033473224,0.166197683,0.976615949,-0.132203961,0.976615949,-0.132203961,0.011916654,0.169115669
8.518984096317963,0.033464111,0.166015477,0.976622456,-0.132387016,0.976622456,-0.132387016,0.011938888,0.168933236
8.518986024157853,0.033454743,0.165829543,0.976629027,-0.132573824,0.976629027,-0.132573824,0.011961509,0.168747057
8.518987997207784,0.033445112,0.165639816,0.97663566,-0.132764448,0.97663566,-0.132764448,0.01198452,0.168557068
8.518990016527985,0.033435211,0.165446232,0.976642353,-0.132958955,0.976642353,-0.132958955,0.012007925,0.168363204
8.518992083203548,0.033425031,0.165248725,0.976649103,-0.133157409,0.976649103,-0.133157409,0.012031727,0.168165398
8.518994198345009,0.033414564,0.16504723,0.976655909,-0.133359878,0.976655909,-0.133359878,0.012055928,0.167963584
8.518996363088949,0.033403803,0.164841681,0.976662768,-0.133566429,0.976662768,-0.133566429,0.012080534,0.167757695
8.518998578598600,0.033392738,0.16463201,0.976669676,-0.133777128,0.976669676,-0.133777128,0.012105545,0.167547663
8.519000000000000,0.033385612,0.164497863,0.97667405,-0.133911938,0.97667405,-0.133911938,0.012121501,0.167413277
8.519000846064479,0.03338136,0.164418152,0.976676631,-0.133992045,0.976676631,-0.133992045,0.012130965,0.16733342
8.519003166705019,0.033369662,0.164200037,0.97668363,-0.134211246,0.97668363,-0.134211246,0.012156797,0.167114897
8.519005541767223,0.033357632,0.1639776,0.976690668,-0.134434801,0.976690668,-0.134434801,0.012183043,0.166892026
8.519007972527346,0.033345263,0.16375077,0.976697742,-0.13466278,0.976697742,-0.13466278,0.012209706,0.166664736
8.519010460291563,0.033332543,0.16351948,0.976704848,-0.13489525,0.976704848,-0.13489525,0.012236786,0.16643296
8.519013006396687,0.033319464,0.163283662,0.976711983,-0.135132283,0.976711983,-0.135132283,0.012264286,0.166196625
8.519015612210881,0.033306013,0.163043245,0.976719141,-0.135373947,0.976719141,-0.135373947,0.012292209,0.165955662
8.519018279134386,0.033292182,0.16279816,0.976726318,-0.135620314,0.976726318,-0.135620314,0.012320554,0.165710001
8.519020000000001,0.033283223,0.162640535,0.976730869,-0.13577877,0.976730869,-0.13577877,0.01233872,0.165551994
8.519021008600287,0.033277959,0.16254834,0.976733508,-0.135871453,0.976733508,-0.135871453,0.012349323,0.165459571
8.519023802075278,0.033263332,0.162293713,0.976740708,-0.136127436,0.976740708,-0.136127436,0.012378517,0.165204301
8.519026661060440,0.033248291,0.16203421,0.976747911,-0.136388332,0.976747911,-0.136388332,0.012408136,0.164944119
8.519029587092064,0.033232824,0.161769762,0.97675511,-0.136654212,0.97675511,-0.136654212,0.012438182,0.164678955
8.519032581742465,0.033216918,0.161500299,0.976762302,-0.136925147,0.976762302,-0.136925147,0.012468652,0.164408739
8.519035646620832,0.033200561,0.161225752,0.976769478,-0.137201207,0.976769478,-0.137201207,0.012499549,0.164133397
8.519038783374091,0.033183741,0.160946052,0.976776632,-0.137482463,0.976776632,-0.137482463,0.01253087,0.163852861
8.519040000000000,0.033177196,0.160837915,0.976779356,-0.137591205,0.976779356,-0.137591205,0.012542937,0.163744393
8.519041993687791,0.033166444,0.160661129,0.976783757,-0.137768985,0.976783757,-0.137768985,0.012562614,0.163567059
8.519045279287004,0.033148658,0.160370915,0.976790846,-0.138060843,0.976790846,-0.138060843,0.012594781,0.16327592
8.519048641937268,0.033130369,0.160075342,0.976797891,-0.138358107,0.976797891,-0.138358107,0.012627369,0.162979374
8.519052083445512,0.033111562,0.15977434,0.976804884,-0.138660845,0.976804884,-0.138660845,0.012660375,0.162677352
8.519055605661048,0.033092224,0.159467843,0.976811817,-0.138969128,0.976811817,-0.138969128,0.012693797,0.162369783
8.519059210476554,0.03307234,0.159155784,0.97681868,-0.139283022,0.97681868,-0.139283022,0.012727632,0.162056599
8.519060000000001,0.033067973,0.159087655,0.976820152,-0.139351554,0.976820152,-0.139351554,0.012734993,0.16198822
8.519062899829093,0.033051896,0.158838096,0.976825465,-0.139602597,0.976825465,-0.139602597,0.012761877,0.161737731
8.519066675701154,0.033030876,0.158514712,0.976832162,-0.139927919,0.976832162,-0.139927919,0.012796528,0.161413111
8.519070540121719,0.033009264,0.158185569,0.976838761,-0.140259055,0.976838761,-0.140259055,0.012831581,0.161082672
8.519074495167354,0.032987045,0.157850602,0.976845251,-0.14059607,0.976845251,-0.14059607,0.012867031,0.160746347
8.519078542963317,0.032964203,0.157509748,0.976851623,-0.14093903,0.976851623,-0.14093903,0.012902873,0.160404071
8.519080000000001,0.032955956,0.157387539,0.976853851,-0.141061999,0.976853851,-0.141061999,0.012915667,0.160281342
8.519082685684710,0.032940722,0.157162944,0.976857865,-0.141287997,0.976857865,-0.141287997,0.012939102,0.160055779
8.519086925557641,0.032916584,0.156810129,0.976863965,-0.141643035,0.976863965,-0.141643035,0.012975711,0.159701408
8.519091264860428,0.032891772,0.156451242,0.976869912,-0.142004206,0.976869912,-0.142004206,0.013012694,0.159340894
8.519095705924810,0.032866269,0.156086226,0.976875693,-0.142371569,0.976875693,-0.142371569,0.013050043,0.158974177
8.519100000000000,0.032841509,0.15573547,0.976880994,-0.142724603,0.976880994,-0.142724603,0.013085681,0.158621743
8.519100251137218,0.032840058,0.155715023,0.976881296,-0.142745184,0.976881296,-0.142745184,0.013087751,0.158601196
8.519104902940036,0.032813121,0.155337575,0.976886706,-0.143125109,0.976886706,-0.143125109,0.01312581,0.158221893
8.519109663832934,0.032785438,0.15495383,0.976891912,-0.1435114,0.976891912,-0.1435114,0.01316421,0.15783621
8.519114536374197,0.032756992,0.154563734,0.976896897,-0.143904111,0.976896897,-0.143904111,0.013202943,0.157444092
8.519119523182107,0.032727764,0.154167236,0.976901649,-0.144303295,0.976901649,-0.144303295,0.013241999,0.157045484
8.519120000000001,0.032724963,0.154129469,0.976902085,-0.14434132,0.976902085,-0.14434132,0.013245702,0.157007513
8.519124626936348,0.032697734,0.153764287,0.976906151,-0.144709004,0.976906151,-0.144709004,0.013281366,0.156640334
8.519129850379446,0.032666883,0.153354838,0.97691039,-0.145121286,0.97691039,-0.145121286,0.013321035,0.156228592
8.519135196318238,0.032635191,0.152938846,0.976914347,-0.145540189,0.976914347,-0.145540189,0.013360992,0.15581021
8.519140000000000,0.032606617,0.152567659,0.976917583,-0.145913999,0.976917583,-0.145913999,0.013396352,0.15543684
8.519140667625388,0.032602639,0.152516265,0.976918009,-0.145965758,0.976918009,-0.145965758,0.013401226,0.15538514
8.519146267240931,0.032569206,0.152087057,0.976921357,-0.146398036,0.976921357,-0.146398036,0.013441723,0.15495334
8.519151998173840,0.032534872,0.151651181,0.976924375,-0.146837062,0.976924375,-0.146837062,0.013482471,0.154514766
8.519157863503660,0.032499615,0.151208602,0.976927045,-0.147282876,0.976927045,-0.147282876,0.013523454,0.154069381
8.519160000000001,0.032486745,0.151048265,0.976927914,-0.147444393,0.976927914,-0.147444393,0.013538204,0.15390801
8.519163866382149,0.032463417,0.150759286,0.976929349,-0.147735512,0.976929349,-0.147735512,0.013564658,0.153617145
8.519170010034983,0.032426254,0.150303202,0.976931268,-0.148195004,0.976931268,-0.148195004,0.013606068,0.153158026
8.519176297763481,0.032388106,0.149840322,0.976932785,-0.148661382,0.976932785,-0.148661382,0.013647666,0.152691992
8.519180000000000,0.032365594,0.149569602,0.97693347,-0.148934165,0.97693347,-0.148934165,0.013671795,0.152419393
8.519182732946380,0.032348952,0.14937062,0.976933879,-0.149134672,0.976933879,-0.149134672,0.013689437,0.152219014
8.519189319041653,0.032308771,0.148894075,0.976934531,-0.1496149,0.976934531,-0.1496149,0.013731362,0.151739065
8.519196059588369,0.03226754,0.148410668,0.976934721,-0.150102085,0.976934721,-0.150102085,0.013773424,0.151252125
8.519200000000000,0.03224339,0.148130074,0.976934614,-0.150384892,0.976934614,-0.150384892,0.013797623,0.150969442
8.519202958208590,0.032225238,0.147920382,0.976934429,-0.150596247,0.976934429,-0.150596247,0.013815603,0.150758172
8.519210018609320,0.032181843,0.147423204,0.976933634,-0.151097399,0.976933634,-0.151097399,0.013857881,0.150257191
8.519217244584496,0.032137333,0.146919127,0.976932315,-0.151605554,0.976932315,-0.151605554,0.013900237,0.149749169
8.519220000000001,0.032120337,0.146728165,0.97693168,-0.151798071,0.97693168,-0.151798071,0.013916149,0.14955669
8.519224640017027,0.032091687,0.146408143,0.97693045,-0.152120717,0.97693045,-0.152120717,0.013942651,0.149234096
8.519232208880883,0.032044883,0.145890252,0.976928018,-0.152642894,0.976928018,-0.152642894,0.013985101,0.148711968
8.519239955243224,0.031996898,0.145365455,0.976924997,-0.153172084,0.976924997,-0.153172084,0.014027565,0.148182782
8.519240000000000,0.031996621,0.145362438,0.976924978,-0.153175126,0.976924978,-0.153175126,0.014027807,0.148179739
8.519247883266592,0.031947712,0.144833758,0.976921364,-0.153708284,0.976921364,-0.153708284,0.01407002,0.147646539
8.519255997211149,0.031897303,0.14429517,0.976917097,-0.154251486,0.976917097,-0.154251486,0.014112445,0.147103247
8.519260000000001,0.031872411,0.144031524,0.976914793,-0.154517409,0.976914793,-0.154517409,0.014132998,0.146837262
8.519264301436953,0.031845648,0.143749705,0.976912174,-0.154801679,0.976912174,-0.154801679,0.014154814,0.146552914
8.519272800406320,0.031792727,0.143197381,0.976906571,-0.155358846,0.976906571,-0.155358846,0.014197103,0.145995555
8.519280000000000,0.031747861,0.142734125,0.976901392,-0.155826207,0.976901392,-0.155826207,0.014232098,0.145527994
8.519281498686208,0.031738519,0.14263822,0.976900265,-0.155922967,0.976900265,-0.155922967,0.014239289,0.145431189
8.519290400950675,0.031683002,0.142072248,0.976893234,-0.156494019,0.976893234,-0.156494019,0.014281345,0.144859836
8.519299511983393,0.031626156,0.141499497,0.976885453,-0.157071971,0.976885453,-0.157071971,0.014323246,0.144281526
8.519300000000001,0.03162311,0.141469002,0.97688502,-0.157102745,0.97688502,-0.157102745,0.014325458,0.144250732
8.519308836680214,0.03156796,0.140920001,0.976876899,-0.157656792,0.976876899,-0.157656792,0.014364965,0.143696289
8.519318380051805,0.031508395,0.140333801,0.976867548,-0.158248442,0.976867548,-0.158248442,0.014406475,0.143104162
8.519320000000000,0.031498285,0.140234979,0.976865903,-0.158348189,0.976865903,-0.158348189,0.014413405,0.143004328
8.519328147226341,0.031447441,0.13974094,0.976857378,-0.158846879,0.976857378,-0.158846879,0.01444775,0.142505184
8.519338143452256,0.031385078,0.139141469,0.976846364,-0.159452056,0.976846364,-0.159452056,0.014488762,0.141899403
8.519340000000000,0.031373499,0.139030934,0.976844254,-0.15956365,0.976844254,-0.15956365,0.014496245,0.14178769
8.519348374101062,0.031321288,0.138535441,0.976834484,-0.160063921,0.976834484,-0.160063921,0.014529483,0.141286867
8.519358844670245,0.031256052,0.137922915,0.976821713,-0.160682416,0.976821713,-0.160682416,0.014569885,0.140667633
8.519360000000001,0.031248858,0.1378558,0.976820267,-0.160750189,0.976820267,-0.160750189,0.014574266,0.140599775
8.519369560786215,0.031189353,0.137303954,0.976808028,-0.16130748,0.976808028,-0.16130748,0.014609939,0.14004176
8.519380000000000,0.031124455,0.136708557,0.976794124,-0.161908815,0.976794124,-0.161908815,0.014647735,0.139439588
8.519380528207320,0.031121173,0.136678627,0.976793406,-0.161939045,0.976793406,-0.161939045,0.014649616,0.139409314
8.519391752826952,0.031051496,0.136047008,0.976777825,-0.162577041,0.976777825,-0.162577041,0.014688887,0.138770364
8.519400000000001,0.031000376,0.135588234,0.976765995,-0.163040493,0.976765995,-0.163040493,0.014716904,0.138306178
8.519403240676711,0.030980306,0.135409174,0.976761261,-0.16322139,0.976761261,-0.16322139,0.014727723,0.138124986
8.519414997929644,0.030907588,0.13476521,0.976743692,-0.16387201,0.976743692,-0.16387201,0.014766095,0.137473259
8.519420000000000,0.030876697,0.134493903,0.976736036,-0.164146145,0.976736036,-0.164146145,0.014782009,0.137198637
8.519427030903561,0.030833327,0.134115204,0.976725096,-0.164528814,0.976725096,-0.164528814,0.014803973,0.13681527
8.519439346064434,0.03075751,0.133459249,0.976705452,-0.16519171,0.976705452,-0.16519171,0.014841327,0.136151109
8.519440000000001,0.030753489,0.133424677,0.976704392,-0.16522665,0.976704392,-0.16522665,0.014843272,0.1361161
8.519451950029868,0.030680123,0.132797444,0.976684737,-0.165860602,0.976684737,-0.165860602,0.014878128,0.13548087
8.519460000000000,0.030630815,0.132379711,0.976671199,-0.16628285,0.976671199,-0.16628285,0.014900899,0.135057735
8.519464849572662,0.030601156,0.132129892,0.976662932,-0.166535386,0.976662932,-0.166535386,0.014914347,0.134804656
8.519478051624439,0.030520596,0.131456701,0.976640016,-0.167215955,0.976640016,-0.167215955,0.014949954,0.134122571
8.519480000000000,0.03050873,0.131358196,0.976636584,-0.167315548,0.976636584,-0.167315548,0.014955086,0.134022751
8.519491563279383,0.030438435,0.130777986,0.976615968,-0.167902198,0.976615968,-0.167902198,0.014984918,0.133434727
8.519500000000001,0.030387287,0.130359357,0.976600663,-0.168325514,0.976600663,-0.168325514,0.015006017,0.133010386
8.519505391798036,0.030354662,0.130093864,0.97659077,-0.168593997,0.97659077,-0.168593997,0.015019213,0.132741239
8.519519544611217,0.030269271,0.129404459,0.976564404,-0.169291229,0.976564404,-0.169291229,0.015052807,0.132042228
8.519520000000000,0.03026653,0.129382454,0.976563546,-0.169313485,0.976563546,-0.169313485,0.015053864,0.132019914
8.519534029324003,0.030182254,0.128709898,0.976536851,-0.169993767,0.976536851,-0.169993767,0.015085673,0.131337821
8.519540000000001,0.0301465,0.128426779,0.976525334,-0.170280165,0.976525334,-0.170280165,0.015098788,0.131050639
8.519548853719815,0.030093606,0.128010316,0.976508094,-0.17070148,0.976508094,-0.17070148,0.015117782,0.130628148
8.519560000000000,0.030027234,0.127491652,0.976486123,-0.171226232,0.976486123,-0.171226232,0.015140943,0.130101892
8.519564025764609,0.030003322,0.127305848,0.976478117,-0.171414229,0.976478117,-0.171414229,0.015149107,0.129913346
8.519579553611152,0.0299114,0.126596638,0.976446904,-0.172131875,0.976446904,-0.172131875,0.015179618,0.129193554
8.519580000000001,0.029908764,0.126576423,0.976445999,-0.172152331,0.976445999,-0.172152331,0.015180473,0.129173035
8.519595445603397,0.029817836,0.125882832,0.976414441,-0.172854269,0.976414441,-0.172854269,0.01520929,0.128468918
8.519600000000001,0.02979112,0.125680469,0.976405047,-0.173059085,0.976405047,-0.173059085,0.015217513,0.128263452
8.519611710280977,0.02972263,0.125164582,0.976380714,-0.173581261,0.976380714,-0.173581261,0.015238096,0.127739589
8.519620000000000,0.029674325,0.124803192,0.976363342,-0.173947088,0.976363342,-0.173947088,0.015252191,0.127372555
8.519628356383787,0.029625784,0.124442043,0.976345711,-0.174312697,0.976345711,-0.174312697,0.015266009,0.12700572
8.519640000000001,0.029558404,0.123944018,0.976320955,-0.174816914,0.976320955,-0.174816914,0.015284627,0.126499779
8.519645392856685,0.029527298,0.123715375,0.976309418,-0.175048416,0.976309418,-0.175048416,0.015293005,0.126267472
8.519660000000000,0.029443374,0.123102397,0.976277954,-0.175669109,0.976277954,-0.175669109,0.015314936,0.125644579
8.519662828854296,0.029427177,0.122984742,0.976271826,-0.175788253,0.976271826,-0.175788253,0.015319057,0.125525006
8.519680000000001,0.029329254,0.122277801,0.976234401,-0.176504202,0.976234401,-0.176504202,0.015343224,0.124806435
8.519680673745926,0.029325425,0.122250313,0.976232925,-0.176532042,0.976232925,-0.176532042,0.015344143,0.124778491
8.519698937120610,0.029222049,0.121512258,0.976192705,-0.17727961,0.976192705,-0.17727961,0.015368239,0.124028099
8.519700000000000,0.029216056,0.121469721,0.976190353,-0.177322698,0.976190353,-0.177322698,0.015369594,0.123984845
8.519717628792250,0.029117055,0.120770754,0.976151161,-0.17803078,0.976151161,-0.17803078,0.015391323,0.123274005
8.519720000000001,0.029103795,0.12067767,0.976145865,-0.178125086,0.976145865,-0.178125086,0.015394141,0.123179327
8.519736758804900,0.029010454,0.120025979,0.976108285,-0.178785375,0.976108285,-0.178785375,0.015413372,0.122516389
8.519740000000001,0.028992479,0.119901179,0.976100988,-0.178911831,0.976100988,-0.178911831,0.015416955,0.122389417
8.519756337438155,0.028902256,0.119278117,0.976064073,-0.179543209,0.976064073,-0.179543209,0.015434367,0.121755433
8.519760000000000,0.028882118,0.119139797,0.976055768,-0.179683386,0.976055768,-0.179683386,0.015438124,0.121614669
8.519776375212679,0.028792474,0.118527353,0.97601852,-0.180304097,0.97601852,-0.180304097,0.015454287,0.120991324
8.519780000000001,0.028772718,0.11839309,0.97601025,-0.180440182,0.97601025,-0.180440182,0.015457727,0.120854654
8.519796882895859,0.02868112,0.117773876,0.975971624,-0.181067849,0.975971624,-0.181067849,0.015473113,0.120224253
8.519800000000000,0.028664284,0.117660642,0.975964474,-0.181182638,0.975964474,-0.181182638,0.015475842,0.120108958
8.519817871507589,0.028568211,0.117017878,0.975923384,-0.181834273,0.975923384,-0.181834273,0.015490829,0.119454411
8.519820000000001,0.02855682,0.116942049,0.97591848,-0.181911154,0.97591848,-0.181911154,0.015492541,0.119377183
8.519839352326191,0.028453763,0.116259553,0.9758738,-0.182603172,0.9758738,-0.182603172,0.015507417,0.118681996
8.519840000000000,0.02845033,0.116236926,0.975872302,-0.182626117,0.975872302,-0.182626117,0.015507894,0.118658945
8.519860000000001,0.028344813,0.115544898,0.975825974,-0.1833279,0.975825974,-0.1833279,0.015521965,0.117953874
8.519861336894479,0.028337795,0.115499098,0.975822872,-0.183374349,0.975822872,-0.183374349,0.015522862,0.117907205
8.519880000000001,0.028240271,0.114865609,0.975779527,-0.184016862,0.975779527,-0.184016862,0.015534817,0.117261615
8.519883837025954,0.028220326,0.114736713,0.975770605,-0.184147603,0.975770605,-0.184147603,0.015537149,0.11713024
8.519900000000000,0.028136702,0.11419871,0.975732991,-0.184693349,0.975732991,-0.184693349,0.015546509,0.116581823
8.519906864811164,0.028101378,0.113972599,0.975717002,-0.184922731,0.975717002,-0.184922731,0.015550265,0.116351305
8.519920000000001,0.028034106,0.113543868,0.975686391,-0.185357695,0.975686391,-0.185357695,0.015557096,0.115914166
8.519930432624189,0.027980974,0.113206959,0.975662067,-0.185699529,0.975662067,-0.185699529,0.015562198,0.115570605
8.519940000000000,0.02793248,0.112900761,0.975639755,-0.186010223,0.975639755,-0.186010223,0.015566631,0.115258325
8.519954553129297,0.027859139,0.112439998,0.97560581,-0.186477789,0.97560581,-0.186477789,0.015572938,0.114788347
8.519960000000001,0.02783182,0.112269078,0.975593105,-0.186651244,0.975593105,-0.186651244,0.015575165,0.11461399
8.519979239287748,0.027735898,0.111671923,0.975548236,-0.187257304,0.975548236,-0.187257304,0.015582474,0.114004743
8.519980000000000,0.027732124,0.11164852,0.975546462,-0.187281058,0.975546462,-0.187281058,0.015582745,0.113980863
8.520000000000001,0.027633385,0.111038796,0.975499849,-0.187899954,0.975499849,-0.187899954,0.015589417,0.113358656
8.520004504364758,0.02761128,0.110902942,0.975489356,-0.188037864,0.975489356,-0.188037864,0.015590798,0.113220001
8.520020000000001,0.027535601,0.110439628,0.975453283,-0.188508214,0.975453283,-0.188508214,0.015595223,0.11274709
8.520030361936627,0.027485312,0.110133262,0.975429182,-0.188819258,0.975429182,-0.188819258,0.015597904,0.112434335
8.520040000000000,0.027438765,0.109850744,0.975406782,-0.189106107,0.975406782,-0.189106107,0.015600205,0.112145896
8.520056825898031,0.027358027,0.109363093,0.975367725,-0.189601274,0.975367725,-0.189601274,0.015603786,0.111647957
8.520060000000001,0.027342871,0.109271884,0.975360364,-0.189693895,0.975360364,-0.189693895,0.015604401,0.111554814
8.520080000000000,0.027247913,0.108702796,0.975314043,-0.190271831,0.975314043,-0.190271831,0.01560785,0.110973593
8.520083910469502,0.027229455,0.108592647,0.975304999,-0.190383701,0.975304999,-0.190383701,0.01560844,0.110861082
8.520100000000001,0.027153885,0.108143235,0.975267834,-0.19084016,0.975267834,-0.19084016,0.015610585,0.110401989
8.520111630205051,0.027099631,0.107822132,0.975241019,-0.191166325,0.975241019,-0.191166325,0.015611861,0.110073924
8.520140000000001,0.026968588,0.107051759,0.975175802,-0.191948934,0.975175802,-0.191948934,0.01561405,0.109286697
8.520160000000001,0.026877305,0.106519396,0.975130003,-0.192489829,0.975130003,-0.192489829,0.015614841,0.108742562
8.520180000000000,0.026786921,0.10599566,0.975084364,-0.193022019,0.975084364,-0.193022019,0.015615045,0.108207146
8.520200000000001,0.02669743,0.105480347,0.975038894,-0.193545711,0.975038894,-0.193545711,0.015614688,0.107680244
8.520220000000000,0.026608822,0.104973254,0.974993602,-0.194061105,0.974993602,-0.194061105,0.015613798,0.107161653
8.520240000000001,0.02652109,0.104474188,0.974948497,-0.194568397,0.974948497,-0.194568397,0.015612398,0.106651181
8.520260000000000,0.026434226,0.103982962,0.974903586,-0.195067776,0.974903586,-0.195067776,0.015610514,0.106148639
8.520280000000001,0.026348219,0.103499391,0.974858876,-0.195559425,0.974858876,-0.195559425,0.015608168,0.105653845
8.520300000000001,0.026263063,0.103023301,0.974814375,-0.196043521,0.974814375,-0.196043521,0.015605381,0.105166622
8.520320000000000,0.026178748,0.102554518,0.974770087,-0.196520236,0.974770087,-0.196520236,0.015602175,0.104686798
8.520340000000001,0.026095266,0.102092879,0.974726019,-0.196989737,0.974726019,-0.196989737,0.01559857,0.104214206
8.520360000000000,0.026012608,0.10163822,0.974682176,-0.197452186,0.974682176,-0.197452186,0.015594583,0.103748686
8.520380000000001,0.025930765,0.101190385,0.974638563,-0.197907741,0.974638563,-0.197907741,0.015590235,0.103290081
8.520400000000000,0.025849728,0.100749224,0.974595182,-0.198356553,0.974595182,-0.198356553,0.015585541,0.102838237
8.520420000000000,0.025769488,0.100314588,0.974552039,-0.198798772,0.974552039,-0.198798772,0.015580518,0.102393008
8.520440000000001,0.025690037,0.099886335,0.974509137,-0.19923454,0.974509137,-0.19923454,0.015575183,0.101954251
8.520460000000000,0.025611365,0.099464325,0.974466478,-0.199663998,0.974466478,-0.199663998,0.015569549,0.101521824
8.520480000000001,0.025533464,0.099048424,0.974424066,-0.20008728,0.974424066,-0.20008728,0.015563633,0.101095594
8.520500000000000,0.025456326,0.0986385,0.974381903,-0.20050452,0.974381903,-0.20050452,0.015557446,0.100675429
8.520520000000001,0.02537994,0.098234427,0.974339991,-0.200915844,0.974339991,-0.200915844,0.015551003,0.1002612
8.520540000000000,0.0253043,0.09783608,0.974298332,-0.201321379,0.974298332,-0.201321379,0.015544316,0.099852783
8.520560000000000,0.025229395,0.09744334,0.974256928,-0.201721243,0.974256928,-0.201721243,0.015537397,0.099450058
8.520580000000001,0.025155217,0.097056088,0.97421578,-0.202115556,0.97421578,-0.202115556,0.015530258,0.099052906
8.520600000000000,0.025081759,0.096674212,0.974174889,-0.202504432,0.974174889,-0.202504432,0.015522909,0.098661214
8.520620000000001,0.02500901,0.096297601,0.974134257,-0.202887982,0.974134257,-0.202887982,0.015515362,0.09827487
8.520640000000000,0.024936963,0.095926147,0.974093884,-0.203266315,0.974093884,-0.203266315,0.015507626,0.097893766
8.520660000000001,0.02486561,0.095559745,0.974053771,-0.203639536,0.974053771,-0.203639536,0.015499711,0.097517795
8.520680000000000,0.024794941,0.095198293,0.974013917,-0.204007747,0.974013917,-0.204007747,0.015491626,0.097146857
8.520700000000000,0.02472495,0.094841693,0.973974325,-0.20437105,0.973974325,-0.20437105,0.01548338,0.09678085
8.520720000000001,0.024655627,0.094489847,0.973934993,-0.20472954,0.973934993,-0.20472954,0.015474982,0.096419678
8.520740000000000,0.024586965,0.094142662,0.973895921,-0.205083312,0.973895921,-0.205083312,0.01546644,0.096063246
8.520760000000001,0.024518955,0.093800046,0.97385711,-0.20543246,0.97385711,-0.20543246,0.015457761,0.095711461
8.520780000000000,0.02445159,0.09346191,0.973818559,-0.205777072,0.973818559,-0.205777072,0.015448953,0.095364234
8.520800000000001,0.024384862,0.093128167,0.973780267,-0.206117237,0.973780267,-0.206117237,0.015440022,0.095021476
8.520820000000001,0.024318762,0.092798731,0.973742236,-0.20645304,0.973742236,-0.20645304,0.015430977,0.094683103
8.520840000000000,0.024253285,0.092473522,0.973704462,-0.206784563,0.973704462,-0.206784563,0.015421823,0.094349032
8.520860000000001,0.024188421,0.092152457,0.973666947,-0.207111889,0.973666947,-0.207111889,0.015412567,0.09401918
8.520880000000000,0.024124163,0.09183546,0.973629689,-0.207435096,0.973629689,-0.207435096,0.015403215,0.09369347
8.520900000000001,0.024060504,0.091522452,0.973592687,-0.207754261,0.973592687,-0.207754261,0.015393772,0.093371823
8.520920000000000,0.023997437,0.091213361,0.973555941,-0.208069459,0.973555941,-0.208069459,0.015384244,0.093054166
8.520940000000001,0.023934954,0.090908112,0.973519449,-0.208380765,0.973519449,-0.208380765,0.015374636,0.092740423
8.520960000000001,0.023873048,0.090606636,0.973483211,-0.208688248,0.973483211,-0.208688248,0.015364954,0.092430523
8.520980000000000,0.023811712,0.090308862,0.973447225,-0.20899198,0.973447225,-0.20899198,0.015355201,0.092124398
8.521000000000001,0.023750939,0.090014724,0.973411489,-0.209292027,0.973411489,-0.209292027,0.015345384,0.091821977
8.521020000000000,0.023690722,0.089724156,0.973376004,-0.209588458,0.973376004,-0.209588458,0.015335506,0.091523196
8.521040000000001,0.023631055,0.089437092,0.973340767,-0.209881336,0.973340767,-0.209881336,0.015325572,0.091227988
8.521060000000000,0.02357193,0.089153471,0.973305778,-0.210170725,0.973305778,-0.210170725,0.015315585,0.090936291
8.521080000000001,0.023513342,0.088873232,0.973271034,-0.210456687,0.973271034,-0.210456687,0.01530555,0.090648041
8.521100000000001,0.023455283,0.088596313,0.973236534,-0.210739282,0.973236534,-0.210739282,0.015295471,0.09036318
8.521120000000000,0.023397747,0.088322657,0.973202278,-0.211018569,0.973202278,-0.211018569,0.01528535,0.090081647
8.521140000000001,0.023340727,0.088052207,0.973168263,-0.211294607,0.973168263,-0.211294607,0.015275192,0.089803386
8.521160000000000,0.023284218,0.087784907,0.973134488,-0.21156745,0.973134488,-0.21156745,0.015265,0.089528338
8.521180000000001,0.023228213,0.087520702,0.973100952,-0.211837155,0.973100952,-0.211837155,0.015254777,0.08925645
8.521200000000000,0.023172706,0.08725954,0.973067652,-0.212103775,0.973067652,-0.212103775,0.015244526,0.088987667
8.521220000000001,0.023117691,0.087001368,0.973034588,-0.212367362,0.973034588,-0.212367362,0.01523425,0.088721937
8.521240000000001,0.023063162,0.086746135,0.973001757,-0.212627968,0.973001757,-0.212627968,0.015223952,0.088459208
8.521260000000000,0.023009114,0.086493791,0.972969159,-0.212885643,0.972969159,-0.212885643,0.015213635,0.08819943
8.521280000000001,0.022955539,0.086244289,0.972936791,-0.213140437,0.972936791,-0.213140437,0.015203301,0.087942554
8.521300000000000,0.022902433,0.08599758,0.972904652,-0.213392397,0.972904652,-0.213392397,0.015192952,0.087688531
8.521320000000001,0.02284979,0.085753618,0.97287274,-0.21364157,0.97287274,-0.21364157,0.015182591,0.087437314
8.521340000000000,0.022797605,0.085512358,0.972841054,-0.213888002,0.972841054,-0.213888002,0.015172221,0.087188858
8.521360000000001,0.022745871,0.085273755,0.972809591,-0.214131738,0.972809591,-0.214131738,0.015161843,0.086943117
8.521380000000001,0.022694584,0.085037766,0.972778351,-0.214372822,0.972778351,-0.214372822,0.015151459,0.086700047
8.521400000000000,0.022643738,0.084804348,0.972747331,-0.214611296,0.972747331,-0.214611296,0.015141072,0.086459605
8.521420000000001,0.022593328,0.084573459,0.972716529,-0.214847204,0.972716529,-0.214847204,0.015130684,0.086221749
8.521440000000000,0.022543348,0.08434506,0.972685945,-0.215080587,0.972685945,-0.215080587,0.015120295,0.085986438
8.521460000000001,0.022493795,0.084119109,0.972655577,-0.215311483,0.972655577,-0.215311483,0.015109909,0.08575363
8.521480000000000,0.022444661,0.083895568,0.972625422,-0.215539934,0.972625422,-0.215539934,0.015099527,0.085523287
8.521500000000001,0.022395944,0.083674399,0.972595479,-0.215765977,0.972595479,-0.215765977,0.01508915,0.08529537
8.521520000000001,0.022347637,0.083455564,0.972565746,-0.21598965,0.972565746,-0.21598965,0.01507878,0.08506984
8.521540000000000,0.022299735,0.083239027,0.972536222,-0.216210991,0.972536222,-0.216210991,0.015068418,0.084846661
8.521560000000001,0.022252235,0.083024752,0.972506905,-0.216430036,0.972506905,-0.216430036,0.015058066,0.084625796
8.521580000000000,0.022205131,0.082812703,0.972477793,-0.216646819,0.972477793,-0.216646819,0.015047725,0.084407209
8.521600000000001,0.022158419,0.082602847,0.972448884,-0.216861377,0.972448884,-0.216861377,0.015037397,0.084190866
8.521620000000000,0.022112094,0.08239515,0.972420178,-0.217073743,0.972420178,-0.217073743,0.015027082,0.083976732
8.521640000000000,0.022066152,0.082189578,0.972391671,-0.21728395,0.972391671,-0.21728395,0.015016783,0.083764774
8.521660000000001,0.022020587,0.0819861,0.972363364,-0.217492031,0.972363364,-0.217492031,0.015006499,0.083554959
8.521680000000000,0.021975397,0.081784684,0.972335252,-0.217698019,0.972335252,-0.217698019,0.014996233,0.083347255
8.521700000000001,0.021930576,0.081585298,0.972307337,-0.217901944,0.972307337,-0.217901944,0.014985984,0.08314163
8.521720000000000,0.02188612,0.081387912,0.972279614,-0.218103837,0.972279614,-0.218103837,0.014975755,0.082938053
8.521740000000001,0.021842026,0.081192497,0.972252084,-0.218303729,0.972252084,-0.218303729,0.014965546,0.082736494
8.521760000000000,0.021798288,0.080999022,0.972224744,-0.21850165,0.972224744,-0.21850165,0.014955358,0.082536923
8.521780000000000,0.021754903,0.080807461,0.972197592,-0.218697627,0.972197592,-0.218697627,0.014945192,0.082339311
8.521800000000001,0.021711866,0.080617783,0.972170628,-0.21889169,0.972170628,-0.21889169,0.014935049,0.08214363
8.521820000000000,0.021669175,0.080429963,0.972143849,-0.219083867,0.972143849,-0.219083867,0.014924929,0.081949851
8.521840000000001,0.021626824,0.080243972,0.972117253,-0.219274185,0.972117253,-0.219274185,0.014914833,0.081757947
8.521860000000000,0.021584811,0.080059785,0.97209084,-0.21946267,0.97209084,-0.21946267,0.014904762,0.081567891
8.521880000000001,0.02154313,0.079877375,0.972064608,-0.219649349,0.972064608,-0.219649349,0.014894717,0.081379656
8.521900000000000,0.021501779,0.079696717,0.972038554,-0.219834248,0.972038554,-0.219834248,0.014884698,0.081193217
8.521920000000000,0.021460754,0.079517786,0.972012679,-0.220017393,0.972012679,-0.220017393,0.014874706,0.081008548
8.521940000000001,0.021420051,0.079340557,0.971986979,-0.220198807,0.971986979,-0.220198807,0.014864742,0.080825624
8.521960000000000,0.021379666,0.079165006,0.971961454,-0.220378516,0.971961454,-0.220378516,0.014854806,0.080644421
8.521980000000001,0.021339597,0.07899111,0.971936101,-0.220556543,0.971936101,-0.220556543,0.014844898,0.080464914
8.522000000000000,0.021299838,0.078818846,0.97191092,-0.220732912,0.97191092,-0.220732912,0.014835019,0.080287081
8.522020000000001,0.021260388,0.07864819,0.971885909,-0.220907645,0.971885909,-0.220907645,0.01482517,0.080110897
8.522040000000001,0.021221242,0.07847912,0.971861066,-0.221080767,0.971861066,-0.221080767,0.014815351,0.07993634
8.522060000000000,0.021182398,0.078311615,0.971836391,-0.221252297,0.971836391,-0.221252297,0.014805563,0.079763387
8.522080000000001,0.021143851,0.078145653,0.971811881,-0.22142226,0.971811881,-0.22142226,0.014795805,0.079592017
8.522100000000000,0.021105599,0.077981212,0.971787534,-0.221590675,0.971787534,-0.221590675,0.014786079,0.079422209
8.522120000000001,0.021067639,0.077818273,0.971763351,-0.221757564,0.971763351,-0.221757564,0.014776384,0.079253941
8.522140000000000,0.021029967,0.077656814,0.971739328,-0.221922948,0.971739328,-0.221922948,0.014766721,0.079087191
8.522160000000001,0.02099258,0.077496816,0.971715466,-0.222086847,0.971715466,-0.222086847,0.01475709,0.078921941
8.522180000000001,0.020955475,0.077338259,0.971691761,-0.22224928,0.971691761,-0.22224928,0.014747492,0.07875817
8.522200000000000,0.020918648,0.077181124,0.971668214,-0.222410268,0.971668214,-0.222410268,0.014737927,0.078595858
8.522220000000001,0.020882098,0.077025391,0.971644822,-0.222569829,0.971644822,-0.222569829,0.014728395,0.078434985
8.522240000000000,0.020845821,0.076871043,0.971621584,-0.222727983,0.971621584,-0.222727983,0.014718896,0.078275534
8.522260000000001,0.020809814,0.07671806,0.9715985,-0.222884747,0.9715985,-0.222884747,0.014709431,0.078117485
8.522280000000000,0.020774074,0.076566425,0.971575566,-0.223040141,0.971575566,-0.223040141,0.0147,0.077960819
8.522300000000001,0.020738599,0.076416121,0.971552783,-0.223194182,0.971552783,-0.223194182,0.014690603,0.07780552
8.522320000000001,0.020703385,0.07626713,0.971530149,-0.223346887,0.971530149,-0.223346887,0.01468124,0.077651569
8.522340000000000,0.020668429,0.076119434,0.971507662,-0.223498274,0.971507662,-0.223498274,0.014671911,0.077498948
8.522360000000001,0.02063373,0.075973018,0.971485322,-0.22364836,0.971485322,-0.22364836,0.014662617,0.077347641
8.522380000000000,0.020599284,0.075827864,0.971463126,-0.223797162,0.971463126,-0.223797162,0.014653358,0.077197631
8.522400000000001,0.020565089,0.075683956,0.971441074,-0.223944696,0.971441074,-0.223944696,0.014644133,0.077048901
8.522420000000000,0.020531141,0.075541279,0.971419164,-0.224090978,0.971419164,-0.224090978,0.014634944,0.076901436
8.522440000000001,0.02049744,0.075399817,0.971397396,-0.224236024,0.971397396,-0.224236024,0.014625789,0.076755218
8.522460000000001,0.020463981,0.075259555,0.971375768,-0.224379849,0.971375768,-0.224379849,0.01461667,0.076610233
8.522480000000000,0.020430762,0.075120477,0.971354278,-0.22452247,0.971354278,-0.22452247,0.014607586,0.076466465
8.522500000000001,0.020397781,0.074982568,0.971332926,-0.224663901,0.971332926,-0.224663901,0.014598537,0.076323899
8.522520000000000,0.020365036,0.074845815,0.97131171,-0.224804156,0.97131171,-0.224804156,0.014589524,0.076182519
8.522540000000001,0.020332523,0.074710202,0.971290629,-0.224943251,0.971290629,-0.224943251,0.014580546,0.076042312
8.522560000000000,0.020300242,0.074575715,0.971269682,-0.2250812,0.971269682,-0.2250812,0.014571604,0.075903262
8.522580000000001,0.020268188,0.074442341,0.971248867,-0.225218016,0.971248867,-0.225218016,0.014562697,0.075765356
8.522600000000001,0.02023636,0.074310065,0.971228185,-0.225353715,0.971228185,-0.225353715,0.014553826,0.075628579
8.522620000000000,0.020204756,0.074178875,0.971207632,-0.225488308,0.971207632,-0.225488308,0.014544991,0.075492919
8.522640000000001,0.020173374,0.074048757,0.971187209,-0.225621811,0.971187209,-0.225621811,0.014536191,0.07535836
8.522660000000000,0.02014221,0.073919698,0.971166915,-0.225754236,0.971166915,-0.225754236,0.014527427,0.07522489
8.522680000000001,0.020111263,0.073791686,0.971146747,-0.225885596,0.971146747,-0.225885596,0.014518698,0.075092496
8.522700000000000,0.020080531,0.073664707,0.971126705,-0.226015904,0.971126705,-0.226015904,0.014510006,0.074961165
8.522720000000001,0.020050011,0.073538749,0.971106788,-0.226145172,0.971106788,-0.226145172,0.014501348,0.074830885
8.522740000000001,0.020019702,0.0734138,0.971086995,-0.226273413,0.971086995,-0.226273413,0.014492727,0.074701642
8.522760000000000,0.019989601,0.073289849,0.971067325,-0.226400639,0.971067325,-0.226400639,0.014484141,0.074573424
8.522780000000001,0.019959706,0.073166882,0.971047776,-0.226526863,0.971047776,-0.226526863,0.014475591,0.07444622
8.522800000000000,0.019930016,0.073044889,0.971028348,-0.226652095,0.971028348,-0.226652095,0.014467076,0.074320017
8.522820000000001,0.019900527,0.072923859,0.971009039,-0.226776348,0.971009039,-0.226776348,0.014458597,0.074194805
8.522840000000000,0.019871239,0.072803779,0.970989849,-0.226899633,0.970989849,-0.226899633,0.014450153,0.07407057
8.522860000000000,0.019842149,0.072684639,0.970970777,-0.227021961,0.970970777,-0.227021961,0.014441744,0.073947302
8.522880000000001,0.019813255,0.072566427,0.970951821,-0.227143343,0.970951821,-0.227143343,0.014433371,0.07382499
8.522900000000000,0.019784556,0.072449134,0.97093298,-0.227263791,0.97093298,-0.227263791,0.014425033,0.073703622
8.522920000000001,0.019756048,0.072332748,0.970914255,-0.227383314,0.970914255,-0.227383314,0.014416731,0.073583189
8.522940000000000,0.019727732,0.072217259,0.970895642,-0.227501925,0.970895642,-0.227501925,0.014408463,0.073463678
8.522960000000001,0.019699604,0.072102657,0.970877143,-0.227619632,0.970877143,-0.227619632,0.014400231,0.07334508
8.522980000000000,0.019671663,0.071988931,0.970858754,-0.227736447,0.970858754,-0.227736447,0.014392034,0.073227384
8.523000000000000,0.019643907,0.071876072,0.970840477,-0.227852379,0.970840477,-0.227852379,0.014383871,0.073110581
8.523020000000001,0.019616335,0.07176407,0.970822309,-0.227967438,0.970822309,-0.227967438,0.014375744,0.072994659
8.523040000000000,0.019588943,0.071652915,0.97080425,-0.228081635,0.97080425,-0.228081635,0.014367651,0.072879609
8.523060000000001,0.019561732,0.071542598,0.970786299,-0.228194979,0.970786299,-0.228194979,0.014359593,0.072765422
8.523080000000000,0.019534699,0.071433109,0.970768456,-0.228307479,0.970768456,-0.228307479,0.01435157,0.072652088
8.523100000000001,0.019507842,0.071324438,0.970750718,-0.228419145,0.970750718,-0.228419145,0.014343581,0.072539596
8.523120000000000,0.01948116,0.071216578,0.970733085,-0.228529986,0.970733085,-0.228529986,0.014335626,0.072427939
8.523140000000000,0.019454651,0.071109519,0.970715557,-0.228640012,0.970715557,-0.228640012,0.014327706,0.072317107
8.523160000000001,0.019428313,0.071003252,0.970698132,-0.22874923,0.970698132,-0.22874923,0.01431982,0.07220709
8.523180000000000,0.019402145,0.070897768,0.970680809,-0.228857651,0.970680809,-0.228857651,0.014311968,0.07209788
8.523200000000001,0.019376146,0.070793059,0.970663589,-0.228965282,0.970663589,-0.228965282,0.01430415,0.071989468
8.523220000000000,0.019350313,0.070689117,0.970646469,-0.229072133,0.970646469,-0.229072133,0.014296366,0.071881845
8.523240000000001,0.019324645,0.070585932,0.970629449,-0.229178211,0.970629449,-0.229178211,0.014288615,0.071775003
8.523260000000001,0.019299141,0.070483497,0.970612528,-0.229283526,0.970612528,-0.229283526,0.014280898,0.071668934
8.523280000000000,0.019273798,0.070381804,0.970595706,-0.229388085,0.970595706,-0.229388085,0.014273215,0.071563629
8.523300000000001,0.019248616,0.070280845,0.970578982,-0.229491896,0.970578982,-0.229491896,0.014265565,0.071459079
8.523320000000000,0.019223594,0.070180611,0.970562354,-0.229594968,0.970562354,-0.229594968,0.014257949,0.071355277
8.523340000000001,0.019198729,0.070081096,0.970545822,-0.229697309,0.970545822,-0.229697309,0.014250365,0.071252216
8.523360000000000,0.019174019,0.069982291,0.970529385,-0.229798925,0.970529385,-0.229798925,0.014242815,0.071149886
8.523380000000001,0.019149465,0.069884189,0.970513043,-0.229899825,0.970513043,-0.229899825,0.014235297,0.07104828
8.523400000000001,0.019125064,0.069786782,0.970496794,-0.230000017,0.970496794,-0.230000017,0.014227813,0.070947392
8.523420000000000,0.019100815,0.069690064,0.970480638,-0.230099507,0.970480638,-0.230099507,0.01422036,0.070847212
8.523440000000001,0.019076717,0.069594026,0.970464574,-0.230198304,0.970464574,-0.230198304,0.014212941,0.070747734
8.523460000000000,0.019052767,0.069498663,0.970448601,-0.230296414,0.970448601,-0.230296414,0.014205554,0.070648951
8.523480000000001,0.019028966,0.069403966,0.970432719,-0.230393844,0.970432719,-0.230393844,0.014198199,0.070550855
8.523500000000000,0.01900531,0.069309929,0.970416927,-0.230490602,0.970416927,-0.230490602,0.014190876,0.070453439
8.523520000000001,0.0189818,0.069216545,0.970401224,-0.230586694,0.970401224,-0.230586694,0.014183585,0.070356696
8.523540000000001,0.018958434,0.069123807,0.97038561,-0.230682128,0.97038561,-0.230682128,0.014176326,0.07026062
8.523560000000000,0.018935211,0.069031709,0.970370083,-0.23077691,0.970370083,-0.23077691,0.014169099,0.070165203
8.523580000000001,0.018912129,0.068940244,0.970354643,-0.230871047,0.970354643,-0.230871047,0.014161904,0.070070439
8.523600000000000,0.018889187,0.068849406,0.970339289,-0.230964545,0.970339289,-0.230964545,0.01415474,0.06997632
8.523620000000001,0.018866383,0.068759188,0.970324021,-0.23105741,0.970324021,-0.23105741,0.014147607,0.069882842
8.523640000000000,0.018843718,0.068669584,0.970308838,-0.23114965,0.970308838,-0.23114965,0.014140505,0.069789996
8.523660000000001,0.018821188,0.068580588,0.970293739,-0.231241271,0.970293739,-0.231241271,0.014133435,0.069697777
8.523680000000001,0.018798794,0.068492193,0.970278724,-0.231332278,0.970278724,-0.231332278,0.014126395,0.069606179
8.523700000000000,0.018776534,0.068404394,0.970263791,-0.231422678,0.970263791,-0.231422678,0.014119386,0.069515195
8.523720000000001,0.018754407,0.068317185,0.970248941,-0.231512478,0.970248941,-0.231512478,0.014112408,0.069424818
8.523740000000000,0.018732411,0.068230559,0.970234172,-0.231601682,0.970234172,-0.231601682,0.01410546,0.069335044
8.523760000000001,0.018710546,0.068144511,0.970219484,-0.231690297,0.970219484,-0.231690297,0.014098543,0.069245866
8.523780000000000,0.01868881,0.068059036,0.970204877,-0.231778328,0.970204877,-0.231778328,0.014091656,0.069157279
8.523800000000001,0.018667203,0.067974127,0.970190349,-0.231865782,0.970190349,-0.231865782,0.014084798,0.069069275
8.523820000000001,0.018645723,0.067889779,0.9701759,-0.231952664,0.9701759,-0.231952664,0.014077971,0.068981851
8.523840000000000,0.018624368,0.067805986,0.970161529,-0.23203898,0.970161529,-0.23203898,0.014071174,0.068894999
8.523860000000001,0.018603139,0.067722742,0.970147236,-0.232124736,0.970147236,-0.232124736,0.014064406,0.068808714
8.523880000000000,0.018582032,0.067640041,0.97013302,-0.23220994,0.97013302,-0.23220994,0.014057667,0.068722988
8.523900000000001,0.018561048,0.067557876,0.97011888,-0.232294597,0.97011888,-0.232294597,0.014050958,0.068637815
8.523920000000000,0.018540185,0.067476242,0.970104815,-0.232378711,0.970104815,-0.232378711,0.014044278,0.068553191
8.523940000000001,0.018519443,0.067395135,0.970090826,-0.232462289,0.970090826,-0.232462289,0.014037626,0.06846911
8.523960000000001,0.018498819,0.06731455,0.97007691,-0.232545335,0.97007691,-0.232545335,0.014031003,0.068385567
8.523980000000000,0.018478313,0.06723448,0.970063069,-0.232627855,0.970063069,-0.232627855,0.014024409,0.068302557
8.524000000000001,0.018457925,0.067154922,0.970049301,-0.232709853,0.970049301,-0.232709853,0.014017843,0.068220075
8.524020000000000,0.018437652,0.067075871,0.970035605,-0.232791335,0.970035605,-0.232791335,0.014011306,0.068138115
8.524040000000001,0.018417495,0.066997321,0.970021981,-0.232872305,0.970021981,-0.232872305,0.014004797,0.068056674
8.524060000000000,0.018397452,0.066919268,0.970008429,-0.232952769,0.970008429,-0.232952769,0.013998315,0.067975745
8.524080000000000,0.018377522,0.066841708,0.969994948,-0.23303273,0.969994948,-0.23303273,0.013991862,0.067895324
8.524100000000001,0.018357704,0.066764635,0.969981538,-0.233112194,0.969981538,-0.233112194,0.013985436,0.067815407
8.524120000000000,0.018337998,0.066688045,0.969968197,-0.233191166,0.969968197,-0.233191166,0.013979038,0.067735988
8.524140000000001,0.018318402,0.066611934,0.969954925,-0.233269649,0.969954925,-0.233269649,0.013972668,0.067657063
8.524160000000000,0.018298916,0.066536297,0.969941723,-0.233347649,0.969941723,-0.233347649,0.013966325,0.067578628
8.524180000000001,0.018279538,0.06646113,0.969928589,-0.23342517,0.969928589,-0.23342517,0.013960009,0.067500677
8.524200000000000,0.018260268,0.066386428,0.969915522,-0.233502217,0.969915522,-0.233502217,0.01395372,0.067423207
8.524220000000000,0.018241105,0.066312187,0.969902523,-0.233578793,0.969902523,-0.233578793,0.013947458,0.067346213
8.524240000000001,0.018222048,0.066238402,0.96988959,-0.233654903,0.96988959,-0.233654903,0.013941222,0.067269691
8.524260000000000,0.018203096,0.066165071,0.969876724,-0.233730552,0.969876724,-0.233730552,0.013935014,0.067193636
8.524280000000001,0.018184248,0.066092187,0.969863924,-0.233805743,0.969863924,-0.233805743,0.013928832,0.067118043
8.524300000000000,0.018165504,0.066019748,0.969851189,-0.233880481,0.969851189,-0.233880481,0.013922676,0.06704291
8.524320000000001,0.018146862,0.06594775,0.969838518,-0.23395477,0.969838518,-0.23395477,0.013916546,0.066968232
8.524340000000000,0.018128322,0.065876187,0.969825912,-0.234028614,0.969825912,-0.234028614,0.013910443,0.066894003
8.524360000000000,0.018109883,0.065805057,0.96981337,-0.234102017,0.96981337,-0.234102017,0.013904365,0.066820222
8.524380000000001,0.018091544,0.065734356,0.969800891,-0.234174983,0.969800891,-0.234174983,0.013898314,0.066746883
8.524400000000000,0.018073304,0.065664079,0.969788475,-0.234247515,0.969788475,-0.234247515,0.013892288,0.066673982
8.524420000000001,0.018055163,0.065594223,0.969776121,-0.234319619,0.969776121,-0.234319619,0.013886288,0.066601517
8.524440000000000,0.018037119,0.065524784,0.96976383,-0.234391297,0.96976383,-0.234391297,0.013880313,0.066529482
8.524460000000001,0.018019173,0.065455758,0.969751599,-0.234462553,0.969751599,-0.234462553,0.013874363,0.066457873
8.524480000000001,0.018001322,0.065387142,0.96973943,-0.234533391,0.96973943,-0.234533391,0.013868438,0.066386688
8.524500000000000,0.017983568,0.065318932,0.969727322,-0.234603816,0.969727322,-0.234603816,0.013862539,0.066315923
8.524520000000001,0.017965907,0.065251125,0.969715273,-0.234673829,0.969715273,-0.234673829,0.013856664,0.066245573
8.524540000000000,0.017948341,0.065183716,0.969703284,-0.234743436,0.969703284,-0.234743436,0.013850815,0.066175635
8.524560000000001,0.017930868,0.065116703,0.969691355,-0.234812639,0.969691355,-0.234812639,0.01384499,0.066106106
8.524580000000000,0.017913487,0.065050081,0.969679484,-0.234881443,0.969679484,-0.234881443,0.013839189,0.066036982
8.524600000000001,0.017896199,0.064983848,0.969667672,-0.234949849,0.969667672,-0.234949849,0.013833413,0.065968259
8.524620000000001,0.017879001,0.064918001,0.969655918,-0.235017864,0.969655918,-0.235017864,0.013827661,0.065899934
8.524640000000000,0.017861893,0.064852535,0.969644221,-0.235085488,0.969644221,-0.235085488,0.013821933,0.065832003
8.524660000000001,0.017844875,0.064787447,0.969632581,-0.235152726,0.969632581,-0.235152726,0.013816229,0.065764464
8.524680000000000,0.017827947,0.064722735,0.969620998,-0.235219582,0.969620998,-0.235219582,0.013810549,0.065697312
8.524700000000001,0.017811106,0.064658395,0.969609472,-0.235286058,0.969609472,-0.235286058,0.013804893,0.065630545
8.524720000000000,0.017794353,0.064594423,0.969598001,-0.235352157,0.969598001,-0.235352157,0.01379926,0.065564159
8.524740000000001,0.017777686,0.064530817,0.969586586,-0.235417884,0.969586586,-0.235417884,0.013793651,0.065498151
8.524760000000001,0.017761106,0.064467574,0.969575226,-0.23548324,0.969575226,-0.23548324,0.013788065,0.065432517
8.524780000000000,0.017744612,0.06440469,0.969563921,-0.23554823,0.969563921,-0.23554823,0.013782502,0.065367255
8.524800000000001,0.017728202,0.064342163,0.96955267,-0.235612856,0.96955267,-0.235612856,0.013776963,0.065302361
8.524820000000000,0.017711877,0.064279989,0.969541473,-0.235677122,0.969541473,-0.235677122,0.013771446,0.065237833
8.524840000000001,0.017695636,0.064218165,0.969530329,-0.23574103,0.969530329,-0.23574103,0.013765953,0.065173666
8.524860000000000,0.017679477,0.064156688,0.969519239,-0.235804583,0.969519239,-0.235804583,0.013760482,0.065109859
8.524880000000001,0.017663401,0.064095557,0.969508201,-0.235867785,0.969508201,-0.235867785,0.013755033,0.065046408
8.524900000000001,0.017647406,0.064034767,0.969497216,-0.235930638,0.969497216,-0.235930638,0.013749608,0.06498331
8.524920000000000,0.017631493,0.063974315,0.969486283,-0.235993145,0.969486283,-0.235993145,0.013744204,0.064920562
8.524940000000001,0.01761566,0.0639142,0.969475402,-0.236055309,0.969475402,-0.236055309,0.013738823,0.064858162
8.524960000000000,0.017599907,0.063854418,0.969464572,-0.236117134,0.969464572,-0.236117134,0.013733464,0.064796106
8.524980000000001,0.017584234,0.063794966,0.969453793,-0.236178621,0.969453793,-0.236178621,0.013728127,0.064734392
8.525000000000000,0.017568639,0.063735842,0.969443065,-0.236239774,0.969443065,-0.236239774,0.013722812,0.064673016
8.525020000000001,0.017553122,0.063677043,0.969432386,-0.236300595,0.969432386,-0.236300595,0.013717519,0.064611977
8.525040000000001,0.017537683,0.063618566,0.969421758,-0.236361086,0.969421758,-0.236361086,0.013712247,0.064551271
8.525060000000000,0.017522321,0.063560409,0.969411179,-0.236421252,0.969411179,-0.236421252,0.013706997,0.064490895
8.525080000000001,0.017507035,0.063502569,0.96940065,-0.236481094,0.96940065,-0.236481094,0.013701769,0.064430848
8.525100000000000,0.017491825,0.063445044,0.969390169,-0.236540615,0.969390169,-0.236540615,0.013696562,0.064371125
8.525120000000001,0.017476691,0.06338783,0.969379737,-0.236599817,0.969379737,-0.236599817,0.013691376,0.064311725
8.525140000000000,0.017461631,0.063330926,0.969369354,-0.236658704,0.969369354,-0.236658704,0.013686211,0.064252645
8.525160000000001,0.017446646,0.063274329,0.969359018,-0.236717277,0.969359018,-0.236717277,0.013681067,0.064193883
8.525180000000001,0.017431734,0.063218037,0.969348729,-0.23677554,0.969348729,-0.23677554,0.013675944,0.064135436
8.525200000000000,0.017416895,0.063162046,0.969338488,-0.236833494,0.969338488,-0.236833494,0.013670841,0.0640773
8.525220000000001,0.017402129,0.063106355,0.969328294,-0.236891143,0.969328294,-0.236891143,0.01366576,0.064019475
8.525240000000000,0.017387435,0.063050962,0.969318146,-0.236948488,0.969318146,-0.236948488,0.013660699,0.063961957
8.525260000000001,0.017372813,0.062995863,0.969308045,-0.237005532,0.969308045,-0.237005532,0.013655658,0.063904744
8.525280000000000,0.017358262,0.062941056,0.969297989,-0.237062277,0.969297989,-0.237062277,0.013650638,0.063847834
8.525300000000000,0.017343781,0.06288654,0.969287979,-0.237118726,0.969287979,-0.237118726,0.013645637,0.063791224
8.525320000000001,0.01732937,0.062832312,0.969278015,-0.237174881,0.969278015,-0.237174881,0.013640657,0.063734911
8.525340000000000,0.017315029,0.062778369,0.969268095,-0.237230745,0.969268095,-0.237230745,0.013635697,0.063678894
8.525360000000001,0.017300757,0.06272471,0.96925822,-0.237286319,0.96925822,-0.237286319,0.013630757,0.063623171
8.525380000000000,0.017286553,0.062671331,0.96924839,-0.237341607,0.96924839,-0.237341607,0.013625837,0.063567738
8.525400000000001,0.017272418,0.062618232,0.969238604,-0.237396609,0.969238604,-0.237396609,0.013620936,0.063512593
8.525420000000000,0.01725835,0.06256541,0.969228861,-0.237451329,0.969228861,-0.237451329,0.013616055,0.063457735
8.525440000000000,0.017244349,0.062512862,0.969219163,-0.237505769,0.969219163,-0.237505769,0.013611193,0.063403161
8.525460000000001,0.017230414,0.062460586,0.969209507,-0.23755993,0.969209507,-0.23755993,0.013606351,0.063348869
8.525480000000000,0.017216546,0.062408581,0.969199894,-0.237613815,0.969199894,-0.237613815,0.013601528,0.063294857
8.525500000000001,0.017202744,0.062356845,0.969190324,-0.237667427,0.969190324,-0.237667427,0.013596724,0.063241122
8.525520000000000,0.017189007,0.062305374,0.969180797,-0.237720766,0.969180797,-0.237720766,0.013591939,0.063187663
8.525540000000001,0.017175334,0.062254168,0.969171311,-0.237773836,0.969171311,-0.237773836,0.013587173,0.063134478
8.525560000000000,0.017161726,0.062203224,0.969161867,-0.237826638,0.969161867,-0.237826638,0.013582426,0.063081563
8.525580000000000,0.017148182,0.06215254,0.969152465,-0.237879175,0.969152465,-0.237879175,0.013577698,0.063028918
8.525600000000001,0.017134701,0.062102114,0.969143104,-0.237931448,0.969143104,-0.237931448,0.013572988,0.06297654
8.525620000000000,0.017121284,0.062051944,0.969133784,-0.237983459,0.969133784,-0.237983459,0.013568297,0.062924427
8.525640000000001,0.017107929,0.062002029,0.969124505,-0.23803521,0.969124505,-0.23803521,0.013563624,0.062872577
8.525660000000000,0.017094636,0.061952366,0.969115266,-0.238086704,0.969115266,-0.238086704,0.01355897,0.062820988
8.525680000000001,0.017081404,0.061902953,0.969106068,-0.238137942,0.969106068,-0.238137942,0.013554334,0.062769658
8.525700000000001,0.017068234,0.061853789,0.969096909,-0.238188927,0.969096909,-0.238188927,0.013549716,0.062718586
8.525720000000000,0.017055125,0.061804872,0.969087791,-0.238239659,0.969087791,-0.238239659,0.013545116,0.062667769
8.525740000000001,0.017042076,0.061756199,0.969078711,-0.238290142,0.969078711,-0.238290142,0.013540535,0.062617206
8.525760000000000,0.017029087,0.06170777,0.969069671,-0.238340376,0.969069671,-0.238340376,0.013535971,0.062566894
8.525780000000001,0.017016158,0.061659582,0.96906067,-0.238390364,0.96906067,-0.238390364,0.013531424,0.062516831
8.525800000000000,0.017003288,0.061611633,0.969051707,-0.238440107,0.969051707,-0.238440107,0.013526896,0.062467017
8.525820000000001,0.016990477,0.061563921,0.969042783,-0.238489608,0.969042783,-0.238489608,0.013522385,0.062417448
8.525840000000001,0.016977725,0.061516446,0.969033897,-0.238538868,0.969033897,-0.238538868,0.013517892,0.062368124
8.525860000000000,0.01696503,0.061469205,0.969025048,-0.238587889,0.969025048,-0.238587889,0.013513416,0.062319042
8.525880000000001,0.016952393,0.061422196,0.969016238,-0.238636672,0.969016238,-0.238636672,0.013508957,0.0622702
8.525900000000000,0.016939813,0.061375418,0.969007465,-0.23868522,0.969007465,-0.23868522,0.013504515,0.062221598
8.525920000000001,0.01692729,0.061328868,0.968998729,-0.238733534,0.968998729,-0.238733534,0.013500091,0.062173232
8.525940000000000,0.016914824,0.061282547,0.96899003,-0.238781616,0.96899003,-0.238781616,0.013495684,0.062125102
8.525960000000001,0.016902413,0.06123645,0.968981368,-0.238829467,0.968981368,-0.238829467,0.013491293,0.062077206
8.525980000000001,0.016890059,0.061190578,0.968972743,-0.238877089,0.968972743,-0.238877089,0.01348692,0.062029541
8.526000000000000,0.016877759,0.061144929,0.968964153,-0.238924485,0.968964153,-0.238924485,0.013482563,0.061982107
8.526020000000001,0.016865515,0.0610995,0.9689556,-0.238971654,0.9689556,-0.238971654,0.013478223,0.061934901
8.526040000000000,0.016853325,0.06105429,0.968947082,-0.2390186,0.968947082,-0.2390186,0.0134739,0.061887922
8.526060000000001,0.01684119,0.061009298,0.9689386,-0.239065324,0.9689386,-0.239065324,0.013469593,0.061841169
8.526080000000000,0.016829109,0.060964522,0.968930154,-0.239111827,0.968930154,-0.239111827,0.013465302,0.06179464
8.526100000000001,0.016817081,0.06091996,0.968921743,-0.23915811,0.968921743,-0.23915811,0.013461028,0.061748332
8.526120000000001,0.016805106,0.060875612,0.968913366,-0.239204177,0.968913366,-0.239204177,0.01345677,0.061702245
8.526140000000000,0.016793184,0.060831475,0.968905024,-0.239250027,0.968905024,-0.239250027,0.013452528,0.061656377
8.526160000000001,0.016781315,0.060787548,0.968896717,-0.239295663,0.968896717,-0.239295663,0.013448302,0.061610727
8.526180000000000,0.016769498,0.060743829,0.968888444,-0.239341085,0.968888444,-0.239341085,0.013444093,0.061565292
8.526200000000001,0.016757732,0.060700317,0.968880205,-0.239386297,0.968880205,-0.239386297,0.013439899,0.061520072
8.526220000000000,0.016746018,0.060657011,0.968872,-0.239431298,0.968872,-0.239431298,0.013435721,0.061475065
8.526240000000001,0.016734356,0.060613909,0.968863828,-0.239476091,0.968863828,-0.239476091,0.013431559,0.061430269
8.526260000000001,0.016722744,0.06057101,0.96885569,-0.239520677,0.96885569,-0.239520677,0.013427412,0.061385682
8.526280000000000,0.016711182,0.060528312,0.968847585,-0.239565057,0.968847585,-0.239565057,0.013423281,0.061341305
8.526300000000001,0.016699671,0.060485813,0.968839514,-0.239609233,0.968839514,-0.239609233,0.013419166,0.061297134
8.526320000000000,0.01668821,0.060443513,0.968831475,-0.239653207,0.968831475,-0.239653207,0.013415066,0.061253169
8.526340000000001,0.016676798,0.06040141,0.968823468,-0.239696979,0.968823468,-0.239696979,0.013410981,0.061209408
8.526360000000000,0.016665435,0.060359503,0.968815494,-0.239740552,0.968815494,-0.239740552,0.013406912,0.061165849
8.526380000000001,0.016654122,0.06031779,0.968807553,-0.239783925,0.968807553,-0.239783925,0.013402857,0.061122492
8.526400000000001,0.016642856,0.06027627,0.968799643,-0.239827102,0.968799643,-0.239827102,0.013398818,0.061079334
8.526420000000000,0.01663164,0.060234942,0.968791765,-0.239870083,0.968791765,-0.239870083,0.013394794,0.061036376
8.526440000000001,0.016620471,0.060193804,0.968783919,-0.23991287,0.968783919,-0.23991287,0.013390785,0.060993614
8.526460000000000,0.016609349,0.060152855,0.968776104,-0.239955463,0.968776104,-0.239955463,0.013386791,0.060951048
8.526480000000001,0.016598276,0.060112093,0.968768321,-0.239997865,0.968768321,-0.239997865,0.013382811,0.060908677
8.526500000000000,0.016587249,0.060071518,0.968760568,-0.240040076,0.968760568,-0.240040076,0.013378846,0.060866498
8.526520000000000,0.016576269,0.060031129,0.968752847,-0.240082098,0.968752847,-0.240082098,0.013374896,0.060824512
8.526540000000001,0.016565335,0.059990923,0.968745156,-0.240123932,0.968745156,-0.240123932,0.013370961,0.060782716
8.526560000000000,0.016554448,0.059950899,0.968737495,-0.24016558,0.968737495,-0.24016558,0.01336704,0.060741109
8.526580000000001,0.016543606,0.059911058,0.968729865,-0.240207042,0.968729865,-0.240207042,0.013363133,0.06069969
8.526600000000000,0.016532811,0.059871396,0.968722265,-0.24024832,0.968722265,-0.24024832,0.013359241,0.060658458
8.526620000000001,0.01652206,0.059831913,0.968714695,-0.240289415,0.968714695,-0.240289415,0.013355363,0.060617412
8.526640000000000,0.016511355,0.059792608,0.968707155,-0.240330329,0.968707155,-0.240330329,0.013351499,0.060576549
8.526660000000000,0.016500694,0.05975348,0.968699645,-0.240371062,0.968699645,-0.240371062,0.013347649,0.060535869
8.526680000000001,0.016490078,0.059714527,0.968692164,-0.240411616,0.968692164,-0.240411616,0.013343814,0.060495372
8.526700000000000,0.016479506,0.059675748,0.968684712,-0.240451992,0.968684712,-0.240451992,0.013339992,0.060455054
8.526720000000001,0.016468977,0.059637142,0.968677289,-0.240492192,0.968677289,-0.240492192,0.013336184,0.060414916
8.526740000000000,0.016458493,0.059598708,0.968669895,-0.240532215,0.968669895,-0.240532215,0.01333239,0.060374956
8.526760000000001,0.016448052,0.059560445,0.96866253,-0.240572065,0.96866253,-0.240572065,0.01332861,0.060335173
8.526780000000000,0.016437654,0.059522351,0.968655194,-0.24061174,0.968655194,-0.24061174,0.013324844,0.060295566
8.526800000000000,0.016427299,0.059484426,0.968647886,-0.240651244,0.968647886,-0.240651244,0.013321091,0.060256133
8.526820000000001,0.016416987,0.059446668,0.968640606,-0.240690577,0.968640606,-0.240690577,0.013317352,0.060216874
8.526840000000000,0.016406717,0.059409077,0.968633354,-0.240729739,0.968633354,-0.240729739,0.013313626,0.060177787
8.526860000000001,0.016396489,0.05937165,0.96862613,-0.240768733,0.96862613,-0.240768733,0.013309914,0.060138872
8.526880000000000,0.016386303,0.059334388,0.968618934,-0.24080756,0.968618934,-0.24080756,0.013306215,0.060100126
8.526900000000001,0.016376158,0.059297289,0.968611765,-0.240846219,0.968611765,-0.240846219,0.013302529,0.06006155
8.526920000000000,0.016366055,0.059260352,0.968604624,-0.240884714,0.968604624,-0.240884714,0.013298857,0.060023141
8.526940000000000,0.016355993,0.059223575,0.968597511,-0.240923043,0.968597511,-0.240923043,0.013295197,0.059984899
8.526960000000001,0.016345972,0.059186959,0.968590424,-0.24096121,0.968590424,-0.24096121,0.013291551,0.059946823
8.526980000000000,0.016335991,0.059150501,0.968583364,-0.240999214,0.968583364,-0.240999214,0.013287918,0.059908911
8.527000000000001,0.016326051,0.059114201,0.968576331,-0.241037057,0.968576331,-0.241037057,0.013284298,0.059871163
8.527020000000000,0.01631615,0.059078058,0.968569325,-0.241074739,0.968569325,-0.241074739,0.013280691,0.059833577
8.527040000000001,0.01630629,0.059042071,0.968562345,-0.241112263,0.968562345,-0.241112263,0.013277096,0.059796153
8.527060000000001,0.016296469,0.059006238,0.968555392,-0.241149628,0.968555392,-0.241149628,0.013273514,0.059758889
8.527080000000000,0.016286688,0.058970559,0.968548464,-0.241186836,0.968548464,-0.241186836,0.013269945,0.059721785
8.527100000000001,0.016276946,0.058935033,0.968541563,-0.241223888,0.968541563,-0.241223888,0.013266389,0.059684839
8.527120000000000,0.016267242,0.058899659,0.968534688,-0.241260785,0.968534688,-0.241260785,0.013262845,0.059648051
8.527140000000001,0.016257578,0.058864436,0.968527838,-0.241297527,0.968527838,-0.241297527,0.013259314,0.059611418
8.527160000000000,0.016247952,0.058829362,0.968521014,-0.241334117,0.968521014,-0.241334117,0.013255795,0.059574942
8.527180000000001,0.016238364,0.058794437,0.968514216,-0.241370554,0.968514216,-0.241370554,0.013252289,0.059538619
8.527200000000001,0.016228814,0.058759661,0.968507442,-0.24140684,0.968507442,-0.24140684,0.013248795,0.05950245
8.527220000000000,0.016219302,0.058725031,0.968500694,-0.241442976,0.968500694,-0.241442976,0.013245313,0.059466434
8.527240000000001,0.016209827,0.058690548,0.968493971,-0.241478962,0.968493971,-0.241478962,0.013241843,0.059430569
8.527260000000000,0.01620039,0.05865621,0.968487273,-0.2415148,0.968487273,-0.2415148,0.013238386,0.059394854
8.527280000000001,0.01619099,0.058622016,0.9684806,-0.241550491,0.9684806,-0.241550491,0.01323494,0.059359289
8.527300000000000,0.016181627,0.058587965,0.968473951,-0.241586035,0.968473951,-0.241586035,0.013231507,0.059323873
8.527320000000001,0.0161723,0.058554057,0.968467327,-0.241621433,0.968467327,-0.241621433,0.013228086,0.059288604
8.527340000000001,0.01616301,0.05852029,0.968460727,-0.241656687,0.968460727,-0.241656687,0.013224676,0.059253483
8.527360000000000,0.016153757,0.058486664,0.968454151,-0.241691796,0.968454151,-0.241691796,0.013221279,0.059218507
8.527380000000001,0.016144539,0.058453179,0.968447599,-0.241726763,0.968447599,-0.241726763,0.013217893,0.059183676
8.527400000000000,0.016135357,0.058419831,0.968441071,-0.241761588,0.968441071,-0.241761588,0.013214519,0.05914899
8.527420000000001,0.016126211,0.058386623,0.968434567,-0.241796272,0.968434567,-0.241796272,0.013211156,0.059114446
8.527440000000000,0.016117101,0.058353551,0.968428087,-0.241830815,0.968428087,-0.241830815,0.013207806,0.059080045
8.527460000000001,0.016108025,0.058320616,0.96842163,-0.241865219,0.96842163,-0.241865219,0.013204466,0.059045785
8.527480000000001,0.016098985,0.058287816,0.968415197,-0.241899484,0.968415197,-0.241899484,0.013201139,0.059011666
8.527500000000000,0.016089979,0.058255151,0.968408787,-0.241933612,0.968408787,-0.241933612,0.013197822,0.058977687
8.527520000000001,0.016081008,0.05822262,0.9684024,-0.241967603,0.9684024,-0.241967603,0.013194518,0.058943846
8.527540000000000,0.016072072,0.058190222,0.968396036,-0.242001457,0.968396036,-0.242001457,0.013191224,0.058910144
8.527560000000001,0.01606317,0.058157956,0.968389695,-0.242035177,0.968389695,-0.242035177,0.013187942,0.058876579
8.527580000000000,0.016054301,0.058125822,0.968383376,-0.242068762,0.968383376,-0.242068762,0.013184671,0.05884315
8.527600000000001,0.016045467,0.058093819,0.968377081,-0.242102213,0.968377081,-0.242102213,0.013181411,0.058809856
8.527620000000001,0.016036666,0.058061945,0.968370807,-0.242135532,0.968370807,-0.242135532,0.013178162,0.058776697
8.527640000000000,0.016027899,0.0580302,0.968364557,-0.242168719,0.968364557,-0.242168719,0.013174925,0.058743673
8.527660000000001,0.016019165,0.057998584,0.968358328,-0.242201774,0.968358328,-0.242201774,0.013171698,0.058710781
8.527680000000000,0.016010465,0.057967095,0.968352122,-0.242234699,0.968352122,-0.242234699,0.013168483,0.058678021
8.527700000000001,0.016001797,0.057935734,0.968345938,-0.242267495,0.968345938,-0.242267495,0.013165278,0.058645394
8.527720000000000,0.015993162,0.057904498,0.968339775,-0.242300162,0.968339775,-0.242300162,0.013162084,0.058612896
8.527740000000000,0.015984559,0.057873387,0.968333635,-0.2423327,0.968333635,-0.2423327,0.013158901,0.058580529
8.527760000000001,0.015975989,0.057842401,0.968327516,-0.242365112,0.968327516,-0.242365112,0.013155729,0.058548291
8.527780000000000,0.015967451,0.057811538,0.968321418,-0.242397397,0.968321418,-0.242397397,0.013152567,0.058516181
8.527800000000001,0.015958945,0.057780799,0.968315342,-0.242429556,0.968315342,-0.242429556,0.013149416,0.058484199
8.527820000000000,0.01595047,0.057750182,0.968309288,-0.24246159,0.968309288,-0.24246159,0.013146276,0.058452343
8.527840000000001,0.015942028,0.057719686,0.968303254,-0.2424935,0.968303254,-0.2424935,0.013143146,0.058420614
8.527860000000000,0.015933617,0.057689312,0.968297242,-0.242525286,0.968297242,-0.242525286,0.013140027,0.05838901
8.527880000000000,0.015925237,0.057659057,0.968291251,-0.24255695,0.968291251,-0.24255695,0.013136918,0.058357531
8.527900000000001,0.015916888,0.057628922,0.968285281,-0.242588491,0.968285281,-0.242588491,0.013133819,0.058326176
8.527920000000000,0.015908571,0.057598905,0.968279331,-0.242619911,0.968279331,-0.242619911,0.013130731,0.058294943
8.527940000000001,0.015900284,0.057569007,0.968273402,-0.24265121,0.968273402,-0.24265121,0.013127653,0.058263834
8.527960000000000,0.015892028,0.057539226,0.968267494,-0.24268239,0.968267494,-0.24268239,0.013124586,0.058232846
8.527980000000001,0.015883802,0.057509561,0.968261606,-0.24271345,0.968261606,-0.24271345,0.013121528,0.058201979
8.528000000000000,0.015875606,0.057480013,0.968255738,-0.242744391,0.968255738,-0.242744391,0.013118481,0.058171232
8.528020000000000,0.015867441,0.05745058,0.968249891,-0.242775215,0.968249891,-0.242775215,0.013115444,0.058140605
8.528040000000001,0.015859305,0.057421261,0.968244063,-0.242805922,0.968244063,-0.242805922,0.013112417,0.058110097
8.528060000000000,0.0158512,0.057392057,0.968238256,-0.242836512,0.968238256,-0.242836512,0.0131094,0.058079707
8.528080000000001,0.015843124,0.057362965,0.968232469,-0.242866986,0.968232469,-0.242866986,0.013106393,0.058049434
8.528100000000000,0.015835077,0.057333987,0.968226701,-0.242897345,0.968226701,-0.242897345,0.013103396,0.058019279
8.528120000000001,0.01582706,0.05730512,0.968220953,-0.242927589,0.968220953,-0.242927589,0.013100409,0.057989239
8.528140000000000,0.015819072,0.057276364,0.968215225,-0.24295772,0.968215225,-0.24295772,0.013097431,0.057959315
8.528160000000000,0.015811112,0.05724772,0.968209516,-0.242987737,0.968209516,-0.242987737,0.013094464,0.057929506
8.528180000000001,0.015803182,0.057219185,0.968203827,-0.243017642,0.968203827,-0.243017642,0.013091506,0.057899812
8.528200000000000,0.015795281,0.05719076,0.968198157,-0.243047435,0.968198157,-0.243047435,0.013088558,0.05787023
8.528220000000001,0.015787408,0.057162443,0.968192506,-0.243077117,0.968192506,-0.243077117,0.013085619,0.057840762
8.528240000000000,0.015779563,0.057134235,0.968186874,-0.243106688,0.968186874,-0.243106688,0.01308269,0.057811406
8.528260000000001,0.015771746,0.057106134,0.968181261,-0.24313615,0.968181261,-0.24313615,0.013079771,0.057782161
8.528280000000001,0.015763958,0.057078141,0.968175667,-0.243165501,0.968175667,-0.243165501,0.013076861,0.057753028
8.528300000000000,0.015756198,0.057050253,0.968170092,-0.243194745,0.968170092,-0.243194745,0.01307396,0.057724005
8.528320000000001,0.015748465,0.057022472,0.968164536,-0.24322388,0.968164536,-0.24322388,0.013071069,0.057695091
8.528340000000000,0.01574076,0.056994795,0.968158998,-0.243252907,0.968158998,-0.243252907,0.013068188,0.057666287
8.528360000000001,0.015733082,0.056967223,0.968153479,-0.243281828,0.968153479,-0.243281828,0.013065315,0.057637591
8.528380000000000,0.015725432,0.056939755,0.968147978,-0.243310642,0.968147978,-0.243310642,0.013062453,0.057609003
8.528400000000001,0.015717809,0.05691239,0.968142495,-0.24333935,0.968142495,-0.24333935,0.013059599,0.057580523
8.528420000000001,0.015710213,0.056885129,0.968137031,-0.243367954,0.968137031,-0.243367954,0.013056754,0.057552149
8.528440000000000,0.015702644,0.056857969,0.968131585,-0.243396453,0.968131585,-0.243396453,0.013053919,0.057523881
8.528460000000001,0.015695102,0.056830911,0.968126157,-0.243424848,0.968126157,-0.243424848,0.013051093,0.057495718
8.528480000000000,0.015687586,0.056803954,0.968120747,-0.243453139,0.968120747,-0.243453139,0.013048275,0.057467661
8.528500000000001,0.015680097,0.056777098,0.968115354,-0.243481328,0.968115354,-0.243481328,0.013045467,0.057439708
8.528520000000000,0.015672634,0.056750341,0.96810998,-0.243509414,0.96810998,-0.243509414,0.013042668,0.057411859
8.528540000000001,0.015665198,0.056723684,0.968104623,-0.243537399,0.968104623,-0.243537399,0.013039878,0.057384112
8.528560000000001,0.015657787,0.056697126,0.968099284,-0.243565283,0.968099284,-0.243565283,0.013037097,0.057356469
8.528580000000000,0.015650402,0.056670666,0.968093962,-0.243593067,0.968093962,-0.243593067,0.013034324,0.057328927
8.528600000000001,0.015643044,0.056644304,0.968088657,-0.24362075,0.968088657,-0.24362075,0.013031561,0.057301487
8.528620000000000,0.015635711,0.056618039,0.96808337,-0.243648334,0.96808337,-0.243648334,0.013028806,0.057274148
8.528640000000001,0.015628403,0.056591871,0.968078101,-0.243675819,0.968078101,-0.243675819,0.01302606,0.057246909
8.528660000000000,0.015621121,0.056565799,0.968072848,-0.243703205,0.968072848,-0.243703205,0.013023323,0.05721977
8.528680000000001,0.015613864,0.056539822,0.968067612,-0.243730494,0.968067612,-0.243730494,0.013020594,0.05719273
8.528700000000001,0.015606632,0.056513941,0.968062394,-0.243757686,0.968062394,-0.243757686,0.013017874,0.057165789
8.528720000000000,0.015599426,0.056488154,0.968057192,-0.243784781,0.968057192,-0.243784781,0.013015163,0.057138947
8.528740000000001,0.015592244,0.056462462,0.968052007,-0.243811779,0.968052007,-0.243811779,0.01301246,0.057112201
8.528760000000000,0.015585087,0.056436863,0.968046839,-0.243838682,0.968046839,-0.243838682,0.013009766,0.057085553
8.528780000000001,0.015577954,0.056411357,0.968041688,-0.24386549,0.968041688,-0.24386549,0.01300708,0.057059002
8.528800000000000,0.015570846,0.056385943,0.968036553,-0.243892203,0.968036553,-0.243892203,0.013004403,0.057032546
8.528820000000001,0.015563763,0.056360622,0.968031434,-0.243918822,0.968031434,-0.243918822,0.013001734,0.057006187
8.528840000000001,0.015556704,0.056335392,0.968026332,-0.243945348,0.968026332,-0.243945348,0.012999073,0.056979922
8.528860000000000,0.015549669,0.056310253,0.968021247,-0.24397178,0.968021247,-0.24397178,0.012996421,0.056953752
8.528880000000001,0.015542657,0.056285205,0.968016177,-0.24399812,0.968016177,-0.24399812,0.012993777,0.056927675
8.528900000000000,0.01553567,0.056260246,0.968011124,-0.244024367,0.968011124,-0.244024367,0.012991141,0.056901693
8.528920000000001,0.015528707,0.056235378,0.968006087,-0.244050523,0.968006087,-0.244050523,0.012988514,0.056875803
8.528940000000000,0.015521767,0.056210598,0.968001066,-0.244076588,0.968001066,-0.244076588,0.012985894,0.056850006
8.528960000000000,0.015514851,0.056185908,0.96799606,-0.244102562,0.96799606,-0.244102562,0.012983283,0.056824301
8.528980000000001,0.015507958,0.056161305,0.967991071,-0.244128446,0.967991071,-0.244128446,0.01298068,0.056798687
8.529000000000000,0.015501089,0.05613679,0.967986097,-0.24415424,0.967986097,-0.24415424,0.012978085,0.056773165
8.529020000000001,0.015494242,0.056112362,0.967981139,-0.244179945,0.967981139,-0.244179945,0.012975498,0.056747733
8.529040000000000,0.015487419,0.056088021,0.967976197,-0.244205561,0.967976197,-0.244205561,0.012972919,0.056722391
8.529060000000001,0.015480619,0.056063766,0.96797127,-0.244231089,0.96797127,-0.244231089,0.012970349,0.056697139
8.529080000000000,0.015473841,0.056039598,0.967966359,-0.244256529,0.967966359,-0.244256529,0.012967786,0.056671975
8.529100000000000,0.015467086,0.056015514,0.967961463,-0.244281882,0.967961463,-0.244281882,0.01296523,0.056646901
8.529120000000001,0.015460354,0.055991516,0.967956582,-0.244307147,0.967956582,-0.244307147,0.012962683,0.056621915
8.529140000000000,0.015453645,0.055967602,0.967951717,-0.244332327,0.967951717,-0.244332327,0.012960144,0.056597016
8.529160000000001,0.015446957,0.055943772,0.967946867,-0.24435742,0.967946867,-0.24435742,0.012957612,0.056572205
8.529180000000000,0.015440292,0.055920025,0.967942032,-0.244382428,0.967942032,-0.244382428,0.012955088,0.056547481
8.529200000000001,0.01543365,0.055896362,0.967937212,-0.244407351,0.967937212,-0.244407351,0.012952572,0.056522843
8.529220000000000,0.015427029,0.055872782,0.967932407,-0.244432189,0.967932407,-0.244432189,0.012950064,0.056498291
8.529240000000000,0.01542043,0.055849284,0.967927617,-0.244456943,0.967927617,-0.244456943,0.012947563,0.056473824
8.529260000000001,0.015413853,0.055825868,0.967922841,-0.244481614,0.967922841,-0.244481614,0.01294507,0.056449442
8.529280000000000,0.015407298,0.055802533,0.967918081,-0.2445062,0.967918081,-0.2445062,0.012942584,0.056425145
8.529300000000001,0.015400764,0.055779279,0.967913335,-0.244530704,0.967913335,-0.244530704,0.012940106,0.056400933
8.529320000000000,0.015394252,0.055756106,0.967908603,-0.244555126,0.967908603,-0.244555126,0.012937636,0.056376803
8.529340000000001,0.015387762,0.055733013,0.967903886,-0.244579466,0.967903886,-0.244579466,0.012935173,0.056352758
8.529360000000000,0.015381292,0.05571,0.967899184,-0.244603723,0.967899184,-0.244603723,0.012932717,0.056328795
8.529380000000000,0.015374844,0.055687067,0.967894496,-0.2446279,0.967894496,-0.2446279,0.012930269,0.056304914
8.529400000000001,0.015368417,0.055664212,0.967889822,-0.244651996,0.967889822,-0.244651996,0.012927828,0.056281116
8.529420000000000,0.015362011,0.055641436,0.967885163,-0.244676012,0.967885163,-0.244676012,0.012925395,0.056257399
8.529440000000001,0.015355626,0.055618738,0.967880518,-0.244699947,0.967880518,-0.244699947,0.012922969,0.056233763
8.529460000000000,0.015349262,0.055596117,0.967875887,-0.244723803,0.967875887,-0.244723803,0.01292055,0.056210208
8.529480000000001,0.015342918,0.055573574,0.96787127,-0.24474758,0.96787127,-0.24474758,0.012918139,0.056186733
8.529500000000001,0.015336595,0.055551108,0.967866667,-0.244771278,0.967866667,-0.244771278,0.012915734,0.056163339
8.529520000000000,0.015330293,0.055528719,0.967862078,-0.244794898,0.967862078,-0.244794898,0.012913337,0.056140024
8.529540000000001,0.015324011,0.055506406,0.967857503,-0.24481844,0.967857503,-0.24481844,0.012910948,0.056116787
8.529560000000000,0.015317749,0.055484169,0.967852941,-0.244841904,0.967852941,-0.244841904,0.012908565,0.05609363
8.529580000000001,0.015311507,0.055462007,0.967848393,-0.244865292,0.967848393,-0.244865292,0.012906189,0.056070551
8.529600000000000,0.015305286,0.05543992,0.967843859,-0.244888602,0.967843859,-0.244888602,0.012903821,0.05604755
8.529620000000001,0.015299084,0.055417907,0.967839339,-0.244911836,0.967839339,-0.244911836,0.012901459,0.056024627
8.529640000000001,0.015292903,0.055395969,0.967834832,-0.244934994,0.967834832,-0.244934994,0.012899105,0.05600178
8.529660000000000,0.015286741,0.055374105,0.967830339,-0.244958077,0.967830339,-0.244958077,0.012896758,0.055979011
8.529680000000001,0.015280599,0.055352315,0.967825859,-0.244981084,0.967825859,-0.244981084,0.012894417,0.055956318
8.529700000000000,0.015274477,0.055330597,0.967821392,-0.245004016,0.967821392,-0.245004016,0.012892084,0.0559337
8.529720000000001,0.015268374,0.055308953,0.967816939,-0.245026874,0.967816939,-0.245026874,0.012889757,0.055911159
8.529740000000000,0.015262291,0.055287381,0.967812499,-0.245049658,0.967812499,-0.245049658,0.012887437,0.055888693
8.529760000000001,0.015256227,0.055265881,0.967808072,-0.245072368,0.967808072,-0.245072368,0.012885124,0.055866301
8.529780000000001,0.015250182,0.055244452,0.967803658,-0.245095005,0.967803658,-0.245095005,0.012882818,0.055843984
8.529800000000000,0.015244157,0.055223095,0.967799258,-0.245117568,0.967799258,-0.245117568,0.012880519,0.055821741
8.529820000000001,0.01523815,0.055201809,0.96779487,-0.245140059,0.96779487,-0.245140059,0.012878227,0.055799572
8.529840000000000,0.015232163,0.055180594,0.967790495,-0.245162478,0.967790495,-0.245162478,0.012875941,0.055777477
8.529860000000001,0.015226194,0.055159449,0.967786133,-0.245184825,0.967786133,-0.245184825,0.012873662,0.055755454
8.529880000000000,0.015220245,0.055138374,0.967781784,-0.2452071,0.967781784,-0.2452071,0.012871389,0.055733504
8.529900000000001,0.015214314,0.055117368,0.967777448,-0.245229304,0.967777448,-0.245229304,0.012869124,0.055711626
8.529920000000001,0.015208401,0.055096432,0.967773124,-0.245251437,0.967773124,-0.245251437,0.012866864,0.055689821
8.529940000000000,0.015202508,0.055075565,0.967768813,-0.2452735,0.967768813,-0.2452735,0.012864612,0.055668087
8.529960000000001,0.015196632,0.055054766,0.967764515,-0.245295492,0.967764515,-0.245295492,0.012862366,0.055646424
8.529980000000000,0.015190776,0.055034036,0.967760229,-0.245317415,0.967760229,-0.245317415,0.012860127,0.055624832
8.530000000000001,0.015184937,0.055013373,0.967755956,-0.245339268,0.967755956,-0.245339268,0.012857894,0.055603311
