Frequency (GHz),RE[S11],IM[S11],RE[S12],IM[S12],RE[S21],IM[S21],RE[S22],IM[S22]
6.400000000000000,0.0275407,0.054772721,0.89354024,-0.444777807,0.89354024,-0.444777807,0.027097567,0.0549933
6.400250000000001,0.027542754,0.054774105,0.893531948,-0.444794168,0.893531948,-0.444794168,0.027099454,0.054994777
6.400500000000000,0.027544808,0.054775489,0.893523655,-0.44481053,0.893523655,-0.44481053,0.027101341,0.054996254
6.400750000000000,0.027546863,0.054776872,0.893515362,-0.444826892,0.893515362,-0.444826892,0.027103228,0.054997731
6.401000000000001,0.027548917,0.054778254,0.893507068,-0.444843254,0.893507068,-0.444843254,0.027105114,0.054999208
6.401250000000000,0.027550971,0.054779636,0.893498773,-0.444859616,0.893498773,-0.444859616,0.027107,0.055000684
6.401500000000000,0.027553026,0.054781017,0.893490478,-0.444875979,0.893490478,-0.444875979,0.027108886,0.055002159
6.401750000000001,0.02755508,0.054782397,0.893482183,-0.444892342,0.893482183,-0.444892342,0.027110772,0.055003634
6.402000000000000,0.027557135,0.054783777,0.893473887,-0.444908706,0.893473887,-0.444908706,0.027112657,0.055005109
6.402250000000000,0.027559189,0.054785156,0.89346559,-0.44492507,0.89346559,-0.44492507,0.027114542,0.055006583
6.402500000000001,0.027561244,0.054786535,0.893457293,-0.444941434,0.893457293,-0.444941434,0.027116427,0.055008056
6.402750000000000,0.027563298,0.054787913,0.893448996,-0.444957799,0.893448996,-0.444957799,0.027118311,0.05500953
6.403000000000000,0.027565353,0.054789291,0.893440697,-0.444974164,0.893440697,-0.444974164,0.027120196,0.055011003
6.403250000000001,0.027567407,0.054790667,0.893432399,-0.444990529,0.893432399,-0.444990529,0.027122079,0.055012475
6.403500000000000,0.027569462,0.054792044,0.8934241,-0.445006894,0.8934241,-0.445006894,0.027123963,0.055013947
6.403750000000000,0.027571516,0.054793419,0.8934158,-0.44502326,0.8934158,-0.44502326,0.027125846,0.055015418
6.404000000000001,0.027573571,0.054794794,0.8934075,-0.445039627,0.8934075,-0.445039627,0.027127729,0.055016889
6.404250000000000,0.027575625,0.054796169,0.893399199,-0.445055994,0.893399199,-0.445055994,0.027129612,0.05501836
6.404500000000001,0.02757768,0.054797543,0.893390898,-0.445072361,0.893390898,-0.445072361,0.027131494,0.05501983
6.404750000000001,0.027579734,0.054798916,0.893382596,-0.445088728,0.893382596,-0.445088728,0.027133377,0.055021299
6.405000000000000,0.027581789,0.054800288,0.893374294,-0.445105096,0.893374294,-0.445105096,0.027135258,0.055022768
6.405250000000001,0.027583843,0.05480166,0.893365991,-0.445121464,0.893365991,-0.445121464,0.02713714,0.055024237
6.405500000000000,0.027585898,0.054803032,0.893357688,-0.445137832,0.893357688,-0.445137832,0.027139021,0.055025705
6.405750000000000,0.027587952,0.054804402,0.893349384,-0.445154201,0.893349384,-0.445154201,0.027140902,0.055027173
6.406000000000001,0.027590007,0.054805773,0.893341079,-0.445170571,0.893341079,-0.445170571,0.027142783,0.05502864
6.406250000000000,0.027592062,0.054807142,0.893332775,-0.44518694,0.893332775,-0.44518694,0.027144663,0.055030107
6.406500000000000,0.027594116,0.054808511,0.893324469,-0.44520331,0.893324469,-0.44520331,0.027146543,0.055031574
6.406750000000001,0.027596171,0.054809879,0.893316163,-0.44521968,0.893316163,-0.44521968,0.027148423,0.05503304
6.407000000000000,0.027598226,0.054811247,0.893307857,-0.445236051,0.893307857,-0.445236051,0.027150302,0.055034505
6.407250000000000,0.02760028,0.054812614,0.89329955,-0.445252422,0.89329955,-0.445252422,0.027152181,0.05503597
6.407500000000001,0.027602335,0.05481398,0.893291242,-0.445268794,0.893291242,-0.445268794,0.02715406,0.055037434
6.407750000000000,0.02760439,0.054815345,0.893282934,-0.445285166,0.893282934,-0.445285166,0.027155939,0.055038898
6.408000000000000,0.027606444,0.05481671,0.893274625,-0.445301538,0.893274625,-0.445301538,0.027157817,0.055040362
6.408250000000001,0.027608499,0.054818075,0.893266316,-0.44531791,0.893266316,-0.44531791,0.027159695,0.055041825
6.408500000000000,0.027610554,0.054819439,0.893258006,-0.445334283,0.893258006,-0.445334283,0.027161573,0.055043288
6.408750000000000,0.027612608,0.054820802,0.893249696,-0.445350657,0.893249696,-0.445350657,0.02716345,0.05504475
6.409000000000001,0.027614663,0.054822164,0.893241385,-0.445367031,0.893241385,-0.445367031,0.027165327,0.055046211
6.409250000000000,0.027616718,0.054823526,0.893233074,-0.445383405,0.893233074,-0.445383405,0.027167203,0.055047672
6.409500000000000,0.027618773,0.054824887,0.893224762,-0.445399779,0.893224762,-0.445399779,0.02716908,0.055049133
6.409750000000001,0.027620827,0.054826248,0.89321645,-0.445416154,0.89321645,-0.445416154,0.027170956,0.055050593
6.410000000000000,0.027622882,0.054827607,0.893208137,-0.445432529,0.893208137,-0.445432529,0.027172832,0.055052053
6.410250000000000,0.027624937,0.054828967,0.893199823,-0.445448905,0.893199823,-0.445448905,0.027174707,0.055053512
6.410500000000001,0.027626992,0.054830325,0.893191509,-0.445465281,0.893191509,-0.445465281,0.027176582,0.055054971
6.410750000000000,0.027629046,0.054831683,0.893183195,-0.445481658,0.893183195,-0.445481658,0.027178457,0.055056429
6.411000000000000,0.027631101,0.05483304,0.893174879,-0.445498035,0.893174879,-0.445498035,0.027180331,0.055057887
6.411250000000001,0.027633156,0.054834397,0.893166564,-0.445514412,0.893166564,-0.445514412,0.027182205,0.055059344
6.411500000000000,0.027635211,0.054835753,0.893158248,-0.44553079,0.893158248,-0.44553079,0.027184079,0.055060801
6.411750000000001,0.027637265,0.054837108,0.893149931,-0.445547168,0.893149931,-0.445547168,0.027185953,0.055062257
6.412000000000001,0.02763932,0.054838462,0.893141614,-0.445563546,0.893141614,-0.445563546,0.027187826,0.055063713
6.412250000000000,0.027641375,0.054839816,0.893133296,-0.445579925,0.893133296,-0.445579925,0.027189698,0.055065168
6.412500000000001,0.02764343,0.054841169,0.893124977,-0.445596305,0.893124977,-0.445596305,0.027191571,0.055066623
6.412750000000001,0.027645485,0.054842522,0.893116658,-0.445612684,0.893116658,-0.445612684,0.027193443,0.055068077
6.413000000000000,0.027647539,0.054843874,0.893108339,-0.445629064,0.893108339,-0.445629064,0.027195315,0.055069531
6.413250000000001,0.027649594,0.054845225,0.893100019,-0.445645445,0.893100019,-0.445645445,0.027197186,0.055070984
6.413500000000000,0.027651649,0.054846575,0.893091698,-0.445661826,0.893091698,-0.445661826,0.027199058,0.055072437
6.413750000000000,0.027653704,0.054847925,0.893083377,-0.445678207,0.893083377,-0.445678207,0.027200928,0.055073889
6.414000000000001,0.027655759,0.054849274,0.893075055,-0.445694589,0.893075055,-0.445694589,0.027202799,0.055075341
6.414250000000000,0.027657813,0.054850623,0.893066733,-0.445710971,0.893066733,-0.445710971,0.027204669,0.055076792
6.414500000000000,0.027659868,0.054851971,0.89305841,-0.445727354,0.89305841,-0.445727354,0.027206539,0.055078243
6.414750000000001,0.027661923,0.054853318,0.893050087,-0.445743737,0.893050087,-0.445743737,0.027208408,0.055079693
6.415000000000000,0.027663978,0.054854664,0.893041763,-0.445760121,0.893041763,-0.445760121,0.027210277,0.055081142
6.415250000000000,0.027666033,0.05485601,0.893033439,-0.445776505,0.893033439,-0.445776505,0.027212146,0.055082592
6.415500000000001,0.027668088,0.054857355,0.893025114,-0.445792889,0.893025114,-0.445792889,0.027214015,0.05508404
6.415750000000000,0.027670143,0.054858699,0.893016788,-0.445809274,0.893016788,-0.445809274,0.027215883,0.055085488
6.416000000000000,0.027672197,0.054860043,0.893008462,-0.445825659,0.893008462,-0.445825659,0.02721775,0.055086936
6.416250000000001,0.027674252,0.054861385,0.893000135,-0.445842045,0.893000135,-0.445842045,0.027219618,0.055088383
6.416500000000000,0.027676307,0.054862728,0.892991808,-0.445858431,0.892991808,-0.445858431,0.027221485,0.05508983
6.416750000000000,0.027678362,0.054864069,0.89298348,-0.445874817,0.89298348,-0.445874817,0.027223352,0.055091276
6.417000000000001,0.027680417,0.05486541,0.892975152,-0.445891204,0.892975152,-0.445891204,0.027225218,0.055092721
6.417250000000000,0.027682472,0.05486675,0.892966823,-0.445907592,0.892966823,-0.445907592,0.027227084,0.055094166
6.417500000000000,0.027684526,0.054868089,0.892958493,-0.44592398,0.892958493,-0.44592398,0.027228949,0.055095611
6.417750000000001,0.027686581,0.054869428,0.892950163,-0.445940368,0.892950163,-0.445940368,0.027230815,0.055097055
6.418000000000000,0.027688636,0.054870766,0.892941833,-0.445956757,0.892941833,-0.445956757,0.02723268,0.055098498
6.418250000000000,0.027690691,0.054872103,0.892933501,-0.445973146,0.892933501,-0.445973146,0.027234544,0.055099941
6.418500000000001,0.027692746,0.054873439,0.89292517,-0.445989536,0.89292517,-0.445989536,0.027236408,0.055101383
6.418750000000000,0.027694801,0.054874775,0.892916837,-0.446005926,0.892916837,-0.446005926,0.027238272,0.055102825
6.419000000000000,0.027696856,0.05487611,0.892908504,-0.446022317,0.892908504,-0.446022317,0.027240136,0.055104266
6.419250000000001,0.02769891,0.054877444,0.892900171,-0.446038708,0.892900171,-0.446038708,0.027241999,0.055105707
6.419500000000000,0.027700965,0.054878778,0.892891837,-0.446055099,0.892891837,-0.446055099,0.027243862,0.055107147
6.419750000000001,0.02770302,0.054880111,0.892883502,-0.446071491,0.892883502,-0.446071491,0.027245724,0.055108587
6.420000000000001,0.027705075,0.054881443,0.892875167,-0.446087884,0.892875167,-0.446087884,0.027247586,0.055110026
6.420250000000000,0.02770713,0.054882774,0.892866831,-0.446104276,0.892866831,-0.446104276,0.027249448,0.055111465
6.420500000000001,0.027709185,0.054884105,0.892858495,-0.44612067,0.892858495,-0.44612067,0.027251309,0.055112903
6.420750000000000,0.02771124,0.054885435,0.892850158,-0.446137064,0.892850158,-0.446137064,0.02725317,0.05511434
6.421000000000000,0.027713294,0.054886764,0.892841821,-0.446153458,0.892841821,-0.446153458,0.02725503,0.055115777
6.421250000000001,0.027715349,0.054888092,0.892833483,-0.446169853,0.892833483,-0.446169853,0.02725689,0.055117214
6.421500000000000,0.027717404,0.05488942,0.892825144,-0.446186248,0.892825144,-0.446186248,0.02725875,0.055118649
6.421750000000000,0.027719459,0.054890747,0.892816805,-0.446202644,0.892816805,-0.446202644,0.02726061,0.055120085
6.422000000000001,0.027721514,0.054892073,0.892808465,-0.44621904,0.892808465,-0.44621904,0.027262469,0.055121519
6.422250000000000,0.027723569,0.054893398,0.892800124,-0.446235437,0.892800124,-0.446235437,0.027264327,0.055122954
6.422500000000000,0.027725623,0.054894723,0.892791784,-0.446251834,0.892791784,-0.446251834,0.027266185,0.055124387
6.422750000000001,0.027727678,0.054896047,0.892783442,-0.446268232,0.892783442,-0.446268232,0.027268043,0.05512582
6.423000000000000,0.027729733,0.05489737,0.8927751,-0.44628463,0.8927751,-0.44628463,0.027269901,0.055127253
6.423250000000000,0.027731788,0.054898692,0.892766757,-0.446301028,0.892766757,-0.446301028,0.027271758,0.055128685
6.423500000000001,0.027733843,0.054900014,0.892758414,-0.446317428,0.892758414,-0.446317428,0.027273615,0.055130116
6.423750000000000,0.027735897,0.054901335,0.89275007,-0.446333827,0.89275007,-0.446333827,0.027275471,0.055131547
6.424000000000000,0.027737952,0.054902655,0.892741725,-0.446350227,0.892741725,-0.446350227,0.027277327,0.055132977
6.424250000000001,0.027740007,0.054903974,0.89273338,-0.446366628,0.89273338,-0.446366628,0.027279182,0.055134407
6.424500000000000,0.027742062,0.054905293,0.892725035,-0.446383029,0.892725035,-0.446383029,0.027281037,0.055135836
6.424750000000000,0.027744117,0.05490661,0.892716689,-0.446399431,0.892716689,-0.446399431,0.027282892,0.055137264
6.425000000000001,0.027746171,0.054907927,0.892708342,-0.446415833,0.892708342,-0.446415833,0.027284746,0.055138692
6.425250000000000,0.027748226,0.054909243,0.892699994,-0.446432235,0.892699994,-0.446432235,0.0272866,0.05514012
6.425500000000000,0.027750281,0.054910559,0.892691646,-0.446448639,0.892691646,-0.446448639,0.027288454,0.055141546
6.425750000000001,0.027752336,0.054911873,0.892683298,-0.446465042,0.892683298,-0.446465042,0.027290307,0.055142973
6.426000000000000,0.02775439,0.054913187,0.892674949,-0.446481446,0.892674949,-0.446481446,0.02729216,0.055144398
6.426250000000000,0.027756445,0.0549145,0.892666599,-0.446497851,0.892666599,-0.446497851,0.027294012,0.055145823
6.426500000000001,0.0277585,0.054915812,0.892658248,-0.446514256,0.892658248,-0.446514256,0.027295864,0.055147248
6.426750000000000,0.027760554,0.054917124,0.892649897,-0.446530662,0.892649897,-0.446530662,0.027297715,0.055148672
6.427000000000000,0.027762609,0.054918434,0.892641546,-0.446547068,0.892641546,-0.446547068,0.027299567,0.055150095
6.427250000000001,0.027764664,0.054919744,0.892633194,-0.446563475,0.892633194,-0.446563475,0.027301417,0.055151517
6.427500000000000,0.027766719,0.054921053,0.892624841,-0.446579883,0.892624841,-0.446579883,0.027303267,0.05515294
6.427750000000001,0.027768773,0.054922361,0.892616487,-0.44659629,0.892616487,-0.44659629,0.027305117,0.055154361
6.428000000000001,0.027770828,0.054923669,0.892608133,-0.446612699,0.892608133,-0.446612699,0.027306967,0.055155782
6.428250000000000,0.027772883,0.054924975,0.892599779,-0.446629108,0.892599779,-0.446629108,0.027308816,0.055157202
6.428500000000001,0.027774937,0.054926281,0.892591424,-0.446645517,0.892591424,-0.446645517,0.027310664,0.055158622
6.428750000000000,0.027776992,0.054927586,0.892583068,-0.446661927,0.892583068,-0.446661927,0.027312513,0.055160041
6.429000000000000,0.027779046,0.05492889,0.892574711,-0.446678338,0.892574711,-0.446678338,0.02731436,0.05516146
6.429250000000001,0.027781101,0.054930194,0.892566354,-0.446694749,0.892566354,-0.446694749,0.027316208,0.055162877
6.429500000000000,0.027783156,0.054931496,0.892557997,-0.44671116,0.892557997,-0.44671116,0.027318054,0.055164295
6.429750000000000,0.02778521,0.054932798,0.892549639,-0.446727572,0.892549639,-0.446727572,0.027319901,0.055165711
6.430000000000001,0.027787265,0.054934099,0.89254128,-0.446743985,0.89254128,-0.446743985,0.027321747,0.055167127
6.430250000000000,0.027789319,0.054935399,0.89253292,-0.446760398,0.89253292,-0.446760398,0.027323593,0.055168543
6.430500000000000,0.027791374,0.054936698,0.89252456,-0.446776812,0.89252456,-0.446776812,0.027325438,0.055169958
6.430750000000001,0.027793429,0.054937996,0.8925162,-0.446793227,0.8925162,-0.446793227,0.027327283,0.055171372
6.431000000000000,0.027795483,0.054939294,0.892507838,-0.446809641,0.892507838,-0.446809641,0.027329127,0.055172786
6.431250000000000,0.027797538,0.05494059,0.892499476,-0.446826057,0.892499476,-0.446826057,0.027330971,0.055174198
6.431500000000001,0.027799592,0.054941886,0.892491114,-0.446842473,0.892491114,-0.446842473,0.027332814,0.055175611
6.431750000000000,0.027801647,0.054943181,0.892482751,-0.44685889,0.892482751,-0.44685889,0.027334657,0.055177023
6.432000000000000,0.027803701,0.054944475,0.892474387,-0.446875307,0.892474387,-0.446875307,0.0273365,0.055178434
6.432250000000001,0.027805755,0.054945769,0.892466023,-0.446891725,0.892466023,-0.446891725,0.027338342,0.055179844
6.432500000000000,0.02780781,0.054947061,0.892457658,-0.446908143,0.892457658,-0.446908143,0.027340183,0.055181254
6.432750000000000,0.027809864,0.054948353,0.892449292,-0.446924562,0.892449292,-0.446924562,0.027342025,0.055182663
6.433000000000001,0.027811919,0.054949643,0.892440926,-0.446940981,0.892440926,-0.446940981,0.027343865,0.055184072
6.433250000000000,0.027813973,0.054950933,0.892432559,-0.446957401,0.892432559,-0.446957401,0.027345706,0.05518548
6.433500000000000,0.027816028,0.054952222,0.892424191,-0.446973822,0.892424191,-0.446973822,0.027347545,0.055186887
6.433750000000001,0.027818082,0.05495351,0.892415823,-0.446990243,0.892415823,-0.446990243,0.027349385,0.055188294
6.434000000000000,0.027820136,0.054954797,0.892407454,-0.447006665,0.892407454,-0.447006665,0.027351224,0.0551897
6.434250000000000,0.027822191,0.054956084,0.892399085,-0.447023087,0.892399085,-0.447023087,0.027353062,0.055191105
6.434500000000001,0.027824245,0.054957369,0.892390715,-0.44703951,0.892390715,-0.44703951,0.0273549,0.05519251
6.434750000000000,0.027826299,0.054958654,0.892382344,-0.447055934,0.892382344,-0.447055934,0.027356738,0.055193914
6.435000000000000,0.027828354,0.054959938,0.892373973,-0.447072358,0.892373973,-0.447072358,0.027358575,0.055195317
6.435250000000001,0.027830408,0.05496122,0.892365601,-0.447088783,0.892365601,-0.447088783,0.027360411,0.05519672
6.435500000000000,0.027832462,0.054962502,0.892357229,-0.447105208,0.892357229,-0.447105208,0.027362248,0.055198122
6.435750000000001,0.027834516,0.054963783,0.892348856,-0.447121634,0.892348856,-0.447121634,0.027364083,0.055199524
6.436000000000001,0.027836571,0.054965064,0.892340482,-0.447138061,0.892340482,-0.447138061,0.027365918,0.055200925
6.436250000000000,0.027838625,0.054966343,0.892332107,-0.447154488,0.892332107,-0.447154488,0.027367753,0.055202325
6.436500000000001,0.027840679,0.054967621,0.892323732,-0.447170916,0.892323732,-0.447170916,0.027369587,0.055203724
6.436750000000000,0.027842733,0.054968899,0.892315356,-0.447187345,0.892315356,-0.447187345,0.027371421,0.055205123
6.437000000000000,0.027844787,0.054970175,0.89230698,-0.447203774,0.89230698,-0.447203774,0.027373254,0.055206521
6.437250000000001,0.027846841,0.054971451,0.892298603,-0.447220203,0.892298603,-0.447220203,0.027375087,0.055207919
6.437500000000000,0.027848895,0.054972725,0.892290225,-0.447236634,0.892290225,-0.447236634,0.02737692,0.055209316
6.437750000000000,0.027850949,0.054973999,0.892281847,-0.447253065,0.892281847,-0.447253065,0.027378751,0.055210712
6.438000000000001,0.027853003,0.054975272,0.892273468,-0.447269496,0.892273468,-0.447269496,0.027380583,0.055212107
6.438250000000000,0.027855058,0.054976544,0.892265089,-0.447285928,0.892265089,-0.447285928,0.027382414,0.055213502
6.438500000000000,0.027857112,0.054977815,0.892256708,-0.447302361,0.892256708,-0.447302361,0.027384244,0.055214896
6.438750000000001,0.027859165,0.054979085,0.892248327,-0.447318795,0.892248327,-0.447318795,0.027386074,0.05521629
6.439000000000000,0.027861219,0.054980355,0.892239946,-0.447335229,0.892239946,-0.447335229,0.027387903,0.055217683
6.439250000000000,0.027863273,0.054981623,0.892231564,-0.447351664,0.892231564,-0.447351664,0.027389732,0.055219075
6.439500000000001,0.027865327,0.05498289,0.892223181,-0.447368099,0.892223181,-0.447368099,0.02739156,0.055220466
6.439750000000000,0.027867381,0.054984156,0.892214797,-0.447384535,0.892214797,-0.447384535,0.027393388,0.055221857
6.440000000000000,0.027869435,0.054985422,0.892206413,-0.447400972,0.892206413,-0.447400972,0.027395216,0.055223247
6.440250000000001,0.027871489,0.054986686,0.892198028,-0.447417409,0.892198028,-0.447417409,0.027397043,0.055224636
6.440500000000000,0.027873543,0.05498795,0.892189643,-0.447433847,0.892189643,-0.447433847,0.027398869,0.055226025
6.440750000000000,0.027875597,0.054989213,0.892181257,-0.447450286,0.892181257,-0.447450286,0.027400695,0.055227413
6.441000000000001,0.02787765,0.054990474,0.89217287,-0.447466725,0.89217287,-0.447466725,0.02740252,0.0552288
6.441250000000000,0.027879704,0.054991735,0.892164482,-0.447483165,0.892164482,-0.447483165,0.027404345,0.055230186
6.441500000000000,0.027881758,0.054992995,0.892156094,-0.447499606,0.892156094,-0.447499606,0.027406169,0.055231572
6.441750000000001,0.027883811,0.054994253,0.892147705,-0.447516047,0.892147705,-0.447516047,0.027407993,0.055232957
6.442000000000000,0.027885865,0.054995511,0.892139316,-0.447532489,0.892139316,-0.447532489,0.027409816,0.055234342
6.442250000000000,0.027887919,0.054996768,0.892130926,-0.447548932,0.892130926,-0.447548932,0.027411639,0.055235725
6.442500000000001,0.027889972,0.054998024,0.892122535,-0.447565376,0.892122535,-0.447565376,0.027413461,0.055237108
6.442750000000000,0.027892026,0.054999279,0.892114144,-0.44758182,0.892114144,-0.44758182,0.027415283,0.055238491
6.443000000000001,0.027894079,0.055000533,0.892105752,-0.447598264,0.892105752,-0.447598264,0.027417104,0.055239872
6.443250000000001,0.027896133,0.055001785,0.892097359,-0.44761471,0.892097359,-0.44761471,0.027418925,0.055241253
6.443500000000000,0.027898186,0.055003037,0.892088965,-0.447631156,0.892088965,-0.447631156,0.027420745,0.055242633
6.443750000000001,0.02790024,0.055004288,0.892080571,-0.447647603,0.892080571,-0.447647603,0.027422564,0.055244012
6.444000000000001,0.027902293,0.055005538,0.892072176,-0.44766405,0.892072176,-0.44766405,0.027424384,0.055245391
6.444250000000000,0.027904347,0.055006787,0.892063781,-0.447680499,0.892063781,-0.447680499,0.027426202,0.055246769
6.444500000000001,0.0279064,0.055008035,0.892055384,-0.447696948,0.892055384,-0.447696948,0.02742802,0.055248146
6.444750000000000,0.027908454,0.055009282,0.892046988,-0.447713397,0.892046988,-0.447713397,0.027429837,0.055249523
6.445000000000000,0.027910507,0.055010528,0.89203859,-0.447729848,0.89203859,-0.447729848,0.027431654,0.055250898
6.445250000000001,0.02791256,0.055011773,0.892030192,-0.447746299,0.892030192,-0.447746299,0.027433471,0.055252273
6.445500000000000,0.027914613,0.055013017,0.892021793,-0.44776275,0.892021793,-0.44776275,0.027435286,0.055253647
6.445750000000000,0.027916667,0.05501426,0.892013393,-0.447779203,0.892013393,-0.447779203,0.027437102,0.055255021
6.446000000000001,0.02791872,0.055015501,0.892004993,-0.447795656,0.892004993,-0.447795656,0.027438916,0.055256394
6.446250000000000,0.027920773,0.055016742,0.891996592,-0.44781211,0.891996592,-0.44781211,0.02744073,0.055257766
6.446500000000000,0.027922826,0.055017982,0.89198819,-0.447828565,0.89198819,-0.447828565,0.027442544,0.055259137
6.446750000000001,0.027924879,0.055019221,0.891979788,-0.44784502,0.891979788,-0.44784502,0.027444357,0.055260507
6.447000000000000,0.027926932,0.055020459,0.891971385,-0.447861476,0.891971385,-0.447861476,0.027446169,0.055261877
6.447250000000000,0.027928985,0.055021695,0.891962981,-0.447877933,0.891962981,-0.447877933,0.027447981,0.055263246
6.447500000000001,0.027931038,0.055022931,0.891954577,-0.447894391,0.891954577,-0.447894391,0.027449792,0.055264614
6.447750000000000,0.027933091,0.055024166,0.891946171,-0.447910849,0.891946171,-0.447910849,0.027451603,0.055265981
6.448000000000000,0.027935144,0.055025399,0.891937766,-0.447927308,0.891937766,-0.447927308,0.027453413,0.055267348
6.448250000000001,0.027937197,0.055026632,0.891929359,-0.447943768,0.891929359,-0.447943768,0.027455223,0.055268714
6.448500000000000,0.02793925,0.055027863,0.891920952,-0.447960229,0.891920952,-0.447960229,0.027457032,0.055270079
6.448750000000000,0.027941303,0.055029093,0.891912544,-0.44797669,0.891912544,-0.44797669,0.02745884,0.055271443
6.449000000000001,0.027943355,0.055030323,0.891904135,-0.447993152,0.891904135,-0.447993152,0.027460648,0.055272807
6.449250000000000,0.027945408,0.055031551,0.891895726,-0.448009615,0.891895726,-0.448009615,0.027462455,0.05527417
6.449500000000000,0.027947461,0.055032778,0.891887316,-0.448026079,0.891887316,-0.448026079,0.027464262,0.055275532
6.449750000000001,0.027949513,0.055034004,0.891878905,-0.448042544,0.891878905,-0.448042544,0.027466068,0.055276893
6.450000000000000,0.027951566,0.055035229,0.891870493,-0.448059009,0.891870493,-0.448059009,0.027467874,0.055278253
6.450250000000000,0.027953619,0.055036453,0.891862081,-0.448075475,0.891862081,-0.448075475,0.027469678,0.055279613
6.450500000000001,0.027955671,0.055037676,0.891853668,-0.448091942,0.891853668,-0.448091942,0.027471483,0.055280972
6.450750000000000,0.027957724,0.055038898,0.891845255,-0.448108409,0.891845255,-0.448108409,0.027473286,0.05528233
6.451000000000001,0.027959776,0.055040119,0.89183684,-0.448124878,0.89183684,-0.448124878,0.027475089,0.055283687
6.451250000000001,0.027961828,0.055041338,0.891828425,-0.448141347,0.891828425,-0.448141347,0.027476892,0.055285043
6.451500000000000,0.027963881,0.055042557,0.891820009,-0.448157817,0.891820009,-0.448157817,0.027478694,0.055286399
6.451750000000001,0.027965933,0.055043774,0.891811593,-0.448174287,0.891811593,-0.448174287,0.027480495,0.055287754
6.452000000000001,0.027967985,0.05504499,0.891803176,-0.448190759,0.891803176,-0.448190759,0.027482296,0.055289108
6.452250000000000,0.027970038,0.055046205,0.891794758,-0.448207231,0.891794758,-0.448207231,0.027484096,0.055290461
6.452500000000001,0.02797209,0.055047419,0.891786339,-0.448223704,0.891786339,-0.448223704,0.027485895,0.055291813
6.452750000000000,0.027974142,0.055048632,0.891777919,-0.448240178,0.891777919,-0.448240178,0.027487694,0.055293165
6.453000000000000,0.027976194,0.055049844,0.891769499,-0.448256653,0.891769499,-0.448256653,0.027489492,0.055294515
6.453250000000001,0.027978246,0.055051055,0.891761078,-0.448273129,0.891761078,-0.448273129,0.02749129,0.055295865
6.453500000000000,0.027980298,0.055052264,0.891752657,-0.448289605,0.891752657,-0.448289605,0.027493087,0.055297214
6.453750000000000,0.02798235,0.055053473,0.891744234,-0.448306083,0.891744234,-0.448306083,0.027494883,0.055298562
6.454000000000001,0.027984402,0.05505468,0.891735811,-0.448322561,0.891735811,-0.448322561,0.027496679,0.05529991
6.454250000000000,0.027986454,0.055055886,0.891727387,-0.44833904,0.891727387,-0.44833904,0.027498474,0.055301256
6.454500000000000,0.027988506,0.055057091,0.891718963,-0.448355519,0.891718963,-0.448355519,0.027500268,0.055302602
6.454750000000001,0.027990558,0.055058295,0.891710537,-0.448372,0.891710537,-0.448372,0.027502062,0.055303947
6.455000000000000,0.027992609,0.055059497,0.891702111,-0.448388482,0.891702111,-0.448388482,0.027503855,0.055305291
6.455250000000000,0.027994661,0.055060699,0.891693685,-0.448404964,0.891693685,-0.448404964,0.027505647,0.055306634
6.455500000000001,0.027996713,0.055061899,0.891685257,-0.448421447,0.891685257,-0.448421447,0.027507439,0.055307976
6.455750000000000,0.027998764,0.055063098,0.891676829,-0.448437931,0.891676829,-0.448437931,0.02750923,0.055309318
6.456000000000000,0.028000816,0.055064296,0.8916684,-0.448454416,0.8916684,-0.448454416,0.027511021,0.055310658
6.456250000000001,0.028002867,0.055065493,0.89165997,-0.448470902,0.89165997,-0.448470902,0.027512811,0.055311998
6.456500000000000,0.028004919,0.055066688,0.891651539,-0.448487388,0.891651539,-0.448487388,0.0275146,0.055313337
6.456750000000000,0.02800697,0.055067883,0.891643108,-0.448503876,0.891643108,-0.448503876,0.027516388,0.055314675
6.457000000000001,0.028009022,0.055069076,0.891634676,-0.448520364,0.891634676,-0.448520364,0.027518176,0.055316012
6.457250000000000,0.028011073,0.055070268,0.891626243,-0.448536854,0.891626243,-0.448536854,0.027519963,0.055317348
6.457500000000000,0.028013124,0.055071459,0.89161781,-0.448553344,0.89161781,-0.448553344,0.02752175,0.055318684
6.457750000000001,0.028015175,0.055072648,0.891609375,-0.448569835,0.891609375,-0.448569835,0.027523536,0.055320018
6.458000000000000,0.028017227,0.055073837,0.89160094,-0.448586327,0.89160094,-0.448586327,0.027525321,0.055321352
6.458250000000000,0.028019278,0.055075024,0.891592504,-0.448602819,0.891592504,-0.448602819,0.027527105,0.055322684
6.458500000000001,0.028021329,0.05507621,0.891584068,-0.448619313,0.891584068,-0.448619313,0.027528889,0.055324016
6.458750000000000,0.02802338,0.055077395,0.89157563,-0.448635808,0.89157563,-0.448635808,0.027530672,0.055325347
6.459000000000001,0.028025431,0.055078578,0.891567192,-0.448652303,0.891567192,-0.448652303,0.027532455,0.055326677
6.459250000000001,0.028027481,0.05507976,0.891558753,-0.4486688,0.891558753,-0.4486688,0.027534236,0.055328006
6.459500000000000,0.028029532,0.055080942,0.891550313,-0.448685297,0.891550313,-0.448685297,0.027536017,0.055329334
6.459750000000001,0.028031583,0.055082121,0.891541873,-0.448701795,0.891541873,-0.448701795,0.027537798,0.055330662
6.460000000000000,0.028033634,0.0550833,0.891533431,-0.448718295,0.891533431,-0.448718295,0.027539577,0.055331988
6.460250000000000,0.028035684,0.055084477,0.891524989,-0.448734795,0.891524989,-0.448734795,0.027541356,0.055333314
6.460500000000001,0.028037735,0.055085653,0.891516546,-0.448751296,0.891516546,-0.448751296,0.027543135,0.055334638
6.460750000000000,0.028039786,0.055086828,0.891508103,-0.448767798,0.891508103,-0.448767798,0.027544912,0.055335962
6.461000000000000,0.028041836,0.055088002,0.891499658,-0.448784301,0.891499658,-0.448784301,0.027546689,0.055337285
6.461250000000001,0.028043886,0.055089174,0.891491213,-0.448800805,0.891491213,-0.448800805,0.027548465,0.055338607
6.461500000000000,0.028045937,0.055090345,0.891482767,-0.44881731,0.891482767,-0.44881731,0.02755024,0.055339927
6.461750000000000,0.028047987,0.055091514,0.89147432,-0.448833815,0.89147432,-0.448833815,0.027552015,0.055341247
6.462000000000001,0.028050037,0.055092683,0.891465873,-0.448850322,0.891465873,-0.448850322,0.027553789,0.055342566
6.462250000000000,0.028052087,0.05509385,0.891457424,-0.44886683,0.891457424,-0.44886683,0.027555562,0.055343884
6.462500000000000,0.028054138,0.055095016,0.891448975,-0.448883339,0.891448975,-0.448883339,0.027557335,0.055345202
6.462750000000001,0.028056188,0.05509618,0.891440525,-0.448899848,0.891440525,-0.448899848,0.027559107,0.055346518
6.463000000000000,0.028058238,0.055097344,0.891432074,-0.448916359,0.891432074,-0.448916359,0.027560878,0.055347833
6.463250000000000,0.028060288,0.055098505,0.891423623,-0.44893287,0.891423623,-0.44893287,0.027562648,0.055349147
6.463500000000001,0.028062337,0.055099666,0.89141517,-0.448949383,0.89141517,-0.448949383,0.027564417,0.055350461
6.463750000000000,0.028064387,0.055100825,0.891406717,-0.448965897,0.891406717,-0.448965897,0.027566186,0.055351773
6.464000000000000,0.028066437,0.055101983,0.891398263,-0.448982411,0.891398263,-0.448982411,0.027567954,0.055353084
6.464250000000001,0.028068487,0.05510314,0.891389808,-0.448998927,0.891389808,-0.448998927,0.027569721,0.055354395
6.464500000000000,0.028070536,0.055104295,0.891381353,-0.449015443,0.891381353,-0.449015443,0.027571488,0.055355704
6.464750000000000,0.028072586,0.055105449,0.891372896,-0.449031961,0.891372896,-0.449031961,0.027573254,0.055357013
6.465000000000001,0.028074635,0.055106602,0.891364439,-0.44904848,0.891364439,-0.44904848,0.027575019,0.05535832
6.465250000000000,0.028076685,0.055107753,0.891355981,-0.449064999,0.891355981,-0.449064999,0.027576783,0.055359627
6.465500000000000,0.028078734,0.055108903,0.891347522,-0.44908152,0.891347522,-0.44908152,0.027578546,0.055360932
6.465750000000001,0.028080783,0.055110052,0.891339062,-0.449098042,0.891339062,-0.449098042,0.027580309,0.055362237
6.466000000000000,0.028082832,0.055111199,0.891330602,-0.449114564,0.891330602,-0.449114564,0.027582071,0.05536354
6.466250000000000,0.028084881,0.055112345,0.89132214,-0.449131088,0.89132214,-0.449131088,0.027583832,0.055364843
6.466500000000001,0.028086931,0.055113489,0.891313678,-0.449147613,0.891313678,-0.449147613,0.027585592,0.055366145
6.466750000000000,0.028088979,0.055114632,0.891305215,-0.449164139,0.891305215,-0.449164139,0.027587352,0.055367445
6.467000000000001,0.028091028,0.055115774,0.891296751,-0.449180666,0.891296751,-0.449180666,0.027589111,0.055368745
6.467250000000001,0.028093077,0.055116914,0.891288287,-0.449197193,0.891288287,-0.449197193,0.027590869,0.055370043
6.467500000000000,0.028095126,0.055118053,0.891279821,-0.449213722,0.891279821,-0.449213722,0.027592626,0.055371341
6.467750000000001,0.028097175,0.055119191,0.891271355,-0.449230253,0.891271355,-0.449230253,0.027594382,0.055372637
6.468000000000000,0.028099223,0.055120327,0.891262887,-0.449246784,0.891262887,-0.449246784,0.027596138,0.055373933
6.468250000000000,0.028101272,0.055121461,0.891254419,-0.449263316,0.891254419,-0.449263316,0.027597893,0.055375227
6.468500000000001,0.02810332,0.055122595,0.89124595,-0.449279849,0.89124595,-0.449279849,0.027599647,0.05537652
6.468750000000000,0.028105369,0.055123727,0.89123748,-0.449296383,0.89123748,-0.449296383,0.0276014,0.055377813
6.469000000000000,0.028107417,0.055124857,0.89122901,-0.449312919,0.89122901,-0.449312919,0.027603152,0.055379104
6.469250000000001,0.028109465,0.055125986,0.891220538,-0.449329455,0.891220538,-0.449329455,0.027604904,0.055380394
6.469500000000000,0.028111513,0.055127114,0.891212066,-0.449345993,0.891212066,-0.449345993,0.027606654,0.055381684
6.469750000000000,0.028113561,0.05512824,0.891203593,-0.449362532,0.891203593,-0.449362532,0.027608404,0.055382972
6.470000000000001,0.028115609,0.055129364,0.891195119,-0.449379072,0.891195119,-0.449379072,0.027610153,0.055384259
6.470250000000000,0.028117657,0.055130487,0.891186644,-0.449395613,0.891186644,-0.449395613,0.027611901,0.055385545
6.470500000000000,0.028119705,0.055131609,0.891178168,-0.449412155,0.891178168,-0.449412155,0.027613649,0.05538683
6.470750000000001,0.028121753,0.055132729,0.891169691,-0.449428698,0.891169691,-0.449428698,0.027615395,0.055388114
6.471000000000000,0.028123801,0.055133848,0.891161214,-0.449445242,0.891161214,-0.449445242,0.027617141,0.055389397
6.471250000000000,0.028125848,0.055134966,0.891152735,-0.449461788,0.891152735,-0.449461788,0.027618886,0.055390679
6.471500000000001,0.028127896,0.055136081,0.891144256,-0.449478335,0.891144256,-0.449478335,0.02762063,0.055391959
6.471750000000000,0.028129943,0.055137196,0.891135776,-0.449494882,0.891135776,-0.449494882,0.027622373,0.055393239
6.472000000000000,0.028131991,0.055138309,0.891127295,-0.449511431,0.891127295,-0.449511431,0.027624115,0.055394517
6.472250000000001,0.028134038,0.05513942,0.891118813,-0.449527981,0.891118813,-0.449527981,0.027625856,0.055395795
6.472500000000000,0.028136085,0.05514053,0.89111033,-0.449544533,0.89111033,-0.449544533,0.027627597,0.055397071
6.472750000000000,0.028138132,0.055141638,0.891101846,-0.449561085,0.891101846,-0.449561085,0.027629336,0.055398346
6.473000000000001,0.028140179,0.055142745,0.891093362,-0.449577639,0.891093362,-0.449577639,0.027631075,0.05539962
6.473250000000000,0.028142226,0.05514385,0.891084876,-0.449594193,0.891084876,-0.449594193,0.027632813,0.055400893
6.473500000000000,0.028144273,0.055144954,0.89107639,-0.449610749,0.89107639,-0.449610749,0.02763455,0.055402165
6.473750000000001,0.02814632,0.055146056,0.891067903,-0.449627306,0.891067903,-0.449627306,0.027636286,0.055403436
6.474000000000000,0.028148366,0.055147157,0.891059415,-0.449643865,0.891059415,-0.449643865,0.027638021,0.055404706
6.474250000000001,0.028150413,0.055148256,0.891050925,-0.449660424,0.891050925,-0.449660424,0.027639755,0.055405974
6.474500000000001,0.028152459,0.055149353,0.891042435,-0.449676985,0.891042435,-0.449676985,0.027641489,0.055407242
6.474750000000000,0.028154506,0.055150449,0.891033945,-0.449693547,0.891033945,-0.449693547,0.027643221,0.055408508
6.475000000000001,0.028156552,0.055151543,0.891025453,-0.44971011,0.891025453,-0.44971011,0.027644953,0.055409773
6.475250000000001,0.028158598,0.055152636,0.89101696,-0.449726675,0.89101696,-0.449726675,0.027646683,0.055411037
6.475500000000000,0.028160644,0.055153728,0.891008466,-0.44974324,0.891008466,-0.44974324,0.027648413,0.0554123
6.475750000000001,0.02816269,0.055154817,0.890999972,-0.449759807,0.890999972,-0.449759807,0.027650142,0.055413561
6.476000000000000,0.028164736,0.055155905,0.890991476,-0.449776375,0.890991476,-0.449776375,0.02765187,0.055414822
6.476250000000000,0.028166782,0.055156992,0.89098298,-0.449792944,0.89098298,-0.449792944,0.027653597,0.055416081
6.476500000000001,0.028168828,0.055158076,0.890974483,-0.449809515,0.890974483,-0.449809515,0.027655323,0.055417339
6.476750000000000,0.028170873,0.05515916,0.890965984,-0.449826087,0.890965984,-0.449826087,0.027657048,0.055418596
6.477000000000000,0.028172919,0.055160241,0.890957485,-0.44984266,0.890957485,-0.44984266,0.027658772,0.055419852
6.477250000000001,0.028174964,0.055161321,0.890948985,-0.449859234,0.890948985,-0.449859234,0.027660495,0.055421107
6.477500000000000,0.02817701,0.055162399,0.890940484,-0.44987581,0.890940484,-0.44987581,0.027662217,0.05542236
6.477750000000000,0.028179055,0.055163476,0.890931982,-0.449892387,0.890931982,-0.449892387,0.027663939,0.055423612
6.478000000000001,0.0281811,0.055164551,0.890923479,-0.449908965,0.890923479,-0.449908965,0.027665659,0.055424863
6.478250000000000,0.028183145,0.055165625,0.890914975,-0.449925545,0.890914975,-0.449925545,0.027667378,0.055426113
6.478500000000000,0.02818519,0.055166696,0.890906471,-0.449942126,0.890906471,-0.449942126,0.027669097,0.055427362
6.478750000000001,0.028187235,0.055167766,0.890897965,-0.449958708,0.890897965,-0.449958708,0.027670814,0.055428609
6.479000000000000,0.028189279,0.055168835,0.890889458,-0.449975291,0.890889458,-0.449975291,0.02767253,0.055429855
6.479250000000000,0.028191324,0.055169901,0.89088095,-0.449991876,0.89088095,-0.449991876,0.027674246,0.0554311
6.479500000000001,0.028193368,0.055170966,0.890872442,-0.450008462,0.890872442,-0.450008462,0.02767596,0.055432344
6.479750000000000,0.028195413,0.05517203,0.890863932,-0.45002505,0.890863932,-0.45002505,0.027677674,0.055433587
6.480000000000000,0.028197457,0.055173091,0.890855422,-0.450041638,0.890855422,-0.450041638,0.027679386,0.055434828
6.480250000000001,0.028199501,0.055174151,0.89084691,-0.450058229,0.89084691,-0.450058229,0.027681098,0.055436068
6.480500000000000,0.028201545,0.055175209,0.890838398,-0.45007482,0.890838398,-0.45007482,0.027682808,0.055437307
6.480750000000000,0.028203589,0.055176265,0.890829884,-0.450091413,0.890829884,-0.450091413,0.027684517,0.055438544
6.481000000000001,0.028205633,0.05517732,0.89082137,-0.450108007,0.89082137,-0.450108007,0.027686226,0.05543978
6.481250000000000,0.028207677,0.055178373,0.890812854,-0.450124603,0.890812854,-0.450124603,0.027687933,0.055441015
6.481500000000000,0.028209721,0.055179424,0.890804338,-0.4501412,0.890804338,-0.4501412,0.02768964,0.055442249
6.481750000000001,0.028211764,0.055180474,0.890795821,-0.450157798,0.890795821,-0.450157798,0.027691345,0.055443481
6.482000000000000,0.028213808,0.055181521,0.890787302,-0.450174398,0.890787302,-0.450174398,0.027693049,0.055444713
6.482250000000001,0.028215851,0.055182567,0.890778783,-0.450190999,0.890778783,-0.450190999,0.027694752,0.055445942
6.482500000000001,0.028217894,0.055183611,0.890770263,-0.450207601,0.890770263,-0.450207601,0.027696455,0.055447171
6.482750000000000,0.028219937,0.055184654,0.890761741,-0.450224205,0.890761741,-0.450224205,0.027698156,0.055448398
6.483000000000001,0.02822198,0.055185694,0.890753219,-0.450240811,0.890753219,-0.450240811,0.027699856,0.055449624
6.483250000000001,0.028224023,0.055186733,0.890744695,-0.450257417,0.890744695,-0.450257417,0.027701555,0.055450849
6.483500000000000,0.028226066,0.05518777,0.890736171,-0.450274026,0.890736171,-0.450274026,0.027703253,0.055452072
6.483750000000001,0.028228108,0.055188805,0.890727646,-0.450290635,0.890727646,-0.450290635,0.02770495,0.055453294
6.484000000000000,0.028230151,0.055189838,0.890719119,-0.450307246,0.890719119,-0.450307246,0.027706646,0.055454515
6.484250000000000,0.028232193,0.05519087,0.890710592,-0.450323859,0.890710592,-0.450323859,0.02770834,0.055455734
6.484500000000001,0.028234235,0.055191899,0.890702064,-0.450340473,0.890702064,-0.450340473,0.027710034,0.055456952
6.484750000000000,0.028236278,0.055192927,0.890693534,-0.450357088,0.890693534,-0.450357088,0.027711727,0.055458169
6.485000000000000,0.02823832,0.055193953,0.890685004,-0.450373705,0.890685004,-0.450373705,0.027713418,0.055459384
6.485250000000001,0.028240361,0.055194977,0.890676472,-0.450390324,0.890676472,-0.450390324,0.027715108,0.055460598
6.485500000000000,0.028242403,0.055195999,0.89066794,-0.450406944,0.89066794,-0.450406944,0.027716798,0.055461811
6.485750000000000,0.028244445,0.055197019,0.890659406,-0.450423565,0.890659406,-0.450423565,0.027718486,0.055463022
6.486000000000001,0.028246486,0.055198038,0.890650872,-0.450440188,0.890650872,-0.450440188,0.027720173,0.055464232
6.486250000000000,0.028248528,0.055199054,0.890642336,-0.450456813,0.890642336,-0.450456813,0.027721859,0.055465441
6.486500000000000,0.028250569,0.055200069,0.890633799,-0.450473439,0.890633799,-0.450473439,0.027723544,0.055466648
6.486750000000001,0.02825261,0.055201081,0.890625261,-0.450490066,0.890625261,-0.450490066,0.027725227,0.055467854
6.487000000000000,0.028254651,0.055202092,0.890616723,-0.450506695,0.890616723,-0.450506695,0.02772691,0.055469058
6.487250000000000,0.028256692,0.055203101,0.890608183,-0.450523326,0.890608183,-0.450523326,0.027728591,0.055470261
6.487500000000001,0.028258733,0.055204108,0.890599642,-0.450539958,0.890599642,-0.450539958,0.027730271,0.055471462
6.487750000000000,0.028260773,0.055205113,0.8905911,-0.450556591,0.8905911,-0.450556591,0.02773195,0.055472663
6.488000000000000,0.028262814,0.055206116,0.890582557,-0.450573227,0.890582557,-0.450573227,0.027733628,0.055473861
6.488250000000001,0.028264854,0.055207117,0.890574013,-0.450589863,0.890574013,-0.450589863,0.027735305,0.055475059
6.488500000000000,0.028266894,0.055208116,0.890565468,-0.450606502,0.890565468,-0.450606502,0.027736981,0.055476254
6.488750000000000,0.028268934,0.055209113,0.890556922,-0.450623142,0.890556922,-0.450623142,0.027738655,0.055477449
6.489000000000001,0.028270974,0.055210108,0.890548374,-0.450639783,0.890548374,-0.450639783,0.027740328,0.055478642
6.489250000000000,0.028273014,0.055211101,0.890539826,-0.450656427,0.890539826,-0.450656427,0.027742,0.055479833
6.489500000000000,0.028275054,0.055212092,0.890531276,-0.450673071,0.890531276,-0.450673071,0.027743671,0.055481023
6.489750000000001,0.028277093,0.055213081,0.890522726,-0.450689718,0.890522726,-0.450689718,0.027745341,0.055482212
6.490000000000000,0.028279132,0.055214068,0.890514174,-0.450706366,0.890514174,-0.450706366,0.027747009,0.055483399
6.490250000000001,0.028281172,0.055215053,0.890505621,-0.450723015,0.890505621,-0.450723015,0.027748676,0.055484585
6.490500000000001,0.028283211,0.055216036,0.890497067,-0.450739667,0.890497067,-0.450739667,0.027750342,0.055485769
6.490750000000000,0.02828525,0.055217016,0.890488512,-0.45075632,0.890488512,-0.45075632,0.027752007,0.055486952
6.491000000000001,0.028287288,0.055217995,0.890479956,-0.450772974,0.890479956,-0.450772974,0.027753671,0.055488133
6.491250000000000,0.028289327,0.055218972,0.890471399,-0.450789631,0.890471399,-0.450789631,0.027755333,0.055489313
6.491500000000000,0.028291366,0.055219947,0.890462841,-0.450806289,0.890462841,-0.450806289,0.027756994,0.055490491
6.491750000000001,0.028293404,0.055220919,0.890454281,-0.450822948,0.890454281,-0.450822948,0.027758654,0.055491667
6.492000000000000,0.028295442,0.05522189,0.890445721,-0.45083961,0.890445721,-0.45083961,0.027760312,0.055492843
6.492250000000000,0.02829748,0.055222858,0.890437159,-0.450856273,0.890437159,-0.450856273,0.02776197,0.055494016
6.492500000000001,0.028299518,0.055223824,0.890428596,-0.450872938,0.890428596,-0.450872938,0.027763626,0.055495188
6.492750000000000,0.028301556,0.055224788,0.890420033,-0.450889604,0.890420033,-0.450889604,0.02776528,0.055496359
6.493000000000000,0.028303593,0.05522575,0.890411467,-0.450906272,0.890411467,-0.450906272,0.027766934,0.055497528
6.493250000000001,0.028305631,0.05522671,0.890402901,-0.450922942,0.890402901,-0.450922942,0.027768586,0.055498695
6.493500000000000,0.028307668,0.055227668,0.890394334,-0.450939614,0.890394334,-0.450939614,0.027770237,0.055499861
6.493750000000000,0.028309705,0.055228623,0.890385765,-0.450956287,0.890385765,-0.450956287,0.027771886,0.055501025
6.494000000000001,0.028311742,0.055229576,0.890377196,-0.450972963,0.890377196,-0.450972963,0.027773535,0.055502188
6.494250000000000,0.028313779,0.055230527,0.890368625,-0.45098964,0.890368625,-0.45098964,0.027775182,0.055503349
6.494500000000000,0.028315816,0.055231476,0.890360053,-0.451006318,0.890360053,-0.451006318,0.027776827,0.055504509
6.494750000000001,0.028317852,0.055232423,0.89035148,-0.451022999,0.89035148,-0.451022999,0.027778472,0.055505667
6.495000000000000,0.028319888,0.055233367,0.890342905,-0.451039681,0.890342905,-0.451039681,0.027780115,0.055506823
6.495250000000000,0.028321925,0.05523431,0.89033433,-0.451056366,0.89033433,-0.451056366,0.027781756,0.055507978
6.495500000000001,0.028323961,0.05523525,0.890325753,-0.451073052,0.890325753,-0.451073052,0.027783397,0.055509131
6.495750000000000,0.028325996,0.055236187,0.890317175,-0.451089739,0.890317175,-0.451089739,0.027785036,0.055510282
6.496000000000000,0.028328032,0.055237123,0.890308596,-0.451106429,0.890308596,-0.451106429,0.027786673,0.055511432
6.496250000000001,0.028330068,0.055238056,0.890300016,-0.451123121,0.890300016,-0.451123121,0.02778831,0.05551258
6.496500000000000,0.028332103,0.055238987,0.890291434,-0.451139814,0.890291434,-0.451139814,0.027789945,0.055513727
6.496750000000000,0.028334138,0.055239916,0.890282852,-0.451156509,0.890282852,-0.451156509,0.027791578,0.055514872
6.497000000000001,0.028336173,0.055240842,0.890274268,-0.451173206,0.890274268,-0.451173206,0.02779321,0.055516015
6.497250000000000,0.028338208,0.055241766,0.890265683,-0.451189905,0.890265683,-0.451189905,0.027794841,0.055517156
6.497500000000000,0.028340242,0.055242688,0.890257097,-0.451206606,0.890257097,-0.451206606,0.02779647,0.055518296
6.497750000000001,0.028342277,0.055243607,0.890248509,-0.451223309,0.890248509,-0.451223309,0.027798098,0.055519434
6.498000000000000,0.028344311,0.055244524,0.89023992,-0.451240014,0.89023992,-0.451240014,0.027799725,0.055520571
6.498250000000001,0.028346345,0.055245439,0.89023133,-0.451256721,0.89023133,-0.451256721,0.02780135,0.055521706
6.498500000000001,0.028348379,0.055246351,0.890222739,-0.451273429,0.890222739,-0.451273429,0.027802973,0.055522839
6.498750000000000,0.028350413,0.055247261,0.890214147,-0.45129014,0.890214147,-0.45129014,0.027804596,0.05552397
6.499000000000001,0.028352447,0.055248168,0.890205553,-0.451306852,0.890205553,-0.451306852,0.027806216,0.055525099
6.499250000000000,0.02835448,0.055249073,0.890196958,-0.451323567,0.890196958,-0.451323567,0.027807836,0.055526227
6.499500000000000,0.028356513,0.055249976,0.890188362,-0.451340283,0.890188362,-0.451340283,0.027809454,0.055527353
6.499750000000001,0.028358546,0.055250876,0.890179765,-0.451357002,0.890179765,-0.451357002,0.02781107,0.055528478
6.500000000000000,0.028360579,0.055251774,0.890171166,-0.451373722,0.890171166,-0.451373722,0.027812685,0.0555296
6.500250000000000,0.028362612,0.055252669,0.890162566,-0.451390444,0.890162566,-0.451390444,0.027814298,0.055530721
6.500500000000001,0.028364644,0.055253562,0.890153965,-0.451407169,0.890153965,-0.451407169,0.02781591,0.05553184
6.500750000000000,0.028366676,0.055254453,0.890145362,-0.451423895,0.890145362,-0.451423895,0.027817521,0.055532957
6.501000000000000,0.028368708,0.055255341,0.890136759,-0.451440624,0.890136759,-0.451440624,0.02781913,0.055534073
6.501250000000001,0.02837074,0.055256226,0.890128154,-0.451457354,0.890128154,-0.451457354,0.027820737,0.055535186
6.501500000000000,0.028372772,0.055257109,0.890119547,-0.451474087,0.890119547,-0.451474087,0.027822343,0.055536298
6.501750000000000,0.028374804,0.05525799,0.89011094,-0.451490822,0.89011094,-0.451490822,0.027823948,0.055537408
6.502000000000001,0.028376835,0.055258867,0.890102331,-0.451507559,0.890102331,-0.451507559,0.027825551,0.055538516
6.502250000000000,0.028378866,0.055259743,0.890093721,-0.451524297,0.890093721,-0.451524297,0.027827152,0.055539623
6.502500000000000,0.028380897,0.055260616,0.890085109,-0.451541038,0.890085109,-0.451541038,0.027828752,0.055540727
6.502750000000001,0.028382928,0.055261486,0.890076496,-0.451557782,0.890076496,-0.451557782,0.02783035,0.05554183
6.503000000000000,0.028384958,0.055262353,0.890067882,-0.451574527,0.890067882,-0.451574527,0.027831947,0.05554293
6.503250000000000,0.028386988,0.055263218,0.890059267,-0.451591274,0.890059267,-0.451591274,0.027833542,0.055544029
6.503500000000001,0.028389018,0.055264081,0.89005065,-0.451608024,0.89005065,-0.451608024,0.027835135,0.055545126
6.503750000000000,0.028391048,0.055264941,0.890042032,-0.451624775,0.890042032,-0.451624775,0.027836727,0.055546221
6.504000000000000,0.028393078,0.055265798,0.890033412,-0.451641529,0.890033412,-0.451641529,0.027838318,0.055547314
6.504250000000001,0.028395108,0.055266652,0.890024791,-0.451658285,0.890024791,-0.451658285,0.027839906,0.055548406
6.504500000000000,0.028397137,0.055267504,0.890016169,-0.451675044,0.890016169,-0.451675044,0.027841493,0.055549495
6.504750000000000,0.028399166,0.055268353,0.890007546,-0.451691804,0.890007546,-0.451691804,0.027843079,0.055550582
6.505000000000001,0.028401195,0.0552692,0.889998921,-0.451708567,0.889998921,-0.451708567,0.027844663,0.055551668
6.505250000000000,0.028403223,0.055270044,0.889990295,-0.451725332,0.889990295,-0.451725332,0.027846245,0.055552751
6.505500000000001,0.028405252,0.055270885,0.889981667,-0.451742099,0.889981667,-0.451742099,0.027847825,0.055553833
6.505750000000001,0.02840728,0.055271723,0.889973038,-0.451758868,0.889973038,-0.451758868,0.027849404,0.055554912
6.506000000000000,0.028409308,0.055272559,0.889964408,-0.45177564,0.889964408,-0.45177564,0.027850982,0.05555599
6.506250000000001,0.028411336,0.055273392,0.889955776,-0.451792414,0.889955776,-0.451792414,0.027852557,0.055557066
6.506500000000001,0.028413363,0.055274222,0.889947143,-0.45180919,0.889947143,-0.45180919,0.027854131,0.055558139
6.506750000000000,0.028415391,0.055275049,0.889938508,-0.451825969,0.889938508,-0.451825969,0.027855703,0.055559211
6.507000000000001,0.028417418,0.055275874,0.889929872,-0.451842749,0.889929872,-0.451842749,0.027857274,0.05556028
6.507250000000000,0.028419445,0.055276695,0.889921235,-0.451859533,0.889921235,-0.451859533,0.027858842,0.055561348
6.507500000000000,0.028421471,0.055277514,0.889912596,-0.451876318,0.889912596,-0.451876318,0.027860409,0.055562413
6.507750000000001,0.028423498,0.05527833,0.889903956,-0.451893106,0.889903956,-0.451893106,0.027861975,0.055563477
6.508000000000000,0.028425524,0.055279143,0.889895314,-0.451909896,0.889895314,-0.451909896,0.027863538,0.055564538
6.508250000000000,0.02842755,0.055279954,0.889886671,-0.451926689,0.889886671,-0.451926689,0.0278651,0.055565598
6.508500000000001,0.028429575,0.055280761,0.889878027,-0.451943484,0.889878027,-0.451943484,0.02786666,0.055566655
6.508750000000000,0.028431601,0.055281566,0.889869381,-0.451960282,0.889869381,-0.451960282,0.027868218,0.05556771
6.509000000000000,0.028433626,0.055282367,0.889860733,-0.451977082,0.889860733,-0.451977082,0.027869775,0.055568763
6.509250000000001,0.028435651,0.055283166,0.889852084,-0.451993884,0.889852084,-0.451993884,0.02787133,0.055569814
6.509500000000000,0.028437676,0.055283962,0.889843434,-0.452010689,0.889843434,-0.452010689,0.027872883,0.055570863
6.509750000000000,0.0284397,0.055284755,0.889834782,-0.452027496,0.889834782,-0.452027496,0.027874434,0.055571909
6.510000000000001,0.028441725,0.055285545,0.889826129,-0.452044306,0.889826129,-0.452044306,0.027875983,0.055572954
6.510250000000000,0.028443749,0.055286332,0.889817474,-0.452061118,0.889817474,-0.452061118,0.02787753,0.055573996
6.510500000000000,0.028445772,0.055287115,0.889808818,-0.452077933,0.889808818,-0.452077933,0.027879076,0.055575037
6.510750000000001,0.028447796,0.055287896,0.88980016,-0.45209475,0.88980016,-0.45209475,0.02788062,0.055576075
6.511000000000000,0.028449819,0.055288674,0.889791501,-0.45211157,0.889791501,-0.45211157,0.027882162,0.05557711
6.511250000000000,0.028451842,0.055289449,0.889782841,-0.452128392,0.889782841,-0.452128392,0.027883702,0.055578144
6.511500000000001,0.028453865,0.055290221,0.889774178,-0.452145217,0.889774178,-0.452145217,0.02788524,0.055579175
6.511750000000000,0.028455888,0.055290989,0.889765515,-0.452162044,0.889765515,-0.452162044,0.027886776,0.055580205
6.512000000000000,0.02845791,0.055291755,0.889756849,-0.452178874,0.889756849,-0.452178874,0.027888311,0.055581232
6.512250000000001,0.028459932,0.055292517,0.889748183,-0.452195707,0.889748183,-0.452195707,0.027889843,0.055582256
6.512500000000000,0.028461954,0.055293276,0.889739514,-0.452212542,0.889739514,-0.452212542,0.027891374,0.055583279
6.512750000000000,0.028463975,0.055294033,0.889730844,-0.45222938,0.889730844,-0.45222938,0.027892902,0.055584299
6.513000000000001,0.028465996,0.055294785,0.889722173,-0.452246221,0.889722173,-0.452246221,0.027894429,0.055585317
6.513250000000000,0.028468017,0.055295535,0.8897135,-0.452263064,0.8897135,-0.452263064,0.027895954,0.055586333
6.513500000000001,0.028470038,0.055296282,0.889704825,-0.45227991,0.889704825,-0.45227991,0.027897476,0.055587346
6.513750000000001,0.028472058,0.055297025,0.889696149,-0.452296758,0.889696149,-0.452296758,0.027898997,0.055588357
6.514000000000000,0.028474079,0.055297765,0.889687471,-0.45231361,0.889687471,-0.45231361,0.027900516,0.055589365
6.514250000000001,0.028476098,0.055298502,0.889678792,-0.452330464,0.889678792,-0.452330464,0.027902033,0.055590372
6.514500000000001,0.028478118,0.055299236,0.889670111,-0.45234732,0.889670111,-0.45234732,0.027903548,0.055591376
6.514750000000000,0.028480137,0.055299966,0.889661429,-0.45236418,0.889661429,-0.45236418,0.027905061,0.055592377
6.515000000000001,0.028482156,0.055300694,0.889652745,-0.452381042,0.889652745,-0.452381042,0.027906571,0.055593376
6.515250000000000,0.028484175,0.055301417,0.889644059,-0.452397907,0.889644059,-0.452397907,0.02790808,0.055594373
6.515500000000000,0.028486194,0.055302138,0.889635372,-0.452414775,0.889635372,-0.452414775,0.027909587,0.055595368
6.515750000000001,0.028488212,0.055302855,0.889626683,-0.452431646,0.889626683,-0.452431646,0.027911091,0.05559636
6.516000000000000,0.02849023,0.055303569,0.889617992,-0.452448519,0.889617992,-0.452448519,0.027912594,0.055597349
6.516250000000000,0.028492247,0.055304279,0.8896093,-0.452465396,0.8896093,-0.452465396,0.027914094,0.055598336
6.516500000000001,0.028494265,0.055304986,0.889600606,-0.452482275,0.889600606,-0.452482275,0.027915593,0.055599321
6.516750000000000,0.028496282,0.055305689,0.889591911,-0.452499157,0.889591911,-0.452499157,0.027917089,0.055600303
6.517000000000000,0.028498298,0.055306389,0.889583213,-0.452516042,0.889583213,-0.452516042,0.027918583,0.055601283
6.517250000000001,0.028500315,0.055307086,0.889574514,-0.45253293,0.889574514,-0.45253293,0.027920075,0.05560226
6.517500000000000,0.028502331,0.055307779,0.889565814,-0.452549821,0.889565814,-0.452549821,0.027921565,0.055603235
6.517750000000000,0.028504347,0.055308469,0.889557112,-0.452566715,0.889557112,-0.452566715,0.027923052,0.055604207
6.518000000000001,0.028506362,0.055309155,0.889548408,-0.452583611,0.889548408,-0.452583611,0.027924538,0.055605177
6.518250000000000,0.028508378,0.055309837,0.889539702,-0.452600511,0.889539702,-0.452600511,0.027926021,0.055606144
6.518500000000000,0.028510393,0.055310516,0.889530995,-0.452617414,0.889530995,-0.452617414,0.027927502,0.055607108
6.518750000000001,0.028512407,0.055311192,0.889522286,-0.45263432,0.889522286,-0.45263432,0.027928981,0.05560807
6.519000000000000,0.028514422,0.055311864,0.889513575,-0.452651229,0.889513575,-0.452651229,0.027930458,0.05560903
6.519250000000000,0.028516436,0.055312532,0.889504862,-0.452668141,0.889504862,-0.452668141,0.027931932,0.055609986
6.519500000000001,0.028518449,0.055313196,0.889496148,-0.452685056,0.889496148,-0.452685056,0.027933405,0.05561094
6.519750000000000,0.028520463,0.055313857,0.889487432,-0.452701974,0.889487432,-0.452701974,0.027934875,0.055611892
6.520000000000000,0.028522476,0.055314515,0.889478714,-0.452718895,0.889478714,-0.452718895,0.027936342,0.055612841
6.520250000000001,0.028524488,0.055315168,0.889469995,-0.452735819,0.889469995,-0.452735819,0.027937808,0.055613787
6.520500000000000,0.028526501,0.055315818,0.889461274,-0.452752747,0.889461274,-0.452752747,0.027939271,0.05561473
6.520750000000000,0.028528513,0.055316464,0.88945255,-0.452769677,0.88945255,-0.452769677,0.027940731,0.055615671
6.521000000000001,0.028530525,0.055317106,0.889443826,-0.452786611,0.889443826,-0.452786611,0.02794219,0.055616609
6.521250000000000,0.028532536,0.055317745,0.889435099,-0.452803548,0.889435099,-0.452803548,0.027943646,0.055617545
6.521500000000001,0.028534547,0.05531838,0.88942637,-0.452820488,0.88942637,-0.452820488,0.0279451,0.055618477
6.521750000000001,0.028536558,0.055319011,0.88941764,-0.452837432,0.88941764,-0.452837432,0.027946551,0.055619407
6.522000000000000,0.028538568,0.055319638,0.889408908,-0.452854379,0.889408908,-0.452854379,0.027948,0.055620334
6.522250000000001,0.028540578,0.055320261,0.889400174,-0.452871329,0.889400174,-0.452871329,0.027949447,0.055621258
6.522500000000000,0.028542588,0.05532088,0.889391438,-0.452888282,0.889391438,-0.452888282,0.027950891,0.05562218
6.522750000000000,0.028544597,0.055321496,0.8893827,-0.452905238,0.8893827,-0.452905238,0.027952333,0.055623099
6.523000000000001,0.028546606,0.055322107,0.889373961,-0.452922198,0.889373961,-0.452922198,0.027953772,0.055624014
6.523250000000000,0.028548615,0.055322715,0.889365219,-0.452939162,0.889365219,-0.452939162,0.027955209,0.055624927
6.523500000000000,0.028550623,0.055323319,0.889356476,-0.452956129,0.889356476,-0.452956129,0.027956643,0.055625838
6.523750000000001,0.028552631,0.055323918,0.889347731,-0.452973099,0.889347731,-0.452973099,0.027958075,0.055626745
6.524000000000000,0.028554639,0.055324514,0.889338984,-0.452990072,0.889338984,-0.452990072,0.027959504,0.055627649
6.524250000000000,0.028556646,0.055325105,0.889330235,-0.453007049,0.889330235,-0.453007049,0.027960931,0.055628551
6.524500000000001,0.028558653,0.055325693,0.889321484,-0.45302403,0.889321484,-0.45302403,0.027962356,0.055629449
6.524750000000000,0.02856066,0.055326276,0.889312731,-0.453041014,0.889312731,-0.453041014,0.027963778,0.055630345
6.525000000000000,0.028562666,0.055326855,0.889303976,-0.453058001,0.889303976,-0.453058001,0.027965197,0.055631237
6.525250000000001,0.028564672,0.05532743,0.88929522,-0.453074992,0.88929522,-0.453074992,0.027966614,0.055632127
6.525500000000000,0.028566677,0.055328001,0.889286461,-0.453091986,0.889286461,-0.453091986,0.027968028,0.055633014
6.525750000000000,0.028568682,0.055328568,0.8892777,-0.453108985,0.8892777,-0.453108985,0.027969439,0.055633897
6.526000000000001,0.028570687,0.055329131,0.889268938,-0.453125986,0.889268938,-0.453125986,0.027970848,0.055634778
6.526250000000000,0.028572691,0.055329689,0.889260173,-0.453142992,0.889260173,-0.453142992,0.027972254,0.055635655
6.526500000000000,0.028574695,0.055330243,0.889251407,-0.45316,0.889251407,-0.45316,0.027973658,0.05563653
6.526750000000001,0.028576698,0.055330793,0.889242638,-0.453177013,0.889242638,-0.453177013,0.027975059,0.055637401
6.527000000000000,0.028578701,0.055331338,0.889233867,-0.453194029,0.889233867,-0.453194029,0.027976457,0.055638269
6.527250000000000,0.028580704,0.055331879,0.889225095,-0.45321105,0.889225095,-0.45321105,0.027977852,0.055639134
6.527500000000001,0.028582706,0.055332416,0.88921632,-0.453228073,0.88921632,-0.453228073,0.027979245,0.055639996
6.527750000000000,0.028584708,0.055332948,0.889207543,-0.453245101,0.889207543,-0.453245101,0.027980635,0.055640855
6.528000000000000,0.02858671,0.055333476,0.889198764,-0.453262132,0.889198764,-0.453262132,0.027982022,0.05564171
6.528250000000001,0.028588711,0.055333999,0.889189984,-0.453279167,0.889189984,-0.453279167,0.027983407,0.055642563
6.528500000000000,0.028590712,0.055334518,0.889181201,-0.453296206,0.889181201,-0.453296206,0.027984788,0.055643412
6.528750000000000,0.028592712,0.055335032,0.889172415,-0.453313249,0.889172415,-0.453313249,0.027986167,0.055644258
6.529000000000001,0.028594712,0.055335542,0.889163628,-0.453330296,0.889163628,-0.453330296,0.027987543,0.0556451
6.529250000000000,0.028596711,0.055336047,0.889154839,-0.453347347,0.889154839,-0.453347347,0.027988916,0.05564594
6.529500000000001,0.02859871,0.055336548,0.889146048,-0.453364401,0.889146048,-0.453364401,0.027990286,0.055646776
6.529750000000001,0.028600709,0.055337044,0.889137254,-0.45338146,0.889137254,-0.45338146,0.027991654,0.055647608
6.530000000000000,0.028602707,0.055337535,0.889128458,-0.453398522,0.889128458,-0.453398522,0.027993018,0.055648437
6.530250000000001,0.028604705,0.055338022,0.88911966,-0.453415589,0.88911966,-0.453415589,0.02799438,0.055649263
6.530500000000000,0.028606702,0.055338504,0.88911086,-0.45343266,0.88911086,-0.45343266,0.027995738,0.055650086
6.530750000000000,0.028608699,0.055338981,0.889102058,-0.453449734,0.889102058,-0.453449734,0.027997094,0.055650905
6.531000000000001,0.028610696,0.055339454,0.889093254,-0.453466813,0.889093254,-0.453466813,0.027998447,0.055651721
6.531250000000000,0.028612692,0.055339921,0.889084447,-0.453483896,0.889084447,-0.453483896,0.027999796,0.055652533
6.531500000000000,0.028614687,0.055340384,0.889075638,-0.453500983,0.889075638,-0.453500983,0.028001143,0.055653342
6.531750000000001,0.028616682,0.055340842,0.889066827,-0.453518074,0.889066827,-0.453518074,0.028002486,0.055654147
6.532000000000000,0.028618677,0.055341295,0.889058014,-0.45353517,0.889058014,-0.45353517,0.028003827,0.055654949
6.532250000000000,0.028620671,0.055341744,0.889049198,-0.453552269,0.889049198,-0.453552269,0.028005164,0.055655747
6.532500000000001,0.028622665,0.055342187,0.88904038,-0.453569373,0.88904038,-0.453569373,0.028006499,0.055656542
6.532750000000000,0.028624658,0.055342625,0.88903156,-0.453586481,0.88903156,-0.453586481,0.02800783,0.055657333
6.533000000000000,0.028626651,0.055343058,0.889022737,-0.453603594,0.889022737,-0.453603594,0.028009158,0.05565812
6.533250000000001,0.028628643,0.055343487,0.889013913,-0.45362071,0.889013913,-0.45362071,0.028010483,0.055658904
6.533500000000000,0.028630635,0.05534391,0.889005086,-0.453637831,0.889005086,-0.453637831,0.028011805,0.055659685
6.533750000000000,0.028632627,0.055344328,0.888996256,-0.453654957,0.888996256,-0.453654957,0.028013123,0.055660461
6.534000000000001,0.028634618,0.055344741,0.888987424,-0.453672087,0.888987424,-0.453672087,0.028014439,0.055661234
6.534250000000000,0.028636608,0.055345149,0.88897859,-0.453689221,0.88897859,-0.453689221,0.028015751,0.055662003
6.534500000000000,0.028638598,0.055345551,0.888969754,-0.45370636,0.888969754,-0.45370636,0.02801706,0.055662769
6.534750000000001,0.028640588,0.055345949,0.888960915,-0.453723503,0.888960915,-0.453723503,0.028018365,0.05566353
6.535000000000000,0.028642577,0.055346341,0.888952074,-0.453740651,0.888952074,-0.453740651,0.028019668,0.055664288
6.535250000000000,0.028644565,0.055346728,0.88894323,-0.453757804,0.88894323,-0.453757804,0.028020966,0.055665042
6.535500000000001,0.028646553,0.055347109,0.888934384,-0.453774961,0.888934384,-0.453774961,0.028022262,0.055665793
6.535750000000000,0.02864854,0.055347485,0.888925535,-0.453792122,0.888925535,-0.453792122,0.028023554,0.055666539
6.536000000000000,0.028650527,0.055347856,0.888916684,-0.453809289,0.888916684,-0.453809289,0.028024843,0.055667282
6.536250000000001,0.028652514,0.055348221,0.888907831,-0.45382646,0.888907831,-0.45382646,0.028026129,0.05566802
6.536500000000000,0.0286545,0.055348581,0.888898975,-0.453843635,0.888898975,-0.453843635,0.028027411,0.055668755
6.536750000000001,0.028656485,0.055348936,0.888890116,-0.453860816,0.888890116,-0.453860816,0.028028689,0.055669486
6.537000000000001,0.02865847,0.055349285,0.888881255,-0.453878001,0.888881255,-0.453878001,0.028029964,0.055670212
6.537250000000000,0.028660455,0.055349628,0.888872392,-0.453895191,0.888872392,-0.453895191,0.028031236,0.055670935
6.537500000000001,0.028662439,0.055349966,0.888863526,-0.453912386,0.888863526,-0.453912386,0.028032504,0.055671654
6.537750000000001,0.028664422,0.055350298,0.888854658,-0.453929586,0.888854658,-0.453929586,0.028033769,0.055672369
6.538000000000000,0.028666405,0.055350624,0.888845786,-0.45394679,0.888845786,-0.45394679,0.028035029,0.055673079
6.538250000000001,0.028668387,0.055350945,0.888836913,-0.453964,0.888836913,-0.453964,0.028036287,0.055673786
6.538500000000000,0.028670369,0.05535126,0.888828036,-0.453981214,0.888828036,-0.453981214,0.028037541,0.055674488
6.538750000000000,0.02867235,0.055351569,0.888819158,-0.453998434,0.888819158,-0.453998434,0.028038791,0.055675186
6.539000000000001,0.02867433,0.055351872,0.888810276,-0.454015658,0.888810276,-0.454015658,0.028040037,0.05567588
6.539250000000000,0.02867631,0.05535217,0.888801392,-0.454032888,0.888801392,-0.454032888,0.02804128,0.05567657
6.539500000000000,0.02867829,0.055352461,0.888792505,-0.454050123,0.888792505,-0.454050123,0.028042519,0.055677256
6.539750000000001,0.028680269,0.055352747,0.888783616,-0.454067363,0.888783616,-0.454067363,0.028043754,0.055677937
6.540000000000000,0.028682247,0.055353027,0.888774723,-0.454084608,0.888774723,-0.454084608,0.028044986,0.055678614
6.540250000000000,0.028684225,0.0553533,0.888765829,-0.454101858,0.888765829,-0.454101858,0.028046213,0.055679287
6.540500000000001,0.028686202,0.055353568,0.888756931,-0.454119114,0.888756931,-0.454119114,0.028047437,0.055679955
6.540750000000000,0.028688179,0.055353829,0.888748031,-0.454136374,0.888748031,-0.454136374,0.028048657,0.055680619
6.541000000000000,0.028690155,0.055354085,0.888739128,-0.454153641,0.888739128,-0.454153641,0.028049874,0.055681279
6.541250000000001,0.02869213,0.055354334,0.888730222,-0.454170912,0.888730222,-0.454170912,0.028051086,0.055681934
6.541500000000000,0.028694105,0.055354577,0.888721313,-0.454188189,0.888721313,-0.454188189,0.028052294,0.055682584
6.541750000000000,0.028696079,0.055354814,0.888712402,-0.454205471,0.888712402,-0.454205471,0.028053499,0.05568323
6.542000000000001,0.028698053,0.055355044,0.888703487,-0.454222759,0.888703487,-0.454222759,0.028054699,0.055683872
6.542250000000000,0.028700026,0.055355268,0.88869457,-0.454240052,0.88869457,-0.454240052,0.028055896,0.055684509
6.542500000000000,0.028701998,0.055355486,0.88868565,-0.454257351,0.88868565,-0.454257351,0.028057088,0.055685142
6.542750000000001,0.02870397,0.055355697,0.888676728,-0.454274656,0.888676728,-0.454274656,0.028058276,0.055685769
6.543000000000000,0.028705941,0.055355902,0.888667802,-0.454291966,0.888667802,-0.454291966,0.028059461,0.055686393
6.543250000000000,0.028707912,0.0553561,0.888658873,-0.454309281,0.888658873,-0.454309281,0.028060641,0.055687011
6.543500000000001,0.028709882,0.055356292,0.888649942,-0.454326603,0.888649942,-0.454326603,0.028061817,0.055687625
6.543750000000000,0.028711851,0.055356477,0.888641007,-0.45434393,0.888641007,-0.45434393,0.028062989,0.055688234
6.544000000000000,0.02871382,0.055356656,0.88863207,-0.454361263,0.88863207,-0.454361263,0.028064156,0.055688838
6.544250000000001,0.028715788,0.055356828,0.88862313,-0.454378602,0.88862313,-0.454378602,0.02806532,0.055689438
6.544500000000000,0.028717755,0.055356993,0.888614186,-0.454395946,0.888614186,-0.454395946,0.028066479,0.055690032
6.544750000000001,0.028719722,0.055357151,0.88860524,-0.454413297,0.88860524,-0.454413297,0.028067634,0.055690622
6.545000000000001,0.028721688,0.055357302,0.88859629,-0.454430653,0.88859629,-0.454430653,0.028068784,0.055691207
6.545250000000000,0.028723653,0.055357447,0.888587338,-0.454448016,0.888587338,-0.454448016,0.028069931,0.055691787
6.545500000000001,0.028725618,0.055357585,0.888578382,-0.454465384,0.888578382,-0.454465384,0.028071073,0.055692362
6.545750000000001,0.028727582,0.055357715,0.888569424,-0.454482759,0.888569424,-0.454482759,0.02807221,0.055692932
6.546000000000000,0.028729545,0.055357839,0.888560462,-0.454500139,0.888560462,-0.454500139,0.028073343,0.055693497
6.546250000000001,0.028731507,0.055357956,0.888551497,-0.454517526,0.888551497,-0.454517526,0.028074471,0.055694056
6.546500000000000,0.028733469,0.055358065,0.888542529,-0.454534919,0.888542529,-0.454534919,0.028075595,0.055694611
6.546750000000000,0.028735431,0.055358168,0.888533558,-0.454552318,0.888533558,-0.454552318,0.028076715,0.055695161
6.547000000000001,0.028737391,0.055358263,0.888524583,-0.454569724,0.888524583,-0.454569724,0.02807783,0.055695705
6.547250000000000,0.028739351,0.05535835,0.888515606,-0.454587136,0.888515606,-0.454587136,0.02807894,0.055696244
6.547500000000000,0.02874131,0.055358431,0.888506625,-0.454604554,0.888506625,-0.454604554,0.028080046,0.055696778
6.547750000000001,0.028743268,0.055358504,0.888497641,-0.454621979,0.888497641,-0.454621979,0.028081147,0.055697307
6.548000000000000,0.028745226,0.05535857,0.888488654,-0.45463941,0.888488654,-0.45463941,0.028082243,0.05569783
6.548250000000000,0.028747183,0.055358628,0.888479663,-0.454656848,0.888479663,-0.454656848,0.028083334,0.055698348
6.548500000000001,0.028749139,0.055358679,0.888470669,-0.454674292,0.888470669,-0.454674292,0.028084421,0.05569886
6.548750000000000,0.028751094,0.055358722,0.888461672,-0.454691743,0.888461672,-0.454691743,0.028085503,0.055699367
6.549000000000000,0.028753049,0.055358758,0.888452671,-0.454709201,0.888452671,-0.454709201,0.02808658,0.055699869
6.549250000000001,0.028755003,0.055358785,0.888443667,-0.454726665,0.888443667,-0.454726665,0.028087652,0.055700365
6.549500000000000,0.028756956,0.055358805,0.88843466,-0.454744136,0.88843466,-0.454744136,0.028088719,0.055700855
6.549750000000000,0.028758908,0.055358818,0.888425649,-0.454761614,0.888425649,-0.454761614,0.028089782,0.05570134
6.550000000000001,0.02876086,0.055358822,0.888416634,-0.454779099,0.888416634,-0.454779099,0.028090839,0.055701819
6.550250000000000,0.028762811,0.055358819,0.888407617,-0.454796591,0.888407617,-0.454796591,0.028091891,0.055702293
6.550500000000000,0.028764761,0.055358807,0.888398595,-0.454814089,0.888398595,-0.454814089,0.028092939,0.05570276
6.550750000000001,0.02876671,0.055358788,0.888389571,-0.454831595,0.888389571,-0.454831595,0.028093981,0.055703222
6.551000000000000,0.028768658,0.05535876,0.888380542,-0.454849108,0.888380542,-0.454849108,0.028095018,0.055703679
6.551250000000000,0.028770606,0.055358724,0.88837151,-0.454866628,0.88837151,-0.454866628,0.02809605,0.055704129
6.551500000000001,0.028772553,0.05535868,0.888362475,-0.454884155,0.888362475,-0.454884155,0.028097076,0.055704573
6.551750000000000,0.028774499,0.055358628,0.888353436,-0.454901689,0.888353436,-0.454901689,0.028098098,0.055705012
6.552000000000000,0.028776444,0.055358568,0.888344393,-0.454919231,0.888344393,-0.454919231,0.028099114,0.055705444
6.552250000000001,0.028778388,0.055358499,0.888335347,-0.45493678,0.888335347,-0.45493678,0.028100125,0.055705871
6.552500000000000,0.028780332,0.055358422,0.888326296,-0.454954336,0.888326296,-0.454954336,0.02810113,0.055706291
6.552750000000001,0.028782274,0.055358336,0.888317243,-0.4549719,0.888317243,-0.4549719,0.02810213,0.055706706
6.553000000000001,0.028784216,0.055358241,0.888308185,-0.454989471,0.888308185,-0.454989471,0.028103125,0.055707114
6.553250000000000,0.028786157,0.055358138,0.888299124,-0.45500705,0.888299124,-0.45500705,0.028104114,0.055707516
6.553500000000001,0.028788097,0.055358026,0.888290059,-0.455024637,0.888290059,-0.455024637,0.028105097,0.055707911
6.553750000000000,0.028790036,0.055357906,0.88828099,-0.455042231,0.88828099,-0.455042231,0.028106075,0.055708301
6.554000000000000,0.028791974,0.055357776,0.888271917,-0.455059833,0.888271917,-0.455059833,0.028107047,0.055708684
6.554250000000001,0.028793912,0.055357638,0.88826284,-0.455077443,0.88826284,-0.455077443,0.028108014,0.055709061
6.554500000000000,0.028795848,0.055357491,0.88825376,-0.455095061,0.88825376,-0.455095061,0.028108975,0.055709431
6.554750000000000,0.028797784,0.055357334,0.888244675,-0.455112686,0.888244675,-0.455112686,0.02810993,0.055709794
6.555000000000001,0.028799718,0.055357169,0.888235587,-0.45513032,0.888235587,-0.45513032,0.028110879,0.055710152
6.555250000000000,0.028801652,0.055356995,0.888226494,-0.455147962,0.888226494,-0.455147962,0.028111823,0.055710502
6.555500000000000,0.028803585,0.055356811,0.888217398,-0.455165611,0.888217398,-0.455165611,0.02811276,0.055710846
6.555750000000001,0.028805517,0.055356618,0.888208298,-0.455183269,0.888208298,-0.455183269,0.028113692,0.055711184
6.556000000000000,0.028807448,0.055356415,0.888199193,-0.455200936,0.888199193,-0.455200936,0.028114618,0.055711514
6.556250000000000,0.028809378,0.055356203,0.888190084,-0.45521861,0.888190084,-0.45521861,0.028115537,0.055711838
6.556500000000001,0.028811307,0.055355982,0.888180972,-0.455236293,0.888180972,-0.455236293,0.028116451,0.055712155
6.556750000000000,0.028813235,0.05535575,0.888171855,-0.455253984,0.888171855,-0.455253984,0.028117359,0.055712465
6.557000000000000,0.028815162,0.05535551,0.888162734,-0.455271684,0.888162734,-0.455271684,0.02811826,0.055712768
6.557250000000001,0.028817088,0.055355259,0.888153608,-0.455289393,0.888153608,-0.455289393,0.028119155,0.055713064
6.557500000000000,0.028819013,0.055354999,0.888144479,-0.45530711,0.888144479,-0.45530711,0.028120044,0.055713353
6.557750000000000,0.028820937,0.055354728,0.888135345,-0.455324835,0.888135345,-0.455324835,0.028120926,0.055713635
6.558000000000001,0.02882286,0.055354448,0.888126207,-0.45534257,0.888126207,-0.45534257,0.028121803,0.055713909
6.558250000000000,0.028824782,0.055354158,0.888117064,-0.455360313,0.888117064,-0.455360313,0.028122672,0.055714177
6.558500000000000,0.028826703,0.055353857,0.888107918,-0.455378066,0.888107918,-0.455378066,0.028123535,0.055714437
6.558750000000001,0.028828623,0.055353547,0.888098766,-0.455395827,0.888098766,-0.455395827,0.028124392,0.05571469
6.559000000000000,0.028830542,0.055353226,0.888089611,-0.455413598,0.888089611,-0.455413598,0.028125242,0.055714936
6.559250000000000,0.02883246,0.055352894,0.888080451,-0.455431377,0.888080451,-0.455431377,0.028126086,0.055715174
6.559500000000001,0.028834377,0.055352553,0.888071286,-0.455449166,0.888071286,-0.455449166,0.028126923,0.055715404
6.559750000000000,0.028836293,0.0553522,0.888062117,-0.455466964,0.888062117,-0.455466964,0.028127753,0.055715627
6.560000000000000,0.028838207,0.055351837,0.888052943,-0.455484771,0.888052943,-0.455484771,0.028128576,0.055715842
6.560250000000001,0.028840121,0.055351463,0.888043765,-0.455502588,0.888043765,-0.455502588,0.028129393,0.05571605
6.560500000000000,0.028842034,0.055351079,0.888034582,-0.455520415,0.888034582,-0.455520415,0.028130202,0.05571625
6.560750000000001,0.028843945,0.055350683,0.888025394,-0.455538251,0.888025394,-0.455538251,0.028131005,0.055716442
6.561000000000001,0.028845855,0.055350277,0.888016201,-0.455556096,0.888016201,-0.455556096,0.028131801,0.055716626
6.561250000000000,0.028847764,0.05534986,0.888007004,-0.455573952,0.888007004,-0.455573952,0.028132589,0.055716802
6.561500000000001,0.028849672,0.055349431,0.887997802,-0.455591817,0.887997802,-0.455591817,0.02813337,0.05571697
6.561750000000000,0.028851579,0.055348991,0.887988596,-0.455609692,0.887988596,-0.455609692,0.028134145,0.055717131
6.562000000000000,0.028853485,0.05534854,0.887979384,-0.455627577,0.887979384,-0.455627577,0.028134912,0.055717283
6.562250000000001,0.028855389,0.055348077,0.887970167,-0.455645473,0.887970167,-0.455645473,0.028135671,0.055717426
6.562500000000000,0.028857293,0.055347603,0.887960946,-0.455663378,0.887960946,-0.455663378,0.028136424,0.055717562
6.562750000000000,0.028859195,0.055347117,0.88795172,-0.455681294,0.88795172,-0.455681294,0.028137168,0.055717689
6.563000000000001,0.028861096,0.05534662,0.887942488,-0.45569922,0.887942488,-0.45569922,0.028137906,0.055717808
6.563250000000000,0.028862996,0.05534611,0.887933252,-0.455717156,0.887933252,-0.455717156,0.028138636,0.055717918
6.563500000000000,0.028864894,0.055345589,0.88792401,-0.455735103,0.88792401,-0.455735103,0.028139358,0.05571802
6.563750000000001,0.028866791,0.055345056,0.887914763,-0.455753061,0.887914763,-0.455753061,0.028140072,0.055718113
6.564000000000000,0.028868688,0.05534451,0.887905511,-0.455771029,0.887905511,-0.455771029,0.028140779,0.055718197
6.564250000000000,0.028870582,0.055343953,0.887896254,-0.455789008,0.887896254,-0.455789008,0.028141478,0.055718273
6.564500000000001,0.028872476,0.055343383,0.887886992,-0.455806998,0.887886992,-0.455806998,0.028142169,0.05571834
6.564750000000000,0.028874368,0.055342801,0.887877724,-0.455824999,0.887877724,-0.455824999,0.028142852,0.055718398
6.565000000000000,0.028876259,0.055342206,0.887868451,-0.455843011,0.887868451,-0.455843011,0.028143527,0.055718447
6.565250000000001,0.028878149,0.055341598,0.887859173,-0.455861035,0.887859173,-0.455861035,0.028144194,0.055718487
6.565500000000000,0.028880037,0.055340978,0.887849889,-0.455879069,0.887849889,-0.455879069,0.028144853,0.055718517
6.565750000000000,0.028881924,0.055340345,0.8878406,-0.455897115,0.8878406,-0.455897115,0.028145504,0.055718539
6.566000000000001,0.02888381,0.055339699,0.887831305,-0.455915172,0.887831305,-0.455915172,0.028146146,0.055718551
6.566250000000000,0.028885694,0.05533904,0.887822005,-0.455933241,0.887822005,-0.455933241,0.02814678,0.055718554
6.566500000000000,0.028887577,0.055338368,0.887812699,-0.455951321,0.887812699,-0.455951321,0.028147405,0.055718547
6.566750000000001,0.028889459,0.055337682,0.887803387,-0.455969414,0.887803387,-0.455969414,0.028148022,0.055718531
6.567000000000000,0.028891339,0.055336983,0.88779407,-0.455987518,0.88779407,-0.455987518,0.028148631,0.055718505
6.567250000000000,0.028893218,0.055336271,0.887784747,-0.456005634,0.887784747,-0.456005634,0.02814923,0.05571847
6.567500000000001,0.028895095,0.055335544,0.887775418,-0.456023762,0.887775418,-0.456023762,0.028149821,0.055718424
6.567750000000000,0.028896971,0.055334804,0.887766083,-0.456041902,0.887766083,-0.456041902,0.028150403,0.055718369
6.568000000000001,0.028898846,0.055334051,0.887756743,-0.456060055,0.887756743,-0.456060055,0.028150977,0.055718304
6.568250000000001,0.028900719,0.055333283,0.887747396,-0.45607822,0.887747396,-0.45607822,0.028151541,0.055718229
6.568500000000000,0.02890259,0.055332501,0.887738044,-0.456096397,0.887738044,-0.456096397,0.028152096,0.055718144
6.568750000000001,0.028904461,0.055331705,0.887728685,-0.456114588,0.887728685,-0.456114588,0.028152642,0.055718048
6.569000000000001,0.028906329,0.055330894,0.887719321,-0.456132791,0.887719321,-0.456132791,0.028153179,0.055717942
6.569250000000000,0.028908196,0.055330069,0.88770995,-0.456151006,0.88770995,-0.456151006,0.028153706,0.055717826
6.569500000000001,0.028910062,0.055329229,0.887700573,-0.456169235,0.887700573,-0.456169235,0.028154224,0.055717699
6.569750000000000,0.028911926,0.055328375,0.88769119,-0.456187477,0.88769119,-0.456187477,0.028154733,0.055717562
6.570000000000000,0.028913789,0.055327506,0.8876818,-0.456205732,0.8876818,-0.456205732,0.028155232,0.055717414
6.570250000000001,0.02891565,0.055326621,0.887672404,-0.456224,0.887672404,-0.456224,0.028155722,0.055717255
6.570500000000000,0.028917509,0.055325722,0.887663002,-0.456242282,0.887663002,-0.456242282,0.028156201,0.055717085
6.570750000000000,0.028919367,0.055324807,0.887653594,-0.456260577,0.887653594,-0.456260577,0.028156671,0.055716905
6.571000000000001,0.028921223,0.055323876,0.887644178,-0.456278886,0.887644178,-0.456278886,0.028157131,0.055716713
6.571250000000000,0.028923077,0.05532293,0.887634756,-0.456297209,0.887634756,-0.456297209,0.028157581,0.05571651
6.571500000000000,0.02892493,0.055321969,0.887625328,-0.456315546,0.887625328,-0.456315546,0.028158021,0.055716296
6.571750000000001,0.028926782,0.055320991,0.887615893,-0.456333897,0.887615893,-0.456333897,0.028158451,0.05571607
6.572000000000000,0.028928631,0.055319998,0.887606451,-0.456352262,0.887606451,-0.456352262,0.02815887,0.055715833
6.572250000000000,0.028930479,0.055318988,0.887597002,-0.456370641,0.887597002,-0.456370641,0.028159279,0.055715584
6.572500000000001,0.028932325,0.055317962,0.887587547,-0.456389035,0.887587547,-0.456389035,0.028159678,0.055715324
6.572750000000000,0.02893417,0.05531692,0.887578084,-0.456407444,0.887578084,-0.456407444,0.028160065,0.055715052
6.573000000000000,0.028936012,0.05531586,0.887568614,-0.456425867,0.887568614,-0.456425867,0.028160443,0.055714768
6.573250000000001,0.028937853,0.055314785,0.887559138,-0.456444305,0.887559138,-0.456444305,0.028160809,0.055714471
6.573500000000000,0.028939693,0.055313692,0.887549654,-0.456462759,0.887549654,-0.456462759,0.028161165,0.055714163
6.573750000000000,0.02894153,0.055312582,0.887540163,-0.456481227,0.887540163,-0.456481227,0.028161509,0.055713843
6.574000000000001,0.028943366,0.055311455,0.887530665,-0.456499711,0.887530665,-0.456499711,0.028161843,0.05571351
6.574250000000000,0.028945199,0.05531031,0.88752116,-0.45651821,0.88752116,-0.45651821,0.028162165,0.055713164
6.574500000000000,0.028947031,0.055309148,0.887511647,-0.456536725,0.887511647,-0.456536725,0.028162476,0.055712806
6.574750000000001,0.028948861,0.055307968,0.887502126,-0.456555255,0.887502126,-0.456555255,0.028162776,0.055712436
6.575000000000000,0.028950689,0.05530677,0.887492599,-0.456573802,0.887492599,-0.456573802,0.028163064,0.055712052
6.575250000000000,0.028952516,0.055305554,0.887483063,-0.456592364,0.887483063,-0.456592364,0.02816334,0.055711655
6.575500000000001,0.02895434,0.05530432,0.88747352,-0.456610943,0.88747352,-0.456610943,0.028163605,0.055711246
6.575750000000000,0.028956162,0.055303068,0.887463969,-0.456629538,0.887463969,-0.456629538,0.028163858,0.055710823
6.576000000000001,0.028957983,0.055301797,0.887454411,-0.45664815,0.887454411,-0.45664815,0.028164099,0.055710387
6.576250000000001,0.028959801,0.055300507,0.887444844,-0.456666778,0.887444844,-0.456666778,0.028164328,0.055709937
6.576500000000000,0.028961618,0.055299198,0.88743527,-0.456685423,0.88743527,-0.456685423,0.028164544,0.055709474
6.576750000000001,0.028963432,0.055297869,0.887425687,-0.456704086,0.887425687,-0.456704086,0.028164748,0.055708997
6.577000000000001,0.028965244,0.055296522,0.887416096,-0.456722765,0.887416096,-0.456722765,0.02816494,0.055708506
6.577250000000000,0.028967055,0.055295155,0.887406498,-0.456741462,0.887406498,-0.456741462,0.028165119,0.055708001
6.577500000000001,0.028968863,0.055293768,0.887396891,-0.456760176,0.887396891,-0.456760176,0.028165286,0.055707482
6.577750000000000,0.028970669,0.055292361,0.887387275,-0.456778909,0.887387275,-0.456778909,0.02816544,0.055706948
6.578000000000000,0.028972473,0.055290935,0.887377651,-0.456797659,0.887377651,-0.456797659,0.02816558,0.055706401
6.578250000000001,0.028974275,0.055289487,0.887368019,-0.456816427,0.887368019,-0.456816427,0.028165708,0.055705838
6.578500000000000,0.028976075,0.05528802,0.887358378,-0.456835213,0.887358378,-0.456835213,0.028165822,0.055705261
6.578750000000000,0.028977872,0.055286531,0.887348728,-0.456854018,0.887348728,-0.456854018,0.028165923,0.055704669
6.579000000000001,0.028979667,0.055285022,0.88733907,-0.456872842,0.88733907,-0.456872842,0.028166011,0.055704062
6.579250000000000,0.02898146,0.055283491,0.887329403,-0.456891684,0.887329403,-0.456891684,0.028166085,0.05570344
6.579500000000000,0.028983251,0.05528194,0.887319727,-0.456910545,0.887319727,-0.456910545,0.028166145,0.055702803
6.579750000000001,0.02898504,0.055280366,0.887310042,-0.456929426,0.887310042,-0.456929426,0.028166191,0.05570215
6.580000000000000,0.028986826,0.055278771,0.887300348,-0.456948326,0.887300348,-0.456948326,0.028166223,0.055701481
6.580250000000000,0.028988609,0.055277154,0.887290644,-0.456967245,0.887290644,-0.456967245,0.028166241,0.055700797
6.580500000000001,0.028990391,0.055275514,0.887280931,-0.456986185,0.887280931,-0.456986185,0.028166245,0.055700097
6.580750000000000,0.02899217,0.055273852,0.887271209,-0.457005144,0.887271209,-0.457005144,0.028166234,0.05569938
6.581000000000000,0.028993947,0.055272167,0.887261478,-0.457024124,0.887261478,-0.457024124,0.028166209,0.055698648
6.581250000000001,0.028995721,0.055270459,0.887251737,-0.457043124,0.887251737,-0.457043124,0.028166168,0.055697898
6.581500000000000,0.028997492,0.055268728,0.887241986,-0.457062145,0.887241986,-0.457062145,0.028166113,0.055697133
6.581750000000000,0.028999262,0.055266974,0.887232225,-0.457081187,0.887232225,-0.457081187,0.028166043,0.05569635
6.582000000000001,0.029001028,0.055265196,0.887222455,-0.457100249,0.887222455,-0.457100249,0.028165957,0.05569555
6.582250000000000,0.029002792,0.055263394,0.887212675,-0.457119334,0.887212675,-0.457119334,0.028165856,0.055694734
6.582500000000000,0.029004554,0.055261568,0.887202884,-0.457138439,0.887202884,-0.457138439,0.02816574,0.0556939
6.582750000000001,0.029006313,0.055259717,0.887193084,-0.457157567,0.887193084,-0.457157567,0.028165607,0.055693048
6.583000000000000,0.029008069,0.055257842,0.887183273,-0.457176716,0.887183273,-0.457176716,0.028165459,0.055692179
6.583250000000000,0.029009823,0.055255942,0.887173452,-0.457195888,0.887173452,-0.457195888,0.028165294,0.055691292
6.583500000000001,0.029011574,0.055254016,0.88716362,-0.457215082,0.88716362,-0.457215082,0.028165114,0.055690386
6.583750000000000,0.029013322,0.055252065,0.887153777,-0.457234299,0.887153777,-0.457234299,0.028164917,0.055689463
6.584000000000001,0.029015068,0.055250088,0.887143924,-0.457253539,0.887143924,-0.457253539,0.028164703,0.055688521
6.584250000000001,0.02901681,0.055248085,0.88713406,-0.457272802,0.88713406,-0.457272802,0.028164472,0.05568756
6.584500000000000,0.02901855,0.055246056,0.887124186,-0.457292089,0.887124186,-0.457292089,0.028164225,0.055686581
6.584750000000001,0.029020287,0.055244,0.8871143,-0.457311399,0.8871143,-0.457311399,0.02816396,0.055685582
6.585000000000001,0.029022021,0.055241918,0.887104403,-0.457330734,0.887104403,-0.457330734,0.028163678,0.055684564
6.585250000000000,0.029023753,0.055239808,0.887094494,-0.457350092,0.887094494,-0.457350092,0.028163378,0.055683527
6.585500000000001,0.029025481,0.05523767,0.887084574,-0.457369475,0.887084574,-0.457369475,0.02816306,0.05568247
6.585750000000000,0.029027206,0.055235505,0.887074643,-0.457388883,0.887074643,-0.457388883,0.028162725,0.055681393
6.586000000000000,0.029028928,0.055233312,0.8870647,-0.457408317,0.8870647,-0.457408317,0.028162371,0.055680295
6.586250000000001,0.029030648,0.05523109,0.887054745,-0.457427775,0.887054745,-0.457427775,0.028161999,0.055679178
6.586500000000000,0.029032364,0.055228839,0.887044779,-0.457447259,0.887044779,-0.457447259,0.028161609,0.05567804
6.586750000000000,0.029034077,0.055226559,0.8870348,-0.45746677,0.8870348,-0.45746677,0.028161199,0.055676881
6.587000000000001,0.029035787,0.05522425,0.887024809,-0.457486306,0.887024809,-0.457486306,0.028160771,0.055675701
6.587250000000000,0.029037493,0.055221911,0.887014806,-0.457505869,0.887014806,-0.457505869,0.028160323,0.055674499
6.587500000000000,0.029039197,0.055219542,0.88700479,-0.457525459,0.88700479,-0.457525459,0.028159857,0.055673276
6.587750000000001,0.029040897,0.055217143,0.886994761,-0.457545076,0.886994761,-0.457545076,0.02815937,0.055672031
6.588000000000000,0.029042594,0.055214713,0.88698472,-0.45756472,0.88698472,-0.45756472,0.028158863,0.055670765
6.588250000000000,0.029044287,0.055212252,0.886974666,-0.457584392,0.886974666,-0.457584392,0.028158337,0.055669475
6.588500000000001,0.029045977,0.055209759,0.886964599,-0.457604093,0.886964599,-0.457604093,0.02815779,0.055668164
6.588750000000000,0.029047664,0.055207234,0.886954519,-0.457623822,0.886954519,-0.457623822,0.028157222,0.055666829
6.589000000000000,0.029049347,0.055204677,0.886944426,-0.457643579,0.886944426,-0.457643579,0.028156634,0.055665472
6.589250000000001,0.029051027,0.055202088,0.886934319,-0.457663366,0.886934319,-0.457663366,0.028156024,0.055664091
6.589500000000000,0.029052703,0.055199465,0.886924198,-0.457683182,0.886924198,-0.457683182,0.028155393,0.055662686
6.589750000000000,0.029054376,0.05519681,0.886914063,-0.457703028,0.886914063,-0.457703028,0.028154741,0.055661257
6.590000000000001,0.029056044,0.05519412,0.886903915,-0.457722904,0.886903915,-0.457722904,0.028154067,0.055659805
6.590250000000000,0.02905771,0.055191396,0.886893753,-0.457742811,0.886893753,-0.457742811,0.028153371,0.055658328
6.590500000000000,0.029059371,0.055188638,0.886883576,-0.457762749,0.886883576,-0.457762749,0.028152652,0.055656826
6.590750000000001,0.029061029,0.055185845,0.886873384,-0.457782718,0.886873384,-0.457782718,0.028151911,0.055655299
6.591000000000000,0.029062683,0.055183016,0.886863178,-0.457802718,0.886863178,-0.457802718,0.028151147,0.055653746
6.591250000000000,0.029064333,0.055180151,0.886852958,-0.457822751,0.886852958,-0.457822751,0.028150359,0.055652168
6.591500000000001,0.029065979,0.05517725,0.886842722,-0.457842816,0.886842722,-0.457842816,0.028149548,0.055650564
6.591750000000000,0.029067621,0.055174313,0.886832471,-0.457862913,0.886832471,-0.457862913,0.028148714,0.055648934
6.592000000000001,0.029069259,0.055171338,0.886822205,-0.457883044,0.886822205,-0.457883044,0.028147855,0.055647277
6.592250000000001,0.029070893,0.055168326,0.886811923,-0.457903209,0.886811923,-0.457903209,0.028146972,0.055645593
6.592500000000000,0.029072523,0.055165275,0.886801626,-0.457923407,0.886801626,-0.457923407,0.028146065,0.055643882
6.592750000000001,0.029074148,0.055162186,0.886791313,-0.457943641,0.886791313,-0.457943641,0.028145132,0.055642143
6.593000000000000,0.02907577,0.055159058,0.886780983,-0.457963909,0.886780983,-0.457963909,0.028144175,0.055640377
6.593250000000000,0.029077387,0.055155891,0.886770638,-0.457984212,0.886770638,-0.457984212,0.028143191,0.055638582
6.593500000000001,0.029079,0.055152683,0.886760275,-0.458004551,0.886760275,-0.458004551,0.028142182,0.055636758
6.593750000000000,0.029080608,0.055149435,0.886749897,-0.458024926,0.886749897,-0.458024926,0.028141147,0.055634905
6.594000000000000,0.029082212,0.055146146,0.886739501,-0.458045338,0.886739501,-0.458045338,0.028140085,0.055633023
6.594250000000001,0.029083811,0.055142816,0.886729088,-0.458065787,0.886729088,-0.458065787,0.028138996,0.055631112
6.594500000000000,0.029085406,0.055139443,0.886718658,-0.458086274,0.886718658,-0.458086274,0.02813788,0.05562917
6.594750000000000,0.029086997,0.055136028,0.88670821,-0.458106799,0.88670821,-0.458106799,0.028136736,0.055627197
6.595000000000001,0.029088582,0.055132569,0.886697744,-0.458127363,0.886697744,-0.458127363,0.028135565,0.055625194
6.595250000000000,0.029090163,0.055129067,0.886687261,-0.458147965,0.886687261,-0.458147965,0.028134365,0.055623159
6.595500000000000,0.029091739,0.055125521,0.886676759,-0.458168608,0.886676759,-0.458168608,0.028133136,0.055621093
6.595750000000001,0.02909331,0.055121929,0.886666239,-0.45818929,0.886666239,-0.45818929,0.028131879,0.055618995
6.596000000000000,0.029094876,0.055118293,0.8866557,-0.458210013,0.8866557,-0.458210013,0.028130592,0.055616864
6.596250000000000,0.029096437,0.05511461,0.886645142,-0.458230777,0.886645142,-0.458230777,0.028129275,0.0556147
6.596500000000001,0.029097993,0.05511088,0.886634565,-0.458251583,0.886634565,-0.458251583,0.028127928,0.055612502
6.596750000000000,0.029099544,0.055107104,0.886623968,-0.458272431,0.886623968,-0.458272431,0.02812655,0.055610271
6.597000000000000,0.02910109,0.055103279,0.886613352,-0.458293322,0.886613352,-0.458293322,0.028125142,0.055608006
6.597250000000001,0.02910263,0.055099406,0.886602715,-0.458314257,0.886602715,-0.458314257,0.028123701,0.055605705
6.597500000000000,0.029104165,0.055095484,0.886592059,-0.458335236,0.886592059,-0.458335236,0.028122229,0.05560337
6.597750000000000,0.029105695,0.055091512,0.886581382,-0.458356259,0.886581382,-0.458356259,0.028120725,0.055600999
6.598000000000001,0.029107219,0.055087489,0.886570684,-0.458377327,0.886570684,-0.458377327,0.028119188,0.055598592
6.598250000000000,0.029108737,0.055083415,0.886559966,-0.458398441,0.886559966,-0.458398441,0.028117618,0.055596148
6.598500000000000,0.02911025,0.055079289,0.886549226,-0.458419602,0.886549226,-0.458419602,0.028116014,0.055593667
6.598750000000001,0.029111757,0.055075111,0.886538464,-0.45844081,0.886538464,-0.45844081,0.028114376,0.055591148
6.599000000000000,0.029113258,0.055070879,0.88652768,-0.458462065,0.88652768,-0.458462065,0.028112704,0.055588591
6.599250000000001,0.029114754,0.055066594,0.886516874,-0.458483369,0.886516874,-0.458483369,0.028110996,0.055585995
6.599500000000001,0.029116243,0.055062253,0.886506046,-0.458504723,0.886506046,-0.458504723,0.028109253,0.05558336
6.599750000000000,0.029117726,0.055057857,0.886495195,-0.458526125,0.886495195,-0.458526125,0.028107474,0.055580685
6.600000000000001,0.029119203,0.055053404,0.88648432,-0.458547579,0.88648432,-0.458547579,0.028105659,0.05557797
6.600250000000001,0.029120674,0.055048894,0.886473423,-0.458569083,0.886473423,-0.458569083,0.028103806,0.055575214
6.600500000000000,0.029122138,0.055044326,0.886462501,-0.45859064,0.886462501,-0.45859064,0.028101916,0.055572417
6.600750000000001,0.029123596,0.0550397,0.886451555,-0.458612249,0.886451555,-0.458612249,0.028099987,0.055569577
6.601000000000000,0.029125048,0.055035014,0.886440585,-0.458633912,0.886440585,-0.458633912,0.02809802,0.055566695
6.601250000000000,0.029126492,0.055030267,0.88642959,-0.458655629,0.88642959,-0.458655629,0.028096014,0.055563769
6.601500000000001,0.02912793,0.055025459,0.886418569,-0.4586774,0.886418569,-0.4586774,0.028093967,0.0555608
6.601750000000000,0.029129362,0.055020588,0.886407524,-0.458699228,0.886407524,-0.458699228,0.028091881,0.055557785
6.602000000000000,0.029130786,0.055015654,0.886396452,-0.458721112,0.886396452,-0.458721112,0.028089753,0.055554726
6.602250000000001,0.029132203,0.055010657,0.886385354,-0.458743054,0.886385354,-0.458743054,0.028087584,0.055551621
6.602500000000000,0.029133613,0.055005594,0.886374229,-0.458765054,0.886374229,-0.458765054,0.028085373,0.055548469
6.602750000000000,0.029135016,0.055000465,0.886363077,-0.458787113,0.886363077,-0.458787113,0.028083119,0.05554527
6.603000000000001,0.029136411,0.054995269,0.886351898,-0.458809232,0.886351898,-0.458809232,0.028080821,0.055542023
6.603250000000000,0.029137799,0.054990005,0.88634069,-0.458831412,0.88634069,-0.458831412,0.028078479,0.055538727
6.603500000000000,0.02913918,0.054984672,0.886329455,-0.458853654,0.886329455,-0.458853654,0.028076093,0.055535382
6.603750000000001,0.029140552,0.054979269,0.886318191,-0.458875959,0.886318191,-0.458875959,0.028073661,0.055531986
6.604000000000000,0.029141917,0.054973795,0.886306897,-0.458898328,0.886306897,-0.458898328,0.028071183,0.05552854
6.604250000000000,0.029143274,0.054968248,0.886295574,-0.458920761,0.886295574,-0.458920761,0.028068658,0.055525042
6.604500000000001,0.029144623,0.054962629,0.886284221,-0.45894326,0.886284221,-0.45894326,0.028066085,0.055521492
6.604750000000000,0.029145963,0.054956934,0.886272837,-0.458965826,0.886272837,-0.458965826,0.028063464,0.055517888
6.605000000000000,0.029147296,0.054951165,0.886261423,-0.458988459,0.886261423,-0.458988459,0.028060794,0.05551423
6.605250000000001,0.029148619,0.054945318,0.886249977,-0.459011161,0.886249977,-0.459011161,0.028058074,0.055510518
6.605500000000000,0.029149934,0.054939393,0.886238498,-0.459033934,0.886238498,-0.459033934,0.028055303,0.055506749
6.605750000000000,0.029151241,0.054933389,0.886226988,-0.459056777,0.886226988,-0.459056777,0.028052481,0.055502924
6.606000000000001,0.029152538,0.054927305,0.886215444,-0.459079693,0.886215444,-0.459079693,0.028049607,0.055499041
6.606250000000000,0.029153827,0.054921139,0.886203867,-0.459102681,0.886203867,-0.459102681,0.02804668,0.055495099
6.606500000000000,0.029155106,0.054914889,0.886192256,-0.459125745,0.886192256,-0.459125745,0.028043699,0.055491099
6.606750000000001,0.029156376,0.054908555,0.886180611,-0.459148884,0.886180611,-0.459148884,0.028040663,0.055487037
6.607000000000000,0.029157637,0.054902136,0.88616893,-0.459172099,0.88616893,-0.459172099,0.028037571,0.055482915
6.607250000000001,0.029158887,0.054895629,0.886157214,-0.459195393,0.886157214,-0.459195393,0.028034422,0.05547873
6.607500000000001,0.029160128,0.054889034,0.886145461,-0.459218767,0.886145461,-0.459218767,0.028031216,0.055474481
6.607750000000000,0.029161359,0.054882348,0.886133671,-0.459242221,0.886133671,-0.459242221,0.028027952,0.055470169
6.608000000000001,0.02916258,0.054875572,0.886121844,-0.459265757,0.886121844,-0.459265757,0.028024628,0.05546579
6.608250000000001,0.029163791,0.054868701,0.886109979,-0.459289377,0.886109979,-0.459289377,0.028021244,0.055461345
6.608500000000000,0.029164991,0.054861737,0.886098075,-0.459313082,0.886098075,-0.459313082,0.028017798,0.055456833
6.608750000000001,0.029166181,0.054854676,0.886086132,-0.459336873,0.886086132,-0.459336873,0.02801429,0.055452251
6.609000000000000,0.029167359,0.054847517,0.886074148,-0.459360752,0.886074148,-0.459360752,0.028010718,0.0554476
6.609250000000000,0.029168527,0.054840259,0.886062124,-0.459384719,0.886062124,-0.459384719,0.028007081,0.055442877
6.609500000000001,0.029169683,0.054832899,0.886050059,-0.459408778,0.886050059,-0.459408778,0.028003379,0.055438082
6.609750000000000,0.029170828,0.054825437,0.886037951,-0.459432929,0.886037951,-0.459432929,0.02799961,0.055433214
6.610000000000000,0.029171961,0.054817869,0.8860258,-0.459457174,0.8860258,-0.459457174,0.027995772,0.05542827
6.610250000000001,0.029173083,0.054810196,0.886013606,-0.459481515,0.886013606,-0.459481515,0.027991866,0.05542325
6.610500000000000,0.029174192,0.054802413,0.886001368,-0.459505953,0.886001368,-0.459505953,0.027987889,0.055418153
6.610750000000000,0.029175289,0.054794521,0.885989084,-0.45953049,0.885989084,-0.45953049,0.02798384,0.055412977
6.611000000000001,0.029176374,0.054786516,0.885976754,-0.459555127,0.885976754,-0.459555127,0.027979718,0.05540772
6.611250000000000,0.029177446,0.054778397,0.885964378,-0.459579867,0.885964378,-0.459579867,0.027975522,0.055402382
6.611500000000000,0.029178505,0.054770161,0.885951954,-0.459604712,0.885951954,-0.459604712,0.027971251,0.05539696
6.611750000000001,0.029179551,0.054761807,0.885939482,-0.459629662,0.885939482,-0.459629662,0.027966902,0.055391454
6.612000000000000,0.029180583,0.054753332,0.88592696,-0.459654721,0.88592696,-0.459654721,0.027962475,0.055385861
6.612250000000000,0.029181602,0.054744735,0.885914388,-0.45967989,0.885914388,-0.45967989,0.027957968,0.055380181
6.612500000000001,0.029182607,0.054736012,0.885901765,-0.459705171,0.885901765,-0.459705171,0.02795338,0.055374411
6.612750000000000,0.029183597,0.054727162,0.88588909,-0.459730567,0.88588909,-0.459730567,0.027948709,0.05536855
6.613000000000000,0.029184573,0.054718183,0.885876361,-0.459756079,0.885876361,-0.459756079,0.027943954,0.055362597
6.613250000000001,0.029185535,0.054709071,0.885863579,-0.459781709,0.885863579,-0.459781709,0.027939113,0.055356549
6.613500000000000,0.029186481,0.054699824,0.885850742,-0.459807461,0.885850742,-0.459807461,0.027934184,0.055350404
6.613750000000000,0.029187412,0.054690441,0.885837848,-0.459833335,0.885837848,-0.459833335,0.027929166,0.055344162
6.614000000000001,0.029188327,0.054680917,0.885824897,-0.459859335,0.885824897,-0.459859335,0.027924057,0.05533782
6.614250000000000,0.029189227,0.054671251,0.885811888,-0.459885462,0.885811888,-0.459885462,0.027918855,0.055331375
6.614500000000000,0.02919011,0.05466144,0.88579882,-0.45991172,0.88579882,-0.45991172,0.027913559,0.055324827
6.614750000000001,0.029190977,0.054651481,0.885785691,-0.459938111,0.885785691,-0.459938111,0.027908166,0.055318173
6.615000000000000,0.029191827,0.05464137,0.8857725,-0.459964637,0.8857725,-0.459964637,0.027902676,0.055311411
6.615250000000001,0.029192659,0.054631106,0.885759247,-0.459991302,0.885759247,-0.459991302,0.027897085,0.055304539
6.615500000000001,0.029193475,0.054620685,0.885745929,-0.460018107,0.885745929,-0.460018107,0.027891392,0.055297555
6.615750000000000,0.029194272,0.054610103,0.885732546,-0.460045056,0.885732546,-0.460045056,0.027885595,0.055290456
6.616000000000001,0.02919505,0.054599358,0.885719095,-0.460072152,0.885719095,-0.460072152,0.027879691,0.05528324
6.616250000000001,0.029195811,0.054588447,0.885705577,-0.460099397,0.885705577,-0.460099397,0.027873679,0.055275906
6.616500000000000,0.029196552,0.054577365,0.885691989,-0.460126795,0.885691989,-0.460126795,0.027867557,0.05526845
6.616750000000001,0.029197273,0.05456611,0.885678331,-0.460154348,0.885678331,-0.460154348,0.027861321,0.055260869
6.617000000000000,0.029197975,0.054554678,0.885664599,-0.460182061,0.885664599,-0.460182061,0.02785497,0.055253163
6.617250000000000,0.029198657,0.054543065,0.885650794,-0.460209936,0.885650794,-0.460209936,0.027848502,0.055245326
6.617500000000001,0.029199317,0.054531267,0.885636914,-0.460237976,0.885636914,-0.460237976,0.027841913,0.055237358
6.617750000000000,0.029199957,0.054519281,0.885622956,-0.460266185,0.885622956,-0.460266185,0.027835202,0.055229256
6.618000000000000,0.029200575,0.054507102,0.885608919,-0.460294568,0.885608919,-0.460294568,0.027828365,0.055221015
6.618250000000001,0.029201171,0.054494727,0.885594803,-0.460323127,0.885594803,-0.460323127,0.0278214,0.055212635
6.618500000000000,0.029201744,0.05448215,0.885580604,-0.460351866,0.885580604,-0.460351866,0.027814305,0.05520411
6.618750000000000,0.029202294,0.054469369,0.885566321,-0.460380789,0.885566321,-0.460380789,0.027807076,0.055195439
6.619000000000001,0.029202821,0.054456378,0.885551952,-0.4604099,0.885551952,-0.4604099,0.02779971,0.055186618
6.619250000000000,0.029203323,0.054443172,0.885537496,-0.460439204,0.885537496,-0.460439204,0.027792205,0.055177644
6.619500000000000,0.029203801,0.054429748,0.88552295,-0.460468704,0.88552295,-0.460468704,0.027784557,0.055168514
6.619750000000001,0.029204254,0.054416099,0.885508313,-0.460498405,0.885508313,-0.460498405,0.027776764,0.055159223
6.620000000000000,0.029204681,0.054402222,0.885493582,-0.460528312,0.885493582,-0.460528312,0.027768821,0.055149769
6.620250000000000,0.029205081,0.05438811,0.885478755,-0.460558429,0.885478755,-0.460558429,0.027760725,0.055140148
6.620500000000001,0.029205454,0.054373759,0.88546383,-0.460588761,0.88546383,-0.460588761,0.027752474,0.055130355
6.620750000000000,0.0292058,0.054359162,0.885448805,-0.460619313,0.885448805,-0.460619313,0.027744063,0.055120388
6.621000000000000,0.029206117,0.054344315,0.885433677,-0.46065009,0.885433677,-0.46065009,0.027735488,0.055110241
6.621250000000001,0.029206406,0.054329211,0.885418445,-0.460681098,0.885418445,-0.460681098,0.027726747,0.055099911
6.621500000000000,0.029206664,0.054313845,0.885403105,-0.460712341,0.885403105,-0.460712341,0.027717834,0.055089393
6.621750000000000,0.029206893,0.054298209,0.885387655,-0.460743826,0.885387655,-0.460743826,0.027708746,0.055078683
6.622000000000001,0.02920709,0.054282298,0.885372092,-0.460775557,0.885372092,-0.460775557,0.027699478,0.055067776
6.622250000000000,0.029207255,0.054266105,0.885356414,-0.460807542,0.885356414,-0.460807542,0.027690027,0.055056668
6.622500000000000,0.029207388,0.054249624,0.885340618,-0.460839786,0.885340618,-0.460839786,0.027680387,0.055045354
6.622750000000001,0.029207487,0.054232846,0.8853247,-0.460872296,0.8853247,-0.460872296,0.027670555,0.055033828
6.623000000000000,0.029207551,0.054215765,0.885308659,-0.460905078,0.885308659,-0.460905078,0.027660525,0.055022086
6.623250000000001,0.029207581,0.054198373,0.88529249,-0.460938139,0.88529249,-0.460938139,0.027650292,0.055010122
6.623500000000001,0.029207574,0.054180662,0.885276191,-0.460971486,0.885276191,-0.460971486,0.027639851,0.05499793
6.623750000000000,0.02920753,0.054162624,0.885259758,-0.461005127,0.885259758,-0.461005127,0.027629197,0.054985504
6.624000000000001,0.029207448,0.054144251,0.885243188,-0.461039068,0.885243188,-0.461039068,0.027618325,0.05497284
6.624250000000000,0.029207327,0.054125535,0.885226478,-0.461073318,0.885226478,-0.461073318,0.027607229,0.05495993
6.624500000000000,0.029207166,0.054106466,0.885209623,-0.461107884,0.885209623,-0.461107884,0.027595902,0.054946768
6.624750000000001,0.029206964,0.054087034,0.885192619,-0.461142775,0.885192619,-0.461142775,0.02758434,0.054933347
6.625000000000000,0.029206719,0.054067231,0.885175464,-0.461178,0.885175464,-0.461178,0.027572535,0.054919661
6.625250000000000,0.029206431,0.054047046,0.885158152,-0.461213568,0.885158152,-0.461213568,0.027560481,0.054905703
6.625500000000001,0.029206099,0.05402647,0.88514068,-0.461249487,0.88514068,-0.461249487,0.027548171,0.054891465
6.625750000000000,0.02920572,0.054005491,0.885123043,-0.461285767,0.885123043,-0.461285767,0.027535599,0.05487694
6.626000000000000,0.029205295,0.053984098,0.885105237,-0.461322419,0.885105237,-0.461322419,0.027522757,0.05486212
6.626250000000001,0.02920482,0.05396228,0.885087257,-0.461359452,0.885087257,-0.461359452,0.027509638,0.054846996
6.626500000000000,0.029204296,0.053940025,0.885069097,-0.461396877,0.885069097,-0.461396877,0.027496234,0.05483156
6.626750000000000,0.029203721,0.053917321,0.885050754,-0.461434706,0.885050754,-0.461434706,0.027482536,0.054815804
6.627000000000001,0.029203093,0.053894155,0.885032221,-0.461472949,0.885032221,-0.461472949,0.027468537,0.054799717
6.627250000000000,0.02920241,0.053870513,0.885013494,-0.461511619,0.885013494,-0.461511619,0.027454227,0.054783292
6.627500000000000,0.029201672,0.053846382,0.884994566,-0.461550728,0.884994566,-0.461550728,0.027439598,0.054766517
6.627750000000001,0.029200876,0.053821747,0.884975432,-0.46159029,0.884975432,-0.46159029,0.02742464,0.054749383
6.628000000000000,0.02920002,0.053796594,0.884956085,-0.461630316,0.884956085,-0.461630316,0.027409344,0.054731879
6.628250000000000,0.029199103,0.053770906,0.884936519,-0.461670822,0.884936519,-0.461670822,0.027393699,0.054713994
6.628500000000001,0.029198123,0.053744669,0.884916727,-0.461711822,0.884916727,-0.461711822,0.027377695,0.054695716
6.628750000000000,0.029197078,0.053717864,0.884896704,-0.46175333,0.884896704,-0.46175333,0.02736132,0.054677034
6.629000000000000,0.029195966,0.053690474,0.88487644,-0.461795364,0.88487644,-0.461795364,0.027344563,0.054657935
6.629250000000001,0.029194784,0.053662481,0.884855929,-0.461837938,0.884855929,-0.461837938,0.027327413,0.054638406
6.629500000000000,0.029193531,0.053633867,0.884835163,-0.461881071,0.884835163,-0.461881071,0.027309856,0.054618433
6.629750000000000,0.029192204,0.053604611,0.884814134,-0.461924779,0.884814134,-0.461924779,0.02729188,0.054598002
6.630000000000001,0.029190801,0.053574692,0.884792833,-0.461969081,0.884792833,-0.461969081,0.027273472,0.0545771
6.630250000000000,0.029189318,0.05354409,0.884771251,-0.462013998,0.884771251,-0.462013998,0.027254616,0.054555709
6.630500000000001,0.029187755,0.053512781,0.88474938,-0.462059548,0.88474938,-0.462059548,0.027235299,0.054533815
6.630750000000001,0.029186107,0.053480742,0.884727209,-0.462105753,0.884727209,-0.462105753,0.027215505,0.0545114
6.631000000000000,0.029184372,0.053447949,0.884704728,-0.462152635,0.884704728,-0.462152635,0.027195217,0.054488447
6.631250000000001,0.029182546,0.053414375,0.884681927,-0.462200218,0.884681927,-0.462200218,0.02717442,0.054464939
6.631500000000001,0.029180627,0.053379994,0.884658794,-0.462248524,0.884658794,-0.462248524,0.027153095,0.054440854
6.631750000000000,0.029178612,0.053344778,0.884635318,-0.46229758,0.884635318,-0.46229758,0.027131223,0.054416175
6.632000000000001,0.029176496,0.053308697,0.884611487,-0.462347411,0.884611487,-0.462347411,0.027108786,0.054390879
6.632250000000000,0.029174276,0.053271721,0.884587288,-0.462398046,0.884587288,-0.462398046,0.027085764,0.054364945
6.632500000000000,0.029171948,0.053233817,0.884562708,-0.462449514,0.884562708,-0.462449514,0.027062135,0.05433835
6.632750000000001,0.029169509,0.053194951,0.884537732,-0.462501844,0.884537732,-0.462501844,0.027037876,0.05431107
6.633000000000000,0.029166954,0.053155088,0.884512346,-0.462555069,0.884512346,-0.462555069,0.027012965,0.054283079
6.633250000000000,0.029164278,0.053114191,0.884486535,-0.462609221,0.884486535,-0.462609221,0.026987377,0.054254351
6.633500000000001,0.029161476,0.053072219,0.884460282,-0.462664338,0.884460282,-0.462664338,0.026961086,0.054224858
6.633750000000000,0.029158545,0.053029132,0.88443357,-0.462720454,0.88443357,-0.462720454,0.026934065,0.054194571
6.634000000000000,0.029155478,0.052984887,0.884406381,-0.46277761,0.884406381,-0.46277761,0.026906286,0.054163458
6.634250000000001,0.02915227,0.052939437,0.884378697,-0.462835845,0.884378697,-0.462835845,0.026877718,0.054131488
6.634500000000000,0.029148916,0.052892736,0.884350497,-0.462895204,0.884350497,-0.462895204,0.02684833,0.054098627
6.634750000000000,0.029145409,0.052844731,0.88432176,-0.462955731,0.88432176,-0.462955731,0.026818089,0.054064837
6.635000000000001,0.029141743,0.05279537,0.884292464,-0.463017475,0.884292464,-0.463017475,0.026786959,0.054030082
6.635250000000000,0.02913791,0.052744596,0.884262586,-0.463080486,0.884262586,-0.463080486,0.026754903,0.053994321
6.635500000000000,0.029133905,0.052692349,0.884232101,-0.463144818,0.884232101,-0.463144818,0.026721883,0.053957512
6.635750000000001,0.029129718,0.052638567,0.884200982,-0.463210526,0.884200982,-0.463210526,0.026687855,0.053919611
6.636000000000000,0.029125342,0.052583182,0.884169203,-0.463277671,0.884169203,-0.463277671,0.026652778,0.053880569
6.636250000000000,0.029120769,0.052526125,0.884136733,-0.463346316,0.884136733,-0.463346316,0.026616604,0.053840337
6.636500000000001,0.029115989,0.05246732,0.884103542,-0.463416528,0.884103542,-0.463416528,0.026579284,0.053798861
6.636750000000000,0.029110993,0.052406688,0.884069597,-0.463488378,0.884069597,-0.463488378,0.026540765,0.053756087
6.637000000000000,0.02910577,0.052344145,0.884034861,-0.463561941,0.884034861,-0.463561941,0.026500992,0.053711952
6.637250000000001,0.029100309,0.052279601,0.883999299,-0.463637298,0.883999299,-0.463637298,0.026459907,0.053666396
6.637500000000000,0.029094598,0.052212962,0.883962871,-0.463714534,0.883962871,-0.463714534,0.026417446,0.053619349
6.637750000000000,0.029088626,0.052144125,0.883925534,-0.463793738,0.883925534,-0.463793738,0.026373543,0.05357074
6.638000000000001,0.029082379,0.052072984,0.883887243,-0.463875009,0.883887243,-0.463875009,0.026328126,0.053520493
6.638250000000000,0.029075842,0.051999422,0.88384795,-0.463958448,0.88384795,-0.463958448,0.026281119,0.053468526
6.638500000000001,0.029069,0.051923317,0.883807604,-0.464044167,0.883807604,-0.464044167,0.026232442,0.053414752
6.638750000000001,0.029061838,0.051844539,0.88376615,-0.464132282,0.88376615,-0.464132282,0.026182008,0.053359078
6.639000000000000,0.029054337,0.051762945,0.883723529,-0.464222919,0.883723529,-0.464222919,0.026129723,0.053301405
6.639250000000001,0.029046478,0.051678386,0.883679677,-0.464316213,0.883679677,-0.464316213,0.026075488,0.053241625
6.639500000000001,0.029038242,0.051590699,0.883634528,-0.464412308,0.883634528,-0.464412308,0.026019196,0.053179626
6.639750000000000,0.029029606,0.051499713,0.883588009,-0.46451136,0.883588009,-0.46451136,0.025960733,0.053115283
6.640000000000001,0.029020548,0.051405239,0.883540041,-0.464613536,0.883540041,-0.464613536,0.025899976,0.053048466
6.640250000000000,0.029011041,0.051307077,0.883490539,-0.464719015,0.883490539,-0.464719015,0.02583679,0.052979032
6.640500000000000,0.029001059,0.051205011,0.883439413,-0.46482799,0.883439413,-0.46482799,0.025771032,0.052906828
6.640750000000001,0.028990571,0.051098807,0.883386565,-0.464940672,0.883386565,-0.464940672,0.025702549,0.052831688
6.641000000000000,0.028979545,0.05098821,0.883331886,-0.465057286,0.883331886,-0.465057286,0.025631171,0.052753435
6.641250000000000,0.028967946,0.050872949,0.883275263,-0.465178077,0.883275263,-0.465178077,0.025556717,0.052671875
6.641500000000001,0.028955737,0.050752724,0.88321657,-0.46530331,0.88321657,-0.46530331,0.025478989,0.052586797
6.641750000000000,0.028942874,0.050627213,0.883155669,-0.465433276,0.883155669,-0.465433276,0.025397774,0.052497974
6.642000000000000,0.028929313,0.050496065,0.883092413,-0.465568287,0.883092413,-0.465568287,0.025312836,0.052405158
6.642250000000001,0.028915004,0.050358894,0.883026638,-0.465708687,0.883026638,-0.465708687,0.025223922,0.052308078
6.642500000000000,0.028899892,0.050215282,0.882958167,-0.46585485,0.882958167,-0.46585485,0.025130752,0.052206439
6.642750000000000,0.028883917,0.05006477,0.882886805,-0.466007187,0.882886805,-0.466007187,0.025033019,0.052099916
6.643000000000001,0.028867012,0.049906853,0.882812337,-0.466166147,0.882812337,-0.466166147,0.024930389,0.051988157
6.643250000000000,0.028849104,0.049740977,0.882734527,-0.466332225,0.882734527,-0.466332225,0.024822491,0.051870769
6.643500000000000,0.028830113,0.049566531,0.882653116,-0.466505967,0.882653116,-0.466505967,0.024708918,0.051747325
6.643750000000001,0.028809946,0.049382839,0.882567813,-0.466687975,0.882567813,-0.466687975,0.024589219,0.051617348
6.644000000000000,0.028788505,0.049189153,0.882478301,-0.466878916,0.882478301,-0.466878916,0.024462893,0.051480314
6.644250000000000,0.028765676,0.048984642,0.882384222,-0.467079532,0.882384222,-0.467079532,0.024329385,0.051335638
6.644500000000001,0.028741333,0.04876838,0.882285178,-0.467290647,0.882285178,-0.467290647,0.024188074,0.051182672
6.644750000000000,0.028715336,0.048539332,0.882180726,-0.467513185,0.882180726,-0.467513185,0.024038267,0.05102069
6.645000000000000,0.028687524,0.048296337,0.882070366,-0.467748179,0.882070366,-0.467748179,0.023879186,0.05084888
6.645250000000001,0.028657716,0.048038092,0.881953534,-0.46799679,0.881953534,-0.46799679,0.023709953,0.050666327
6.645500000000000,0.028625707,0.047763123,0.881829593,-0.468260329,0.881829593,-0.468260329,0.02352958,0.050472003
6.645750000000000,0.028591261,0.047469762,0.88169782,-0.468540282,0.88169782,-0.468540282,0.023336941,0.050264742
6.646000000000001,0.028554109,0.047156111,0.881557389,-0.468838337,0.881557389,-0.468838337,0.023130758,0.050043217
6.646250000000000,0.028513941,0.046820001,0.881407356,-0.469156421,0.881407356,-0.469156421,0.022909566,0.049805918
6.646500000000001,0.028470396,0.046458942,0.881246632,-0.469496749,0.881246632,-0.469496749,0.022671682,0.04955111
6.646750000000001,0.028423055,0.046070065,0.881073959,-0.469861869,0.881073959,-0.469861869,0.02241516,0.049276795
6.647000000000000,0.028371428,0.045650039,0.880887873,-0.470254738,0.880887873,-0.470254738,0.022137743,0.048980659
6.647250000000001,0.028314936,0.045194983,0.880686659,-0.470678801,0.880686659,-0.470678801,0.02183679,0.048660009
6.647500000000001,0.02825289,0.04470034,0.8804683,-0.471138098,0.8804683,-0.471138098,0.021509199,0.048311687
6.647750000000000,0.028184468,0.044160731,0.880230401,-0.471637398,0.880230401,-0.471637398,0.021151296,0.04793197
6.648000000000001,0.028108678,0.043569753,0.879970103,-0.47218237,0.879970103,-0.47218237,0.020758699,0.047516436
6.648250000000000,0.028024311,0.042919727,0.879683957,-0.47277981,0.879683957,-0.47277981,0.020326139,0.047059791
6.648500000000000,0.027929884,0.042201366,0.879367771,-0.473437928,0.879367771,-0.473437928,0.019847225,0.046555645
6.648750000000001,0.02782355,0.041403326,0.879016396,-0.474166746,0.879016396,-0.474166746,0.019314126,0.045996212
6.649000000000000,0.027702988,0.040511606,0.878623434,-0.474978616,0.878623434,-0.474978616,0.018717141,0.045371906
6.649250000000000,0.027565239,0.039508723,0.87818084,-0.475888946,0.87818084,-0.475888946,0.018044113,0.044670792
6.649500000000001,0.027406471,0.038372554,0.877678354,-0.476917208,0.877678354,-0.476917208,0.017279586,0.043877816
6.649750000000000,0.027221638,0.037074693,0.877102683,-0.478088364,0.877102683,-0.478088364,0.016403619,0.042973718
6.650000000000000,0.027003963,0.035578044,0.876436294,-0.479434954,0.876436294,-0.479434954,0.015390028,0.041933456
6.650250000000001,0.026744138,0.033833236,0.875655583,-0.481000205,0.875655583,-0.481000205,0.014203733,0.040723859
6.650500000000000,0.02642904,0.031773075,0.874727999,-0.482842804,0.874727999,-0.482842804,0.012796642,0.039300042
6.650750000000000,0.026039585,0.029303723,0.873607381,-0.485044484,0.873607381,-0.485044484,0.011101002,0.037599745
6.651000000000001,0.025546991,0.026290038,0.872226037,-0.487722559,0.872226037,-0.487722559,0.009018228,0.035534041
6.651250000000000,0.024905866,0.022530073,0.870480591,-0.491051619,0.870480591,-0.491051619,0.006399147,0.032971379
6.651500000000000,0.024040565,0.017708014,0.868205037,-0.495303284,0.868205037,-0.495303284,0.003006852,0.029708666
6.651750000000001,0.022815868,0.011300897,0.865115192,-0.500924325,0.865115192,-0.500924325,-1.56E-03,0.025415207
6.652000000000000,0.020966675,0.002375835,0.860681848,-0.508704494,0.860681848,-0.508704494,-8.03E-03,0.019514562
6.652250000000000,0.017902684,-0.010908365,0.853797972,-0.520182203,0.853797972,-0.520182203,-0.017903602,0.010906858
6.652500000000001,0.012111243,-0.032488577,0.841862938,-0.538571203,0.841862938,-0.538571203,-0.034576807,-2.62E-03
6.652750000000000,-2.07E-03,-0.074309413,0.815974508,-0.573290473,0.815974508,-0.573290473,-0.06918866,-0.027165349
6.653000000000000,-0.059184318,-0.181377143,0.730350869,-0.655886539,0.730350869,-0.655886539,-0.173993331,-0.078273702
6.653020554330642,-0.072809892,-0.199910736,0.712041809,-0.669050981,0.712041809,-0.669050981,-0.195044397,-0.085013219
6.653040793464791,-0.089575712,-0.220572213,0.690161314,-0.683250297,0.690161314,-0.683250297,-0.219738583,-0.091638099
6.653060722235923,-0.110613789,-0.243705725,0.66354978,-0.698463191,0.66354978,-0.698463191,-0.249150752,-0.097777937
6.653080345403391,-0.137490485,-0.269549668,0.630674548,-0.714438453,0.630674548,-0.714438453,-0.284634124,-0.102735165
6.653099667653565,-0.172434912,-0.298105269,0.589456665,-0.730503368,0.589456665,-0.730503368,-0.327923904,-0.105254029
6.653118693600951,-0.218649241,-0.328815872,0.537078473,-0.745170858,0.537078473,-0.745170858,-0.381197936,-0.103096095
6.653137427789292,-0.280683554,-0.359866132,0.469845924,-0.755372677,0.469845924,-0.755372677,-0.446973285,-0.0922836
6.653155874692654,-0.364677451,-0.386722772,0.383404422,-0.755025673,0.383404422,-0.755025673,-0.527471557,-0.065827785
6.653174038716494,-0.477672418,-0.399341409,0.274224391,-0.732635104,0.274224391,-0.732635104,-0.622509128,-0.011943135
6.653191924198712,-0.623629365,-0.3779332,0.144594548,-0.668551048,0.144594548,-0.668551048,-0.724011672,0.087001472
6.653209535410687,-0.791613278,-0.291055132,0.014216684,-0.536759415,0.014216684,-0.536759415,-0.805743772,0.24930759
6.653226876558297,-0.936898856,-0.110586211,-0.066703138,-0.32455859,-0.066703138,-0.32455859,-0.817050023,0.471641853
6.653243951782927,-0.986258554,0.144072403,-0.03574723,-0.072176359,-0.03574723,-0.072176359,-0.711888457,0.697624239
6.653250000000001,-0.971242079,0.237766163,0.00657852,0.010650561,0.00657852,0.010650561,-0.647381976,0.762063302
6.653260765162449,-0.905356806,0.387824714,0.113340026,0.130673057,0.113340026,0.130673057,-0.511517067,0.841683677
6.653277320712206,-0.74352878,0.545487232,0.311857401,0.228775766,0.311857401,0.228775766,-0.29671182,0.873138727
6.653293622385965,-0.572803761,0.61143356,0.490974218,0.238662371,0.490974218,0.238662371,-0.126687931,0.828213311
6.653309674076863,-0.430399663,0.618268751,0.625834967,0.201987754,0.625834967,0.201987754,-0.012024249,0.753252607
6.653325479618335,-0.32245861,0.596331161,0.719870237,0.148898,0.719870237,0.148898,0.059601204,0.675326924
6.653341042785034,-0.243207454,0.563480729,0.783854626,0.094303246,0.783854626,0.094303246,0.102748796,0.605081845
6.653356367293729,-0.185169419,0.528395932,0.827380699,0.044037138,0.827380699,0.044037138,0.128129359,0.54505716
6.653371456804190,-0.142228134,0.494808961,0.857279517,-2.68E-04,0.857279517,-2.68E-04,0.14260675,0.494709615
6.653386314920068,-0.109967573,0.464088783,0.878082999,-0.038671207,0.878082999,-0.038671207,0.150389294,0.45261504
6.653400945189753,-0.085323953,0.436546733,0.892742594,-0.071807308,0.892742594,-0.071807308,0.154036696,0.417288387
6.653415351107220,-0.06618766,0.412051798,0.90318627,-0.100436546,0.90318627,-0.100436546,0.155116716,0.387438249
6.653429536112862,-0.051096867,0.39031098,0.910688908,-0.125274108,0.910688908,-0.125274108,0.15460168,0.362012377
6.653443503594319,-0.039025995,0.370993207,0.916107017,-0.146938822,0.916107017,-0.146938822,0.153102964,0.340174851
6.653457256887282,-0.029244788,0.353781185,0.920025829,-0.165947383,0.920025829,-0.165947383,0.151009905,0.321266991
6.653470799276286,-0.021225168,0.338390416,0.922851686,-0.182724665,0.922851686,-0.182724665,0.148573028,0.304769673
6.653484133995500,-0.014579406,0.324573727,0.92487131,-0.197618249,0.92487131,-0.197618249,0.145954742,0.290272035
6.653497264229500,-9.02E-03,0.312120121,0.926291257,-0.210912782,0.926291257,-0.210912782,0.143260653,0.277446737
6.653500000000000,-7.97E-03,0.309657036,0.926528384,-0.213528027,0.926528384,-0.213528027,0.142691343,0.274936563
6.653510193114024,-4.33E-03,0.300851284,0.927260485,-0.222840307,0.927260485,-0.222840307,0.140559516,0.266032377
6.653522923736726,-3.34E-04,0.290618317,0.927888331,-0.233589703,0.927888331,-0.233589703,0.137896184,0.255819778
6.653535459137911,0.003084664,0.281293005,0.928256564,-0.243319603,0.928256564,-0.243319603,0.135298953,0.246636301
6.653547802311261,0.006032047,0.272766036,0.928426675,-0.252162586,0.928426675,-0.252162586,0.132785081,0.238339731
6.653559956204550,0.008588424,0.264944027,0.928445301,-0.26023,0.928445301,-0.26023,0.130364396,0.230812141
6.653571923720350,0.010817973,0.257746948,0.928348093,-0.26761587,0.928348093,-0.26761587,0.128041718,0.223955077
6.653583707716723,0.012772438,0.251105976,0.928162495,-0.274400018,0.928162495,-0.274400018,0.12581851,0.217685813
6.653595311007900,0.014493877,0.244961698,0.927909767,-0.280650555,0.927909767,-0.280650555,0.123694003,0.211934409
6.653606736364961,0.016016736,0.239262639,0.927606464,-0.286425895,0.927606464,-0.286425895,0.121665977,0.206641391
6.653617986516489,0.017369419,0.233964028,0.92726554,-0.291776374,0.92726554,-0.291776374,0.119731297,0.201755908
6.653629064149224,0.01857551,0.22902678,0.926897171,-0.296745565,0.926897171,-0.296745565,0.117886278,0.197234253
6.653639971908707,0.019654708,0.224416652,0.926509373,-0.301371354,0.926509373,-0.301371354,0.116126941,0.193038674
6.653650712399911,0.020623564,0.220103535,0.926108478,-0.305686822,0.926108478,-0.305686822,0.114449192,0.189136411
6.653661288187861,0.02149606,0.216060861,0.925699492,-0.309720969,0.925699492,-0.309720969,0.112848932,0.185498908
6.653671701798247,0.02228407,0.212265108,0.925286376,-0.313499317,0.925286376,-0.313499317,0.111322139,0.18210117
6.653681955718030,0.022997724,0.208695384,0.924872262,-0.317044411,0.924872262,-0.317044411,0.109864919,0.178921228
6.653692052396032,0.023645709,0.205333073,0.92445962,-0.320376237,0.92445962,-0.320376237,0.108473533,0.175939699
6.653701994243524,0.024235501,0.202161532,0.924050392,-0.323512572,0.924050392,-0.323512572,0.107144417,0.173139418
6.653711783634801,0.024773565,0.199165841,0.923646095,-0.326469285,0.923646095,-0.326469285,0.105874191,0.170505132
6.653721422907749,0.025265511,0.196332585,0.923247905,-0.32926058,0.923247905,-0.32926058,0.104659655,0.168023237
6.653730914364401,0.025716226,0.193649663,0.922856721,-0.331899218,0.922856721,-0.331899218,0.103497792,0.165681566
6.653740260271489,0.026129982,0.191106138,0.922473218,-0.334396691,0.922473218,-0.334396691,0.102385758,0.163469196
6.653749462860987,0.026510523,0.18869209,0.922097893,-0.33676338,0.922097893,-0.33676338,0.101320876,0.1613763
6.653750000000000,0.026531955,0.188553864,0.922076068,-0.336898786,0.922076068,-0.336898786,0.101259624,0.161256665
6.653758524330642,0.026861147,0.186398505,0.921731092,-0.339008686,0.921731092,-0.339008686,0.100300628,0.159394004
6.653767446844497,0.027184761,0.184217169,0.921373043,-0.341141149,0.921373043,-0.341141149,0.099322646,0.157514278
6.653776232533412,0.027483937,0.182140582,0.921023879,-0.343168539,0.921023879,-0.343168539,0.098384704,0.155729835
6.653784883495569,0.027760959,0.180161881,0.920683653,-0.345097948,0.920683653,-0.345097948,0.097484708,0.154034048
6.653793401796976,0.028017854,0.178274769,0.920352354,-0.346935859,0.920352354,-0.346935859,0.096620688,0.152420874
6.653801789471958,0.028256435,0.176473462,0.920029921,-0.348688214,0.920029921,-0.348688214,0.095790791,0.150884791
6.653810048523645,0.028478316,0.174752637,0.919716252,-0.350360465,0.919716252,-0.350360465,0.094993275,0.149420747
6.653818180924449,0.028684947,0.173107385,0.919411213,-0.351957628,0.919411213,-0.351957628,0.094226497,0.148024103
6.653826188616536,0.028877625,0.171533171,0.919114645,-0.353484323,0.919114645,-0.353484323,0.093488913,0.146690602
6.653834073512289,0.029057519,0.170025804,0.918826368,-0.354944814,0.918826368,-0.354944814,0.092779067,0.14541632
6.653841837494765,0.029225682,0.168581399,0.918546192,-0.356343038,0.918546192,-0.356343038,0.09209559,0.144197645
6.653849482418144,0.029383062,0.167196357,0.918273911,-0.357682642,0.918273911,-0.357682642,0.091437189,0.143031239
6.653857010108172,0.029530516,0.165867334,0.918009315,-0.358967001,0.918009315,-0.358967001,0.090802649,0.141914017
6.653864422362601,0.029668824,0.164591223,0.91775219,-0.360199247,0.91775219,-0.360199247,0.090190821,0.140843124
6.653871720951612,0.029798688,0.163365133,0.917502318,-0.361382291,0.917502318,-0.361382291,0.089600624,0.139815911
6.653878907618240,0.029920749,0.162186371,0.917259483,-0.362518836,0.917259483,-0.362518836,0.089031038,0.138829925
6.653885984078793,0.03003559,0.161052427,0.917023468,-0.363611399,0.917023468,-0.363611399,0.088481101,0.137882882
6.653892952023258,0.030143741,0.159960959,0.916794059,-0.364662325,0.916794059,-0.364662325,0.087949904,0.13697266
6.653899813115709,0.030245685,0.158909777,0.916571048,-0.365673802,0.916571048,-0.365673802,0.087436592,0.136097285
6.653906568994698,0.030341866,0.157896838,0.916354227,-0.36664787,0.916354227,-0.36664787,0.086940355,0.135254915
6.653913221273653,0.030432688,0.156920227,0.916143395,-0.367586435,0.916143395,-0.367586435,0.08646043,0.134443834
6.653919771541259,0.030518522,0.155978152,0.915938357,-0.368491282,0.915938357,-0.368491282,0.085996093,0.133662437
6.653926221361838,0.030599708,0.155068934,0.915738922,-0.369364079,0.915738922,-0.369364079,0.085546664,0.132909227
6.653932572275728,0.030676558,0.154190998,0.915544905,-0.370206389,0.915544905,-0.370206389,0.085111498,0.132182802
6.653938825799642,0.030749359,0.153342866,0.915356126,-0.371019677,0.915356126,-0.371019677,0.084689983,0.131481849
6.653944983427034,0.030818377,0.152523148,0.915172414,-0.371805319,0.915172414,-0.371805319,0.084281545,0.130805138
6.653951046628459,0.030883855,0.15173054,0.9149936,-0.372564607,0.9149936,-0.372564607,0.083885635,0.130151517
6.653957016851918,0.030946018,0.150963813,0.914819522,-0.373298752,0.914819522,-0.373298752,0.083501737,0.129519903
6.653962895523213,0.031005074,0.150221809,0.914650026,-0.374008898,0.914650026,-0.374008898,0.083129361,0.128909278
6.653968684046276,0.031061215,0.149503441,0.91448496,-0.374696118,0.91448496,-0.374696118,0.082768041,0.128318686
6.653974383803511,0.03111462,0.148807679,0.914324181,-0.375361424,0.914324181,-0.375361424,0.082417337,0.127747227
6.653979996156124,0.031165453,0.148133554,0.914167548,-0.376005771,0.914167548,-0.376005771,0.082076831,0.127194054
6.653985522444449,0.031213868,0.147480151,0.914014928,-0.37663006,0.914014928,-0.37663006,0.081746125,0.126658367
6.653990963988263,0.031260007,0.146846603,0.913866192,-0.377235139,0.913866192,-0.377235139,0.081424843,0.126139413
6.653996322087105,0.031304001,0.146232093,0.913721216,-0.377821813,0.913721216,-0.377821813,0.081112625,0.125636481
6.654000000000001,0.031333401,0.145815527,0.913622541,-0.378219383,0.913622541,-0.378219383,0.080900647,0.125295792
6.654001598020590,0.031345975,0.145635837,0.913579877,-0.378390849,0.913579877,-0.378390849,0.080809126,0.125148891
6.654006793048703,0.031386044,0.145056972,0.913442022,-0.378943088,0.913442022,-0.378943088,0.080513949,0.124675906
6.654011908412113,0.031424316,0.144494756,0.913307527,-0.379479253,0.913307527,-0.379479253,0.080226761,0.12421689
6.654016945332464,0.03146089,0.143948531,0.913176288,-0.379999987,0.913176288,-0.379999987,0.079947267,0.123771274
6.654021905012663,0.03149586,0.143417675,0.913048202,-0.380505901,0.913048202,-0.380505901,0.079675189,0.123338519
6.654026788637172,0.031529309,0.142901575,0.912923034,-0.380997515,0.912923034,-0.380997515,0.079410263,0.122918118
6.654031597372289,0.03156132,0.142399682,0.912800775,-0.381475411,0.912800775,-0.381475411,0.079152234,0.122509587
6.654036332366429,0.031591973,0.141911476,0.912681403,-0.381940137,0.912681403,-0.381940137,0.078900863,0.122112469
6.654040994750393,0.031621339,0.141436449,0.91256483,-0.382392186,0.91256483,-0.382392186,0.078655919,0.121726331
6.654045585637645,0.031649485,0.140974122,0.912450972,-0.382832028,0.912450972,-0.382832028,0.078417184,0.121350759
6.654050106124572,0.031676473,0.140524036,0.912339749,-0.383260106,0.912339749,-0.383260106,0.078184448,0.120985364
6.654054557290749,0.031702362,0.140085755,0.912231084,-0.383676845,0.912231084,-0.383676845,0.07795751,0.120629771
6.654058940199194,0.031727207,0.139658864,0.912124901,-0.38408265,0.912124901,-0.38408265,0.077736179,0.120283627
6.654063255896628,0.031751061,0.139242967,0.912021128,-0.384477903,0.912021128,-0.384477903,0.077520272,0.119946597
6.654067505413717,0.031773971,0.138837687,0.911919697,-0.384862973,0.911919697,-0.384862973,0.077309613,0.11961836
6.654071689765322,0.031795984,0.138442663,0.911820541,-0.385238208,0.911820541,-0.385238208,0.077104039,0.11929861
6.654075809950745,0.031817143,0.13805755,0.911723594,-0.385603943,0.911723594,-0.385603943,0.076903389,0.118987055
6.654079866953960,0.031837488,0.137682021,0.911628796,-0.385960496,0.911628796,-0.385960496,0.076707508,0.118683413
6.654083861743853,0.031857058,0.137315761,0.911536086,-0.386308173,0.911536086,-0.386308173,0.076516249,0.118387418
6.654087795274454,0.03187589,0.136958468,0.911445407,-0.386647263,0.911445407,-0.386647263,0.076329468,0.118098817
6.654091668485159,0.031894018,0.136609855,0.911356709,-0.386978034,0.911356709,-0.386978034,0.076147026,0.117817364
6.654095482300964,0.031911473,0.136269643,0.911269941,-0.387300744,0.911269941,-0.387300744,0.075968794,0.117542809
6.654099237632678,0.031928287,0.13593757,0.911185033,-0.387615695,0.911185033,-0.387615695,0.075794683,0.117274948
6.654102935377141,0.031944489,0.135613383,0.911101938,-0.387923124,0.911101938,-0.387923124,0.075624534,0.117013589
6.654106576417442,0.031960105,0.135296839,0.911020614,-0.388223246,0.911020614,-0.388223246,0.075458229,0.116758506
6.654110161623130,0.031975163,0.134987703,0.910941016,-0.388516287,0.910941016,-0.388516287,0.075295662,0.116509499
6.654113691850416,0.031989685,0.134685752,0.910863098,-0.388802463,0.910863098,-0.388802463,0.07513673,0.116266383
6.654117167942381,0.032003696,0.134390771,0.910786816,-0.389081984,0.910786816,-0.389081984,0.074981328,0.116028978
6.654120590729182,0.032017218,0.134102552,0.910712128,-0.389355048,0.910712128,-0.389355048,0.074829357,0.115797109
6.654123961028240,0.032030271,0.133820898,0.910638993,-0.389621848,0.910638993,-0.389621848,0.074680722,0.115570612
6.654127279644447,0.032042875,0.133545616,0.910567371,-0.389882568,0.910567371,-0.389882568,0.07453533,0.115349325
6.654130547370347,0.032055049,0.133276524,0.910497224,-0.390137384,0.910497224,-0.390137384,0.074393093,0.115133096
6.654133764986332,0.032066812,0.133013443,0.910428514,-0.390386468,0.910428514,-0.390386468,0.074253924,0.114921777
6.654136933260830,0.032078179,0.132756204,0.910361207,-0.390629984,0.910361207,-0.390629984,0.074117741,0.114715225
6.654140052950479,0.032089167,0.132504641,0.910295267,-0.390868089,0.910295267,-0.390868089,0.073984463,0.114513303
6.654143124800321,0.032099793,0.132258598,0.91023066,-0.391100936,0.91023066,-0.391100936,0.073854014,0.11431588
6.654146149543968,0.032110069,0.132017921,0.910167355,-0.391328671,0.910167355,-0.391328671,0.073726319,0.114122829
6.654149127903787,0.03212001,0.131782464,0.910105318,-0.391551437,0.910105318,-0.391551437,0.073601306,0.113934028
6.654152060591059,0.03212963,0.131552083,0.91004452,-0.391769368,0.91004452,-0.391769368,0.073478904,0.113749358
6.654154948306168,0.032138942,0.131326643,0.909984931,-0.391982597,0.909984931,-0.391982597,0.073359048,0.113568706
6.654157791738751,0.032147956,0.131106011,0.909926522,-0.392191251,0.909926522,-0.392191251,0.073241671,0.113391963
6.654160591567871,0.032156685,0.13089006,0.909869265,-0.392395452,0.909869265,-0.392395452,0.073126711,0.113219021
6.654163348462180,0.03216514,0.130678666,0.909813133,-0.392595318,0.909813133,-0.392595318,0.073014107,0.11304978
6.654166063080075,0.03217333,0.130471709,0.909758099,-0.392790964,0.909758099,-0.392790964,0.072903799,0.112884141
6.654168736069854,0.032181268,0.130269076,0.909704138,-0.3929825,0.909704138,-0.3929825,0.072795731,0.112722008
6.654171368069878,0.03218896,0.130070654,0.909651225,-0.393170032,0.909651225,-0.393170032,0.072689846,0.11256329
6.654173959708714,0.032196418,0.129876336,0.909599336,-0.393353665,0.909599336,-0.393353665,0.072586093,0.112407897
6.654176511605295,0.032203649,0.129686017,0.909548448,-0.393533498,0.909548448,-0.393533498,0.072484418,0.112255743
6.654179024369058,0.032210662,0.129499597,0.909498536,-0.393709627,0.909498536,-0.393709627,0.072384771,0.112106746
6.654181498600099,0.032217465,0.129316978,0.909449581,-0.393882146,0.909449581,-0.393882146,0.072287104,0.111960824
6.654183934889310,0.032224066,0.129138065,0.909401559,-0.394051146,0.909401559,-0.394051146,0.072191369,0.111817901
6.654186333818518,0.032230471,0.128962768,0.90935445,-0.394216713,0.90935445,-0.394216713,0.07209752,0.1116779
6.654188695960634,0.032236688,0.128790997,0.909308233,-0.394378933,0.909308233,-0.394378933,0.072005512,0.111540749
6.654191021879779,0.032242724,0.128622666,0.90926289,-0.394537887,0.90926289,-0.394537887,0.071915303,0.111406377
6.654193312131426,0.032248585,0.128457692,0.9092184,-0.394693657,0.9092184,-0.394693657,0.071826851,0.111274716
6.654195567262529,0.032254277,0.128295995,0.909174744,-0.394846318,0.909174744,-0.394846318,0.071740114,0.111145699
6.654197787811653,0.032259805,0.128137495,0.909131905,-0.394995945,0.909131905,-0.394995945,0.071655053,0.111019262
6.654199974309107,0.032265177,0.127982118,0.909089865,-0.395142612,0.909089865,-0.395142612,0.07157163,0.110895343
6.654202127277067,0.032270396,0.127829789,0.909048607,-0.395286388,0.909048607,-0.395286388,0.071489807,0.110773881
6.654204247229699,0.032275469,0.127680436,0.909008113,-0.395427341,0.909008113,-0.395427341,0.071409549,0.110654818
6.654206334673287,0.0322804,0.127533991,0.908968367,-0.395565539,0.908968367,-0.395565539,0.071330819,0.110538097
6.654208390106351,0.032285194,0.127390386,0.908929353,-0.395701045,0.908929353,-0.395701045,0.071253583,0.110423664
6.654210414019766,0.032289855,0.127249556,0.908891057,-0.395833922,0.908891057,-0.395833922,0.071177809,0.110311463
6.654212406896880,0.032294389,0.127111436,0.908853461,-0.39596423,0.908853461,-0.39596423,0.071103464,0.110201444
6.654214369213626,0.032298799,0.126975966,0.908816553,-0.396092029,0.908816553,-0.396092029,0.071030516,0.110093555
6.654216301438644,0.032303089,0.126843084,0.908780317,-0.396217375,0.908780317,-0.396217375,0.070958934,0.109987749
6.654218204033383,0.032307264,0.126712733,0.90874474,-0.396340324,0.90874474,-0.396340324,0.070888689,0.109883976
6.654220077452217,0.032311326,0.126584857,0.908709807,-0.396460931,0.908709807,-0.396460931,0.070819752,0.109782192
6.654221922142553,0.03231528,0.126459399,0.908675506,-0.396579247,0.908675506,-0.396579247,0.070752095,0.109682351
6.654223738544936,0.03231913,0.126336306,0.908641823,-0.396695324,0.908641823,-0.396695324,0.070685689,0.109584409
6.654225527093158,0.032322877,0.126215527,0.908608745,-0.396809212,0.908608745,-0.396809212,0.070620508,0.109488325
6.654227288214356,0.032326527,0.126097009,0.908576262,-0.396920959,0.908576262,-0.396920959,0.070556526,0.109394055
6.654229022329117,0.032330081,0.125980705,0.908544359,-0.397030611,0.908544359,-0.397030611,0.070493718,0.109301562
6.654230729851580,0.032333543,0.125866565,0.908513026,-0.397138215,0.908513026,-0.397138215,0.070432059,0.109210804
6.654232411189533,0.032336916,0.125754544,0.908482251,-0.397243816,0.908482251,-0.397243816,0.070371524,0.109121745
6.654234066744508,0.032340202,0.125644595,0.908452023,-0.397347455,0.908452023,-0.397347455,0.07031209,0.109034347
6.654235696911884,0.032343404,0.125536674,0.90842233,-0.397449177,0.90842233,-0.397449177,0.070253735,0.108948575
6.654237302080973,0.032346525,0.125430738,0.908393163,-0.397549021,0.908393163,-0.397549021,0.070196435,0.108864392
6.654238882635121,0.032349567,0.125326744,0.908364511,-0.397647028,0.908364511,-0.397647028,0.070140169,0.108781766
6.654240438951791,0.032352533,0.125224653,0.908336363,-0.397743237,0.908336363,-0.397743237,0.070084916,0.108700662
6.654241971402660,0.032355424,0.125124423,0.908308709,-0.397837686,0.908308709,-0.397837686,0.070030655,0.108621049
6.654243480353707,0.032358244,0.125026017,0.908281541,-0.397930411,0.908281541,-0.397930411,0.069977366,0.108542895
6.654244966165295,0.032360994,0.124929395,0.908254848,-0.39802145,0.908254848,-0.39802145,0.069925029,0.108466169
6.654246429192263,0.032363676,0.124834521,0.908228621,-0.398110836,0.908228621,-0.398110836,0.069873625,0.108390841
6.654247869784009,0.032366292,0.124741359,0.908202851,-0.398198604,0.908202851,-0.398198604,0.069823135,0.108316882
6.654249288284574,0.032368845,0.124649874,0.908177529,-0.398284789,0.908177529,-0.398284789,0.06977354,0.108244263
6.654250000000000,0.032370117,0.124604065,0.908164844,-0.398327942,0.908164844,-0.398327942,0.069748702,0.108207905
6.654250685032720,0.032371336,0.124560031,0.908152647,-0.398369421,0.908152647,-0.398369421,0.069724823,0.108172958
6.654252060362016,0.032373766,0.124471797,0.908128196,-0.398452534,0.908128196,-0.398452534,0.069676967,0.108102937
6.654253414600916,0.032376138,0.12438514,0.908104167,-0.398534157,0.908104167,-0.398534157,0.069629954,0.108034177
6.654254748072838,0.032378454,0.124300026,0.908080554,-0.398614322,0.908080554,-0.398614322,0.069583767,0.10796665
6.654256061096238,0.032380714,0.124216426,0.908057347,-0.398693057,0.908057347,-0.398693057,0.069538391,0.107900331
6.654257353984691,0.032382921,0.124134309,0.908034539,-0.398770392,0.908034539,-0.398770392,0.069493809,0.107835196
6.654258627046961,0.032385076,0.124053645,0.908012123,-0.398846355,0.908012123,-0.398846355,0.069450006,0.107771222
6.654259880587079,0.03238718,0.123974406,0.907990091,-0.398920973,0.907990091,-0.398920973,0.069406966,0.107708384
6.654261114904415,0.032389235,0.123896562,0.907968436,-0.398994273,0.907968436,-0.398994273,0.069364676,0.10764666
6.654262330293744,0.032391243,0.123820088,0.90794715,-0.399066281,0.90794715,-0.399066281,0.06932312,0.107586027
6.654263527045324,0.032393203,0.123744954,0.907926228,-0.399137022,0.907926228,-0.399137022,0.069282285,0.107526465
6.654264705444961,0.032395119,0.123671136,0.907905661,-0.399206522,0.907905661,-0.399206522,0.069242155,0.107467952
6.654265865774079,0.032396991,0.123598608,0.907885444,-0.399274805,0.907885444,-0.399274805,0.069202719,0.107410467
6.654267008309786,0.03239882,0.123527344,0.90786557,-0.399341895,0.90786557,-0.399341895,0.069163962,0.107353989
6.654268133324938,0.032400607,0.123457321,0.907846033,-0.399407814,0.907846033,-0.399407814,0.069125872,0.1072985
6.654269241088212,0.032402354,0.123388513,0.907826826,-0.399472586,0.907826826,-0.399472586,0.069088437,0.10724398
6.654270331864160,0.032404062,0.123320897,0.907807943,-0.399536233,0.907807943,-0.399536233,0.069051643,0.10719041
6.654271405913280,0.032405731,0.123254452,0.907789379,-0.399598776,0.907789379,-0.399598776,0.069015478,0.107137771
6.654272463492075,0.032407363,0.123189153,0.907771128,-0.399660238,0.907771128,-0.399660238,0.068979931,0.107086046
6.654273504853113,0.032408959,0.12312498,0.907753183,-0.399720637,0.907753183,-0.399720637,0.068944991,0.107035217
6.654274530245091,0.032410519,0.123061911,0.90773554,-0.399779996,0.90773554,-0.399779996,0.068910645,0.106985267
6.654275539912891,0.032412045,0.122999924,0.907718192,-0.399838333,0.907718192,-0.399838333,0.068876884,0.106936179
6.654276534097640,0.032413537,0.122939001,0.907701135,-0.399895668,0.907701135,-0.399895668,0.068843695,0.106887937
6.654277513036768,0.032414997,0.122879119,0.907684363,-0.39995202,0.907684363,-0.39995202,0.068811068,0.106840524
6.654278476964063,0.032416425,0.122820261,0.907667871,-0.400007407,0.907667871,-0.400007407,0.068778994,0.106793925
6.654279426109729,0.032417822,0.122762407,0.907651654,-0.400061848,0.907651654,-0.400061848,0.068747461,0.106748124
6.654280360700437,0.032419189,0.122705537,0.907635707,-0.40011536,0.907635707,-0.40011536,0.068716461,0.106703107
6.654281280959387,0.032420526,0.122649634,0.907620025,-0.400167961,0.907620025,-0.400167961,0.068685982,0.106658858
6.654282187106352,0.032421834,0.12259468,0.907604604,-0.400219667,0.907604604,-0.400219667,0.068656016,0.106615364
6.654283079357738,0.032423115,0.122540657,0.907589439,-0.400270496,0.907589439,-0.400270496,0.068626553,0.10657261
6.654283957926629,0.032424368,0.122487547,0.907574525,-0.400320463,0.907574525,-0.400320463,0.068597584,0.106530583
6.654284823022845,0.032425595,0.122435335,0.907559858,-0.400369585,0.907559858,-0.400369585,0.0685691,0.106489268
6.654285674852986,0.032426796,0.122384004,0.907545433,-0.400417877,0.907545433,-0.400417877,0.068541093,0.106448653
6.654286513620484,0.032427971,0.122333537,0.907531246,-0.400465354,0.907531246,-0.400465354,0.068513553,0.106408725
6.654287339525652,0.032429122,0.122283918,0.907517294,-0.400512031,0.907517294,-0.400512031,0.068486473,0.106369471
6.654288152765734,0.032430249,0.122235133,0.907503571,-0.400557923,0.907503571,-0.400557923,0.068459844,0.106330879
6.654288953534942,0.032431352,0.122187166,0.907490074,-0.400603045,0.907490074,-0.400603045,0.068433657,0.106292937
6.654289742024518,0.032432433,0.122140002,0.907476799,-0.400647409,0.907476799,-0.400647409,0.068407906,0.106255632
6.654290518422765,0.032433491,0.122093627,0.907463742,-0.400691031,0.907463742,-0.400691031,0.068382582,0.106218954
6.654291282915104,0.032434527,0.122048026,0.907450899,-0.400733922,0.907450899,-0.400733922,0.068357678,0.106182891
6.654292035684106,0.032435543,0.122003186,0.907438267,-0.400776098,0.907438267,-0.400776098,0.068333186,0.106147431
6.654292776909549,0.032436537,0.121959093,0.907425841,-0.400817569,0.907425841,-0.400817569,0.068309099,0.106112564
6.654293506768450,0.032437511,0.121915733,0.907413619,-0.40085835,0.907413619,-0.40085835,0.068285409,0.10607828
6.654294225435113,0.032438465,0.121873093,0.907401596,-0.400898452,0.907401596,-0.400898452,0.068262111,0.106044567
6.654294933081169,0.0324394,0.121831161,0.907389769,-0.400937888,0.907389769,-0.400937888,0.068239196,0.106011415
6.654295629875616,0.032440316,0.121789924,0.907378136,-0.40097667,0.907378136,-0.40097667,0.068216659,0.105978814
6.654296315984861,0.032441214,0.12174937,0.907366691,-0.401014808,0.907366691,-0.401014808,0.068194492,0.105946756
6.654296991572760,0.032442093,0.121709486,0.907355433,-0.401052315,0.907355433,-0.401052315,0.068172689,0.105915228
6.654297656800656,0.032442956,0.121670261,0.907344359,-0.401089202,0.907344359,-0.401089202,0.068151244,0.105884224
6.654298311827417,0.0324438,0.121631682,0.907333463,-0.401125479,0.907333463,-0.401125479,0.06813015,0.105853732
6.654298956809474,0.032444629,0.12159374,0.907322745,-0.401161158,0.907322745,-0.401161158,0.068109401,0.105823744
6.654299591900863,0.03244544,0.121556421,0.907312201,-0.401196249,0.907312201,-0.401196249,0.068088992,0.105794252
6.654300217253255,0.032446236,0.121519717,0.907301827,-0.401230763,0.907301827,-0.401230763,0.068068916,0.105765246
6.654300833015993,0.032447016,0.121483615,0.907291622,-0.401264709,0.907291622,-0.401264709,0.068049168,0.105736717
6.654301439336137,0.032447781,0.121448105,0.907281581,-0.401298097,0.907281581,-0.401298097,0.068029742,0.105708658
6.654302036358483,0.032448531,0.121413177,0.907271703,-0.401330937,0.907271703,-0.401330937,0.068010633,0.10568106
6.654302624225612,0.032449266,0.121378821,0.907261984,-0.401363239,0.907261984,-0.401363239,0.067991834,0.105653916
6.654303203077919,0.032449987,0.121345027,0.907252422,-0.401395013,0.907252422,-0.401395013,0.067973341,0.105627216
6.654303773053642,0.032450694,0.121311785,0.907243014,-0.401426266,0.907243014,-0.401426266,0.067955149,0.105600954
6.654304334288903,0.032451387,0.121279086,0.907233758,-0.401457009,0.907233758,-0.401457009,0.067937252,0.105575122
6.654304886917735,0.032452067,0.12124692,0.907224651,-0.40148725,0.907224651,-0.40148725,0.067919645,0.105549712
6.654305431072117,0.032452734,0.121215278,0.90721569,-0.401516998,0.90721569,-0.401516998,0.067902323,0.105524717
6.654305966882001,0.032453388,0.12118415,0.907206873,-0.401546261,0.907206873,-0.401546261,0.067885282,0.105500131
6.654306494475350,0.03245403,0.121153529,0.907198198,-0.401575047,0.907198198,-0.401575047,0.067868516,0.105475944
6.654307013978161,0.032454659,0.121123406,0.907189662,-0.401603366,0.907189662,-0.401603366,0.067852022,0.105452152
6.654307525514502,0.032455277,0.121093771,0.907181263,-0.401631224,0.907181263,-0.401631224,0.067835793,0.105428747
6.654308029206537,0.032455883,0.121064617,0.907172999,-0.40165863,0.907172999,-0.40165863,0.067819827,0.105405723
6.654308525174557,0.032456477,0.121035935,0.907164867,-0.401685592,0.907164867,-0.401685592,0.067804118,0.105383073
6.654309013537007,0.03245706,0.121007718,0.907156865,-0.401712116,0.907156865,-0.401712116,0.067788662,0.10536079
6.654309494410518,0.032457632,0.120979957,0.907148991,-0.401738212,0.907148991,-0.401738212,0.067773455,0.105338868
6.654309967909931,0.032458194,0.120952644,0.907141243,-0.401763885,0.907141243,-0.401763885,0.067758493,0.105317302
6.654310434148329,0.032458745,0.120925773,0.907133619,-0.401789143,0.907133619,-0.401789143,0.067743771,0.105296084
6.654310893237053,0.032459285,0.120899336,0.907126117,-0.401813993,0.907126117,-0.401813993,0.067729286,0.10527521
6.654311345285746,0.032459816,0.120873324,0.907118734,-0.401838442,0.907118734,-0.401838442,0.067715033,0.105254673
6.654311790402363,0.032460337,0.120847732,0.907111469,-0.401862496,0.907111469,-0.401862496,0.067701008,0.105234468
6.654312228693208,0.032460848,0.120822552,0.90710432,-0.401886164,0.90710432,-0.401886164,0.067687209,0.105214589
6.654312660262951,0.03246135,0.120797777,0.907097284,-0.40190945,0.907097284,-0.40190945,0.067673631,0.10519503
6.654313085214660,0.032461842,0.1207734,0.907090361,-0.401932361,0.907090361,-0.401932361,0.067660269,0.105175786
6.654313503649821,0.032462325,0.120749414,0.907083547,-0.401954904,0.907083547,-0.401954904,0.067647122,0.105156852
6.654313915668363,0.0324628,0.120725814,0.907076843,-0.401977085,0.907076843,-0.401977085,0.067634185,0.105138223
6.654314321368684,0.032463266,0.120702592,0.907070244,-0.40199891,0.907070244,-0.40199891,0.067621454,0.105119893
6.654314720847673,0.032463723,0.120679742,0.907063751,-0.402020385,0.907063751,-0.402020385,0.067608927,0.105101857
6.654315114200734,0.032464172,0.120657259,0.90705736,-0.402041515,0.90705736,-0.402041515,0.0675966,0.105084111
6.654315501521804,0.032464613,0.120635135,0.907051071,-0.402062307,0.907051071,-0.402062307,0.067584469,0.105066649
6.654315882903385,0.032465046,0.120613365,0.907044881,-0.402082766,0.907044881,-0.402082766,0.067572532,0.105049467
6.654316258436556,0.032465471,0.120591943,0.90703879,-0.402102898,0.90703879,-0.402102898,0.067560784,0.105032561
6.654316628211003,0.032465889,0.120570864,0.907032795,-0.402122708,0.907032795,-0.402122708,0.067549224,0.105015925
6.654316992315033,0.032466299,0.120550121,0.907026895,-0.402142201,0.907026895,-0.402142201,0.067537848,0.104999555
6.654317350835602,0.032466701,0.120529709,0.907021089,-0.402161383,0.907021089,-0.402161383,0.067526652,0.104983447
6.654317703858331,0.032467096,0.120509622,0.907015374,-0.402180259,0.907015374,-0.402180259,0.067515634,0.104967596
6.654318051467528,0.032467485,0.120489856,0.90700975,-0.402198834,0.90700975,-0.402198834,0.067504792,0.104951998
6.654318393746208,0.032467866,0.120470404,0.907004214,-0.402217113,0.907004214,-0.402217113,0.067494121,0.104936649
6.654318730776114,0.032468241,0.120451262,0.906998766,-0.4022351,0.906998766,-0.4022351,0.06748362,0.104921545
6.654319062637735,0.032468608,0.120432425,0.906993404,-0.402252802,0.906993404,-0.402252802,0.067473285,0.104906681
6.654319389410325,0.03246897,0.120413887,0.906988126,-0.402270221,0.906988126,-0.402270221,0.067463114,0.104892055
6.654319711171923,0.032469325,0.120395643,0.906982932,-0.402287364,0.906982932,-0.402287364,0.067453104,0.104877661
6.654320027999373,0.032469673,0.12037769,0.90697782,-0.402304234,0.90697782,-0.402304234,0.067443253,0.104863495
6.654320339968337,0.032470016,0.120360021,0.906972788,-0.402320837,0.906972788,-0.402320837,0.067433558,0.104849556
6.654320647153321,0.032470352,0.120342633,0.906967836,-0.402337176,0.906967836,-0.402337176,0.067424015,0.104835837
6.654320949627686,0.032470683,0.12032552,0.906962961,-0.402353255,0.906962961,-0.402353255,0.067414624,0.104822337
6.654321247463668,0.032471008,0.120308679,0.906958163,-0.40236908,0.906958163,-0.40236908,0.067405381,0.10480905
6.654321540732394,0.032471327,0.120292104,0.906953441,-0.402384653,0.906953441,-0.402384653,0.067396285,0.104795975
6.654321829503906,0.03247164,0.120275792,0.906948793,-0.40239998,0.906948793,-0.40239998,0.067387331,0.104783107
6.654322113847163,0.032471948,0.120259738,0.906944218,-0.402415064,0.906944218,-0.402415064,0.067378519,0.104770442
6.654322393830076,0.032472251,0.120243938,0.906939715,-0.40242991,0.906939715,-0.40242991,0.067369846,0.104757979
6.654322669519507,0.032472548,0.120228387,0.906935283,-0.402444521,0.906935283,-0.402444521,0.06736131,0.104745712
6.654322940981296,0.032472841,0.120213083,0.90693092,-0.4024589,0.90693092,-0.4024589,0.067352908,0.10473364
6.654323208280274,0.032473128,0.12019802,0.906926626,-0.402473053,0.906926626,-0.402473053,0.067344639,0.104721759
6.654323471480277,0.03247341,0.120183195,0.906922399,-0.402486982,0.906922399,-0.402486982,0.0673365,0.104710065
6.654323730644160,0.032473687,0.120168604,0.906918238,-0.402500691,0.906918238,-0.402500691,0.067328489,0.104698557
6.654323985833818,0.03247396,0.120154243,0.906914143,-0.402514183,0.906914143,-0.402514183,0.067320604,0.10468723
6.654324237110194,0.032474228,0.120140108,0.906910112,-0.402527463,0.906910112,-0.402527463,0.067312843,0.104676082
6.654324484533299,0.032474491,0.120126196,0.906906144,-0.402540534,0.906906144,-0.402540534,0.067305204,0.104665109
6.654324728162219,0.03247475,0.120112504,0.906902238,-0.402553398,0.906902238,-0.402553398,0.067297685,0.10465431
6.654324968055140,0.032475004,0.120099027,0.906898394,-0.40256606,0.906898394,-0.40256606,0.067290284,0.104643681
6.654325204269352,0.032475254,0.120085762,0.906894609,-0.402578522,0.906894609,-0.402578522,0.067283,0.10463322
6.654325436861265,0.0324755,0.120072706,0.906890884,-0.402590788,0.906890884,-0.402590788,0.06727583,0.104622923
6.654325665886430,0.032475741,0.120059855,0.906887217,-0.402602861,0.906887217,-0.402602861,0.067268772,0.104612789
6.654325891399540,0.032475979,0.120047206,0.906883607,-0.402614744,0.906883607,-0.402614744,0.067261825,0.104602814
6.654326113454453,0.032476212,0.120034756,0.906880054,-0.402626441,0.906880054,-0.402626441,0.067254987,0.104592996
6.654326332104198,0.032476441,0.120022502,0.906876557,-0.402637953,0.906876557,-0.402637953,0.067248256,0.104583332
6.654326547400994,0.032476667,0.12001044,0.906873114,-0.402649285,0.906873114,-0.402649285,0.067241631,0.10457382
6.654326759396257,0.032476888,0.119998567,0.906869725,-0.402660439,0.906869725,-0.402660439,0.067235109,0.104564458
6.654326968140616,0.032477106,0.119986881,0.906866388,-0.402671417,0.906866388,-0.402671417,0.06722869,0.104555243
6.654327173683924,0.032477321,0.119975378,0.906863104,-0.402682224,0.906863104,-0.402682224,0.067222371,0.104546172
6.654327394041236,0.03247755,0.11996305,0.906859584,-0.402693804,0.906859584,-0.402693804,0.067215599,0.104536452
6.654327617830307,0.032477782,0.119950535,0.906856011,-0.402705561,0.906856011,-0.402705561,0.067208724,0.104526584
6.654327845104584,0.032478018,0.119937831,0.906852383,-0.402717496,0.906852383,-0.402717496,0.067201744,0.104516566
6.654328075918343,0.032478257,0.119924933,0.906848699,-0.402729612,0.906848699,-0.402729612,0.067194658,0.104506397
6.654328310326707,0.032478499,0.11991184,0.90684496,-0.402741911,0.90684496,-0.402741911,0.067187464,0.104496074
6.654328548385656,0.032478745,0.119898549,0.906841163,-0.402754397,0.906841163,-0.402754397,0.067180161,0.104485594
6.654328790152045,0.032478994,0.119885056,0.906837309,-0.402767072,0.906837309,-0.402767072,0.067172748,0.104474956
6.654329035683610,0.032479246,0.119871359,0.906833395,-0.402779939,0.906833395,-0.402779939,0.067165221,0.104464156
6.654329285038989,0.032479502,0.119857454,0.906829423,-0.402793001,0.906829423,-0.402793001,0.06715758,0.104453194
6.654329538277732,0.032479761,0.119843339,0.906825389,-0.40280626,0.906825389,-0.40280626,0.067149824,0.104442066
6.654329795460319,0.032480024,0.11982901,0.906821295,-0.40281972,0.906821295,-0.40281972,0.067141949,0.104430769
6.654330056648168,0.032480291,0.119814465,0.906817138,-0.402833383,0.906817138,-0.402833383,0.067133956,0.104419303
6.654330321903656,0.032480561,0.1197997,0.906812917,-0.402847252,0.906812917,-0.402847252,0.067125841,0.104407663
6.654330591290132,0.032480834,0.119784711,0.906808633,-0.402861331,0.906808633,-0.402861331,0.067117603,0.104395847
6.654330864871929,0.032481112,0.119769497,0.906804283,-0.402875622,0.906804283,-0.402875622,0.06710924,0.104383853
6.654331142714383,0.032481393,0.119754053,0.906799868,-0.402890129,0.906799868,-0.402890129,0.067100751,0.104371679
6.654331424883850,0.032481677,0.119738375,0.906795385,-0.402904855,0.906795385,-0.402904855,0.067092134,0.104359321
6.654331711447714,0.032481966,0.119722462,0.906790834,-0.402919802,0.906790834,-0.402919802,0.067083386,0.104346777
6.654332002474415,0.032482258,0.119706309,0.906786215,-0.402934975,0.906786215,-0.402934975,0.067074506,0.104334044
6.654332298033452,0.032482555,0.119689912,0.906781525,-0.402950376,0.906781525,-0.402950376,0.067065492,0.10432112
6.654332598195413,0.032482855,0.119673269,0.906776764,-0.402966009,0.906776764,-0.402966009,0.067056341,0.104308002
6.654332903031981,0.032483159,0.119656375,0.906771931,-0.402981876,0.906771931,-0.402981876,0.067047053,0.104294686
6.654333212615955,0.032483467,0.119639227,0.906767024,-0.402997983,0.906767024,-0.402997983,0.067037624,0.104281171
6.654333527021273,0.03248378,0.119621821,0.906762044,-0.403014331,0.906762044,-0.403014331,0.067028054,0.104267453
6.654333846323017,0.032484096,0.119604154,0.906756988,-0.403030924,0.906756988,-0.403030924,0.067018339,0.104253529
6.654334170597445,0.032484416,0.119586221,0.906751855,-0.403047767,0.906751855,-0.403047767,0.067008477,0.104239396
6.654334499921998,0.032484741,0.11956802,0.906746645,-0.403064862,0.906746645,-0.403064862,0.066998467,0.104225052
6.654334834375324,0.03248507,0.119549545,0.906741356,-0.403082213,0.906741356,-0.403082213,0.066988307,0.104210493
6.654335174037298,0.032485403,0.119530794,0.906735987,-0.403099824,0.906735987,-0.403099824,0.066977994,0.104195716
6.654335518989036,0.03248574,0.119511762,0.906730537,-0.403117699,0.906730537,-0.403117699,0.066967525,0.104180718
6.654335869312921,0.032486082,0.119492444,0.906725005,-0.403135841,0.906725005,-0.403135841,0.0669569,0.104165496
6.654336225092615,0.032486428,0.119472838,0.906719389,-0.403154254,0.906719389,-0.403154254,0.066946115,0.104150047
6.654336586413084,0.032486778,0.119452939,0.906713689,-0.403172942,0.906713689,-0.403172942,0.066935168,0.104134367
6.654336953360620,0.032487133,0.119432742,0.906707903,-0.40319191,0.906707903,-0.40319191,0.066924056,0.104118453
6.654337326022858,0.032487493,0.119412244,0.906702029,-0.40321116,0.906702029,-0.40321116,0.066912779,0.104102302
6.654337704488792,0.032487857,0.11939144,0.906696067,-0.403230698,0.906696067,-0.403230698,0.066901332,0.104085911
6.654338088848808,0.032488225,0.119370325,0.906690016,-0.403250526,0.906690016,-0.403250526,0.066889714,0.104069276
6.654338479194701,0.032488598,0.119348896,0.906683873,-0.40327065,0.906683873,-0.40327065,0.066877922,0.104052393
6.654338875619690,0.032488976,0.119327148,0.906677638,-0.403291073,0.906677638,-0.403291073,0.066865954,0.104035259
6.654339278218449,0.032489358,0.119305076,0.906671309,-0.4033118,0.906671309,-0.4033118,0.066853807,0.104017871
6.654339687087127,0.032489745,0.119282676,0.906664885,-0.403332835,0.906664885,-0.403332835,0.066841478,0.104000225
6.654340102323369,0.032490137,0.119259943,0.906658365,-0.403354182,0.906658365,-0.403354182,0.066828966,0.103982317
6.654340524026339,0.032490534,0.119236872,0.906651747,-0.403375846,0.906651747,-0.403375846,0.066816267,0.103964144
6.654340952296749,0.032490935,0.119213459,0.90664503,-0.403397831,0.90664503,-0.403397831,0.066803378,0.103945701
6.654341387236879,0.032491342,0.119189699,0.906638212,-0.403420142,0.906638212,-0.403420142,0.066790298,0.103926986
6.654341828950598,0.032491753,0.119165587,0.906631292,-0.403442783,0.906631292,-0.403442783,0.066777023,0.103907994
6.654342277543398,0.032492169,0.119141118,0.906624269,-0.40346576,0.906624269,-0.40346576,0.06676355,0.103888722
6.654342733122409,0.03249259,0.119116286,0.90661714,-0.403489075,0.90661714,-0.403489075,0.066749877,0.103869165
6.654343195796432,0.032493016,0.119091088,0.906609905,-0.403512735,0.906609905,-0.403512735,0.066736001,0.10384932
6.654343665675963,0.032493447,0.119065517,0.906602562,-0.403536744,0.906602562,-0.403536744,0.06672192,0.103829182
6.654344142873217,0.032493883,0.119039569,0.906595109,-0.403561107,0.906595109,-0.403561107,0.066707629,0.103808748
6.654344627502158,0.032494325,0.119013238,0.906587545,-0.403585829,0.906587545,-0.403585829,0.066693126,0.103788013
6.654345119678522,0.032494771,0.11898652,0.906579868,-0.403610915,0.906579868,-0.403610915,0.066678409,0.103766973
6.654345619519853,0.032495223,0.118959408,0.906572077,-0.40363637,0.906572077,-0.40363637,0.066663474,0.103745625
6.654346127145520,0.032495679,0.118931897,0.90656417,-0.403662199,0.90656417,-0.403662199,0.066648318,0.103723963
6.654346642676755,0.032496141,0.118903982,0.906556145,-0.403688407,0.906556145,-0.403688407,0.066632939,0.103701984
6.654347166236674,0.032496608,0.118875657,0.906548001,-0.403714999,0.906548001,-0.403714999,0.066617332,0.103679683
6.654347697950314,0.032497081,0.118846916,0.906539736,-0.403741981,0.906539736,-0.403741981,0.066601495,0.103657056
6.654348237944657,0.032497558,0.118817755,0.906531349,-0.403769358,0.906531349,-0.403769358,0.066585424,0.103634098
6.654348786348666,0.032498041,0.118788166,0.906522837,-0.403797135,0.906522837,-0.403797135,0.066569117,0.103610805
6.654349343293307,0.03249853,0.118758144,0.906514198,-0.403825318,0.906514198,-0.403825318,0.066552571,0.103587172
6.654349908911590,0.032499023,0.118727684,0.906505432,-0.403853913,0.906505432,-0.403853913,0.06653578,0.103563195
6.654350483338595,0.032499522,0.118696779,0.906496536,-0.403882924,0.906496536,-0.403882924,0.066518744,0.103538869
6.654351066711504,0.032500026,0.118665423,0.906487508,-0.403912358,0.906487508,-0.403912358,0.066501457,0.103514189
6.654351659169640,0.032500536,0.11863361,0.906478348,-0.403942221,0.906478348,-0.403942221,0.066483917,0.10348915
6.654352260854490,0.032501051,0.118601335,0.906469051,-0.403972517,0.906469051,-0.403972517,0.06646612,0.103463749
6.654352871909749,0.032501572,0.11856859,0.906459618,-0.404003254,0.906459618,-0.404003254,0.066448063,0.103437979
6.654353492481348,0.032502098,0.118535369,0.906450046,-0.404034436,0.906450046,-0.404034436,0.066429741,0.103411836
6.654354122717490,0.032502629,0.118501666,0.906440332,-0.40406607,0.906440332,-0.40406607,0.066411152,0.103385314
6.654354762768687,0.032503166,0.118467475,0.906430476,-0.404098162,0.906430476,-0.404098162,0.066392292,0.10335841
6.654355412787796,0.032503708,0.118432788,0.906420475,-0.404130718,0.906420475,-0.404130718,0.066373157,0.103331118
6.654356072930051,0.032504256,0.118397601,0.906410326,-0.404163744,0.906410326,-0.404163744,0.066353744,0.103303432
6.654356743353109,0.032504809,0.118361904,0.906400029,-0.404197247,0.906400029,-0.404197247,0.066334048,0.103275347
6.654357424217078,0.032505368,0.118325693,0.906389581,-0.404231232,0.906389581,-0.404231232,0.066314066,0.103246859
6.654358115684560,0.032505931,0.118288959,0.906378972,-0.404265703,0.906378972,-0.404265703,0.066293794,0.103217962
6.654358817920691,0.0325065,0.118251696,0.906368207,-0.404300669,0.906368207,-0.404300669,0.066273228,0.10318865
6.654359531093177,0.032507075,0.118213897,0.906357285,-0.404336137,0.906357285,-0.404336137,0.066252364,0.103158919
6.654360255372338,0.032507655,0.118175556,0.906346204,-0.404372113,0.906346204,-0.404372113,0.066231198,0.103128762
6.654360990931143,0.03250824,0.118136664,0.906334961,-0.404408605,0.906334961,-0.404408605,0.066209727,0.103098174
6.654361737945258,0.032508831,0.118097216,0.906323554,-0.404445618,0.906323554,-0.404445618,0.066187945,0.10306715
6.654362496593085,0.032509427,0.118057203,0.90631198,-0.40448316,0.90631198,-0.40448316,0.06616585,0.103035684
6.654363267055800,0.032510029,0.118016619,0.906300239,-0.404521238,0.906300239,-0.404521238,0.066143437,0.10300377
6.654364049517405,0.032510635,0.117975456,0.906288327,-0.404559857,0.906288327,-0.404559857,0.066120701,0.102971403
6.654364844164767,0.032511247,0.117933706,0.906276242,-0.404599027,0.906276242,-0.404599027,0.066097638,0.102938576
6.654365651187661,0.032511865,0.117891362,0.906263981,-0.404638752,0.906263981,-0.404638752,0.066074245,0.102905284
6.654366470778818,0.032512487,0.117848416,0.906251543,-0.404679041,0.906251543,-0.404679041,0.066050517,0.102871521
6.654367303133975,0.032513115,0.117804861,0.906238926,-0.404719901,0.906238926,-0.404719901,0.066026449,0.102837282
6.654368148451909,0.032513747,0.117760689,0.906226125,-0.404761338,0.906226125,-0.404761338,0.066002037,0.102802559
6.654369006934501,0.032514385,0.117715892,0.906213141,-0.404803361,0.906213141,-0.404803361,0.065977277,0.102767347
6.654369878786770,0.032515028,0.117670462,0.906199968,-0.404845976,0.906199968,-0.404845976,0.065952163,0.10273164
6.654370764216931,0.032515676,0.117624391,0.906186606,-0.404889191,0.906186606,-0.404889191,0.065926693,0.102695432
6.654371663436441,0.032516328,0.117577671,0.906173052,-0.404933014,0.906173052,-0.404933014,0.06590086,0.102658715
6.654372576660050,0.032516986,0.117530294,0.906159304,-0.404977452,0.906159304,-0.404977452,0.06587466,0.102621486
6.654373504105852,0.032517648,0.117482252,0.906145357,-0.405022512,0.906145357,-0.405022512,0.06584809,0.102583735
6.654374445995338,0.032518315,0.117433537,0.906131212,-0.405068203,0.906131212,-0.405068203,0.065821143,0.102545458
6.654375402553449,0.032518987,0.117384139,0.906116863,-0.405114532,0.906116863,-0.405114532,0.065793815,0.102506649
6.654376374008629,0.032519663,0.117334052,0.90610231,-0.405161507,0.90610231,-0.405161507,0.065766102,0.102467299
6.654377360592877,0.032520343,0.117283265,0.906087548,-0.405209136,0.906087548,-0.405209136,0.065737998,0.102427403
6.654378362541808,0.032521028,0.117231772,0.906072577,-0.405257428,0.906072577,-0.405257428,0.065709499,0.102386955
6.654379380094708,0.032521718,0.117179562,0.906057392,-0.405306388,0.906057392,-0.405306388,0.065680599,0.102345947
6.654380413494584,0.032522411,0.117126627,0.906041991,-0.405356027,0.906041991,-0.405356027,0.065651294,0.102304373
6.654381462988234,0.032523108,0.11707296,0.906026372,-0.405406353,0.906026372,-0.405406353,0.065621579,0.102262227
6.654382528826293,0.03252381,0.11701855,0.906010531,-0.405457372,0.906010531,-0.405457372,0.065591448,0.1022195
6.654383611263305,0.032524515,0.116963388,0.905994466,-0.405509095,0.905994466,-0.405509095,0.065560897,0.102176187
6.654384710557775,0.032525224,0.116907467,0.905978174,-0.405561528,0.905978174,-0.405561528,0.06552992,0.102132281
6.654385826972234,0.032525936,0.116850777,0.905961652,-0.405614681,0.905961652,-0.405614681,0.065498512,0.102087774
6.654386960773302,0.032526652,0.116793308,0.905944897,-0.405668561,0.905944897,-0.405668561,0.065466668,0.10204266
6.654388112231753,0.032527371,0.116735052,0.905927906,-0.405723178,0.905927906,-0.405723178,0.065434383,0.101996931
6.654389281622574,0.032528093,0.116675999,0.905910677,-0.405778541,0.905910677,-0.405778541,0.065401651,0.101950581
6.654390469225039,0.032528818,0.11661614,0.905893206,-0.405834656,0.905893206,-0.405834656,0.065368466,0.101903602
6.654391675322768,0.032529546,0.116555466,0.90587549,-0.405891534,0.90587549,-0.405891534,0.065334825,0.101855988
6.654392900203797,0.032530276,0.116493967,0.905857527,-0.405949184,0.905857527,-0.405949184,0.06530072,0.10180773
6.654394144160655,0.032531009,0.116431634,0.905839312,-0.406007613,0.905839312,-0.406007613,0.065266147,0.101758822
6.654395407490417,0.032531744,0.116368458,0.905820844,-0.406066831,0.905820844,-0.406066831,0.065231099,0.101709256
6.654396690494791,0.032532482,0.116304427,0.905802119,-0.406126846,0.905802119,-0.406126846,0.065195573,0.101659025
6.654397993480182,0.03253322,0.116239534,0.905783134,-0.406187668,0.905783134,-0.406187668,0.065159561,0.101608122
6.654399316757766,0.032533961,0.116173768,0.905763886,-0.406249306,0.905763886,-0.406249306,0.065123058,0.101556539
6.654400660643566,0.032534703,0.11610712,0.905744371,-0.406311769,0.905744371,-0.406311769,0.065086059,0.101504268
6.654402025458528,0.032535446,0.116039579,0.905724587,-0.406375065,0.905724587,-0.406375065,0.065048557,0.101451303
6.654403411528593,0.03253619,0.115971136,0.905704529,-0.406439204,0.905704529,-0.406439204,0.065010548,0.101397635
6.654404819184780,0.032536935,0.115901781,0.905684196,-0.406504196,0.905684196,-0.406504196,0.064972025,0.101343257
6.654406248763262,0.03253768,0.115831504,0.905663584,-0.406570049,0.905663584,-0.406570049,0.064932982,0.101288162
6.654407700605451,0.032538425,0.115760295,0.905642688,-0.406636772,0.905642688,-0.406636772,0.064893414,0.101232342
6.654409175058071,0.03253917,0.115688143,0.905621507,-0.406704376,0.905621507,-0.406704376,0.064853315,0.101175788
6.654410672473250,0.032539914,0.115615039,0.905600037,-0.406772869,0.905600037,-0.406772869,0.064812678,0.101118494
6.654412193208596,0.032540658,0.115540973,0.905578273,-0.406842261,0.905578273,-0.406842261,0.064771498,0.101060452
6.654413737627291,0.032541401,0.115465934,0.905556214,-0.406912561,0.905556214,-0.406912561,0.064729769,0.101001653
6.654415306098167,0.032542142,0.115389913,0.905533856,-0.406983779,0.905533856,-0.406983779,0.064687484,0.100942091
6.654416898995807,0.032542882,0.115312898,0.905511194,-0.407055924,0.905511194,-0.407055924,0.064644638,0.100881757
6.654418516700622,0.032543619,0.115234879,0.905488226,-0.407129005,0.905488226,-0.407129005,0.064601225,0.100820643
6.654420159598949,0.032544355,0.115155847,0.905464948,-0.407203034,0.905464948,-0.407203034,0.064557239,0.100758743
6.654421828083143,0.032545087,0.115075791,0.905441357,-0.407278018,0.905441357,-0.407278018,0.064512673,0.100696047
6.654423522551667,0.032545816,0.1149947,0.905417449,-0.407353967,0.905417449,-0.407353967,0.064467521,0.100632548
6.654425243409193,0.032546542,0.114912564,0.905393221,-0.407430892,0.905393221,-0.407430892,0.064421777,0.100568237
6.654426991066693,0.032547263,0.114829373,0.905368668,-0.407508801,0.905368668,-0.407508801,0.064375435,0.100503109
6.654428765941538,0.032547981,0.114745115,0.905343789,-0.407587705,0.905343789,-0.407587705,0.064328488,0.100437153
6.654430568457602,0.032548693,0.114659782,0.905318578,-0.407667613,0.905318578,-0.407667613,0.064280931,0.100370362
6.654432399045358,0.0325494,0.114573361,0.905293032,-0.407748535,0.905293032,-0.407748535,0.064232757,0.100302729
6.654434258141984,0.032550102,0.114485843,0.905267148,-0.40783048,0.905267148,-0.40783048,0.06418396,0.100234246
6.654436146191465,0.032550797,0.114397217,0.905240922,-0.407913458,0.905240922,-0.407913458,0.064134533,0.100164904
6.654438063644703,0.032551486,0.114307472,0.905214351,-0.40799748,0.905214351,-0.40799748,0.06408447,0.100094695
6.654440010959620,0.032552167,0.114216599,0.90518743,-0.408082554,0.90518743,-0.408082554,0.064033765,0.100023613
6.654441988601271,0.032552841,0.114124585,0.905160156,-0.408168691,0.905160156,-0.408168691,0.063982412,0.099951648
6.654443997041953,0.032553506,0.114031422,0.905132525,-0.408255899,0.905132525,-0.408255899,0.063930404,0.099878793
6.654446036761317,0.032554163,0.113937098,0.905104534,-0.40834419,0.905104534,-0.40834419,0.063877735,0.099805039
6.654448108246486,0.032554811,0.113841602,0.905076179,-0.408433572,0.905076179,-0.408433572,0.063824398,0.09973038
6.654450211992168,0.032555448,0.113744925,0.905047456,-0.408524055,0.905047456,-0.408524055,0.063770387,0.099654807
6.654452348500778,0.032556076,0.113647055,0.905018362,-0.408615649,0.905018362,-0.408615649,0.063715695,0.099578313
6.654454518282551,0.032556692,0.113547983,0.904988891,-0.408708363,0.904988891,-0.408708363,0.063660317,0.099500889
6.654456721855669,0.032557296,0.113447697,0.904959042,-0.408802208,0.904959042,-0.408802208,0.063604245,0.099422527
6.654458959746389,0.032557888,0.113346188,0.90492881,-0.408897192,0.90492881,-0.408897192,0.063547474,0.099343221
6.654461232489158,0.032558467,0.113243444,0.904898191,-0.408993326,0.904898191,-0.408993326,0.063489997,0.099262962
6.654463540626749,0.032559033,0.113139456,0.904867182,-0.409090618,0.904867182,-0.409090618,0.063431808,0.099181742
6.654465884710388,0.032559584,0.113034212,0.904835778,-0.409189079,0.904835778,-0.409189079,0.0633729,0.099099554
6.654468265299883,0.03256012,0.112927703,0.904803976,-0.409288718,0.904803976,-0.409288718,0.063313266,0.09901639
6.654470682963764,0.03256064,0.112819919,0.904771772,-0.409389544,0.904771772,-0.409389544,0.063252902,0.098932242
6.654473138279411,0.032561144,0.112710849,0.904739162,-0.409491566,0.904739162,-0.409491566,0.063191799,0.098847104
6.654475631833201,0.03256163,0.112600482,0.904706143,-0.409594794,0.904706143,-0.409594794,0.063129952,0.098760967
6.654478164220640,0.032562099,0.11248881,0.90467271,-0.409699238,0.90467271,-0.409699238,0.063067355,0.098673824
6.654480736046505,0.032562549,0.112375821,0.90463886,-0.409804906,0.90463886,-0.409804906,0.063004,0.098585667
6.654483347924999,0.032562979,0.112261505,0.904604589,-0.409911808,0.904604589,-0.409911808,0.062939883,0.09849649
6.654486000479882,0.032563388,0.112145853,0.904569893,-0.410019952,0.904569893,-0.410019952,0.062874996,0.098406284
6.654488694344637,0.032563776,0.112028855,0.904534769,-0.410129348,0.904534769,-0.410129348,0.062809333,0.098315044
6.654491430162603,0.032564143,0.111910501,0.904499212,-0.410240005,0.904499212,-0.410240005,0.062742889,0.098222761
6.654494208587148,0.032564486,0.111790781,0.904463219,-0.410351931,0.904463219,-0.410351931,0.062675657,0.098129428
6.654497030281808,0.032564805,0.111669685,0.904426785,-0.410465136,0.904426785,-0.410465136,0.06260763,0.098035039
6.654499895920456,0.032565099,0.111547204,0.904389908,-0.410579628,0.904389908,-0.410579628,0.062538803,0.097939586
6.654500000000001,0.032565109,0.111542765,0.904388571,-0.410583777,0.904388571,-0.410583777,0.062536308,0.097936127
6.654502806187457,0.032565367,0.11142334,0.904352587,-0.410695404,0.904352587,-0.410695404,0.062469176,0.097843072
6.654505761777838,0.032565608,0.1112981,0.904314821,-0.410812459,0.904314821,-0.410812459,0.062398751,0.097745503
6.654508763397447,0.03256582,0.111171475,0.904276609,-0.410930799,0.904276609,-0.410930799,0.062327524,0.097646873
6.654511811763125,0.032566003,0.111043458,0.904237947,-0.411050432,0.904237947,-0.411050432,0.062255489,0.097547176
6.654514907602878,0.032566156,0.110914041,0.90419883,-0.411171364,0.90419883,-0.411171364,0.062182641,0.097446407
6.654518051656050,0.032566277,0.110783217,0.904159258,-0.411293601,0.904159258,-0.411293601,0.062108975,0.097344562
6.654521244673495,0.032566365,0.110650979,0.904119225,-0.411417151,0.904119225,-0.411417151,0.062034487,0.097241636
6.654524487417766,0.03256642,0.110517321,0.904078729,-0.411542018,0.904078729,-0.411542018,0.061959171,0.097137622
6.654527780663289,0.032566441,0.110382235,0.904037767,-0.41166821,0.904037767,-0.41166821,0.061883024,0.097032518
6.654531125196553,0.032566425,0.110245714,0.903996336,-0.411795732,0.903996336,-0.411795732,0.06180604,0.096926319
6.654534521816291,0.032566372,0.110107754,0.903954432,-0.411924588,0.903954432,-0.411924588,0.061728215,0.09681902
6.654537971333679,0.032566282,0.109968347,0.903912054,-0.412054786,0.903912054,-0.412054786,0.061649545,0.096710618
6.654541474572524,0.032566152,0.109827488,0.903869197,-0.412186329,0.903869197,-0.412186329,0.061570026,0.096601108
6.654545032369463,0.032565981,0.109685172,0.90382586,-0.412319223,0.90382586,-0.412319223,0.061489653,0.096490487
6.654548645574164,0.032565769,0.109541392,0.903782039,-0.412453472,0.903782039,-0.412453472,0.061408423,0.096378752
6.654552315049526,0.032565513,0.109396145,0.903737732,-0.412589081,0.903737732,-0.412589081,0.061326332,0.096265899
6.654556041671885,0.032565214,0.109249424,0.903692935,-0.412726054,0.903692935,-0.412726054,0.061243376,0.096151925
6.654559826331227,0.032564868,0.109101227,0.903647648,-0.412864394,0.903647648,-0.412864394,0.061159551,0.096036828
6.654563669931400,0.032564477,0.108951547,0.903601865,-0.413004106,0.903601865,-0.413004106,0.061074855,0.095920605
6.654567573390323,0.032564037,0.108800382,0.903555587,-0.413145193,0.903555587,-0.413145193,0.060989283,0.095803253
6.654571537640215,0.032563547,0.108647727,0.903508809,-0.413287658,0.903508809,-0.413287658,0.060902833,0.09568477
6.654575563627809,0.032563007,0.10849358,0.90346153,-0.413431503,0.90346153,-0.413431503,0.060815502,0.095565154
6.654579652314586,0.032562415,0.108337937,0.903413747,-0.413576732,0.903413747,-0.413576732,0.060727287,0.095444405
6.654583804676999,0.032561769,0.108180794,0.903365459,-0.413723347,0.903365459,-0.413723347,0.060638185,0.09532252
6.654588021706706,0.032561068,0.108022151,0.903316663,-0.413871349,0.903316663,-0.413871349,0.060548194,0.095199498
6.654592304410814,0.032560311,0.107862004,0.903267357,-0.414020741,0.903267357,-0.414020741,0.060457312,0.095075338
6.654596653812107,0.032559497,0.107700353,0.903217539,-0.414171523,0.903217539,-0.414171523,0.060365536,0.09495004
6.654601070949305,0.032558623,0.107537194,0.903167208,-0.414323697,0.903167208,-0.414323697,0.060272864,0.094823604
6.654605556877298,0.032557689,0.107372527,0.903116362,-0.414477263,0.903116362,-0.414477263,0.060179295,0.094696028
6.654610112667409,0.032556692,0.107206352,0.903064998,-0.414632221,0.903064998,-0.414632221,0.060084828,0.094567315
6.654614739407642,0.032555633,0.107038668,0.903013116,-0.414788573,0.903013116,-0.414788573,0.05998946,0.094437463
6.654619438202949,0.032554508,0.106869475,0.902960714,-0.414946317,0.902960714,-0.414946317,0.05989319,0.094306474
6.654624210175487,0.032553317,0.106698773,0.902907791,-0.415105453,0.902907791,-0.415105453,0.059796018,0.094174349
6.654629056464890,0.032552058,0.106526563,0.902854345,-0.415265979,0.902854345,-0.415265979,0.059697943,0.094041089
6.654633978228540,0.03255073,0.106352845,0.902800376,-0.415427895,0.902800376,-0.415427895,0.059598964,0.093906696
6.654638976641846,0.032549331,0.106177622,0.902745882,-0.415591199,0.902745882,-0.415591199,0.059499081,0.093771172
6.654644052898518,0.032547859,0.106000896,0.902690863,-0.415755888,0.902690863,-0.415755888,0.059398294,0.093634519
6.654649208210858,0.032546313,0.105822668,0.902635317,-0.41592196,0.902635317,-0.41592196,0.059296602,0.09349674
6.654654443810052,0.032544692,0.105642941,0.902579244,-0.416089412,0.902579244,-0.416089412,0.059194007,0.093357838
6.654659760946452,0.032542994,0.105461719,0.902522644,-0.416258241,0.902522644,-0.416258241,0.059090508,0.093217817
6.654665160889891,0.032541217,0.105279004,0.902465516,-0.416428443,0.902465516,-0.416428443,0.058986107,0.093076679
6.654670644929973,0.03253936,0.105094802,0.902407859,-0.416600014,0.902407859,-0.416600014,0.058880805,0.092934429
6.654676214376386,0.032537421,0.104909116,0.902349674,-0.416772949,0.902349674,-0.416772949,0.058774602,0.092791071
6.654681870559216,0.0325354,0.104721951,0.902290961,-0.416947244,0.902290961,-0.416947244,0.058667501,0.09264661
6.654687614829261,0.032533293,0.104533313,0.902231719,-0.417122893,0.902231719,-0.417122893,0.058559503,0.092501051
6.654693448558359,0.0325311,0.104343207,0.902171949,-0.417299891,0.902171949,-0.417299891,0.05845061,0.092354399
6.654699373139712,0.032528819,0.10415164,0.902111652,-0.417478231,0.902111652,-0.417478231,0.058340825,0.09220666
6.654705389988215,0.032526449,0.103958618,0.902050827,-0.417657907,0.902050827,-0.417657907,0.05823015,0.09205784
6.654711500540803,0.032523988,0.103764149,0.901989476,-0.417838911,0.901989476,-0.417838911,0.058118588,0.091907946
6.654717706256788,0.032521434,0.103568239,0.901927599,-0.418021236,0.901927599,-0.418021236,0.058006142,0.091756984
6.654724008618206,0.032518786,0.103370898,0.901865197,-0.418204875,0.901865197,-0.418204875,0.057892815,0.091604962
6.654730409130178,0.032516043,0.103172134,0.901802272,-0.418389818,0.901802272,-0.418389818,0.057778611,0.091451886
6.654736909321262,0.032513203,0.102971955,0.901738824,-0.418576057,0.901738824,-0.418576057,0.057663535,0.091297766
6.654743510743821,0.032510264,0.102770372,0.901674855,-0.418763583,0.901674855,-0.418763583,0.05754759,0.091142609
6.654750000000001,0.032507323,0.102573877,0.901612427,-0.418946357,0.901612427,-0.418946357,0.057434512,0.090991411
6.654750214974398,0.032507225,0.102567395,0.901610367,-0.418952386,0.901610367,-0.418952386,0.057430781,0.090986424
6.654757023614084,0.032504084,0.102363034,0.901545361,-0.419142455,0.901545361,-0.419142455,0.057313112,0.090829221
6.654763938288905,0.032500841,0.1021573,0.90147984,-0.41933378,0.90147984,-0.41933378,0.057194589,0.090671008
6.654770960650214,0.032497492,0.101950205,0.901413805,-0.41952635,0.901413805,-0.41952635,0.057075217,0.090511795
6.654778092375076,0.032494038,0.101741762,0.901347258,-0.419720154,0.901347258,-0.419720154,0.056955002,0.090351593
6.654785335166679,0.032490477,0.101531981,0.901280203,-0.419915178,0.901280203,-0.419915178,0.05683395,0.090190413
6.654792690754732,0.032486807,0.101320878,0.901212641,-0.420111412,0.901212641,-0.420111412,0.056712067,0.090028265
6.654800160895886,0.032483027,0.101108464,0.901144576,-0.420308841,0.901144576,-0.420308841,0.05658936,0.08986516
6.654807747374145,0.032479135,0.100894755,0.90107601,-0.420507452,0.90107601,-0.420507452,0.056465835,0.089701111
6.654815452001300,0.032475131,0.100679765,0.901006946,-0.420707231,0.901006946,-0.420707231,0.0563415,0.08953613
6.654823276617354,0.032471012,0.100463509,0.900937388,-0.420908165,0.900937388,-0.420908165,0.056216363,0.089370229
6.654831223090970,0.032466778,0.100246004,0.900867339,-0.421110237,0.900867339,-0.421110237,0.056090431,0.089203421
6.654839293319911,0.032462427,0.100027264,0.900796802,-0.421313433,0.900796802,-0.421313433,0.055963712,0.089035719
6.654847489231493,0.032457959,0.099807307,0.900725783,-0.421517737,0.900725783,-0.421517737,0.055836214,0.088867137
6.654855812783050,0.032453371,0.099586149,0.900654283,-0.421723133,0.900654283,-0.421723133,0.055707948,0.08869769
6.654864265962399,0.032448663,0.09936381,0.900582309,-0.421929604,0.900582309,-0.421929604,0.055578921,0.088527391
6.654872850788313,0.032443834,0.099140306,0.900509864,-0.422137132,0.900509864,-0.422137132,0.055449142,0.088356255
6.654881569311003,0.032438882,0.098915657,0.900436952,-0.4223457,0.900436952,-0.4223457,0.055318623,0.088184298
6.654890423612613,0.032433807,0.098689881,0.900363578,-0.422555291,0.900363578,-0.422555291,0.055187372,0.088011535
6.654899415807711,0.032428607,0.098462999,0.900289748,-0.422765885,0.900289748,-0.422765885,0.0550554,0.087837983
6.654908548043798,0.032423281,0.09823503,0.900215466,-0.422977463,0.900215466,-0.422977463,0.054922718,0.087663656
6.654917822501817,0.032417829,0.098005996,0.900140738,-0.423190006,0.900140738,-0.423190006,0.054789336,0.087488573
6.654927241396679,0.03241225,0.097775917,0.900065569,-0.423403495,0.900065569,-0.423403495,0.054655265,0.087312749
6.654936806977789,0.032406542,0.097544815,0.899989965,-0.423617908,0.899989965,-0.423617908,0.054520518,0.087136203
6.654946521529578,0.032400706,0.097312713,0.899913931,-0.423833226,0.899913931,-0.423833226,0.054385107,0.086958952
6.654956387372063,0.032394739,0.097079632,0.899837474,-0.424049427,0.899837474,-0.424049427,0.054249042,0.086781014
6.654966406861384,0.032388642,0.096845596,0.899760599,-0.424266489,0.899760599,-0.424266489,0.054112337,0.086602408
6.654976582390378,0.032382414,0.096610629,0.899683314,-0.42448439,0.899683314,-0.42448439,0.053975005,0.086423151
6.654986916389148,0.032376053,0.096374755,0.899605624,-0.424703109,0.899605624,-0.424703109,0.053837058,0.086243264
6.654997411325641,0.032369561,0.096137997,0.899527537,-0.424922622,0.899527537,-0.424922622,0.053698509,0.086062765
6.655000000000000,0.032367954,0.096080025,0.899508401,-0.424976367,0.899508401,-0.424976367,0.053664572,0.086018578
6.655008069706239,0.032362935,0.095900381,0.89944906,-0.425142906,0.89944906,-0.425142906,0.053559374,0.085881675
6.655018894076357,0.032356176,0.095661931,0.899370198,-0.425363937,0.899370198,-0.425363937,0.053419664,0.085700012
6.655029887021054,0.032349284,0.095422675,0.899290961,-0.425585692,0.899290961,-0.425585692,0.053279395,0.085517798
6.655041051165643,0.032342257,0.095182638,0.899211355,-0.425808147,0.899211355,-0.425808147,0.053138581,0.085335053
6.655052389176327,0.032335095,0.094941846,0.899131388,-0.426031276,0.899131388,-0.426031276,0.052997236,0.085151798
6.655063903760829,0.032327799,0.094700326,0.899051067,-0.426255054,0.899051067,-0.426255054,0.052855377,0.084968053
6.655075597669042,0.032320368,0.094458106,0.898970401,-0.426479457,0.898970401,-0.426479457,0.052713017,0.084783841
6.655087473693685,0.032312802,0.094215214,0.898889398,-0.426704459,0.898889398,-0.426704459,0.052570172,0.084599183
6.655099534670969,0.032305102,0.093971677,0.898808066,-0.426930033,0.898808066,-0.426930033,0.052426859,0.084414101
6.655111783481274,0.032297266,0.093727524,0.898726414,-0.427156153,0.898726414,-0.427156153,0.052283093,0.084228616
6.655124223049841,0.032289295,0.093482784,0.89864445,-0.427382793,0.89864445,-0.427382793,0.052138891,0.084042752
6.655136856347464,0.032281189,0.093237486,0.898562183,-0.427609925,0.898562183,-0.427609925,0.051994269,0.083856531
6.655149686391207,0.032272949,0.092991659,0.898479622,-0.427837523,0.898479622,-0.427837523,0.051849243,0.083669976
6.655162716245117,0.032264574,0.092745333,0.898396776,-0.42806556,0.898396776,-0.42806556,0.051703832,0.08348311
6.655175949020962,0.032256065,0.092498538,0.898313654,-0.428294006,0.898313654,-0.428294006,0.051558051,0.083295955
6.655189387878969,0.032247423,0.092251305,0.898230267,-0.428522835,0.898230267,-0.428522835,0.051411919,0.083108536
6.655203036028581,0.032238648,0.092003664,0.898146622,-0.428752018,0.898146622,-0.428752018,0.051265453,0.082920876
6.655216896729227,0.032229739,0.091755646,0.898062731,-0.428981526,0.898062731,-0.428981526,0.051118671,0.082732999
6.655230973291095,0.032220699,0.091507282,0.897978602,-0.429211332,0.897978602,-0.429211332,0.050971591,0.082544929
6.655245269075924,0.032211528,0.091258604,0.897894247,-0.429441406,0.897894247,-0.429441406,0.050824231,0.082356689
6.655250000000001,0.032208495,0.091177084,0.897866568,-0.429516822,0.897866568,-0.429516822,0.050775904,0.082294997
6.655259787497809,0.032202226,0.091009643,0.897809674,-0.429671719,0.897809674,-0.429671719,0.050676609,0.082168304
6.655274532024013,0.032192794,0.09076043,0.897724894,-0.429902243,0.897724894,-0.429902243,0.050528745,0.081979799
6.655289506175798,0.032183233,0.090510999,0.897639918,-0.430132946,0.897639918,-0.430132946,0.050380656,0.081791197
6.655304713529264,0.032173544,0.090261381,0.897554756,-0.430363801,0.897554756,-0.430363801,0.050232362,0.081602524
6.655320157716205,0.032163729,0.090011609,0.897469418,-0.430594778,0.897469418,-0.430594778,0.050083882,0.081413803
6.655335842424974,0.032153787,0.089761715,0.897383916,-0.430825846,0.897383916,-0.430825846,0.049935234,0.08122506
6.655351771401365,0.032143721,0.089511731,0.897298259,-0.431056977,0.897298259,-0.431056977,0.049786439,0.08103632
6.655367948449510,0.032133531,0.089261691,0.89721246,-0.431288139,0.89721246,-0.431288139,0.049637516,0.080847607
6.655384377432782,0.032123219,0.089011628,0.897126528,-0.431519303,0.897126528,-0.431519303,0.049488483,0.080658946
6.655401062274721,0.032112786,0.088761574,0.897040475,-0.431750438,0.897040475,-0.431750438,0.049339362,0.080470363
6.655418006959972,0.032102233,0.088511563,0.896954313,-0.431981516,0.896954313,-0.431981516,0.049190171,0.080281881
6.655435215535235,0.032091563,0.088261628,0.896868051,-0.432212505,0.896868051,-0.432212505,0.049040931,0.080093527
6.655452692110231,0.032080777,0.088011801,0.896781703,-0.432443375,0.896781703,-0.432443375,0.048891661,0.079905325
6.655470440858685,0.032069875,0.087762117,0.896695278,-0.432674096,0.896695278,-0.432674096,0.048742382,0.0797173
6.655488466019323,0.032058861,0.087512609,0.896608789,-0.432904637,0.896608789,-0.432904637,0.048593113,0.079529477
6.655500000000000,0.032051844,0.087355058,0.896554112,-0.433050203,0.896554112,-0.433050203,0.04849881,0.079410913
6.655506771896881,0.032047735,0.087263309,0.896522248,-0.433134969,0.896522248,-0.433134969,0.048443875,0.079341881
6.655525362863136,0.0320365,0.087014252,0.896435664,-0.433365061,0.896435664,-0.433365061,0.048294688,0.079154537
6.655544243357950,0.032025157,0.08676547,0.896349051,-0.433594884,0.896349051,-0.433594884,0.048145572,0.07896747
6.655563417890328,0.032013709,0.086516997,0.89626242,-0.433824406,0.89626242,-0.433824406,0.047996548,0.078780705
6.655582891039502,0.032002157,0.086268866,0.896175783,-0.434053598,0.896175783,-0.434053598,0.047847635,0.078594266
6.655602667456011,0.031990504,0.08602111,0.896089151,-0.43428243,0.896089151,-0.43428243,0.047698854,0.078408178
6.655622751862826,0.031978751,0.085773762,0.896002537,-0.434510872,0.896002537,-0.434510872,0.047550225,0.078222465
6.655643149056471,0.031966901,0.085526856,0.895915951,-0.434738894,0.895915951,-0.434738894,0.047401769,0.078037153
6.655663863908163,0.031954956,0.085280423,0.895829406,-0.434966467,0.895829406,-0.434966467,0.047253506,0.077852265
6.655684901364991,0.031942919,0.085034497,0.895742914,-0.435193561,0.895742914,-0.435193561,0.047105456,0.077667825
6.655706266451081,0.031930791,0.084789111,0.895656487,-0.435420147,0.895656487,-0.435420147,0.046957639,0.077483858
6.655727964268805,0.031918576,0.084544297,0.895570135,-0.435646195,0.895570135,-0.435646195,0.046810076,0.077300388
6.655750000000000,0.031906275,0.084300087,0.895483873,-0.435871677,0.895483873,-0.435871677,0.046662787,0.077117439
6.656000000000001,0.031773934,0.081802712,0.89459453,-0.438177207,0.89459453,-0.438177207,0.045151416,0.075250382
6.656250000000000,0.031654496,0.079719877,0.893842534,-0.440100091,0.893842534,-0.440100091,0.043883791,0.073698611
6.656500000000000,0.031546995,0.077956426,0.893198219,-0.441728766,0.893198219,-0.441728766,0.042805515,0.072388631
6.656750000000001,0.031450211,0.076444233,0.892639852,-0.44312639,0.892639852,-0.44312639,0.04187723,0.071268116
6.657000000000000,0.031362919,0.075133246,0.892151159,-0.444339264,0.892151159,-0.444339264,0.041069765,0.070298813
6.657250000000000,0.031283986,0.07398587,0.89171972,-0.445402102,0.89171972,-0.445402102,0.040361044,0.069452106
6.657500000000001,0.031212402,0.072973323,0.891335893,-0.446341438,0.891335893,-0.446341438,0.039734055,0.068706169
6.657750000000000,0.031147288,0.072073198,0.890992083,-0.447177898,0.890992083,-0.447177898,0.039175479,0.068044062
6.658000000000000,0.031087877,0.071267788,0.890682223,-0.447927763,0.890682223,-0.447927763,0.038674739,0.06745244
6.658250000000001,0.03103351,0.070542921,0.890401415,-0.448604048,0.890401415,-0.448604048,0.038223332,0.066920646
6.658500000000000,0.030983617,0.069887115,0.890145655,-0.449217289,0.890145655,-0.449217289,0.037814341,0.066440067
6.658750000000000,0.030937706,0.069290971,0.889911643,-0.4497761,0.889911643,-0.4497761,0.037442085,0.066003668
6.659000000000001,0.03089535,0.068746723,0.889696635,-0.450287594,0.889696635,-0.450287594,0.037101852,0.065605645
6.659250000000000,0.030856181,0.068247893,0.889498328,-0.4507577,0.889498328,-0.4507577,0.036789704,0.065241167
6.659500000000000,0.030819876,0.067789042,0.889314775,-0.451191392,0.889314775,-0.451191392,0.036502324,0.064906183
6.659750000000001,0.030786152,0.067365562,0.889144324,-0.451592882,0.889144324,-0.451592882,0.036236894,0.064597266
6.660000000000000,0.030754764,0.06697353,0.888985556,-0.451965753,0.888985556,-0.451965753,0.035991011,0.064311503
6.660250000000000,0.030725495,0.066609582,0.888837253,-0.452313078,0.888837253,-0.452313078,0.035762609,0.064046397
6.660500000000001,0.030698153,0.066270814,0.888698358,-0.452637504,0.888698358,-0.452637504,0.035549903,0.063799799
6.660750000000000,0.030672568,0.065954713,0.888567955,-0.452941325,0.888567955,-0.452941325,0.035351344,0.063569848
6.661000000000000,0.03064859,0.065659088,0.888445239,-0.453226539,0.888445239,-0.453226539,0.035165578,0.063354923
6.661250000000001,0.030626085,0.065382021,0.888329506,-0.453494893,0.888329506,-0.453494893,0.034991421,0.063153608
6.661500000000000,0.030604933,0.065121827,0.888220136,-0.453747923,0.888220136,-0.453747923,0.03482783,0.062964659
6.661750000000001,0.030585028,0.064877018,0.888116577,-0.453986982,0.888116577,-0.453986982,0.034673882,0.06278698
6.662000000000001,0.030566271,0.064646277,0.888018344,-0.454213271,0.888018344,-0.454213271,0.034528759,0.0626196
6.662250000000000,0.030548577,0.064428434,0.887924999,-0.454427854,0.887924999,-0.454427854,0.034391735,0.062461655
6.662500000000001,0.030531868,0.064222442,0.887836155,-0.454631683,0.887836155,-0.454631683,0.034262158,0.062312378
6.662750000000001,0.030516072,0.064027368,0.887751463,-0.454825608,0.887751463,-0.454825608,0.034139447,0.062171082
6.663000000000000,0.030501126,0.063842372,0.887670609,-0.455010392,0.887670609,-0.455010392,0.034023079,0.062037148
6.663250000000001,0.03048697,0.063666699,0.88759331,-0.455186721,0.88759331,-0.455186721,0.033912582,0.061910023
6.663500000000000,0.030473551,0.063499667,0.88751931,-0.455355215,0.88751931,-0.455355215,0.033807531,0.061789207
6.663750000000000,0.030460822,0.06334066,0.887448379,-0.455516434,0.887448379,-0.455516434,0.03370754,0.061674246
6.664000000000001,0.030448736,0.063189118,0.887380305,-0.455670887,0.887380305,-0.455670887,0.033612259,0.06156473
6.664250000000000,0.030437255,0.063044532,0.887314896,-0.455819036,0.887314896,-0.455819036,0.03352137,0.061460288
6.664500000000000,0.03042634,0.06290644,0.887251978,-0.4559613,0.887251978,-0.4559613,0.033434582,0.061360578
6.664750000000001,0.030415956,0.062774418,0.88719139,-0.456098066,0.88719139,-0.456098066,0.033351629,0.061265292
6.665000000000000,0.030406073,0.062648078,0.887132987,-0.456229683,0.887132987,-0.456229683,0.03327227,0.061174145
6.665250000000000,0.030396661,0.062527066,0.887076632,-0.456356475,0.887076632,-0.456356475,0.033196282,0.061086879
6.665500000000001,0.030387694,0.062411055,0.887022204,-0.456478737,0.887022204,-0.456478737,0.033123458,0.061003254
6.665750000000000,0.030379145,0.062299747,0.886969587,-0.45659674,0.886969587,-0.45659674,0.033053612,0.060923052
6.666000000000000,0.030370992,0.062192864,0.886918677,-0.456710737,0.886918677,-0.456710737,0.032986568,0.06084607
6.666250000000001,0.030363213,0.062090151,0.886869377,-0.456820958,0.886869377,-0.456820958,0.032922168,0.060772122
6.666500000000000,0.030355789,0.061991373,0.886821596,-0.456927617,0.886821596,-0.456927617,0.032860261,0.060701035
6.666750000000000,0.030348701,0.061896311,0.886775251,-0.457030913,0.886775251,-0.457030913,0.03280071,0.060632651
6.667000000000001,0.030341932,0.061804761,0.886730265,-0.457131029,0.886730265,-0.457131029,0.032743388,0.060566821
6.667250000000000,0.030335465,0.061716537,0.886686566,-0.457228135,0.886686566,-0.457228135,0.032688176,0.060503407
6.667500000000000,0.030329285,0.061631464,0.886644087,-0.45732239,0.886644087,-0.45732239,0.032634964,0.060442283
6.667750000000001,0.030323379,0.061549378,0.886602766,-0.457413942,0.886602766,-0.457413942,0.032583649,0.06038333
6.668000000000000,0.030317733,0.061470127,0.886562544,-0.457502929,0.886562544,-0.457502929,0.032534135,0.060326436
6.668250000000000,0.030312335,0.06139357,0.886523367,-0.457589478,0.886523367,-0.457589478,0.032486333,0.060271498
6.668500000000001,0.030307173,0.061319575,0.886485185,-0.45767371,0.886485185,-0.45767371,0.032440158,0.060218421
6.668750000000000,0.030302236,0.061248017,0.886447949,-0.457755737,0.886447949,-0.457755737,0.032395533,0.060167113
6.669000000000000,0.030297515,0.06117878,0.886411615,-0.457835664,0.886411615,-0.457835664,0.032352385,0.06011749
6.669250000000001,0.030292999,0.061111757,0.886376141,-0.457913589,0.886376141,-0.457913589,0.032310643,0.060069474
6.669500000000000,0.030288679,0.061046844,0.886341488,-0.457989606,0.886341488,-0.457989606,0.032270245,0.060022989
6.669750000000001,0.030284548,0.060983946,0.88630762,-0.4580638,0.88630762,-0.4580638,0.032231129,0.059977966
6.670000000000001,0.030280596,0.060922973,0.8862745,-0.458136254,0.8862745,-0.458136254,0.032193238,0.059934339
6.670250000000000,0.030276817,0.060863839,0.886242097,-0.458207045,0.886242097,-0.458207045,0.032156518,0.059892046
6.670500000000001,0.030273203,0.060806465,0.886210379,-0.458276244,0.886210379,-0.458276244,0.032120919,0.059851029
6.670750000000001,0.030269747,0.060750775,0.886179318,-0.45834392,0.886179318,-0.45834392,0.032086393,0.059811234
6.671000000000000,0.030266443,0.060696699,0.886148887,-0.458410138,0.886148887,-0.458410138,0.032052895,0.059772609
6.671250000000001,0.030263286,0.060644168,0.886119058,-0.458474958,0.886119058,-0.458474958,0.032020382,0.059735104
6.671500000000000,0.030260268,0.06059312,0.886089807,-0.458538437,0.886089807,-0.458538437,0.031988813,0.059698674
6.671750000000000,0.030257385,0.060543495,0.886061112,-0.458600631,0.886061112,-0.458600631,0.031958152,0.059663275
6.672000000000001,0.030254631,0.060495235,0.88603295,-0.45866159,0.88603295,-0.45866159,0.031928361,0.059628865
6.672250000000000,0.030252003,0.060448287,0.886005301,-0.458721364,0.886005301,-0.458721364,0.031899407,0.059595406
6.672500000000000,0.030249494,0.060402599,0.885978144,-0.458779998,0.885978144,-0.458779998,0.031871256,0.05956286
6.672750000000001,0.0302471,0.060358124,0.885951461,-0.458837537,0.885951461,-0.458837537,0.03184388,0.059531193
6.673000000000000,0.030244818,0.060314814,0.885925234,-0.458894022,0.885925234,-0.458894022,0.031817247,0.059500369
6.673250000000000,0.030242643,0.060272627,0.885899445,-0.458949492,0.885899445,-0.458949492,0.03179133,0.059470359
6.673500000000001,0.030240572,0.060231521,0.88587408,-0.459003986,0.88587408,-0.459003986,0.031766103,0.059441132
6.673750000000000,0.0302386,0.060191456,0.885849122,-0.459057539,0.885849122,-0.459057539,0.031741541,0.059412658
6.674000000000000,0.030236725,0.060152395,0.885824557,-0.459110184,0.885824557,-0.459110184,0.03171762,0.059384911
6.674250000000001,0.030234943,0.060114302,0.885800371,-0.459161955,0.885800371,-0.459161955,0.031694317,0.059357865
6.674500000000000,0.03023325,0.060077142,0.88577655,-0.459212883,0.88577655,-0.459212883,0.03167161,0.059331495
6.674750000000000,0.030231644,0.060040883,0.885753083,-0.459262996,0.885753083,-0.459262996,0.031649479,0.059305777
6.675000000000001,0.030230122,0.060005495,0.885729956,-0.459312323,0.885729956,-0.459312323,0.031627903,0.059280689
6.675250000000000,0.030228682,0.059970947,0.885707159,-0.45936089,0.885707159,-0.45936089,0.031606865,0.059256209
6.675500000000000,0.03022732,0.059937211,0.88568468,-0.459408724,0.88568468,-0.459408724,0.031586346,0.059232317
6.675750000000001,0.030226033,0.05990426,0.885662509,-0.459455849,0.885662509,-0.459455849,0.031566328,0.059208992
6.676000000000000,0.030224821,0.059872068,0.885640635,-0.459502288,0.885640635,-0.459502288,0.031546795,0.059186217
6.676250000000000,0.030223679,0.05984061,0.88561905,-0.459548063,0.88561905,-0.459548063,0.031527733,0.059163974
6.676500000000001,0.030222607,0.059809863,0.885597743,-0.459593196,0.885597743,-0.459593196,0.031509124,0.059142244
6.676750000000000,0.030221601,0.059779805,0.885576707,-0.459637708,0.885576707,-0.459637708,0.031490955,0.059121012
6.677000000000000,0.030220661,0.059750412,0.885555932,-0.459681617,0.885555932,-0.459681617,0.031473213,0.059100263
6.677250000000001,0.030219783,0.059721665,0.88553541,-0.459724944,0.88553541,-0.459724944,0.031455883,0.05907998
6.677500000000000,0.030218966,0.059693544,0.885515134,-0.459767706,0.885515134,-0.459767706,0.031438954,0.059060149
6.677750000000001,0.030218208,0.059666029,0.885495096,-0.459809919,0.885495096,-0.459809919,0.031422412,0.059040757
6.678000000000001,0.030217508,0.059639102,0.885475289,-0.459851602,0.885475289,-0.459851602,0.031406247,0.05902179
6.678250000000000,0.030216863,0.059612745,0.885455707,-0.459892769,0.885455707,-0.459892769,0.031390447,0.059003236
6.678500000000001,0.030216273,0.059586942,0.885436341,-0.459933437,0.885436341,-0.459933437,0.031375001,0.058985081
6.678750000000001,0.030215735,0.059561676,0.885417187,-0.459973619,0.885417187,-0.459973619,0.031359899,0.058967315
6.679000000000000,0.030215248,0.059536931,0.885398237,-0.46001333,0.885398237,-0.46001333,0.03134513,0.058949926
6.679250000000001,0.030214811,0.059512693,0.885379487,-0.460052584,0.885379487,-0.460052584,0.031330686,0.058932903
6.679500000000000,0.030214422,0.059488947,0.88536093,-0.460091393,0.88536093,-0.460091393,0.031316557,0.058916236
6.679750000000000,0.03021408,0.059465679,0.885342561,-0.46012977,0.885342561,-0.46012977,0.031302734,0.058899915
6.680000000000001,0.030213784,0.059442876,0.885324375,-0.460167728,0.885324375,-0.460167728,0.031289208,0.058883929
6.680250000000000,0.030213533,0.059420524,0.885306366,-0.460205278,0.885306366,-0.460205278,0.031275972,0.05886827
6.680500000000000,0.030213324,0.059398612,0.885288531,-0.460242431,0.885288531,-0.460242431,0.031263017,0.058852928
6.680750000000001,0.030213158,0.059377127,0.885270863,-0.460279198,0.885270863,-0.460279198,0.031250336,0.058837895
6.681000000000000,0.030213033,0.059356058,0.885253359,-0.460315589,0.885253359,-0.460315589,0.031237922,0.058823162
6.681250000000000,0.030212947,0.059335394,0.885236014,-0.460351615,0.885236014,-0.460351615,0.031225766,0.058808722
6.681500000000001,0.030212901,0.059315124,0.885218824,-0.460387285,0.885218824,-0.460387285,0.031213863,0.058794567
6.681750000000000,0.030212892,0.059295237,0.885201785,-0.460422609,0.885201785,-0.460422609,0.031202206,0.058780688
6.682000000000000,0.030212921,0.059275724,0.885184894,-0.460457595,0.885184894,-0.460457595,0.031190788,0.05876708
6.682250000000001,0.030212985,0.059256574,0.885168145,-0.460492253,0.885168145,-0.460492253,0.031179604,0.058753734
6.682500000000000,0.030213085,0.05923778,0.885151536,-0.46052659,0.885151536,-0.46052659,0.031168647,0.058740645
6.682750000000000,0.030213219,0.05921933,0.885135063,-0.460560615,0.885135063,-0.460560615,0.031157911,0.058727805
6.683000000000001,0.030213386,0.059201218,0.885118723,-0.460594336,0.885118723,-0.460594336,0.031147391,0.058715208
6.683250000000000,0.030213586,0.059183434,0.885102512,-0.460627761,0.885102512,-0.460627761,0.031137082,0.058702849
6.683500000000000,0.030213818,0.05916597,0.885086427,-0.460660896,0.885086427,-0.460660896,0.031126978,0.058690721
6.683750000000001,0.03021408,0.059148819,0.885070465,-0.460693749,0.885070465,-0.460693749,0.031117075,0.058678818
6.684000000000000,0.030214373,0.059131973,0.885054623,-0.460726327,0.885054623,-0.460726327,0.031107367,0.058667136
6.684250000000000,0.030214696,0.059115424,0.885038899,-0.460758636,0.885038899,-0.460758636,0.031097849,0.058655669
6.684500000000001,0.030215047,0.059099165,0.885023288,-0.460790683,0.885023288,-0.460790683,0.031088518,0.058644411
6.684750000000000,0.030215427,0.059083189,0.88500779,-0.460822474,0.88500779,-0.460822474,0.031079369,0.058633357
6.685000000000000,0.030215834,0.059067491,0.8849924,-0.460854015,0.8849924,-0.460854015,0.031070397,0.058622504
6.685250000000001,0.030216269,0.059052062,0.884977117,-0.460885313,0.884977117,-0.460885313,0.031061598,0.058611845
6.685500000000000,0.030216729,0.059036898,0.884961938,-0.460916372,0.884961938,-0.460916372,0.031052969,0.058601377
6.685750000000001,0.030217215,0.059021991,0.88494686,-0.460947198,0.88494686,-0.460947198,0.031044505,0.058591095
6.686000000000001,0.030217727,0.059007336,0.884931882,-0.460977796,0.884931882,-0.460977796,0.031036203,0.058580995
6.686250000000000,0.030218263,0.058992927,0.884917,-0.461008172,0.884917,-0.461008172,0.031028059,0.058571073
6.686500000000001,0.030218823,0.058978759,0.884902214,-0.461038331,0.884902214,-0.461038331,0.031020069,0.058561325
6.686750000000001,0.030219407,0.058964826,0.88488752,-0.461068278,0.88488752,-0.461068278,0.03101223,0.058551746
6.687000000000000,0.030220014,0.058951123,0.884872917,-0.461098016,0.884872917,-0.461098016,0.031004539,0.058542333
6.687250000000001,0.030220643,0.058937645,0.884858402,-0.461127552,0.884858402,-0.461127552,0.030996993,0.058533083
6.687500000000000,0.030221294,0.058924387,0.884843975,-0.461156889,0.884843975,-0.461156889,0.030989587,0.058523991
6.687750000000000,0.030221967,0.058911345,0.884829632,-0.461186031,0.884829632,-0.461186031,0.03098232,0.058515055
6.688000000000001,0.030222661,0.058898513,0.884815372,-0.461214983,0.884815372,-0.461214983,0.030975188,0.058506271
6.688250000000000,0.030223376,0.058885887,0.884801193,-0.46124375,0.884801193,-0.46124375,0.030968188,0.058497635
6.688500000000000,0.030224111,0.058873462,0.884787094,-0.461272333,0.884787094,-0.461272333,0.030961318,0.058489145
6.688750000000001,0.030224865,0.058861236,0.884773073,-0.461300739,0.884773073,-0.461300739,0.030954574,0.058480797
6.689000000000000,0.03022564,0.058849202,0.884759128,-0.46132897,0.884759128,-0.46132897,0.030947955,0.058472589
6.689250000000000,0.030226433,0.058837358,0.884745257,-0.46135703,0.884745257,-0.46135703,0.030941457,0.058464518
6.689500000000001,0.030227245,0.058825699,0.88473146,-0.461384923,0.88473146,-0.461384923,0.030935079,0.05845658
6.689750000000000,0.030228075,0.058814221,0.884717734,-0.461412652,0.884717734,-0.461412652,0.030928816,0.058448773
6.690000000000000,0.030228923,0.058802921,0.884704078,-0.46144022,0.884704078,-0.46144022,0.030922669,0.058441095
6.690250000000001,0.030229789,0.058791796,0.884690491,-0.46146763,0.884690491,-0.46146763,0.030916633,0.058433542
6.690500000000000,0.030230672,0.058780841,0.884676971,-0.461494887,0.884676971,-0.461494887,0.030910706,0.058426112
6.690750000000000,0.030231571,0.058770054,0.884663517,-0.461521992,0.884663517,-0.461521992,0.030904888,0.058418803
6.691000000000001,0.030232488,0.058759431,0.884650128,-0.46154895,0.884650128,-0.46154895,0.030899174,0.058411613
6.691250000000000,0.03023342,0.058748968,0.884636802,-0.461575762,0.884636802,-0.461575762,0.030893564,0.058404538
6.691500000000000,0.030234369,0.058738663,0.884623539,-0.461602432,0.884623539,-0.461602432,0.030888055,0.058397577
6.691750000000001,0.030235333,0.058728512,0.884610336,-0.461628962,0.884610336,-0.461628962,0.030882646,0.058390728
6.692000000000000,0.030236312,0.058718513,0.884597193,-0.461655355,0.884597193,-0.461655355,0.030877334,0.058383987
6.692250000000000,0.030237306,0.058708663,0.884584108,-0.461681614,0.884584108,-0.461681614,0.030872117,0.058377354
6.692500000000001,0.030238315,0.058698958,0.884571081,-0.461707741,0.884571081,-0.461707741,0.030866994,0.058370826
6.692750000000000,0.030239339,0.058689396,0.884558111,-0.46173374,0.884558111,-0.46173374,0.030861963,0.058364401
6.693000000000001,0.030240377,0.058679975,0.884545196,-0.461759611,0.884545196,-0.461759611,0.030857023,0.058358078
6.693250000000001,0.030241429,0.058670691,0.884532335,-0.461785358,0.884532335,-0.461785358,0.03085217,0.058351853
6.693500000000000,0.030242494,0.058661542,0.884519527,-0.461810983,0.884519527,-0.461810983,0.030847405,0.058345727
6.693750000000001,0.030243573,0.058652526,0.884506771,-0.461836488,0.884506771,-0.461836488,0.030842725,0.058339695
6.694000000000001,0.030244665,0.058643641,0.884494067,-0.461861876,0.884494067,-0.461861876,0.030838128,0.058333758
6.694250000000000,0.03024577,0.058634883,0.884481413,-0.461887148,0.884481413,-0.461887148,0.030833614,0.058327913
6.694500000000001,0.030246888,0.05862625,0.884468809,-0.461912307,0.884468809,-0.461912307,0.030829181,0.058322158
6.694750000000000,0.030248018,0.05861774,0.884456253,-0.461937354,0.884456253,-0.461937354,0.030824826,0.058316492
6.695000000000000,0.030249161,0.058609352,0.884443745,-0.461962292,0.884443745,-0.461962292,0.03082055,0.058310913
6.695250000000001,0.030250316,0.058601082,0.884431284,-0.461987123,0.884431284,-0.461987123,0.03081635,0.05830542
6.695500000000000,0.030251482,0.058592929,0.884418869,-0.462011848,0.884418869,-0.462011848,0.030812225,0.058300011
6.695750000000000,0.03025266,0.058584891,0.884406499,-0.46203647,0.884406499,-0.46203647,0.030808173,0.058294685
6.696000000000001,0.03025385,0.058576965,0.884394173,-0.46206099,0.884394173,-0.46206099,0.030804195,0.05828944
6.696250000000000,0.030255051,0.05856915,0.884381891,-0.46208541,0.884381891,-0.46208541,0.030800287,0.058284275
6.696500000000000,0.030256263,0.058561444,0.884369651,-0.462109732,0.884369651,-0.462109732,0.030796449,0.058279188
6.696750000000001,0.030257486,0.058553845,0.884357454,-0.462133957,0.884357454,-0.462133957,0.030792681,0.058274178
6.697000000000000,0.030258719,0.05854635,0.884345299,-0.462158087,0.884345299,-0.462158087,0.030788979,0.058269244
6.697250000000000,0.030259964,0.058538959,0.884333184,-0.462182124,0.884333184,-0.462182124,0.030785345,0.058264384
6.697500000000001,0.030261218,0.05853167,0.884321108,-0.462206069,0.884321108,-0.462206069,0.030781775,0.058259598
6.697750000000000,0.030262483,0.05852448,0.884309073,-0.462229924,0.884309073,-0.462229924,0.03077827,0.058254883
6.698000000000000,0.030263757,0.058517388,0.884297076,-0.46225369,0.884297076,-0.46225369,0.030774828,0.05825024
6.698250000000001,0.030265042,0.058510393,0.884285116,-0.462277369,0.884285116,-0.462277369,0.030771448,0.058245665
6.698500000000000,0.030266336,0.058503492,0.884273195,-0.462300963,0.884273195,-0.462300963,0.030768129,0.058241159
6.698750000000000,0.03026764,0.058496685,0.88426131,-0.462324472,0.88426131,-0.462324472,0.03076487,0.058236721
6.699000000000001,0.030268953,0.05848997,0.884249461,-0.462347898,0.884249461,-0.462347898,0.03076167,0.058232348
6.699250000000000,0.030270276,0.058483345,0.884237648,-0.462371242,0.884237648,-0.462371242,0.030758529,0.058228041
6.699500000000000,0.030271607,0.058476809,0.884225869,-0.462394506,0.884225869,-0.462394506,0.030755444,0.058223797
6.699750000000001,0.030272947,0.05847036,0.884214125,-0.462417691,0.884214125,-0.462417691,0.030752416,0.058219617
6.700000000000000,0.030274297,0.058463997,0.884202415,-0.462440799,0.884202415,-0.462440799,0.030749443,0.058215499
6.700250000000000,0.030275655,0.058457719,0.884190739,-0.462463829,0.884190739,-0.462463829,0.030746525,0.058211441
6.700500000000001,0.030277021,0.058451524,0.884179095,-0.462486785,0.884179095,-0.462486785,0.03074366,0.058207444
6.700750000000000,0.030278396,0.058445411,0.884167483,-0.462509666,0.884167483,-0.462509666,0.030740848,0.058203505
6.701000000000001,0.030279779,0.058439379,0.884155903,-0.462532475,0.884155903,-0.462532475,0.030738089,0.058199625
6.701250000000001,0.03028117,0.058433426,0.884144354,-0.462555212,0.884144354,-0.462555212,0.03073538,0.058195802
6.701500000000000,0.030282569,0.058427551,0.884132836,-0.462577878,0.884132836,-0.462577878,0.030732721,0.058192035
6.701750000000001,0.030283976,0.058421753,0.884121349,-0.462600474,0.884121349,-0.462600474,0.030730113,0.058188324
6.702000000000001,0.030285391,0.058416031,0.884109891,-0.462623002,0.884109891,-0.462623002,0.030727552,0.058184667
6.702250000000000,0.030286814,0.058410384,0.884098462,-0.462645463,0.884098462,-0.462645463,0.030725041,0.058181064
6.702500000000001,0.030288244,0.05840481,0.884087063,-0.462667857,0.884087063,-0.462667857,0.030722576,0.058177514
6.702750000000000,0.030289682,0.058399308,0.884075691,-0.462690185,0.884075691,-0.462690185,0.030720158,0.058174017
6.703000000000000,0.030291127,0.058393878,0.884064348,-0.462712449,0.884064348,-0.462712449,0.030717786,0.05817057
6.703250000000001,0.030292579,0.058388517,0.884053033,-0.46273465,0.884053033,-0.46273465,0.030715459,0.058167174
6.703500000000000,0.030294038,0.058383226,0.884041745,-0.462756788,0.884041745,-0.462756788,0.030713177,0.058163828
6.703750000000000,0.030295504,0.058378004,0.884030483,-0.462778864,0.884030483,-0.462778864,0.030710939,0.058160531
6.704000000000001,0.030296978,0.058372848,0.884019248,-0.46280088,0.884019248,-0.46280088,0.030708744,0.058157282
6.704250000000000,0.030298458,0.058367758,0.884008039,-0.462822836,0.884008039,-0.462822836,0.030706591,0.058154081
6.704500000000000,0.030299944,0.058362734,0.883996855,-0.462844733,0.883996855,-0.462844733,0.030704481,0.058150927
6.704750000000001,0.030301438,0.058357773,0.883985697,-0.462866572,0.883985697,-0.462866572,0.030702412,0.05814782
6.705000000000000,0.030302937,0.058352876,0.883974563,-0.462888353,0.883974563,-0.462888353,0.030700384,0.058144757
6.705250000000000,0.030304444,0.058348042,0.883963455,-0.462910079,0.883963455,-0.462910079,0.030698396,0.05814174
6.705500000000001,0.030305956,0.058343269,0.88395237,-0.462931748,0.88395237,-0.462931748,0.030696447,0.058138767
6.705750000000000,0.030307475,0.058338556,0.883941309,-0.462953363,0.883941309,-0.462953363,0.030694538,0.058135838
6.706000000000000,0.030309,0.058333903,0.883930271,-0.462974923,0.883930271,-0.462974923,0.030692667,0.058132952
6.706250000000001,0.030310531,0.058329309,0.883919257,-0.462996431,0.883919257,-0.462996431,0.030690835,0.058130108
6.706500000000000,0.030312069,0.058324773,0.883908265,-0.463017886,0.883908265,-0.463017886,0.030689039,0.058127306
6.706750000000000,0.030313612,0.058320295,0.883897296,-0.463039289,0.883897296,-0.463039289,0.030687281,0.058124545
6.707000000000001,0.03031516,0.058315873,0.883886349,-0.463060641,0.883886349,-0.463060641,0.030685559,0.058121824
6.707250000000000,0.030316715,0.058311506,0.883875424,-0.463081942,0.883875424,-0.463081942,0.030683873,0.058119144
6.707500000000000,0.030318275,0.058307194,0.883864521,-0.463103194,0.883864521,-0.463103194,0.030682222,0.058116504
6.707750000000001,0.030319841,0.058302937,0.883853638,-0.463124397,0.883853638,-0.463124397,0.030680606,0.058113902
6.708000000000000,0.030321413,0.058298732,0.883842777,-0.463145551,0.883842777,-0.463145551,0.030679025,0.058111339
6.708250000000000,0.03032299,0.058294581,0.883831936,-0.463166658,0.883831936,-0.463166658,0.030677478,0.058108814
6.708500000000001,0.030324572,0.058290481,0.883821116,-0.463187718,0.883821116,-0.463187718,0.030675964,0.058106326
6.708750000000000,0.03032616,0.058286433,0.883810316,-0.463208732,0.883810316,-0.463208732,0.030674483,0.058103875
6.709000000000001,0.030327753,0.058282435,0.883799535,-0.463229699,0.883799535,-0.463229699,0.030673035,0.05810146
6.709250000000001,0.030329351,0.058278487,0.883788774,-0.463250622,0.883788774,-0.463250622,0.030671619,0.058099082
6.709500000000000,0.030330954,0.058274589,0.883778033,-0.4632715,0.883778033,-0.4632715,0.030670235,0.058096739
6.709750000000001,0.030332562,0.058270738,0.88376731,-0.463292334,0.88376731,-0.463292334,0.030668882,0.058094431
6.710000000000001,0.030334175,0.058266936,0.883756606,-0.463313124,0.883756606,-0.463313124,0.03066756,0.058092157
6.710250000000000,0.030335793,0.058263181,0.883745921,-0.463333872,0.883745921,-0.463333872,0.030666269,0.058089917
6.710500000000001,0.030337416,0.058259473,0.883735254,-0.463354578,0.883735254,-0.463354578,0.030665007,0.058087711
6.710750000000000,0.030339044,0.05825581,0.883724605,-0.463375241,0.883724605,-0.463375241,0.030663776,0.058085538
6.711000000000000,0.030340676,0.058252194,0.883713974,-0.463395864,0.883713974,-0.463395864,0.030662574,0.058083398
6.711250000000001,0.030342313,0.058248622,0.883703361,-0.463416446,0.883703361,-0.463416446,0.030661401,0.05808129
6.711500000000000,0.030343955,0.058245094,0.883692764,-0.463436988,0.883692764,-0.463436988,0.030660256,0.058079214
6.711750000000000,0.030345601,0.05824161,0.883682185,-0.46345749,0.883682185,-0.46345749,0.03065914,0.05807717
6.712000000000001,0.030347252,0.058238169,0.883671623,-0.463477953,0.883671623,-0.463477953,0.030658051,0.058075156
6.712250000000000,0.030348907,0.058234771,0.883661077,-0.463498378,0.883661077,-0.463498378,0.03065699,0.058073174
6.712500000000000,0.030350567,0.058231415,0.883650548,-0.463518764,0.883650548,-0.463518764,0.030655956,0.058071221
6.712750000000001,0.030352231,0.0582281,0.883640036,-0.463539113,0.883640036,-0.463539113,0.030654949,0.058069298
6.713000000000000,0.030353899,0.058224826,0.883629539,-0.463559425,0.883629539,-0.463559425,0.030653969,0.058067405
6.713250000000000,0.030355571,0.058221593,0.883619058,-0.4635797,0.883619058,-0.4635797,0.030653015,0.058065542
6.713500000000001,0.030357248,0.0582184,0.883608592,-0.463599938,0.883608592,-0.463599938,0.030652086,0.058063706
6.713750000000000,0.030358929,0.058215246,0.883598143,-0.463620141,0.883598143,-0.463620141,0.030651183,0.0580619
6.714000000000000,0.030360613,0.058212132,0.883587708,-0.463640308,0.883587708,-0.463640308,0.030650306,0.058060121
6.714250000000001,0.030362302,0.058209056,0.883577288,-0.463660441,0.883577288,-0.463660441,0.030649453,0.05805837
6.714500000000000,0.030363995,0.058206018,0.883566884,-0.463680539,0.883566884,-0.463680539,0.030648625,0.058056647
6.714750000000000,0.030365692,0.058203017,0.883556494,-0.463700603,0.883556494,-0.463700603,0.030647821,0.058054951
6.715000000000001,0.030367392,0.058200054,0.883546118,-0.463720633,0.883546118,-0.463720633,0.030647041,0.058053281
6.715250000000000,0.030369097,0.058197127,0.883535757,-0.46374063,0.883535757,-0.46374063,0.030646285,0.058051638
6.715500000000000,0.030370805,0.058194237,0.88352541,-0.463760594,0.88352541,-0.463760594,0.030645552,0.058050021
6.715750000000001,0.030372517,0.058191382,0.883515077,-0.463780526,0.883515077,-0.463780526,0.030644842,0.058048429
6.716000000000000,0.030374233,0.058188563,0.883504757,-0.463800425,0.883504757,-0.463800425,0.030644156,0.058046863
6.716250000000000,0.030375952,0.058185779,0.883494452,-0.463820293,0.883494452,-0.463820293,0.030643492,0.058045323
6.716500000000001,0.030377675,0.058183029,0.88348416,-0.46384013,0.88348416,-0.46384013,0.03064285,0.058043807
6.716750000000000,0.030379401,0.058180313,0.883473881,-0.463859935,0.883473881,-0.463859935,0.03064223,0.058042316
6.717000000000001,0.030381131,0.058177632,0.883463615,-0.46387971,0.883463615,-0.46387971,0.030641632,0.058040849
6.717250000000001,0.030382865,0.058174983,0.883453362,-0.463899455,0.883453362,-0.463899455,0.030641056,0.058039406
6.717500000000000,0.030384602,0.058172368,0.883443123,-0.463919169,0.883443123,-0.463919169,0.030640501,0.058037986
6.717750000000001,0.030386343,0.058169784,0.883432895,-0.463938855,0.883432895,-0.463938855,0.030639967,0.05803659
6.718000000000001,0.030388086,0.058167234,0.883422681,-0.463958511,0.883422681,-0.463958511,0.030639454,0.058035218
6.718250000000000,0.030389834,0.058164715,0.883412478,-0.463978138,0.883412478,-0.463978138,0.030638962,0.058033868
6.718500000000001,0.030391584,0.058162227,0.883402288,-0.463997736,0.883402288,-0.463997736,0.030638489,0.058032541
6.718750000000000,0.030393338,0.058159771,0.883392111,-0.464017307,0.883392111,-0.464017307,0.030638037,0.058031236
6.719000000000000,0.030395095,0.058157345,0.883381945,-0.464036849,0.883381945,-0.464036849,0.030637605,0.058029953
6.719250000000001,0.030396855,0.058154949,0.883371791,-0.464056364,0.883371791,-0.464056364,0.030637193,0.058028692
6.719500000000000,0.030398618,0.058152584,0.883361648,-0.464075852,0.883361648,-0.464075852,0.0306368,0.058027453
6.719750000000000,0.030400385,0.058150248,0.883351517,-0.464095312,0.883351517,-0.464095312,0.030636426,0.058026235
6.720000000000001,0.030402155,0.058147942,0.883341398,-0.464114746,0.883341398,-0.464114746,0.030636071,0.058025038
6.720250000000000,0.030403927,0.058145665,0.883331289,-0.464134154,0.883331289,-0.464134154,0.030635735,0.058023863
6.720500000000000,0.030405703,0.058143416,0.883321192,-0.464153535,0.883321192,-0.464153535,0.030635418,0.058022707
6.720750000000001,0.030407481,0.058141196,0.883311106,-0.464172891,0.883311106,-0.464172891,0.030635119,0.058021573
6.721000000000000,0.030409263,0.058139004,0.883301031,-0.464192221,0.883301031,-0.464192221,0.030634838,0.058020458
6.721250000000000,0.030411048,0.05813684,0.883290967,-0.464211526,0.883290967,-0.464211526,0.030634575,0.058019364
6.721500000000001,0.030412835,0.058134703,0.883280913,-0.464230806,0.883280913,-0.464230806,0.03063433,0.058018289
6.721750000000000,0.030414625,0.058132593,0.88327087,-0.464250061,0.88327087,-0.464250061,0.030634102,0.058017233
6.722000000000000,0.030416419,0.05813051,0.883260838,-0.464269292,0.883260838,-0.464269292,0.030633892,0.058016198
6.722250000000001,0.030418215,0.058128454,0.883250815,-0.464288499,0.883250815,-0.464288499,0.030633699,0.058015181
6.722500000000000,0.030420013,0.058126424,0.883240803,-0.464307682,0.883240803,-0.464307682,0.030633523,0.058014183
6.722750000000000,0.030421815,0.05812442,0.883230801,-0.464326841,0.883230801,-0.464326841,0.030633364,0.058013204
6.723000000000001,0.030423619,0.058122441,0.883220809,-0.464345977,0.883220809,-0.464345977,0.030633222,0.058012243
6.723250000000000,0.030425426,0.058120488,0.883210826,-0.46436509,0.883210826,-0.46436509,0.030633096,0.0580113
6.723500000000000,0.030427236,0.058118561,0.883200854,-0.46438418,0.883200854,-0.46438418,0.030632987,0.058010376
6.723750000000001,0.030429048,0.058116658,0.883190891,-0.464403247,0.883190891,-0.464403247,0.030632893,0.05800947
6.724000000000000,0.030430863,0.058114779,0.883180938,-0.464422292,0.883180938,-0.464422292,0.030632816,0.058008581
6.724250000000001,0.03043268,0.058112926,0.883170994,-0.464441315,0.883170994,-0.464441315,0.030632754,0.05800771
6.724500000000001,0.0304345,0.058111096,0.883161059,-0.464460315,0.883161059,-0.464460315,0.030632708,0.058006856
6.724750000000000,0.030436322,0.05810929,0.883151134,-0.464479294,0.883151134,-0.464479294,0.030632678,0.058006019
6.725000000000001,0.030438147,0.058107508,0.883141217,-0.464498252,0.883141217,-0.464498252,0.030632662,0.0580052
6.725250000000001,0.030439975,0.058105749,0.88313131,-0.464517188,0.88313131,-0.464517188,0.030632662,0.058004397
6.725500000000000,0.030441805,0.058104013,0.883121412,-0.464536103,0.883121412,-0.464536103,0.030632677,0.058003611
6.725750000000001,0.030443637,0.0581023,0.883111523,-0.464554998,0.883111523,-0.464554998,0.030632707,0.058002841
6.726000000000000,0.030445472,0.05810061,0.883101642,-0.464573872,0.883101642,-0.464573872,0.030632751,0.058002087
6.726250000000000,0.030447309,0.058098942,0.88309177,-0.464592725,0.88309177,-0.464592725,0.03063281,0.05800135
6.726500000000001,0.030449149,0.058097296,0.883081906,-0.464611558,0.883081906,-0.464611558,0.030632884,0.058000629
6.726750000000000,0.030450991,0.058095673,0.883072051,-0.464630371,0.883072051,-0.464630371,0.030632971,0.057999923
6.727000000000000,0.030452835,0.058094071,0.883062205,-0.464649165,0.883062205,-0.464649165,0.030633073,0.057999233
6.727250000000001,0.030454681,0.05809249,0.883052366,-0.464667939,0.883052366,-0.464667939,0.030633189,0.057998558
6.727500000000000,0.03045653,0.058090931,0.883042536,-0.464686693,0.883042536,-0.464686693,0.030633318,0.057997899
6.727750000000000,0.030458381,0.058089392,0.883032714,-0.464705428,0.883032714,-0.464705428,0.030633461,0.057997255
6.728000000000001,0.030460234,0.058087875,0.8830229,-0.464724145,0.8830229,-0.464724145,0.030633618,0.057996626
6.728250000000000,0.03046209,0.058086378,0.883013094,-0.464742843,0.883013094,-0.464742843,0.030633788,0.057996011
6.728500000000000,0.030463947,0.058084902,0.883003296,-0.464761522,0.883003296,-0.464761522,0.030633971,0.057995412
6.728750000000001,0.030465807,0.058083445,0.882993505,-0.464780182,0.882993505,-0.464780182,0.030634167,0.057994826
6.729000000000000,0.030467669,0.058082009,0.882983723,-0.464798825,0.882983723,-0.464798825,0.030634376,0.057994256
6.729250000000000,0.030469533,0.058080592,0.882973947,-0.464817449,0.882973947,-0.464817449,0.030634599,0.057993699
6.729500000000001,0.030471399,0.058079195,0.88296418,-0.464836056,0.88296418,-0.464836056,0.030634833,0.057993156
6.729750000000000,0.030473267,0.058077818,0.88295442,-0.464854645,0.88295442,-0.464854645,0.030635081,0.057992628
6.730000000000000,0.030475138,0.058076459,0.882944667,-0.464873217,0.882944667,-0.464873217,0.030635341,0.057992113
6.730250000000001,0.03047701,0.05807512,0.882934921,-0.464891771,0.882934921,-0.464891771,0.030635613,0.057991612
6.730500000000000,0.030478884,0.058073799,0.882925183,-0.464910308,0.882925183,-0.464910308,0.030635897,0.057991124
6.730750000000000,0.03048076,0.058072497,0.882915452,-0.464928828,0.882915452,-0.464928828,0.030636194,0.05799065
6.731000000000001,0.030482639,0.058071214,0.882905728,-0.464947331,0.882905728,-0.464947331,0.030636503,0.057990189
6.731250000000000,0.030484519,0.058069949,0.882896011,-0.464965817,0.882896011,-0.464965817,0.030636823,0.057989741
6.731500000000000,0.030486401,0.058068701,0.882886301,-0.464984287,0.882886301,-0.464984287,0.030637155,0.057989307
6.731750000000001,0.030488285,0.058067472,0.882876597,-0.46500274,0.882876597,-0.46500274,0.030637499,0.057988885
6.732000000000000,0.030490171,0.058066261,0.882866901,-0.465021178,0.882866901,-0.465021178,0.030637855,0.057988476
6.732250000000001,0.030492059,0.058065067,0.882857211,-0.465039599,0.882857211,-0.465039599,0.030638222,0.057988079
6.732500000000001,0.030493949,0.058063891,0.882847528,-0.465058004,0.882847528,-0.465058004,0.0306386,0.057987696
6.732750000000000,0.030495841,0.058062732,0.882837852,-0.465076394,0.882837852,-0.465076394,0.030638989,0.057987324
6.733000000000001,0.030497734,0.05806159,0.882828182,-0.465094768,0.882828182,-0.465094768,0.03063939,0.057986965
6.733250000000001,0.03049963,0.058060465,0.882818519,-0.465113126,0.882818519,-0.465113126,0.030639802,0.057986618
6.733500000000000,0.030501527,0.058059357,0.882808862,-0.46513147,0.882808862,-0.46513147,0.030640224,0.057986283
6.733750000000001,0.030503426,0.058058265,0.882799211,-0.465149798,0.882799211,-0.465149798,0.030640657,0.05798596
6.734000000000000,0.030505326,0.05805719,0.882789567,-0.46516811,0.882789567,-0.46516811,0.030641102,0.057985649
6.734250000000000,0.030507229,0.058056131,0.882779929,-0.465186408,0.882779929,-0.465186408,0.030641556,0.05798535
6.734500000000001,0.030509133,0.058055088,0.882770297,-0.465204692,0.882770297,-0.465204692,0.030642021,0.057985062
6.734750000000000,0.030511039,0.058054062,0.882760671,-0.46522296,0.882760671,-0.46522296,0.030642497,0.057984786
6.735000000000000,0.030512947,0.058053051,0.882751051,-0.465241214,0.882751051,-0.465241214,0.030642983,0.057984521
6.735250000000001,0.030514856,0.058052056,0.882741437,-0.465259454,0.882741437,-0.465259454,0.030643479,0.057984267
6.735500000000000,0.030516767,0.058051076,0.88273183,-0.46527768,0.88273183,-0.46527768,0.030643986,0.057984025
6.735750000000000,0.03051868,0.058050112,0.882722228,-0.465295891,0.882722228,-0.465295891,0.030644502,0.057983794
6.736000000000001,0.030520594,0.058049164,0.882712632,-0.465314088,0.882712632,-0.465314088,0.030645028,0.057983573
6.736250000000000,0.03052251,0.05804823,0.882703041,-0.465332272,0.882703041,-0.465332272,0.030645565,0.057983364
6.736500000000000,0.030524428,0.058047311,0.882693457,-0.465350442,0.882693457,-0.465350442,0.030646111,0.057983166
6.736750000000001,0.030526347,0.058046408,0.882683878,-0.465368598,0.882683878,-0.465368598,0.030646666,0.057982978
6.737000000000000,0.030528268,0.058045519,0.882674304,-0.465386741,0.882674304,-0.465386741,0.030647232,0.0579828
6.737250000000000,0.030530191,0.058044644,0.882664737,-0.46540487,0.882664737,-0.46540487,0.030647807,0.057982634
6.737500000000001,0.030532115,0.058043785,0.882655174,-0.465422986,0.882655174,-0.465422986,0.030648391,0.057982477
6.737750000000000,0.030534041,0.058042939,0.882645617,-0.465441089,0.882645617,-0.465441089,0.030648984,0.057982331
6.738000000000000,0.030535968,0.058042108,0.882636066,-0.465459179,0.882636066,-0.465459179,0.030649587,0.057982196
6.738250000000001,0.030537896,0.058041291,0.88262652,-0.465477256,0.88262652,-0.465477256,0.0306502,0.05798207
6.738500000000000,0.030539827,0.058040488,0.882616979,-0.46549532,0.882616979,-0.46549532,0.030650821,0.057981954
6.738750000000000,0.030541758,0.058039698,0.882607444,-0.465513371,0.882607444,-0.465513371,0.030651451,0.057981849
6.739000000000001,0.030543692,0.058038923,0.882597913,-0.46553141,0.882597913,-0.46553141,0.03065209,0.057981753
6.739250000000000,0.030545626,0.058038161,0.882588388,-0.465549436,0.882588388,-0.465549436,0.030652738,0.057981667
6.739500000000000,0.030547563,0.058037413,0.882578868,-0.46556745,0.882578868,-0.46556745,0.030653395,0.057981591
6.739750000000001,0.0305495,0.058036677,0.882569353,-0.465585452,0.882569353,-0.465585452,0.030654061,0.057981524
6.740000000000000,0.030551439,0.058035956,0.882559843,-0.465603442,0.882559843,-0.465603442,0.030654735,0.057981467
6.740250000000001,0.03055338,0.058035247,0.882550338,-0.465621419,0.882550338,-0.465621419,0.030655418,0.057981419
6.740500000000001,0.030555322,0.058034551,0.882540838,-0.465639385,0.882540838,-0.465639385,0.03065611,0.057981381
6.740750000000000,0.030557265,0.058033869,0.882531343,-0.465657339,0.882531343,-0.465657339,0.030656809,0.057981352
6.741000000000001,0.03055921,0.058033199,0.882521852,-0.465675281,0.882521852,-0.465675281,0.030657518,0.057981332
6.741250000000001,0.030561156,0.058032542,0.882512367,-0.465693211,0.882512367,-0.465693211,0.030658234,0.057981321
6.741500000000000,0.030563104,0.058031897,0.882502886,-0.46571113,0.882502886,-0.46571113,0.030658959,0.05798132
6.741750000000001,0.030565053,0.058031265,0.88249341,-0.465729037,0.88249341,-0.465729037,0.030659692,0.057981327
6.742000000000000,0.030567003,0.058030645,0.882483938,-0.465746933,0.882483938,-0.465746933,0.030660433,0.057981343
6.742250000000000,0.030568955,0.058030038,0.882474471,-0.465764818,0.882474471,-0.465764818,0.030661182,0.057981368
6.742500000000001,0.030570908,0.058029443,0.882465009,-0.465782691,0.882465009,-0.465782691,0.030661938,0.057981402
6.742750000000000,0.030572862,0.05802886,0.882455551,-0.465800554,0.882455551,-0.465800554,0.030662703,0.057981444
6.743000000000000,0.030574818,0.058028288,0.882446098,-0.465818405,0.882446098,-0.465818405,0.030663476,0.057981495
6.743250000000001,0.030576775,0.058027729,0.882436649,-0.465836246,0.882436649,-0.465836246,0.030664256,0.057981555
6.743500000000000,0.030578733,0.058027181,0.882427205,-0.465854076,0.882427205,-0.465854076,0.030665044,0.057981623
6.743750000000000,0.030580692,0.058026646,0.882417765,-0.465871895,0.882417765,-0.465871895,0.03066584,0.0579817
6.744000000000001,0.030582653,0.058026121,0.882408329,-0.465889703,0.882408329,-0.465889703,0.030666643,0.057981784
6.744250000000000,0.030584615,0.058025608,0.882398898,-0.465907501,0.882398898,-0.465907501,0.030667454,0.057981877
6.744500000000000,0.030586579,0.058025107,0.882389471,-0.465925289,0.882389471,-0.465925289,0.030668272,0.057981978
6.744750000000001,0.030588543,0.058024617,0.882380048,-0.465943066,0.882380048,-0.465943066,0.030669098,0.057982088
6.745000000000000,0.030590509,0.058024138,0.88237063,-0.465960832,0.88237063,-0.465960832,0.030669931,0.057982205
6.745250000000000,0.030592476,0.05802367,0.882361215,-0.465978589,0.882361215,-0.465978589,0.030670771,0.05798233
6.745500000000001,0.030594444,0.058023213,0.882351805,-0.465996335,0.882351805,-0.465996335,0.030671618,0.057982463
6.745750000000000,0.030596414,0.058022767,0.882342398,-0.466014072,0.882342398,-0.466014072,0.030672473,0.057982604
6.746000000000000,0.030598384,0.058022332,0.882332996,-0.466031798,0.882332996,-0.466031798,0.030673334,0.057982753
6.746250000000001,0.030600356,0.058021908,0.882323598,-0.466049515,0.882323598,-0.466049515,0.030674203,0.05798291
6.746500000000000,0.030602329,0.058021494,0.882314204,-0.466067221,0.882314204,-0.466067221,0.030675079,0.057983074
6.746750000000000,0.030604303,0.058021091,0.882304814,-0.466084918,0.882304814,-0.466084918,0.030675961,0.057983246
6.747000000000001,0.030606279,0.058020698,0.882295427,-0.466102605,0.882295427,-0.466102605,0.03067685,0.057983425
6.747250000000000,0.030608255,0.058020316,0.882286045,-0.466120283,0.882286045,-0.466120283,0.030677747,0.057983612
6.747500000000000,0.030610233,0.058019944,0.882276666,-0.466137951,0.882276666,-0.466137951,0.03067865,0.057983806
6.747750000000001,0.030612212,0.058019582,0.882267291,-0.46615561,0.882267291,-0.46615561,0.030679559,0.057984008
6.748000000000000,0.030614192,0.058019231,0.88225792,-0.46617326,0.88225792,-0.46617326,0.030680476,0.057984217
6.748250000000001,0.030616173,0.058018889,0.882248553,-0.4661909,0.882248553,-0.4661909,0.030681399,0.057984433
6.748500000000001,0.030618155,0.058018558,0.882239189,-0.466208531,0.882239189,-0.466208531,0.030682328,0.057984656
6.748750000000000,0.030620138,0.058018236,0.882229829,-0.466226152,0.882229829,-0.466226152,0.030683264,0.057984886
6.749000000000001,0.030622122,0.058017925,0.882220473,-0.466243765,0.882220473,-0.466243765,0.030684207,0.057985124
6.749250000000001,0.030624108,0.058017623,0.88221112,-0.466261369,0.88221112,-0.466261369,0.030685155,0.057985368
6.749500000000000,0.030626094,0.058017331,0.882201771,-0.466278964,0.882201771,-0.466278964,0.030686111,0.05798562
6.749750000000001,0.030628082,0.058017048,0.882192426,-0.46629655,0.882192426,-0.46629655,0.030687072,0.057985878
6.750000000000000,0.030630071,0.058016775,0.882183084,-0.466314127,0.882183084,-0.466314127,0.03068804,0.057986143
6.750250000000000,0.030632061,0.058016511,0.882173745,-0.466331695,0.882173745,-0.466331695,0.030689014,0.057986415
6.750500000000001,0.030634051,0.058016257,0.882164411,-0.466349255,0.882164411,-0.466349255,0.030689994,0.057986694
6.750750000000000,0.030636043,0.058016012,0.882155079,-0.466366806,0.882155079,-0.466366806,0.03069098,0.057986979
6.751000000000000,0.030638036,0.058015777,0.882145751,-0.466384349,0.882145751,-0.466384349,0.030691972,0.057987271
6.751250000000001,0.03064003,0.05801555,0.882136426,-0.466401883,0.882136426,-0.466401883,0.030692971,0.05798757
6.751500000000000,0.030642025,0.058015333,0.882127105,-0.466419408,0.882127105,-0.466419408,0.030693975,0.057987875
6.751750000000000,0.030644021,0.058015124,0.882117787,-0.466436926,0.882117787,-0.466436926,0.030694985,0.057988187
6.752000000000001,0.030646018,0.058014925,0.882108472,-0.466454435,0.882108472,-0.466454435,0.030696001,0.057988505
6.752250000000000,0.030648016,0.058014734,0.88209916,-0.466471936,0.88209916,-0.466471936,0.030697023,0.057988829
6.752500000000000,0.030650015,0.058014553,0.882089852,-0.466489428,0.882089852,-0.466489428,0.030698051,0.05798916
6.752750000000001,0.030652014,0.05801438,0.882080547,-0.466506913,0.882080547,-0.466506913,0.030699084,0.057989497
6.753000000000000,0.030654015,0.058014216,0.882071245,-0.46652439,0.882071245,-0.46652439,0.030700123,0.05798984
6.753250000000000,0.030656017,0.05801406,0.882061947,-0.466541858,0.882061947,-0.466541858,0.030701168,0.05799019
6.753500000000001,0.03065802,0.058013913,0.882052651,-0.466559319,0.882052651,-0.466559319,0.030702219,0.057990545
6.753750000000000,0.030660024,0.058013775,0.882043359,-0.466576772,0.882043359,-0.466576772,0.030703275,0.057990907
6.754000000000000,0.030662029,0.058013644,0.88203407,-0.466594217,0.88203407,-0.466594217,0.030704336,0.057991275
6.754250000000001,0.030664034,0.058013523,0.882024784,-0.466611654,0.882024784,-0.466611654,0.030705404,0.057991649
6.754500000000000,0.030666041,0.058013409,0.8820155,-0.466629084,0.8820155,-0.466629084,0.030706476,0.057992029
6.754750000000000,0.030668048,0.058013304,0.88200622,-0.466646506,0.88200622,-0.466646506,0.030707554,0.057992414
6.755000000000001,0.030670057,0.058013207,0.881996943,-0.46666392,0.881996943,-0.46666392,0.030708638,0.057992806
6.755250000000000,0.030672066,0.058013118,0.881987669,-0.466681327,0.881987669,-0.466681327,0.030709726,0.057993203
6.755500000000001,0.030674077,0.058013038,0.881978398,-0.466698726,0.881978398,-0.466698726,0.03071082,0.057993606
6.755750000000001,0.030676088,0.058012965,0.881969129,-0.466716118,0.881969129,-0.466716118,0.03071192,0.057994015
6.756000000000000,0.0306781,0.0580129,0.881959864,-0.466733503,0.881959864,-0.466733503,0.030713024,0.05799443
6.756250000000001,0.030680113,0.058012843,0.881950601,-0.46675088,0.881950601,-0.46675088,0.030714134,0.05799485
6.756500000000001,0.030682127,0.058012794,0.881941342,-0.46676825,0.881941342,-0.46676825,0.030715249,0.057995276
6.756750000000000,0.030684142,0.058012753,0.881932085,-0.466785613,0.881932085,-0.466785613,0.030716369,0.057995708
6.757000000000001,0.030686157,0.058012719,0.881922831,-0.466802968,0.881922831,-0.466802968,0.030717494,0.057996145
6.757250000000000,0.030688174,0.058012693,0.88191358,-0.466820317,0.88191358,-0.466820317,0.030718624,0.057996587
6.757500000000000,0.030690191,0.058012675,0.881904331,-0.466837658,0.881904331,-0.466837658,0.030719759,0.057997035
6.757750000000001,0.03069221,0.058012664,0.881895085,-0.466854993,0.881895085,-0.466854993,0.030720899,0.057997489
6.758000000000000,0.030694229,0.058012661,0.881885842,-0.46687232,0.881885842,-0.46687232,0.030722044,0.057997947
6.758250000000000,0.030696249,0.058012665,0.881876602,-0.466889641,0.881876602,-0.466889641,0.030723194,0.057998411
6.758500000000001,0.03069827,0.058012676,0.881867364,-0.466906955,0.881867364,-0.466906955,0.030724349,0.057998881
6.758750000000000,0.030700291,0.058012695,0.881858129,-0.466924261,0.881858129,-0.466924261,0.030725509,0.057999356
6.759000000000000,0.030702314,0.058012721,0.881848897,-0.466941562,0.881848897,-0.466941562,0.030726673,0.057999835
6.759250000000001,0.030704337,0.058012755,0.881839667,-0.466958855,0.881839667,-0.466958855,0.030727842,0.058000321
6.759500000000000,0.030706361,0.058012795,0.88183044,-0.466976142,0.88183044,-0.466976142,0.030729016,0.058000811
6.759750000000000,0.030708386,0.058012843,0.881821215,-0.466993422,0.881821215,-0.466993422,0.030730195,0.058001306
6.760000000000001,0.030710412,0.058012898,0.881811993,-0.467010695,0.881811993,-0.467010695,0.030731378,0.058001807
6.760250000000000,0.030712439,0.058012959,0.881802774,-0.467027962,0.881802774,-0.467027962,0.030732566,0.058002312
6.760500000000000,0.030714466,0.058013028,0.881793557,-0.467045223,0.881793557,-0.467045223,0.030733759,0.058002823
6.760750000000001,0.030716494,0.058013104,0.881784342,-0.467062477,0.881784342,-0.467062477,0.030734956,0.058003338
6.761000000000000,0.030718523,0.058013186,0.88177513,-0.467079725,0.88177513,-0.467079725,0.030736158,0.058003858
6.761250000000000,0.030720553,0.058013276,0.881765921,-0.467096966,0.881765921,-0.467096966,0.030737364,0.058004384
6.761500000000001,0.030722583,0.058013372,0.881756713,-0.467114201,0.881756713,-0.467114201,0.030738575,0.058004914
6.761750000000000,0.030724615,0.058013475,0.881747509,-0.46713143,0.881747509,-0.46713143,0.03073979,0.058005449
6.762000000000000,0.030726647,0.058013585,0.881738306,-0.467148652,0.881738306,-0.467148652,0.030741009,0.058005989
6.762250000000001,0.03072868,0.058013701,0.881729106,-0.467165868,0.881729106,-0.467165868,0.030742233,0.058006533
6.762500000000000,0.030730713,0.058013824,0.881719909,-0.467183078,0.881719909,-0.467183078,0.030743461,0.058007082
6.762750000000000,0.030732748,0.058013953,0.881710714,-0.467200282,0.881710714,-0.467200282,0.030744694,0.058007636
6.763000000000001,0.030734783,0.058014089,0.881701521,-0.46721748,0.881701521,-0.46721748,0.030745931,0.058008195
6.763250000000000,0.030736819,0.058014232,0.88169233,-0.467234672,0.88169233,-0.467234672,0.030747172,0.058008758
6.763500000000001,0.030738855,0.05801438,0.881683142,-0.467251858,0.881683142,-0.467251858,0.030748418,0.058009326
6.763750000000001,0.030740893,0.058014536,0.881673956,-0.467269038,0.881673956,-0.467269038,0.030749667,0.058009899
6.764000000000000,0.030742931,0.058014697,0.881664772,-0.467286212,0.881664772,-0.467286212,0.030750921,0.058010475
6.764250000000001,0.03074497,0.058014865,0.88165559,-0.46730338,0.88165559,-0.46730338,0.030752179,0.058011057
6.764500000000001,0.030747009,0.058015039,0.881646411,-0.467320543,0.881646411,-0.467320543,0.030753441,0.058011643
6.764750000000000,0.030749049,0.058015219,0.881637234,-0.467337699,0.881637234,-0.467337699,0.030754708,0.058012233
6.765000000000001,0.03075109,0.058015406,0.881628059,-0.46735485,0.881628059,-0.46735485,0.030755978,0.058012828
6.765250000000000,0.030753132,0.058015598,0.881618886,-0.467371995,0.881618886,-0.467371995,0.030757252,0.058013427
6.765500000000000,0.030755174,0.058015797,0.881609715,-0.467389135,0.881609715,-0.467389135,0.030758531,0.058014031
6.765750000000001,0.030757218,0.058016001,0.881600547,-0.467406268,0.881600547,-0.467406268,0.030759813,0.058014639
6.766000000000000,0.030759261,0.058016212,0.88159138,-0.467423396,0.88159138,-0.467423396,0.0307611,0.058015251
6.766250000000000,0.030761306,0.058016429,0.881582216,-0.467440519,0.881582216,-0.467440519,0.03076239,0.058015867
6.766500000000001,0.030763351,0.058016651,0.881573054,-0.467457636,0.881573054,-0.467457636,0.030763684,0.058016488
6.766750000000000,0.030765397,0.05801688,0.881563894,-0.467474748,0.881563894,-0.467474748,0.030764982,0.058017113
6.767000000000000,0.030767444,0.058017114,0.881554736,-0.467491854,0.881554736,-0.467491854,0.030766284,0.058017742
6.767250000000001,0.030769491,0.058017354,0.88154558,-0.467508954,0.88154558,-0.467508954,0.03076759,0.058018375
6.767500000000000,0.030771539,0.0580176,0.881536426,-0.46752605,0.881536426,-0.46752605,0.0307689,0.058019013
6.767750000000000,0.030773587,0.058017851,0.881527274,-0.46754314,0.881527274,-0.46754314,0.030770214,0.058019654
6.768000000000001,0.030775637,0.058018108,0.881518124,-0.467560224,0.881518124,-0.467560224,0.030771531,0.0580203
6.768250000000000,0.030777686,0.058018371,0.881508976,-0.467577303,0.881508976,-0.467577303,0.030772852,0.058020949
6.768500000000000,0.030779737,0.05801864,0.88149983,-0.467594377,0.88149983,-0.467594377,0.030774177,0.058021603
6.768750000000001,0.030781788,0.058018914,0.881490686,-0.467611446,0.881490686,-0.467611446,0.030775505,0.058022261
6.769000000000000,0.03078384,0.058019193,0.881481544,-0.46762851,0.881481544,-0.46762851,0.030776837,0.058022922
6.769250000000000,0.030785893,0.058019478,0.881472404,-0.467645568,0.881472404,-0.467645568,0.030778173,0.058023588
6.769500000000001,0.030787946,0.058019769,0.881463265,-0.467662621,0.881463265,-0.467662621,0.030779512,0.058024257
6.769750000000000,0.03079,0.058020065,0.881454129,-0.46767967,0.881454129,-0.46767967,0.030780855,0.058024931
6.770000000000000,0.030792054,0.058020366,0.881444994,-0.467696713,0.881444994,-0.467696713,0.030782202,0.058025608
6.770250000000001,0.030794109,0.058020673,0.881435862,-0.467713751,0.881435862,-0.467713751,0.030783552,0.058026289
6.770500000000000,0.030796165,0.058020985,0.881426731,-0.467730784,0.881426731,-0.467730784,0.030784906,0.058026974
6.770750000000000,0.030798221,0.058021302,0.881417602,-0.467747812,0.881417602,-0.467747812,0.030786263,0.058027662
6.771000000000001,0.030800278,0.058021625,0.881408475,-0.467764835,0.881408475,-0.467764835,0.030787624,0.058028355
6.771250000000000,0.030802336,0.058021953,0.881399349,-0.467781854,0.881399349,-0.467781854,0.030788988,0.058029051
6.771500000000001,0.030804394,0.058022286,0.881390226,-0.467798867,0.881390226,-0.467798867,0.030790355,0.058029751
6.771750000000001,0.030806453,0.058022624,0.881381104,-0.467815876,0.881381104,-0.467815876,0.030791726,0.058030454
6.772000000000000,0.030808512,0.058022967,0.881371984,-0.467832879,0.881371984,-0.467832879,0.030793101,0.058031161
6.772250000000001,0.030810573,0.058023315,0.881362866,-0.467849878,0.881362866,-0.467849878,0.030794479,0.058031872
6.772500000000001,0.030812633,0.058023669,0.881353749,-0.467866872,0.881353749,-0.467866872,0.03079586,0.058032587
6.772750000000000,0.030814694,0.058024027,0.881344635,-0.467883862,0.881344635,-0.467883862,0.030797244,0.058033305
6.773000000000001,0.030816756,0.058024391,0.881335522,-0.467900847,0.881335522,-0.467900847,0.030798632,0.058034026
6.773250000000000,0.030818819,0.058024759,0.88132641,-0.467917827,0.88132641,-0.467917827,0.030800023,0.058034751
6.773500000000000,0.030820882,0.058025132,0.881317301,-0.467934802,0.881317301,-0.467934802,0.030801418,0.05803548
6.773750000000001,0.030822945,0.058025511,0.881308193,-0.467951773,0.881308193,-0.467951773,0.030802816,0.058036212
6.774000000000000,0.03082501,0.058025894,0.881299087,-0.467968739,0.881299087,-0.467968739,0.030804217,0.058036948
6.774250000000000,0.030827074,0.058026282,0.881289982,-0.467985701,0.881289982,-0.467985701,0.030805621,0.058037687
6.774500000000001,0.03082914,0.058026674,0.881280879,-0.468002658,0.881280879,-0.468002658,0.030807028,0.05803843
6.774750000000000,0.030831206,0.058027072,0.881271778,-0.46801961,0.881271778,-0.46801961,0.030808439,0.058039176
6.775000000000000,0.030833272,0.058027474,0.881262678,-0.468036558,0.881262678,-0.468036558,0.030809853,0.058039925
6.775250000000001,0.030835339,0.058027881,0.88125358,-0.468053502,0.88125358,-0.468053502,0.03081127,0.058040678
6.775500000000000,0.030837407,0.058028293,0.881244484,-0.468070441,0.881244484,-0.468070441,0.03081269,0.058041434
6.775750000000000,0.030839475,0.058028709,0.881235389,-0.468087376,0.881235389,-0.468087376,0.030814113,0.058042194
6.776000000000001,0.030841544,0.05802913,0.881226295,-0.468104306,0.881226295,-0.468104306,0.030815539,0.058042957
6.776250000000000,0.030843613,0.058029555,0.881217204,-0.468121233,0.881217204,-0.468121233,0.030816968,0.058043723
6.776500000000000,0.030845683,0.058029986,0.881208113,-0.468138154,0.881208113,-0.468138154,0.030818401,0.058044492
6.776750000000001,0.030847753,0.05803042,0.881199025,-0.468155072,0.881199025,-0.468155072,0.030819836,0.058045265
6.777000000000000,0.030849824,0.058030859,0.881189938,-0.468171985,0.881189938,-0.468171985,0.030821275,0.058046041
6.777250000000000,0.030851896,0.058031303,0.881180852,-0.468188894,0.881180852,-0.468188894,0.030822716,0.05804682
6.777500000000001,0.030853968,0.058031751,0.881171768,-0.468205798,0.881171768,-0.468205798,0.030824161,0.058047602
6.777750000000000,0.03085604,0.058032204,0.881162685,-0.468222699,0.881162685,-0.468222699,0.030825608,0.058048388
6.778000000000000,0.030858113,0.058032661,0.881153604,-0.468239595,0.881153604,-0.468239595,0.030827058,0.058049176
6.778250000000001,0.030860187,0.058033122,0.881144525,-0.468256487,0.881144525,-0.468256487,0.030828512,0.058049968
6.778500000000000,0.030862261,0.058033588,0.881135447,-0.468273375,0.881135447,-0.468273375,0.030829968,0.058050763
6.778750000000000,0.030864336,0.058034058,0.88112637,-0.468290259,0.88112637,-0.468290259,0.030831427,0.058051561
6.779000000000001,0.030866411,0.058034532,0.881117295,-0.468307139,0.881117295,-0.468307139,0.030832889,0.058052362
6.779250000000000,0.030868487,0.058035011,0.881108221,-0.468324015,0.881108221,-0.468324015,0.030834354,0.058053166
6.779500000000001,0.030870563,0.058035494,0.881099148,-0.468340887,0.881099148,-0.468340887,0.030835821,0.058053973
6.779750000000001,0.03087264,0.058035981,0.881090077,-0.468357754,0.881090077,-0.468357754,0.030837292,0.058054783
6.780000000000000,0.030874717,0.058036472,0.881081008,-0.468374618,0.881081008,-0.468374618,0.030838765,0.058055596
6.780250000000001,0.030876795,0.058036968,0.88107194,-0.468391478,0.88107194,-0.468391478,0.030840241,0.058056412
6.780500000000001,0.030878873,0.058037467,0.881062873,-0.468408334,0.881062873,-0.468408334,0.03084172,0.058057231
6.780750000000000,0.030880952,0.058037971,0.881053807,-0.468425186,0.881053807,-0.468425186,0.030843202,0.058058054
6.781000000000001,0.030883031,0.058038479,0.881044743,-0.468442034,0.881044743,-0.468442034,0.030844686,0.058058879
6.781250000000000,0.030885111,0.058038991,0.881035681,-0.468458878,0.881035681,-0.468458878,0.030846173,0.058059706
6.781500000000000,0.030887191,0.058039507,0.881026619,-0.468475718,0.881026619,-0.468475718,0.030847663,0.058060537
6.781750000000001,0.030889272,0.058040027,0.881017559,-0.468492554,0.881017559,-0.468492554,0.030849156,0.058061371
6.782000000000000,0.030891354,0.058040551,0.881008501,-0.468509387,0.881008501,-0.468509387,0.030850651,0.058062207
6.782250000000000,0.030893435,0.058041079,0.880999443,-0.468526216,0.880999443,-0.468526216,0.030852149,0.058063047
6.782500000000001,0.030895518,0.058041611,0.880990387,-0.468543041,0.880990387,-0.468543041,0.03085365,0.058063889
6.782750000000000,0.0308976,0.058042146,0.880981332,-0.468559862,0.880981332,-0.468559862,0.030855153,0.058064734
6.783000000000000,0.030899684,0.058042686,0.880972279,-0.46857668,0.880972279,-0.46857668,0.030856659,0.058065582
6.783250000000001,0.030901767,0.05804323,0.880963227,-0.468593494,0.880963227,-0.468593494,0.030858167,0.058066433
6.783500000000000,0.030903852,0.058043777,0.880954176,-0.468610304,0.880954176,-0.468610304,0.030859678,0.058067286
6.783750000000000,0.030905936,0.058044329,0.880945126,-0.46862711,0.880945126,-0.46862711,0.030861192,0.058068142
6.784000000000001,0.030908021,0.058044884,0.880936078,-0.468643913,0.880936078,-0.468643913,0.030862708,0.058069001
6.784250000000000,0.030910107,0.058045443,0.880927031,-0.468660712,0.880927031,-0.468660712,0.030864227,0.058069862
6.784500000000000,0.030912193,0.058046006,0.880917985,-0.468677508,0.880917985,-0.468677508,0.030865748,0.058070727
6.784750000000001,0.03091428,0.058046572,0.88090894,-0.4686943,0.88090894,-0.4686943,0.030867272,0.058071594
6.785000000000000,0.030916367,0.058047142,0.880899896,-0.468711089,0.880899896,-0.468711089,0.030868799,0.058072463
6.785250000000000,0.030918454,0.058047716,0.880890854,-0.468727873,0.880890854,-0.468727873,0.030870327,0.058073335
6.785500000000001,0.030920542,0.058048294,0.880881813,-0.468744655,0.880881813,-0.468744655,0.030871859,0.05807421
6.785750000000000,0.030922631,0.058048875,0.880872773,-0.468761433,0.880872773,-0.468761433,0.030873393,0.058075088
6.786000000000000,0.030924719,0.05804946,0.880863735,-0.468778207,0.880863735,-0.468778207,0.030874929,0.058075968
6.786250000000001,0.030926809,0.058050049,0.880854697,-0.468794978,0.880854697,-0.468794978,0.030876468,0.058076851
6.786500000000000,0.030928899,0.058050641,0.880845661,-0.468811745,0.880845661,-0.468811745,0.030878009,0.058077736
6.786750000000001,0.030930989,0.058051237,0.880836625,-0.468828509,0.880836625,-0.468828509,0.030879552,0.058078624
6.787000000000001,0.030933079,0.058051836,0.880827591,-0.46884527,0.880827591,-0.46884527,0.030881098,0.058079514
6.787250000000000,0.030935171,0.058052439,0.880818559,-0.468862027,0.880818559,-0.468862027,0.030882647,0.058080407
6.787500000000001,0.030937262,0.058053045,0.880809527,-0.468878781,0.880809527,-0.468878781,0.030884197,0.058081303
6.787750000000001,0.030939354,0.058053655,0.880800496,-0.468895531,0.880800496,-0.468895531,0.030885751,0.058082201
6.788000000000000,0.030941447,0.058054269,0.880791467,-0.468912279,0.880791467,-0.468912279,0.030887306,0.058083101
6.788250000000001,0.030943539,0.058054886,0.880782438,-0.468929022,0.880782438,-0.468929022,0.030888864,0.058084004
6.788500000000001,0.030945633,0.058055506,0.880773411,-0.468945763,0.880773411,-0.468945763,0.030890424,0.058084909
6.788750000000000,0.030947726,0.05805613,0.880764385,-0.4689625,0.880764385,-0.4689625,0.030891986,0.058085817
6.789000000000001,0.030949821,0.058056757,0.88075536,-0.468979234,0.88075536,-0.468979234,0.030893551,0.058086727
6.789250000000000,0.030951915,0.058057387,0.880746336,-0.468995964,0.880746336,-0.468995964,0.030895118,0.05808764
6.789500000000000,0.03095401,0.058058021,0.880737313,-0.469012692,0.880737313,-0.469012692,0.030896688,0.058088555
6.789750000000001,0.030956106,0.058058658,0.880728291,-0.469029416,0.880728291,-0.469029416,0.030898259,0.058089472
6.790000000000000,0.030958202,0.058059299,0.88071927,-0.469046137,0.88071927,-0.469046137,0.030899833,0.058090392
6.790250000000000,0.030960298,0.058059943,0.88071025,-0.469062855,0.88071025,-0.469062855,0.030901409,0.058091314
6.790500000000001,0.030962395,0.05806059,0.880701231,-0.469079569,0.880701231,-0.469079569,0.030902987,0.058092239
6.790750000000000,0.030964492,0.05806124,0.880692214,-0.469096281,0.880692214,-0.469096281,0.030904568,0.058093166
6.791000000000000,0.030966589,0.058061894,0.880683197,-0.469112989,0.880683197,-0.469112989,0.030906151,0.058094095
6.791250000000001,0.030968687,0.058062551,0.880674181,-0.469129694,0.880674181,-0.469129694,0.030907736,0.058095027
6.791500000000000,0.030970786,0.058063211,0.880665167,-0.469146396,0.880665167,-0.469146396,0.030909323,0.05809596
6.791750000000000,0.030972884,0.058063874,0.880656153,-0.469163095,0.880656153,-0.469163095,0.030910912,0.058096897
6.792000000000001,0.030974984,0.058064541,0.88064714,-0.469179791,0.88064714,-0.469179791,0.030912503,0.058097835
6.792250000000000,0.030977083,0.058065211,0.880638129,-0.469196484,0.880638129,-0.469196484,0.030914097,0.058098776
6.792500000000000,0.030979183,0.058065883,0.880629118,-0.469213174,0.880629118,-0.469213174,0.030915693,0.058099718
6.792750000000001,0.030981284,0.058066559,0.880620108,-0.46922986,0.880620108,-0.46922986,0.030917291,0.058100664
6.793000000000000,0.030983384,0.058067239,0.8806111,-0.469246544,0.8806111,-0.469246544,0.030918891,0.058101611
6.793250000000000,0.030985486,0.058067921,0.880602092,-0.469263225,0.880602092,-0.469263225,0.030920493,0.058102561
6.793500000000001,0.030987587,0.058068606,0.880593085,-0.469279903,0.880593085,-0.469279903,0.030922097,0.058103512
6.793750000000000,0.030989689,0.058069294,0.880584079,-0.469296577,0.880584079,-0.469296577,0.030923703,0.058104466
6.794000000000000,0.030991792,0.058069986,0.880575074,-0.469313249,0.880575074,-0.469313249,0.030925311,0.058105422
6.794250000000001,0.030993894,0.05807068,0.880566071,-0.469329918,0.880566071,-0.469329918,0.030926922,0.058106381
6.794500000000000,0.030995997,0.058071378,0.880557068,-0.469346584,0.880557068,-0.469346584,0.030928534,0.058107341
6.794750000000001,0.030998101,0.058072078,0.880548065,-0.469363247,0.880548065,-0.469363247,0.030930149,0.058108304
6.795000000000001,0.031000205,0.058072781,0.880539064,-0.469379907,0.880539064,-0.469379907,0.030931765,0.058109268
6.795250000000000,0.031002309,0.058073488,0.880530064,-0.469396565,0.880530064,-0.469396565,0.030933384,0.058110235
6.795500000000001,0.031004414,0.058074197,0.880521065,-0.469413219,0.880521065,-0.469413219,0.030935004,0.058111204
6.795750000000001,0.031006519,0.058074909,0.880512066,-0.469429871,0.880512066,-0.469429871,0.030936627,0.058112175
6.796000000000000,0.031008625,0.058075625,0.880503069,-0.469446519,0.880503069,-0.469446519,0.030938251,0.058113148
6.796250000000001,0.03101073,0.058076343,0.880494072,-0.469463165,0.880494072,-0.469463165,0.030939878,0.058114123
6.796500000000000,0.031012837,0.058077064,0.880485076,-0.469479808,0.880485076,-0.469479808,0.030941506,0.058115101
6.796750000000000,0.031014943,0.058077787,0.880476081,-0.469496449,0.880476081,-0.469496449,0.030943137,0.05811608
6.797000000000001,0.03101705,0.058078514,0.880467087,-0.469513086,0.880467087,-0.469513086,0.030944769,0.058117061
6.797250000000000,0.031019158,0.058079244,0.880458094,-0.469529721,0.880458094,-0.469529721,0.030946404,0.058118045
6.797500000000000,0.031021265,0.058079976,0.880449102,-0.469546353,0.880449102,-0.469546353,0.03094804,0.05811903
6.797750000000001,0.031023373,0.058080711,0.88044011,-0.469562982,0.88044011,-0.469562982,0.030949678,0.058120017
6.798000000000000,0.031025482,0.058081449,0.88043112,-0.469579609,0.88043112,-0.469579609,0.030951318,0.058121007
6.798250000000000,0.031027591,0.05808219,0.88042213,-0.469596232,0.88042213,-0.469596232,0.03095296,0.058121998
6.798500000000001,0.0310297,0.058082934,0.880413141,-0.469612853,0.880413141,-0.469612853,0.030954604,0.058122991
6.798750000000000,0.031031809,0.05808368,0.880404153,-0.469629472,0.880404153,-0.469629472,0.03095625,0.058123986
6.799000000000000,0.031033919,0.058084429,0.880395166,-0.469646088,0.880395166,-0.469646088,0.030957897,0.058124984
6.799250000000001,0.03103603,0.058085181,0.880386179,-0.469662701,0.880386179,-0.469662701,0.030959547,0.058125983
6.799500000000000,0.03103814,0.058085935,0.880377194,-0.469679311,0.880377194,-0.469679311,0.030961198,0.058126984
6.799750000000000,0.031040251,0.058086692,0.880368209,-0.469695919,0.880368209,-0.469695919,0.030962851,0.058127987
6.800000000000001,0.031042363,0.058087452,0.880359225,-0.469712524,0.880359225,-0.469712524,0.030964506,0.058128992
