Frequency (GHz),RE[Y11],IM[Y11],RE[Y12],IM[Y12],RE[Y13],IM[Y13],RE[Y21],IM[Y21],RE[Y22],IM[Y22],RE[Y23],IM[Y23],RE[Y31],IM[Y31],RE[Y32],IM[Y32],RE[Y33],IM[Y33]
0.01,3.384603188e-11,-22.48535141,-3.54E-11,22.48535793,1.821836217e-18,1.1034962769e-7,4.959548870e-11,22.48535793,-4.80E-11,-22.48535134,-2.97E-18,-6.44E-07,-6.91E-19,1.1034930308e-7,1.130284031e-18,-6.44E-07,-7.92E-18,8.9319874997e-6
0.0105,1.3923040849e-4,-21.48692148,-1.39E-04,21.48692833,1.437201145e-10,8.5295456457e-8,-1.39E-04,21.48692833,1.3923078106e-4,-21.48692142,-1.44E-10,-6.46E-07,1.437201145e-10,8.5295456457e-8,-1.44E-10,-6.46E-07,-2.43E-15,9.3785876982e-6
0.011,2.5416934841e-4,-20.57337544,-2.54E-04,20.57338262,1.621222187e-10,6.1539943225e-8,-2.54E-04,20.57338262,2.5417010318e-4,-20.57337538,-1.62E-10,-6.49E-07,1.621222187e-10,6.1539943225e-8,-1.62E-10,-6.49E-07,-3.53E-15,9.8251879081e-6
0.0115,3.4925516515e-4,-19.73433145,-3.49E-04,19.73433896,1.789060687e-10,3.8924197059e-8,-3.49E-04,19.73433896,3.4925626760e-4,-19.73433139,-1.79E-10,-6.53E-07,1.789060686e-10,3.8924197059e-8,-1.79E-10,-6.53E-07,-3.53E-15,1.0271788130e-5
0.012,4.2800887055e-4,-18.96103284,-4.28E-04,18.96104068,1.942452535e-10,1.7314242190e-8,-4.28E-04,18.96104068,4.2801028856e-4,-18.96103278,-1.94E-10,-6.58E-07,1.942452535e-10,1.7314242190e-8,-1.94E-10,-6.58E-07,-3.53E-15,1.0718388364e-5
0.0125,4.9324823728e-4,-18.24604349,-4.93E-04,18.24605166,2.082898103e-10,-3.40E-09,-4.93E-04,18.24605166,4.9324994481e-4,-18.24604344,-2.08E-10,-6.64E-07,2.082898103e-10,-3.40E-09,-2.08E-10,-6.64E-07,-3.53E-15,1.1164988611e-5
0.013,5.4724546988e-4,-17.58300797,-5.47E-04,17.58301646,2.211700497e-10,-2.33E-08,-5.47E-04,17.58301646,5.4724743801e-4,-17.58300791,-2.21E-10,-6.71E-07,2.211700498e-10,-2.33E-08,-2.21E-10,-6.71E-07,-3.53E-15,1.1611588872e-5
0.0135,5.9184608902e-4,-16.96646206,-5.92E-04,16.96647088,2.329996589e-10,-4.25E-08,-5.92E-04,16.96647088,5.9184830077e-4,-16.96646201,-2.33E-10,-6.78E-07,2.329996590e-10,-4.25E-08,-2.33E-10,-6.78E-07,-3.53E-15,1.2058189147e-5
0.014,6.2855871922e-4,-16.39168187,-6.29E-04,16.39169102,2.438782423e-10,-6.11E-08,-6.29E-04,16.39169102,6.2856115203e-4,-16.39168181,-2.44E-10,-6.86E-07,2.438782423e-10,-6.11E-08,-2.44E-10,-6.86E-07,-3.53E-15,1.2504789436e-5
0.0145,6.5862409935e-4,-15.85456253,-6.59E-04,15.85457201,2.538934243e-10,-7.91E-08,-6.59E-04,15.85457201,6.5862673843e-4,-15.85456248,-2.54E-10,-6.95E-07,2.538934243e-10,-7.91E-08,-2.54E-10,-6.95E-07,-3.53E-15,1.2951389740e-5
0.015,6.8306835704e-4,-15.35152004,-6.83E-04,15.35152985,2.631225807e-10,-9.66E-08,-6.83E-04,15.35152985,6.8307118212e-4,-15.35151999,-2.63E-10,-7.04E-07,2.631225808e-10,-9.66E-08,-2.63E-10,-7.04E-07,-3.53E-15,1.3397990060e-5
0.0155,7.0274447076e-4,-14.87941117,-7.03E-04,14.87942131,2.716342832e-10,-1.14E-07,-7.03E-04,14.87942131,7.0274746603e-4,-14.87941112,-2.72E-10,-7.14E-07,2.716342832e-10,-1.14E-07,-2.72E-10,-7.14E-07,-3.53E-15,1.3844590397e-5
0.016,7.1836490906e-4,-14.43546774,-7.18E-04,14.43547821,2.794895125e-10,-1.30E-07,-7.18E-04,14.43547821,7.1836806596e-4,-14.43546769,-2.79E-10,-7.24E-07,2.794895125e-10,-1.30E-07,-2.79E-10,-7.24E-07,-3.53E-15,1.4291190750e-5
0.0165,7.3052746931e-4,-14.01724229,-7.31E-04,14.01725309,2.867426695e-10,-1.46E-07,-7.31E-04,14.01725309,7.3053077366e-4,-14.01724225,-2.87E-10,-7.34E-07,2.867426695e-10,-1.46E-07,-2.87E-10,-7.34E-07,-3.53E-15,1.4737791120e-5
0.017,7.3973574906e-4,-13.62256294,-7.40E-04,13.62257406,2.934424377e-10,-1.62E-07,-7.40E-04,13.62257406,7.3973919180e-4,-13.62256289,-2.93E-10,-7.45E-07,2.934424378e-10,-1.62E-07,-2.93E-10,-7.45E-07,-3.53E-15,1.5184391508e-5
0.0175,7.4641570280e-4,-13.24949567,-7.46E-04,13.24950712,2.996325108e-10,-1.78E-07,-7.46E-04,13.24950712,7.4641926811e-4,-13.24949563,-3.00E-10,-7.56E-07,2.996325107e-10,-1.78E-07,-3.00E-10,-7.56E-07,-3.53E-15,1.5630991915e-5
0.018,7.5092876371e-4,-12.89631263,-7.51E-04,12.89632441,3.053522110e-10,-1.93E-07,-7.51E-04,12.89632441,7.5093244732e-4,-12.89631258,-3.05E-10,-7.68E-07,3.053522110e-10,-1.93E-07,-3.05E-10,-7.68E-07,-3.53E-15,1.6077592340e-5
0.0185,7.5358280135e-4,-12.56146536,-7.54E-04,12.56147746,3.106370208e-10,-2.08E-07,-7.54E-04,12.56147746,7.5358659149e-4,-12.56146531,-3.11E-10,-7.80E-07,3.106370208e-10,-2.08E-07,-3.11E-10,-7.80E-07,-3.53E-15,1.6524192785e-5
0.019,7.5464078506e-4,-12.24356212,-7.55E-04,12.24357455,3.155190377e-10,-2.22E-07,-7.55E-04,12.24357455,7.5464467712e-4,-12.24356208,-3.15E-10,-7.92E-07,3.155190376e-10,-2.22E-07,-3.15E-10,-7.92E-07,-3.54E-15,1.6970793250e-5
0.0195,7.5432794054e-4,-11.94134855,-7.54E-04,11.94136131,3.200273682e-10,-2.37E-07,-7.54E-04,11.94136131,7.5433192483e-4,-11.9413485,-3.20E-10,-8.04E-07,3.200273683e-10,-2.37E-07,-3.20E-10,-8.04E-07,-3.54E-15,1.7417393736e-5
0.02,7.5283778761e-4,-11.6536911,-7.53E-04,11.65370419,3.241884661e-10,-2.51E-07,-7.53E-04,11.65370419,7.5284185783e-4,-11.65369106,-3.24E-10,-8.16E-07,3.241884660e-10,-2.51E-07,-3.24E-10,-8.16E-07,-3.54E-15,1.7863994243e-5
0.0205,7.5033693651e-4,-11.37956288,-7.50E-04,11.3795763,3.280264237e-10,-2.65E-07,-7.50E-04,11.3795763,7.5034108742e-4,-11.37956284,-3.28E-10,-8.29E-07,3.280264237e-10,-2.65E-07,-3.28E-10,-8.29E-07,-3.54E-15,1.8310594771e-5
0.021,7.4696915921e-4,-11.11803134,-7.47E-04,11.11804509,3.315632350e-10,-2.79E-07,-7.47E-04,11.11804509,7.4697338469e-4,-11.1180313,-3.32E-10,-8.42E-07,3.315632349e-10,-2.79E-07,-3.32E-10,-8.42E-07,-3.54E-15,1.8757195321e-5
0.0215,7.4285884719e-4,-10.86824773,-7.43E-04,10.86826181,3.348190105e-10,-2.92E-07,-7.43E-04,10.86826181,7.4286314093e-4,-10.86824769,-3.35E-10,-8.55E-07,3.348190105e-10,-2.92E-07,-3.35E-10,-8.55E-07,-3.54E-15,1.9203795895e-5
0.022,7.3811373982e-4,-10.62943788,-7.38E-04,10.62945228,3.378121797e-10,-3.06E-07,-7.38E-04,10.62945228,7.3811809711e-4,-10.62943784,-3.38E-10,-8.68E-07,3.378121797e-10,-3.06E-07,-3.38E-10,-8.68E-07,-3.54E-15,1.9650396491e-5
0.0225,7.3282740578e-4,-10.40089416,-7.33E-04,10.40090889,3.405596603e-10,-3.19E-07,-7.33E-04,10.40090889,7.3283182166e-4,-10.40089412,-3.41E-10,-8.82E-07,3.405596603e-10,-3.19E-07,-3.41E-10,-8.82E-07,-3.54E-15,2.0096997111e-5
0.023,7.2708114505e-4,-10.18196852,-7.27E-04,10.18198358,3.430770091e-10,-3.32E-07,-7.27E-04,10.18198358,7.2708561602e-4,-10.18196848,-3.43E-10,-8.95E-07,3.430770091e-10,-3.32E-07,-3.43E-10,-8.95E-07,-3.54E-15,2.0543597756e-5
0.0235,7.2094579685e-4,-9.972066316,-7.21E-04,9.972081703,3.453785564e-10,-3.45E-07,-7.21E-04,9.972081703,7.2095031763e-4,-9.972066275,-3.45E-10,-9.09E-07,3.453785564e-10,-3.45E-07,-3.45E-10,-9.09E-07,-3.54E-15,2.0990198425e-5
0.024,7.1448308569e-4,-9.770640942,-7.14E-04,9.770656657,3.474775235e-10,-3.58E-07,-7.14E-04,9.770656657,7.1448765218e-4,-9.770640901,-3.47E-10,-9.23E-07,3.474775235e-10,-3.58E-07,-3.47E-10,-9.23E-07,-3.54E-15,2.1436799120e-5
0.0245,7.0774691558e-4,-9.577189063,-7.08E-04,9.577205105,3.493861270e-10,-3.71E-07,-7.08E-04,9.577205105,7.0775152609e-4,-9.577189022,-3.49E-10,-9.37E-07,3.493861270e-10,-3.71E-07,-3.49E-10,-9.37E-07,-3.54E-15,2.1883399841e-5
0.025,7.0078435946e-4,-9.391246421,-7.01E-04,9.391262791,3.511156747e-10,-3.83E-07,-7.01E-04,9.391262791,7.0078900973e-4,-9.39124638,-3.51E-10,-9.51E-07,3.511156747e-10,-3.83E-07,-3.51E-10,-9.51E-07,-3.54E-15,2.2330000589e-5
0.0255,6.9363657916e-4,-9.212384114,-6.94E-04,9.212400813,3.526766432e-10,-3.96E-07,-6.94E-04,9.212400813,6.9364126493e-4,-9.212384073,-3.53E-10,-9.65E-07,3.526766432e-10,-3.96E-07,-3.53E-10,-9.65E-07,-3.54E-15,2.2776601363e-5
0.026,6.8633958298e-4,-9.040205292,-6.86E-04,9.040222318,3.540787578e-10,-4.08E-07,-6.86E-04,9.040222318,6.8634430278e-4,-9.040205251,-3.54E-10,-9.79E-07,3.540787577e-10,-4.08E-07,-3.54E-10,-9.79E-07,-3.54E-15,2.3223202165e-5
0.0265,6.7892490064e-4,-8.874342219,-6.79E-04,8.874359573,3.553310553e-10,-4.21E-07,-6.79E-04,8.874359573,6.7892965056e-4,-8.874342179,-3.55E-10,-9.94E-07,3.553310553e-10,-4.21E-07,-3.55E-10,-9.94E-07,-3.54E-15,2.3669802996e-5
0.027,6.7142013297e-4,-8.714453652,-6.71E-04,8.714471334,3.564419451e-10,-4.33E-07,-6.71E-04,8.714471334,6.7142491108e-4,-8.714453612,-3.56E-10,-1.01E-06,3.564419450e-10,-4.33E-07,-3.56E-10,-1.01E-06,-3.54E-15,2.4116403855e-5
0.0275,6.6384944647e-4,-8.560222496,-6.64E-04,8.560240506,3.574192595e-10,-4.45E-07,-6.64E-04,8.560240506,6.6385424944e-4,-8.560222455,-3.57E-10,-1.02E-06,3.574192596e-10,-4.45E-07,-3.57E-10,-1.02E-06,-3.55E-15,2.4563004743e-5
0.028,6.5623399532e-4,-8.411353704,-6.56E-04,8.411372042,3.582703074e-10,-4.57E-07,-6.56E-04,8.411372042,6.5623882122e-4,-8.411353663,-3.58E-10,-1.04E-06,3.582703073e-10,-4.57E-07,-3.58E-10,-1.04E-06,-3.55E-15,2.5009605661e-5
0.0285,6.4859231414e-4,-8.267572396,-6.49E-04,8.267591062,3.590019126e-10,-4.69E-07,-6.49E-04,8.267591062,6.4859716183e-4,-8.267572356,-3.59E-10,-1.05E-06,3.590019125e-10,-4.69E-07,-3.59E-10,-1.05E-06,-3.55E-15,2.5456206609e-5
0.029,6.4094059793e-4,-8.128622166,-6.41E-04,8.128641159,3.596204537e-10,-4.81E-07,-6.41E-04,8.128641159,6.4094546404e-4,-8.128622125,-3.60E-10,-1.07E-06,3.596204537e-10,-4.81E-07,-3.60E-10,-1.07E-06,-3.55E-15,2.5902807588e-5
0.0295,6.3329301495e-4,-7.99426355,-6.33E-04,7.994282871,3.601319014e-10,-4.93E-07,-6.33E-04,7.994282871,6.3329789739e-4,-7.99426351,-3.60E-10,-1.08E-06,3.601319013e-10,-4.93E-07,-3.60E-10,-1.08E-06,-3.55E-15,2.6349408599e-5
0.03,6.2566191878e-4,-7.864272655,-6.26E-04,7.864292304,3.605418487e-10,-5.05E-07,-6.26E-04,7.864292304,6.2566681626e-4,-7.864272614,-3.60E-10,-1.10E-06,3.605418487e-10,-5.05E-07,-3.60E-10,-1.10E-06,-3.55E-15,2.6796009641e-5
0.0305,6.1805810881e-4,-7.73843991,-6.18E-04,7.738459887,3.608555424e-10,-5.16E-07,-6.18E-04,7.738459887,6.1806301941e-4,-7.73843987,-3.61E-10,-1.11E-06,3.608555425e-10,-5.16E-07,-3.61E-10,-1.11E-06,-3.55E-15,2.7242610716e-5
0.031,6.1049095507e-4,-7.616568944,-6.10E-04,7.616589248,3.610779060e-10,-5.28E-07,-6.10E-04,7.616589248,6.1049587635e-4,-7.616568903,-3.61E-10,-1.13E-06,3.610779060e-10,-5.28E-07,-3.61E-10,-1.13E-06,-3.55E-15,2.7689211824e-5
0.0315,6.0296861634e-4,-7.498475554,-6.03E-04,7.498496187,3.612135679e-10,-5.40E-07,-6.03E-04,7.498496187,6.0297354744e-4,-7.498475514,-3.61E-10,-1.14E-06,3.612135679e-10,-5.40E-07,-3.61E-10,-1.14E-06,-3.55E-15,2.8135812966e-5
0.032,5.9549814819e-4,-7.383986787,-5.96E-04,7.384007747,3.612668780e-10,-5.51E-07,-5.96E-04,7.384007747,5.9550308726e-4,-7.383986746,-3.61E-10,-1.16E-06,3.612668779e-10,-5.51E-07,-3.61E-10,-1.16E-06,-3.55E-15,2.8582414142e-5
0.0325,5.8808563339e-4,-7.272940086,-5.88E-04,7.272961374,3.612419339e-10,-5.63E-07,-5.88E-04,7.272961374,5.8809057948e-4,-7.272940045,-3.61E-10,-1.17E-06,3.612419338e-10,-5.63E-07,-3.61E-10,-1.17E-06,-3.55E-15,2.9029015352e-5
0.033,5.8073632382e-4,-7.165182526,-5.81E-04,7.165204141,3.611425947e-10,-5.74E-07,-5.81E-04,7.165204141,5.8074127460e-4,-7.165182485,-3.61E-10,-1.19E-06,3.611425947e-10,-5.74E-07,-3.61E-10,-1.19E-06,-3.55E-15,2.9475616597e-5
0.0335,5.7345469440e-4,-7.060570106,-5.73E-04,7.060592049,3.609724987e-10,-5.85E-07,-5.73E-04,7.060592049,5.7345964966e-4,-7.060570065,-3.61E-10,-1.20E-06,3.609724987e-10,-5.85E-07,-3.61E-10,-1.20E-06,-3.55E-15,2.9922217879e-5
0.034,5.6624455396e-4,-6.958967113,-5.66E-04,6.958989384,3.607350822e-10,-5.97E-07,-5.66E-04,6.958989384,5.6624951250e-4,-6.958967071,-3.61E-10,-1.22E-06,3.607350822e-10,-5.97E-07,-3.61E-10,-1.22E-06,-3.55E-15,3.0368819196e-5
0.0345,5.5910911980e-4,-6.860245529,-5.59E-04,6.860268128,3.604335862e-10,-6.08E-07,-5.59E-04,6.860268128,5.5911407951e-4,-6.860245488,-3.60E-10,-1.23E-06,3.604335861e-10,-6.08E-07,-3.60E-10,-1.23E-06,-3.55E-15,3.0815420550e-5
0.035,5.5205108811e-4,-6.764284497,-5.52E-04,6.764307424,3.600710767e-10,-6.19E-07,-5.52E-04,6.764307424,5.5205604831e-4,-6.764284456,-3.60E-10,-1.25E-06,3.600710768e-10,-6.19E-07,-3.60E-10,-1.25E-06,-3.55E-15,3.1262021942e-5
0.0355,5.4507267194e-4,-6.670969825,-5.45E-04,6.67099308,3.596504545e-10,-6.30E-07,-5.45E-04,6.67099308,5.4507763122e-4,-6.670969783,-3.60E-10,-1.26E-06,3.596504546e-10,-6.30E-07,-3.60E-10,-1.26E-06,-3.55E-15,3.1708623372e-5
0.036,5.3817569644e-4,-6.580193534,-5.38E-04,6.580217116,3.591744633e-10,-6.42E-07,-5.38E-04,6.580217116,5.3818065420e-4,-6.580193492,-3.59E-10,-1.28E-06,3.591744633e-10,-6.42E-07,-3.59E-10,-1.28E-06,-3.56E-15,3.2155224840e-5
0.0365,5.3136159219e-4,-6.491853439,-5.31E-04,6.491877349,3.586457019e-10,-6.53E-07,-5.31E-04,6.491877349,5.3136654823e-4,-6.491853397,-3.59E-10,-1.30E-06,3.586457019e-10,-6.53E-07,-3.59E-10,-1.30E-06,-3.56E-15,3.2601826347e-5
0.037,5.2463149086e-4,-6.405852771,-5.25E-04,6.405877008,3.580666352e-10,-6.64E-07,-5.25E-04,6.405877008,5.2463644279e-4,-6.405852728,-3.58E-10,-1.31E-06,3.580666353e-10,-6.64E-07,-3.58E-10,-1.31E-06,-3.56E-15,3.3048427893e-5
0.0375,5.1798621407e-4,-6.322099813,-5.18E-04,6.322124379,3.574396016e-10,-6.75E-07,-5.18E-04,6.322124379,5.1799116213e-4,-6.322099771,-3.57E-10,-1.33E-06,3.574396015e-10,-6.75E-07,-3.57E-10,-1.33E-06,-3.56E-15,3.3495029480e-5
0.038,5.1142634468e-4,-6.240507587,-5.11E-04,6.24053248,3.567668165e-10,-6.86E-07,-5.11E-04,6.24053248,5.1143128731e-4,-6.240507545,-3.57E-10,-1.34E-06,3.567668164e-10,-6.86E-07,-3.57E-10,-1.34E-06,-3.56E-15,3.3941631107e-5
0.0385,5.0495223519e-4,-6.160993541,-5.05E-04,6.161018762,3.560503891e-10,-6.97E-07,-5.05E-04,6.161018762,5.0495717179e-4,-6.160993498,-3.56E-10,-1.36E-06,3.560503891e-10,-6.97E-07,-3.56E-10,-1.36E-06,-3.56E-15,3.4388232776e-5
0.039,4.9856404552e-4,-6.083479277,-4.99E-04,6.083504826,3.552923190e-10,-7.08E-07,-4.99E-04,6.083504826,4.9856897513e-4,-6.083479234,-3.55E-10,-1.37E-06,3.552923189e-10,-7.08E-07,-3.55E-10,-1.37E-06,-3.56E-15,3.4834834486e-5
0.0395,4.9226175094e-4,-6.007890292,-4.92E-04,6.007916168,3.544945096e-10,-7.19E-07,-4.92E-04,6.007916168,4.9226667269e-4,-6.007890249,-3.54E-10,-1.39E-06,3.544945096e-10,-7.19E-07,-3.54E-10,-1.39E-06,-3.56E-15,3.5281436238e-5
0.04,4.8604517314e-4,-5.934155737,-4.86E-04,5.934181941,3.536587738e-10,-7.30E-07,-4.86E-04,5.934181941,4.8605008700e-4,-5.934155693,-3.54E-10,-1.41E-06,3.536587738e-10,-7.30E-07,-3.54E-10,-1.41E-06,-3.56E-15,3.5728038033e-5
0.0405,4.7991400870e-4,-5.862208197,-4.80E-04,5.862234729,3.527868329e-10,-7.41E-07,-4.80E-04,5.862234729,4.7991891415e-4,-5.862208154,-3.53E-10,-1.42E-06,3.527868330e-10,-7.41E-07,-3.53E-10,-1.42E-06,-3.56E-15,3.6174639872e-5
0.041,4.7386782962e-4,-5.791983488,-4.74E-04,5.792010348,3.518803298e-10,-7.52E-07,-4.74E-04,5.792010348,4.7387272568e-4,-5.791983444,-3.52E-10,-1.44E-06,3.518803297e-10,-7.52E-07,-3.52E-10,-1.44E-06,-3.56E-15,3.6621241754e-5
0.0415,4.6790609696e-4,-5.723420462,-4.68E-04,5.723447649,3.509408295e-10,-7.62E-07,-4.68E-04,5.723447649,4.6791098234e-4,-5.723420417,-3.51E-10,-1.45E-06,3.509408295e-10,-7.62E-07,-3.51E-10,-1.45E-06,-3.56E-15,3.7067843681e-5
0.042,4.6202819510e-4,-5.656460829,-4.62E-04,5.656488343,3.499698216e-10,-7.73E-07,-4.62E-04,5.656488343,4.6203307019e-4,-5.656460784,-3.50E-10,-1.47E-06,3.499698215e-10,-7.73E-07,-3.50E-10,-1.47E-06,-3.57E-15,3.7514445653e-5
0.0425,4.5623341436e-4,-5.591048996,-4.56E-04,5.591076838,3.489687319e-10,-7.84E-07,-4.56E-04,5.591076838,4.5623827824e-4,-5.591048951,-3.49E-10,-1.48E-06,3.489687318e-10,-7.84E-07,-3.49E-10,-1.48E-06,-3.57E-15,3.7961047670e-5
0.043,4.5052098610e-4,-5.52713191,-4.51E-04,5.527160081,3.479389162e-10,-7.95E-07,-4.51E-04,5.527160081,4.5052583822e-4,-5.527131866,-3.48E-10,-1.50E-06,3.479389162e-10,-7.95E-07,-3.48E-10,-1.50E-06,-3.57E-15,3.8407649733e-5
0.0435,4.4489008299e-4,-5.464658917,-4.45E-04,5.464687415,3.468816715e-10,-8.05E-07,-4.45E-04,5.464687415,4.4489492296e-4,-5.464658872,-3.47E-10,-1.52E-06,3.468816715e-10,-8.05E-07,-3.47E-10,-1.52E-06,-3.57E-15,3.8854251843e-5
0.044,4.3933982091e-4,-5.403581623,-4.39E-04,5.403610448,3.457982377e-10,-8.16E-07,-4.39E-04,5.403610448,4.3934464806e-4,-5.403581578,-3.46E-10,-1.53E-06,3.457982377e-10,-8.16E-07,-3.46E-10,-1.53E-06,-3.57E-15,3.9300854000e-5
0.0445,4.3386928157e-4,-5.343853774,-4.34E-04,5.343882927,3.446897968e-10,-8.27E-07,-4.34E-04,5.343882927,4.3387409540e-4,-5.343853729,-3.45E-10,-1.55E-06,3.446897968e-10,-8.27E-07,-3.45E-10,-1.55E-06,-3.57E-15,3.9747456204e-5
0.045,4.2847750266e-4,-5.285431138,-4.28E-04,5.285460619,3.435574827e-10,-8.38E-07,-4.28E-04,5.285460619,4.2848230283e-4,-5.285431093,-3.43E-10,-1.56E-06,3.435574828e-10,-8.38E-07,-3.43E-10,-1.56E-06,-3.57E-15,4.0194058457e-5
0.0455,4.2316349298e-4,-5.228271395,-4.23E-04,5.228301204,3.424023771e-10,-8.48E-07,-4.23E-04,5.228301204,4.2316827932e-4,-5.228271349,-3.42E-10,-1.58E-06,3.424023771e-10,-8.48E-07,-3.42E-10,-1.58E-06,-3.57E-15,4.0640660758e-5
0.046,4.1792624552e-4,-5.172334035,-4.18E-04,5.172364171,3.412255162e-10,-8.59E-07,-4.18E-04,5.172364171,4.1793101728e-4,-5.172333989,-3.41E-10,-1.60E-06,3.412255163e-10,-8.59E-07,-3.41E-10,-1.60E-06,-3.57E-15,4.1087263109e-5
0.0465,4.1276471999e-4,-5.117580261,-4.13E-04,5.117610725,3.400278932e-10,-8.69E-07,-4.13E-04,5.117610725,4.1276947696e-4,-5.117580214,-3.40E-10,-1.61E-06,3.400278932e-10,-8.69E-07,-3.40E-10,-1.61E-06,-3.57E-15,4.1533865510e-5
0.047,4.0767787045e-4,-5.063972902,-4.08E-04,5.064003694,3.388104569e-10,-8.80E-07,-4.08E-04,5.064003694,4.0768261198e-4,-5.063972855,-3.39E-10,-1.63E-06,3.388104569e-10,-8.80E-07,-3.39E-10,-1.63E-06,-3.57E-15,4.1980467961e-5
0.0475,4.0266463420e-4,-5.011476328,-4.03E-04,5.011507447,3.375741186e-10,-8.91E-07,-4.03E-04,5.011507447,4.0266936060e-4,-5.01147628,-3.37E-10,-1.64E-06,3.375741187e-10,-8.91E-07,-3.37E-10,-1.64E-06,-3.57E-15,4.2427070463e-5
0.048,3.9772394649e-4,-4.960056368,-3.98E-04,4.960087815,3.363197507e-10,-9.01E-07,-3.98E-04,4.960087815,3.9772865665e-4,-4.96005632,-3.36E-10,-1.66E-06,3.363197507e-10,-9.01E-07,-3.36E-10,-1.66E-06,-3.57E-15,4.2873673016e-5
0.0485,3.9285472782e-4,-4.90968024,-3.93E-04,4.909712015,3.350481900e-10,-9.12E-07,-3.93E-04,4.909712015,3.9285942206e-4,-4.909680192,-3.35E-10,-1.68E-06,3.350481901e-10,-9.12E-07,-3.35E-10,-1.68E-06,-3.58E-15,4.3320275621e-5
0.049,3.8805590172e-4,-4.86031648,-3.88E-04,4.860348583,3.337602387e-10,-9.22E-07,-3.88E-04,4.860348583,3.8806057933e-4,-4.860316432,-3.34E-10,-1.69E-06,3.337602387e-10,-9.22E-07,-3.34E-10,-1.69E-06,-3.58E-15,4.3766878279e-5
0.0495,3.8332639433e-4,-4.811934875,-3.83E-04,4.811967305,3.324566680e-10,-9.33E-07,-3.83E-04,4.811967305,3.8333105555e-4,-4.811934827,-3.32E-10,-1.71E-06,3.324566681e-10,-9.33E-07,-3.32E-10,-1.71E-06,-3.58E-15,4.4213480990e-5
0.05,3.7866512728e-4,-4.764506402,-3.79E-04,4.76453916,3.311382164e-10,-9.43E-07,-3.79E-04,4.76453916,3.7866977108e-4,-4.764506354,-3.31E-10,-1.73E-06,3.311382164e-10,-9.43E-07,-3.31E-10,-1.73E-06,-3.58E-15,4.4660083755e-5
0.0505,3.7407102946e-4,-4.718003172,-3.74E-04,4.718036258,3.298055937e-10,-9.54E-07,-3.74E-04,4.718036258,3.7407565603e-4,-4.718003123,-3.30E-10,-1.74E-06,3.298055937e-10,-9.54E-07,-3.30E-10,-1.74E-06,-3.58E-15,4.5106686574e-5
0.051,3.6954303401e-4,-4.672398372,-3.70E-04,4.672431785,3.284594823e-10,-9.64E-07,-3.70E-04,4.672431785,3.6954764317e-4,-4.672398323,-3.28E-10,-1.76E-06,3.284594823e-10,-9.64E-07,-3.28E-10,-1.76E-06,-3.58E-15,4.5553289447e-5
0.0515,3.6508008541e-4,-4.627666216,-3.65E-04,4.627699957,3.271005366e-10,-9.75E-07,-3.65E-04,4.627699957,3.6508467675e-4,-4.627666166,-3.27E-10,-1.77E-06,3.271005367e-10,-9.75E-07,-3.27E-10,-1.77E-06,-3.58E-15,4.5999892376e-5
0.052,3.6068112808e-4,-4.583781895,-3.61E-04,4.583815963,3.257293862e-10,-9.85E-07,-3.61E-04,4.583815963,3.6068570130e-4,-4.583781845,-3.26E-10,-1.79E-06,3.257293863e-10,-9.85E-07,-3.26E-10,-1.79E-06,-3.58E-15,4.6446495360e-5
0.0525,3.5634512091e-4,-4.540721531,-3.56E-04,4.540755927,3.243466380e-10,-9.96E-07,-3.56E-04,4.540755927,3.5634967597e-4,-4.540721481,-3.24E-10,-1.81E-06,3.243466381e-10,-9.96E-07,-3.24E-10,-1.81E-06,-3.58E-15,4.6893098401e-5
0.053,3.5207103216e-4,-4.498462135,-3.52E-04,4.498496859,3.229528725e-10,-1.01E-06,-3.52E-04,4.498496859,3.5207556875e-4,-4.498462085,-3.23E-10,-1.82E-06,3.229528725e-10,-1.01E-06,-3.23E-10,-1.82E-06,-3.58E-15,4.7339701499e-5
0.0535,3.4785784267e-4,-4.456981567,-3.48E-04,4.457016618,3.215486513e-10,-1.02E-06,-3.48E-04,4.457016618,3.4786236082e-4,-4.456981516,-3.21E-10,-1.84E-06,3.215486512e-10,-1.02E-06,-3.21E-10,-1.84E-06,-3.58E-15,4.7786304654e-5
0.054,3.4370454287e-4,-4.416258492,-3.44E-04,4.416293871,3.201345118e-10,-1.03E-06,-3.44E-04,4.416293871,3.4370904205e-4,-4.416258441,-3.20E-10,-1.86E-06,3.201345119e-10,-1.03E-06,-3.20E-10,-1.86E-06,-3.58E-15,4.8232907867e-5
0.0545,3.3961013193e-4,-4.37627235,-3.40E-04,4.376308057,3.187109750e-10,-1.04E-06,-3.40E-04,4.376308057,3.3961461231e-4,-4.376272299,-3.19E-10,-1.87E-06,3.187109750e-10,-1.04E-06,-3.19E-10,-1.87E-06,-3.59E-15,4.8679511139e-5
0.055,3.3557363459e-4,-4.337003318,-3.36E-04,4.337039352,3.172785379e-10,-1.05E-06,-3.36E-04,4.337039352,3.3557809558e-4,-4.337003266,-3.17E-10,-1.89E-06,3.172785380e-10,-1.05E-06,-3.17E-10,-1.89E-06,-3.59E-15,4.9126114469e-5
0.0555,3.3159407360e-4,-4.298432275,-3.32E-04,4.298468638,3.158376834e-10,-1.06E-06,-3.32E-04,4.298468638,3.3159851520e-4,-4.298432224,-3.16E-10,-1.90E-06,3.158376835e-10,-1.06E-06,-3.16E-10,-1.90E-06,-3.59E-15,4.9572717860e-5
0.056,3.2767049338e-4,-4.260540778,-3.28E-04,4.260577468,3.143888742e-10,-1.07E-06,-3.28E-04,4.260577468,3.2767491557e-4,-4.260540726,-3.14E-10,-1.92E-06,3.143888741e-10,-1.07E-06,-3.14E-10,-1.92E-06,-3.59E-15,5.0019321310e-5
0.0565,3.2380195356e-4,-4.223311026,-3.24E-04,4.223348043,3.129325575e-10,-1.08E-06,-3.24E-04,4.223348043,3.2380635627e-4,-4.223310973,-3.13E-10,-1.94E-06,3.129325575e-10,-1.08E-06,-3.13E-10,-1.94E-06,-3.59E-15,5.0465924821e-5
0.057,3.1998752202e-4,-4.186725833,-3.20E-04,4.186763178,3.114691627e-10,-1.09E-06,-3.20E-04,4.186763178,3.1999190485e-4,-4.18672578,-3.11E-10,-1.95E-06,3.114691627e-10,-1.09E-06,-3.11E-10,-1.95E-06,-3.59E-15,5.0912528393e-5
0.0575,3.1622628697e-4,-4.150768605,-3.16E-04,4.150806277,3.099991068e-10,-1.10E-06,-3.16E-04,4.150806277,3.1623065002e-4,-4.150768551,-3.10E-10,-1.97E-06,3.099991068e-10,-1.10E-06,-3.10E-10,-1.97E-06,-3.59E-15,5.1359132027e-5
0.058,3.1251735017e-4,-4.115423312,-3.13E-04,4.115461312,3.085227868e-10,-1.11E-06,-3.13E-04,4.115461312,3.1252169298e-4,-4.115423258,-3.08E-10,-1.99E-06,3.085227868e-10,-1.11E-06,-3.08E-10,-1.99E-06,-3.59E-15,5.1805735723e-5
0.0585,3.0885982259e-4,-4.080674465,-3.09E-04,4.080712793,3.070405893e-10,-1.12E-06,-3.09E-04,4.080712793,3.0886414546e-4,-4.080674411,-3.07E-10,-2.00E-06,3.070405893e-10,-1.12E-06,-3.07E-10,-2.00E-06,-3.59E-15,5.2252339482e-5
0.059,3.0525283615e-4,-4.046507094,-3.05E-04,4.046545749,3.055528891e-10,-1.13E-06,-3.05E-04,4.046545749,3.0525713869e-4,-4.046507039,-3.05E-10,-2.02E-06,3.055528890e-10,-1.13E-06,-3.05E-10,-2.02E-06,-3.59E-15,5.2698943305e-5
0.0595,3.0169553720e-4,-4.012906724,-3.02E-04,4.012945708,3.040600428e-10,-1.14E-06,-3.02E-04,4.012945708,3.0169981930e-4,-4.01290667,-3.04E-10,-2.03E-06,3.040600428e-10,-1.14E-06,-3.04E-10,-2.03E-06,-3.59E-15,5.3145547191e-5
0.06,2.9818707929e-4,-3.97985936,-2.98E-04,3.979898671,3.025623978e-10,-1.15E-06,-2.98E-04,3.979898671,2.9819134120e-4,-3.979859305,-3.02E-10,-2.05E-06,3.025623977e-10,-1.15E-06,-3.02E-10,-2.05E-06,-3.59E-15,5.3592151142e-5
0.0605,2.9472664086e-4,-3.947351459,-2.95E-04,3.947391098,3.010602875e-10,-1.16E-06,-2.95E-04,3.947391098,2.9473088220e-4,-3.947351404,-3.01E-10,-2.07E-06,3.010602874e-10,-1.16E-06,-3.01E-10,-2.07E-06,-3.59E-15,5.4038755158e-5
0.061,2.9131340761e-4,-3.915369922,-2.91E-04,3.915409888,2.995540377e-10,-1.17E-06,-2.91E-04,3.915409888,2.9131762834e-4,-3.915369866,-2.99E-10,-2.08E-06,2.995540377e-10,-1.17E-06,-2.99E-10,-2.08E-06,-3.59E-15,5.4485359240e-5
0.0615,2.8794658159e-4,-3.883902065,-2.88E-04,3.883942359,2.980439586e-10,-1.18E-06,-2.88E-04,3.883942359,2.8795078174e-4,-3.883902009,-2.98E-10,-2.10E-06,2.980439586e-10,-1.18E-06,-2.98E-10,-2.10E-06,-3.59E-15,5.4931963387e-5
0.062,2.8462538083e-4,-3.852935613,-2.85E-04,3.852976235,2.965303506e-10,-1.19E-06,-2.85E-04,3.852976235,2.8462956010e-4,-3.852935557,-2.96E-10,-2.12E-06,2.965303505e-10,-1.19E-06,-2.96E-10,-2.12E-06,-3.59E-15,5.5378567601e-5
0.0625,2.8134903504e-4,-3.822458677,-2.81E-04,3.822499627,2.950135057e-10,-1.20E-06,-2.81E-04,3.822499627,2.8135319350e-4,-3.822458621,-2.95E-10,-2.13E-06,2.950135056e-10,-1.20E-06,-2.95E-10,-2.13E-06,-3.60E-15,5.5825171882e-5
0.063,2.7811678994e-4,-3.792459741,-2.78E-04,3.792501018,2.934937059e-10,-1.21E-06,-2.78E-04,3.792501018,2.7812092752e-4,-3.792459684,-2.93E-10,-2.15E-06,2.934937061e-10,-1.21E-06,-2.93E-10,-2.15E-06,-3.60E-15,5.6271776232e-5
0.0635,2.7492790229e-4,-3.762927647,-2.75E-04,3.762969252,2.919712215e-10,-1.22E-06,-2.75E-04,3.762969252,2.7493201897e-4,-3.76292759,-2.92E-10,-2.17E-06,2.919712214e-10,-1.22E-06,-2.92E-10,-2.17E-06,-3.60E-15,5.6718380649e-5
0.064,2.7178164626e-4,-3.733851583,-2.72E-04,3.733893516,2.904463161e-10,-1.23E-06,-2.72E-04,3.733893516,2.7178574191e-4,-3.733851526,-2.90E-10,-2.18E-06,2.904463160e-10,-1.23E-06,-2.90E-10,-2.18E-06,-3.60E-15,5.7164985135e-5
0.0645,2.6867730801e-4,-3.705221067,-2.69E-04,3.705263327,2.889192435e-10,-1.24E-06,-2.69E-04,3.705263327,2.6868138245e-4,-3.705221009,-2.89E-10,-2.20E-06,2.889192434e-10,-1.24E-06,-2.89E-10,-2.20E-06,-3.60E-15,5.7611589690e-5
0.065,2.6561418739e-4,-3.677025936,-2.66E-04,3.677068524,2.873902481e-10,-1.25E-06,-2.66E-04,3.677068524,2.6561824087e-4,-3.677025878,-2.87E-10,-2.22E-06,2.873902481e-10,-1.25E-06,-2.87E-10,-2.22E-06,-3.60E-15,5.8058194316e-5
0.0655,2.6259159417e-4,-3.649256335,-2.63E-04,3.64929925,2.858595677e-10,-1.26E-06,-2.63E-04,3.64929925,2.6259562652e-4,-3.649256276,-2.86E-10,-2.23E-06,2.858595677e-10,-1.26E-06,-2.86E-10,-2.23E-06,-3.60E-15,5.8504799011e-5
0.066,2.5960885766e-4,-3.621902702,-2.60E-04,3.621945945,2.843274332e-10,-1.27E-06,-2.60E-04,3.621945945,2.5961286886e-4,-3.621902643,-2.84E-10,-2.25E-06,2.843274332e-10,-1.27E-06,-2.84E-10,-2.25E-06,-3.60E-15,5.8951403778e-5
0.0665,2.5666531281e-4,-3.594955761,-2.57E-04,3.594999331,2.827940648e-10,-1.28E-06,-2.57E-04,3.594999331,2.5666930281e-4,-3.594955702,-2.83E-10,-2.27E-06,2.827940647e-10,-1.28E-06,-2.83E-10,-2.27E-06,-3.60E-15,5.9398008616e-5
0.067,2.5376031173e-4,-3.568406509,-2.54E-04,3.568450407,2.812596794e-10,-1.29E-06,-2.54E-04,3.568450407,2.5376428046e-4,-3.56840645,-2.81E-10,-2.28E-06,2.812596794e-10,-1.29E-06,-2.81E-10,-2.28E-06,-3.60E-15,5.9844613527e-5
0.0675,2.5089321903e-4,-3.542246208,-2.51E-04,3.542290434,2.797244818e-10,-1.30E-06,-2.51E-04,3.542290434,2.5089716643e-4,-3.542246148,-2.80E-10,-2.30E-06,2.797244818e-10,-1.30E-06,-2.80E-10,-2.30E-06,-3.60E-15,6.0291218510e-5
0.068,2.4806340699e-4,-3.516466373,-2.48E-04,3.516510926,2.781886756e-10,-1.31E-06,-2.48E-04,3.516510926,2.4806733306e-4,-3.516466313,-2.78E-10,-2.31E-06,2.781886756e-10,-1.31E-06,-2.78E-10,-2.31E-06,-3.60E-15,6.0737823566e-5
0.0685,2.4527026525e-4,-3.491058763,-2.45E-04,3.491103645,2.766524533e-10,-1.33E-06,-2.45E-04,3.491103645,2.4527417027e-4,-3.491058703,-2.77E-10,-2.33E-06,2.766524533e-10,-1.33E-06,-2.77E-10,-2.33E-06,-3.61E-15,6.1184428695e-5
0.069,2.4251319140e-4,-3.466015377,-2.43E-04,3.466060585,2.751160056e-10,-1.34E-06,-2.43E-04,3.466060585,2.4251707489e-4,-3.466015316,-2.75E-10,-2.35E-06,2.751160057e-10,-1.34E-06,-2.75E-10,-2.35E-06,-3.61E-15,6.1631033899e-5
0.0695,2.3979159794e-4,-3.441328437,-2.40E-04,3.441373973,2.735795126e-10,-1.35E-06,-2.40E-04,3.441373973,2.3979546013e-4,-3.441328375,-2.73E-10,-2.36E-06,2.735795126e-10,-1.35E-06,-2.73E-10,-2.36E-06,-3.61E-15,6.2077639178e-5
0.07,2.3710490432e-4,-3.416990388,-2.37E-04,3.417036252,2.720431521e-10,-1.36E-06,-2.37E-04,3.417036252,2.3710874505e-4,-3.416990326,-2.72E-10,-2.38E-06,2.720431520e-10,-1.36E-06,-2.72E-10,-2.38E-06,-3.61E-15,6.2524244532e-5
0.0705,2.3445254437e-4,-3.392993886,-2.34E-04,3.393040078,2.705070935e-10,-1.37E-06,-2.34E-04,3.393040078,2.3445636395e-4,-3.392993824,-2.70E-10,-2.40E-06,2.705070934e-10,-1.37E-06,-2.70E-10,-2.40E-06,-3.61E-15,6.2970849962e-5
0.071,2.3183396240e-4,-3.369331792,-2.32E-04,3.369378311,2.689715047e-10,-1.38E-06,-2.32E-04,3.369378311,2.3183776059e-4,-3.36933173,-2.69E-10,-2.41E-06,2.689715046e-10,-1.38E-06,-2.69E-10,-2.41E-06,-3.61E-15,6.3417455468e-5
0.0715,2.2924861334e-4,-3.345997164,-2.29E-04,3.346044011,2.674365438e-10,-1.39E-06,-2.29E-04,3.346044011,2.2925239008e-4,-3.345997102,-2.67E-10,-2.43E-06,2.674365438e-10,-1.39E-06,-2.67E-10,-2.43E-06,-3.61E-15,6.3864061051e-5
0.072,2.2669596089e-4,-3.322983252,-2.27E-04,3.323030427,2.659023656e-10,-1.40E-06,-2.27E-04,3.323030427,2.2669971633e-4,-3.322983189,-2.66E-10,-2.45E-06,2.659023656e-10,-1.40E-06,-2.66E-10,-2.45E-06,-3.61E-15,6.4310666712e-5
0.0725,2.2417548131e-4,-3.300283489,-2.24E-04,3.300330992,2.643691224e-10,-1.41E-06,-2.24E-04,3.300330992,2.2417921549e-4,-3.300283426,-2.64E-10,-2.46E-06,2.643691225e-10,-1.41E-06,-2.64E-10,-2.46E-06,-3.61E-15,6.4757272450e-5
0.073,2.2168665829e-4,-3.277891487,-2.22E-04,3.277939317,2.628369578e-10,-1.42E-06,-2.22E-04,3.277939317,2.2169037104e-4,-3.277891423,-2.63E-10,-2.48E-06,2.628369579e-10,-1.42E-06,-2.63E-10,-2.48E-06,-3.61E-15,6.5203878267e-5
0.0735,2.1922898985e-4,-3.255801029,-2.19E-04,3.255849187,2.613060141e-10,-1.43E-06,-2.19E-04,3.255849187,2.1923268125e-4,-3.255800965,-2.61E-10,-2.50E-06,2.613060142e-10,-1.43E-06,-2.61E-10,-2.50E-06,-3.61E-15,6.5650484164e-5
0.074,2.1680197807e-4,-3.234006065,-2.17E-04,3.23405455,2.597764265e-10,-1.44E-06,-2.17E-04,3.23405455,2.1680564823e-4,-3.234006,-2.60E-10,-2.51E-06,2.597764265e-10,-1.44E-06,-2.60E-10,-2.51E-06,-3.61E-15,6.6097090140e-5
0.0745,2.1440513880e-4,-3.212500706,-2.14E-04,3.212549519,2.582483274e-10,-1.45E-06,-2.14E-04,3.212549519,2.1440878763e-4,-3.212500641,-2.58E-10,-2.53E-06,2.582483274e-10,-1.45E-06,-2.58E-10,-2.53E-06,-3.61E-15,6.6543696196e-5
0.075,2.1203799563e-4,-3.191279217,-2.12E-04,3.191328358,2.567218455e-10,-1.46E-06,-2.12E-04,3.191328358,2.1204162313e-4,-3.191279152,-2.57E-10,-2.55E-06,2.567218456e-10,-1.46E-06,-2.57E-10,-2.55E-06,-3.62E-15,6.6990302333e-5
0.0755,2.0970008138e-4,-3.170336017,-2.10E-04,3.170385485,2.551971057e-10,-1.47E-06,-2.10E-04,3.170385485,2.0970368761e-4,-3.170335951,-2.55E-10,-2.56E-06,2.551971057e-10,-1.47E-06,-2.55E-10,-2.56E-06,-3.62E-15,6.7436908551e-5
0.076,2.0739093727e-4,-3.149665665,-2.07E-04,3.149715461,2.536742267e-10,-1.48E-06,-2.07E-04,3.149715461,2.0739452214e-4,-3.149665599,-2.54E-10,-2.58E-06,2.536742267e-10,-1.48E-06,-2.54E-10,-2.58E-06,-3.62E-15,6.7883514851e-5
0.0765,2.0511011472e-4,-3.129262866,-2.05E-04,3.12931299,2.521533264e-10,-1.49E-06,-2.05E-04,3.12931299,2.0511367841e-4,-3.1292628,-2.52E-10,-2.60E-06,2.521533263e-10,-1.49E-06,-2.52E-10,-2.60E-06,-3.62E-15,6.8330121233e-5
0.077,2.0285717081e-4,-3.109122458,-2.03E-04,3.10917291,2.506345166e-10,-1.50E-06,-2.03E-04,3.10917291,2.0286071321e-4,-3.109122392,-2.50E-10,-2.61E-06,2.506345166e-10,-1.50E-06,-2.50E-10,-2.61E-06,-3.62E-15,6.8776727698e-5
0.0775,2.0063167409e-4,-3.089239413,-2.01E-04,3.089290191,2.491179068e-10,-1.51E-06,-2.01E-04,3.089290191,2.0063519532e-4,-3.089239346,-2.49E-10,-2.63E-06,2.491179068e-10,-1.51E-06,-2.49E-10,-2.63E-06,-3.62E-15,6.9223334247e-5
0.078,1.9843320105e-4,-3.069608828,-1.98E-04,3.069659934,2.476036040e-10,-1.52E-06,-1.98E-04,3.069659934,1.9843670113e-4,-3.06960876,-2.47E-10,-2.65E-06,2.476036039e-10,-1.52E-06,-2.47E-10,-2.65E-06,-3.62E-15,6.9669940879e-5
0.0785,1.9626133300e-4,-3.050225926,-1.96E-04,3.05027736,2.460917104e-10,-1.53E-06,-1.96E-04,3.05027736,1.9626481203e-4,-3.050225858,-2.46E-10,-2.66E-06,2.460917105e-10,-1.53E-06,-2.46E-10,-2.66E-06,-3.62E-15,7.0116547596e-5
0.079,1.9411566381e-4,-3.031086049,-1.94E-04,3.03113781,2.445823253e-10,-1.54E-06,-1.94E-04,3.03113781,1.9411912179e-4,-3.031085981,-2.44E-10,-2.68E-06,2.445823252e-10,-1.54E-06,-2.44E-10,-2.68E-06,-3.62E-15,7.0563154399e-5
0.0795,1.9199579035e-4,-3.012184655,-1.92E-04,3.012236744,2.430755459e-10,-1.55E-06,-1.92E-04,3.012236744,1.9199922724e-4,-3.012184587,-2.43E-10,-2.70E-06,2.430755459e-10,-1.55E-06,-2.43E-10,-2.70E-06,-3.62E-15,7.1009761286e-5
0.08,1.8990132201e-4,-2.993517315,-1.90E-04,2.993569732,2.415714651e-10,-1.56E-06,-1.90E-04,2.993569732,1.8990473769e-4,-2.993517246,-2.41E-10,-2.71E-06,2.415714651e-10,-1.56E-06,-2.41E-10,-2.71E-06,-3.62E-15,7.1456368260e-5
0.0805,1.8783186904e-4,-2.975079709,-1.88E-04,2.975132453,2.400701741e-10,-1.57E-06,-1.88E-04,2.975132453,1.8783526383e-4,-2.975079639,-2.40E-10,-2.73E-06,2.400701742e-10,-1.57E-06,-2.40E-10,-2.73E-06,-3.62E-15,7.1902975321e-5
0.081,1.8578705612e-4,-2.956867621,-1.86E-04,2.956920693,2.385717613e-10,-1.58E-06,-1.86E-04,2.956920693,1.8579042989e-4,-2.956867551,-2.38E-10,-2.75E-06,2.385717614e-10,-1.58E-06,-2.38E-10,-2.75E-06,-3.62E-15,7.2349582469e-5
0.0815,1.8376651002e-4,-2.93887694,-1.84E-04,2.93893034,2.370763099e-10,-1.59E-06,-1.84E-04,2.93893034,1.8376986287e-4,-2.93887687,-2.37E-10,-2.76E-06,2.370763099e-10,-1.59E-06,-2.37E-10,-2.76E-06,-3.62E-15,7.2796189704e-5
0.082,1.8176986649e-4,-2.921103652,-1.82E-04,2.92115738,2.355839040e-10,-1.60E-06,-1.82E-04,2.92115738,1.8177319855e-4,-2.921103582,-2.35E-10,-2.78E-06,2.355839039e-10,-1.60E-06,-2.35E-10,-2.78E-06,-3.62E-15,7.3242797028e-5
0.0825,1.7979676823e-4,-2.903543842,-1.80E-04,2.903597897,2.340946227e-10,-1.61E-06,-1.80E-04,2.903597897,1.7980007926e-4,-2.903543772,-2.34E-10,-2.80E-06,2.340946226e-10,-1.61E-06,-2.34E-10,-2.80E-06,-3.62E-15,7.3689404441e-5
0.083,1.7784686275e-4,-2.886193686,-1.78E-04,2.886248069,2.326085450e-10,-1.62E-06,-1.78E-04,2.886248069,1.7785015309e-4,-2.886193615,-2.32E-10,-2.81E-06,2.326085450e-10,-1.62E-06,-2.32E-10,-2.81E-06,-3.62E-15,7.4136011943e-5
0.0835,1.7591980564e-4,-2.869049453,-1.76E-04,2.869104163,2.311257436e-10,-1.63E-06,-1.76E-04,2.869104163,1.7592307518e-4,-2.869049381,-2.31E-10,-2.83E-06,2.311257435e-10,-1.63E-06,-2.31E-10,-2.83E-06,-3.62E-15,7.4582619535e-5
0.084,1.7401525865e-4,-2.852107497,-1.74E-04,2.852162535,2.296462932e-10,-1.64E-06,-1.74E-04,2.852162535,1.7401850747e-4,-2.852107425,-2.29E-10,-2.85E-06,2.296462931e-10,-1.64E-06,-2.29E-10,-2.85E-06,-3.63E-15,7.5029227218e-5
0.0845,1.7213288887e-4,-2.835364261,-1.72E-04,2.835419626,2.281702635e-10,-1.65E-06,-1.72E-04,2.835419626,1.7213611699e-4,-2.835364188,-2.28E-10,-2.86E-06,2.281702635e-10,-1.65E-06,-2.28E-10,-2.86E-06,-3.63E-15,7.5475834992e-5
0.085,1.7027237049e-4,-2.818816268,-1.70E-04,2.818871961,2.266977224e-10,-1.66E-06,-1.70E-04,2.818871961,1.7027557803e-4,-2.818816195,-2.27E-10,-2.88E-06,2.266977224e-10,-1.66E-06,-2.27E-10,-2.88E-06,-3.63E-15,7.5922442857e-5
0.0855,1.6843338355e-4,-2.802460124,-1.68E-04,2.802516145,2.252287365e-10,-1.67E-06,-1.68E-04,2.802516145,1.6843657053e-4,-2.802460051,-2.25E-10,-2.89E-06,2.252287364e-10,-1.67E-06,-2.25E-10,-2.89E-06,-3.63E-15,7.6369050814e-5
0.086,1.6661561447e-4,-2.786292511,-1.67E-04,2.78634886,2.237633702e-10,-1.68E-06,-1.67E-04,2.78634886,1.6661878073e-4,-2.786292438,-2.24E-10,-2.91E-06,2.237633702e-10,-1.68E-06,-2.24E-10,-2.91E-06,-3.63E-15,7.6815658864e-5
0.0865,1.6481875347e-4,-2.77031019,-1.65E-04,2.770366866,2.223016856e-10,-1.69E-06,-1.65E-04,2.770366866,1.6482189931e-4,-2.770310116,-2.22E-10,-2.93E-06,2.223016856e-10,-1.69E-06,-2.22E-10,-2.93E-06,-3.63E-15,7.7262267007e-5
0.087,1.6304249742e-4,-2.754509992,-1.63E-04,2.754566996,2.208437430e-10,-1.70E-06,-1.63E-04,2.754566996,1.6304562291e-4,-2.754509918,-2.21E-10,-2.94E-06,2.208437431e-10,-1.70E-06,-2.21E-10,-2.94E-06,-3.63E-15,7.7708875244e-5
0.0875,1.6128654932e-4,-2.738888824,-1.61E-04,2.738946155,2.193895983e-10,-1.71E-06,-1.61E-04,2.738946155,1.6128965444e-4,-2.738888749,-2.19E-10,-2.96E-06,2.193895982e-10,-1.71E-06,-2.19E-10,-2.96E-06,-3.63E-15,7.8155483575e-5
0.088,1.5955061673e-4,-2.723443659,-1.60E-04,2.723501318,2.179393116e-10,-1.72E-06,-1.60E-04,2.723501318,1.5955370152e-4,-2.723443584,-2.18E-10,-2.98E-06,2.179393115e-10,-1.72E-06,-2.18E-10,-2.98E-06,-3.63E-15,7.8602092001e-5
0.0885,1.5783441335e-4,-2.708171539,-1.58E-04,2.708229526,2.164929345e-10,-1.73E-06,-1.58E-04,2.708229526,1.5783747790e-4,-2.708171464,-2.16E-10,-2.99E-06,2.164929345e-10,-1.73E-06,-2.16E-10,-2.99E-06,-3.63E-15,7.9048700523e-5
0.089,1.5613765646e-4,-2.693069574,-1.56E-04,2.693127888,2.150505220e-10,-1.74E-06,-1.56E-04,2.693127888,1.5614070066e-4,-2.693069498,-2.15E-10,-3.01E-06,2.150505220e-10,-1.74E-06,-2.15E-10,-3.01E-06,-3.63E-15,7.9495309140e-5
0.0895,1.5446007019e-4,-2.678134935,-1.54E-04,2.678193577,2.136121231e-10,-1.75E-06,-1.54E-04,2.678193577,1.5446309432e-4,-2.678134859,-2.13E-10,-3.03E-06,2.136121230e-10,-1.75E-06,-2.13E-10,-3.03E-06,-3.63E-15,7.9941917854e-5
0.09,1.5280138126e-4,-2.663364856,-1.53E-04,2.663423826,2.121777897e-10,-1.76E-06,-1.53E-04,2.663423826,1.5280438529e-4,-2.66336478,-2.12E-10,-3.04E-06,2.121777897e-10,-1.76E-06,-2.12E-10,-3.04E-06,-3.63E-15,8.0388526664e-5
0.0905,1.5116132477e-4,-2.648756634,-1.51E-04,2.648815932,2.107475673e-10,-1.77E-06,-1.51E-04,2.648815932,1.5116430874e-4,-2.648756558,-2.11E-10,-3.06E-06,2.107475673e-10,-1.77E-06,-2.11E-10,-3.06E-06,-3.63E-15,8.0835135572e-5
0.091,1.4953963676e-4,-2.634307623,-1.50E-04,2.634367248,2.093215047e-10,-1.78E-06,-1.50E-04,2.634367248,1.4954260076e-4,-2.634307546,-2.09E-10,-3.08E-06,2.093215047e-10,-1.78E-06,-2.09E-10,-3.08E-06,-3.63E-15,8.1281744579e-5
0.0915,1.4793606003e-4,-2.620015233,-1.48E-04,2.620075185,2.078996452e-10,-1.79E-06,-1.48E-04,2.620075185,1.4793900413e-4,-2.620015155,-2.08E-10,-3.09E-06,2.078996452e-10,-1.79E-06,-2.08E-10,-3.09E-06,-3.63E-15,8.1728353684e-5
0.092,1.4635034171e-4,-2.605876932,-1.46E-04,2.605937212,2.064820337e-10,-1.80E-06,-1.46E-04,2.605937212,1.4635326589e-4,-2.605876854,-2.06E-10,-3.11E-06,2.064820337e-10,-1.80E-06,-2.06E-10,-3.11E-06,-3.63E-15,8.2174962888e-5
0.0925,1.4478223214e-4,-2.591890242,-1.45E-04,2.59195085,2.050687103e-10,-1.81E-06,-1.45E-04,2.59195085,1.4478513648e-4,-2.591890164,-2.05E-10,-3.13E-06,2.050687103e-10,-1.81E-06,-2.05E-10,-3.13E-06,-3.63E-15,8.2621572191e-5
0.093,1.4323148938e-4,-2.578052738,-1.43E-04,2.578113674,2.036597171e-10,-1.82E-06,-1.43E-04,2.578113674,1.4323437395e-4,-2.57805266,-2.03E-10,-3.14E-06,2.036597171e-10,-1.82E-06,-2.03E-10,-3.14E-06,-3.64E-15,8.3068181595e-5
0.0935,1.4169787044e-4,-2.564362045,-1.42E-04,2.564423308,2.022550919e-10,-1.83E-06,-1.42E-04,2.564423308,1.4170073537e-4,-2.564361966,-2.02E-10,-3.16E-06,2.022550919e-10,-1.83E-06,-2.02E-10,-3.16E-06,-3.64E-15,8.3514791100e-5
0.094,1.4018114072e-4,-2.55081584,-1.40E-04,2.550877431,2.008548746e-10,-1.84E-06,-1.40E-04,2.550877431,1.4018398598e-4,-2.550815761,-2.01E-10,-3.18E-06,2.008548747e-10,-1.84E-06,-2.01E-10,-3.18E-06,-3.64E-15,8.3961400706e-5
0.0945,1.3868106863e-4,-2.537411847,-1.39E-04,2.537473765,1.994590999e-10,-1.85E-06,-1.39E-04,2.537473765,1.3868389432e-4,-2.537411767,-1.99E-10,-3.19E-06,1.994590999e-10,-1.85E-06,-1.99E-10,-3.19E-06,-3.64E-15,8.4408010414e-5
0.095,1.3719742590e-4,-2.524147839,-1.37E-04,2.524210085,1.980678049e-10,-1.86E-06,-1.37E-04,2.524210085,1.3720023212e-4,-2.524147759,-1.98E-10,-3.21E-06,1.980678049e-10,-1.86E-06,-1.98E-10,-3.21E-06,-3.64E-15,8.4854620225e-5
0.0955,1.3572998864e-4,-2.511021634,-1.36E-04,2.511084207,1.966810226e-10,-1.87E-06,-1.36E-04,2.511084207,1.3573277534e-4,-2.511021553,-1.97E-10,-3.23E-06,1.966810225e-10,-1.87E-06,-1.97E-10,-3.23E-06,-3.64E-15,8.5301230138e-5
0.096,1.3427853672e-4,-2.498031096,-1.34E-04,2.498093998,1.952987869e-10,-1.88E-06,-1.34E-04,2.498093998,1.3428130409e-4,-2.498031015,-1.95E-10,-3.25E-06,1.952987869e-10,-1.88E-06,-1.95E-10,-3.25E-06,-3.64E-15,8.5747840155e-5
0.0965,1.3284285442e-4,-2.485174134,-1.33E-04,2.485237363,1.939211285e-10,-1.89E-06,-1.33E-04,2.485237363,1.3284560247e-4,-2.485174052,-1.94E-10,-3.26E-06,1.939211285e-10,-1.89E-06,-1.94E-10,-3.26E-06,-3.64E-15,8.6194450276e-5
0.097,1.3142272838e-4,-2.472448696,-1.31E-04,2.472512253,1.925480802e-10,-1.90E-06,-1.31E-04,2.472512253,1.3142545711e-4,-2.472448615,-1.92E-10,-3.28E-06,1.925480801e-10,-1.90E-06,-1.92E-10,-3.28E-06,-3.64E-15,8.6641060501e-5
0.0975,1.3001794958e-4,-2.459852777,-1.30E-04,2.459916661,1.911796696e-10,-1.91E-06,-1.30E-04,2.459916661,1.3002065920e-4,-2.459852695,-1.91E-10,-3.30E-06,1.911796695e-10,-1.91E-06,-1.91E-10,-3.30E-06,-3.64E-15,8.7087670832e-5
0.098,1.2862831315e-4,-2.447384408,-1.29E-04,2.447448619,1.898159261e-10,-1.92E-06,-1.29E-04,2.447448619,1.2863100362e-4,-2.447384325,-1.90E-10,-3.31E-06,1.898159261e-10,-1.92E-06,-1.90E-10,-3.31E-06,-3.64E-15,8.7534281268e-5
0.0985,1.2725361650e-4,-2.435041662,-1.27E-04,2.435106201,1.884568778e-10,-1.93E-06,-1.27E-04,2.435106201,1.2725628786e-4,-2.435041579,-1.88E-10,-3.33E-06,1.884568778e-10,-1.93E-06,-1.88E-10,-3.33E-06,-3.64E-15,8.7980891811e-5
0.099,1.2589366111e-4,-2.42282265,-1.26E-04,2.422887517,1.871025510e-10,-1.94E-06,-1.26E-04,2.422887517,1.2589631351e-4,-2.422822567,-1.87E-10,-3.35E-06,1.871025511e-10,-1.94E-06,-1.87E-10,-3.35E-06,-3.64E-15,8.8427502460e-5
0.0995,1.2454825178e-4,-2.410725521,-1.25E-04,2.410790715,1.857529713e-10,-1.95E-06,-1.25E-04,2.410790715,1.2455088527e-4,-2.410725437,-1.86E-10,-3.36E-06,1.857529712e-10,-1.95E-06,-1.86E-10,-3.36E-06,-3.64E-15,8.8874113216e-5
0.1,1.2321719628e-4,-2.39874846,-1.23E-04,2.398813983,1.844081634e-10,-1.96E-06,-1.23E-04,2.398813983,1.2321981086e-4,-2.398748376,-1.84E-10,-3.38E-06,1.844081633e-10,-1.96E-06,-1.84E-10,-3.38E-06,-3.64E-15,8.9320724081e-5
0.1005,1.2190030621e-4,-2.38688969,-1.22E-04,2.38695554,1.830681512e-10,-1.97E-06,-1.22E-04,2.38695554,1.2190290203e-4,-2.386889606,-1.83E-10,-3.40E-06,1.830681513e-10,-1.97E-06,-1.83E-10,-3.40E-06,-3.64E-15,8.9767335053e-5
0.101,1.2059739516e-4,-2.375147466,-1.21E-04,2.375213643,1.817329561e-10,-1.98E-06,-1.21E-04,2.375213643,1.2059997230e-4,-2.375147381,-1.82E-10,-3.41E-06,1.817329562e-10,-1.98E-06,-1.82E-10,-3.41E-06,-3.64E-15,9.0213946135e-5
0.1015,1.1930828095e-4,-2.363520078,-1.19E-04,2.363586584,1.804026015e-10,-1.99E-06,-1.19E-04,2.363586584,1.1931083939e-4,-2.363519993,-1.80E-10,-3.43E-06,1.804026015e-10,-1.99E-06,-1.80E-10,-3.43E-06,-3.64E-15,9.0660557326e-5
0.102,1.1803278420e-4,-2.352005851,-1.18E-04,2.352072684,1.790771086e-10,-2.00E-06,-1.18E-04,2.352072684,1.1803532411e-4,-2.352005766,-1.79E-10,-3.45E-06,1.790771086e-10,-2.00E-06,-1.79E-10,-3.45E-06,-3.64E-15,9.1107168627e-5
0.1025,1.1677072697e-4,-2.340603141,-1.17E-04,2.340670302,1.777564980e-10,-2.01E-06,-1.17E-04,2.340670302,1.1677324830e-4,-2.340603056,-1.78E-10,-3.46E-06,1.777564980e-10,-2.01E-06,-1.78E-10,-3.46E-06,-3.64E-15,9.1553780039e-5
0.103,1.1552193717e-4,-2.329310336,-1.16E-04,2.329377824,1.764407871e-10,-2.02E-06,-1.16E-04,2.329377824,1.1552444005e-4,-2.32931025,-1.76E-10,-3.48E-06,1.764407871e-10,-2.02E-06,-1.76E-10,-3.48E-06,-3.64E-15,9.2000391561e-5
0.1035,1.1428624239e-4,-2.318125854,-1.14E-04,2.31819367,1.751299964e-10,-2.03E-06,-1.14E-04,2.31819367,1.1428872688e-4,-2.318125767,-1.75E-10,-3.50E-06,1.751299964e-10,-2.03E-06,-1.75E-10,-3.50E-06,-3.64E-15,9.2447003196e-5
0.104,1.1306347519e-4,-2.307048144,-1.13E-04,2.307116287,1.738241432e-10,-2.04E-06,-1.13E-04,2.307116287,1.1306594146e-4,-2.307048057,-1.74E-10,-3.51E-06,1.738241432e-10,-2.04E-06,-1.74E-10,-3.51E-06,-3.64E-15,9.2893614942e-5
0.1045,1.1185347005e-4,-2.296075685,-1.12E-04,2.296144156,1.725232441e-10,-2.05E-06,-1.12E-04,2.296144156,1.1185591802e-4,-2.296075598,-1.72E-10,-3.53E-06,1.725232440e-10,-2.05E-06,-1.72E-10,-3.53E-06,-3.64E-15,9.3340226801e-5
0.105,1.1065606426e-4,-2.285206985,-1.11E-04,2.285275783,1.712273163e-10,-2.06E-06,-1.11E-04,2.285275783,1.1065849413e-4,-2.285206897,-1.71E-10,-3.55E-06,1.712273164e-10,-2.06E-06,-1.71E-10,-3.55E-06,-3.64E-15,9.3786838774e-5
0.1055,1.0947109726e-4,-2.274440577,-1.09E-04,2.274509704,1.699363756e-10,-2.07E-06,-1.09E-04,2.274509704,1.0947350901e-4,-2.274440489,-1.70E-10,-3.56E-06,1.699363757e-10,-2.07E-06,-1.70E-10,-3.56E-06,-3.64E-15,9.4233450860e-5
0.106,1.0829841112e-4,-2.263775026,-1.08E-04,2.26384448,1.686504357e-10,-2.08E-06,-1.08E-04,2.26384448,1.0830080484e-4,-2.263774938,-1.68E-10,-3.58E-06,1.686504357e-10,-2.08E-06,-1.68E-10,-3.58E-06,-3.65E-15,9.4680063061e-5
0.1065,1.0713785181e-4,-2.253208921,-1.07E-04,2.253278703,1.673695128e-10,-2.09E-06,-1.07E-04,2.253278703,1.0714022759e-4,-2.253208832,-1.67E-10,-3.60E-06,1.673695128e-10,-2.09E-06,-1.67E-10,-3.60E-06,-3.64E-15,9.5126675376e-5
0.107,1.0598926649e-4,-2.242740878,-1.06E-04,2.242810987,1.660936180e-10,-2.10E-06,-1.06E-04,2.242810987,1.0599162434e-4,-2.242740788,-1.66E-10,-3.61E-06,1.660936179e-10,-2.10E-06,-1.66E-10,-3.61E-06,-3.65E-15,9.5573287807e-5
0.1075,1.0485250456e-4,-2.232369537,-1.05E-04,2.232439974,1.648227666e-10,-2.11E-06,-1.05E-04,2.232439974,1.0485484461e-4,-2.232369447,-1.65E-10,-3.63E-06,1.648227665e-10,-2.11E-06,-1.65E-10,-3.63E-06,-3.64E-15,9.6019900354e-5
0.108,1.0372741826e-4,-2.222093565,-1.04E-04,2.22216433,1.635569689e-10,-2.12E-06,-1.04E-04,2.22216433,1.0372974058e-4,-2.222093475,-1.63E-10,-3.65E-06,1.635569689e-10,-2.12E-06,-1.63E-10,-3.65E-06,-3.65E-15,9.6466513017e-5
0.1085,1.0261386166e-4,-2.211911653,-1.03E-04,2.211982745,1.622962390e-10,-2.13E-06,-1.03E-04,2.211982745,1.0261616630e-4,-2.211911563,-1.62E-10,-3.66E-06,1.622962390e-10,-2.13E-06,-1.62E-10,-3.66E-06,-3.65E-15,9.6913125798e-5
0.109,1.0151169254e-4,-2.201822516,-1.02E-04,2.201893936,1.610405843e-10,-2.14E-06,-1.02E-04,2.201893936,1.0151397958e-4,-2.201822425,-1.61E-10,-3.68E-06,1.610405843e-10,-2.14E-06,-1.61E-10,-3.68E-06,-3.65E-15,9.7359738696e-5
0.1095,1.0042076976e-4,-2.191824891,-1.00E-04,2.191896639,1.597900185e-10,-2.15E-06,-1.00E-04,2.191896639,1.0042303928e-4,-2.1918248,-1.60E-10,-3.70E-06,1.597900184e-10,-2.15E-06,-1.60E-10,-3.70E-06,-3.65E-15,9.7806351712e-5
0.11,9.9340953778e-5,-2.181917539,-9.93E-05,2.181989614,1.585445517e-10,-2.16E-06,-9.93E-05,2.181989614,9.9343205845e-5,-2.181917448,-1.58E-10,-3.71E-06,1.585445517e-10,-2.16E-06,-1.58E-10,-3.71E-06,-3.65E-15,9.8252964847e-5
0.1105,9.8272108832e-5,-2.172099244,-9.83E-05,2.172171646,1.573041909e-10,-2.17E-06,-9.83E-05,2.172171646,9.8274343516e-5,-2.172099151,-1.57E-10,-3.73E-06,1.573041909e-10,-2.17E-06,-1.57E-10,-3.73E-06,-3.65E-15,9.8699578101e-5
0.111,9.7214100023e-5,-2.162368808,-9.72E-05,2.162441539,1.560689467e-10,-2.18E-06,-9.72E-05,2.162441539,9.7216317380e-5,-2.162368716,-1.56E-10,-3.75E-06,1.560689467e-10,-2.18E-06,-1.56E-10,-3.75E-06,-3.65E-15,9.9146191474e-5
0.1115,9.6166795268e-5,-2.15272506,-9.62E-05,2.152798118,1.548388261e-10,-2.19E-06,-9.62E-05,2.152798118,9.6168995337e-5,-2.152724967,-1.55E-10,-3.76E-06,1.548388261e-10,-2.19E-06,-1.55E-10,-3.76E-06,-3.65E-15,9.9592804968e-5
0.112,9.5130063966e-5,-2.143166845,-9.51E-05,2.143240231,1.536138377e-10,-2.20E-06,-9.51E-05,2.143240231,9.5132246877e-5,-2.143166752,-1.53E-10,-3.78E-06,1.536138377e-10,-2.20E-06,-1.53E-10,-3.78E-06,-3.65E-15,1.0003941858e-4
0.1125,9.4103778063e-5,-2.133693031,-9.41E-05,2.133766744,1.523939886e-10,-2.21E-06,-9.41E-05,2.133766744,9.4105943885e-5,-2.133692938,-1.52E-10,-3.80E-06,1.523939886e-10,-2.21E-06,-1.52E-10,-3.80E-06,-3.65E-15,1.0048603232e-4
0.113,9.3087810572e-5,-2.124302505,-9.31E-05,2.124376546,1.511792857e-10,-2.22E-06,-9.31E-05,2.124376546,9.3089959418e-5,-2.124302411,-1.51E-10,-3.81E-06,1.511792857e-10,-2.22E-06,-1.51E-10,-3.81E-06,-3.65E-15,1.0093264618e-4
0.1135,9.2082037676e-5,-2.114994174,-9.21E-05,2.115068542,1.499697345e-10,-2.23E-06,-9.21E-05,2.115068542,9.2084169536e-5,-2.114994079,-1.50E-10,-3.83E-06,1.499697346e-10,-2.23E-06,-1.50E-10,-3.83E-06,-3.65E-15,1.0137926016e-4
0.114,9.1086336821e-5,-2.105766962,-9.11E-05,2.105841658,1.487653421e-10,-2.24E-06,-9.11E-05,2.105841658,9.1088451806e-5,-2.105766868,-1.49E-10,-3.85E-06,1.487653421e-10,-2.24E-06,-1.49E-10,-3.85E-06,-3.65E-15,1.0182587426e-4
0.1145,9.0100586949e-5,-2.096619816,-9.01E-05,2.096694839,1.475661122e-10,-2.25E-06,-9.01E-05,2.096694839,9.0102685126e-5,-2.096619721,-1.47E-10,-3.86E-06,1.475661122e-10,-2.25E-06,-1.47E-10,-3.86E-06,-3.65E-15,1.0227248849e-4
0.115,8.9124669466e-5,-2.087551696,-8.91E-05,2.087627047,1.463720511e-10,-2.26E-06,-8.91E-05,2.087627047,8.9126750943e-5,-2.087551601,-1.46E-10,-3.88E-06,1.463720512e-10,-2.26E-06,-1.46E-10,-3.88E-06,-3.65E-15,1.0271910284e-4
0.1155,8.8158466826e-5,-2.078561584,-8.82E-05,2.078637263,1.451831613e-10,-2.27E-06,-8.82E-05,2.078637263,8.8160531563e-5,-2.078561488,-1.45E-10,-3.90E-06,1.451831614e-10,-2.27E-06,-1.45E-10,-3.90E-06,-3.65E-15,1.0316571732e-4
0.116,8.7201864195e-5,-2.069648477,-8.72E-05,2.069724484,1.439994491e-10,-2.28E-06,-8.72E-05,2.069724484,8.7203912387e-5,-2.069648381,-1.44E-10,-3.91E-06,1.439994491e-10,-2.28E-06,-1.44E-10,-3.91E-06,-3.65E-15,1.0361233192e-4
0.1165,8.6254747714e-5,-2.060811391,-8.63E-05,2.060887725,1.428209169e-10,-2.29E-06,-8.63E-05,2.060887725,8.6256779382e-5,-2.060811294,-1.43E-10,-3.93E-06,1.428209170e-10,-2.29E-06,-1.43E-10,-3.93E-06,-3.65E-15,1.0405894665e-4
0.117,8.5317005682e-5,-2.052049356,-8.53E-05,2.052126018,1.416475667e-10,-2.30E-06,-8.53E-05,2.052126018,8.5319020930e-5,-2.052049259,-1.41E-10,-3.95E-06,1.416475667e-10,-2.30E-06,-1.41E-10,-3.95E-06,-3.65E-15,1.0450556150e-4
0.1175,8.4388527874e-5,-2.043361422,-8.44E-05,2.043438411,1.404794036e-10,-2.31E-06,-8.44E-05,2.043438411,8.4390526747e-5,-2.043361324,-1.40E-10,-3.96E-06,1.404794037e-10,-2.31E-06,-1.40E-10,-3.96E-06,-3.65E-15,1.0495217648e-4
0.118,8.3469205642e-5,-2.034746651,-8.35E-05,2.034823968,1.393164285e-10,-2.32E-06,-8.35E-05,2.034823968,8.3471188288e-5,-2.034746553,-1.39E-10,-3.98E-06,1.393164285e-10,-2.32E-06,-1.39E-10,-3.98E-06,-3.65E-15,1.0539879159e-4
0.1185,8.2558931752e-5,-2.026204124,-8.26E-05,2.026281769,1.381586434e-10,-2.33E-06,-8.26E-05,2.026281769,8.2560898100e-5,-2.026204026,-1.38E-10,-4.00E-06,1.381586434e-10,-2.33E-06,-1.38E-10,-4.00E-06,-3.65E-15,1.0584540682e-4
0.119,8.1657600790e-5,-2.017732937,-8.17E-05,2.017810909,1.370060504e-10,-2.34E-06,-8.17E-05,2.017810909,8.1659551029e-5,-2.017732838,-1.37E-10,-4.01E-06,1.370060504e-10,-2.34E-06,-1.37E-10,-4.01E-06,-3.65E-15,1.0629202218e-4
0.1195,8.0765109250e-5,-2.009332198,-8.08E-05,2.009410498,1.358586507e-10,-2.35E-06,-8.08E-05,2.009410498,8.0767043423e-5,-2.009332099,-1.36E-10,-4.03E-06,1.358586507e-10,-2.35E-06,-1.36E-10,-4.03E-06,-3.65E-15,1.0673863768e-4
0.12,7.9881354695e-5,-2.001001034,-7.99E-05,2.001079662,1.347164439e-10,-2.36E-06,-7.99E-05,2.001079662,7.9883272817e-5,-2.001000935,-1.35E-10,-4.05E-06,1.347164439e-10,-2.36E-06,-1.35E-10,-4.05E-06,-3.65E-15,1.0718525330e-4
0.1205,7.9006236277e-5,-1.992738584,-7.90E-05,1.992817539,1.335794321e-10,-2.37E-06,-7.90E-05,1.992817539,7.9008138519e-5,-1.992738484,-1.33E-10,-4.06E-06,1.335794321e-10,-2.37E-06,-1.33E-10,-4.06E-06,-3.65E-15,1.0763186905e-4
0.121,7.8139654102e-5,-1.984544,-7.81E-05,1.984623283,1.324476145e-10,-2.38E-06,-7.81E-05,1.984623283,7.8141540447e-5,-1.9845439,-1.32E-10,-4.08E-06,1.324476145e-10,-2.38E-06,-1.32E-10,-4.08E-06,-3.65E-15,1.0807848493e-4
0.1215,7.7281510397e-5,-1.976416451,-7.73E-05,1.976496061,1.313209919e-10,-2.39E-06,-7.73E-05,1.976496061,7.7283380973e-5,-1.97641635,-1.31E-10,-4.10E-06,1.313209917e-10,-2.39E-06,-1.31E-10,-4.10E-06,-3.65E-15,1.0852510095e-4
0.122,7.6431709143e-5,-1.968355117,-7.64E-05,1.968435054,1.301995627e-10,-2.40E-06,-7.64E-05,1.968435054,7.6433563988e-5,-1.968355015,-1.30E-10,-4.12E-06,1.301995627e-10,-2.40E-06,-1.30E-10,-4.12E-06,-3.65E-15,1.0897171709e-4
0.1225,7.5590154790e-5,-1.960359192,-7.56E-05,1.960439458,1.290833271e-10,-2.41E-06,-7.56E-05,1.960439458,7.5591994015e-5,-1.96035909,-1.29E-10,-4.13E-06,1.290833271e-10,-2.41E-06,-1.29E-10,-4.13E-06,-3.65E-15,1.0941833337e-4
0.123,7.4756753684e-5,-1.952427884,-7.48E-05,1.952508477,1.279722819e-10,-2.42E-06,-7.48E-05,1.952508477,7.4758577384e-5,-1.952427782,-1.28E-10,-4.15E-06,1.279722819e-10,-2.42E-06,-1.28E-10,-4.15E-06,-3.65E-15,1.0986494978e-4
0.1235,7.3931412924e-5,-1.944560413,-7.39E-05,1.944641334,1.268664291e-10,-2.43E-06,-7.39E-05,1.944641334,7.3933221109e-5,-1.944560311,-1.27E-10,-4.17E-06,1.268664292e-10,-2.43E-06,-1.27E-10,-4.17E-06,-3.65E-15,1.1031156633e-4
0.124,7.3114042326e-5,-1.936756011,-7.31E-05,1.936837259,1.257657633e-10,-2.44E-06,-7.31E-05,1.936837259,7.3115835090e-5,-1.936755908,-1.26E-10,-4.18E-06,1.257657633e-10,-2.44E-06,-1.26E-10,-4.18E-06,-3.65E-15,1.1075818300e-4
0.1245,7.2304551418e-5,-1.929013923,-7.23E-05,1.929095499,1.246702847e-10,-2.45E-06,-7.23E-05,1.929095499,7.2306328811e-5,-1.92901382,-1.24E-10,-4.20E-06,1.246702847e-10,-2.45E-06,-1.24E-10,-4.20E-06,-3.65E-15,1.1120479982e-4
0.125,7.1502851671e-5,-1.921333406,-7.15E-05,1.921415309,1.235799910e-10,-2.46E-06,-7.15E-05,1.921415309,7.1504613785e-5,-1.921333302,-1.23E-10,-4.22E-06,1.235799910e-10,-2.46E-06,-1.23E-10,-4.22E-06,-3.65E-15,1.1165141676e-4
0.1255,7.0708855635e-5,-1.913713728,-7.07E-05,1.913795959,1.224948789e-10,-2.47E-06,-7.07E-05,1.913795959,7.0710602547e-5,-1.913713624,-1.22E-10,-4.23E-06,1.224948789e-10,-2.47E-06,-1.22E-10,-4.23E-06,-3.65E-15,1.1209803385e-4
0.126,6.9922477513e-5,-1.906154169,-6.99E-05,1.906236728,1.214149465e-10,-2.48E-06,-6.99E-05,1.906236728,6.9924209327e-5,-1.906154064,-1.21E-10,-4.25E-06,1.214149463e-10,-2.48E-06,-1.21E-10,-4.25E-06,-3.65E-15,1.1254465107e-4
0.1265,6.9143632591e-5,-1.898654021,-6.91E-05,1.898736907,1.203401881e-10,-2.49E-06,-6.91E-05,1.898736907,6.9145349300e-5,-1.898653916,-1.20E-10,-4.27E-06,1.203401882e-10,-2.49E-06,-1.20E-10,-4.27E-06,-3.65E-15,1.1299126842e-4
0.127,6.8372237022e-5,-1.891212586,-6.84E-05,1.8912958,1.192706035e-10,-2.50E-06,-6.84E-05,1.8912958,6.8373938754e-5,-1.891212481,-1.19E-10,-4.28E-06,1.192706035e-10,-2.50E-06,-1.19E-10,-4.28E-06,-3.65E-15,1.1343788591e-4
0.1275,6.7608208109e-5,-1.883829177,-6.76E-05,1.883912719,1.182061867e-10,-2.51E-06,-6.76E-05,1.883912719,6.7609894912e-5,-1.883829072,-1.18E-10,-4.30E-06,1.182061866e-10,-2.51E-06,-1.18E-10,-4.30E-06,-3.65E-15,1.1388450354e-4
0.128,6.6851464578e-5,-1.876503119,-6.69E-05,1.876586989,1.171469356e-10,-2.52E-06,-6.69E-05,1.876586989,6.6853136539e-5,-1.876503013,-1.17E-10,-4.32E-06,1.171469355e-10,-2.52E-06,-1.17E-10,-4.32E-06,-3.65E-15,1.1433112131e-4
0.1285,6.6101926572e-5,-1.869233746,-6.61E-05,1.869317943,1.160928448e-10,-2.53E-06,-6.61E-05,1.869317943,6.6103583749e-5,-1.86923364,-1.16E-10,-4.33E-06,1.160928448e-10,-2.53E-06,-1.16E-10,-4.33E-06,-3.65E-15,1.1477773922e-4
0.129,6.5359514322e-5,-1.862020403,-6.54E-05,1.862104928,1.150439107e-10,-2.54E-06,-6.54E-05,1.862104928,6.5361156814e-5,-1.862020296,-1.15E-10,-4.35E-06,1.150439108e-10,-2.54E-06,-1.15E-10,-4.35E-06,-3.65E-15,1.1522435726e-4
0.1295,6.4624150514e-5,-1.854862444,-6.46E-05,1.854947296,1.140001283e-10,-2.55E-06,-6.46E-05,1.854947296,6.4625778378e-5,-1.854862337,-1.14E-10,-4.37E-06,1.140001283e-10,-2.55E-06,-1.14E-10,-4.37E-06,-3.65E-15,1.1567097545e-4
0.13,6.3895757578e-5,-1.847759235,-6.39E-05,1.847844414,1.129614921e-10,-2.56E-06,-6.39E-05,1.847844414,6.3897370858e-5,-1.847759127,-1.13E-10,-4.38E-06,1.129614921e-10,-2.56E-06,-1.13E-10,-4.38E-06,-3.65E-15,1.1611759378e-4
0.1305,6.3174259589e-5,-1.840710149,-6.32E-05,1.840795656,1.119279983e-10,-2.56E-06,-6.32E-05,1.840795656,6.3175858433e-5,-1.840710041,-1.12E-10,-4.40E-06,1.119279982e-10,-2.56E-06,-1.12E-10,-4.40E-06,-3.65E-15,1.1656421224e-4
0.131,6.2459582432e-5,-1.83371457,-6.25E-05,1.833800405,1.108996410e-10,-2.57E-06,-6.25E-05,1.833800405,6.2461166869e-5,-1.833714462,-1.11E-10,-4.42E-06,1.108996409e-10,-2.57E-06,-1.11E-10,-4.42E-06,-3.65E-15,1.1701083085e-4
0.1315,6.1751651691e-5,-1.826771892,-6.18E-05,1.826858055,1.098764146e-10,-2.58E-06,-6.18E-05,1.826858055,6.1753221763e-5,-1.826771783,-1.10E-10,-4.43E-06,1.098764146e-10,-2.58E-06,-1.10E-10,-4.43E-06,-3.65E-15,1.1745744960e-4
0.132,6.1050394317e-5,-1.819881516,-6.11E-05,1.819968007,1.088583142e-10,-2.59E-06,-6.11E-05,1.819968007,6.1051950142e-5,-1.819881407,-1.09E-10,-4.45E-06,1.088583141e-10,-2.59E-06,-1.09E-10,-4.45E-06,-3.65E-15,1.1790406850e-4
0.1325,6.0355739072e-5,-1.813042855,-6.04E-05,1.813129673,1.078453327e-10,-2.60E-06,-6.04E-05,1.813129673,6.0357280678e-5,-1.813042746,-1.08E-10,-4.47E-06,1.078453328e-10,-2.60E-06,-1.08E-10,-4.47E-06,-3.65E-15,1.1835068753e-4
0.133,5.9667614570e-5,-1.806255328,-5.97E-05,1.806342474,1.068374644e-10,-2.61E-06,-5.97E-05,1.806342474,5.9669142075e-5,-1.806255218,-1.07E-10,-4.48E-06,1.068374644e-10,-2.61E-06,-1.07E-10,-4.48E-06,-3.65E-15,1.1879730671e-4
0.1335,5.8985950842e-5,-1.799518364,-5.90E-05,1.799605837,1.058347034e-10,-2.62E-06,-5.90E-05,1.799605837,5.8987464296e-5,-1.799518254,-1.06E-10,-4.50E-06,1.058347035e-10,-2.62E-06,-1.06E-10,-4.50E-06,-3.65E-15,1.1924392604e-4
0.134,5.8310679391e-5,-1.7928314,-5.83E-05,1.792919201,1.048370430e-10,-2.63E-06,-5.83E-05,1.792919201,5.8312178847e-5,-1.792831289,-1.05E-10,-4.52E-06,1.048370430e-10,-2.63E-06,-1.05E-10,-4.52E-06,-3.65E-15,1.1969054551e-4
0.1345,5.7641731750e-5,-1.786193882,-5.76E-05,1.78628201,1.038444763e-10,-2.64E-06,-5.76E-05,1.78628201,5.7643217246e-5,-1.78619377,-1.04E-10,-4.53E-06,1.038444762e-10,-2.64E-06,-1.04E-10,-4.53E-06,-3.65E-15,1.2013716512e-4
0.135,5.6979040840e-5,-1.779605262,-5.70E-05,1.779693719,1.028569976e-10,-2.65E-06,-5.70E-05,1.779693719,5.6980512502e-5,-1.779605151,-1.03E-10,-4.55E-06,1.028569976e-10,-2.65E-06,-1.03E-10,-4.55E-06,-3.65E-15,1.2058378488e-4
0.1355,5.6322540194e-5,-1.773065004,-5.63E-05,1.773153788,1.018745976e-10,-2.66E-06,-5.63E-05,1.773153788,5.6323998084e-5,-1.773064892,-1.02E-10,-4.57E-06,1.018745975e-10,-2.66E-06,-1.02E-10,-4.57E-06,-3.65E-15,1.2103040479e-4
0.136,5.5672164983e-5,-1.766572576,-5.57E-05,1.766661688,1.008972710e-10,-2.67E-06,-5.57E-05,1.766661688,5.5673609150e-5,-1.766572464,-1.01E-10,-4.58E-06,1.008972709e-10,-2.67E-06,-1.01E-10,-4.58E-06,-3.64E-15,1.2147702484e-4
0.1365,5.5027849956e-5,-1.760127457,-5.50E-05,1.760216896,9.992501068e-11,-2.68E-06,-5.50E-05,1.760216896,5.5029280509e-5,-1.760127344,-9.98E-11,-4.60E-06,9.992501058e-11,-2.68E-06,-9.98E-11,-4.60E-06,-3.65E-15,1.2192364504e-4
0.137,5.4389531958e-5,-1.753729129,-5.44E-05,1.753818896,9.895780681e-11,-2.69E-06,-5.44E-05,1.753818896,5.4390948958e-5,-1.753729016,-9.88E-11,-4.62E-06,9.895780685e-11,-2.69E-06,-9.88E-11,-4.62E-06,-3.65E-15,1.2237026539e-4
0.1375,5.3757147979e-5,-1.747377087,-5.38E-05,1.747467182,9.799565382e-11,-2.70E-06,-5.38E-05,1.747467182,5.3758551473e-5,-1.747376974,-9.78E-11,-4.64E-06,9.799565376e-11,-2.70E-06,-9.78E-11,-4.64E-06,-3.65E-15,1.2281688588e-4
0.138,5.3130635819e-5,-1.74107083,-5.31E-05,1.741161252,9.703854381e-11,-2.71E-06,-5.31E-05,1.741161252,5.3132025903e-5,-1.741070716,-9.69E-11,-4.65E-06,9.703854383e-11,-2.71E-06,-9.69E-11,-4.65E-06,-3.64E-15,1.2326350653e-4
0.1385,5.2509934467e-5,-1.734809864,-5.25E-05,1.734900614,9.608646743e-11,-2.72E-06,-5.25E-05,1.734900614,5.2511311162e-5,-1.73480975,-9.59E-11,-4.67E-06,9.608646741e-11,-2.72E-06,-9.59E-11,-4.67E-06,-3.64E-15,1.2371012733e-4
0.139,5.1894983463e-5,-1.728593704,-5.19E-05,1.728684781,9.513941744e-11,-2.73E-06,-5.19E-05,1.728684781,5.1896346886e-5,-1.728593589,-9.50E-11,-4.69E-06,9.513941747e-11,-2.73E-06,-9.50E-11,-4.69E-06,-3.64E-15,1.2415674827e-4
0.1395,5.1285723343e-5,-1.72242187,-5.13E-05,1.722513275,9.419738503e-11,-2.74E-06,-5.13E-05,1.722513275,5.1287073565e-5,-1.722421755,-9.40E-11,-4.70E-06,9.419738503e-11,-2.74E-06,-9.40E-11,-4.70E-06,-3.64E-15,1.2460336937e-4
0.14,5.0682094778e-5,-1.71629389,-5.07E-05,1.716385623,9.326036238e-11,-2.75E-06,-5.07E-05,1.716385623,5.0683431854e-5,-1.716293775,-9.31E-11,-4.72E-06,9.326036238e-11,-2.75E-06,-9.31E-11,-4.72E-06,-3.64E-15,1.2504999062e-4
0.1405,5.0084040340e-5,-1.710209298,-5.01E-05,1.710301358,9.232834054e-11,-2.76E-06,-5.01E-05,1.710301358,5.0085364336e-5,-1.710209182,-9.22E-11,-4.74E-06,9.232834058e-11,-2.76E-06,-9.22E-11,-4.74E-06,-3.64E-15,1.2549661201e-4
0.141,4.9491501944e-5,-1.704167636,-4.95E-05,1.704260023,9.140131030e-11,-2.77E-06,-4.95E-05,1.704260023,4.9492812903e-5,-1.704167519,-9.12E-11,-4.75E-06,9.140131028e-11,-2.77E-06,-9.12E-11,-4.75E-06,-3.64E-15,1.2594323357e-4
0.1415,4.8904423468e-5,-1.69816845,-4.89E-05,1.698261165,9.047926441e-11,-2.78E-06,-4.89E-05,1.698261165,4.8905721516e-5,-1.698168333,-9.03E-11,-4.77E-06,9.047926448e-11,-2.78E-06,-9.03E-11,-4.77E-06,-3.64E-15,1.2638985527e-4
0.142,4.8322748905e-5,-1.692211294,-4.83E-05,1.692304337,8.956219093e-11,-2.79E-06,-4.83E-05,1.692304337,4.8324034024e-5,-1.692211177,-8.94E-11,-4.79E-06,8.956219102e-11,-2.79E-06,-8.94E-11,-4.79E-06,-3.64E-15,1.2683647713e-4
0.1425,4.7746423115e-5,-1.686295728,-4.77E-05,1.686389098,8.865008448e-11,-2.80E-06,-4.77E-05,1.686389098,4.7747695453e-5,-1.68629561,-8.85E-11,-4.80E-06,8.865008445e-11,-2.80E-06,-8.85E-11,-4.80E-06,-3.64E-15,1.2728309914e-4
0.143,4.7175391442e-5,-1.680421318,-4.72E-05,1.680515017,8.774293305e-11,-2.81E-06,-4.72E-05,1.680515017,4.7176651039e-5,-1.6804212,-8.76E-11,-4.82E-06,8.774293304e-11,-2.81E-06,-8.76E-11,-4.82E-06,-3.64E-15,1.2772972131e-4
0.1435,4.6609600351e-5,-1.674587637,-4.66E-05,1.674681663,8.684072764e-11,-2.82E-06,-4.66E-05,1.674681663,4.6610847294e-5,-1.674587519,-8.67E-11,-4.84E-06,8.684072757e-11,-2.82E-06,-8.67E-11,-4.84E-06,-3.64E-15,1.2817634363e-4
0.144,4.6048996482e-5,-1.668794262,-4.60E-05,1.668888615,8.594346008e-11,-2.83E-06,-4.60E-05,1.668888615,4.6050230820e-5,-1.668794143,-8.58E-11,-4.85E-06,8.594346003e-11,-2.83E-06,-8.58E-11,-4.85E-06,-3.64E-15,1.2862296610e-4
0.1445,4.5493527654e-5,-1.663040777,-4.55E-05,1.663135458,8.505111846e-11,-2.84E-06,-4.55E-05,1.663135458,4.5494749474e-5,-1.663040657,-8.49E-11,-4.87E-06,8.505111835e-11,-2.84E-06,-8.49E-11,-4.87E-06,-3.64E-15,1.2906958874e-4
0.145,4.4943141951e-5,-1.657326771,-4.49E-05,1.65742178,8.416369560e-11,-2.85E-06,-4.49E-05,1.65742178,4.4944351255e-5,-1.657326651,-8.40E-11,-4.89E-06,8.416369553e-11,-2.85E-06,-8.40E-11,-4.89E-06,-3.64E-15,1.2951621153e-4
0.1455,4.4397787997e-5,-1.65165184,-4.44E-05,1.651747176,8.328117988e-11,-2.86E-06,-4.44E-05,1.651747176,4.4398984914e-5,-1.65165172,-8.31E-11,-4.90E-06,8.328117982e-11,-2.86E-06,-8.31E-11,-4.90E-06,-3.64E-15,1.2996283447e-4
0.146,4.3857415791e-5,-1.646015584,-4.39E-05,1.646111248,8.240356119e-11,-2.87E-06,-4.39E-05,1.646111248,4.3858600395e-5,-1.646015464,-8.22E-11,-4.92E-06,8.240356112e-11,-2.87E-06,-8.22E-11,-4.92E-06,-3.64E-15,1.3040945758e-4
0.1465,4.3321975378e-5,-1.640417609,-4.33E-05,1.640513601,8.153083130e-11,-2.88E-06,-4.33E-05,1.640513601,4.3323147714e-5,-1.640417489,-8.14E-11,-4.94E-06,8.153083132e-11,-2.88E-06,-8.14E-11,-4.94E-06,-3.64E-15,1.3085608084e-4
0.147,4.2791417008e-5,-1.634857528,-4.28E-05,1.634953847,8.066297885e-11,-2.89E-06,-4.28E-05,1.634953847,4.2792577124e-5,-1.634857406,-8.05E-11,-4.95E-06,8.066297880e-11,-2.89E-06,-8.05E-11,-4.95E-06,-3.64E-15,1.3130270426e-4
0.1475,4.2265692646e-5,-1.629334955,-4.23E-05,1.629431602,7.979999266e-11,-2.90E-06,-4.23E-05,1.629431602,4.2266840647e-5,-1.629334833,-7.96E-11,-4.97E-06,7.979999270e-11,-2.90E-06,-7.96E-11,-4.97E-06,-3.64E-15,1.3174932784e-4
0.148,4.1744754126e-5,-1.623849513,-4.17E-05,1.623946488,7.894186365e-11,-2.91E-06,-4.17E-05,1.623946488,4.1745890079e-5,-1.623849391,-7.88E-11,-4.99E-06,7.894186363e-11,-2.91E-06,-7.88E-11,-4.99E-06,-3.64E-15,1.3219595158e-4
0.1485,4.1228553852e-5,-1.61840083,-4.12E-05,1.618498132,7.808858160e-11,-2.92E-06,-4.12E-05,1.618498132,4.1229677791e-5,-1.618400707,-7.79E-11,-5.00E-06,7.808858158e-11,-2.92E-06,-7.79E-11,-5.00E-06,-3.64E-15,1.3264257548e-4
0.149,4.0717045298e-5,-1.612988536,-4.07E-05,1.613086165,7.724013522e-11,-2.93E-06,-4.07E-05,1.613086165,4.0718157324e-5,-1.612988413,-7.71E-11,-5.02E-06,7.724013522e-11,-2.93E-06,-7.71E-11,-5.02E-06,-3.64E-15,1.3308919954e-4
0.1495,4.0210181607e-5,-1.607612268,-4.02E-05,1.607710226,7.639651328e-11,-2.94E-06,-4.02E-05,1.607710226,4.0211281729e-5,-1.607612145,-7.62E-11,-5.04E-06,7.639651323e-11,-2.94E-06,-7.62E-11,-5.04E-06,-3.64E-15,1.3353582377e-4
0.15,3.9707917404e-5,-1.602271669,-3.97E-05,1.602369954,7.555770561e-11,-2.95E-06,-3.97E-05,1.602369954,3.9709005724e-5,-1.602271545,-7.54E-11,-5.06E-06,7.555770555e-11,-2.95E-06,-7.54E-11,-5.06E-06,-3.64E-15,1.3398244815e-4
0.1505,3.9210207801e-5,-1.596966384,-3.92E-05,1.597064996,7.472370154e-11,-2.96E-06,-3.92E-05,1.597064996,3.9211284393e-5,-1.59696626,-7.46E-11,-5.07E-06,7.472370150e-11,-2.96E-06,-7.46E-11,-5.07E-06,-3.64E-15,1.3442907270e-4
0.151,3.8717007722e-5,-1.591696064,-3.87E-05,1.591795004,7.389449025e-11,-2.97E-06,-3.87E-05,1.591795004,3.8718072629e-5,-1.591695939,-7.37E-11,-5.09E-06,7.389449028e-11,-2.97E-06,-7.37E-11,-5.09E-06,-3.64E-15,1.3487569741e-4
0.1515,3.8228273534e-5,-1.586460365,-3.82E-05,1.586559633,7.307006016e-11,-2.98E-06,-3.82E-05,1.586559633,3.8229326854e-5,-1.58646024,-7.29E-11,-5.11E-06,7.307006015e-11,-2.98E-06,-7.29E-11,-5.11E-06,-3.64E-15,1.3532232229e-4
0.152,3.7743961235e-5,-1.581258946,-3.77E-05,1.581358542,7.225040072e-11,-2.99E-06,-3.77E-05,1.581358542,3.7745002997e-5,-1.581258821,-7.21E-11,-5.12E-06,7.225040072e-11,-2.99E-06,-7.21E-11,-5.12E-06,-3.63E-15,1.3576894733e-4
0.1525,3.7264028237e-5,-1.576091474,-3.73E-05,1.576191397,7.143550025e-11,-3.00E-06,-3.73E-05,1.576191397,3.7265058537e-5,-1.576091348,-7.13E-11,-5.14E-06,7.143550034e-11,-3.00E-06,-7.13E-11,-5.14E-06,-3.63E-15,1.3621557253e-4
0.153,3.6788431960e-5,-1.570957615,-3.68E-05,1.571057865,7.062534839e-11,-3.01E-06,-3.68E-05,1.571057865,3.6789450827e-5,-1.570957489,-7.05E-11,-5.16E-06,7.062534849e-11,-3.01E-06,-7.05E-11,-5.16E-06,-3.63E-15,1.3666219790e-4
0.1535,3.6317130024e-5,-1.565857043,-3.63E-05,1.565957622,6.981993249e-11,-3.02E-06,-3.63E-05,1.565957622,3.6318137529e-5,-1.565856917,-6.97E-11,-5.17E-06,6.981993243e-11,-3.02E-06,-6.97E-11,-5.17E-06,-3.63E-15,1.3710882344e-4
0.154,3.5850081564e-5,-1.560789437,-3.59E-05,1.560890342,6.901924190e-11,-3.03E-06,-3.59E-05,1.560890342,3.5851077791e-5,-1.56078931,-6.89E-11,-5.19E-06,6.901924188e-11,-3.03E-06,-6.89E-11,-5.19E-06,-3.63E-15,1.3755544914e-4
0.1545,3.5387245252e-5,-1.555754476,-3.54E-05,1.55585571,6.822326526e-11,-3.04E-06,-3.54E-05,1.55585571,3.5388230261e-5,-1.555754349,-6.81E-11,-5.21E-06,6.822326530e-11,-3.04E-06,-6.81E-11,-5.21E-06,-3.63E-15,1.3800207501e-4
0.155,3.4928580539e-5,-1.550751847,-3.49E-05,1.550853408,6.743198987e-11,-3.05E-06,-3.49E-05,1.550853408,3.4929554376e-5,-1.550751719,-6.73E-11,-5.22E-06,6.743198992e-11,-3.05E-06,-6.73E-11,-5.22E-06,-3.63E-15,1.3844870104e-4
0.1555,3.4474047656e-5,-1.54578124,-3.45E-05,1.545883129,6.664540557e-11,-3.06E-06,-3.45E-05,1.545883129,3.4475010415e-5,-1.545781112,-6.65E-11,-5.24E-06,6.664540554e-11,-3.06E-06,-6.65E-11,-5.24E-06,-3.63E-15,1.3889532724e-4
0.156,3.4023607027e-5,-1.540842347,-3.40E-05,1.540944564,6.586350008e-11,-3.07E-06,-3.40E-05,1.540944564,3.4024558765e-5,-1.540842219,-6.57E-11,-5.26E-06,6.586350007e-11,-3.07E-06,-6.57E-11,-5.26E-06,-3.63E-15,1.3934195362e-4
0.1565,3.3577219468e-5,-1.535934867,-3.36E-05,1.536037412,6.508626146e-11,-3.08E-06,-3.36E-05,1.536037412,3.3578160242e-5,-1.535934739,-6.49E-11,-5.27E-06,6.508626142e-11,-3.08E-06,-6.49E-11,-5.27E-06,-3.63E-15,1.3978858016e-4
0.157,3.3134846282e-5,-1.531058501,-3.31E-05,1.531161373,6.431367815e-11,-3.09E-06,-3.31E-05,1.531161373,3.3135776138e-5,-1.531058372,-6.42E-11,-5.29E-06,6.431367810e-11,-3.09E-06,-6.42E-11,-5.29E-06,-3.63E-15,1.4023520687e-4
0.1575,3.2696449447e-5,-1.526212954,-3.27E-05,1.526316154,6.354573746e-11,-3.10E-06,-3.27E-05,1.526316154,3.2697368473e-5,-1.526212825,-6.34E-11,-5.31E-06,6.354573745e-11,-3.10E-06,-6.34E-11,-5.31E-06,-3.63E-15,1.4068183375e-4
0.158,3.2261990962e-5,-1.521397935,-3.23E-05,1.521501462,6.278242838e-11,-3.11E-06,-3.23E-05,1.521501462,3.2262899204e-5,-1.521397805,-6.26E-11,-5.32E-06,6.278242838e-11,-3.11E-06,-6.26E-11,-5.32E-06,-3.63E-15,1.4112846080e-4
0.1585,3.1831434084e-5,-1.516613156,-3.18E-05,1.516717011,6.202373893e-11,-3.12E-06,-3.18E-05,1.516717011,3.1832331595e-5,-1.516613025,-6.19E-11,-5.34E-06,6.202373895e-11,-3.12E-06,-6.19E-11,-5.34E-06,-3.63E-15,1.4157508803e-4
0.159,3.1404741751e-5,-1.511858333,-3.14E-05,1.511962515,6.126965622e-11,-3.13E-06,-3.14E-05,1.511962515,3.1405628619e-5,-1.511858202,-6.11E-11,-5.36E-06,6.126965622e-11,-3.13E-06,-6.11E-11,-5.36E-06,-3.63E-15,1.4202171542e-4
0.1595,3.0981877210e-5,-1.507133186,-3.10E-05,1.507237696,6.052016930e-11,-3.14E-06,-3.10E-05,1.507237696,3.0982753530e-5,-1.507133055,-6.04E-11,-5.37E-06,6.052016923e-11,-3.14E-06,-6.04E-11,-5.37E-06,-3.63E-15,1.4246834299e-4
0.16,3.0562805201e-5,-1.502437438,-3.06E-05,1.502542276,5.977526396e-11,-3.15E-06,-3.06E-05,1.502542276,3.0563670974e-5,-1.502437306,-5.96E-11,-5.39E-06,5.977526395e-11,-3.15E-06,-5.96E-11,-5.39E-06,-3.63E-15,1.4291497073e-4
0.1605,3.0147489396e-5,-1.497770816,-3.01E-05,1.497875981,5.903493008e-11,-3.16E-06,-3.01E-05,1.497875981,3.0148344684e-5,-1.497770684,-5.89E-11,-5.41E-06,5.903493015e-11,-3.16E-06,-5.89E-11,-5.41E-06,-3.63E-15,1.4336159864e-4
0.161,2.9735894900e-5,-1.493133049,-2.97E-05,1.493238542,5.829915345e-11,-3.17E-06,-2.97E-05,1.493238542,2.9736739786e-5,-1.493132916,-5.82E-11,-5.43E-06,5.829915356e-11,-3.17E-06,-5.82E-11,-5.43E-06,-3.63E-15,1.4380822673e-4
0.1615,2.9327987062e-5,-1.488523871,-2.93E-05,1.488629691,5.756792331e-11,-3.18E-06,-2.93E-05,1.488629691,2.9328821577e-5,-1.488523738,-5.74E-11,-5.44E-06,5.756792337e-11,-3.18E-06,-5.74E-11,-5.44E-06,-3.63E-15,1.4425485499e-4
0.162,2.8923731476e-5,-1.483943017,-2.89E-05,1.484049165,5.684122673e-11,-3.19E-06,-2.89E-05,1.484049165,2.8924555744e-5,-1.483942884,-5.67E-11,-5.46E-06,5.684122676e-11,-3.19E-06,-5.67E-11,-5.46E-06,-3.63E-15,1.4470148343e-4
0.1625,2.8523094104e-5,-1.479390229,-2.85E-05,1.479496705,5.611905098e-11,-3.20E-06,-2.85E-05,1.479496705,2.8523908143e-5,-1.479390096,-5.60E-11,-5.48E-06,5.611905110e-11,-3.20E-06,-5.60E-11,-5.48E-06,-3.62E-15,1.4514811204e-4
0.163,2.8126041482e-5,-1.474865249,-2.81E-05,1.474972052,5.540138391e-11,-3.21E-06,-2.81E-05,1.474972052,2.8126845364e-5,-1.474865115,-5.53E-11,-5.49E-06,5.540138386e-11,-3.21E-06,-5.53E-11,-5.49E-06,-3.62E-15,1.4559474083e-4
0.1635,2.7732540295e-5,-1.470367823,-2.77E-05,1.470474954,5.468821223e-11,-3.22E-06,-2.77E-05,1.470474954,2.7733334056e-5,-1.470367688,-5.45E-11,-5.51E-06,5.468821226e-11,-3.22E-06,-5.45E-11,-5.51E-06,-3.62E-15,1.4604136980e-4
0.164,2.7342557912e-5,-1.4658977,-2.73E-05,1.466005158,5.397952477e-11,-3.23E-06,-2.73E-05,1.466005158,2.7343341644e-5,-1.465897565,-5.38E-11,-5.53E-06,5.397952475e-11,-3.23E-06,-5.38E-11,-5.53E-06,-3.62E-15,1.4648799894e-4
0.1645,2.6956061588e-5,-1.461454632,-2.70E-05,1.461562418,5.327530693e-11,-3.24E-06,-2.70E-05,1.461562418,2.6956835347e-5,-1.461454497,-5.31E-11,-5.54E-06,5.327530698e-11,-3.24E-06,-5.31E-11,-5.54E-06,-3.62E-15,1.4693462826e-4
0.165,2.6573019552e-5,-1.457038375,-2.66E-05,1.457146488,5.257554774e-11,-3.25E-06,-2.66E-05,1.457146488,2.6573783365e-5,-1.457038239,-5.24E-11,-5.56E-06,5.257554769e-11,-3.25E-06,-5.24E-11,-5.56E-06,-3.62E-15,1.4738125776e-4
0.1655,2.6193399734e-5,-1.452648686,-2.62E-05,1.452757127,5.188023402e-11,-3.26E-06,-2.62E-05,1.452757127,2.6194153669e-5,-1.45264855,-5.17E-11,-5.58E-06,5.188023403e-11,-3.26E-06,-5.17E-11,-5.58E-06,-3.62E-15,1.4782788744e-4
0.166,2.5817171189e-5,-1.448285327,-2.58E-05,1.448394096,5.118935214e-11,-3.27E-06,-2.58E-05,1.448394096,2.5817915332e-5,-1.44828519,-5.11E-11,-5.59E-06,5.118935217e-11,-3.27E-06,-5.11E-11,-5.59E-06,-3.62E-15,1.4827451730e-4
0.1665,2.5444302489e-5,-1.443948061,-2.54E-05,1.444057157,5.050289041e-11,-3.28E-06,-2.54E-05,1.444057157,2.5445036907e-5,-1.443947924,-5.04E-11,-5.61E-06,5.050289047e-11,-3.28E-06,-5.04E-11,-5.61E-06,-3.62E-15,1.4872114734e-4
0.167,2.5074763097e-5,-1.439636655,-2.51E-05,1.439746079,4.982083544e-11,-3.29E-06,-2.51E-05,1.439746079,2.5075487834e-5,-1.439636518,-4.97E-11,-5.63E-06,4.982083538e-11,-3.29E-06,-4.97E-11,-5.63E-06,-3.62E-15,1.4916777755e-4
0.1675,2.4708522941e-5,-1.435350879,-2.47E-05,1.435460631,4.914317372e-11,-3.30E-06,-2.47E-05,1.435460631,2.4709238031e-5,-1.435350741,-4.90E-11,-5.64E-06,4.914317368e-11,-3.30E-06,-4.90E-11,-5.64E-06,-3.62E-15,1.4961440795e-4
0.168,2.4345551821e-5,-1.431090505,-2.43E-05,1.431200584,4.846989338e-11,-3.31E-06,-2.43E-05,1.431200584,2.4346257328e-5,-1.431090366,-4.83E-11,-5.66E-06,4.846989350e-11,-3.31E-06,-4.83E-11,-5.66E-06,-3.62E-15,1.5006103853e-4
0.1685,2.3985819806e-5,-1.426855307,-2.40E-05,1.426965714,4.780098138e-11,-3.32E-06,-2.40E-05,1.426965714,2.3986515814e-5,-1.426855168,-4.77E-11,-5.68E-06,4.780098140e-11,-3.32E-06,-4.77E-11,-5.68E-06,-3.62E-15,1.5050766930e-4
0.169,2.3629298118e-5,-1.422645064,-2.36E-05,1.422755798,4.713642446e-11,-3.33E-06,-2.36E-05,1.422755798,2.3629984689e-5,-1.422644925,-4.70E-11,-5.69E-06,4.713642457e-11,-3.33E-06,-4.70E-11,-5.69E-06,-3.62E-15,1.5095430024e-4
0.1695,2.3275957339e-5,-1.418459554,-2.33E-05,1.418570617,4.647620909e-11,-3.34E-06,-2.33E-05,1.418570617,2.3276634525e-5,-1.418459415,-4.63E-11,-5.71E-06,4.647620910e-11,-3.34E-06,-4.63E-11,-5.71E-06,-3.61E-15,1.5140093137e-4
0.17,2.2925769051e-5,-1.414298562,-2.29E-05,1.414409952,4.582032338e-11,-3.35E-06,-2.29E-05,1.414409952,2.2926436894e-5,-1.414298423,-4.57E-11,-5.73E-06,4.582032330e-11,-3.35E-06,-4.57E-11,-5.73E-06,-3.61E-15,1.5184756268e-4
0.1705,2.2578704654e-5,-1.410161873,-2.26E-05,1.41027359,4.516875272e-11,-3.36E-06,-2.26E-05,1.41027359,2.2579363235e-5,-1.410161733,-4.50E-11,-5.74E-06,4.516875255e-11,-3.36E-06,-4.50E-11,-5.74E-06,-3.61E-15,1.5229419418e-4
0.171,2.2234736366e-5,-1.406049273,-2.22E-05,1.406161319,4.452148546e-11,-3.37E-06,-2.22E-05,1.406161319,2.2235385714e-5,-1.406049133,-4.44E-11,-5.76E-06,4.452148534e-11,-3.37E-06,-4.44E-11,-5.76E-06,-3.61E-15,1.5274082586e-4
0.1715,2.1893836085e-5,-1.401960554,-2.19E-05,1.402072927,4.387850655e-11,-3.38E-06,-2.19E-05,1.402072927,2.1894476251e-5,-1.401960413,-4.38E-11,-5.78E-06,4.387850670e-11,-3.38E-06,-4.38E-11,-5.78E-06,-3.61E-15,1.5318745773e-4
0.172,2.1555976431e-5,-1.397895508,-2.16E-05,1.398008208,4.323980510e-11,-3.39E-06,-2.16E-05,1.398008208,2.1556607494e-5,-1.397895366,-4.31E-11,-5.80E-06,4.323980500e-11,-3.39E-06,-4.31E-11,-5.80E-06,-3.61E-15,1.5363408978e-4
0.1725,2.1221130630e-5,-1.39385393,-2.12E-05,1.393966958,4.260536615e-11,-3.40E-06,-2.12E-05,1.393966958,2.1221752658e-5,-1.393853788,-4.25E-11,-5.81E-06,4.260536623e-11,-3.40E-06,-4.25E-11,-5.81E-06,-3.61E-15,1.5408072202e-4
0.173,2.0889271333e-5,-1.389835617,-2.09E-05,1.389948973,4.197517804e-11,-3.41E-06,-2.09E-05,1.389948973,2.0889884375e-5,-1.389835475,-4.19E-11,-5.83E-06,4.197517814e-11,-3.41E-06,-4.19E-11,-5.83E-06,-3.61E-15,1.5452735444e-4
0.1735,2.0560372367e-5,-1.385840369,-2.06E-05,1.385954053,4.134922541e-11,-3.42E-06,-2.06E-05,1.385954053,2.0560976460e-5,-1.385840226,-4.12E-11,-5.85E-06,4.134922540e-11,-3.42E-06,-4.12E-11,-5.85E-06,-3.61E-15,1.5497398706e-4
0.174,2.0234407335e-5,-1.381867989,-2.02E-05,1.381982,4.072749784e-11,-3.42E-06,-2.02E-05,1.381982,2.0235002565e-5,-1.381867846,-4.06E-11,-5.86E-06,4.072749786e-11,-3.42E-06,-4.06E-11,-5.86E-06,-3.61E-15,1.5542061986e-4
0.1745,1.9911349828e-5,-1.37791828,-1.99E-05,1.378032618,4.010997898e-11,-3.43E-06,-1.99E-05,1.378032618,1.9911936202e-5,-1.377918136,-4.00E-11,-5.88E-06,4.010997892e-11,-3.43E-06,-4.00E-11,-5.88E-06,-3.61E-15,1.5586725285e-4
0.175,1.9591174676e-5,-1.373991049,-1.96E-05,1.374105715,3.949665739e-11,-3.44E-06,-1.96E-05,1.374105715,1.9591752329e-5,-1.373990905,-3.94E-11,-5.90E-06,3.949665730e-11,-3.44E-06,-3.94E-11,-5.90E-06,-3.61E-15,1.5631388603e-4
0.1755,1.9273856415e-5,-1.370086105,-1.93E-05,1.370201098,3.888751842e-11,-3.45E-06,-1.93E-05,1.370201098,1.9274425323e-5,-1.37008596,-3.88E-11,-5.91E-06,3.888751838e-11,-3.45E-06,-3.88E-11,-5.91E-06,-3.61E-15,1.5676051940e-4
0.176,1.8959369375e-5,-1.366203258,-1.90E-05,1.366318579,3.828255109e-11,-3.46E-06,-1.90E-05,1.366318579,1.8959929671e-5,-1.366203113,-3.82E-11,-5.93E-06,3.828255107e-11,-3.46E-06,-3.82E-11,-5.93E-06,-3.60E-15,1.5720715296e-4
0.1765,1.8647689340e-5,-1.362342322,-1.86E-05,1.362457971,3.768173822e-11,-3.47E-06,-1.86E-05,1.362457971,1.8648240990e-5,-1.362342177,-3.76E-11,-5.95E-06,3.768173830e-11,-3.47E-06,-3.76E-11,-5.95E-06,-3.60E-15,1.5765378671e-4
0.177,1.8338791087e-5,-1.358503111,-1.83E-05,1.358619088,3.708506902e-11,-3.48E-06,-1.83E-05,1.358619088,1.8339334194e-5,-1.358502966,-3.70E-11,-5.96E-06,3.708506896e-11,-3.48E-06,-3.70E-11,-5.96E-06,-3.60E-15,1.5810042065e-4
0.1775,1.8032650525e-5,-1.354685444,-1.80E-05,1.354801748,3.649253119e-11,-3.49E-06,-1.80E-05,1.354801748,1.8033185159e-5,-1.354685298,-3.64E-11,-5.98E-06,3.649253114e-11,-3.49E-06,-3.64E-11,-5.98E-06,-3.60E-15,1.5854705478e-4
0.178,1.7729243332e-5,-1.350889138,-1.77E-05,1.35100577,3.590410789e-11,-3.50E-06,-1.77E-05,1.35100577,1.7729769518e-5,-1.350888992,-3.58E-11,-6.00E-06,3.590410783e-11,-3.50E-06,-3.58E-11,-6.00E-06,-3.60E-15,1.5899368911e-4
0.1785,1.7428545885e-5,-1.347114016,-1.74E-05,1.347230976,3.531978882e-11,-3.51E-06,-1.74E-05,1.347230976,1.7429063693e-5,-1.347113869,-3.52E-11,-6.01E-06,3.531978877e-11,-3.51E-06,-3.52E-11,-6.01E-06,-3.60E-15,1.5944032363e-4
0.179,1.7130534553e-5,-1.3433599,-1.71E-05,1.343477187,3.473955791e-11,-3.52E-06,-1.71E-05,1.343477187,1.7131044025e-5,-1.343359753,-3.46E-11,-6.03E-06,3.473955798e-11,-3.52E-06,-3.46E-11,-6.03E-06,-3.60E-15,1.5988695834e-4
0.1795,1.6835185841e-5,-1.339626616,-1.68E-05,1.339744231,3.416340355e-11,-3.53E-06,-1.68E-05,1.339744231,1.6835687038e-5,-1.339626469,-3.41E-11,-6.05E-06,3.416340373e-11,-3.53E-06,-3.41E-11,-6.05E-06,-3.60E-15,1.6033359325e-4
0.18,1.6542476655e-5,-1.335913991,-1.65E-05,1.336031934,3.359131023e-11,-3.54E-06,-1.65E-05,1.336031934,1.6542969635e-5,-1.335913843,-3.35E-11,-6.06E-06,3.359131024e-11,-3.54E-06,-3.35E-11,-6.06E-06,-3.60E-15,1.6078022835e-4
0.1805,1.6252384146e-5,-1.332221854,-1.63E-05,1.332340124,3.302326668e-11,-3.55E-06,-1.63E-05,1.332340124,1.6252868960e-5,-1.332221706,-3.29E-11,-6.08E-06,3.302326668e-11,-3.55E-06,-3.29E-11,-6.08E-06,-3.60E-15,1.6122686365e-4
0.181,1.5964885691e-5,-1.328550036,-1.60E-05,1.328668634,3.245925789e-11,-3.56E-06,-1.60E-05,1.328668634,1.5965362388e-5,-1.328549887,-3.24E-11,-6.10E-06,3.245925793e-11,-3.56E-06,-3.24E-11,-6.10E-06,-3.60E-15,1.6167349914e-4
0.1815,1.5679958933e-5,-1.324898369,-1.57E-05,1.325017295,3.189927084e-11,-3.57E-06,-1.57E-05,1.325017295,1.5680427560e-5,-1.32489822,-3.18E-11,-6.11E-06,3.189927079e-11,-3.57E-06,-3.18E-11,-6.11E-06,-3.60E-15,1.6212013483e-4
0.182,1.5397581593e-5,-1.321266689,-1.54E-05,1.321385942,3.134329165e-11,-3.58E-06,-1.54E-05,1.321385942,1.5398042208e-5,-1.321266539,-3.12E-11,-6.13E-06,3.134329166e-11,-3.58E-06,-3.12E-11,-6.13E-06,-3.60E-15,1.6256677071e-4
0.1825,1.5117731801e-5,-1.317654831,-1.51E-05,1.317774412,3.079130731e-11,-3.59E-06,-1.51E-05,1.317774412,1.5118184462e-5,-1.317654681,-3.07E-11,-6.15E-06,3.079130729e-11,-3.59E-06,-3.07E-11,-6.15E-06,-3.60E-15,1.6301340679e-4
0.183,1.4840387792e-5,-1.314062634,-1.48E-05,1.314182543,3.024330352e-11,-3.60E-06,-1.48E-05,1.314182543,1.4840832582e-5,-1.314062484,-3.01E-11,-6.17E-06,3.024330353e-11,-3.60E-06,-3.01E-11,-6.17E-06,-3.59E-15,1.6346004307e-4
0.1835,1.4565528180e-5,-1.310489938,-1.46E-05,1.310610174,2.969926619e-11,-3.61E-06,-1.46E-05,1.310610174,1.4565965107e-5,-1.310489787,-2.96E-11,-6.18E-06,2.969926615e-11,-3.61E-06,-2.96E-11,-6.18E-06,-3.59E-15,1.6390667955e-4
0.184,1.4293131540e-5,-1.306936584,-1.43E-05,1.307057148,2.915918317e-11,-3.62E-06,-1.43E-05,1.307057148,1.4293560661e-5,-1.306936433,-2.91E-11,-6.20E-06,2.915918322e-11,-3.62E-06,-2.91E-11,-6.20E-06,-3.59E-15,1.6435331623e-4
0.1845,1.4023177023e-5,-1.303402416,-1.40E-05,1.303523308,2.862304013e-11,-3.63E-06,-1.40E-05,1.303523308,1.4023598402e-5,-1.303402265,-2.85E-11,-6.22E-06,2.862304013e-11,-3.63E-06,-2.85E-11,-6.22E-06,-3.59E-15,1.6479995310e-4
0.185,1.3755643489e-5,-1.299887279,-1.38E-05,1.300008498,2.809082308e-11,-3.64E-06,-1.38E-05,1.300008498,1.3756057179e-5,-1.299887127,-2.80E-11,-6.23E-06,2.809082321e-11,-3.64E-06,-2.80E-11,-6.23E-06,-3.59E-15,1.6524659018e-4
0.1855,1.3490510718e-5,-1.29639102,-1.35E-05,1.296512566,2.756251828e-11,-3.65E-06,-1.35E-05,1.296512566,1.3490916772e-5,-1.296390867,-2.75E-11,-6.25E-06,2.756251832e-11,-3.65E-06,-2.75E-11,-6.25E-06,-3.59E-15,1.6569322746e-4
0.186,1.3227757997e-5,-1.292913486,-1.32E-05,1.293035361,2.703811257e-11,-3.66E-06,-1.32E-05,1.293035361,1.3228156450e-5,-1.292913334,-2.69E-11,-6.27E-06,2.703811250e-11,-3.66E-06,-2.69E-11,-6.27E-06,-3.59E-15,1.6613986494e-4
0.1865,1.2967365208e-5,-1.289454529,-1.30E-05,1.289576731,2.651759184e-11,-3.67E-06,-1.30E-05,1.289576731,1.2967756114e-5,-1.289454376,-2.64E-11,-6.28E-06,2.651759181e-11,-3.67E-06,-2.64E-11,-6.28E-06,-3.59E-15,1.6658650262e-4
0.187,1.2709312360e-5,-1.286013999,-1.27E-05,1.286136529,2.600094410e-11,-3.68E-06,-1.27E-05,1.286136529,1.2709695769e-5,-1.286013846,-2.59E-11,-6.30E-06,2.600094414e-11,-3.68E-06,-2.59E-11,-6.30E-06,-3.59E-15,1.6703314050e-4
0.1875,1.2453579679e-5,-1.28259175,-1.25E-05,1.282714607,2.548815285e-11,-3.69E-06,-1.25E-05,1.282714607,1.2453955671e-5,-1.282591596,-2.54E-11,-6.32E-06,2.548815280e-11,-3.69E-06,-2.54E-11,-6.32E-06,-3.59E-15,1.6747977858e-4
0.188,1.2200147528e-5,-1.279187637,-1.22E-05,1.279310821,2.497920613e-11,-3.70E-06,-1.22E-05,1.279310821,1.2200516116e-5,-1.279187482,-2.49E-11,-6.33E-06,2.497920609e-11,-3.70E-06,-2.49E-11,-6.33E-06,-3.59E-15,1.6792641687e-4
0.1885,1.1948996753e-5,-1.275801515,-1.19E-05,1.275925027,2.447409069e-11,-3.71E-06,-1.19E-05,1.275925027,1.1949357989e-5,-1.27580136,-2.44E-11,-6.35E-06,2.447409052e-11,-3.71E-06,-2.44E-11,-6.35E-06,-3.58E-15,1.6837305536e-4
0.189,1.1700107659e-5,-1.272433243,-1.17E-05,1.272557082,2.397279083e-11,-3.72E-06,-1.17E-05,1.272557082,1.1700461615e-5,-1.272433087,-2.39E-11,-6.37E-06,2.397279078e-11,-3.72E-06,-2.39E-11,-6.37E-06,-3.58E-15,1.6881969406e-4
0.1895,1.1453461683e-5,-1.269082679,-1.15E-05,1.269206847,2.347529436e-11,-3.73E-06,-1.15E-05,1.269206847,1.1453808385e-5,-1.269082523,-2.34E-11,-6.38E-06,2.347529431e-11,-3.73E-06,-2.34E-11,-6.38E-06,-3.58E-15,1.6926633296e-4
0.19,1.1209039871e-5,-1.265749685,-1.12E-05,1.26587418,2.298158696e-11,-3.74E-06,-1.12E-05,1.26587418,1.1209379396e-5,-1.265749529,-2.29E-11,-6.40E-06,2.298158696e-11,-3.74E-06,-2.29E-11,-6.40E-06,-3.58E-15,1.6971297207e-4
0.1905,1.0966823281e-5,-1.262434123,-1.10E-05,1.262558946,2.249165578e-11,-3.75E-06,-1.10E-05,1.262558946,1.0967155667e-5,-1.262433967,-2.24E-11,-6.42E-06,2.249165578e-11,-3.75E-06,-2.24E-11,-6.42E-06,-3.58E-15,1.7015961138e-4
0.191,1.0726793997e-5,-1.259135856,-1.07E-05,1.259261007,2.200548625e-11,-3.76E-06,-1.07E-05,1.259261007,1.0727119293e-5,-1.259135699,-2.19E-11,-6.43E-06,2.200548615e-11,-3.76E-06,-2.19E-11,-6.43E-06,-3.58E-15,1.7060625090e-4
0.1915,1.0488933509e-5,-1.25585475,-1.05E-05,1.255980228,2.152306488e-11,-3.77E-06,-1.05E-05,1.255980228,1.0489251770e-5,-1.255854593,-2.14E-11,-6.45E-06,2.152306482e-11,-3.77E-06,-2.14E-11,-6.45E-06,-3.58E-15,1.7105289063e-4
0.192,1.0253223703e-5,-1.252590671,-1.03E-05,1.252716476,2.104437840e-11,-3.78E-06,-1.03E-05,1.252716476,1.0253534977e-5,-1.252590513,-2.10E-11,-6.47E-06,2.104437839e-11,-3.78E-06,-2.10E-11,-6.47E-06,-3.58E-15,1.7149953056e-4
0.1925,1.0019646649e-5,-1.249343486,-1.00E-05,1.249469619,2.056941172e-11,-3.79E-06,-1.00E-05,1.249469619,1.0019950972e-5,-1.249343328,-2.05E-11,-6.48E-06,2.056941168e-11,-3.79E-06,-2.05E-11,-6.48E-06,-3.58E-15,1.7194617070e-4
0.193,9.7881847071e-6,-1.246113065,-9.79E-06,1.246239526,2.009815271e-11,-3.80E-06,-9.79E-06,1.246239526,9.7884821486e-6,-1.246112907,-2.00E-11,-6.50E-06,2.009815277e-11,-3.80E-06,-2.00E-11,-6.50E-06,-3.58E-15,1.7239281105e-4
0.1935,9.5588202590e-6,-1.242899279,-9.56E-06,1.243026068,1.963058688e-11,-3.81E-06,-9.56E-06,1.243026068,9.5591108503e-6,-1.24289912,-1.96E-11,-6.52E-06,1.963058697e-11,-3.81E-06,-1.96E-11,-6.52E-06,-3.58E-15,1.7283945161e-4
0.194,9.3315360470e-6,-1.239702,-9.33E-06,1.239829116,1.916669938e-11,-3.82E-06,-9.33E-06,1.239829116,9.3318198330e-6,-1.23970184,-1.91E-11,-6.54E-06,1.916669936e-11,-3.82E-06,-1.91E-11,-6.54E-06,-3.57E-15,1.7328609238e-4
0.1945,9.1063147351e-6,-1.236521099,-9.11E-06,1.236648543,1.870647913e-11,-3.83E-06,-9.11E-06,1.236648543,9.1065917688e-6,-1.23652094,-1.86E-11,-6.55E-06,1.870647920e-11,-3.83E-06,-1.86E-11,-6.55E-06,-3.57E-15,1.7373273336e-4
0.195,8.8831394068e-6,-1.233356453,-8.88E-06,1.233484225,1.824991061e-11,-3.84E-06,-8.88E-06,1.233484225,8.8834097408e-6,-1.233356293,-1.82E-11,-6.57E-06,1.824991058e-11,-3.84E-06,-1.82E-11,-6.57E-06,-3.57E-15,1.7417937456e-4
0.1955,8.6619931219e-6,-1.230207937,-8.66E-06,1.230336036,1.779697965e-11,-3.85E-06,-8.66E-06,1.230336036,8.6622568041e-6,-1.230207777,-1.77E-11,-6.59E-06,1.779697964e-11,-3.85E-06,-1.77E-11,-6.59E-06,-3.57E-15,1.7462601596e-4
0.196,8.4428591228e-6,-1.227075428,-8.44E-06,1.227203855,1.734767390e-11,-3.86E-06,-8.44E-06,1.227203855,8.4431161828e-6,-1.227075267,-1.73E-11,-6.60E-06,1.734767379e-11,-3.86E-06,-1.73E-11,-6.60E-06,-3.57E-15,1.7507265757e-4
0.1965,8.2257209330e-6,-1.223958804,-8.23E-06,1.224087558,1.690197821e-11,-3.87E-06,-8.23E-06,1.224087558,8.2259714307e-6,-1.223958642,-1.68E-11,-6.62E-06,1.690197807e-11,-3.87E-06,-1.68E-11,-6.62E-06,-3.57E-15,1.7551929940e-4
0.197,8.0105621570e-6,-1.220857944,-8.01E-06,1.220987026,1.645988078e-11,-3.88E-06,-8.01E-06,1.220987026,8.0108061517e-6,-1.220857782,-1.64E-11,-6.64E-06,1.645988077e-11,-3.88E-06,-1.64E-11,-6.64E-06,-3.57E-15,1.7596594144e-4
0.1975,7.7973664968e-6,-1.21777273,-7.80E-06,1.21790214,1.602136611e-11,-3.89E-06,-7.80E-06,1.21790214,7.7976040213e-6,-1.217772568,-1.60E-11,-6.65E-06,1.602136614e-11,-3.89E-06,-1.60E-11,-6.65E-06,-3.57E-15,1.7641258369e-4
0.198,7.5861180976e-6,-1.214703043,-7.59E-06,1.214832781,1.558642154e-11,-3.90E-06,-7.59E-06,1.214832781,7.5863492015e-6,-1.214702881,-1.55E-11,-6.67E-06,1.558642148e-11,-3.90E-06,-1.55E-11,-6.67E-06,-3.57E-15,1.7685922616e-4
0.1985,7.3768008372e-6,-1.211648767,-7.38E-06,1.211778832,1.515503245e-11,-3.91E-06,-7.38E-06,1.211778832,7.3770255653e-6,-1.211648604,-1.51E-11,-6.69E-06,1.515503244e-11,-3.91E-06,-1.51E-11,-6.69E-06,-3.57E-15,1.7730586884e-4
0.199,7.1693990770e-6,-1.208609785,-7.17E-06,1.208740178,1.472718649e-11,-3.92E-06,-7.17E-06,1.208740178,7.1696174779e-6,-1.208609622,-1.47E-11,-6.70E-06,1.472718645e-11,-3.92E-06,-1.47E-11,-6.70E-06,-3.56E-15,1.7775251174e-4
0.1995,6.9638970991e-6,-1.205585984,-6.96E-06,1.205716704,1.430286746e-11,-3.93E-06,-6.96E-06,1.205716704,6.9641092252e-6,-1.20558582,-1.42E-11,-6.72E-06,1.430286738e-11,-3.93E-06,-1.42E-11,-6.72E-06,-3.56E-15,1.7819915485e-4
0.2,6.7602795529e-6,-1.202577249,-6.76E-06,1.202708297,1.388206423e-11,-3.94E-06,-6.76E-06,1.202708297,6.7604854476e-6,-1.202577085,-1.38E-11,-6.74E-06,1.388206416e-11,-3.94E-06,-1.38E-11,-6.74E-06,-3.56E-15,1.7864579818e-4
0.2005,6.5585309716e-6,-1.199583469,-6.56E-06,1.199714844,1.346476186e-11,-3.95E-06,-6.56E-06,1.199714844,6.5587306778e-6,-1.199583304,-1.34E-11,-6.75E-06,1.346476188e-11,-3.95E-06,-1.34E-11,-6.75E-06,-3.56E-15,1.7909244173e-4
0.201,6.3586363952e-6,-1.196604532,-6.36E-06,1.196736234,1.305094686e-11,-3.96E-06,-6.36E-06,1.196736234,6.3588299597e-6,-1.196604366,-1.30E-11,-6.77E-06,1.305094689e-11,-3.96E-06,-1.30E-11,-6.77E-06,-3.56E-15,1.7953908549e-4
0.2015,6.1605807688e-6,-1.193640328,-6.16E-06,1.193772358,1.264060512e-11,-3.97E-06,-6.16E-06,1.193772358,6.1607682208e-6,-1.193640162,-1.26E-11,-6.79E-06,1.264060511e-11,-3.97E-06,-1.26E-11,-6.79E-06,-3.56E-15,1.7998572947e-4
0.202,5.9643490236e-6,-1.190690748,-5.96E-06,1.190823106,1.223372418e-11,-3.98E-06,-5.96E-06,1.190823106,5.9645304130e-6,-1.190690582,-1.22E-11,-6.80E-06,1.223372422e-11,-3.98E-06,-1.22E-11,-6.80E-06,-3.56E-15,1.8043237367e-4
0.2025,5.7699265854e-6,-1.187755684,-5.77E-06,1.18788837,1.183028870e-11,-3.99E-06,-5.77E-06,1.18788837,5.7701019830e-6,-1.187755518,-1.18E-11,-6.82E-06,1.183028878e-11,-3.99E-06,-1.18E-11,-6.82E-06,-3.56E-15,1.8087901809e-4
0.203,5.5772989572e-6,-1.18483503,-5.58E-06,1.184968043,1.143028626e-11,-4.00E-06,-5.58E-06,1.184968043,5.5774683783e-6,-1.184834863,-1.14E-11,-6.84E-06,1.143028627e-11,-4.00E-06,-1.14E-11,-6.84E-06,-3.56E-15,1.8132566273e-4
0.2035,5.3864514071e-6,-1.181928679,-5.39E-06,1.18206202,1.103370323e-11,-4.01E-06,-5.39E-06,1.18206202,5.3866149129e-6,-1.181928512,-1.10E-11,-6.86E-06,1.103370325e-11,-4.01E-06,-1.10E-11,-6.86E-06,-3.56E-15,1.8177230759e-4
0.204,5.1973698452e-6,-1.179036527,-5.20E-06,1.179170196,1.064052494e-11,-4.02E-06,-5.20E-06,1.179170196,5.1975274753e-6,-1.17903636,-1.06E-11,-6.87E-06,1.064052494e-11,-4.02E-06,-1.06E-11,-6.87E-06,-3.55E-15,1.8221895267e-4
0.2045,5.0100398578e-6,-1.17615847,-5.01E-06,1.176292467,1.025073804e-11,-4.03E-06,-5.01E-06,1.176292467,5.0101916515e-6,-1.176158302,-1.02E-11,-6.89E-06,1.025073807e-11,-4.03E-06,-1.02E-11,-6.89E-06,-3.55E-15,1.8266559797e-4
0.205,4.8244477481e-6,-1.173294406,-4.82E-06,1.17342873,9.864329800e-12,-4.04E-06,-4.82E-06,1.17342873,4.8245937442e-6,-1.173294237,-9.82E-12,-6.91E-06,9.864329796e-12,-4.04E-06,-9.82E-12,-6.91E-06,-3.55E-15,1.8311224349e-4
0.2055,4.6405792147e-6,-1.170444231,-4.64E-06,1.170578883,9.481284709e-12,-4.05E-06,-4.64E-06,1.170578883,4.6407194807e-6,-1.170444063,-9.44E-12,-6.92E-06,9.481284687e-12,-4.05E-06,-9.44E-12,-6.92E-06,-3.55E-15,1.8355888924e-4
0.206,4.4584207601e-6,-1.167607847,-4.46E-06,1.167742826,9.101591601e-12,-4.06E-06,-4.46E-06,1.167742826,4.4585553257e-6,-1.167607678,-9.06E-12,-6.94E-06,9.101591675e-12,-4.06E-06,-9.06E-12,-6.94E-06,-3.55E-15,1.8400553520e-4
0.2065,4.2779584691e-6,-1.164785152,-4.28E-06,1.164920459,8.725235320e-12,-4.07E-06,-4.28E-06,1.164920459,4.2780873675e-6,-1.164784983,-8.68E-12,-6.96E-06,8.725235231e-12,-4.07E-06,-8.68E-12,-6.96E-06,-3.55E-15,1.8445218139e-4
0.207,4.0991789124e-6,-1.161976049,-4.10E-06,1.162111683,8.352201406e-12,-4.08E-06,-4.10E-06,1.162111683,4.0993022097e-6,-1.161975879,-8.31E-12,-6.97E-06,8.352201482e-12,-4.08E-06,-8.31E-12,-6.97E-06,-3.55E-15,1.8489882781e-4
0.2075,3.9220687982e-6,-1.159180438,-3.92E-06,1.159316401,7.982478996e-12,-4.09E-06,-3.92E-06,1.159316401,3.9221865308e-6,-1.159180268,-7.94E-12,-6.99E-06,7.982479020e-12,-4.09E-06,-7.94E-12,-6.99E-06,-3.55E-15,1.8534547445e-4
0.208,3.7466146032e-6,-1.156398224,-3.75E-06,1.156534514,7.616052063e-12,-4.10E-06,-3.75E-06,1.156534514,3.7467267950e-6,-1.156398053,-7.58E-12,-7.01E-06,7.616052134e-12,-4.10E-06,-7.58E-12,-7.01E-06,-3.55E-15,1.8579212131e-4
0.2085,3.5728034670e-6,-1.15362931,-3.57E-06,1.153765928,7.252906265e-12,-4.11E-06,-3.57E-06,1.153765928,3.5729101620e-6,-1.153629139,-7.22E-12,-7.02E-06,7.252906273e-12,-4.11E-06,-7.22E-12,-7.02E-06,-3.54E-15,1.8623876840e-4
0.209,3.4006221114e-6,-1.150873601,-3.40E-06,1.151010546,6.893031223e-12,-4.12E-06,-3.40E-06,1.151010546,3.4007233572e-6,-1.15087343,-6.86E-12,-7.04E-06,6.893031149e-12,-4.12E-06,-6.86E-12,-7.04E-06,-3.54E-15,1.8668541571e-4
0.2095,3.2300576517e-6,-1.148131003,-3.23E-06,1.148268276,6.536410639e-12,-4.13E-06,-3.23E-06,1.148268276,3.2301535076e-6,-1.148130831,-6.50E-12,-7.06E-06,6.536410756e-12,-4.13E-06,-6.50E-12,-7.06E-06,-3.54E-15,1.8713206326e-4
0.21,3.0610972212e-6,-1.145401423,-3.06E-06,1.145539023,6.183033281e-12,-4.13E-06,-3.06E-06,1.145539023,3.0611877177e-6,-1.14540125,-6.15E-12,-7.07E-06,6.183033165e-12,-4.13E-06,-6.15E-12,-7.07E-06,-3.54E-15,1.8757871103e-4
0.2105,2.8937284144e-6,-1.142684767,-2.89E-06,1.142822695,5.832883707e-12,-4.14E-06,-2.89E-06,1.142822695,2.8938135813e-6,-1.142684595,-5.80E-12,-7.09E-06,5.832883778e-12,-4.14E-06,-5.80E-12,-7.09E-06,-3.54E-15,1.8802535902e-4
0.211,2.7279383807e-6,-1.139980946,-2.73E-06,1.140119201,5.485948441e-12,-4.15E-06,-2.73E-06,1.140119201,2.7280182801e-6,-1.139980772,-5.46E-12,-7.11E-06,5.485948324e-12,-4.15E-06,-5.46E-12,-7.11E-06,-3.54E-15,1.8847200725e-4
0.2115,2.5637147404e-6,-1.137289867,-2.56E-06,1.13742845,5.142214706e-12,-4.16E-06,-2.56E-06,1.13742845,2.5637894055e-6,-1.137289693,-5.12E-12,-7.12E-06,5.142214547e-12,-4.16E-06,-5.12E-12,-7.12E-06,-3.54E-15,1.8891865570e-4
0.212,2.4010451951e-6,-1.134611441,-2.40E-06,1.134750351,4.801668387e-12,-4.17E-06,-2.40E-06,1.134750351,2.4011146424e-6,-1.134611267,-4.78E-12,-7.14E-06,4.801668530e-12,-4.17E-06,-4.78E-12,-7.14E-06,-3.54E-15,1.8936530438e-4
0.2125,2.2399175128e-6,-1.131945579,-2.24E-06,1.132084817,4.464296808e-12,-4.18E-06,-2.24E-06,1.132084817,2.2399818231e-6,-1.131945404,-4.44E-12,-7.16E-06,4.464296879e-12,-4.18E-06,-4.44E-12,-7.16E-06,-3.54E-15,1.8981195330e-4
0.213,2.0803196141e-6,-1.129292193,-2.08E-06,1.129431759,4.130086036e-12,-4.19E-06,-2.08E-06,1.129431759,2.0803788073e-6,-1.129292018,-4.11E-12,-7.18E-06,4.130086070e-12,-4.19E-06,-4.11E-12,-7.18E-06,-3.54E-15,1.9025860244e-4
0.2135,1.9222395240e-6,-1.126651195,-1.92E-06,1.126791089,3.799022033e-12,-4.20E-06,-1.92E-06,1.126791089,1.9222936476e-6,-1.12665102,-3.78E-12,-7.19E-06,3.799022041e-12,-4.20E-06,-3.78E-12,-7.19E-06,-3.53E-15,1.9070525181e-4
0.214,1.7656650473e-6,-1.124022499,-1.77E-06,1.124162721,3.471092186e-12,-4.21E-06,-1.77E-06,1.124162721,1.7657141565e-6,-1.124022324,-3.45E-12,-7.21E-06,3.471092312e-12,-4.21E-06,-3.45E-12,-7.21E-06,-3.53E-15,1.9115190142e-4
0.2145,1.6105846680e-6,-1.12140602,-1.61E-06,1.121546569,3.146281779e-12,-4.22E-06,-1.61E-06,1.121546569,1.6106287655e-6,-1.121405844,-3.13E-12,-7.23E-06,3.146281729e-12,-4.22E-06,-3.13E-12,-7.23E-06,-3.53E-15,1.9159855126e-4
0.215,1.4569866477e-6,-1.118801672,-1.46E-06,1.118942549,2.824579181e-12,-4.23E-06,-1.46E-06,1.118942549,1.4570257957e-6,-1.118801495,-2.81E-12,-7.24E-06,2.824579133e-12,-4.23E-06,-2.81E-12,-7.24E-06,-3.53E-15,1.9204520133e-4
0.2155,1.3048595512e-6,-1.116209371,-1.30E-06,1.116350575,2.505968985e-12,-4.24E-06,-1.30E-06,1.116350575,1.3048937796e-6,-1.116209194,-2.49E-12,-7.26E-06,2.505969118e-12,-4.24E-06,-2.49E-12,-7.26E-06,-3.53E-15,1.9249185163e-4
0.216,1.1541914805e-6,-1.113629034,-1.15E-06,1.113770566,2.190439847e-12,-4.25E-06,-1.15E-06,1.113770566,1.1542208466e-6,-1.113628857,-2.18E-12,-7.28E-06,2.190439810e-12,-4.25E-06,-2.18E-12,-7.28E-06,-3.53E-15,1.9293850217e-4
0.2165,1.0049715123e-6,-1.111060578,-1.00E-06,1.111202438,1.877976652e-12,-4.26E-06,-1.00E-06,1.111202438,1.0049960530e-6,-1.1110604,-1.87E-12,-7.29E-06,1.877976573e-12,-4.26E-06,-1.87E-12,-7.29E-06,-3.53E-15,1.9338515294e-4
0.217,8.5718817510e-7,-1.108503922,-8.57E-07,1.108646109,1.568566620e-12,-4.27E-06,-8.57E-07,1.108646109,8.5720790726e-7,-1.108503743,-1.56E-12,-7.31E-06,1.568566588e-12,-4.27E-06,-1.56E-12,-7.31E-06,-3.53E-15,1.9383180394e-4
0.2175,7.1083034030e-7,-1.105958983,-7.11E-07,1.106101498,1.262195998e-12,-4.28E-06,-7.11E-07,1.106101498,7.1084532772e-7,-1.105958805,-1.25E-12,-7.33E-06,1.262196105e-12,-4.28E-06,-1.25E-12,-7.33E-06,-3.53E-15,1.9427845519e-4
0.218,5.6588699885e-7,-1.103425683,-5.66E-07,1.103568525,9.588519873e-13,-4.29E-06,-5.66E-07,1.103568525,5.6589726946e-7,-1.103425504,-9.52E-13,-7.34E-06,9.588518974e-13,-4.29E-06,-9.52E-13,-7.34E-06,-3.52E-15,1.9472510666e-4
0.2185,4.2234698052e-7,-1.100903941,-4.22E-07,1.101047111,6.585206678e-13,-4.30E-06,-4.22E-07,1.101047111,4.2235257752e-7,-1.100903761,-6.54E-13,-7.36E-06,6.585207225e-13,-4.30E-06,-6.54E-13,-7.36E-06,-3.52E-15,1.9517175838e-4
0.219,2.8019954880e-7,-1.098393678,-2.80E-07,1.098537176,3.611897727e-13,-4.31E-06,-2.80E-07,1.098537176,2.8020050713e-7,-1.098393498,-3.58E-13,-7.38E-06,3.611898183e-13,-4.31E-06,-3.58E-13,-7.38E-06,-3.34E-15,1.9561841033e-4
0.2195,1.3943387851e-7,-1.095894817,-1.39E-07,1.096038642,6.684440887e-14,-4.32E-06,-1.39E-07,1.096038642,1.3943024832e-7,-1.095894636,-6.51E-14,-7.39E-06,6.684431587e-14,-4.32E-06,-6.51E-14,-7.39E-06,-2.37E-15,1.9606506251e-4
0.22,1.985521124e-13,-1.09340728,-1.94E-13,1.093551433,3.096474076e-18,-4.33E-06,-1.55E-13,1.093551433,1.507078433e-13,-1.0934071,-3.75E-18,-7.41E-06,2.291704662e-18,-4.33E-06,-2.48E-18,-7.41E-06,-1.02E-17,1.9651171494e-4
0.2205,-6.91E-08,-1.090930987,6.9070549487e-8,1.091075468,-2.39E-13,-4.34E-06,6.9070549489e-8,1.091075468,-6.91E-08,-1.090930806,2.373800344e-13,-7.43E-06,-2.39E-13,-4.34E-06,2.373800055e-13,-7.43E-06,-4.34E-16,1.9695836760e-4
0.221,-1.37E-07,-1.088465866,1.3740933529e-7,1.088610674,-2.51E-13,-4.35E-06,1.3740933530e-7,1.088610674,-1.37E-07,-1.088465684,2.475209748e-13,-7.44E-06,-2.51E-13,-4.35E-06,2.475208552e-13,-7.44E-06,5.336390069e-16,1.9740502051e-4
0.2215,-2.05E-07,-1.086011838,2.0503031586e-7,1.086156974,-2.60E-13,-4.36E-06,2.0503031586e-7,1.086156974,-2.05E-07,-1.086011656,2.552636546e-13,-7.46E-06,-2.60E-13,-4.36E-06,2.552636668e-13,-7.46E-06,1.496045291e-15,1.9785167365e-4
0.222,-2.72E-07,-1.08356883,2.7193933371e-7,1.083714294,-2.67E-13,-4.37E-06,2.7193933370e-7,1.083714294,-2.72E-07,-1.083568648,2.606252337e-13,-7.48E-06,-2.67E-13,-4.37E-06,2.606253024e-13,-7.48E-06,2.457656374e-15,1.9829832703e-4
0.2225,-3.38E-07,-1.081136768,3.3814237930e-7,1.081282559,-2.72E-13,-4.38E-06,3.3814237931e-7,1.081282559,-3.38E-07,-1.081136585,2.636275285e-13,-7.49E-06,-2.72E-13,-4.38E-06,2.636275170e-13,-7.49E-06,3.418748415e-15,1.9874498066e-4
0.223,-4.04E-07,-1.078715577,4.0364509746e-7,1.078861696,-2.74E-13,-4.39E-06,4.0364509746e-7,1.078861696,-4.04E-07,-1.078715394,2.642896789e-13,-7.51E-06,-2.74E-13,-4.39E-06,2.642897103e-13,-7.51E-06,4.380725861e-15,1.9919163452e-4
0.2235,-4.68E-07,-1.076305187,4.6845343481e-7,1.076451633,-2.74E-13,-4.40E-06,4.6845343481e-7,1.076451633,-4.68E-07,-1.076305003,2.626311941e-13,-7.53E-06,-2.74E-13,-4.40E-06,2.626311989e-13,-7.53E-06,5.333925673e-15,1.9963828863e-4
0.224,-5.32E-07,-1.073905523,5.3257296599e-7,1.074052297,-2.72E-13,-4.41E-06,5.3257296598e-7,1.074052297,-5.33E-07,-1.073905339,2.586710817e-13,-7.55E-06,-2.72E-13,-4.41E-06,2.586710466e-13,-7.55E-06,6.287558113e-15,2.0008494298e-4
0.2245,-5.96E-07,-1.071516516,5.9600942424e-7,1.071663618,-2.67E-13,-4.42E-06,5.9600942424e-7,1.071663618,-5.96E-07,-1.071516332,2.524298259e-13,-7.56E-06,-2.67E-13,-4.42E-06,2.524298525e-13,-7.56E-06,7.243120749e-15,2.0053159757e-4
0.225,-6.59E-07,-1.069138094,6.5876835631e-7,1.069285523,-2.60E-13,-4.43E-06,6.5876835632e-7,1.069285523,-6.59E-07,-1.069137909,2.439257437e-13,-7.58E-06,-2.60E-13,-4.43E-06,2.439258060e-13,-7.58E-06,8.193219673e-15,2.0097825240e-4
0.2255,-7.21E-07,-1.066770187,7.2085539760e-7,1.066917944,-2.51E-13,-4.44E-06,7.2085539760e-7,1.066917944,-7.21E-07,-1.066770002,2.331784873e-13,-7.60E-06,-2.51E-13,-4.44E-06,2.331784505e-13,-7.60E-06,9.149372780e-15,2.0142490748e-4
0.226,-7.82E-07,-1.064412725,7.8227597788e-7,1.06456081,-2.40E-13,-4.45E-06,7.8227597789e-7,1.06456081,-7.82E-07,-1.06441254,2.202079538e-13,-7.61E-06,-2.40E-13,-4.45E-06,2.202079251e-13,-7.61E-06,1.009314379e-14,2.0187156281e-4
0.2265,-8.43E-07,-1.06206564,8.4303559103e-7,1.062214053,-2.27E-13,-4.46E-06,8.4303559103e-7,1.062214053,-8.43E-07,-1.062065454,2.050329584e-13,-7.63E-06,-2.27E-13,-4.46E-06,2.050328741e-13,-7.63E-06,1.104054113e-14,2.0231821838e-4
0.227,-9.03E-07,-1.059728864,9.0313965547e-7,1.059877603,-2.11E-13,-4.47E-06,9.0313965547e-7,1.059877603,-9.03E-07,-1.059728677,1.876724060e-13,-7.65E-06,-2.11E-13,-4.47E-06,1.876724010e-13,-7.65E-06,1.198538183e-14,2.0276487419e-4
0.2275,-9.62E-07,-1.057402327,9.6259350832e-7,1.057551395,-1.93E-13,-4.48E-06,9.6259350832e-7,1.057551395,-9.62E-07,-1.057402141,1.681444942e-13,-7.66E-06,-1.93E-13,-4.48E-06,1.681443998e-13,-7.66E-06,1.293261245e-14,2.0321153025e-4
0.228,-1.02E-06,-1.055085965,1.0214024311e-6,1.05523536,-1.73E-13,-4.49E-06,1.0214024311e-6,1.05523536,-1.02E-06,-1.055085777,1.464717912e-13,-7.68E-06,-1.73E-13,-4.49E-06,1.464717638e-13,-7.68E-06,1.387054899e-14,2.0365818656e-4
0.2285,-1.08E-06,-1.052779709,1.0795717375e-6,1.052929431,-1.51E-13,-4.50E-06,1.0795717375e-6,1.052929431,-1.08E-06,-1.052779521,1.226689293e-13,-7.70E-06,-1.51E-13,-4.50E-06,1.226689470e-13,-7.70E-06,1.480862786e-14,2.0410484311e-4
0.229,-1.14E-06,-1.050483493,1.1371065711e-6,1.050633544,-1.27E-13,-4.51E-06,1.1371065711e-6,1.050633544,-1.14E-06,-1.050483305,9.675822771e-14,-7.71E-06,-1.27E-13,-4.51E-06,9.675835843e-14,-7.71E-06,1.574520461e-14,2.0455149991e-4
0.2295,-1.19E-06,-1.048197254,1.1940120915e-6,1.048347632,-1.01E-13,-4.52E-06,1.1940120915e-6,1.048347632,-1.19E-06,-1.048197065,6.875901786e-14,-7.73E-06,-1.01E-13,-4.52E-06,6.875896127e-14,-7.73E-06,1.667865698e-14,2.0499815697e-4
0.23,-1.25E-06,-1.045920925,1.2502934905e-6,1.04607163,-7.24E-14,-4.53E-06,1.2502934905e-6,1.04607163,-1.25E-06,-1.045920736,3.868689884e-14,-7.75E-06,-7.24E-14,-4.53E-06,3.868688597e-14,-7.75E-06,1.761626994e-14,2.0544481426e-4
0.2305,-1.31E-06,-1.043654442,1.3059557793e-6,1.043805475,-4.20E-14,-4.54E-06,1.3059557793e-6,1.043805475,-1.31E-06,-1.043654252,6.562949294e-15,-7.76E-06,-4.20E-14,-4.54E-06,6.562955692e-15,-7.76E-06,1.854758042e-14,2.0589147181e-4
0.231,-1.36E-06,-1.041397742,1.3610039718e-6,1.041549102,-9.57E-15,-4.55E-06,1.3610039718e-6,1.041549102,-1.36E-06,-1.041397552,-2.76E-14,-7.78E-06,-9.57E-15,-4.55E-06,-2.76E-14,-7.78E-06,1.947659475e-14,2.0633812961e-4
0.2315,-1.42E-06,-1.039150761,1.4154431116e-6,1.039302449,2.484783341e-14,-4.56E-06,1.4154431116e-6,1.039302449,-1.42E-06,-1.039150571,-6.38E-14,-7.80E-06,2.484770613e-14,-4.56E-06,-6.38E-14,-7.80E-06,2.040288611e-14,2.0678478766e-4
0.232,-1.47E-06,-1.036913437,1.4692781055e-6,1.037065453,6.126138999e-14,-4.57E-06,1.4692781055e-6,1.037065453,-1.47E-06,-1.036913246,-1.02E-13,-7.81E-06,6.126145029e-14,-4.57E-06,-1.02E-13,-7.81E-06,2.132717973e-14,2.0723144596e-4
0.2325,-1.52E-06,-1.034685708,1.5225138264e-6,1.034838052,9.964704446e-14,-4.58E-06,1.5225138264e-6,1.034838052,-1.52E-06,-1.034685517,-1.42E-13,-7.83E-06,9.964696878e-14,-4.58E-06,-1.42E-13,-7.83E-06,2.224908799e-14,2.0767810451e-4
0.233,-1.57E-06,-1.032467512,1.5751551275e-6,1.032620183,1.399868049e-13,-4.59E-06,1.5751551275e-6,1.032620183,-1.57E-06,-1.032467321,-1.84E-13,-7.85E-06,1.399869189e-13,-4.59E-06,-1.84E-13,-7.85E-06,2.317382612e-14,2.0812476332e-4
0.2335,-1.63E-06,-1.030258788,1.6272067752e-6,1.030411787,1.822629739e-13,-4.60E-06,1.6272067752e-6,1.030411787,-1.63E-06,-1.030258596,-2.28E-13,-7.87E-06,1.822628257e-13,-4.60E-06,-2.28E-13,-7.87E-06,2.409439939e-14,2.0857142237e-4
0.234,-1.68E-06,-1.028059476,1.6786736035e-6,1.028212802,2.264559205e-13,-4.61E-06,1.6786736034e-6,1.028212802,-1.68E-06,-1.028059284,-2.74E-13,-7.88E-06,2.264558935e-13,-4.61E-06,-2.74E-13,-7.88E-06,2.500495346e-14,2.0901808168e-4
0.2345,-1.73E-06,-1.025869515,1.7295603101e-6,1.02602317,2.725477972e-13,-4.62E-06,1.7295603101e-6,1.02602317,-1.73E-06,-1.025869323,-3.22E-13,-7.90E-06,2.725477637e-13,-4.62E-06,-3.22E-13,-7.90E-06,2.592297450e-14,2.0946474124e-4
0.235,-1.78E-06,-1.023688847,1.7798715517e-6,1.023842829,3.205207206e-13,-4.63E-06,1.7798715517e-6,1.023842829,-1.78E-06,-1.023688654,-3.72E-13,-7.92E-06,3.205206753e-13,-4.63E-06,-3.72E-13,-7.92E-06,2.683487648e-14,2.0991140106e-4
0.2355,-1.83E-06,-1.021517411,1.8296119141e-6,1.021671721,3.703549808e-13,-4.64E-06,1.8296119141e-6,1.021671721,-1.83E-06,-1.021517218,-4.23E-13,-7.93E-06,3.703550296e-13,-4.64E-06,-4.23E-13,-7.93E-06,2.774598183e-14,2.1035806113e-4
0.236,-1.88E-06,-1.019355151,1.8787861195e-6,1.019509788,4.220337641e-13,-4.65E-06,1.8787861195e-6,1.019509788,-1.88E-06,-1.019354957,-4.77E-13,-7.95E-06,4.220337419e-13,-4.65E-06,-4.77E-13,-7.95E-06,2.865385887e-14,2.1080472146e-4
0.2365,-1.93E-06,-1.017202007,1.9273986265e-6,1.017356972,4.755385589e-13,-4.66E-06,1.9273986265e-6,1.017356972,-1.93E-06,-1.017201813,-5.32E-13,-7.97E-06,4.755385376e-13,-4.66E-06,-5.32E-13,-7.97E-06,2.956053893e-14,2.1125138205e-4
0.237,-1.97E-06,-1.015057922,1.9754539492e-6,1.015213215,5.308509566e-13,-4.67E-06,1.9754539492e-6,1.015213215,-1.98E-06,-1.015057728,-5.89E-13,-7.98E-06,5.308508906e-13,-4.67E-06,-5.89E-13,-7.98E-06,3.046475000e-14,2.1169804289e-4
0.2375,-2.02E-06,-1.012922839,2.0229566234e-6,1.01307846,5.879518337e-13,-4.68E-06,2.0229566234e-6,1.01307846,-2.02E-06,-1.012922644,-6.48E-13,-8.00E-06,5.879518333e-13,-4.68E-06,-6.48E-13,-8.00E-06,3.136524085e-14,2.1214470398e-4
0.238,-2.07E-06,-1.010796702,2.0699110709e-6,1.01095265,6.468247509e-13,-4.69E-06,2.0699110709e-6,1.01095265,-2.07E-06,-1.010796507,-7.09E-13,-8.02E-06,6.468247484e-13,-4.69E-06,-7.09E-13,-8.02E-06,3.226409854e-14,2.1259136534e-4
0.2385,-2.12E-06,-1.008679455,2.1163215793e-6,1.00883573,7.074508633e-13,-4.70E-06,2.1163215793e-6,1.00883573,-2.12E-06,-1.008679259,-7.71E-13,-8.03E-06,7.074508902e-13,-4.70E-06,-7.71E-13,-8.03E-06,3.315792000e-14,2.1303802695e-4
0.239,-2.16E-06,-1.006571041,2.1621926414e-6,1.006727644,7.698127274e-13,-4.71E-06,2.1621926414e-6,1.006727644,-2.16E-06,-1.006570845,-8.36E-13,-8.05E-06,7.698126923e-13,-4.71E-06,-8.36E-13,-8.05E-06,3.405550114e-14,2.1348468882e-4
0.2395,-2.21E-06,-1.004471406,2.2075285264e-6,1.004628337,8.338919387e-13,-4.72E-06,2.2075285264e-6,1.004628337,-2.21E-06,-1.00447121,-9.01E-13,-8.07E-06,8.338918479e-13,-4.72E-06,-9.01E-13,-8.07E-06,3.494569107e-14,2.1393135095e-4
0.24,-2.25E-06,-1.002380495,2.2523334919e-6,1.002537754,8.996708836e-13,-4.73E-06,2.2523334919e-6,1.002537754,-2.25E-06,-1.002380298,-9.69E-13,-8.08E-06,8.996709486e-13,-4.73E-06,-9.69E-13,-8.08E-06,3.583401948e-14,2.1437801334e-4
0.2405,-2.30E-06,-1.000298254,2.2966118659e-6,1.00045584,9.671321612e-13,-4.74E-06,2.2966118659e-6,1.00045584,-2.30E-06,-1.000298057,-1.04E-12,-8.10E-06,9.671322280e-13,-4.74E-06,-1.04E-12,-8.10E-06,3.672047693e-14,2.1482467599e-4
0.241,-2.34E-06,-0.99822463,2.3403677724e-6,0.998382543,1.036257748e-12,-4.75E-06,2.3403677724e-6,0.998382543,-2.34E-06,-0.998224432,-1.11E-12,-8.12E-06,1.036257682e-12,-4.75E-06,-1.11E-12,-8.12E-06,3.760398277e-14,2.1527133890e-4
0.2415,-2.38E-06,-0.996159567,2.3836054378e-6,0.996317809,1.107028727e-12,-4.76E-06,2.3836054378e-6,0.996317809,-2.38E-06,-0.996159369,-1.18E-12,-8.13E-06,1.107028637e-12,-4.76E-06,-1.18E-12,-8.13E-06,3.848346261e-14,2.1571800207e-4
0.242,-2.43E-06,-0.994103015,2.4263289525e-6,0.994261584,1.179429638e-12,-4.77E-06,2.4263289525e-6,0.994261584,-2.43E-06,-0.994102816,-1.26E-12,-8.15E-06,1.179429583e-12,-4.77E-06,-1.26E-12,-8.15E-06,3.936564806e-14,2.1616466551e-4
0.2425,-2.47E-06,-0.99205492,2.4685424401e-6,0.992213816,1.253440626e-12,-4.78E-06,2.4685424400e-6,0.992213816,-2.47E-06,-0.992054721,-1.33E-12,-8.17E-06,1.253440569e-12,-4.78E-06,-1.33E-12,-8.17E-06,4.024508102e-14,2.1661132920e-4
0.243,-2.51E-06,-0.99001523,2.5102499302e-6,0.990174454,1.329045958e-12,-4.79E-06,2.5102499302e-6,0.990174454,-2.51E-06,-0.990015031,-1.41E-12,-8.19E-06,1.329046026e-12,-4.79E-06,-1.41E-12,-8.19E-06,4.111519536e-14,2.1705799316e-4
0.2435,-2.55E-06,-0.987983894,2.5514555411e-6,0.988143446,1.406228320e-12,-4.80E-06,2.5514555411e-6,0.988143446,-2.55E-06,-0.987983694,-1.49E-12,-8.20E-06,1.406228261e-12,-4.80E-06,-1.49E-12,-8.20E-06,4.198836388e-14,2.1750465739e-4
0.244,-2.59E-06,-0.98596086,2.5921632087e-6,0.98612074,1.484968776e-12,-4.80E-06,2.5921632087e-6,0.98612074,-2.59E-06,-0.98596066,-1.57E-12,-8.22E-06,1.484968812e-12,-4.80E-06,-1.57E-12,-8.22E-06,4.285695773e-14,2.1795132187e-4
0.2445,-2.63E-06,-0.983946079,2.6323769423e-6,0.984106286,1.565251174e-12,-4.81E-06,2.6323769423e-6,0.984106286,-2.63E-06,-0.983945878,-1.65E-12,-8.24E-06,1.565251143e-12,-4.81E-06,-1.65E-12,-8.24E-06,4.372560779e-14,2.1839798662e-4
0.245,-2.67E-06,-0.981939498,2.6721005775e-6,0.982100033,1.647056633e-12,-4.82E-06,2.6721005775e-6,0.982100033,-2.67E-06,-0.981939297,-1.73E-12,-8.25E-06,1.647056616e-12,-4.82E-06,-1.73E-12,-8.25E-06,4.458674046e-14,2.1884465164e-4
0.2455,-2.71E-06,-0.979941069,2.7113380632e-6,0.980101932,1.730369485e-12,-4.83E-06,2.7113380632e-6,0.980101932,-2.71E-06,-0.979940868,-1.82E-12,-8.27E-06,1.730369537e-12,-4.83E-06,-1.82E-12,-8.27E-06,4.544503217e-14,2.1929131692e-4
0.246,-2.75E-06,-0.977950742,2.7500932962e-6,0.978111932,1.815172621e-12,-4.84E-06,2.7500932962e-6,0.978111932,-2.75E-06,-0.97795054,-1.91E-12,-8.29E-06,1.815172703e-12,-4.84E-06,-1.91E-12,-8.29E-06,4.630961907e-14,2.1973798247e-4
0.2465,-2.79E-06,-0.975968468,2.7883700355e-6,0.976129985,1.901447052e-12,-4.85E-06,2.7883700355e-6,0.976129985,-2.79E-06,-0.975968265,-1.99E-12,-8.30E-06,1.901447059e-12,-4.85E-06,-1.99E-12,-8.30E-06,4.716299150e-14,2.2018464829e-4
0.247,-2.83E-06,-0.973994197,2.8261721255e-6,0.974156043,1.989177434e-12,-4.86E-06,2.8261721255e-6,0.974156043,-2.83E-06,-0.973993995,-2.08E-12,-8.32E-06,1.989177453e-12,-4.86E-06,-2.08E-12,-8.32E-06,4.801546344e-14,2.2063131437e-4
0.2475,-2.86E-06,-0.972027883,2.8635033242e-6,0.972190055,2.078346234e-12,-4.87E-06,2.8635033242e-6,0.972190055,-2.86E-06,-0.972027679,-2.18E-12,-8.34E-06,2.078346203e-12,-4.87E-06,-2.18E-12,-8.34E-06,4.886401358e-14,2.2107798072e-4
0.248,-2.90E-06,-0.970069476,2.9003673438e-6,0.970231976,2.168935964e-12,-4.88E-06,2.9003673438e-6,0.970231976,-2.90E-06,-0.970069272,-2.27E-12,-8.35E-06,2.168936050e-12,-4.88E-06,-2.27E-12,-8.35E-06,4.971676393e-14,2.2152464734e-4
0.2485,-2.94E-06,-0.968118929,2.9367679565e-6,0.968281757,2.260929883e-12,-4.89E-06,2.9367679565e-6,0.968281757,-2.94E-06,-0.968118725,-2.36E-12,-8.37E-06,2.260930063e-12,-4.89E-06,-2.36E-12,-8.37E-06,5.055963634e-14,2.2197131422e-4
0.249,-2.97E-06,-0.966176194,2.9727087298e-6,0.96633935,2.354311816e-12,-4.90E-06,2.9727087298e-6,0.96633935,-2.97E-06,-0.96617599,-2.46E-12,-8.39E-06,2.354311782e-12,-4.90E-06,-2.46E-12,-8.39E-06,5.140080042e-14,2.2241798138e-4
0.2495,-3.01E-06,-0.964241226,3.0081933716e-6,0.96440471,2.449063286e-12,-4.91E-06,3.0081933716e-6,0.96440471,-3.01E-06,-0.964241022,-2.55E-12,-8.40E-06,2.449063362e-12,-4.91E-06,-2.55E-12,-8.40E-06,5.223956615e-14,2.2286464881e-4
0.25,-3.04E-06,-0.962313978,3.0432254684e-6,0.962477789,2.545168851e-12,-4.92E-06,3.0432254684e-6,0.962477789,-3.04E-06,-0.962313773,-2.65E-12,-8.42E-06,2.545168884e-12,-4.92E-06,-2.65E-12,-8.42E-06,5.307747277e-14,2.2331131651e-4
0.2505,-3.08E-06,-0.960394403,3.0778086116e-6,0.960558542,2.642612061e-12,-4.93E-06,3.0778086116e-6,0.960558542,-3.08E-06,-0.960394198,-2.75E-12,-8.44E-06,2.642612076e-12,-4.93E-06,-2.75E-12,-8.44E-06,5.390831255e-14,2.2375798447e-4
0.251,-3.11E-06,-0.958482456,3.1119462737e-6,0.958646923,2.741374444e-12,-4.94E-06,3.1119462737e-6,0.958646923,-3.11E-06,-0.95848225,-2.85E-12,-8.46E-06,2.741374352e-12,-4.94E-06,-2.85E-12,-8.46E-06,5.473702148e-14,2.2420465271e-4
0.2515,-3.14E-06,-0.956578092,3.1456421003e-6,0.956742886,2.841441325e-12,-4.95E-06,3.1456421003e-6,0.956742886,-3.15E-06,-0.956577885,-2.95E-12,-8.47E-06,2.841441399e-12,-4.95E-06,-2.95E-12,-8.47E-06,5.556854000e-14,2.2465132123e-4
0.252,-3.18E-06,-0.954681265,3.1788995112e-6,0.954846386,2.942794994e-12,-4.96E-06,3.1788995112e-6,0.954846386,-3.18E-06,-0.954681058,-3.06E-12,-8.49E-06,2.942794968e-12,-4.96E-06,-3.06E-12,-8.49E-06,5.639229456e-14,2.2509799001e-4
0.2525,-3.21E-06,-0.95279193,3.2117219900e-6,0.95295738,3.045418183e-12,-4.97E-06,3.2117219900e-6,0.95295738,-3.21E-06,-0.952791723,-3.16E-12,-8.51E-06,3.045418201e-12,-4.97E-06,-3.16E-12,-8.51E-06,5.721549687e-14,2.2554465907e-4
0.253,-3.24E-06,-0.950910045,3.2441129233e-6,0.951075822,3.149296143e-12,-4.98E-06,3.2441129233e-6,0.951075822,-3.24E-06,-0.950909837,-3.27E-12,-8.52E-06,3.149296267e-12,-4.98E-06,-3.27E-12,-8.52E-06,5.803206274e-14,2.2599132840e-4
0.2535,-3.28E-06,-0.949035564,3.2760758034e-6,0.949201668,3.254411701e-12,-4.99E-06,3.2760758034e-6,0.949201668,-3.28E-06,-0.949035356,-3.37E-12,-8.54E-06,3.254411802e-12,-4.99E-06,-3.37E-12,-8.54E-06,5.884703008e-14,2.2643799801e-4
0.254,-3.31E-06,-0.947168444,3.3076138905e-6,0.947334876,3.360748027e-12,-5.00E-06,3.3076138905e-6,0.947334876,-3.31E-06,-0.947168235,-3.48E-12,-8.56E-06,3.360748050e-12,-5.00E-06,-3.48E-12,-8.56E-06,5.966324866e-14,2.2688466789e-4
0.2545,-3.34E-06,-0.945308641,3.3387306774e-6,0.945475401,3.468289665e-12,-5.01E-06,3.3387306773e-6,0.945475401,-3.34E-06,-0.945308433,-3.59E-12,-8.57E-06,3.468289651e-12,-5.01E-06,-3.59E-12,-8.57E-06,6.047024685e-14,2.2733133805e-4
0.255,-3.37E-06,-0.943456114,3.3694293476e-6,0.943623202,3.577019300e-12,-5.02E-06,3.3694293476e-6,0.943623202,-3.37E-06,-0.943455905,-3.70E-12,-8.59E-06,3.577019267e-12,-5.02E-06,-3.70E-12,-8.59E-06,6.127759036e-14,2.2777800848e-4
0.2555,-3.40E-06,-0.941610819,3.3997132524e-6,0.941778234,3.686921222e-12,-5.03E-06,3.3997132524e-6,0.941778234,-3.40E-06,-0.941610609,-3.81E-12,-8.61E-06,3.686921111e-12,-5.03E-06,-3.81E-12,-8.61E-06,6.208040614e-14,2.2822467919e-4
0.256,-3.43E-06,-0.939772714,3.4295856346e-6,0.939940457,3.797980151e-12,-5.04E-06,3.4295856346e-6,0.939940457,-3.43E-06,-0.939772504,-3.93E-12,-8.62E-06,3.797980056e-12,-5.04E-06,-3.93E-12,-8.62E-06,6.288051446e-14,2.2867135017e-4
0.2565,-3.46E-06,-0.937941757,3.4590497859e-6,0.938109827,3.910177429e-12,-5.05E-06,3.4590497859e-6,0.938109827,-3.46E-06,-0.937941546,-4.04E-12,-8.64E-06,3.910177327e-12,-5.05E-06,-4.04E-12,-8.64E-06,6.367755945e-14,2.2911802144e-4
0.257,-3.49E-06,-0.936117907,3.4881088444e-6,0.936286305,4.023499488e-12,-5.06E-06,3.4881088444e-6,0.936286305,-3.49E-06,-0.936117696,-4.16E-12,-8.66E-06,4.023499339e-12,-5.06E-06,-4.16E-12,-8.66E-06,6.447339893e-14,2.2956469298e-4
0.2575,-3.52E-06,-0.934301122,3.5167660880e-6,0.934469847,4.137928484e-12,-5.07E-06,3.5167660880e-6,0.934469847,-3.52E-06,-0.93430091,-4.27E-12,-8.67E-06,4.137928563e-12,-5.07E-06,-4.27E-12,-8.67E-06,6.526660286e-14,2.3001136480e-4
0.258,-3.54E-06,-0.932491361,3.5450245927e-6,0.932660414,4.253451343e-12,-5.08E-06,3.5450245927e-6,0.932660414,-3.54E-06,-0.932491149,-4.39E-12,-8.69E-06,4.253451406e-12,-5.08E-06,-4.39E-12,-8.69E-06,6.605463773e-14,2.3045803690e-4
0.2585,-3.57E-06,-0.930688584,3.5728875793e-6,0.930857964,4.370048964e-12,-5.09E-06,3.5728875793e-6,0.930857964,-3.57E-06,-0.930688371,-4.51E-12,-8.71E-06,4.370048880e-12,-5.09E-06,-4.51E-12,-8.71E-06,6.683611343e-14,2.3090470928e-4
0.259,-3.60E-06,-0.92889275,3.6003580823e-6,0.929062458,4.487707206e-12,-5.10E-06,3.6003580823e-6,0.929062458,-3.60E-06,-0.928892537,-4.63E-12,-8.72E-06,4.487707184e-12,-5.10E-06,-4.63E-12,-8.72E-06,6.761855506e-14,2.3135138194e-4
0.2595,-3.63E-06,-0.927103819,3.6274392233e-6,0.927273855,4.606410143e-12,-5.11E-06,3.6274392233e-6,0.927273855,-3.63E-06,-0.927103606,-4.75E-12,-8.74E-06,4.606410212e-12,-5.11E-06,-4.75E-12,-8.74E-06,6.840172159e-14,2.3179805488e-4
0.26,-3.65E-06,-0.925321752,3.6541340447e-6,0.925492116,4.726140680e-12,-5.12E-06,3.6541340447e-6,0.925492116,-3.65E-06,-0.925321539,-4.87E-12,-8.76E-06,4.726140761e-12,-5.12E-06,-4.87E-12,-8.76E-06,6.917429552e-14,2.3224472810e-4
0.2605,-3.68E-06,-0.92354651,3.6804455760e-6,0.923717201,4.846884546e-12,-5.13E-06,3.6804455760e-6,0.923717201,-3.68E-06,-0.923546296,-4.99E-12,-8.78E-06,4.846884650e-12,-5.13E-06,-4.99E-12,-8.78E-06,6.994941733e-14,2.3269140161e-4
0.261,-3.71E-06,-0.921778052,3.7063768250e-6,0.921949071,4.968624950e-12,-5.14E-06,3.7063768250e-6,0.921949071,-3.71E-06,-0.921777838,-5.12E-12,-8.79E-06,4.968625004e-12,-5.14E-06,-5.12E-12,-8.79E-06,7.071692301e-14,2.3313807539e-4
0.2615,-3.73E-06,-0.920016341,3.7319308450e-6,0.920187688,5.091347616e-12,-5.15E-06,3.7319308450e-6,0.920187688,-3.73E-06,-0.920016126,-5.24E-12,-8.81E-06,5.091347601e-12,-5.15E-06,-5.24E-12,-8.81E-06,7.148444962e-14,2.3358474946e-4
0.262,-3.76E-06,-0.918261338,3.7571105404e-6,0.918433012,5.215036563e-12,-5.16E-06,3.7571105404e-6,0.918433012,-3.76E-06,-0.918261123,-5.37E-12,-8.83E-06,5.215036590e-12,-5.16E-06,-5.37E-12,-8.83E-06,7.224521124e-14,2.3403142382e-4
0.2625,-3.78E-06,-0.916513004,3.7819188350e-6,0.916685006,5.339675325e-12,-5.17E-06,3.7819188350e-6,0.916685006,-3.78E-06,-0.916512788,-5.49E-12,-8.84E-06,5.339675275e-12,-5.17E-06,-5.49E-12,-8.84E-06,7.300466401e-14,2.3447809845e-4
0.263,-3.81E-06,-0.914771302,3.8063586563e-6,0.914943632,5.465249151e-12,-5.18E-06,3.8063586563e-6,0.914943632,-3.81E-06,-0.914771086,-5.62E-12,-8.86E-06,5.465249218e-12,-5.18E-06,-5.62E-12,-8.86E-06,7.376052100e-14,2.3492477337e-4
0.2635,-3.83E-06,-0.913036194,3.8304329504e-6,0.913208851,5.591743767e-12,-5.19E-06,3.8304329504e-6,0.913208851,-3.83E-06,-0.913035977,-5.75E-12,-8.88E-06,5.591743690e-12,-5.19E-06,-5.75E-12,-8.88E-06,7.451605726e-14,2.3537144858e-4
0.264,-3.85E-06,-0.911307642,3.8541445045e-6,0.911480627,5.719142791e-12,-5.20E-06,3.8541445045e-6,0.911480627,-3.85E-06,-0.911307426,-5.88E-12,-8.89E-06,5.719142831e-12,-5.20E-06,-5.88E-12,-8.89E-06,7.526236075e-14,2.3581812407e-4
0.2645,-3.88E-06,-0.909585611,3.8774961937e-6,0.909758923,5.847430010e-12,-5.21E-06,3.8774961937e-6,0.909758923,-3.88E-06,-0.909585393,-6.01E-12,-8.91E-06,5.847430032e-12,-5.21E-06,-6.01E-12,-8.91E-06,7.601054390e-14,2.3626479985e-4
0.265,-3.90E-06,-0.907870062,3.9004908910e-6,0.908043702,5.976591513e-12,-5.22E-06,3.9004908910e-6,0.908043702,-3.90E-06,-0.907869844,-6.14E-12,-8.93E-06,5.976591607e-12,-5.22E-06,-6.14E-12,-8.93E-06,7.674839760e-14,2.3671147592e-4
0.2655,-3.92E-06,-0.906160959,3.9231312999e-6,0.906334927,6.106611983e-12,-5.23E-06,3.9231312999e-6,0.906334927,-3.92E-06,-0.906160741,-6.27E-12,-8.94E-06,6.106612004e-12,-5.23E-06,-6.27E-12,-8.94E-06,7.749263372e-14,2.3715815227e-4
0.266,-3.94E-06,-0.904458266,3.9454202859e-6,0.904632562,6.237476030e-12,-5.24E-06,3.9454202859e-6,0.904632562,-3.94E-06,-0.904458048,-6.41E-12,-8.96E-06,6.237476048e-12,-5.24E-06,-6.41E-12,-8.96E-06,7.822776551e-14,2.3760482891e-4
0.2665,-3.97E-06,-0.902761948,3.9673605535e-6,0.902936571,6.369167841e-12,-5.25E-06,3.9673605535e-6,0.902936571,-3.97E-06,-0.902761729,-6.54E-12,-8.98E-06,6.369167809e-12,-5.25E-06,-6.54E-12,-8.98E-06,7.895943272e-14,2.3805150584e-4
0.267,-3.99E-06,-0.901071967,3.9889548988e-6,0.901246918,6.501673820e-12,-5.26E-06,3.9889548988e-6,0.901246918,-3.99E-06,-0.901071748,-6.67E-12,-8.99E-06,6.501673725e-12,-5.26E-06,-6.67E-12,-8.99E-06,7.968886452e-14,2.3849818306e-4
0.2675,-4.01E-06,-0.89938829,4.0102059613e-6,0.899563569,6.634978092e-12,-5.27E-06,4.0102059613e-6,0.899563569,-4.01E-06,-0.899388071,-6.81E-12,-9.01E-06,6.634978123e-12,-5.27E-06,-6.81E-12,-9.01E-06,8.041840606e-14,2.3894486057e-4
0.268,-4.03E-06,-0.897710881,4.0311164999e-6,0.897886487,6.769066493e-12,-5.28E-06,4.0311164999e-6,0.897886487,-4.03E-06,-0.897710661,-6.95E-12,-9.03E-06,6.769066488e-12,-5.28E-06,-6.95E-12,-9.03E-06,8.114378930e-14,2.3939153837e-4
0.2685,-4.05E-06,-0.896039704,4.0516891106e-6,0.896215638,6.903923212e-12,-5.29E-06,4.0516891106e-6,0.896215638,-4.05E-06,-0.896039483,-7.08E-12,-9.04E-06,6.903923377e-12,-5.29E-06,-7.08E-12,-9.04E-06,8.185519480e-14,2.3983821646e-4
0.269,-4.07E-06,-0.894374725,4.0719265131e-6,0.894550987,7.039533759e-12,-5.30E-06,4.0719265131e-6,0.894550987,-4.07E-06,-0.894374505,-7.22E-12,-9.06E-06,7.039533868e-12,-5.30E-06,-7.22E-12,-9.06E-06,8.257503504e-14,2.4028489484e-4
0.2695,-4.09E-06,-0.892715911,4.0918312708e-6,0.8928925,7.175883927e-12,-5.31E-06,4.0918312708e-6,0.8928925,-4.09E-06,-0.892715689,-7.36E-12,-9.08E-06,7.175883930e-12,-5.31E-06,-7.36E-12,-9.08E-06,8.328466312e-14,2.4073157351e-4
0.27,-4.11E-06,-0.891063226,4.1114060750e-6,0.891240142,7.312958097e-12,-5.32E-06,4.1114060750e-6,0.891240142,-4.11E-06,-0.891063004,-7.50E-12,-9.10E-06,7.312958106e-12,-5.32E-06,-7.50E-12,-9.10E-06,8.399542513e-14,2.4117825247e-4
0.2705,-4.13E-06,-0.889416636,4.1306534393e-6,0.889593881,7.450741453e-12,-5.33E-06,4.1306534393e-6,0.889593881,-4.13E-06,-0.889416414,-7.64E-12,-9.11E-06,7.450741377e-12,-5.33E-06,-7.64E-12,-9.11E-06,8.470094650e-14,2.4162493173e-4
0.271,-4.15E-06,-0.887776109,4.1495759605e-6,0.887953681,7.589221336e-12,-5.34E-06,4.1495759605e-6,0.887953681,-4.15E-06,-0.887775887,-7.78E-12,-9.13E-06,7.589221366e-12,-5.34E-06,-7.78E-12,-9.13E-06,8.540151596e-14,2.4207161128e-4
0.2715,-4.17E-06,-0.886141611,4.1681761856e-6,0.88631951,7.728381242e-12,-5.35E-06,4.1681761856e-6,0.88631951,-4.17E-06,-0.886141388,-7.92E-12,-9.15E-06,7.728381153e-12,-5.35E-06,-7.92E-12,-9.15E-06,8.609856640e-14,2.4251829112e-4
0.272,-4.19E-06,-0.884513108,4.1864566669e-6,0.884691335,7.868208316e-12,-5.36E-06,4.1864566669e-6,0.884691335,-4.19E-06,-0.884512884,-8.06E-12,-9.16E-06,7.868208273e-12,-5.36E-06,-8.06E-12,-9.16E-06,8.679244225e-14,2.4296497126e-4
0.2725,-4.20E-06,-0.882890568,4.2044198247e-6,0.883069122,8.008685254e-12,-5.37E-06,4.2044198247e-6,0.883069122,-4.20E-06,-0.882890344,-8.20E-12,-9.18E-06,8.008685171e-12,-5.37E-06,-8.20E-12,-9.18E-06,8.748239649e-14,2.4341165169e-4
0.273,-4.22E-06,-0.881273957,4.2220683080e-6,0.88145284,8.149800596e-12,-5.38E-06,4.2220683080e-6,0.88145284,-4.22E-06,-0.881273733,-8.35E-12,-9.20E-06,8.149800664e-12,-5.38E-06,-8.35E-12,-9.20E-06,8.817216173e-14,2.4385833242e-4
0.2735,-4.24E-06,-0.879663245,4.2394044337e-6,0.879842455,8.291539389e-12,-5.39E-06,4.2394044337e-6,0.879842455,-4.24E-06,-0.87966302,-8.49E-12,-9.21E-06,8.291539405e-12,-5.39E-06,-8.49E-12,-9.21E-06,8.885324410e-14,2.4430501345e-4
0.274,-4.26E-06,-0.878058397,4.2564307153e-6,0.878237935,8.433886590e-12,-5.40E-06,4.2564307153e-6,0.878237935,-4.26E-06,-0.878058172,-8.63E-12,-9.23E-06,8.433886652e-12,-5.40E-06,-8.63E-12,-9.23E-06,8.953610135e-14,2.4475169477e-4
0.2745,-4.27E-06,-0.876459383,4.2731495481e-6,0.876639249,8.576828139e-12,-5.41E-06,4.2731495481e-6,0.876639249,-4.27E-06,-0.876459158,-8.78E-12,-9.25E-06,8.576828240e-12,-5.41E-06,-8.78E-12,-9.25E-06,9.021229438e-14,2.4519837639e-4
0.275,-4.29E-06,-0.874866171,4.2895634230e-6,0.875046364,8.720349911e-12,-5.42E-06,4.2895634230e-6,0.875046364,-4.29E-06,-0.874865945,-8.92E-12,-9.26E-06,8.720349961e-12,-5.42E-06,-8.92E-12,-9.26E-06,9.088673955e-14,2.4564505830e-4
0.2755,-4.30E-06,-0.873278729,4.3056746821e-6,0.87345925,8.864437742e-12,-5.43E-06,4.3056746821e-6,0.87345925,-4.30E-06,-0.873278503,-9.07E-12,-9.28E-06,8.864437769e-12,-5.43E-06,-9.07E-12,-9.28E-06,9.155440527e-14,2.4609174052e-4
0.276,-4.32E-06,-0.871697026,4.3214857221e-6,0.871877874,9.009078396e-12,-5.44E-06,4.3214857221e-6,0.871877874,-4.32E-06,-0.871696799,-9.22E-12,-9.30E-06,9.009078502e-12,-5.44E-06,-9.22E-12,-9.30E-06,9.222025358e-14,2.4653842303e-4
0.2765,-4.34E-06,-0.87012103,4.3369988361e-6,0.870302206,9.154256439e-12,-5.45E-06,4.3369988361e-6,0.870302206,-4.34E-06,-0.870120803,-9.36E-12,-9.31E-06,9.154256462e-12,-5.45E-06,-9.36E-12,-9.31E-06,9.288373402e-14,2.4698510584e-4
0.277,-4.35E-06,-0.868550712,4.3522164642e-6,0.868732216,9.299958951e-12,-5.46E-06,4.3522164642e-6,0.868732216,-4.35E-06,-0.868550485,-9.51E-12,-9.33E-06,9.299959068e-12,-5.46E-06,-9.51E-12,-9.33E-06,9.354096737e-14,2.4743178895e-4
0.2775,-4.37E-06,-0.86698604,4.3671408199e-6,0.867167872,9.446171554e-12,-5.46E-06,4.3671408199e-6,0.867167872,-4.37E-06,-0.866985812,-9.66E-12,-9.35E-06,9.446171564e-12,-5.46E-06,-9.66E-12,-9.35E-06,9.419700138e-14,2.4787847237e-4
0.278,-4.38E-06,-0.865426985,4.3817743081e-6,0.865609144,9.592881474e-12,-5.47E-06,4.3817743081e-6,0.865609144,-4.38E-06,-0.865426756,-9.81E-12,-9.36E-06,9.592881455e-12,-5.47E-06,-9.81E-12,-9.36E-06,9.484690568e-14,2.4832515608e-4
0.2785,-4.39E-06,-0.863873515,4.3961191724e-6,0.864056001,9.740072601e-12,-5.48E-06,4.3961191724e-6,0.864056001,-4.40E-06,-0.863873286,-9.96E-12,-9.38E-06,9.740072680e-12,-5.48E-06,-9.96E-12,-9.38E-06,9.549132421e-14,2.4877184009e-4
0.279,-4.41E-06,-0.862325601,4.4101776773e-6,0.862508415,9.887732779e-12,-5.49E-06,4.4101776773e-6,0.862508415,-4.41E-06,-0.862325372,-1.01E-11,-9.40E-06,9.887732714e-12,-5.49E-06,-1.01E-11,-9.40E-06,9.613424628e-14,2.4921852441e-4
0.2795,-4.42E-06,-0.860783213,4.4239520848e-6,0.860966355,1.003584841e-11,-5.50E-06,4.4239520848e-6,0.860966355,-4.42E-06,-0.860782984,-1.03E-11,-9.42E-06,1.003584837e-11,-5.50E-06,-1.03E-11,-9.42E-06,9.677636858e-14,2.4966520903e-4
0.28,-4.44E-06,-0.859246322,4.4374446427e-6,0.859429792,1.018440533e-11,-5.51E-06,4.4374446427e-6,0.859429792,-4.44E-06,-0.859246092,-1.04E-11,-9.43E-06,1.018440526e-11,-5.51E-06,-1.04E-11,-9.43E-06,9.741619193e-14,2.5011189395e-4
0.2805,-4.45E-06,-0.857714898,4.4506574966e-6,0.857898696,1.033338956e-11,-5.52E-06,4.4506574966e-6,0.857898696,-4.45E-06,-0.857714668,-1.06E-11,-9.45E-06,1.033338954e-11,-5.52E-06,-1.06E-11,-9.45E-06,9.804333651e-14,2.5055857918e-4
0.281,-4.46E-06,-0.856188913,4.4635929289e-6,0.856373038,1.048278855e-11,-5.53E-06,4.4635929289e-6,0.856373038,-4.46E-06,-0.856188682,-1.07E-11,-9.47E-06,1.048278859e-11,-5.53E-06,-1.07E-11,-9.47E-06,9.867300036e-14,2.5100526471e-4
0.2815,-4.47E-06,-0.854668337,4.4762531222e-6,0.85485279,1.063258883e-11,-5.54E-06,4.4762531222e-6,0.85485279,-4.48E-06,-0.854668106,-1.09E-11,-9.48E-06,1.063258887e-11,-5.54E-06,-1.09E-11,-9.48E-06,9.930042336e-14,2.5145195054e-4
0.282,-4.49E-06,-0.853153142,4.4886402159e-6,0.853337922,1.078277554e-11,-5.55E-06,4.4886402159e-6,0.853337922,-4.49E-06,-0.85315291,-1.10E-11,-9.50E-06,1.078277556e-11,-5.55E-06,-1.10E-11,-9.50E-06,9.991863132e-14,2.5189863668e-4
0.2825,-4.50E-06,-0.851643299,4.5007563500e-6,0.851828406,1.093333654e-11,-5.56E-06,4.5007563500e-6,0.851828406,-4.50E-06,-0.851643067,-1.12E-11,-9.52E-06,1.093333652e-11,-5.56E-06,-1.12E-11,-9.52E-06,1.005373342e-13,2.5234532313e-4
0.283,-4.51E-06,-0.850138779,4.5126036899e-6,0.850324215,1.108425751e-11,-5.57E-06,4.5126036899e-6,0.850324215,-4.51E-06,-0.850138547,-1.13E-11,-9.53E-06,1.108425756e-11,-5.57E-06,-1.13E-11,-9.53E-06,1.011496135e-13,2.5279200988e-4
0.2835,-4.52E-06,-0.848639556,4.5241843965e-6,0.848825319,1.123552726e-11,-5.58E-06,4.5241843965e-6,0.848825319,-4.52E-06,-0.848639323,-1.15E-11,-9.55E-06,1.123552723e-11,-5.58E-06,-1.15E-11,-9.55E-06,1.017596774e-13,2.5323869694e-4
0.284,-4.53E-06,-0.847145601,4.5355004501e-6,0.847331691,1.138713008e-11,-5.59E-06,4.5355004501e-6,0.847331691,-4.53E-06,-0.847145367,-1.16E-11,-9.57E-06,1.138713006e-11,-5.59E-06,-1.16E-11,-9.57E-06,1.023684257e-13,2.5368538431e-4
0.2845,-4.54E-06,-0.845656885,4.5465540673e-6,0.845843304,1.153905477e-11,-5.60E-06,4.5465540673e-6,0.845843304,-4.55E-06,-0.845656652,-1.18E-11,-9.58E-06,1.153905466e-11,-5.60E-06,-1.18E-11,-9.58E-06,1.029645578e-13,2.5413207198e-4
0.285,-4.56E-06,-0.844173383,4.5573472169e-6,0.844360129,1.169128582e-11,-5.61E-06,4.5573472169e-6,0.844360129,-4.56E-06,-0.844173149,-1.19E-11,-9.60E-06,1.169128584e-11,-5.61E-06,-1.19E-11,-9.60E-06,1.035656873e-13,2.5457875997e-4
0.2855,-4.57E-06,-0.842695066,4.5678820264e-6,0.842882139,1.184381288e-11,-5.62E-06,4.5678820264e-6,0.842882139,-4.57E-06,-0.842694831,-1.21E-11,-9.62E-06,1.184381285e-11,-5.62E-06,-1.21E-11,-9.62E-06,1.041561127e-13,2.5502544826e-4
0.286,-4.58E-06,-0.841221907,4.5781605140e-6,0.841409308,1.199662024e-11,-5.63E-06,4.5781605140e-6,0.841409308,-4.58E-06,-0.841221672,-1.22E-11,-9.63E-06,1.199662030e-11,-5.63E-06,-1.22E-11,-9.63E-06,1.047434942e-13,2.5547213686e-4
0.2865,-4.59E-06,-0.839753879,4.5881847303e-6,0.839941608,1.214969709e-11,-5.64E-06,4.5881847303e-6,0.839941608,-4.59E-06,-0.839753644,-1.24E-11,-9.65E-06,1.214969705e-11,-5.64E-06,-1.24E-11,-9.65E-06,1.053355154e-13,2.5591882577e-4
0.287,-4.60E-06,-0.838290956,4.5979566075e-6,0.838479013,1.230303023e-11,-5.65E-06,4.5979566075e-6,0.838479013,-4.60E-06,-0.838290721,-1.26E-11,-9.67E-06,1.230303027e-11,-5.65E-06,-1.26E-11,-9.67E-06,1.059154325e-13,2.5636551500e-4
0.2875,-4.61E-06,-0.836833111,4.6074782182e-6,0.837021496,1.245660552e-11,-5.66E-06,4.6074782182e-6,0.837021496,-4.61E-06,-0.836832875,-1.27E-11,-9.68E-06,1.245660558e-11,-5.66E-06,-1.27E-11,-9.68E-06,1.064954206e-13,2.5681220453e-4
0.288,-4.62E-06,-0.835380318,4.6167515565e-6,0.83556903,1.261041107e-11,-5.67E-06,4.6167515565e-6,0.83556903,-4.62E-06,-0.835380082,-1.29E-11,-9.70E-06,1.261041106e-11,-5.67E-06,-1.29E-11,-9.70E-06,1.070665588e-13,2.5725889438e-4
0.2885,-4.62E-06,-0.83393255,4.6257785128e-6,0.83412159,1.276443399e-11,-5.68E-06,4.6257785128e-6,0.83412159,-4.62E-06,-0.833932314,-1.30E-11,-9.72E-06,1.276443405e-11,-5.68E-06,-1.30E-11,-9.72E-06,1.076444101e-13,2.5770558454e-4
0.289,-4.63E-06,-0.832489782,4.6345611429e-6,0.832679149,1.291866091e-11,-5.69E-06,4.6345611429e-6,0.832679149,-4.63E-06,-0.832489545,-1.32E-11,-9.74E-06,1.291866092e-11,-5.69E-06,-1.32E-11,-9.74E-06,1.082067641e-13,2.5815227501e-4
0.2895,-4.64E-06,-0.831051987,4.6431012858e-6,0.831241682,1.307308165e-11,-5.70E-06,4.6431012858e-6,0.831241682,-4.64E-06,-0.83105175,-1.33E-11,-9.75E-06,1.307308170e-11,-5.70E-06,-1.33E-11,-9.75E-06,1.087703279e-13,2.5859896579e-4
0.29,-4.65E-06,-0.829619141,4.6514009174e-6,0.829809163,1.322768020e-11,-5.71E-06,4.6514009174e-6,0.829809163,-4.65E-06,-0.829618903,-1.35E-11,-9.77E-06,1.322768024e-11,-5.71E-06,-1.35E-11,-9.77E-06,1.093273915e-13,2.5904565689e-4
0.2905,-4.66E-06,-0.828191217,4.6594619499e-6,0.828381567,1.338244576e-11,-5.72E-06,4.6594619499e-6,0.828381567,-4.66E-06,-0.828190978,-1.36E-11,-9.79E-06,1.338244582e-11,-5.72E-06,-1.36E-11,-9.79E-06,1.098836052e-13,2.5949234830e-4
0.291,-4.67E-06,-0.82676819,4.6672862560e-6,0.826958867,1.353736562e-11,-5.73E-06,4.6672862560e-6,0.826958867,-4.67E-06,-0.826767951,-1.38E-11,-9.80E-06,1.353736560e-11,-5.73E-06,-1.38E-11,-9.80E-06,1.104324067e-13,2.5993904003e-4
0.2915,-4.67E-06,-0.825350035,4.6748757408e-6,0.82554104,1.369242739e-11,-5.74E-06,4.6748757408e-6,0.82554104,-4.67E-06,-0.825349795,-1.40E-11,-9.82E-06,1.369242739e-11,-5.74E-06,-1.40E-11,-9.82E-06,1.109805936e-13,2.6038573207e-4
0.292,-4.68E-06,-0.823936727,4.6822322508e-6,0.82412806,1.384761870e-11,-5.75E-06,4.6822322508e-6,0.82412806,-4.68E-06,-0.823936487,-1.41E-11,-9.84E-06,1.384761870e-11,-5.75E-06,-1.41E-11,-9.84E-06,1.115227790e-13,2.6083242443e-4
0.2925,-4.69E-06,-0.822528241,4.6893576626e-6,0.822719902,1.400292729e-11,-5.76E-06,4.6893576626e-6,0.822719902,-4.69E-06,-0.822528001,-1.43E-11,-9.85E-06,1.400292730e-11,-5.76E-06,-1.43E-11,-9.85E-06,1.120635844e-13,2.6127911711e-4
0.293,-4.69E-06,-0.821124553,4.6962537991e-6,0.821316541,1.415834030e-11,-5.77E-06,4.6962537991e-6,0.821316541,-4.70E-06,-0.821124312,-1.44E-11,-9.87E-06,1.415834024e-11,-5.77E-06,-1.44E-11,-9.87E-06,1.125976595e-13,2.6172581010e-4
0.2935,-4.70E-06,-0.819725638,4.7029225026e-6,0.819917954,1.431384611e-11,-5.78E-06,4.7029225026e-6,0.819917954,-4.70E-06,-0.819725397,-1.46E-11,-9.89E-06,1.431384620e-11,-5.78E-06,-1.46E-11,-9.89E-06,1.131296737e-13,2.6217250341e-4
0.294,-4.71E-06,-0.818331472,4.7093655833e-6,0.818524116,1.446943278e-11,-5.79E-06,4.7093655833e-6,0.818524116,-4.71E-06,-0.818331231,-1.47E-11,-9.90E-06,1.446943281e-11,-5.79E-06,-1.47E-11,-9.90E-06,1.136565443e-13,2.6261919704e-4
0.2945,-4.71E-06,-0.816942031,4.7155848581e-6,0.817135003,1.462508744e-11,-5.80E-06,4.7155848581e-6,0.817135003,-4.71E-06,-0.81694179,-1.49E-11,-9.92E-06,1.462508742e-11,-5.80E-06,-1.49E-11,-9.92E-06,1.141785490e-13,2.6306589099e-4
0.295,-4.72E-06,-0.815557291,4.7215820558e-6,0.81575059,1.478079781e-11,-5.81E-06,4.7215820558e-6,0.81575059,-4.72E-06,-0.815557049,-1.51E-11,-9.94E-06,1.478079790e-11,-5.81E-06,-1.51E-11,-9.94E-06,1.146959899e-13,2.6351258526e-4
0.2955,-4.73E-06,-0.814177228,4.7273590417e-6,0.814370855,1.493655235e-11,-5.82E-06,4.7273590417e-6,0.814370855,-4.73E-06,-0.814176986,-1.52E-11,-9.95E-06,1.493655235e-11,-5.82E-06,-1.52E-11,-9.95E-06,1.152113973e-13,2.6395927985e-4
0.296,-4.73E-06,-0.812801818,4.7329174995e-6,0.812995773,1.509233918e-11,-5.83E-06,4.7329174995e-6,0.812995773,-4.73E-06,-0.812801575,-1.54E-11,-9.97E-06,1.509233914e-11,-5.83E-06,-1.54E-11,-9.97E-06,1.157184545e-13,2.6440597475e-4
0.2965,-4.74E-06,-0.811431039,4.7382592240e-6,0.811625321,1.524814647e-11,-5.84E-06,4.7382592240e-6,0.811625321,-4.74E-06,-0.811430795,-1.55E-11,-9.99E-06,1.524814655e-11,-5.84E-06,-1.55E-11,-9.99E-06,1.162264172e-13,2.6485266998e-4
0.297,-4.74E-06,-0.810064865,4.7433859272e-6,0.810259475,1.540396214e-11,-5.85E-06,4.7433859272e-6,0.810259475,-4.74E-06,-0.810064622,-1.57E-11,-1.00E-05,1.540396219e-11,-5.85E-06,-1.57E-11,-1.00E-05,1.167301127e-13,2.6529936553e-4
0.2975,-4.75E-06,-0.808703276,4.7482993406e-6,0.808898213,1.555977368e-11,-5.86E-06,4.7482993406e-6,0.808898213,-4.75E-06,-0.808703031,-1.59E-11,-1.00E-05,1.555977365e-11,-5.86E-06,-1.59E-11,-1.00E-05,1.172266361e-13,2.6574606141e-4
0.298,-4.75E-06,-0.807346246,4.7530011980e-6,0.807541511,1.571557082e-11,-5.87E-06,4.7530011980e-6,0.807541511,-4.75E-06,-0.807346002,-1.60E-11,-1.00E-05,1.571557078e-11,-5.87E-06,-1.60E-11,-1.00E-05,1.177219491e-13,2.6619275760e-4
0.2985,-4.76E-06,-0.805993755,4.7574931845e-6,0.806189347,1.587134131e-11,-5.88E-06,4.7574931845e-6,0.806189347,-4.76E-06,-0.80599351,-1.62E-11,-1.01E-05,1.587134134e-11,-5.88E-06,-1.62E-11,-1.01E-05,1.182109912e-13,2.6663945412e-4
0.299,-4.76E-06,-0.804645778,4.7617769885e-6,0.804841698,1.602707153e-11,-5.89E-06,4.7617769885e-6,0.804841698,-4.76E-06,-0.804645532,-1.63E-11,-1.01E-05,1.602707162e-11,-5.89E-06,-1.63E-11,-1.01E-05,1.187008894e-13,2.6708615096e-4
0.2995,-4.76E-06,-0.803302293,4.7658542783e-6,0.803498541,1.618275241e-11,-5.90E-06,4.7658542783e-6,0.803498541,-4.76E-06,-0.803302047,-1.65E-11,-1.01E-05,1.618275249e-11,-5.90E-06,-1.65E-11,-1.01E-05,1.191799320e-13,2.6753284813e-4
0.3,-4.77E-06,-0.801963278,4.7697267114e-6,0.802159854,1.633837169e-11,-5.91E-06,4.7697267114e-6,0.802159854,-4.77E-06,-0.801963032,-1.66E-11,-1.01E-05,1.633837166e-11,-5.91E-06,-1.66E-11,-1.01E-05,1.196597525e-13,2.6797954562e-4
0.3005,-4.77E-06,-0.800628711,4.7733959783e-6,0.800825615,1.649391741e-11,-5.92E-06,4.7733959783e-6,0.800825615,-4.77E-06,-0.800628465,-1.68E-11,-1.01E-05,1.649391737e-11,-5.92E-06,-1.68E-11,-1.01E-05,1.201342472e-13,2.6842624344e-4
0.301,-4.78E-06,-0.79929857,4.7768636755e-6,0.799495801,1.664937860e-11,-5.93E-06,4.7768636755e-6,0.799495801,-4.78E-06,-0.799298323,-1.70E-11,-1.01E-05,1.664937860e-11,-5.93E-06,-1.70E-11,-1.01E-05,1.206051012e-13,2.6887294158e-4
0.3015,-4.78E-06,-0.797972832,4.7801314413e-6,0.79817039,1.680474245e-11,-5.94E-06,4.7801314413e-6,0.79817039,-4.78E-06,-0.797972584,-1.71E-11,-1.02E-05,1.680474243e-11,-5.94E-06,-1.71E-11,-1.02E-05,1.210728939e-13,2.6931964005e-4
0.302,-4.78E-06,-0.796651476,4.7832009127e-6,0.796849362,1.696000013e-11,-5.95E-06,4.7832009127e-6,0.796849362,-4.78E-06,-0.796651228,-1.73E-11,-1.02E-05,1.696000013e-11,-5.95E-06,-1.73E-11,-1.02E-05,1.215304965e-13,2.6976633884e-4
0.3025,-4.78E-06,-0.79533448,4.7860736840e-6,0.795532694,1.711513736e-11,-5.96E-06,4.7860736840e-6,0.795532694,-4.78E-06,-0.795334231,-1.74E-11,-1.02E-05,1.711513730e-11,-5.96E-06,-1.74E-11,-1.02E-05,1.219863158e-13,2.7021303797e-4
0.303,-4.79E-06,-0.794021822,4.7887513329e-6,0.794220364,1.727014532e-11,-5.97E-06,4.7887513329e-6,0.794220364,-4.79E-06,-0.794021574,-1.76E-11,-1.02E-05,1.727014532e-11,-5.97E-06,-1.76E-11,-1.02E-05,1.224443398e-13,2.7065973742e-4
0.3035,-4.79E-06,-0.792713482,4.7912354917e-6,0.792912351,1.742501300e-11,-5.98E-06,4.7912354917e-6,0.792912351,-4.79E-06,-0.792713233,-1.77E-11,-1.02E-05,1.742501301e-11,-5.98E-06,-1.77E-11,-1.02E-05,1.228897281e-13,2.7110643720e-4
0.304,-4.79E-06,-0.791409438,4.7935276718e-6,0.791608634,1.757972690e-11,-5.99E-06,4.7935276718e-6,0.791608634,-4.79E-06,-0.791409188,-1.79E-11,-1.02E-05,1.757972689e-11,-5.99E-06,-1.79E-11,-1.02E-05,1.233342931e-13,2.7155313731e-4
0.3045,-4.79E-06,-0.790109668,4.7956294489e-6,0.790309192,1.773427797e-11,-6.00E-06,4.7956294489e-6,0.790309192,-4.79E-06,-0.790109418,-1.81E-11,-1.03E-05,1.773427791e-11,-6.00E-06,-1.81E-11,-1.03E-05,1.237721030e-13,2.7199983775e-4
0.305,-4.80E-06,-0.788814152,4.7975424042e-6,0.789014004,1.788865292e-11,-6.01E-06,4.7975424042e-6,0.789014004,-4.80E-06,-0.788813902,-1.82E-11,-1.03E-05,1.788865287e-11,-6.01E-06,-1.82E-11,-1.03E-05,1.242083655e-13,2.7244653852e-4
0.3055,-4.80E-06,-0.78752287,4.7992680595e-6,0.787723049,1.804284355e-11,-6.02E-06,4.7992680595e-6,0.787723049,-4.80E-06,-0.787522619,-1.84E-11,-1.03E-05,1.804284357e-11,-6.02E-06,-1.84E-11,-1.03E-05,1.246449678e-13,2.7289323962e-4
0.306,-4.80E-06,-0.786235799,4.8008079343e-6,0.786436307,1.819683751e-11,-6.03E-06,4.8008079343e-6,0.786436307,-4.80E-06,-0.786235548,-1.85E-11,-1.03E-05,1.819683754e-11,-6.03E-06,-1.85E-11,-1.03E-05,1.250682857e-13,2.7333994105e-4
0.3065,-4.80E-06,-0.784952921,4.8021635461e-6,0.785153756,1.835062407e-11,-6.04E-06,4.8021635461e-6,0.785153756,-4.80E-06,-0.784952669,-1.87E-11,-1.03E-05,1.835062410e-11,-6.04E-06,-1.87E-11,-1.03E-05,1.254946905e-13,2.7378664281e-4
0.307,-4.80E-06,-0.783674213,4.8033363944e-6,0.783875376,1.850419131e-11,-6.05E-06,4.8033363944e-6,0.783875376,-4.80E-06,-0.783673961,-1.88E-11,-1.03E-05,1.850419119e-11,-6.05E-06,-1.88E-11,-1.03E-05,1.259128185e-13,2.7423334491e-4
0.3075,-4.80E-06,-0.782399657,4.8043280096e-6,0.782601147,1.865753062e-11,-6.06E-06,4.8043280096e-6,0.782601147,-4.80E-06,-0.782399405,-1.90E-11,-1.04E-05,1.865753055e-11,-6.06E-06,-1.90E-11,-1.04E-05,1.263335512e-13,2.7468004733e-4
0.308,-4.80E-06,-0.781129232,4.8051398333e-6,0.78133105,1.881062962e-11,-6.07E-06,4.8051398333e-6,0.78133105,-4.80E-06,-0.781128979,-1.91E-11,-1.04E-05,1.881062953e-11,-6.07E-06,-1.91E-11,-1.04E-05,1.267422178e-13,2.7512675010e-4
0.3085,-4.80E-06,-0.779862917,4.8057733836e-6,0.780065063,1.896347889e-11,-6.08E-06,4.8057733836e-6,0.780065063,-4.80E-06,-0.779862664,-1.93E-11,-1.04E-05,1.896347898e-11,-6.08E-06,-1.93E-11,-1.04E-05,1.271486453e-13,2.7557345319e-4
0.309,-4.80E-06,-0.778600693,4.8062300698e-6,0.778803167,1.911606548e-11,-6.09E-06,4.8062300698e-6,0.778803167,-4.80E-06,-0.77860044,-1.95E-11,-1.04E-05,1.911606559e-11,-6.09E-06,-1.95E-11,-1.04E-05,1.275515346e-13,2.7602015662e-4
0.3095,-4.80E-06,-0.777342541,4.8065114099e-6,0.777545342,1.926838116e-11,-6.10E-06,4.8065114099e-6,0.777545342,-4.81E-06,-0.777342287,-1.96E-11,-1.04E-05,1.926838107e-11,-6.10E-06,-1.96E-11,-1.04E-05,1.279518712e-13,2.7646686039e-4
0.31,-4.80E-06,-0.77608844,4.8066187982e-6,0.776291568,1.942041350e-11,-6.10E-06,4.8066187982e-6,0.776291568,-4.81E-06,-0.776088185,-1.98E-11,-1.04E-05,1.942041356e-11,-6.10E-06,-1.98E-11,-1.04E-05,1.283462024e-13,2.7691356449e-4
0.3105,-4.80E-06,-0.774838371,4.8065537126e-6,0.775041827,1.957215431e-11,-6.11E-06,4.8065537126e-6,0.775041827,-4.81E-06,-0.774838116,-1.99E-11,-1.05E-05,1.957215432e-11,-6.11E-06,-1.99E-11,-1.05E-05,1.287344228e-13,2.7736026893e-4
0.311,-4.80E-06,-0.773592314,4.8063175292e-6,0.773796098,1.972359131e-11,-6.12E-06,4.8063175292e-6,0.773796098,-4.81E-06,-0.773592059,-2.01E-11,-1.05E-05,1.972359133e-11,-6.12E-06,-2.01E-11,-1.05E-05,1.291186774e-13,2.7780697370e-4
0.3115,-4.80E-06,-0.772350251,4.8059116809e-6,0.772554363,1.987471578e-11,-6.13E-06,4.8059116809e-6,0.772554363,-4.80E-06,-0.772349996,-2.02E-11,-1.05E-05,1.987471580e-11,-6.13E-06,-2.02E-11,-1.05E-05,1.295033760e-13,2.7825367881e-4
0.312,-4.80E-06,-0.771112162,4.8053376066e-6,0.771316601,2.002551524e-11,-6.14E-06,4.8053376066e-6,0.771316601,-4.80E-06,-0.771111906,-2.04E-11,-1.05E-05,2.002551525e-11,-6.14E-06,-2.04E-11,-1.05E-05,1.298762584e-13,2.7870038426e-4
0.3125,-4.80E-06,-0.769878028,4.8045966721e-6,0.770082795,2.017598076e-11,-6.15E-06,4.8045966721e-6,0.770082795,-4.80E-06,-0.769877772,-2.05E-11,-1.05E-05,2.017598075e-11,-6.15E-06,-2.05E-11,-1.05E-05,1.302484347e-13,2.7914709005e-4
0.313,-4.80E-06,-0.768647831,4.8036902495e-6,0.768852925,2.032610208e-11,-6.16E-06,4.8036902495e-6,0.768852925,-4.80E-06,-0.768647574,-2.07E-11,-1.05E-05,2.032610198e-11,-6.16E-06,-2.07E-11,-1.05E-05,1.306210356e-13,2.7959379618e-4
0.3135,-4.80E-06,-0.76742155,4.8026197303e-6,0.767626973,2.047586851e-11,-6.17E-06,4.8026197303e-6,0.767626973,-4.80E-06,-0.767421293,-2.08E-11,-1.06E-05,2.047586846e-11,-6.17E-06,-2.08E-11,-1.06E-05,1.309829903e-13,2.8004050264e-4
0.314,-4.80E-06,-0.766199169,4.8013865058e-6,0.766404919,2.062526992e-11,-6.18E-06,4.8013865058e-6,0.766404919,-4.80E-06,-0.766198911,-2.10E-11,-1.06E-05,2.062527003e-11,-6.18E-06,-2.10E-11,-1.06E-05,1.313465725e-13,2.8048720945e-4
0.3145,-4.80E-06,-0.764980668,4.7999918740e-6,0.765186745,2.077429669e-11,-6.19E-06,4.7999918740e-6,0.765186745,-4.80E-06,-0.764980409,-2.11E-11,-1.06E-05,2.077429674e-11,-6.19E-06,-2.11E-11,-1.06E-05,1.317007825e-13,2.8093391660e-4
0.315,-4.80E-06,-0.763766028,4.7984372514e-6,0.763972433,2.092293961e-11,-6.20E-06,4.7984372514e-6,0.763972433,-4.80E-06,-0.76376577,-2.13E-11,-1.06E-05,2.092293952e-11,-6.20E-06,-2.13E-11,-1.06E-05,1.320568365e-13,2.8138062408e-4
0.3155,-4.79E-06,-0.762555232,4.7967238972e-6,0.762761965,2.107118692e-11,-6.21E-06,4.7967238972e-6,0.762761965,-4.80E-06,-0.762554973,-2.14E-11,-1.06E-05,2.107118705e-11,-6.21E-06,-2.14E-11,-1.06E-05,1.323981974e-13,2.8182733191e-4
0.316,-4.79E-06,-0.761348261,4.7948532288e-6,0.761555322,2.121903019e-11,-6.22E-06,4.7948532288e-6,0.761555322,-4.79E-06,-0.761348002,-2.16E-11,-1.06E-05,2.121903021e-11,-6.22E-06,-2.16E-11,-1.06E-05,1.327461228e-13,2.8227404008e-4
0.3165,-4.79E-06,-0.760145098,4.7928264960e-6,0.760352486,2.136645781e-11,-6.23E-06,4.7928264960e-6,0.760352486,-4.79E-06,-0.760144838,-2.17E-11,-1.07E-05,2.136645786e-11,-6.23E-06,-2.17E-11,-1.07E-05,1.330830507e-13,2.8272074860e-4
0.317,-4.79E-06,-0.758945723,4.7906450355e-6,0.759153439,2.151346139e-11,-6.24E-06,4.7906450355e-6,0.759153439,-4.79E-06,-0.758945463,-2.19E-11,-1.07E-05,2.151346150e-11,-6.24E-06,-2.19E-11,-1.07E-05,1.334169309e-13,2.8316745746e-4
0.3175,-4.79E-06,-0.75775012,4.7883101826e-6,0.757958163,2.166003125e-11,-6.25E-06,4.7883101826e-6,0.757958163,-4.79E-06,-0.75774986,-2.20E-11,-1.07E-05,2.166003128e-11,-6.25E-06,-2.20E-11,-1.07E-05,1.337491123e-13,2.8361416666e-4
0.318,-4.78E-06,-0.756558271,4.7858231615e-6,0.756766642,2.180615750e-11,-6.26E-06,4.7858231615e-6,0.756766642,-4.78E-06,-0.75655801,-2.22E-11,-1.07E-05,2.180615746e-11,-6.26E-06,-2.22E-11,-1.07E-05,1.340731778e-13,2.8406087620e-4
0.3185,-4.78E-06,-0.755370157,4.7831853254e-6,0.755578856,2.195182944e-11,-6.27E-06,4.7831853254e-6,0.755578856,-4.78E-06,-0.755369896,-2.23E-11,-1.07E-05,2.195182942e-11,-6.27E-06,-2.23E-11,-1.07E-05,1.343971795e-13,2.8450758609e-4
0.319,-4.78E-06,-0.754185762,4.7803978952e-6,0.754394788,2.209703836e-11,-6.28E-06,4.7803978952e-6,0.754394788,-4.78E-06,-0.7541855,-2.25E-11,-1.07E-05,2.209703838e-11,-6.28E-06,-2.25E-11,-1.07E-05,1.347125193e-13,2.8495429633e-4
0.3195,-4.78E-06,-0.753005068,4.7774621917e-6,0.753214422,2.224177458e-11,-6.29E-06,4.7774621917e-6,0.753214422,-4.78E-06,-0.753004806,-2.26E-11,-1.08E-05,2.224177448e-11,-6.29E-06,-2.26E-11,-1.08E-05,1.350261985e-13,2.8540100691e-4
0.32,-4.77E-06,-0.751828058,4.7743794469e-6,0.752037739,2.238602902e-11,-6.30E-06,4.7743794469e-6,0.752037739,-4.77E-06,-0.751827795,-2.28E-11,-1.08E-05,2.238602909e-11,-6.30E-06,-2.28E-11,-1.08E-05,1.353329888e-13,2.8584771784e-4
0.3205,-4.77E-06,-0.750654714,4.7711508750e-6,0.750864723,2.252979111e-11,-6.31E-06,4.7711508751e-6,0.750864723,-4.77E-06,-0.750654451,-2.29E-11,-1.08E-05,2.252979111e-11,-6.31E-06,-2.29E-11,-1.08E-05,1.356388267e-13,2.8629442911e-4
0.321,-4.77E-06,-0.74948502,4.7677777693e-6,0.749695356,2.267305292e-11,-6.32E-06,4.7677777693e-6,0.749695356,-4.77E-06,-0.749484756,-2.30E-11,-1.08E-05,2.267305288e-11,-6.32E-06,-2.30E-11,-1.08E-05,1.359351951e-13,2.8674114074e-4
0.3215,-4.76E-06,-0.748318958,4.7642613811e-6,0.748529622,2.281580514e-11,-6.33E-06,4.7642613811e-6,0.748529622,-4.76E-06,-0.748318694,-2.32E-11,-1.08E-05,2.281580515e-11,-6.33E-06,-2.32E-11,-1.08E-05,1.362347391e-13,2.8718785271e-4
0.322,-4.76E-06,-0.747156511,4.7606028403e-6,0.747367503,2.295803551e-11,-6.34E-06,4.7606028403e-6,0.747367503,-4.76E-06,-0.747156247,-2.33E-11,-1.08E-05,2.295803563e-11,-6.34E-06,-2.33E-11,-1.08E-05,1.365312273e-13,2.8763456503e-4
0.3225,-4.75E-06,-0.745997664,4.7568034553e-6,0.746208983,2.309973726e-11,-6.35E-06,4.7568034553e-6,0.746208983,-4.76E-06,-0.745997399,-2.35E-11,-1.09E-05,2.309973723e-11,-6.35E-06,-2.35E-11,-1.09E-05,1.368162286e-13,2.8808127770e-4
0.323,-4.75E-06,-0.744842398,4.7528643922e-6,0.745054046,2.324090186e-11,-6.36E-06,4.7528643922e-6,0.745054046,-4.75E-06,-0.744842133,-2.36E-11,-1.09E-05,2.324090180e-11,-6.36E-06,-2.36E-11,-1.09E-05,1.370957786e-13,2.8852799072e-4
0.3235,-4.75E-06,-0.743690698,4.7487868809e-6,0.743902673,2.338151912e-11,-6.37E-06,4.7487868810e-6,0.743902673,-4.75E-06,-0.743690432,-2.38E-11,-1.09E-05,2.338151908e-11,-6.37E-06,-2.38E-11,-1.09E-05,1.373792736e-13,2.8897470409e-4
0.324,-4.74E-06,-0.742542547,4.7445720801e-6,0.74275485,2.352157889e-11,-6.38E-06,4.7445720801e-6,0.74275485,-4.74E-06,-0.742542281,-2.39E-11,-1.09E-05,2.352157881e-11,-6.38E-06,-2.39E-11,-1.09E-05,1.376516805e-13,2.8942141781e-4
0.3245,-4.74E-06,-0.741397929,4.7402211860e-6,0.741610559,2.366107447e-11,-6.39E-06,4.7402211860e-6,0.741610559,-4.74E-06,-0.741397663,-2.40E-11,-1.09E-05,2.366107441e-11,-6.39E-06,-2.40E-11,-1.09E-05,1.379213380e-13,2.8986813188e-4
0.325,-4.73E-06,-0.740256827,4.7357354066e-6,0.740469785,2.379999446e-11,-6.40E-06,4.7357354066e-6,0.740469785,-4.73E-06,-0.74025656,-2.42E-11,-1.09E-05,2.379999442e-11,-6.40E-06,-2.42E-11,-1.09E-05,1.381888045e-13,2.9031484630e-4
0.3255,-4.73E-06,-0.739119226,4.7311158499e-6,0.739332512,2.393833120e-11,-6.41E-06,4.7311158499e-6,0.739332512,-4.73E-06,-0.739118958,-2.43E-11,-1.10E-05,2.393833130e-11,-6.41E-06,-2.43E-11,-1.10E-05,1.384458091e-13,2.9076156108e-4
0.326,-4.72E-06,-0.737985108,4.7263637352e-6,0.738198722,2.407607538e-11,-6.42E-06,4.7263637352e-6,0.738198722,-4.72E-06,-0.737984841,-2.45E-11,-1.10E-05,2.407607544e-11,-6.42E-06,-2.45E-11,-1.10E-05,1.387062880e-13,2.9120827621e-4
0.3265,-4.72E-06,-0.736854459,4.7214801634e-6,0.737068401,2.421321892e-11,-6.43E-06,4.7214801634e-6,0.737068401,-4.72E-06,-0.736854191,-2.46E-11,-1.10E-05,2.421321885e-11,-6.43E-06,-2.46E-11,-1.10E-05,1.389586706e-13,2.9165499169e-4
0.327,-4.71E-06,-0.735727263,4.7164663091e-6,0.735941531,2.434975098e-11,-6.44E-06,4.7164663091e-6,0.735941531,-4.72E-06,-0.735726994,-2.47E-11,-1.10E-05,2.434975093e-11,-6.44E-06,-2.47E-11,-1.10E-05,1.392102866e-13,2.9210170752e-4
0.3275,-4.71E-06,-0.734603503,4.7113233310e-6,0.734818099,2.448566610e-11,-6.45E-06,4.7113233310e-6,0.734818099,-4.71E-06,-0.734603234,-2.49E-11,-1.10E-05,2.448566608e-11,-6.45E-06,-2.49E-11,-1.10E-05,1.394496133e-13,2.9254842372e-4
0.328,-4.70E-06,-0.733483163,4.7060523250e-6,0.733698087,2.462095308e-11,-6.46E-06,4.7060523250e-6,0.733698087,-4.70E-06,-0.733482894,-2.50E-11,-1.10E-05,2.462095314e-11,-6.46E-06,-2.50E-11,-1.10E-05,1.396929208e-13,2.9299514026e-4
0.3285,-4.70E-06,-0.73236623,4.7006544278e-6,0.732581481,2.475560332e-11,-6.47E-06,4.7006544278e-6,0.732581481,-4.70E-06,-0.73236596,-2.52E-11,-1.11E-05,2.475560334e-11,-6.47E-06,-2.52E-11,-1.11E-05,1.399264859e-13,2.9344185716e-4
0.329,-4.69E-06,-0.731252686,4.6951307608e-6,0.731468265,2.488960967e-11,-6.48E-06,4.6951307608e-6,0.731468265,-4.69E-06,-0.731252415,-2.53E-11,-1.11E-05,2.488960976e-11,-6.48E-06,-2.53E-11,-1.11E-05,1.401532893e-13,2.9388857442e-4
0.3295,-4.69E-06,-0.730142516,4.6894824152e-6,0.730358423,2.502296314e-11,-6.49E-06,4.6894824152e-6,0.730358423,-4.69E-06,-0.730142245,-2.54E-11,-1.11E-05,2.502296316e-11,-6.49E-06,-2.54E-11,-1.11E-05,1.403819114e-13,2.9433529204e-4
0.33,-4.68E-06,-0.729035705,4.6837105225e-6,0.72925194,2.515565454e-11,-6.50E-06,4.6837105225e-6,0.72925194,-4.68E-06,-0.729035434,-2.56E-11,-1.11E-05,2.515565467e-11,-6.50E-06,-2.56E-11,-1.11E-05,1.406075826e-13,2.9478201001e-4
0.3305,-4.68E-06,-0.727932239,4.6778161010e-6,0.728148801,2.528767475e-11,-6.51E-06,4.6778161010e-6,0.728148801,-4.68E-06,-0.727931967,-2.57E-11,-1.11E-05,2.528767470e-11,-6.51E-06,-2.57E-11,-1.11E-05,1.408255923e-13,2.9522872834e-4
0.331,-4.67E-06,-0.726832101,4.6718003307e-6,0.727048991,2.541901688e-11,-6.52E-06,4.6718003307e-6,0.727048991,-4.67E-06,-0.726831829,-2.58E-11,-1.12E-05,2.541901691e-11,-6.52E-06,-2.58E-11,-1.12E-05,1.410378827e-13,2.9567544703e-4
0.3315,-4.66E-06,-0.725735277,4.6656642420e-6,0.725952495,2.554967192e-11,-6.53E-06,4.6656642420e-6,0.725952495,-4.66E-06,-0.725735005,-2.60E-11,-1.12E-05,2.554967198e-11,-6.53E-06,-2.60E-11,-1.12E-05,1.412497902e-13,2.9612216608e-4
0.332,-4.66E-06,-0.724641752,4.6594089088e-6,0.724859297,2.567963265e-11,-6.54E-06,4.6594089088e-6,0.724859297,-4.66E-06,-0.724641479,-2.61E-11,-1.12E-05,2.567963265e-11,-6.54E-06,-2.61E-11,-1.12E-05,1.414511079e-13,2.9656888549e-4
0.3325,-4.65E-06,-0.723551511,4.6530354152e-6,0.723769384,2.580888894e-11,-6.55E-06,4.6530354152e-6,0.723769384,-4.65E-06,-0.723551238,-2.62E-11,-1.12E-05,2.580888899e-11,-6.55E-06,-2.62E-11,-1.12E-05,1.416527384e-13,2.9701560525e-4
0.333,-4.64E-06,-0.722464539,4.6465447798e-6,0.72268274,2.593743413e-11,-6.56E-06,4.6465447798e-6,0.72268274,-4.65E-06,-0.722464265,-2.64E-11,-1.12E-05,2.593743423e-11,-6.56E-06,-2.64E-11,-1.12E-05,1.418489642e-13,2.9746232538e-4
0.3335,-4.64E-06,-0.721380822,4.6399381134e-6,0.72159935,2.606525874e-11,-6.57E-06,4.6399381134e-6,0.72159935,-4.64E-06,-0.721380548,-2.65E-11,-1.12E-05,2.606525880e-11,-6.57E-06,-2.65E-11,-1.12E-05,1.420385436e-13,2.9790904587e-4
0.334,-4.63E-06,-0.720300344,4.6332163930e-6,0.7205192,2.619235678e-11,-6.58E-06,4.6332163930e-6,0.7205192,-4.63E-06,-0.72030007,-2.66E-11,-1.13E-05,2.619235667e-11,-6.58E-06,-2.66E-11,-1.13E-05,1.422280094e-13,2.9835576672e-4
0.3345,-4.62E-06,-0.719223092,4.6263807022e-6,0.719442276,2.631871698e-11,-6.59E-06,4.6263807022e-6,0.719442276,-4.62E-06,-0.719222818,-2.67E-11,-1.13E-05,2.631871697e-11,-6.59E-06,-2.67E-11,-1.13E-05,1.424106096e-13,2.9880248794e-4
0.335,-4.62E-06,-0.718149052,4.6194320648e-6,0.718368563,2.644433442e-11,-6.60E-06,4.6194320648e-6,0.718368563,-4.62E-06,-0.718148776,-2.69E-11,-1.13E-05,2.644433434e-11,-6.60E-06,-2.69E-11,-1.13E-05,1.425884757e-13,2.9924920951e-4
0.3355,-4.61E-06,-0.717078207,4.6123714968e-6,0.717298046,2.656920015e-11,-6.61E-06,4.6123714968e-6,0.717298046,-4.61E-06,-0.717077932,-2.70E-11,-1.13E-05,2.656920002e-11,-6.61E-06,-2.70E-11,-1.13E-05,1.427649027e-13,2.9969593145e-4
0.336,-4.60E-06,-0.716010546,4.6052000052e-6,0.716230712,2.669330549e-11,-6.62E-06,4.6052000052e-6,0.716230712,-4.60E-06,-0.71601027,-2.71E-11,-1.13E-05,2.669330551e-11,-6.62E-06,-2.71E-11,-1.13E-05,1.429331954e-13,3.0014265375e-4
0.3365,-4.60E-06,-0.714946053,4.5979186235e-6,0.715166547,2.681664343e-11,-6.63E-06,4.5979186235e-6,0.715166547,-4.60E-06,-0.714945776,-2.72E-11,-1.13E-05,2.681664347e-11,-6.63E-06,-2.72E-11,-1.13E-05,1.431033446e-13,3.0058937642e-4
0.337,-4.59E-06,-0.713884714,4.5905283436e-6,0.714105536,2.693920549e-11,-6.64E-06,4.5905283436e-6,0.714105536,-4.59E-06,-0.713884437,-2.74E-11,-1.14E-05,2.693920547e-11,-6.64E-06,-2.74E-11,-1.14E-05,1.432631572e-13,3.0103609946e-4
0.3375,-4.58E-06,-0.712826515,4.5830301855e-6,0.713047665,2.706098596e-11,-6.65E-06,4.5830301855e-6,0.713047665,-4.58E-06,-0.712826238,-2.75E-11,-1.14E-05,2.706098595e-11,-6.65E-06,-2.75E-11,-1.14E-05,1.434182094e-13,3.0148282285e-4
0.338,-4.57E-06,-0.711771443,4.5754250755e-6,0.71199292,2.718197366e-11,-6.66E-06,4.5754250755e-6,0.71199292,-4.57E-06,-0.711771165,-2.76E-11,-1.14E-05,2.718197389e-11,-6.66E-06,-2.76E-11,-1.14E-05,1.435730414e-13,3.0192954662e-4
0.3385,-4.57E-06,-0.710719483,4.5677140492e-6,0.710941288,2.730216369e-11,-6.67E-06,4.5677140492e-6,0.710941288,-4.57E-06,-0.710719205,-2.77E-11,-1.14E-05,2.730216378e-11,-6.67E-06,-2.77E-11,-1.14E-05,1.437210417e-13,3.0237627075e-4
0.339,-4.56E-06,-0.709670622,4.5598980966e-6,0.709892755,2.742154721e-11,-6.68E-06,4.5598980966e-6,0.709892755,-4.56E-06,-0.709670344,-2.79E-11,-1.14E-05,2.742154711e-11,-6.68E-06,-2.79E-11,-1.14E-05,1.438645636e-13,3.0282299525e-4
0.3395,-4.55E-06,-0.708624847,4.5519781655e-6,0.708847307,2.754011827e-11,-6.69E-06,4.5519781655e-6,0.708847307,-4.55E-06,-0.708624568,-2.80E-11,-1.14E-05,2.754011840e-11,-6.69E-06,-2.80E-11,-1.14E-05,1.440070571e-13,3.0326972011e-4
0.34,-4.54E-06,-0.707582143,4.5439552189e-6,0.707804931,2.765786638e-11,-6.70E-06,4.5439552189e-6,0.707804931,-4.54E-06,-0.707581864,-2.81E-11,-1.15E-05,2.765786639e-11,-6.70E-06,-2.81E-11,-1.15E-05,1.441387110e-13,3.0371644535e-4
0.3405,-4.53E-06,-0.706542497,4.5358302348e-6,0.706765612,2.777478723e-11,-6.71E-06,4.5358302348e-6,0.706765612,-4.53E-06,-0.706542217,-2.82E-11,-1.15E-05,2.777478729e-11,-6.71E-06,-2.82E-11,-1.15E-05,1.442741244e-13,3.0416317095e-4
0.341,-4.53E-06,-0.705505895,4.5276041494e-6,0.705729339,2.789087146e-11,-6.72E-06,4.5276041494e-6,0.705729339,-4.53E-06,-0.705505615,-2.83E-11,-1.15E-05,2.789087138e-11,-6.72E-06,-2.83E-11,-1.15E-05,1.443990645e-13,3.0460989692e-4
0.3415,-4.52E-06,-0.704472325,4.5192778877e-6,0.704696096,2.800611272e-11,-6.73E-06,4.5192778877e-6,0.704696096,-4.52E-06,-0.704472045,-2.84E-11,-1.15E-05,2.800611281e-11,-6.73E-06,-2.84E-11,-1.15E-05,1.445226442e-13,3.0505662326e-4
0.342,-4.51E-06,-0.703441774,4.5108524518e-6,0.703665872,2.812050273e-11,-6.74E-06,4.5108524518e-6,0.703665872,-4.51E-06,-0.703441493,-2.86E-11,-1.15E-05,2.812050278e-11,-6.74E-06,-2.86E-11,-1.15E-05,1.446395644e-13,3.0550334998e-4
0.3425,-4.50E-06,-0.702414226,4.5023287247e-6,0.702638653,2.823403530e-11,-6.75E-06,4.5023287247e-6,0.702638653,-4.50E-06,-0.702413945,-2.87E-11,-1.15E-05,2.823403523e-11,-6.75E-06,-2.87E-11,-1.15E-05,1.447534218e-13,3.0595007706e-4
0.343,-4.49E-06,-0.701389671,4.4937076666e-6,0.701614425,2.834670322e-11,-6.75E-06,4.4937076666e-6,0.701614425,-4.49E-06,-0.701389389,-2.88E-11,-1.16E-05,2.834670318e-11,-6.75E-06,-2.88E-11,-1.16E-05,1.448656297e-13,3.0639680451e-4
0.3435,-4.48E-06,-0.700368095,4.4849901890e-6,0.700593176,2.845849813e-11,-6.76E-06,4.4849901890e-6,0.700593176,-4.48E-06,-0.700367812,-2.89E-11,-1.16E-05,2.845849811e-11,-6.76E-06,-2.89E-11,-1.16E-05,1.449709532e-13,3.0684353234e-4
0.344,-4.47E-06,-0.699349484,4.4761771845e-6,0.699574893,2.856941421e-11,-6.77E-06,4.4761771845e-6,0.699574893,-4.47E-06,-0.699349201,-2.90E-11,-1.16E-05,2.856941418e-11,-6.77E-06,-2.90E-11,-1.16E-05,1.450697293e-13,3.0729026054e-4
0.3445,-4.47E-06,-0.698333826,4.4672695991e-6,0.698559563,2.867944376e-11,-6.78E-06,4.4672695991e-6,0.698559563,-4.47E-06,-0.698333543,-2.91E-11,-1.16E-05,2.867944380e-11,-6.78E-06,-2.91E-11,-1.16E-05,1.451656722e-13,3.0773698911e-4
0.345,-4.46E-06,-0.697321108,4.4582683381e-6,0.697547172,2.878858008e-11,-6.79E-06,4.4582683381e-6,0.697547172,-4.46E-06,-0.697320825,-2.92E-11,-1.16E-05,2.878857999e-11,-6.79E-06,-2.92E-11,-1.16E-05,1.452591390e-13,3.0818371806e-4
0.3455,-4.45E-06,-0.696311317,4.4491742867e-6,0.696537709,2.889681614e-11,-6.80E-06,4.4491742867e-6,0.696537709,-4.45E-06,-0.696311034,-2.93E-11,-1.16E-05,2.889681607e-11,-6.80E-06,-2.93E-11,-1.16E-05,1.453450210e-13,3.0863044738e-4
0.346,-4.44E-06,-0.695304441,4.4399883236e-6,0.695531161,2.900414487e-11,-6.81E-06,4.4399883236e-6,0.695531161,-4.44E-06,-0.695304157,-2.95E-11,-1.17E-05,2.900414481e-11,-6.81E-06,-2.95E-11,-1.17E-05,1.454315153e-13,3.0907717708e-4
0.3465,-4.43E-06,-0.694300468,4.4307113877e-6,0.694527515,2.911055961e-11,-6.82E-06,4.4307113877e-6,0.694527515,-4.43E-06,-0.694300183,-2.96E-11,-1.17E-05,2.911055976e-11,-6.82E-06,-2.96E-11,-1.17E-05,1.455079655e-13,3.0952390715e-4
0.347,-4.42E-06,-0.693299383,4.4213443026e-6,0.693526758,2.921605448e-11,-6.83E-06,4.4213443026e-6,0.693526758,-4.42E-06,-0.693299098,-2.97E-11,-1.17E-05,2.921605449e-11,-6.83E-06,-2.97E-11,-1.17E-05,1.455804159e-13,3.0997063759e-4
0.3475,-4.41E-06,-0.692301176,4.4118879595e-6,0.692528879,2.932062028e-11,-6.84E-06,4.4118879595e-6,0.692528879,-4.41E-06,-0.692300891,-2.98E-11,-1.17E-05,2.932062025e-11,-6.84E-06,-2.98E-11,-1.17E-05,1.456549203e-13,3.1041736841e-4
0.348,-4.40E-06,-0.691305834,4.4023432569e-6,0.691533864,2.942425270e-11,-6.85E-06,4.4023432569e-6,0.691533864,-4.40E-06,-0.691305548,-2.99E-11,-1.17E-05,2.942425275e-11,-6.85E-06,-2.99E-11,-1.17E-05,1.457231290e-13,3.1086409961e-4
0.3485,-4.39E-06,-0.690313344,4.3927110327e-6,0.690541702,2.952694335e-11,-6.86E-06,4.3927110327e-6,0.690541702,-4.39E-06,-0.690313057,-3.00E-11,-1.17E-05,2.952694332e-11,-6.86E-06,-3.00E-11,-1.17E-05,1.457833586e-13,3.1131083119e-4
0.349,-4.38E-06,-0.689323694,4.3829921891e-6,0.68955238,2.962868736e-11,-6.87E-06,4.3829921891e-6,0.68955238,-4.38E-06,-0.689323407,-3.01E-11,-1.18E-05,2.962868739e-11,-6.87E-06,-3.01E-11,-1.18E-05,1.458428487e-13,3.1175756315e-4
0.3495,-4.37E-06,-0.688336872,4.3731875605e-6,0.688565886,2.972947740e-11,-6.88E-06,4.3731875605e-6,0.688565886,-4.37E-06,-0.688336585,-3.02E-11,-1.18E-05,2.972947737e-11,-6.88E-06,-3.02E-11,-1.18E-05,1.458977614e-13,3.1220429548e-4
0.35,-4.36E-06,-0.687352866,4.3632979414e-6,0.687582207,2.982930563e-11,-6.89E-06,4.3632979414e-6,0.687582207,-4.36E-06,-0.687352579,-3.03E-11,-1.18E-05,2.982930566e-11,-6.89E-06,-3.03E-11,-1.18E-05,1.459420544e-13,3.1265102819e-4
0.3505,-4.35E-06,-0.686371664,4.3533242406e-6,0.686601333,2.992816853e-11,-6.90E-06,4.3533242406e-6,0.686601333,-4.35E-06,-0.686371377,-3.04E-11,-1.18E-05,2.992816851e-11,-6.90E-06,-3.04E-11,-1.18E-05,1.459885655e-13,3.1309776128e-4
0.351,-4.34E-06,-0.685393254,4.3432672877e-6,0.685623251,3.002605676e-11,-6.91E-06,4.3432672877e-6,0.685623251,-4.34E-06,-0.685392966,-3.05E-11,-1.18E-05,3.002605680e-11,-6.91E-06,-3.05E-11,-1.18E-05,1.460279924e-13,3.1354449476e-4
0.3515,-4.33E-06,-0.684417625,4.3331278860e-6,0.684647949,3.012296482e-11,-6.92E-06,4.3331278860e-6,0.684647949,-4.33E-06,-0.684417336,-3.06E-11,-1.18E-05,3.012296487e-11,-6.92E-06,-3.06E-11,-1.18E-05,1.460698966e-13,3.1399122861e-4
0.352,-4.32E-06,-0.683444763,4.3229069312e-6,0.683675415,3.021888768e-11,-6.93E-06,4.3229069312e-6,0.683675415,-4.32E-06,-0.683444474,-3.07E-11,-1.19E-05,3.021888774e-11,-6.93E-06,-3.07E-11,-1.19E-05,1.461016639e-13,3.1443796284e-4
0.3525,-4.31E-06,-0.682474658,4.3126051590e-6,0.682705637,3.031381849e-11,-6.94E-06,4.3126051590e-6,0.682705637,-4.31E-06,-0.682474368,-3.08E-11,-1.19E-05,3.031381838e-11,-6.94E-06,-3.08E-11,-1.19E-05,1.461295931e-13,3.1488469746e-4
0.353,-4.30E-06,-0.681507298,4.3022234676e-6,0.681738605,3.040775008e-11,-6.95E-06,4.3022234676e-6,0.681738605,-4.30E-06,-0.681507008,-3.09E-11,-1.19E-05,3.040775006e-11,-6.95E-06,-3.09E-11,-1.19E-05,1.461477618e-13,3.1533143246e-4
0.3535,-4.29E-06,-0.68054267,4.2917625932e-6,0.680774305,3.050067713e-11,-6.96E-06,4.2917625932e-6,0.680774305,-4.29E-06,-0.68054238,-3.10E-11,-1.19E-05,3.050067719e-11,-6.96E-06,-3.10E-11,-1.19E-05,1.461702869e-13,3.1577816784e-4
0.354,-4.28E-06,-0.679580765,4.2812234073e-6,0.679812727,3.059259365e-11,-6.97E-06,4.2812234073e-6,0.679812727,-4.28E-06,-0.679580474,-3.11E-11,-1.19E-05,3.059259361e-11,-6.97E-06,-3.11E-11,-1.19E-05,1.461868783e-13,3.1622490361e-4
0.3545,-4.27E-06,-0.67862157,4.2706066655e-6,0.67885386,3.068349236e-11,-6.98E-06,4.2706066655e-6,0.67885386,-4.27E-06,-0.678621279,-3.12E-11,-1.19E-05,3.068349238e-11,-6.98E-06,-3.12E-11,-1.19E-05,1.461961341e-13,3.1667163975e-4
0.355,-4.26E-06,-0.677665073,4.2599132230e-6,0.677897691,3.077336977e-11,-6.99E-06,4.2599132230e-6,0.677897691,-4.26E-06,-0.677664781,-3.12E-11,-1.20E-05,3.077336974e-11,-6.99E-06,-3.12E-11,-1.20E-05,1.462033290e-13,3.1711837629e-4
0.3555,-4.25E-06,-0.676711264,4.2491438082e-6,0.676944209,3.086221672e-11,-7.00E-06,4.2491438082e-6,0.676944209,-4.25E-06,-0.676710972,-3.13E-11,-1.20E-05,3.086221673e-11,-7.00E-06,-3.13E-11,-1.20E-05,1.462049198e-13,3.1756511321e-4
0.356,-4.24E-06,-0.67576013,4.2382992276e-6,0.675993404,3.095002981e-11,-7.01E-06,4.2382992276e-6,0.675993404,-4.24E-06,-0.675759838,-3.14E-11,-1.20E-05,3.095002980e-11,-7.01E-06,-3.14E-11,-1.20E-05,1.462029173e-13,3.1801185051e-4
0.3565,-4.23E-06,-0.674811662,4.2273803077e-6,0.675045263,3.103680184e-11,-7.02E-06,4.2273803077e-6,0.675045263,-4.23E-06,-0.674811369,-3.15E-11,-1.20E-05,3.103680181e-11,-7.02E-06,-3.15E-11,-1.20E-05,1.461960128e-13,3.1845858820e-4
0.357,-4.21E-06,-0.673865847,4.2163877818e-6,0.674099776,3.112252819e-11,-7.03E-06,4.2163877818e-6,0.674099776,-4.21E-06,-0.673865554,-3.16E-11,-1.20E-05,3.112252815e-11,-7.03E-06,-3.16E-11,-1.20E-05,1.461906852e-13,3.1890532628e-4
0.3575,-4.20E-06,-0.672922675,4.2053224253e-6,0.673156931,3.120720191e-11,-7.04E-06,4.2053224253e-6,0.673156931,-4.20E-06,-0.672922381,-3.17E-11,-1.20E-05,3.120720180e-11,-7.04E-06,-3.17E-11,-1.20E-05,1.461734938e-13,3.1935206474e-4
0.358,-4.19E-06,-0.671982134,4.1941850393e-6,0.672216718,3.129081800e-11,-7.05E-06,4.1941850393e-6,0.672216718,-4.19E-06,-0.67198184,-3.18E-11,-1.21E-05,3.129081804e-11,-7.05E-06,-3.18E-11,-1.21E-05,1.461531878e-13,3.1979880359e-4
0.3585,-4.18E-06,-0.671044214,4.1829763524e-6,0.671279125,3.137337002e-11,-7.06E-06,4.1829763524e-6,0.671279125,-4.18E-06,-0.67104392,-3.19E-11,-1.21E-05,3.137337010e-11,-7.06E-06,-3.19E-11,-1.21E-05,1.461307750e-13,3.2024554283e-4
0.359,-4.17E-06,-0.670108903,4.1716971320e-6,0.670344142,3.145485263e-11,-7.07E-06,4.1716971320e-6,0.670344142,-4.17E-06,-0.670108608,-3.19E-11,-1.21E-05,3.145485272e-11,-7.07E-06,-3.19E-11,-1.21E-05,1.461050796e-13,3.2069228246e-4
0.3595,-4.16E-06,-0.669176191,4.1603481514e-6,0.669411758,3.153526064e-11,-7.08E-06,4.1603481514e-6,0.669411758,-4.16E-06,-0.669175896,-3.20E-11,-1.21E-05,3.153526051e-11,-7.08E-06,-3.20E-11,-1.21E-05,1.460738207e-13,3.2113902248e-4
0.36,-4.15E-06,-0.668246067,4.1489301136e-6,0.668481961,3.161458943e-11,-7.09E-06,4.1489301136e-6,0.668481961,-4.15E-06,-0.668245771,-3.21E-11,-1.21E-05,3.161458948e-11,-7.09E-06,-3.21E-11,-1.21E-05,1.460369906e-13,3.2158576289e-4
0.3605,-4.14E-06,-0.66731852,4.1374438150e-6,0.667554742,3.169283150e-11,-7.10E-06,4.1374438150e-6,0.667554742,-4.14E-06,-0.667318224,-3.22E-11,-1.21E-05,3.169283159e-11,-7.10E-06,-3.22E-11,-1.21E-05,1.459990083e-13,3.2203250369e-4
0.361,-4.12E-06,-0.66639354,4.1258899777e-6,0.666630089,3.176998327e-11,-7.11E-06,4.1258899776e-6,0.666630089,-4.12E-06,-0.666393243,-3.23E-11,-1.22E-05,3.176998328e-11,-7.11E-06,-3.23E-11,-1.22E-05,1.459532366e-13,3.2247924488e-4
0.3615,-4.11E-06,-0.665471115,4.1142693367e-6,0.665707992,3.184603766e-11,-7.12E-06,4.1142693367e-6,0.665707992,-4.11E-06,-0.665470818,-3.23E-11,-1.22E-05,3.184603777e-11,-7.12E-06,-3.23E-11,-1.22E-05,1.459074880e-13,3.2292598646e-4
0.362,-4.10E-06,-0.664551236,4.1025826276e-6,0.664788441,3.192099072e-11,-7.13E-06,4.1025826276e-6,0.664788441,-4.10E-06,-0.664550938,-3.24E-11,-1.22E-05,3.192099067e-11,-7.13E-06,-3.24E-11,-1.22E-05,1.458540311e-13,3.2337272843e-4
0.3625,-4.09E-06,-0.663633891,4.0908305780e-6,0.663871424,3.199483672e-11,-7.14E-06,4.0908305780e-6,0.663871424,-4.09E-06,-0.663633593,-3.25E-11,-1.22E-05,3.199483671e-11,-7.14E-06,-3.25E-11,-1.22E-05,1.457963317e-13,3.2381947080e-4
0.363,-4.08E-06,-0.662719071,4.0790138854e-6,0.662956931,3.206756977e-11,-7.15E-06,4.0790138854e-6,0.662956931,-4.08E-06,-0.662718772,-3.26E-11,-1.22E-05,3.206756980e-11,-7.15E-06,-3.26E-11,-1.22E-05,1.457344628e-13,3.2426621356e-4
0.3635,-4.06E-06,-0.661806764,4.0671333101e-6,0.662044952,3.213918580e-11,-7.16E-06,4.0671333101e-6,0.662044952,-4.07E-06,-0.661806466,-3.26E-11,-1.22E-05,3.213918580e-11,-7.16E-06,-3.26E-11,-1.22E-05,1.456719106e-13,3.2471295671e-4
0.364,-4.05E-06,-0.660896961,4.0551895298e-6,0.661135477,3.220967815e-11,-7.17E-06,4.0551895298e-6,0.661135477,-4.05E-06,-0.660896662,-3.27E-11,-1.23E-05,3.220967818e-11,-7.17E-06,-3.27E-11,-1.23E-05,1.456010502e-13,3.2515970026e-4
0.3645,-4.04E-06,-0.659989652,4.0431832562e-6,0.660228495,3.227904422e-11,-7.18E-06,4.0431832562e-6,0.660228495,-4.04E-06,-0.659989352,-3.28E-11,-1.23E-05,3.227904419e-11,-7.18E-06,-3.28E-11,-1.23E-05,1.455276064e-13,3.2560644420e-4
0.365,-4.03E-06,-0.659084825,4.0311152231e-6,0.659323996,3.234727703e-11,-7.19E-06,4.0311152231e-6,0.659323996,-4.03E-06,-0.659084525,-3.28E-11,-1.23E-05,3.234727692e-11,-7.19E-06,-3.28E-11,-1.23E-05,1.454495761e-13,3.2605318854e-4
0.3655,-4.02E-06,-0.658182472,4.0189861032e-6,0.65842197,3.241437225e-11,-7.20E-06,4.0189861032e-6,0.65842197,-4.02E-06,-0.658182171,-3.29E-11,-1.23E-05,3.241437224e-11,-7.20E-06,-3.29E-11,-1.23E-05,1.453716222e-13,3.2649993327e-4
0.366,-4.00E-06,-0.657282581,4.0067966108e-6,0.657522407,3.248032439e-11,-7.21E-06,4.0067966108e-6,0.657522407,-4.01E-06,-0.65728228,-3.30E-11,-1.23E-05,3.248032438e-11,-7.21E-06,-3.30E-11,-1.23E-05,1.452851009e-13,3.2694667840e-4
0.3665,-3.99E-06,-0.656385143,3.9945474174e-6,0.656625297,3.254512866e-11,-7.22E-06,3.9945474174e-6,0.656625297,-3.99E-06,-0.656384842,-3.30E-11,-1.23E-05,3.254512856e-11,-7.22E-06,-3.30E-11,-1.23E-05,1.451958462e-13,3.2739342393e-4
0.367,-3.98E-06,-0.655490147,3.9822392355e-6,0.655730629,3.260878072e-11,-7.23E-06,3.9822392355e-6,0.655730629,-3.98E-06,-0.655489846,-3.31E-11,-1.24E-05,3.260878069e-11,-7.23E-06,-3.31E-11,-1.24E-05,1.451008330e-13,3.2784016986e-4
0.3675,-3.97E-06,-0.654597585,3.9698727391e-6,0.654838394,3.267127624e-11,-7.24E-06,3.9698727391e-6,0.654838394,-3.97E-06,-0.654597283,-3.32E-11,-1.24E-05,3.267127625e-11,-7.24E-06,-3.32E-11,-1.24E-05,1.450003602e-13,3.2828691618e-4
0.368,-3.96E-06,-0.653707445,3.9574485758e-6,0.653948582,3.273260867e-11,-7.25E-06,3.9574485758e-6,0.653948582,-3.96E-06,-0.653707143,-3.32E-11,-1.24E-05,3.273260865e-11,-7.25E-06,-3.32E-11,-1.24E-05,1.449036788e-13,3.2873366290e-4
0.3685,-3.94E-06,-0.652819718,3.9449674788e-6,0.653061183,3.279277615e-11,-7.26E-06,3.9449674788e-6,0.653061183,-3.94E-06,-0.652819416,-3.33E-11,-1.24E-05,3.279277613e-11,-7.26E-06,-3.33E-11,-1.24E-05,1.447978009e-13,3.2918041002e-4
0.369,-3.93E-06,-0.651934395,3.9324300983e-6,0.652176187,3.285177090e-11,-7.27E-06,3.9324300983e-6,0.652176187,-3.93E-06,-0.651934092,-3.34E-11,-1.24E-05,3.285177098e-11,-7.27E-06,-3.34E-11,-1.24E-05,1.446797870e-13,3.2962715754e-4
0.3695,-3.92E-06,-0.651051465,3.9198370788e-6,0.651293585,3.290959038e-11,-7.28E-06,3.9198370787e-6,0.651293585,-3.92E-06,-0.651051161,-3.34E-11,-1.24E-05,3.290959048e-11,-7.28E-06,-3.34E-11,-1.24E-05,1.445667166e-13,3.3007390546e-4
0.37,-3.90E-06,-0.650170919,3.9071890989e-6,0.650413367,3.296623050e-11,-7.29E-06,3.9071890989e-6,0.650413367,-3.91E-06,-0.650170615,-3.35E-11,-1.25E-05,3.296623041e-11,-7.29E-06,-3.35E-11,-1.25E-05,1.444523752e-13,3.3052065378e-4
0.3705,-3.89E-06,-0.649292747,3.8944868178e-6,0.649535522,3.302168425e-11,-7.30E-06,3.8944868178e-6,0.649535522,-3.89E-06,-0.649292443,-3.35E-11,-1.25E-05,3.302168426e-11,-7.30E-06,-3.35E-11,-1.25E-05,1.443283047e-13,3.3096740251e-4
0.371,-3.88E-06,-0.648416939,3.8817308996e-6,0.648660043,3.307594926e-11,-7.31E-06,3.8817308996e-6,0.648660043,-3.88E-06,-0.648416635,-3.36E-11,-1.25E-05,3.307594920e-11,-7.31E-06,-3.36E-11,-1.25E-05,1.442005632e-13,3.3141415163e-4
0.3715,-3.87E-06,-0.647543487,3.8689219837e-6,0.647786918,3.312902022e-11,-7.32E-06,3.8689219837e-6,0.647786918,-3.87E-06,-0.647543182,-3.36E-11,-1.25E-05,3.312902027e-11,-7.32E-06,-3.36E-11,-1.25E-05,1.440707450e-13,3.3186090116e-4
0.372,-3.85E-06,-0.646672381,3.8560607091e-6,0.646916139,3.318089239e-11,-7.33E-06,3.8560607091e-6,0.646916139,-3.85E-06,-0.646672075,-3.37E-11,-1.25E-05,3.318089242e-11,-7.33E-06,-3.37E-11,-1.25E-05,1.439327322e-13,3.3230765109e-4
0.3725,-3.84E-06,-0.64580361,3.8431477434e-6,0.646047696,3.323156296e-11,-7.34E-06,3.8431477434e-6,0.646047696,-3.84E-06,-0.645803304,-3.37E-11,-1.25E-05,3.323156300e-11,-7.34E-06,-3.37E-11,-1.25E-05,1.438003914e-13,3.3275440142e-4
0.373,-3.83E-06,-0.644937166,3.8301837021e-6,0.64518158,3.328102756e-11,-7.35E-06,3.8301837021e-6,0.64518158,-3.83E-06,-0.64493686,-3.38E-11,-1.26E-05,3.328102761e-11,-7.35E-06,-3.38E-11,-1.26E-05,1.436509723e-13,3.3320115216e-4
0.3735,-3.81E-06,-0.64407304,3.8171692215e-6,0.644317782,3.332928018e-11,-7.36E-06,3.8171692215e-6,0.644317782,-3.82E-06,-0.644072733,-3.38E-11,-1.26E-05,3.332928013e-11,-7.36E-06,-3.38E-11,-1.26E-05,1.435073010e-13,3.3364790330e-4
0.374,-3.80E-06,-0.643211222,3.8041049712e-6,0.643456291,3.337631845e-11,-7.37E-06,3.8041049712e-6,0.643456291,-3.80E-06,-0.643210915,-3.39E-11,-1.26E-05,3.337631845e-11,-7.37E-06,-3.39E-11,-1.26E-05,1.433566464e-13,3.3409465485e-4
0.3745,-3.79E-06,-0.642351703,3.7909915355e-6,0.6425971,3.342213644e-11,-7.38E-06,3.7909915355e-6,0.6425971,-3.79E-06,-0.642351396,-3.39E-11,-1.26E-05,3.342213646e-11,-7.38E-06,-3.39E-11,-1.26E-05,1.432041090e-13,3.3454140680e-4
0.375,-3.78E-06,-0.641494474,3.7778295480e-6,0.641740198,3.346673193e-11,-7.39E-06,3.7778295480e-6,0.641740198,-3.78E-06,-0.641494166,-3.40E-11,-1.26E-05,3.346673191e-11,-7.39E-06,-3.40E-11,-1.26E-05,1.430425878e-13,3.3498815916e-4
0.3755,-3.76E-06,-0.640639525,3.7646196442e-6,0.640885578,3.351010079e-11,-7.40E-06,3.7646196442e-6,0.640885578,-3.76E-06,-0.640639217,-3.40E-11,-1.27E-05,3.351010087e-11,-7.40E-06,-3.40E-11,-1.27E-05,1.428794037e-13,3.3543491193e-4
0.376,-3.75E-06,-0.639786848,3.7513624476e-6,0.640033228,3.355223862e-11,-7.41E-06,3.7513624476e-6,0.640033228,-3.75E-06,-0.63978654,-3.41E-11,-1.27E-05,3.355223863e-11,-7.41E-06,-3.41E-11,-1.27E-05,1.427119565e-13,3.3588166510e-4
0.3765,-3.74E-06,-0.638936434,3.7380585349e-6,0.639183142,3.359314039e-11,-7.41E-06,3.7380585350e-6,0.639183142,-3.74E-06,-0.638936125,-3.41E-11,-1.27E-05,3.359314036e-11,-7.41E-06,-3.41E-11,-1.27E-05,1.425398804e-13,3.3632841868e-4
0.377,-3.72E-06,-0.638088273,3.7247085470e-6,0.638335308,3.363280300e-11,-7.42E-06,3.7247085470e-6,0.638335308,-3.72E-06,-0.638087964,-3.41E-11,-1.27E-05,3.363280291e-11,-7.42E-06,-3.41E-11,-1.27E-05,1.423628196e-13,3.3677517267e-4
0.3775,-3.71E-06,-0.637242357,3.7113130828e-6,0.63748972,3.367122374e-11,-7.43E-06,3.7113130828e-6,0.63748972,-3.71E-06,-0.637242047,-3.42E-11,-1.27E-05,3.367122370e-11,-7.43E-06,-3.42E-11,-1.27E-05,1.421804449e-13,3.3722192707e-4
0.378,-3.70E-06,-0.636398676,3.6978727568e-6,0.636646367,3.370839727e-11,-7.44E-06,3.6978727568e-6,0.636646367,-3.70E-06,-0.636398366,-3.42E-11,-1.27E-05,3.370839729e-11,-7.44E-06,-3.42E-11,-1.27E-05,1.420046479e-13,3.3766868188e-4
0.3785,-3.68E-06,-0.635557223,3.6843881267e-6,0.635805241,3.374432074e-11,-7.45E-06,3.6843881267e-6,0.635805241,-3.68E-06,-0.635556912,-3.43E-11,-1.28E-05,3.374432075e-11,-7.45E-06,-3.43E-11,-1.28E-05,1.418096115e-13,3.3811543710e-4
0.379,-3.67E-06,-0.634717987,3.6708598278e-6,0.634966333,3.377898968e-11,-7.46E-06,3.6708598278e-6,0.634966333,-3.67E-06,-0.634717676,-3.43E-11,-1.28E-05,3.377898969e-11,-7.46E-06,-3.43E-11,-1.28E-05,1.416239852e-13,3.3856219272e-4
0.3795,-3.66E-06,-0.633880961,3.6572884365e-6,0.634129635,3.381240153e-11,-7.47E-06,3.6572884365e-6,0.634129635,-3.66E-06,-0.63388065,-3.43E-11,-1.28E-05,3.381240156e-11,-7.47E-06,-3.43E-11,-1.28E-05,1.414308204e-13,3.3900894876e-4
0.38,-3.64E-06,-0.633046136,3.6436745518e-6,0.633295137,3.384455197e-11,-7.48E-06,3.6436745518e-6,0.633295137,-3.64E-06,-0.633045824,-3.44E-11,-1.28E-05,3.384455205e-11,-7.48E-06,-3.44E-11,-1.28E-05,1.412288071e-13,3.3945570522e-4
0.3805,-3.63E-06,-0.632213502,3.6300187384e-6,0.632462831,3.387543751e-11,-7.49E-06,3.6300187384e-6,0.632462831,-3.63E-06,-0.63221319,-3.44E-11,-1.28E-05,3.387543756e-11,-7.49E-06,-3.44E-11,-1.28E-05,1.410255696e-13,3.3990246208e-4
0.381,-3.61E-06,-0.631383052,3.6163215848e-6,0.631632709,3.390505524e-11,-7.50E-06,3.6163215848e-6,0.631632709,-3.61E-06,-0.631382739,-3.44E-11,-1.28E-05,3.390505531e-11,-7.50E-06,-3.44E-11,-1.28E-05,1.408186808e-13,3.4034921936e-4
0.3815,-3.60E-06,-0.630554777,3.6025836741e-6,0.630804761,3.393340103e-11,-7.51E-06,3.6025836741e-6,0.630804761,-3.60E-06,-0.630554464,-3.44E-11,-1.29E-05,3.393340107e-11,-7.51E-06,-3.44E-11,-1.29E-05,1.406091242e-13,3.4079597705e-4
0.382,-3.59E-06,-0.629728668,3.5888055818e-6,0.62997898,3.396047221e-11,-7.52E-06,3.5888055818e-6,0.62997898,-3.59E-06,-0.629728354,-3.45E-11,-1.29E-05,3.396047221e-11,-7.52E-06,-3.45E-11,-1.29E-05,1.403900866e-13,3.4124273515e-4
0.3825,-3.57E-06,-0.628904717,3.5749878780e-6,0.629155356,3.398626467e-11,-7.53E-06,3.5749878780e-6,0.629155356,-3.57E-06,-0.628904403,-3.45E-11,-1.29E-05,3.398626466e-11,-7.53E-06,-3.45E-11,-1.29E-05,1.401770641e-13,3.4168949367e-4
0.383,-3.56E-06,-0.628082915,3.5611311266e-6,0.628333882,3.401077517e-11,-7.54E-06,3.5611311266e-6,0.628333882,-3.56E-06,-0.6280826,-3.45E-11,-1.29E-05,3.401077516e-11,-7.54E-06,-3.45E-11,-1.29E-05,1.399521685e-13,3.4213625260e-4
0.3835,-3.55E-06,-0.627263254,3.5472358778e-6,0.627514549,3.403400032e-11,-7.55E-06,3.5472358778e-6,0.627514549,-3.55E-06,-0.627262939,-3.46E-11,-1.29E-05,3.403400036e-11,-7.55E-06,-3.46E-11,-1.29E-05,1.397242743e-13,3.4258301195e-4
0.384,-3.53E-06,-0.626445726,3.5333027446e-6,0.626697348,3.405593871e-11,-7.56E-06,3.5333027446e-6,0.626697348,-3.53E-06,-0.62644541,-3.46E-11,-1.29E-05,3.405593881e-11,-7.56E-06,-3.46E-11,-1.29E-05,1.394966461e-13,3.4302977171e-4
0.3845,-3.52E-06,-0.625630322,3.5193322250e-6,0.625882272,3.407658407e-11,-7.57E-06,3.5193322250e-6,0.625882272,-3.52E-06,-0.625630006,-3.46E-11,-1.30E-05,3.407658402e-11,-7.57E-06,-3.46E-11,-1.30E-05,1.392637716e-13,3.4347653189e-4
0.385,-3.50E-06,-0.624817034,3.5053248935e-6,0.625069312,3.409593637e-11,-7.58E-06,3.5053248935e-6,0.625069312,-3.50E-06,-0.624816718,-3.46E-11,-1.30E-05,3.409593640e-11,-7.58E-06,-3.46E-11,-1.30E-05,1.390256148e-13,3.4392329249e-4
0.3855,-3.49E-06,-0.624005854,3.4912813060e-6,0.62425846,3.411399059e-11,-7.59E-06,3.4912813060e-6,0.62425846,-3.49E-06,-0.624005537,-3.46E-11,-1.30E-05,3.411399070e-11,-7.59E-06,-3.46E-11,-1.30E-05,1.387811573e-13,3.4437005351e-4
0.386,-3.48E-06,-0.623196774,3.4772020024e-6,0.623449707,3.413074490e-11,-7.60E-06,3.4772020024e-6,0.623449707,-3.48E-06,-0.623196457,-3.47E-11,-1.30E-05,3.413074488e-11,-7.60E-06,-3.47E-11,-1.30E-05,1.385348511e-13,3.4481681494e-4
0.3865,-3.46E-06,-0.622389785,3.4630875481e-6,0.622643046,3.414619557e-11,-7.61E-06,3.4630875481e-6,0.622643046,-3.46E-06,-0.622389468,-3.47E-11,-1.30E-05,3.414619561e-11,-7.61E-06,-3.47E-11,-1.30E-05,1.382835041e-13,3.4526357680e-4
0.387,-3.45E-06,-0.62158488,3.4489384621e-6,0.621838468,3.416033889e-11,-7.62E-06,3.4489384621e-6,0.621838468,-3.45E-06,-0.621584562,-3.47E-11,-1.30E-05,3.416033893e-11,-7.62E-06,-3.47E-11,-1.30E-05,1.380294251e-13,3.4571033907e-4
0.3875,-3.43E-06,-0.62078205,3.4347552843e-6,0.621035966,3.417317363e-11,-7.63E-06,3.4347552843e-6,0.621035966,-3.43E-06,-0.620781732,-3.47E-11,-1.31E-05,3.417317356e-11,-7.63E-06,-3.47E-11,-1.31E-05,1.377771901e-13,3.4615710176e-4
0.388,-3.42E-06,-0.619981287,3.4205385496e-6,0.620235531,3.418469627e-11,-7.64E-06,3.4205385496e-6,0.620235531,-3.42E-06,-0.619980969,-3.47E-11,-1.31E-05,3.418469644e-11,-7.64E-06,-3.47E-11,-1.31E-05,1.375169643e-13,3.4660386487e-4
0.3885,-3.40E-06,-0.619182584,3.4062888063e-6,0.619437156,3.419490401e-11,-7.65E-06,3.4062888063e-6,0.619437156,-3.40E-06,-0.619182265,-3.47E-11,-1.31E-05,3.419490401e-11,-7.65E-06,-3.47E-11,-1.31E-05,1.372489252e-13,3.4705062840e-4
0.389,-3.39E-06,-0.618385933,3.3920065747e-6,0.618640832,3.420379444e-11,-7.66E-06,3.3920065747e-6,0.618640832,-3.39E-06,-0.618385613,-3.47E-11,-1.31E-05,3.420379447e-11,-7.66E-06,-3.47E-11,-1.31E-05,1.369799453e-13,3.4749739236e-4
0.3895,-3.38E-06,-0.617591325,3.3776923776e-6,0.617846552,3.421136451e-11,-7.67E-06,3.3776923776e-6,0.617846552,-3.38E-06,-0.617591005,-3.47E-11,-1.31E-05,3.421136446e-11,-7.67E-06,-3.47E-11,-1.31E-05,1.367124611e-13,3.4794415674e-4
0.39,-3.36E-06,-0.616798753,3.3633467298e-6,0.617054307,3.421761129e-11,-7.68E-06,3.3633467298e-6,0.617054307,-3.36E-06,-0.616798432,-3.47E-11,-1.31E-05,3.421761124e-11,-7.68E-06,-3.47E-11,-1.31E-05,1.364322919e-13,3.4839092153e-4
0.3905,-3.35E-06,-0.616008208,3.3489701686e-6,0.616264091,3.422253251e-11,-7.69E-06,3.3489701686e-6,0.616264091,-3.35E-06,-0.616007888,-3.47E-11,-1.32E-05,3.422253249e-11,-7.69E-06,-3.47E-11,-1.32E-05,1.361519310e-13,3.4883768676e-4
0.391,-3.33E-06,-0.615219684,3.3345631967e-6,0.615475894,3.422612641e-11,-7.70E-06,3.3345631967e-6,0.615475894,-3.33E-06,-0.615219363,-3.47E-11,-1.32E-05,3.422612643e-11,-7.70E-06,-3.47E-11,-1.32E-05,1.358672046e-13,3.4928445240e-4
0.3915,-3.32E-06,-0.614433173,3.3201263372e-6,0.614689711,3.422838953e-11,-7.71E-06,3.3201263372e-6,0.614689711,-3.32E-06,-0.614432851,-3.48E-11,-1.32E-05,3.422838949e-11,-7.71E-06,-3.48E-11,-1.32E-05,1.355795797e-13,3.4973121847e-4
0.392,-3.30E-06,-0.613648666,3.3056600827e-6,0.613905532,3.422931950e-11,-7.72E-06,3.3056600827e-6,0.613905532,-3.30E-06,-0.613648344,-3.48E-11,-1.32E-05,3.422931953e-11,-7.72E-06,-3.48E-11,-1.32E-05,1.352916043e-13,3.5017798497e-4
0.3925,-3.29E-06,-0.612866156,3.2911649681e-6,0.61312335,3.422891476e-11,-7.73E-06,3.2911649681e-6,0.61312335,-3.29E-06,-0.612865834,-3.48E-11,-1.32E-05,3.422891468e-11,-7.73E-06,-3.48E-11,-1.32E-05,1.349947608e-13,3.5062475189e-4
0.393,-3.27E-06,-0.612085636,3.2766414756e-6,0.612343157,3.422717138e-11,-7.74E-06,3.2766414756e-6,0.612343157,-3.28E-06,-0.612085314,-3.47E-11,-1.32E-05,3.422717137e-11,-7.74E-06,-3.47E-11,-1.32E-05,1.346938878e-13,3.5107151923e-4
0.3935,-3.26E-06,-0.611307098,3.2620901157e-6,0.611564947,3.422408868e-11,-7.75E-06,3.2620901157e-6,0.611564947,-3.26E-06,-0.611306775,-3.47E-11,-1.33E-05,3.422408873e-11,-7.75E-06,-3.47E-11,-1.33E-05,1.343937990e-13,3.5151828700e-4
0.394,-3.25E-06,-0.610530535,3.2475114047e-6,0.610788711,3.421966305e-11,-7.76E-06,3.2475114047e-6,0.610788711,-3.25E-06,-0.610530211,-3.47E-11,-1.33E-05,3.421966298e-11,-7.76E-06,-3.47E-11,-1.33E-05,1.340894164e-13,3.5196505520e-4
0.3945,-3.23E-06,-0.609755938,3.2329058137e-6,0.610014442,3.421389361e-11,-7.77E-06,3.2329058137e-6,0.610014442,-3.23E-06,-0.609755614,-3.47E-11,-1.33E-05,3.421389357e-11,-7.77E-06,-3.47E-11,-1.33E-05,1.337789617e-13,3.5241182383e-4
0.395,-3.22E-06,-0.608983301,3.2182738337e-6,0.609242132,3.420677817e-11,-7.78E-06,3.2182738337e-6,0.609242132,-3.22E-06,-0.608982976,-3.47E-11,-1.33E-05,3.420677809e-11,-7.78E-06,-3.47E-11,-1.33E-05,1.334662692e-13,3.5285859288e-4
0.3955,-3.20E-06,-0.608212615,3.2036159595e-6,0.608471775,3.419831297e-11,-7.79E-06,3.2036159595e-6,0.608471775,-3.20E-06,-0.608212291,-3.47E-11,-1.33E-05,3.419831295e-11,-7.79E-06,-3.47E-11,-1.33E-05,1.331484789e-13,3.5330536236e-4
0.396,-3.19E-06,-0.607443875,3.1889327139e-6,0.607703362,3.418849685e-11,-7.80E-06,3.1889327139e-6,0.607703362,-3.19E-06,-0.60744355,-3.47E-11,-1.33E-05,3.418849687e-11,-7.80E-06,-3.47E-11,-1.33E-05,1.328305820e-13,3.5375213228e-4
0.3965,-3.17E-06,-0.606677072,3.1742245281e-6,0.606936886,3.417732837e-11,-7.81E-06,3.1742245281e-6,0.606936886,-3.17E-06,-0.606676746,-3.47E-11,-1.34E-05,3.417732830e-11,-7.81E-06,-3.47E-11,-1.34E-05,1.325031111e-13,3.5419890262e-4
0.397,-3.16E-06,-0.605912199,3.1594919148e-6,0.606172341,3.416480505e-11,-7.82E-06,3.1594919148e-6,0.606172341,-3.16E-06,-0.605911872,-3.47E-11,-1.34E-05,3.416480500e-11,-7.82E-06,-3.47E-11,-1.34E-05,1.321800041e-13,3.5464567339e-4
0.3975,-3.14E-06,-0.605149248,3.1447353454e-6,0.605409718,3.415092516e-11,-7.83E-06,3.1447353454e-6,0.605409718,-3.14E-06,-0.605148922,-3.47E-11,-1.34E-05,3.415092519e-11,-7.83E-06,-3.47E-11,-1.34E-05,1.318429286e-13,3.5509244459e-4
0.398,-3.13E-06,-0.604388213,3.1299553108e-6,0.604649011,3.413568644e-11,-7.84E-06,3.1299553108e-6,0.604649011,-3.13E-06,-0.604387886,-3.47E-11,-1.34E-05,3.413568637e-11,-7.84E-06,-3.47E-11,-1.34E-05,1.315092066e-13,3.5553921622e-4
0.3985,-3.11E-06,-0.603629087,3.1151522383e-6,0.603890212,3.411908831e-11,-7.85E-06,3.1151522383e-6,0.603890212,-3.11E-06,-0.603628759,-3.46E-11,-1.34E-05,3.411908840e-11,-7.85E-06,-3.46E-11,-1.34E-05,1.311705725e-13,3.5598598829e-4
0.399,-3.10E-06,-0.602871861,3.1003266331e-6,0.603133314,3.410112589e-11,-7.86E-06,3.1003266331e-6,0.603133314,-3.10E-06,-0.602871534,-3.46E-11,-1.34E-05,3.410112585e-11,-7.86E-06,-3.46E-11,-1.34E-05,1.308288232e-13,3.5643276079e-4
0.3995,-3.08E-06,-0.60211653,3.0854789860e-6,0.602378311,3.408180134e-11,-7.87E-06,3.0854789860e-6,0.602378311,-3.08E-06,-0.602116202,-3.46E-11,-1.35E-05,3.408180142e-11,-7.87E-06,-3.46E-11,-1.35E-05,1.304790673e-13,3.5687953372e-4
0.4,-3.07E-06,-0.601363086,3.0706097409e-6,0.601625194,3.406111053e-11,-7.88E-06,3.0706097409e-6,0.601625194,-3.07E-06,-0.601362757,-3.46E-11,-1.35E-05,3.406111055e-11,-7.88E-06,-3.46E-11,-1.35E-05,1.301298032e-13,3.5732630708e-4
0.4005,-3.05E-06,-0.600611521,3.0557193368e-6,0.600873957,3.403905220e-11,-7.89E-06,3.0557193368e-6,0.600873957,-3.05E-06,-0.600611192,-3.46E-11,-1.35E-05,3.403905226e-11,-7.89E-06,-3.46E-11,-1.35E-05,1.297784389e-13,3.5777308088e-4
0.401,-3.04E-06,-0.59986183,3.0408082674e-6,0.600124593,3.401562516e-11,-7.90E-06,3.0408082674e-6,0.600124593,-3.04E-06,-0.5998615,-3.45E-11,-1.35E-05,3.401562515e-11,-7.90E-06,-3.45E-11,-1.35E-05,1.294223977e-13,3.5821985511e-4
0.4015,-3.02E-06,-0.599114004,3.0258769722e-6,0.599377095,3.399082780e-11,-7.91E-06,3.0258769722e-6,0.599377095,-3.02E-06,-0.599113674,-3.45E-11,-1.35E-05,3.399082786e-11,-7.91E-06,-3.45E-11,-1.35E-05,1.290613539e-13,3.5866662978e-4
0.402,-3.01E-06,-0.598368037,3.0109259083e-6,0.598631456,3.396465841e-11,-7.92E-06,3.0109259083e-6,0.598631456,-3.01E-06,-0.598367707,-3.45E-11,-1.35E-05,3.396465849e-11,-7.92E-06,-3.45E-11,-1.35E-05,1.286972170e-13,3.5911340488e-4
0.4025,-2.99E-06,-0.597623923,2.9959555441e-6,0.597887669,3.393711637e-11,-7.93E-06,2.9959555441e-6,0.597887669,-2.99E-06,-0.597623592,-3.45E-11,-1.36E-05,3.393711641e-11,-7.93E-06,-3.45E-11,-1.36E-05,1.283319279e-13,3.5956018042e-4
0.403,-2.98E-06,-0.596881653,2.9809663001e-6,0.597145728,3.390819800e-11,-7.94E-06,2.9809663001e-6,0.597145728,-2.98E-06,-0.596881322,-3.44E-11,-1.36E-05,3.390819810e-11,-7.94E-06,-3.44E-11,-1.36E-05,1.279607895e-13,3.6000695639e-4
0.4035,-2.96E-06,-0.596141222,2.9659586547e-6,0.596405624,3.387790454e-11,-7.95E-06,2.9659586546e-6,0.596405624,-2.96E-06,-0.596140891,-3.44E-11,-1.36E-05,3.387790460e-11,-7.95E-06,-3.44E-11,-1.36E-05,1.275824271e-13,3.6045373281e-4
0.404,-2.95E-06,-0.595402622,2.9509330335e-6,0.595667352,3.384623309e-11,-7.96E-06,2.9509330335e-6,0.595667352,-2.95E-06,-0.595402291,-3.44E-11,-1.36E-05,3.384623314e-11,-7.96E-06,-3.44E-11,-1.36E-05,1.272077882e-13,3.6090050966e-4
0.4045,-2.93E-06,-0.594665847,2.9358898854e-6,0.594930905,3.381318360e-11,-7.97E-06,2.9358898854e-6,0.594930905,-2.93E-06,-0.594665515,-3.43E-11,-1.36E-05,3.381318354e-11,-7.97E-06,-3.43E-11,-1.36E-05,1.268266369e-13,3.6134728695e-4
0.405,-2.92E-06,-0.59393089,2.9208296438e-6,0.594196275,3.377875429e-11,-7.98E-06,2.9208296438e-6,0.594196275,-2.92E-06,-0.593930558,-3.43E-11,-1.36E-05,3.377875425e-11,-7.98E-06,-3.43E-11,-1.36E-05,1.264410639e-13,3.6179406467e-4
0.4055,-2.90E-06,-0.593197745,2.9057527493e-6,0.593463457,3.374294288e-11,-7.99E-06,2.9057527493e-6,0.593463457,-2.90E-06,-0.593197411,-3.43E-11,-1.37E-05,3.374294285e-11,-7.99E-06,-3.43E-11,-1.37E-05,1.260553348e-13,3.6224084284e-4
0.406,-2.89E-06,-0.592466403,2.8906596418e-6,0.592732444,3.370574946e-11,-8.00E-06,2.8906596418e-6,0.592732444,-2.89E-06,-0.59246607,-3.42E-11,-1.37E-05,3.370574944e-11,-8.00E-06,-3.42E-11,-1.37E-05,1.256604585e-13,3.6268762145e-4
0.4065,-2.87E-06,-0.59173686,2.8755507451e-6,0.592003228,3.366717252e-11,-8.01E-06,2.8755507451e-6,0.592003228,-2.87E-06,-0.591736526,-3.42E-11,-1.37E-05,3.366717260e-11,-8.01E-06,-3.42E-11,-1.37E-05,1.252652294e-13,3.6313440049e-4
0.407,-2.86E-06,-0.591009108,2.8604264976e-6,0.591275804,3.362721176e-11,-8.02E-06,2.8604264976e-6,0.591275804,-2.86E-06,-0.591008774,-3.41E-11,-1.37E-05,3.362721184e-11,-8.02E-06,-3.41E-11,-1.37E-05,1.248662305e-13,3.6358117998e-4
0.4075,-2.84E-06,-0.590283141,2.8452873306e-6,0.590550164,3.358586532e-11,-8.03E-06,2.8452873306e-6,0.590550164,-2.84E-06,-0.590282806,-3.41E-11,-1.37E-05,3.358586530e-11,-8.03E-06,-3.41E-11,-1.37E-05,1.244667345e-13,3.6402795991e-4
0.408,-2.83E-06,-0.589558952,2.8301336376e-6,0.589826303,3.354313254e-11,-8.04E-06,2.8301336376e-6,0.589826303,-2.83E-06,-0.589558617,-3.41E-11,-1.37E-05,3.354313250e-11,-8.04E-06,-3.41E-11,-1.37E-05,1.240600795e-13,3.6447474028e-4
0.4085,-2.81E-06,-0.588836534,2.8149658857e-6,0.589104213,3.349901265e-11,-8.05E-06,2.8149658857e-6,0.589104213,-2.81E-06,-0.588836199,-3.40E-11,-1.38E-05,3.349901260e-11,-8.05E-06,-3.40E-11,-1.38E-05,1.236517944e-13,3.6492152110e-4
0.409,-2.80E-06,-0.588115882,2.7997844584e-6,0.588383889,3.345350439e-11,-8.06E-06,2.7997844584e-6,0.588383889,-2.80E-06,-0.588115546,-3.40E-11,-1.38E-05,3.345350438e-11,-8.06E-06,-3.40E-11,-1.38E-05,1.232407851e-13,3.6536830236e-4
0.4095,-2.78E-06,-0.587396989,2.7845897923e-6,0.587665323,3.340660793e-11,-8.07E-06,2.7845897923e-6,0.587665323,-2.78E-06,-0.587396652,-3.39E-11,-1.38E-05,3.340660796e-11,-8.07E-06,-3.39E-11,-1.38E-05,1.228270857e-13,3.6581508406e-4
0.41,-2.77E-06,-0.586679848,2.7693823003e-6,0.58694851,3.335832095e-11,-8.07E-06,2.7693823003e-6,0.58694851,-2.77E-06,-0.586679511,-3.39E-11,-1.38E-05,3.335832092e-11,-8.07E-06,-3.39E-11,-1.38E-05,1.224041055e-13,3.6626186620e-4
0.4105,-2.75E-06,-0.585964452,2.7541623926e-6,0.586233442,3.330864316e-11,-8.08E-06,2.7541623926e-6,0.586233442,-2.75E-06,-0.585964115,-3.38E-11,-1.38E-05,3.330864331e-11,-8.08E-06,-3.38E-11,-1.38E-05,1.219875039e-13,3.6670864879e-4
0.411,-2.74E-06,-0.585250797,2.7389304950e-6,0.585520114,3.325757600e-11,-8.09E-06,2.7389304950e-6,0.585520114,-2.74E-06,-0.585250459,-3.38E-11,-1.38E-05,3.325757603e-11,-8.09E-06,-3.38E-11,-1.38E-05,1.215595921e-13,3.6715543183e-4
0.4115,-2.72E-06,-0.584538874,2.7236869823e-6,0.584808519,3.320511618e-11,-8.10E-06,2.7236869823e-6,0.584808519,-2.72E-06,-0.584538536,-3.37E-11,-1.39E-05,3.320511611e-11,-8.10E-06,-3.37E-11,-1.39E-05,1.211305032e-13,3.6760221531e-4
0.412,-2.71E-06,-0.583828679,2.7084322911e-6,0.584098651,3.315126480e-11,-8.11E-06,2.7084322911e-6,0.584098651,-2.71E-06,-0.58382834,-3.37E-11,-1.39E-05,3.315126481e-11,-8.11E-06,-3.37E-11,-1.39E-05,1.207037271e-13,3.6804899924e-4
0.4125,-2.69E-06,-0.583120204,2.6931668069e-6,0.583390504,3.309601987e-11,-8.12E-06,2.6931668069e-6,0.583390504,-2.69E-06,-0.583119865,-3.36E-11,-1.39E-05,3.309601991e-11,-8.12E-06,-3.36E-11,-1.39E-05,1.202616636e-13,3.6849578361e-4
0.413,-2.68E-06,-0.582413443,2.6778909566e-6,0.582684071,3.303938118e-11,-8.13E-06,2.6778909566e-6,0.582684071,-2.68E-06,-0.582413104,-3.35E-11,-1.39E-05,3.303938114e-11,-8.13E-06,-3.35E-11,-1.39E-05,1.198256446e-13,3.6894256844e-4
0.4135,-2.66E-06,-0.581708391,2.6626051097e-6,0.581979347,3.298135041e-11,-8.14E-06,2.6626051097e-6,0.581979347,-2.66E-06,-0.581708051,-3.35E-11,-1.39E-05,3.298135038e-11,-8.14E-06,-3.35E-11,-1.39E-05,1.193825722e-13,3.6938935371e-4
0.414,-2.65E-06,-0.581005041,2.6473096783e-6,0.581276324,3.292192482e-11,-8.15E-06,2.6473096783e-6,0.581276324,-2.65E-06,-0.5810047,-3.34E-11,-1.39E-05,3.292192474e-11,-8.15E-06,-3.34E-11,-1.39E-05,1.189393039e-13,3.6983613943e-4
0.4145,-2.63E-06,-0.580303386,2.6320050524e-6,0.580574997,3.286110447e-11,-8.16E-06,2.6320050524e-6,0.580574997,-2.63E-06,-0.580303046,-3.34E-11,-1.40E-05,3.286110447e-11,-8.16E-06,-3.34E-11,-1.40E-05,1.184906318e-13,3.7028292559e-4
0.415,-2.61E-06,-0.579603421,2.6166916323e-6,0.57987536,3.279889067e-11,-8.17E-06,2.6166916323e-6,0.57987536,-2.62E-06,-0.579603081,-3.33E-11,-1.40E-05,3.279889083e-11,-8.17E-06,-3.33E-11,-1.40E-05,1.180401297e-13,3.7072971221e-4
0.4155,-2.60E-06,-0.57890514,2.6013698041e-6,0.579177407,3.273528020e-11,-8.18E-06,2.6013698041e-6,0.579177407,-2.60E-06,-0.578904799,-3.32E-11,-1.40E-05,3.273528014e-11,-8.18E-06,-3.32E-11,-1.40E-05,1.175870352e-13,3.7117649928e-4
0.416,-2.58E-06,-0.578208537,2.5860399396e-6,0.578481131,3.267027602e-11,-8.19E-06,2.5860399396e-6,0.578481131,-2.58E-06,-0.578208195,-3.32E-11,-1.40E-05,3.267027599e-11,-8.19E-06,-3.32E-11,-1.40E-05,1.171294580e-13,3.7162328680e-4
0.4165,-2.57E-06,-0.577513605,2.5707024724e-6,0.577786527,3.260387627e-11,-8.20E-06,2.5707024724e-6,0.577786527,-2.57E-06,-0.577513263,-3.31E-11,-1.40E-05,3.260387635e-11,-8.20E-06,-3.31E-11,-1.40E-05,1.166666512e-13,3.7207007477e-4
0.417,-2.55E-06,-0.576820339,2.5553577191e-6,0.577093589,3.253607991e-11,-8.21E-06,2.5553577191e-6,0.577093589,-2.55E-06,-0.576819997,-3.30E-11,-1.41E-05,3.253607995e-11,-8.21E-06,-3.30E-11,-1.41E-05,1.162045645e-13,3.7251686319e-4
0.4175,-2.54E-06,-0.576128732,2.5400061269e-6,0.57640231,3.246688937e-11,-8.22E-06,2.5400061269e-6,0.57640231,-2.54E-06,-0.57612839,-3.30E-11,-1.41E-05,3.246688938e-11,-8.22E-06,-3.30E-11,-1.41E-05,1.157369227e-13,3.7296365207e-4
0.418,-2.52E-06,-0.57543878,2.5246480171e-6,0.575712684,3.239630249e-11,-8.23E-06,2.5246480171e-6,0.575712684,-2.52E-06,-0.575438436,-3.29E-11,-1.41E-05,3.239630251e-11,-8.23E-06,-3.29E-11,-1.41E-05,1.152653106e-13,3.7341044139e-4
0.4185,-2.51E-06,-0.574750474,2.5092838169e-6,0.575024707,3.232432079e-11,-8.24E-06,2.5092838169e-6,0.575024707,-2.51E-06,-0.574750131,-3.28E-11,-1.41E-05,3.232432081e-11,-8.24E-06,-3.28E-11,-1.41E-05,1.147923731e-13,3.7385723118e-4
0.419,-2.49E-06,-0.574063811,2.4939138959e-6,0.574338371,3.225094297e-11,-8.25E-06,2.4939138959e-6,0.574338371,-2.49E-06,-0.574063467,-3.28E-11,-1.41E-05,3.225094296e-11,-8.25E-06,-3.28E-11,-1.41E-05,1.143152705e-13,3.7430402141e-4
0.4195,-2.48E-06,-0.573378784,2.4785385830e-6,0.573653672,3.217616982e-11,-8.26E-06,2.4785385830e-6,0.573653672,-2.48E-06,-0.573378439,-3.27E-11,-1.41E-05,3.217616965e-11,-8.26E-06,-3.27E-11,-1.41E-05,1.138345089e-13,3.7475081210e-4
0.42,-2.46E-06,-0.572695386,2.4631582886e-6,0.572970602,3.210000297e-11,-8.27E-06,2.4631582886e-6,0.572970602,-2.46E-06,-0.572695041,-3.26E-11,-1.42E-05,3.210000288e-11,-8.27E-06,-3.26E-11,-1.42E-05,1.133528475e-13,3.7519760325e-4
0.4205,-2.45E-06,-0.572013613,2.4477733730e-6,0.572289157,3.202244082e-11,-8.28E-06,2.4477733730e-6,0.572289157,-2.45E-06,-0.572013268,-3.25E-11,-1.42E-05,3.202244085e-11,-8.28E-06,-3.25E-11,-1.42E-05,1.128641386e-13,3.7564439485e-4
0.421,-2.43E-06,-0.571333459,2.4323842013e-6,0.57160933,3.194348217e-11,-8.29E-06,2.4323842013e-6,0.57160933,-2.43E-06,-0.571333113,-3.24E-11,-1.42E-05,3.194348222e-11,-8.29E-06,-3.24E-11,-1.42E-05,1.123767823e-13,3.7609118690e-4
0.4215,-2.42E-06,-0.570654918,2.4169911487e-6,0.570931116,3.186313122e-11,-8.30E-06,2.4169911487e-6,0.570931116,-2.42E-06,-0.570654571,-3.24E-11,-1.42E-05,3.186313120e-11,-8.30E-06,-3.24E-11,-1.42E-05,1.118824318e-13,3.7653797942e-4
0.422,-2.40E-06,-0.569977983,2.4015945611e-6,0.57025451,3.178138478e-11,-8.31E-06,2.4015945611e-6,0.57025451,-2.40E-06,-0.569977637,-3.23E-11,-1.42E-05,3.178138477e-11,-8.31E-06,-3.23E-11,-1.42E-05,1.113928634e-13,3.7698477239e-4
0.4225,-2.38E-06,-0.56930265,2.3861948253e-6,0.569579504,3.169824596e-11,-8.32E-06,2.3861948253e-6,0.569579504,-2.38E-06,-0.569302303,-3.22E-11,-1.42E-05,3.169824588e-11,-8.32E-06,-3.22E-11,-1.42E-05,1.108931298e-13,3.7743156582e-4
0.423,-2.37E-06,-0.568628913,2.3707922684e-6,0.568906095,3.161371363e-11,-8.33E-06,2.3707922684e-6,0.568906095,-2.37E-06,-0.568628566,-3.21E-11,-1.43E-05,3.161371359e-11,-8.33E-06,-3.21E-11,-1.43E-05,1.103861456e-13,3.7787835970e-4
0.4235,-2.35E-06,-0.567956766,2.3553872764e-6,0.568234275,3.152778876e-11,-8.34E-06,2.3553872764e-6,0.568234275,-2.35E-06,-0.567956418,-3.20E-11,-1.43E-05,3.152778873e-11,-8.34E-06,-3.20E-11,-1.43E-05,1.098837026e-13,3.7832515405e-4
0.424,-2.34E-06,-0.567286203,2.3399801822e-6,0.56756404,3.144047037e-11,-8.35E-06,2.3399801822e-6,0.56756404,-2.34E-06,-0.567285855,-3.19E-11,-1.43E-05,3.144047039e-11,-8.35E-06,-3.19E-11,-1.43E-05,1.093809495e-13,3.7877194885e-4
0.4245,-2.32E-06,-0.566617219,2.3245713477e-6,0.566895384,3.135176136e-11,-8.36E-06,2.3245713477e-6,0.566895384,-2.32E-06,-0.566616871,-3.18E-11,-1.43E-05,3.135176146e-11,-8.36E-06,-3.18E-11,-1.43E-05,1.088664160e-13,3.7921874412e-4
0.425,-2.31E-06,-0.565949809,2.3091611276e-6,0.566228301,3.126166208e-11,-8.37E-06,2.3091611276e-6,0.566228301,-2.31E-06,-0.56594946,-3.18E-11,-1.43E-05,3.126166186e-11,-8.37E-06,-3.18E-11,-1.43E-05,1.083564010e-13,3.7966553984e-4
0.4255,-2.29E-06,-0.565283966,2.2937498671e-6,0.565562787,3.117017231e-11,-8.38E-06,2.2937498671e-6,0.565562787,-2.29E-06,-0.565283617,-3.17E-11,-1.43E-05,3.117017234e-11,-8.38E-06,-3.17E-11,-1.43E-05,1.078372512e-13,3.8011233603e-4
0.426,-2.28E-06,-0.564619686,2.2783379074e-6,0.564898834,3.107729116e-11,-8.39E-06,2.2783379074e-6,0.564898834,-2.28E-06,-0.564619336,-3.16E-11,-1.44E-05,3.107729114e-11,-8.39E-06,-3.16E-11,-1.44E-05,1.073197748e-13,3.8055913268e-4
0.4265,-2.26E-06,-0.563956962,2.2629256172e-6,0.564236438,3.098302320e-11,-8.40E-06,2.2629256172e-6,0.564236438,-2.26E-06,-0.563956612,-3.15E-11,-1.44E-05,3.098302312e-11,-8.40E-06,-3.15E-11,-1.44E-05,1.067981277e-13,3.8100592979e-4
0.427,-2.25E-06,-0.56329579,2.2475133112e-6,0.563575593,3.088736619e-11,-8.41E-06,2.2475133112e-6,0.563575593,-2.25E-06,-0.563295439,-3.14E-11,-1.44E-05,3.088736623e-11,-8.41E-06,-3.14E-11,-1.44E-05,1.062742614e-13,3.8145272736e-4
0.4275,-2.23E-06,-0.562636164,2.2321013577e-6,0.562916295,3.079032236e-11,-8.42E-06,2.2321013577e-6,0.562916295,-2.23E-06,-0.562635812,-3.13E-11,-1.44E-05,3.079032229e-11,-8.42E-06,-3.13E-11,-1.44E-05,1.057524098e-13,3.8189952540e-4
0.428,-2.22E-06,-0.561978078,2.2166900759e-6,0.562258536,3.069189238e-11,-8.43E-06,2.2166900759e-6,0.562258536,-2.22E-06,-0.561977726,-3.12E-11,-1.44E-05,3.069189230e-11,-8.43E-06,-3.12E-11,-1.44E-05,1.052145475e-13,3.8234632390e-4
0.4285,-2.20E-06,-0.561321527,2.2012798257e-6,0.561602313,3.059207706e-11,-8.44E-06,2.2012798257e-6,0.561602313,-2.20E-06,-0.561321175,-3.11E-11,-1.44E-05,3.059207711e-11,-8.44E-06,-3.11E-11,-1.44E-05,1.046883086e-13,3.8279312287e-4
0.429,-2.18E-06,-0.560666506,2.1858709102e-6,0.56094762,3.049087633e-11,-8.45E-06,2.1858709102e-6,0.56094762,-2.18E-06,-0.560666153,-3.10E-11,-1.45E-05,3.049087625e-11,-8.45E-06,-3.10E-11,-1.45E-05,1.041468160e-13,3.8323992230e-4
0.4295,-2.17E-06,-0.560013009,2.1704636956e-6,0.560294451,3.038829299e-11,-8.46E-06,2.1704636956e-6,0.560294451,-2.17E-06,-0.560012656,-3.09E-11,-1.45E-05,3.038829299e-11,-8.46E-06,-3.09E-11,-1.45E-05,1.036077268e-13,3.8368672219e-4
0.43,-2.15E-06,-0.559361032,2.1550585104e-6,0.559642801,3.028432846e-11,-8.47E-06,2.1550585104e-6,0.559642801,-2.15E-06,-0.559360678,-3.08E-11,-1.45E-05,3.028432851e-11,-8.47E-06,-3.08E-11,-1.45E-05,1.030642493e-13,3.8413352255e-4
0.4305,-2.14E-06,-0.558710568,2.1396556467e-6,0.558992665,3.017898066e-11,-8.48E-06,2.1396556467e-6,0.558992665,-2.14E-06,-0.558710214,-3.07E-11,-1.45E-05,3.017898066e-11,-8.48E-06,-3.07E-11,-1.45E-05,1.025240439e-13,3.8458032338e-4
0.431,-2.12E-06,-0.558061613,2.1242554896e-6,0.558344038,3.007225504e-11,-8.49E-06,2.1242554896e-6,0.558344038,-2.12E-06,-0.558061259,-3.05E-11,-1.45E-05,3.007225499e-11,-8.49E-06,-3.05E-11,-1.45E-05,1.019737417e-13,3.8502712468e-4
0.4315,-2.11E-06,-0.557414161,2.1088583221e-6,0.557696914,2.996414902e-11,-8.50E-06,2.1088583221e-6,0.557696914,-2.11E-06,-0.557413807,-3.04E-11,-1.45E-05,2.996414890e-11,-8.50E-06,-3.04E-11,-1.45E-05,1.014221593e-13,3.8547392644e-4
0.432,-2.09E-06,-0.556768207,2.0934644957e-6,0.557051288,2.985466655e-11,-8.51E-06,2.0934644957e-6,0.557051288,-2.09E-06,-0.556767852,-3.03E-11,-1.46E-05,2.985466664e-11,-8.51E-06,-3.03E-11,-1.46E-05,1.008681447e-13,3.8592072867e-4
0.4325,-2.08E-06,-0.556123746,2.0780743360e-6,0.556407154,2.974380773e-11,-8.52E-06,2.0780743360e-6,0.556407154,-2.08E-06,-0.556123391,-3.02E-11,-1.46E-05,2.974380760e-11,-8.52E-06,-3.02E-11,-1.46E-05,1.003128353e-13,3.8636753137e-4
0.433,-2.06E-06,-0.555480773,2.0626881387e-6,0.555764509,2.963157334e-11,-8.53E-06,2.0626881387e-6,0.555764509,-2.06E-06,-0.555480418,-3.01E-11,-1.46E-05,2.963157334e-11,-8.53E-06,-3.01E-11,-1.46E-05,9.975622344e-14,3.8681433454e-4
0.4335,-2.05E-06,-0.554839283,2.0473062371e-6,0.555123346,2.951796636e-11,-8.54E-06,2.0473062371e-6,0.555123346,-2.05E-06,-0.554838927,-3.00E-11,-1.46E-05,2.951796646e-11,-8.54E-06,-3.00E-11,-1.46E-05,9.919280293e-14,3.8726113818e-4
0.434,-2.03E-06,-0.55419927,2.0319289731e-6,0.554483661,2.940298694e-11,-8.55E-06,2.0319289731e-6,0.554483661,-2.03E-06,-0.554198914,-2.99E-11,-1.46E-05,2.940298694e-11,-8.55E-06,-2.99E-11,-1.46E-05,9.863151883e-14,3.8770794229e-4
0.4345,-2.02E-06,-0.55356073,2.0165566179e-6,0.553845448,2.928663667e-11,-8.56E-06,2.0165566179e-6,0.553845448,-2.02E-06,-0.553560373,-2.97E-11,-1.46E-05,2.928663660e-11,-8.56E-06,-2.97E-11,-1.46E-05,9.806359617e-14,3.8815474687e-4
0.435,-2.00E-06,-0.552923657,2.0011895238e-6,0.553208703,2.916891829e-11,-8.57E-06,2.0011895238e-6,0.553208703,-2.00E-06,-0.552923299,-2.96E-11,-1.47E-05,2.916891830e-11,-8.57E-06,-2.96E-11,-1.47E-05,9.749579030e-14,3.8860155192e-4
0.4355,-1.98E-06,-0.552288046,1.9858279964e-6,0.55257342,2.904983164e-11,-8.58E-06,1.9858279964e-6,0.55257342,-1.98E-06,-0.552287688,-2.95E-11,-1.47E-05,2.904983168e-11,-8.58E-06,-2.95E-11,-1.47E-05,9.692599745e-14,3.8904835744e-4
0.436,-1.97E-06,-0.551653892,1.9704723350e-6,0.551939594,2.892937926e-11,-8.59E-06,1.9704723350e-6,0.551939594,-1.97E-06,-0.551653534,-2.94E-11,-1.47E-05,2.892937927e-11,-8.59E-06,-2.94E-11,-1.47E-05,9.634885807e-14,3.8949516343e-4
0.4365,-1.95E-06,-0.551021191,1.9551228624e-6,0.55130722,2.880756363e-11,-8.60E-06,1.9551228624e-6,0.55130722,-1.95E-06,-0.551020832,-2.93E-11,-1.47E-05,2.880756364e-11,-8.60E-06,-2.93E-11,-1.47E-05,9.577119881e-14,3.8994196990e-4
0.437,-1.94E-06,-0.550389937,1.9397798567e-6,0.550676294,2.868438411e-11,-8.61E-06,1.9397798567e-6,0.550676294,-1.94E-06,-0.550389578,-2.91E-11,-1.47E-05,2.868438416e-11,-8.61E-06,-2.91E-11,-1.47E-05,9.518988483e-14,3.9038877685e-4
0.4375,-1.92E-06,-0.549760125,1.9244436663e-6,0.55004681,2.855984477e-11,-8.62E-06,1.9244436663e-6,0.55004681,-1.92E-06,-0.549759766,-2.90E-11,-1.47E-05,2.855984488e-11,-8.62E-06,-2.90E-11,-1.47E-05,9.460849125e-14,3.9083558426e-4
0.438,-1.91E-06,-0.549131751,1.9091145855e-6,0.549418763,2.843394700e-11,-8.63E-06,1.9091145855e-6,0.549418763,-1.91E-06,-0.549131391,-2.89E-11,-1.48E-05,2.843394703e-11,-8.63E-06,-2.89E-11,-1.48E-05,9.402613625e-14,3.9128239215e-4
0.4385,-1.89E-06,-0.548504809,1.8937928808e-6,0.548792149,2.830669173e-11,-8.64E-06,1.8937928808e-6,0.548792149,-1.89E-06,-0.548504449,-2.88E-11,-1.48E-05,2.830669175e-11,-8.64E-06,-2.88E-11,-1.48E-05,9.343422187e-14,3.9172920052e-4
0.439,-1.88E-06,-0.547879295,1.8784789117e-6,0.548166963,2.817808159e-11,-8.65E-06,1.8784789117e-6,0.548166963,-1.88E-06,-0.547878935,-2.86E-11,-1.48E-05,2.817808152e-11,-8.65E-06,-2.86E-11,-1.48E-05,9.284748390e-14,3.9217600936e-4
0.4395,-1.86E-06,-0.547255204,1.8631729335e-6,0.547543199,2.804811731e-11,-8.66E-06,1.8631729335e-6,0.547543199,-1.86E-06,-0.547254843,-2.85E-11,-1.48E-05,2.804811722e-11,-8.66E-06,-2.85E-11,-1.48E-05,9.225624169e-14,3.9262281868e-4
0.44,-1.85E-06,-0.54663253,1.8478752620e-6,0.546920854,2.791680247e-11,-8.67E-06,1.8478752620e-6,0.546920854,-1.85E-06,-0.546632169,-2.84E-11,-1.48E-05,2.791680247e-11,-8.67E-06,-2.84E-11,-1.48E-05,9.166084603e-14,3.9306962847e-4
0.4405,-1.83E-06,-0.54601127,1.8325861829e-6,0.546299921,2.778413802e-11,-8.68E-06,1.8325861829e-6,0.546299921,-1.83E-06,-0.546010908,-2.82E-11,-1.48E-05,2.778413799e-11,-8.68E-06,-2.82E-11,-1.48E-05,9.106385952e-14,3.9351643875e-4
0.441,-1.82E-06,-0.545391418,1.8173060155e-6,0.545680397,2.765012709e-11,-8.69E-06,1.8173060155e-6,0.545680397,-1.82E-06,-0.545391056,-2.81E-11,-1.49E-05,2.765012700e-11,-8.69E-06,-2.81E-11,-1.49E-05,9.046125482e-14,3.9396324950e-4
0.4415,-1.80E-06,-0.544772969,1.8020350194e-6,0.545062276,2.751477154e-11,-8.70E-06,1.8020350193e-6,0.545062276,-1.80E-06,-0.544772607,-2.80E-11,-1.49E-05,2.751477164e-11,-8.70E-06,-2.80E-11,-1.49E-05,8.986119790e-14,3.9441006073e-4
0.442,-1.79E-06,-0.54415592,1.7867735175e-6,0.544445554,2.737807202e-11,-8.71E-06,1.7867735175e-6,0.544445554,-1.79E-06,-0.544155556,-2.78E-11,-1.49E-05,2.737807209e-11,-8.71E-06,-2.78E-11,-1.49E-05,8.925636498e-14,3.9485687244e-4
0.4425,-1.77E-06,-0.543540264,1.7715217918e-6,0.543830226,2.724003236e-11,-8.72E-06,1.7715217918e-6,0.543830226,-1.77E-06,-0.5435399,-2.77E-11,-1.49E-05,2.724003243e-11,-8.72E-06,-2.77E-11,-1.49E-05,8.864609422e-14,3.9530368462e-4
0.443,-1.75E-06,-0.542925997,1.7562801001e-6,0.543216287,2.710065398e-11,-8.73E-06,1.7562801001e-6,0.543216287,-1.76E-06,-0.542925633,-2.75E-11,-1.49E-05,2.710065399e-11,-8.73E-06,-2.75E-11,-1.49E-05,8.803531004e-14,3.9575049729e-4
0.4435,-1.74E-06,-0.542313115,1.7410487683e-6,0.542603733,2.695993972e-11,-8.74E-06,1.7410487683e-6,0.542603733,-1.74E-06,-0.542312751,-2.74E-11,-1.49E-05,2.695993973e-11,-8.74E-06,-2.74E-11,-1.49E-05,8.742561423e-14,3.9619731044e-4
0.444,-1.72E-06,-0.541701614,1.7258280848e-6,0.541992559,2.681789137e-11,-8.74E-06,1.7258280848e-6,0.541992559,-1.72E-06,-0.541701249,-2.72E-11,-1.50E-05,2.681789141e-11,-8.74E-06,-2.72E-11,-1.50E-05,8.680870022e-14,3.9664412407e-4
0.4445,-1.71E-06,-0.541091487,1.7106182883e-6,0.54138276,2.667451236e-11,-8.75E-06,1.7106182883e-6,0.54138276,-1.71E-06,-0.541091122,-2.71E-11,-1.50E-05,2.667451239e-11,-8.75E-06,-2.71E-11,-1.50E-05,8.618946731e-14,3.9709093818e-4
0.445,-1.69E-06,-0.540482731,1.6954197099e-6,0.540774331,2.652980371e-11,-8.76E-06,1.6954197099e-6,0.540774331,-1.69E-06,-0.540482366,-2.70E-11,-1.50E-05,2.652980373e-11,-8.76E-06,-2.70E-11,-1.50E-05,8.557303414e-14,3.9753775277e-4
0.4455,-1.68E-06,-0.539875341,1.6802326217e-6,0.540167269,2.638376903e-11,-8.77E-06,1.6802326217e-6,0.540167269,-1.68E-06,-0.539874975,-2.68E-11,-1.50E-05,2.638376908e-11,-8.77E-06,-2.68E-11,-1.50E-05,8.495216607e-14,3.9798456785e-4
0.446,-1.66E-06,-0.539269313,1.6650572748e-6,0.539561569,2.623641069e-11,-8.78E-06,1.6650572748e-6,0.539561569,-1.66E-06,-0.539268947,-2.67E-11,-1.50E-05,2.623641065e-11,-8.78E-06,-2.67E-11,-1.50E-05,8.432860922e-14,3.9843138341e-4
0.4465,-1.65E-06,-0.538664641,1.6498939663e-6,0.538957225,2.608773071e-11,-8.79E-06,1.6498939663e-6,0.538957225,-1.65E-06,-0.538664275,-2.65E-11,-1.50E-05,2.608773068e-11,-8.79E-06,-2.65E-11,-1.50E-05,8.370188758e-14,3.9887819945e-4
0.447,-1.63E-06,-0.538061322,1.6347429785e-6,0.538354233,2.593773126e-11,-8.80E-06,1.6347429785e-6,0.538354233,-1.63E-06,-0.538060955,-2.64E-11,-1.51E-05,2.593773121e-11,-8.80E-06,-2.64E-11,-1.51E-05,8.307490384e-14,3.9932501598e-4
0.4475,-1.62E-06,-0.537459351,1.6196045639e-6,0.53775259,2.578641559e-11,-8.81E-06,1.6196045639e-6,0.53775259,-1.62E-06,-0.537458984,-2.62E-11,-1.51E-05,2.578641560e-11,-8.81E-06,-2.62E-11,-1.51E-05,8.244166510e-14,3.9977183300e-4
0.448,-1.60E-06,-0.536858723,1.6044790251e-6,0.53715229,2.563378629e-11,-8.82E-06,1.6044790251e-6,0.53715229,-1.60E-06,-0.536858355,-2.60E-11,-1.51E-05,2.563378632e-11,-8.82E-06,-2.60E-11,-1.51E-05,8.181065479e-14,4.0021865049e-4
0.4485,-1.59E-06,-0.536259434,1.5893666184e-6,0.536553328,2.547984733e-11,-8.83E-06,1.5893666184e-6,0.536553328,-1.59E-06,-0.536259066,-2.59E-11,-1.51E-05,2.547984743e-11,-8.83E-06,-2.59E-11,-1.51E-05,8.117042317e-14,4.0066546848e-4
0.449,-1.57E-06,-0.535661479,1.5742676254e-6,0.535955701,2.532460030e-11,-8.84E-06,1.5742676254e-6,0.535955701,-1.57E-06,-0.535661111,-2.57E-11,-1.51E-05,2.532460032e-11,-8.84E-06,-2.57E-11,-1.51E-05,8.053502251e-14,4.0111228695e-4
0.4495,-1.56E-06,-0.535064855,1.5591822974e-6,0.535359404,2.516804742e-11,-8.85E-06,1.5591822974e-6,0.535359404,-1.56E-06,-0.535064485,-2.56E-11,-1.51E-05,2.516804744e-11,-8.85E-06,-2.56E-11,-1.51E-05,7.989304564e-14,4.0155910591e-4
0.45,-1.54E-06,-0.534469555,1.5441109128e-6,0.534764433,2.501019324e-11,-8.86E-06,1.5441109128e-6,0.534764433,-1.54E-06,-0.534469186,-2.54E-11,-1.52E-05,2.501019333e-11,-8.86E-06,-2.54E-11,-1.52E-05,7.925194796e-14,4.0200592536e-4
0.4505,-1.53E-06,-0.533875577,1.5290537301e-6,0.534170782,2.485103914e-11,-8.87E-06,1.5290537301e-6,0.534170782,-1.53E-06,-0.533875207,-2.53E-11,-1.52E-05,2.485103913e-11,-8.87E-06,-2.53E-11,-1.52E-05,7.861033956e-14,4.0245274529e-4
0.451,-1.51E-06,-0.533282916,1.5140110422e-6,0.533578449,2.469058930e-11,-8.88E-06,1.5140110422e-6,0.533578449,-1.51E-06,-0.533282545,-2.51E-11,-1.52E-05,2.469058923e-11,-8.88E-06,-2.51E-11,-1.52E-05,7.796238596e-14,4.0289956571e-4
0.4515,-1.50E-06,-0.532691567,1.4989830705e-6,0.532987427,2.452884530e-11,-8.89E-06,1.4989830705e-6,0.532987427,-1.50E-06,-0.532691196,-2.49E-11,-1.52E-05,2.452884529e-11,-8.89E-06,-2.49E-11,-1.52E-05,7.731344892e-14,4.0334638663e-4
0.452,-1.48E-06,-0.532101526,1.4839701070e-6,0.532397714,2.436581185e-11,-8.90E-06,1.4839701070e-6,0.532397714,-1.48E-06,-0.532101154,-2.48E-11,-1.52E-05,2.436581183e-11,-8.90E-06,-2.48E-11,-1.52E-05,7.666105892e-14,4.0379320803e-4
0.4525,-1.47E-06,-0.531512788,1.4689724029e-6,0.531809304,2.420148971e-11,-8.91E-06,1.4689724029e-6,0.531809304,-1.47E-06,-0.531512417,-2.46E-11,-1.52E-05,2.420148972e-11,-8.91E-06,-2.46E-11,-1.52E-05,7.600837262e-14,4.0424002992e-4
0.453,-1.45E-06,-0.53092535,1.4539902106e-6,0.531222194,2.403588500e-11,-8.92E-06,1.4539902106e-6,0.531222194,-1.45E-06,-0.530924978,-2.44E-11,-1.53E-05,2.403588509e-11,-8.92E-06,-2.44E-11,-1.53E-05,7.535410570e-14,4.0468685231e-4
0.4535,-1.44E-06,-0.530339207,1.4390238071e-6,0.530636378,2.386899921e-11,-8.93E-06,1.4390238071e-6,0.530636378,-1.44E-06,-0.530338835,-2.43E-11,-1.53E-05,2.386899931e-11,-8.93E-06,-2.43E-11,-1.53E-05,7.469478190e-14,4.0513367518e-4
0.454,-1.42E-06,-0.529754355,1.4240734318e-6,0.530051854,2.370083489e-11,-8.94E-06,1.4240734318e-6,0.530051854,-1.42E-06,-0.529753982,-2.41E-11,-1.53E-05,2.370083493e-11,-8.94E-06,-2.41E-11,-1.53E-05,7.403696194e-14,4.0558049855e-4
0.4545,-1.41E-06,-0.529170789,1.4091393391e-6,0.529468616,2.353139776e-11,-8.95E-06,1.4091393391e-6,0.529468616,-1.41E-06,-0.529170416,-2.39E-11,-1.53E-05,2.353139783e-11,-8.95E-06,-2.39E-11,-1.53E-05,7.337274477e-14,4.0602732241e-4
0.455,-1.39E-06,-0.528588506,1.3942217961e-6,0.52888666,2.336068856e-11,-8.96E-06,1.3942217961e-6,0.52888666,-1.39E-06,-0.528588132,-2.37E-11,-1.53E-05,2.336068858e-11,-8.96E-06,-2.37E-11,-1.53E-05,7.270985406e-14,4.0647414676e-4
0.4555,-1.38E-06,-0.528007501,1.3793210462e-6,0.528305983,2.318871177e-11,-8.97E-06,1.3793210462e-6,0.528305983,-1.38E-06,-0.528007127,-2.36E-11,-1.53E-05,2.318871173e-11,-8.97E-06,-2.36E-11,-1.53E-05,7.204602656e-14,4.0692097161e-4
0.456,-1.36E-06,-0.527427769,1.3644373504e-6,0.527726579,2.301547046e-11,-8.98E-06,1.3644373504e-6,0.527726579,-1.36E-06,-0.527427395,-2.34E-11,-1.54E-05,2.301547045e-11,-8.98E-06,-2.34E-11,-1.54E-05,7.137452680e-14,4.0736779695e-4
0.4565,-1.35E-06,-0.526849308,1.3495709403e-6,0.527148445,2.284096881e-11,-8.99E-06,1.3495709403e-6,0.527148445,-1.35E-06,-0.526848933,-2.32E-11,-1.54E-05,2.284096886e-11,-8.99E-06,-2.32E-11,-1.54E-05,7.070983176e-14,4.0781462279e-4
0.457,-1.33E-06,-0.526272112,1.3347220852e-6,0.526571577,2.266520999e-11,-9.00E-06,1.3347220852e-6,0.526571577,-1.33E-06,-0.526271736,-2.30E-11,-1.54E-05,2.266520997e-11,-9.00E-06,-2.30E-11,-1.54E-05,7.003419611e-14,4.0826144912e-4
0.4575,-1.32E-06,-0.525696177,1.3198910092e-6,0.52599597,2.248819648e-11,-9.01E-06,1.3198910092e-6,0.52599597,-1.32E-06,-0.525695801,-2.29E-11,-1.54E-05,2.248819642e-11,-9.01E-06,-2.29E-11,-1.54E-05,6.936426728e-14,4.0870827595e-4
0.458,-1.30E-06,-0.5251215,1.3050779751e-6,0.52542162,2.230993377e-11,-9.02E-06,1.3050779751e-6,0.52542162,-1.30E-06,-0.525121123,-2.27E-11,-1.54E-05,2.230993374e-11,-9.02E-06,-2.27E-11,-1.54E-05,6.868906209e-14,4.0915510327e-4
0.4585,-1.29E-06,-0.524548075,1.2902832394e-6,0.524848524,2.213042437e-11,-9.03E-06,1.2902832394e-6,0.524848524,-1.29E-06,-0.524547699,-2.25E-11,-1.54E-05,2.213042439e-11,-9.03E-06,-2.25E-11,-1.54E-05,6.800862931e-14,4.0960193109e-4
0.459,-1.27E-06,-0.5239759,1.2755070192e-6,0.524276676,2.194967149e-11,-9.04E-06,1.2755070192e-6,0.524276676,-1.27E-06,-0.523975523,-2.23E-11,-1.55E-05,2.194967151e-11,-9.04E-06,-2.23E-11,-1.55E-05,6.733086827e-14,4.1004875941e-4
0.4595,-1.26E-06,-0.52340497,1.2607495449e-6,0.523706074,2.176767976e-11,-9.05E-06,1.2607495449e-6,0.523706074,-1.26E-06,-0.523404593,-2.21E-11,-1.55E-05,2.176767988e-11,-9.05E-06,-2.21E-11,-1.55E-05,6.665258697e-14,4.1049558823e-4
0.46,-1.24E-06,-0.522835281,1.2460111083e-6,0.523136712,2.158445246e-11,-9.06E-06,1.2460111083e-6,0.523136712,-1.25E-06,-0.522834903,-2.19E-11,-1.55E-05,2.158445239e-11,-9.06E-06,-2.19E-11,-1.55E-05,6.596394756e-14,4.1094241754e-4
0.4605,-1.23E-06,-0.522266829,1.2312918980e-6,0.522568588,2.139999313e-11,-9.07E-06,1.2312918980e-6,0.522568588,-1.23E-06,-0.522266451,-2.18E-11,-1.55E-05,2.139999318e-11,-9.07E-06,-2.18E-11,-1.55E-05,6.528177729e-14,4.1138924736e-4
0.461,-1.22E-06,-0.52169961,1.2165921871e-6,0.522001696,2.121430691e-11,-9.08E-06,1.2165921870e-6,0.522001696,-1.22E-06,-0.521699231,-2.16E-11,-1.55E-05,2.121430691e-11,-9.08E-06,-2.16E-11,-1.55E-05,6.459407154e-14,4.1183607767e-4
0.4615,-1.20E-06,-0.521133619,1.2019121930e-6,0.521436034,2.102739630e-11,-9.09E-06,1.2019121930e-6,0.521436034,-1.20E-06,-0.52113324,-2.14E-11,-1.56E-05,2.102739630e-11,-9.09E-06,-2.14E-11,-1.56E-05,6.390770104e-14,4.1228290849e-4
0.462,-1.19E-06,-0.520568854,1.1872521594e-6,0.520871596,2.083926625e-11,-9.10E-06,1.1872521594e-6,0.520871596,-1.19E-06,-0.520568474,-2.12E-11,-1.56E-05,2.083926630e-11,-9.10E-06,-2.12E-11,-1.56E-05,6.321297277e-14,4.1272973980e-4
0.4625,-1.17E-06,-0.520005309,1.1726123315e-6,0.520308379,2.064991914e-11,-9.11E-06,1.1726123315e-6,0.520308379,-1.17E-06,-0.520004929,-2.10E-11,-1.56E-05,2.064991921e-11,-9.11E-06,-2.10E-11,-1.56E-05,6.252676408e-14,4.1317657162e-4
0.463,-1.16E-06,-0.519442982,1.1579929202e-6,0.519746379,2.045936105e-11,-9.12E-06,1.1579929202e-6,0.519746379,-1.16E-06,-0.519442601,-2.08E-11,-1.56E-05,2.045936106e-11,-9.12E-06,-2.08E-11,-1.56E-05,6.182942451e-14,4.1362340393e-4
0.4635,-1.14E-06,-0.518881867,1.1433941636e-6,0.519185592,2.026759463e-11,-9.13E-06,1.1433941636e-6,0.519185592,-1.14E-06,-0.518881486,-2.06E-11,-1.56E-05,2.026759464e-11,-9.13E-06,-2.06E-11,-1.56E-05,6.113567437e-14,4.1407023675e-4
0.464,-1.13E-06,-0.518321962,1.1288163020e-6,0.518626015,2.007462517e-11,-9.14E-06,1.1288163020e-6,0.518626015,-1.13E-06,-0.518321581,-2.04E-11,-1.56E-05,2.007462518e-11,-9.14E-06,-2.04E-11,-1.56E-05,6.044033092e-14,4.1451707008e-4
0.4645,-1.11E-06,-0.517763262,1.1142595536e-6,0.518067642,1.988045525e-11,-9.15E-06,1.1142595536e-6,0.518067642,-1.11E-06,-0.51776288,-2.02E-11,-1.57E-05,1.988045529e-11,-9.15E-06,-2.02E-11,-1.57E-05,5.973484672e-14,4.1496390390e-4
0.465,-1.10E-06,-0.517205763,1.0997241608e-6,0.517510472,1.968508966e-11,-9.16E-06,1.0997241608e-6,0.517510472,-1.10E-06,-0.517205381,-2.00E-11,-1.57E-05,1.968508964e-11,-9.16E-06,-2.00E-11,-1.57E-05,5.903629130e-14,4.1541073824e-4
0.4655,-1.08E-06,-0.516649462,1.0852103359e-6,0.516954498,1.948853299e-11,-9.17E-06,1.0852103359e-6,0.516954498,-1.08E-06,-0.51664908,-1.98E-11,-1.57E-05,1.948853303e-11,-9.17E-06,-1.98E-11,-1.57E-05,5.833284198e-14,4.1585757307e-4
0.466,-1.07E-06,-0.516094355,1.0707183081e-6,0.516399718,1.929078974e-11,-9.18E-06,1.0707183081e-6,0.516399718,-1.07E-06,-0.516093972,-1.96E-11,-1.57E-05,1.929078972e-11,-9.18E-06,-1.96E-11,-1.57E-05,5.763052351e-14,4.1630440841e-4
0.4665,-1.06E-06,-0.515540437,1.0562483147e-6,0.515846128,1.909186435e-11,-9.19E-06,1.0562483147e-6,0.515846128,-1.06E-06,-0.515540054,-1.94E-11,-1.57E-05,1.909186429e-11,-9.19E-06,-1.94E-11,-1.57E-05,5.692085242e-14,4.1675124426e-4
0.467,-1.04E-06,-0.514987705,1.0418005661e-6,0.515293724,1.889176023e-11,-9.20E-06,1.0418005662e-6,0.515293724,-1.04E-06,-0.514987322,-1.92E-11,-1.57E-05,1.889176021e-11,-9.20E-06,-1.92E-11,-1.57E-05,5.621437873e-14,4.1719808061e-4
0.4675,-1.03E-06,-0.514436156,1.0273752886e-6,0.514742503,1.869048260e-11,-9.21E-06,1.0273752886e-6,0.514742503,-1.03E-06,-0.514435772,-1.90E-11,-1.58E-05,1.869048265e-11,-9.21E-06,-1.90E-11,-1.58E-05,5.550710771e-14,4.1764491747e-4
0.468,-1.01E-06,-0.513885785,1.0129726999e-6,0.514192459,1.848803563e-11,-9.22E-06,1.0129726999e-6,0.514192459,-1.01E-06,-0.5138854,-1.88E-11,-1.58E-05,1.848803559e-11,-9.22E-06,-1.88E-11,-1.58E-05,5.479513262e-14,4.1809175484e-4
0.4685,-9.98E-07,-0.513336589,9.9859302323e-7,0.513643591,1.828442308e-11,-9.23E-06,9.9859302323e-7,0.513643591,-9.98E-07,-0.513336204,-1.86E-11,-1.58E-05,1.828442306e-11,-9.23E-06,-1.86E-11,-1.58E-05,5.408125305e-14,4.1853859271e-4
0.469,-9.83E-07,-0.512788563,9.8423648796e-7,0.513095893,1.807965109e-11,-9.24E-06,9.8423648796e-7,0.513095893,-9.84E-07,-0.512788178,-1.84E-11,-1.58E-05,1.807965112e-11,-9.24E-06,-1.84E-11,-1.58E-05,5.336601881e-14,4.1898543109e-4
0.4695,-9.69E-07,-0.512241705,9.6990329384e-7,0.512549363,1.787372409e-11,-9.25E-06,9.6990329384e-7,0.512549363,-9.69E-07,-0.512241319,-1.82E-11,-1.58E-05,1.787372408e-11,-9.25E-06,-1.82E-11,-1.58E-05,5.265224675e-14,4.1943226998e-4
0.47,-9.55E-07,-0.51169601,9.5559366580e-7,0.512003996,1.766664433e-11,-9.26E-06,9.5559366580e-7,0.512003996,-9.55E-07,-0.511695624,-1.80E-11,-1.58E-05,1.766664436e-11,-9.26E-06,-1.80E-11,-1.58E-05,5.193614382e-14,4.1987910938e-4
0.4705,-9.40E-07,-0.511151475,9.4130782490e-7,0.511459788,1.745841950e-11,-9.27E-06,9.4130782491e-7,0.511459788,-9.41E-07,-0.511151089,-1.78E-11,-1.59E-05,1.745841953e-11,-9.27E-06,-1.78E-11,-1.59E-05,5.121942495e-14,4.2032594930e-4
0.471,-9.26E-07,-0.510608096,9.2704597526e-7,0.510916737,1.724905335e-11,-9.28E-06,9.2704597527e-7,0.510916737,-9.26E-07,-0.510607709,-1.75E-11,-1.59E-05,1.724905327e-11,-9.28E-06,-1.75E-11,-1.59E-05,5.050055486e-14,4.2077278972e-4
0.4715,-9.12E-07,-0.51006587,9.1280834348e-7,0.510374838,1.703854996e-11,-9.29E-06,9.1280834348e-7,0.510374838,-9.12E-07,-0.510065482,-1.73E-11,-1.59E-05,1.703855001e-11,-9.29E-06,-1.73E-11,-1.59E-05,4.977691730e-14,4.2121963065e-4
0.472,-8.98E-07,-0.509524792,8.9859511471e-7,0.509834088,1.682691381e-11,-9.30E-06,8.9859511471e-7,0.509834088,-8.98E-07,-0.509524404,-1.71E-11,-1.59E-05,1.682691374e-11,-9.30E-06,-1.71E-11,-1.59E-05,4.905028703e-14,4.2166647209e-4
0.4725,-8.84E-07,-0.508984859,8.8440652845e-7,0.509294483,1.661415113e-11,-9.31E-06,8.8440652845e-7,0.509294483,-8.84E-07,-0.508984471,-1.69E-11,-1.59E-05,1.661415119e-11,-9.31E-06,-1.69E-11,-1.59E-05,4.832808152e-14,4.2211331405e-4
0.473,-8.69E-07,-0.508446068,8.7024278200e-7,0.508756019,1.640026540e-11,-9.32E-06,8.7024278199e-7,0.508756019,-8.70E-07,-0.508445679,-1.67E-11,-1.59E-05,1.640026541e-11,-9.32E-06,-1.67E-11,-1.59E-05,4.760218973e-14,4.2256015652e-4
0.4735,-8.55E-07,-0.507908414,8.5610409739e-7,0.508218694,1.618526270e-11,-9.33E-06,8.5610409739e-7,0.508218694,-8.56E-07,-0.507908025,-1.65E-11,-1.60E-05,1.618526265e-11,-9.33E-06,-1.65E-11,-1.60E-05,4.687338991e-14,4.2300699950e-4
0.474,-8.41E-07,-0.507371895,8.4199066537e-7,0.507682502,1.596914815e-11,-9.34E-06,8.4199066538e-7,0.507682502,-8.41E-07,-0.507371506,-1.62E-11,-1.60E-05,1.596914817e-11,-9.34E-06,-1.62E-11,-1.60E-05,4.614471846e-14,4.2345384300e-4
0.4745,-8.27E-07,-0.506836507,8.2790269170e-7,0.507147441,1.575192555e-11,-9.35E-06,8.2790269170e-7,0.507147441,-8.27E-07,-0.506836117,-1.60E-11,-1.60E-05,1.575192561e-11,-9.35E-06,-1.60E-11,-1.60E-05,4.541362646e-14,4.2390068701e-4
0.475,-8.13E-07,-0.506302245,8.1384038807e-7,0.506613508,1.553360057e-11,-9.36E-06,8.1384038807e-7,0.506613508,-8.13E-07,-0.506301855,-1.58E-11,-1.60E-05,1.553360063e-11,-9.36E-06,-1.58E-11,-1.60E-05,4.468102285e-14,4.2434753153e-4
0.4755,-7.99E-07,-0.505769107,7.9980397456e-7,0.506080698,1.531417959e-11,-9.37E-06,7.9980397456e-7,0.506080698,-7.99E-07,-0.505768717,-1.56E-11,-1.60E-05,1.531417951e-11,-9.37E-06,-1.56E-11,-1.60E-05,4.394776115e-14,4.2479437658e-4
0.476,-7.85E-07,-0.50523709,7.8579363455e-7,0.505549008,1.509366548e-11,-9.38E-06,7.8579363454e-7,0.505549008,-7.85E-07,-0.505236699,-1.53E-11,-1.60E-05,1.509366554e-11,-9.38E-06,-1.53E-11,-1.60E-05,4.321582369e-14,4.2524122213e-4
0.4765,-7.71E-07,-0.504706188,7.7180957752e-7,0.505018434,1.487206550e-11,-9.39E-06,7.7180957752e-7,0.505018434,-7.71E-07,-0.504705797,-1.51E-11,-1.61E-05,1.487206544e-11,-9.39E-06,-1.51E-11,-1.61E-05,4.247728956e-14,4.2568806821e-4
0.477,-7.57E-07,-0.5041764,7.5785199891e-7,0.504488973,1.464938250e-11,-9.40E-06,7.5785199891e-7,0.504488973,-7.57E-07,-0.504176008,-1.49E-11,-1.61E-05,1.464938251e-11,-9.40E-06,-1.49E-11,-1.61E-05,4.174085928e-14,4.2613491480e-4
0.4775,-7.43E-07,-0.503647721,7.4392110731e-7,0.503960622,1.442562491e-11,-9.41E-06,7.4392110732e-7,0.503960622,-7.43E-07,-0.503647329,-1.47E-11,-1.61E-05,1.442562491e-11,-9.41E-06,-1.47E-11,-1.61E-05,4.100636282e-14,4.2658176190e-4
0.478,-7.29E-07,-0.503120149,7.3001709569e-7,0.503433377,1.420079597e-11,-9.42E-06,7.3001709569e-7,0.503433377,-7.30E-07,-0.503119756,-1.44E-11,-1.61E-05,1.420079590e-11,-9.42E-06,-1.44E-11,-1.61E-05,4.026708160e-14,4.2702860953e-4
0.4785,-7.15E-07,-0.502593678,7.1614017174e-7,0.502907235,1.397490029e-11,-9.43E-06,7.1614017174e-7,0.502907235,-7.16E-07,-0.502593285,-1.42E-11,-1.61E-05,1.397490044e-11,-9.43E-06,-1.42E-11,-1.61E-05,3.952398245e-14,4.2747545768e-4
0.479,-7.02E-07,-0.502068307,7.0229052121e-7,0.502382192,1.374794516e-11,-9.43E-06,7.0229052121e-7,0.502382192,-7.02E-07,-0.502067914,-1.40E-11,-1.61E-05,1.374794522e-11,-9.43E-06,-1.40E-11,-1.61E-05,3.878143051e-14,4.2792230634e-4
0.4795,-6.88E-07,-0.501544032,6.8846833828e-7,0.501858244,1.351993546e-11,-9.44E-06,6.8846833828e-7,0.501858244,-6.88E-07,-0.501543638,-1.37E-11,-1.62E-05,1.351993535e-11,-9.44E-06,-1.37E-11,-1.62E-05,3.804160606e-14,4.2836915552e-4
0.48,-6.74E-07,-0.501020849,6.7467383961e-7,0.501335389,1.329087685e-11,-9.45E-06,6.7467383961e-7,0.501335389,-6.74E-07,-0.501020455,-1.35E-11,-1.62E-05,1.329087690e-11,-9.45E-06,-1.35E-11,-1.62E-05,3.729230515e-14,4.2881600523e-4
0.4805,-6.60E-07,-0.500498755,6.6090720028e-7,0.500813622,1.306077433e-11,-9.46E-06,6.6090720028e-7,0.500813622,-6.60E-07,-0.50049836,-1.33E-11,-1.62E-05,1.306077433e-11,-9.46E-06,-1.33E-11,-1.62E-05,3.654678845e-14,4.2926285545e-4
0.481,-6.47E-07,-0.499977746,6.4716862268e-7,0.500292941,1.282963277e-11,-9.47E-06,6.4716862269e-7,0.500292941,-6.47E-07,-0.499977351,-1.30E-11,-1.62E-05,1.282963279e-11,-9.47E-06,-1.30E-11,-1.62E-05,3.580176037e-14,4.2970970620e-4
0.4815,-6.33E-07,-0.499457819,6.3345828283e-7,0.499773342,1.259746021e-11,-9.48E-06,6.3345828283e-7,0.499773342,-6.33E-07,-0.499457424,-1.28E-11,-1.62E-05,1.259746019e-11,-9.48E-06,-1.28E-11,-1.62E-05,3.505396619e-14,4.3015655747e-4
0.482,-6.19E-07,-0.498938971,6.1977639483e-7,0.499254822,1.236426089e-11,-9.49E-06,6.1977639482e-7,0.499254822,-6.19E-07,-0.498938576,-1.26E-11,-1.62E-05,1.236426096e-11,-9.49E-06,-1.26E-11,-1.62E-05,3.430453428e-14,4.3060340926e-4
0.4825,-6.06E-07,-0.498421199,6.0612311596e-7,0.498737377,1.213003896e-11,-9.50E-06,6.0612311596e-7,0.498737377,-6.06E-07,-0.498420803,-1.23E-11,-1.63E-05,1.213003903e-11,-9.50E-06,-1.23E-11,-1.63E-05,3.355472135e-14,4.3105026157e-4
0.483,-5.92E-07,-0.497904499,5.9249867981e-7,0.498221004,1.189480290e-11,-9.51E-06,5.9249867981e-7,0.498221004,-5.92E-07,-0.497904102,-1.21E-11,-1.63E-05,1.189480291e-11,-9.51E-06,-1.21E-11,-1.63E-05,3.280457338e-14,4.3149711441e-4
0.4835,-5.78E-07,-0.497388867,5.7890323521e-7,0.4977057,1.165855743e-11,-9.52E-06,5.7890323520e-7,0.4977057,-5.79E-07,-0.49738847,-1.19E-11,-1.63E-05,1.165855739e-11,-9.52E-06,-1.19E-11,-1.63E-05,3.204982739e-14,4.3194396777e-4
0.484,-5.65E-07,-0.4968743,5.6533701083e-7,0.497191462,1.142130823e-11,-9.53E-06,5.6533701083e-7,0.497191462,-5.65E-07,-0.496873903,-1.16E-11,-1.63E-05,1.142130830e-11,-9.53E-06,-1.16E-11,-1.63E-05,3.129616797e-14,4.3239082166e-4
0.4845,-5.51E-07,-0.496360796,5.5180014720e-7,0.496678285,1.118306185e-11,-9.54E-06,5.5180014720e-7,0.496678285,-5.51E-07,-0.496360398,-1.14E-11,-1.63E-05,1.118306187e-11,-9.54E-06,-1.14E-11,-1.63E-05,3.054159205e-14,4.3283767607e-4
0.485,-5.38E-07,-0.495848351,5.3829285126e-7,0.496166168,1.094382242e-11,-9.55E-06,5.3829285126e-7,0.496166168,-5.38E-07,-0.495847953,-1.11E-11,-1.63E-05,1.094382251e-11,-9.55E-06,-1.11E-11,-1.63E-05,2.979071316e-14,4.3328453101e-4
0.4855,-5.24E-07,-0.495336961,5.2481531866e-7,0.495655106,1.070359897e-11,-9.56E-06,5.2481531866e-7,0.495655106,-5.24E-07,-0.495336562,-1.09E-11,-1.64E-05,1.070359898e-11,-9.56E-06,-1.09E-11,-1.64E-05,2.903600834e-14,4.3373138647e-4
0.486,-5.11E-07,-0.494826624,5.1136770918e-7,0.495145096,1.046239394e-11,-9.57E-06,5.1136770917e-7,0.495145096,-5.11E-07,-0.494826225,-1.06E-11,-1.64E-05,1.046239402e-11,-9.57E-06,-1.06E-11,-1.64E-05,2.827658085e-14,4.3417824246e-4
0.4865,-4.97E-07,-0.494317335,4.9795021775e-7,0.494636135,1.022021546e-11,-9.58E-06,4.9795021775e-7,0.494636135,-4.98E-07,-0.494316936,-1.04E-11,-1.64E-05,1.022021556e-11,-9.58E-06,-1.04E-11,-1.64E-05,2.751607259e-14,4.3462509898e-4
0.487,-4.84E-07,-0.493809093,4.8456302358e-7,0.49412822,9.977070006e-12,-9.59E-06,4.8456302358e-7,0.49412822,-4.84E-07,-0.493808693,-1.01E-11,-1.64E-05,9.977069946e-12,-9.59E-06,-1.01E-11,-1.64E-05,2.675920793e-14,4.3507195603e-4
0.4875,-4.71E-07,-0.493301893,4.7120631546e-7,0.493621348,9.732962557e-12,-9.60E-06,4.7120631546e-7,0.493621348,-4.71E-07,-0.493301493,-9.90E-12,-1.64E-05,9.732962542e-12,-9.60E-06,-9.90E-12,-1.64E-05,2.599854725e-14,4.3551881360e-4
0.488,-4.57E-07,-0.492795733,4.5788026651e-7,0.493115516,9.487900080e-12,-9.61E-06,4.5788026651e-7,0.493115516,-4.58E-07,-0.492795332,-9.65E-12,-1.64E-05,9.487900052e-12,-9.61E-06,-9.65E-12,-1.64E-05,2.523662843e-14,4.3596567171e-4
0.4885,-4.44E-07,-0.492290608,4.4458505188e-7,0.492610719,9.241889033e-12,-9.62E-06,4.4458505188e-7,0.492610719,-4.44E-07,-0.492290207,-9.40E-12,-1.65E-05,9.241888921e-12,-9.62E-06,-9.40E-12,-1.65E-05,2.447607772e-14,4.3641253034e-4
0.489,-4.31E-07,-0.491786517,4.3132084945e-7,0.492106956,8.994933863e-12,-9.63E-06,4.3132084945e-7,0.492106956,-4.31E-07,-0.491786116,-9.15E-12,-1.65E-05,8.994933957e-12,-9.63E-06,-9.15E-12,-1.65E-05,2.371057279e-14,4.3685938950e-4
0.4895,-4.18E-07,-0.491283456,4.1808783904e-7,0.491604222,8.747042851e-12,-9.64E-06,4.1808783904e-7,0.491604222,-4.18E-07,-0.491283054,-8.90E-12,-1.65E-05,8.747042788e-12,-9.64E-06,-8.90E-12,-1.65E-05,2.294721534e-14,4.3730624920e-4
0.49,-4.05E-07,-0.490781422,4.0488620471e-7,0.491102516,8.498222366e-12,-9.65E-06,4.0488620471e-7,0.491102516,-4.05E-07,-0.490781019,-8.65E-12,-1.65E-05,8.498222412e-12,-9.65E-06,-8.65E-12,-1.65E-05,2.218536015e-14,4.3775310942e-4
0.4905,-3.91E-07,-0.490280411,3.9171610516e-7,0.490601833,8.248477417e-12,-9.66E-06,3.9171610516e-7,0.490601833,-3.91E-07,-0.490280008,-8.39E-12,-1.65E-05,8.248477401e-12,-9.66E-06,-8.39E-12,-1.65E-05,2.141985996e-14,4.3819997018e-4
0.491,-3.78E-07,-0.489780421,3.7857773740e-7,0.49010217,7.997815703e-12,-9.67E-06,3.7857773740e-7,0.49010217,-3.78E-07,-0.489780018,-8.14E-12,-1.65E-05,7.997815674e-12,-9.67E-06,-8.14E-12,-1.65E-05,2.065123310e-14,4.3864683147e-4
0.4915,-3.65E-07,-0.489281448,3.6547125128e-7,0.489603525,7.746243502e-12,-9.68E-06,3.6547125127e-7,0.489603525,-3.65E-07,-0.489281044,-7.88E-12,-1.66E-05,7.746243522e-12,-9.68E-06,-7.88E-12,-1.66E-05,1.988663332e-14,4.3909369329e-4
0.492,-3.52E-07,-0.48878349,3.5239682282e-7,0.489105894,7.493765525e-12,-9.69E-06,3.5239682282e-7,0.489105894,-3.52E-07,-0.488783086,-7.62E-12,-1.66E-05,7.493765620e-12,-9.69E-06,-7.62E-12,-1.66E-05,1.911881886e-14,4.3954055565e-4
0.4925,-3.39E-07,-0.488286542,3.3935463074e-7,0.488609275,7.240391776e-12,-9.70E-06,3.3935463073e-7,0.488609275,-3.39E-07,-0.488286138,-7.37E-12,-1.66E-05,7.240391774e-12,-9.70E-06,-7.37E-12,-1.66E-05,1.835055236e-14,4.3998741854e-4
0.493,-3.26E-07,-0.487790603,3.2634484889e-7,0.488113663,6.986125795e-12,-9.71E-06,3.2634484889e-7,0.488113663,-3.26E-07,-0.487790198,-7.11E-12,-1.66E-05,6.986125828e-12,-9.71E-06,-7.11E-12,-1.66E-05,1.757910786e-14,4.4043428196e-4
0.4935,-3.13E-07,-0.487295669,3.1336763663e-7,0.487619057,6.730976754e-12,-9.72E-06,3.1336763664e-7,0.487619057,-3.13E-07,-0.487295264,-6.85E-12,-1.66E-05,6.730976769e-12,-9.72E-06,-6.85E-12,-1.66E-05,1.681283137e-14,4.4088114592e-4
0.494,-3.00E-07,-0.486801737,3.0042315985e-7,0.487125453,6.474947906e-12,-9.73E-06,3.0042315985e-7,0.487125453,-3.00E-07,-0.486801332,-6.59E-12,-1.66E-05,6.474947888e-12,-9.73E-06,-6.59E-12,-1.66E-05,1.604013830e-14,4.4132801041e-4
0.4945,-2.87E-07,-0.486308804,2.8751161017e-7,0.486632848,6.218049035e-12,-9.74E-06,2.8751161017e-7,0.486632848,-2.87E-07,-0.486308398,-6.33E-12,-1.67E-05,6.218048995e-12,-9.74E-06,-6.33E-12,-1.67E-05,1.526941924e-14,4.4177487544e-4
0.495,-2.74E-07,-0.485816867,2.7463314613e-7,0.486141238,5.960286354e-12,-9.75E-06,2.7463314612e-7,0.486141238,-2.74E-07,-0.485816461,-6.06E-12,-1.67E-05,5.960286325e-12,-9.75E-06,-6.06E-12,-1.67E-05,1.449915733e-14,4.4222174101e-4
0.4955,-2.62E-07,-0.485325923,2.6178791047e-7,0.485650622,5.701666236e-12,-9.76E-06,2.6178791047e-7,0.485650622,-2.62E-07,-0.485325516,-5.80E-12,-1.67E-05,5.701666236e-12,-9.76E-06,-5.80E-12,-1.67E-05,1.372671881e-14,4.4266860711e-4
0.496,-2.49E-07,-0.484835969,2.4897609543e-7,0.485160996,5.442195817e-12,-9.77E-06,2.4897609543e-7,0.485160996,-2.49E-07,-0.484835562,-5.54E-12,-1.67E-05,5.442195717e-12,-9.77E-06,-5.54E-12,-1.67E-05,1.295832105e-14,4.4311547376e-4
0.4965,-2.36E-07,-0.484347002,2.3619784847e-7,0.484672356,5.181881745e-12,-9.78E-06,2.3619784846e-7,0.484672356,-2.36E-07,-0.484346594,-5.27E-12,-1.67E-05,5.181881882e-12,-9.78E-06,-5.27E-12,-1.67E-05,1.218252518e-14,4.4356234094e-4
0.497,-2.23E-07,-0.483859019,2.2345335669e-7,0.484184701,4.920731571e-12,-9.79E-06,2.2345335669e-7,0.484184701,-2.23E-07,-0.483858611,-5.01E-12,-1.67E-05,4.920731574e-12,-9.79E-06,-5.01E-12,-1.67E-05,1.140673885e-14,4.4400920866e-4
0.4975,-2.11E-07,-0.483372017,2.1074274358e-7,0.483698027,4.658751048e-12,-9.80E-06,2.1074274358e-7,0.483698027,-2.11E-07,-0.483371608,-4.74E-12,-1.68E-05,4.658751040e-12,-9.80E-06,-4.74E-12,-1.68E-05,1.062952450e-14,4.4445607691e-4
0.498,-1.98E-07,-0.482885993,1.9806621113e-7,0.48321233,4.395948332e-12,-9.81E-06,1.9806621114e-7,0.48321233,-1.98E-07,-0.482885584,-4.47E-12,-1.68E-05,4.395948402e-12,-9.81E-06,-4.47E-12,-1.68E-05,9.856164209e-15,4.4490294571e-4
0.4985,-1.85E-07,-0.482400944,1.8542389273e-7,0.482727609,4.132330264e-12,-9.82E-06,1.8542389274e-7,0.482727609,-1.85E-07,-0.482400535,-4.20E-12,-1.68E-05,4.132330227e-12,-9.82E-06,-4.20E-12,-1.68E-05,9.077433520e-15,4.4534981505e-4
0.499,-1.73E-07,-0.481916868,1.7281596190e-7,0.482243861,3.867903762e-12,-9.83E-06,1.7281596190e-7,0.482243861,-1.73E-07,-0.481916458,-3.94E-12,-1.68E-05,3.867903732e-12,-9.83E-06,-3.94E-12,-1.68E-05,8.302003107e-15,4.4579668493e-4
0.4995,-1.60E-07,-0.481433761,1.6024258453e-7,0.481761081,3.602676237e-12,-9.84E-06,1.6024258453e-7,0.481761081,-1.60E-07,-0.48143335,-3.67E-12,-1.68E-05,3.602676181e-12,-9.84E-06,-3.67E-12,-1.68E-05,7.526290996e-15,4.4624355535e-4
0.5,-1.48E-07,-0.48095162,1.4770389713e-7,0.481279268,3.336654061e-12,-9.85E-06,1.4770389713e-7,0.481279268,-1.48E-07,-0.480951209,-3.39E-12,-1.68E-05,3.336654046e-12,-9.85E-06,-3.39E-12,-1.68E-05,6.748984705e-15,4.4669042632e-4
0.5005,-1.35E-07,-0.480470443,1.3520009060e-7,0.480798418,3.069846311e-12,-9.86E-06,1.3520009060e-7,0.480798418,-1.35E-07,-0.480470031,-3.12E-12,-1.69E-05,3.069846314e-12,-9.86E-06,-3.12E-12,-1.69E-05,5.969865857e-15,4.4713729782e-4
0.501,-1.23E-07,-0.479990226,1.2273128797e-7,0.48031853,2.802258163e-12,-9.87E-06,1.2273128798e-7,0.48031853,-1.23E-07,-0.479989814,-2.85E-12,-1.69E-05,2.802258125e-12,-9.87E-06,-2.85E-12,-1.69E-05,5.197686340e-15,4.4758416987e-4
0.5015,-1.10E-07,-0.479510967,1.1029766295e-7,0.479839598,2.533898449e-12,-9.88E-06,1.1029766295e-7,0.479839598,-1.10E-07,-0.479510555,-2.58E-12,-1.69E-05,2.533898354e-12,-9.88E-06,-2.58E-12,-1.69E-05,4.413433732e-15,4.4803104246e-4
0.502,-9.78E-08,-0.479032663,9.7899366495e-8,0.479361622,2.264774011e-12,-9.89E-06,9.7899366491e-8,0.479361622,-9.78E-08,-0.479032251,-2.30E-12,-1.69E-05,2.264774070e-12,-9.89E-06,-2.30E-12,-1.69E-05,3.636953065e-15,4.4847791560e-4
0.5025,-8.55E-08,-0.478555311,8.5536555148e-8,0.478884598,1.994892323e-12,-9.90E-06,8.5536555147e-8,0.478884598,-8.55E-08,-0.478554898,-2.03E-12,-1.69E-05,1.994892373e-12,-9.90E-06,-2.03E-12,-1.69E-05,2.858140651e-15,4.4892478928e-4
0.503,-7.31E-08,-0.478078908,7.3209389549e-8,0.478408523,1.724260695e-12,-9.91E-06,7.3209389550e-8,0.478408523,-7.32E-08,-0.478078495,-1.75E-12,-1.70E-05,1.724260616e-12,-9.91E-06,-1.75E-12,-1.70E-05,2.076960949e-15,4.4937166351e-4
0.5035,-6.09E-08,-0.477603452,6.0918015729e-8,0.477933394,1.452886655e-12,-9.92E-06,6.0918015727e-8,0.477933394,-6.09E-08,-0.477603039,-1.48E-12,-1.70E-05,1.452886707e-12,-9.92E-06,-1.48E-12,-1.70E-05,1.301119204e-15,4.4981853828e-4
0.504,-4.86E-08,-0.477128939,4.8662578829e-8,0.477459209,1.180779122e-12,-9.93E-06,4.8662578828e-8,0.477459209,-4.86E-08,-0.477128525,-1.20E-12,-1.70E-05,1.180779078e-12,-9.93E-06,-1.20E-12,-1.70E-05,5.172614642e-16,4.5026541360e-4
0.5045,-3.64E-08,-0.476655368,3.6443253171e-8,0.476985965,9.079429773e-13,-9.94E-06,3.6443253170e-8,0.476985965,-3.64E-08,-0.476654953,-9.23E-13,-1.70E-05,9.079429534e-13,-9.94E-06,-9.23E-13,-1.70E-05,-2.62E-16,4.5071228947e-4
0.505,-2.42E-08,-0.476182734,2.4260160629e-8,0.476513659,6.343882562e-13,-9.95E-06,2.4260160629e-8,0.476513659,-2.42E-08,-0.476182319,-6.44E-13,-1.70E-05,6.343881964e-13,-9.95E-06,-6.44E-13,-1.70E-05,-1.04E-15,4.5115916588e-4
0.5055,-1.21E-08,-0.475711035,1.2113470793e-8,0.476042288,3.601211925e-13,-9.96E-06,1.2113470786e-8,0.476042288,-1.21E-08,-0.47571062,-3.65E-13,-1.70E-05,3.601212057e-13,-9.96E-06,-3.65E-13,-1.70E-05,-1.82E-15,4.5160604285e-4
0.506,8.343118613e-15,-0.475240269,-6.25E-15,0.47557185,-2.04E-18,-9.97E-06,-2.56E-14,0.47557185,2.352269551e-14,-0.475239853,1.497776112e-18,-1.71E-05,-2.22E-18,-9.97E-06,1.867743043e-18,-1.71E-05,1.293327756e-17,4.5205292036e-4
0.5065,2.4141409826e-8,-0.474770432,-2.41E-08,0.475102341,6.338482626e-14,-9.98E-06,-2.41E-08,0.475102341,2.4141932374e-8,-0.474770016,-5.84E-14,-1.71E-05,6.338480607e-14,-9.98E-06,-5.84E-14,-1.71E-05,-3.38E-15,4.5249979842e-4
0.507,4.8177388959e-8,-0.474301523,-4.82E-08,0.47463376,4.126467972e-14,-9.99E-06,-4.82E-08,0.47463376,4.8178762699e-8,-0.474301107,-3.15E-14,-1.71E-05,4.126482059e-14,-9.99E-06,-3.15E-14,-1.71E-05,-3.53E-15,4.5294667703e-4
0.5075,7.2110304802e-8,-0.473833539,-7.21E-08,0.474166103,1.891354809e-14,-1.00E-05,-7.21E-08,0.474166103,7.2112526442e-8,-0.473833122,-4.37E-15,-1.71E-05,1.891362620e-14,-1.00E-05,-4.37E-15,-1.71E-05,-3.53E-15,4.5339355619e-4
0.508,9.5939921711e-8,-0.473366476,-9.59E-08,0.473699368,-3.67E-15,-1.00E-05,-9.59E-08,0.473699368,9.5942987042e-8,-0.473366059,2.293967986e-14,-1.71E-05,-3.67E-15,-1.00E-05,2.293964527e-14,-1.71E-05,-3.53E-15,4.5384043590e-4
0.5085,1.1966595465e-7,-0.472900333,-1.20E-07,0.473233552,-2.65E-14,-1.00E-05,-1.20E-07,0.473233552,1.1966986357e-7,-0.472899915,5.046009219e-14,-1.71E-05,-2.65E-14,-1.00E-05,5.046012615e-14,-1.71E-05,-3.53E-15,4.5428731616e-4
0.509,1.4328817068e-7,-0.472435106,-1.43E-07,0.472768653,-4.95E-14,-1.00E-05,-1.43E-07,0.472768653,1.4329291967e-7,-0.472434688,7.818402317e-14,-1.72E-05,-4.95E-14,-1.00E-05,7.818407866e-14,-1.72E-05,-3.53E-15,4.5473419697e-4
0.5095,1.6680633771e-7,-0.471970793,-1.67E-07,0.472304668,-7.27E-14,-1.00E-05,-1.67E-07,0.472304668,1.6681191725e-7,-0.471970374,1.061096040e-13,-1.72E-05,-7.27E-14,-1.00E-05,1.061095636e-13,-1.72E-05,-3.53E-15,4.5518107834e-4
0.51,1.9022022859e-7,-0.471507391,-1.90E-07,0.471841593,-9.62E-14,-1.00E-05,-1.90E-07,0.471841593,1.9022664170e-7,-0.471506972,1.342341569e-13,-1.72E-05,-9.62E-14,-1.00E-05,1.342341155e-13,-1.72E-05,-3.53E-15,4.5562796026e-4
0.5105,2.1352961635e-7,-0.471044897,-2.14E-07,0.471379427,-1.20E-13,-1.01E-05,-2.14E-07,0.471379427,2.1353685338e-7,-0.471044478,1.625547865e-13,-1.72E-05,-1.20E-13,-1.01E-05,1.625547632e-13,-1.72E-05,-3.53E-15,4.5607484273e-4
0.511,2.3673427046e-7,-0.470583309,-2.37E-07,0.470918167,-1.44E-13,-1.01E-05,-2.37E-07,0.470918167,2.3674233342e-7,-0.470582889,1.910679478e-13,-1.72E-05,-1.44E-13,-1.01E-05,1.910679725e-13,-1.72E-05,-3.53E-15,4.5652172576e-4
0.5115,2.5983393616e-7,-0.470122624,-2.60E-07,0.47045781,-1.68E-13,-1.01E-05,-2.60E-07,0.47045781,2.5984281942e-7,-0.470122204,2.197706115e-13,-1.72E-05,-1.68E-13,-1.01E-05,2.197705867e-13,-1.72E-05,-3.54E-15,4.5696860934e-4
0.512,2.8282844204e-7,-0.46966284,-2.83E-07,0.469998353,-1.92E-13,-1.01E-05,-2.83E-07,0.469998353,2.8283814407e-7,-0.469662419,2.486602891e-13,-1.73E-05,-1.92E-13,-1.01E-05,2.486604687e-13,-1.73E-05,-3.54E-15,4.5741549348e-4
0.5125,3.0571758518e-7,-0.469203953,-3.06E-07,0.469539794,-2.17E-13,-1.01E-05,-3.06E-07,0.469539794,3.0572810189e-7,-0.469203532,2.777338335e-13,-1.73E-05,-2.17E-13,-1.01E-05,2.777337712e-13,-1.73E-05,-3.54E-15,4.5786237817e-4
0.513,3.2850110726e-7,-0.468745962,-3.29E-07,0.46908213,-2.41E-13,-1.01E-05,-3.29E-07,0.46908213,3.2851243361e-7,-0.46874554,3.069892242e-13,-1.73E-05,-2.41E-13,-1.01E-05,3.069892174e-13,-1.73E-05,-3.54E-15,4.5830926342e-4
0.5135,3.5117885576e-7,-0.468288863,-3.51E-07,0.468625359,-2.66E-13,-1.01E-05,-3.51E-07,0.468625359,3.5119099167e-7,-0.468288441,3.364222466e-13,-1.73E-05,-2.66E-13,-1.01E-05,3.364221764e-13,-1.73E-05,-3.54E-15,4.5875614922e-4
0.514,3.7375058384e-7,-0.467832654,-3.74E-07,0.468169478,-2.91E-13,-1.01E-05,-3.74E-07,0.468169478,3.7376352244e-7,-0.467832231,3.660311703e-13,-1.73E-05,-2.91E-13,-1.01E-05,3.660312095e-13,-1.73E-05,-3.54E-15,4.5920303558e-4
0.5145,3.9621613921e-7,-0.467377332,-3.96E-07,0.467714484,-3.17E-13,-1.01E-05,-3.96E-07,0.467714484,3.9622987775e-7,-0.467376909,3.958115598e-13,-1.73E-05,-3.17E-13,-1.01E-05,3.958114354e-13,-1.73E-05,-3.54E-15,4.5964992250e-4
0.515,4.1857526847e-7,-0.466922895,-4.19E-07,0.467260375,-3.42E-13,-1.01E-05,-4.19E-07,0.467260375,4.1858980408e-7,-0.466922472,4.257615695e-13,-1.74E-05,-3.42E-13,-1.01E-05,4.257616567e-13,-1.74E-05,-3.54E-15,4.6009680998e-4
0.5155,4.4082783838e-7,-0.466469341,-4.41E-07,0.466807148,-3.68E-13,-1.02E-05,-4.41E-07,0.466807148,4.4084316813e-7,-0.466468917,4.558789565e-13,-1.74E-05,-3.68E-13,-1.02E-05,4.558789846e-13,-1.74E-05,-3.54E-15,4.6054369802e-4
0.516,4.6297365484e-7,-0.466016666,-4.63E-07,0.466354801,-3.94E-13,-1.02E-05,-4.63E-07,0.466354801,4.6298977490e-7,-0.466016242,4.861592219e-13,-1.74E-05,-3.94E-13,-1.02E-05,4.861592285e-13,-1.74E-05,-3.55E-15,4.6099058662e-4
0.5165,4.8501251267e-7,-0.465564868,-4.85E-07,0.465903331,-4.20E-13,-1.02E-05,-4.85E-07,0.465903331,4.8502941995e-7,-0.465564443,5.166002854e-13,-1.74E-05,-4.20E-13,-1.02E-05,5.166003562e-13,-1.74E-05,-3.55E-15,4.6143747577e-4
0.517,5.0694426447e-7,-0.465113944,-5.07E-07,0.465452735,-4.46E-13,-1.02E-05,-5.07E-07,0.465452735,5.0696195411e-7,-0.46511352,5.471997240e-13,-1.74E-05,-4.46E-13,-1.02E-05,5.471996475e-13,-1.74E-05,-3.55E-15,4.6188436549e-4
0.5175,5.2876869247e-7,-0.464663893,-5.29E-07,0.465003011,-4.72E-13,-1.02E-05,-5.29E-07,0.465003011,5.2878716206e-7,-0.464663468,5.779535701e-13,-1.74E-05,-4.72E-13,-1.02E-05,5.779535645e-13,-1.74E-05,-3.55E-15,4.6233125577e-4
0.518,5.5048568934e-7,-0.464214711,-5.50E-07,0.464554157,-4.99E-13,-1.02E-05,-5.50E-07,0.464554157,5.5050493390e-7,-0.464214286,6.088602761e-13,-1.75E-05,-4.99E-13,-1.02E-05,6.088603060e-13,-1.75E-05,-3.55E-15,4.6277814661e-4
0.5185,5.7209503726e-7,-0.463766396,-5.72E-07,0.46410617,-5.26E-13,-1.02E-05,-5.72E-07,0.46410617,5.7211505502e-7,-0.46376597,6.399149101e-13,-1.75E-05,-5.26E-13,-1.02E-05,6.399149203e-13,-1.75E-05,-3.55E-15,4.6322503801e-4
0.519,5.9359658996e-7,-0.463318946,-5.94E-07,0.463659048,-5.52E-13,-1.02E-05,-5.94E-07,0.463659048,5.9361737742e-7,-0.46331852,6.711168567e-13,-1.75E-05,-5.52E-13,-1.02E-05,6.711167805e-13,-1.75E-05,-3.55E-15,4.6367192998e-4
0.5195,6.1499022716e-7,-0.462872358,-6.15E-07,0.463212787,-5.79E-13,-1.02E-05,-6.15E-07,0.463212787,6.1501178157e-7,-0.462871931,7.024614983e-13,-1.75E-05,-5.79E-13,-1.02E-05,7.024615516e-13,-1.75E-05,-3.55E-15,4.6411882251e-4
0.52,6.3627573178e-7,-0.462426629,-6.36E-07,0.462767386,-6.07E-13,-1.02E-05,-6.36E-07,0.462767386,6.3629804457e-7,-0.462426202,7.339460458e-13,-1.75E-05,-6.07E-13,-1.02E-05,7.339459982e-13,-1.75E-05,-3.55E-15,4.6456571560e-4
0.5205,6.5745298410e-7,-0.461981757,-6.57E-07,0.462322842,-6.34E-13,-1.03E-05,-6.57E-07,0.462322842,6.5747605725e-7,-0.461981329,7.655687443e-13,-1.75E-05,-6.34E-13,-1.03E-05,7.655687321e-13,-1.75E-05,-3.56E-15,4.6501260926e-4
0.521,6.7852184174e-7,-0.461537739,-6.79E-07,0.461879152,-6.62E-13,-1.03E-05,-6.79E-07,0.461879152,6.7854566901e-7,-0.461537311,7.973246822e-13,-1.76E-05,-6.62E-13,-1.03E-05,7.973246841e-13,-1.76E-05,-3.56E-15,4.6545950348e-4
0.5215,6.9948214365e-7,-0.461094574,-6.99E-07,0.461436314,-6.89E-13,-1.03E-05,-6.99E-07,0.461436314,6.9950672439e-7,-0.461094146,8.292142783e-13,-1.76E-05,-6.89E-13,-1.03E-05,8.292142053e-13,-1.76E-05,-3.56E-15,4.6590639826e-4
0.522,7.2033375891e-7,-0.460652259,-7.20E-07,0.460994327,-7.17E-13,-1.03E-05,-7.20E-07,0.460994327,7.2035908672e-7,-0.46065183,8.612305920e-13,-1.76E-05,-7.17E-13,-1.03E-05,8.612305123e-13,-1.76E-05,-3.56E-15,4.6635329362e-4
0.5225,7.4107656524e-7,-0.46021079,-7.41E-07,0.460553186,-7.45E-13,-1.03E-05,-7.41E-07,0.460553186,7.4110263771e-7,-0.460210361,8.933736105e-13,-1.76E-05,-7.45E-13,-1.03E-05,8.933736017e-13,-1.76E-05,-3.56E-15,4.6680018954e-4
0.523,7.6171040306e-7,-0.459770167,-7.62E-07,0.46011289,-7.73E-13,-1.03E-05,-7.62E-07,0.46011289,7.6173721687e-7,-0.459769737,9.256389937e-13,-1.76E-05,-7.73E-13,-1.03E-05,9.256390167e-13,-1.76E-05,-3.56E-15,4.6724708602e-4
0.5235,7.8223518562e-7,-0.459330385,-7.82E-07,0.459673436,-8.01E-13,-1.03E-05,-7.82E-07,0.459673436,7.8226273901e-7,-0.459329955,9.580242816e-13,-1.76E-05,-8.01E-13,-1.03E-05,9.580243137e-13,-1.76E-05,-3.56E-15,4.6769398308e-4
0.524,8.0265073087e-7,-0.458891444,-8.03E-07,0.459234823,-8.30E-13,-1.03E-05,-8.03E-07,0.459234823,8.0267901791e-7,-0.458891014,9.905265997e-13,-1.77E-05,-8.30E-13,-1.03E-05,9.905265609e-13,-1.77E-05,-3.56E-15,4.6814088070e-4
0.5245,8.2295696517e-7,-0.45845334,-8.23E-07,0.458797047,-8.58E-13,-1.03E-05,-8.23E-07,0.458797047,8.2298598232e-7,-0.458452909,1.023143462e-12,-1.77E-05,-8.58E-13,-1.03E-05,1.023143450e-12,-1.77E-05,-3.57E-15,4.6858777889e-4
0.525,8.4315373808e-7,-0.458016072,-8.43E-07,0.458360106,-8.87E-13,-1.03E-05,-8.43E-07,0.458360106,8.4318348416e-7,-0.45801564,1.055870785e-12,-1.77E-05,-8.87E-13,-1.03E-05,1.055870745e-12,-1.77E-05,-3.56E-15,4.6903467765e-4
0.5255,8.6324095908e-7,-0.457579636,-8.63E-07,0.457923998,-9.16E-13,-1.04E-05,-8.63E-07,0.457923998,8.6327142551e-7,-0.457579204,1.088707128e-12,-1.77E-05,-9.16E-13,-1.04E-05,1.088707057e-12,-1.77E-05,-3.57E-15,4.6948157698e-4
0.526,8.8321849615e-7,-0.45714403,-8.83E-07,0.45748872,-9.45E-13,-1.04E-05,-8.83E-07,0.45748872,8.8324968403e-7,-0.457143598,1.121648616e-12,-1.77E-05,-9.45E-13,-1.04E-05,1.121648632e-12,-1.77E-05,-3.57E-15,4.6992847688e-4
0.5265,9.0308623889e-7,-0.456709253,-9.03E-07,0.45705427,-9.74E-13,-1.04E-05,-9.03E-07,0.45705427,9.0311814110e-7,-0.45670882,1.154690863e-12,-1.77E-05,-9.74E-13,-1.04E-05,1.154690913e-12,-1.77E-05,-3.57E-15,4.7037537736e-4
0.527,9.2284410910e-7,-0.456275301,-9.23E-07,0.456620646,-1.00E-12,-1.04E-05,-9.23E-07,0.456620646,9.2287672333e-7,-0.456274868,1.187834196e-12,-1.78E-05,-1.00E-12,-1.04E-05,1.187834135e-12,-1.78E-05,-3.57E-15,4.7082227840e-4
0.5275,9.4249197810e-7,-0.455842173,-9.43E-07,0.456187846,-1.03E-12,-1.04E-05,-9.43E-07,0.456187846,9.4252530278e-7,-0.455841739,1.221073876e-12,-1.78E-05,-1.03E-12,-1.04E-05,1.221073983e-12,-1.78E-05,-3.57E-15,4.7126918001e-4
0.528,9.6202978170e-7,-0.455409865,-9.62E-07,0.455755866,-1.06E-12,-1.04E-05,-9.62E-07,0.455755866,9.6206381275e-7,-0.455409432,1.254406648e-12,-1.78E-05,-1.06E-12,-1.04E-05,1.254406630e-12,-1.78E-05,-3.57E-15,4.7171608220e-4
0.5285,9.8145739844e-7,-0.454978377,-9.81E-07,0.455324705,-1.09E-12,-1.04E-05,-9.81E-07,0.455324705,9.8149213248e-7,-0.454977942,1.287830304e-12,-1.78E-05,-1.09E-12,-1.04E-05,1.287830202e-12,-1.78E-05,-3.57E-15,4.7216298496e-4
0.529,1.0007747375e-6,-0.454547704,-1.00E-06,0.45489436,-1.12E-12,-1.04E-05,-1.00E-06,0.45489436,1.0008101694e-6,-0.45454727,1.321342458e-12,-1.78E-05,-1.12E-12,-1.04E-05,1.321342516e-12,-1.78E-05,-3.57E-15,4.7260988830e-4
0.5295,1.0199816903e-6,-0.454117846,-1.02E-06,0.45446483,-1.15E-12,-1.04E-05,-1.02E-06,0.45446483,1.0200178175e-6,-0.454117411,1.354938466e-12,-1.78E-05,-1.15E-12,-1.04E-05,1.354938489e-12,-1.78E-05,-3.58E-15,4.7305679220e-4
0.53,1.0390782286e-6,-0.453688799,-1.04E-06,0.454036111,-1.18E-12,-1.04E-05,-1.04E-06,0.454036111,1.0391150482e-6,-0.453688364,1.388617306e-12,-1.79E-05,-1.18E-12,-1.04E-05,1.388617247e-12,-1.79E-05,-3.58E-15,4.7350369669e-4
0.5305,1.0580642502e-6,-0.453260562,-1.06E-06,0.453608201,-1.21E-12,-1.05E-05,-1.06E-06,0.453608201,1.0581017562e-6,-0.453260126,1.422375559e-12,-1.79E-05,-1.21E-12,-1.05E-05,1.422375576e-12,-1.79E-05,-3.58E-15,4.7395060175e-4
0.531,1.0769396566e-6,-0.452833132,-1.08E-06,0.453181099,-1.24E-12,-1.05E-05,-1.08E-06,0.453181099,1.0769778477e-6,-0.452832695,1.456209375e-12,-1.79E-05,-1.24E-12,-1.05E-05,1.456209408e-12,-1.79E-05,-3.58E-15,4.7439750738e-4
0.5315,1.0957043748e-6,-0.452406506,-1.10E-06,0.452754801,-1.27E-12,-1.05E-05,-1.10E-06,0.452754801,1.0957432462e-6,-0.45240607,1.490116279e-12,-1.79E-05,-1.27E-12,-1.05E-05,1.490116230e-12,-1.79E-05,-3.58E-15,4.7484441359e-4
0.532,1.1143583659e-6,-0.451980684,-1.11E-06,0.452329306,-1.30E-12,-1.05E-05,-1.11E-06,0.452329306,1.1143979123e-6,-0.451980247,1.524093465e-12,-1.79E-05,-1.30E-12,-1.05E-05,1.524093488e-12,-1.79E-05,-3.58E-15,4.7529132038e-4
0.5325,1.1329015260e-6,-0.451555661,-1.13E-06,0.451904612,-1.33E-12,-1.05E-05,-1.13E-06,0.451904612,1.1329417465e-6,-0.451555224,1.558138367e-12,-1.79E-05,-1.33E-12,-1.05E-05,1.558138333e-12,-1.79E-05,-3.58E-15,4.7573822774e-4
0.533,1.1513338103e-6,-0.451131437,-1.15E-06,0.451480715,-1.36E-12,-1.05E-05,-1.15E-06,0.451480715,1.1513747017e-6,-0.451130999,1.592247775e-12,-1.80E-05,-1.36E-12,-1.05E-05,1.592247784e-12,-1.80E-05,-3.58E-15,4.7618513569e-4
0.5335,1.1696551321e-6,-0.450708009,-1.17E-06,0.451057615,-1.39E-12,-1.05E-05,-1.17E-06,0.451057615,1.1696966895e-6,-0.450707571,1.626419506e-12,-1.80E-05,-1.39E-12,-1.05E-05,1.626419575e-12,-1.80E-05,-3.58E-15,4.7663204421e-4
0.534,1.1878654759e-6,-0.450285374,-1.19E-06,0.450635308,-1.42E-12,-1.05E-05,-1.19E-06,0.450635308,1.1879076950e-6,-0.450284935,1.660649524e-12,-1.80E-05,-1.42E-12,-1.05E-05,1.660649523e-12,-1.80E-05,-3.59E-15,4.7707895331e-4
0.5345,1.2059647438e-6,-0.449863531,-1.21E-06,0.450213792,-1.45E-12,-1.05E-05,-1.21E-06,0.450213792,1.2060076237e-6,-0.449863092,1.694934914e-12,-1.80E-05,-1.45E-12,-1.05E-05,1.694934887e-12,-1.80E-05,-3.59E-15,4.7752586299e-4
0.535,1.2239529086e-6,-0.449442476,-1.22E-06,0.449793065,-1.48E-12,-1.05E-05,-1.22E-06,0.449793065,1.2239964424e-6,-0.449442037,1.729274577e-12,-1.80E-05,-1.48E-12,-1.05E-05,1.729274589e-12,-1.80E-05,-3.59E-15,4.7797277325e-4
0.5355,1.2418299219e-6,-0.449022209,-1.24E-06,0.449373126,-1.52E-12,-1.05E-05,-1.24E-06,0.449373126,1.2418741076e-6,-0.449021769,1.763663504e-12,-1.80E-05,-1.52E-12,-1.05E-05,1.763663495e-12,-1.80E-05,-3.59E-15,4.7841968409e-4
0.536,1.2595957188e-6,-0.448602727,-1.26E-06,0.448953971,-1.55E-12,-1.06E-05,-1.26E-06,0.448953971,1.2596405552e-6,-0.448602286,1.798099557e-12,-1.81E-05,-1.55E-12,-1.06E-05,1.798099484e-12,-1.81E-05,-3.59E-15,4.7886659551e-4
0.5365,1.2772502805e-6,-0.448184027,-1.28E-06,0.448535599,-1.58E-12,-1.06E-05,-1.28E-06,0.448535599,1.2772957613e-6,-0.448183586,1.832580925e-12,-1.81E-05,-1.58E-12,-1.06E-05,1.832580924e-12,-1.81E-05,-3.59E-15,4.7931350751e-4
0.537,1.2947935409e-6,-0.447766107,-1.29E-06,0.448118007,-1.61E-12,-1.06E-05,-1.29E-06,0.448118007,1.2948396623e-6,-0.447765666,1.867103491e-12,-1.81E-05,-1.61E-12,-1.06E-05,1.867103484e-12,-1.81E-05,-3.59E-15,4.7976042010e-4
0.5375,1.3122254952e-6,-0.447348966,-1.31E-06,0.447701193,-1.64E-12,-1.06E-05,-1.31E-06,0.447701193,1.3122722540e-6,-0.447348524,1.901664108e-12,-1.81E-05,-1.64E-12,-1.06E-05,1.901664083e-12,-1.81E-05,-3.59E-15,4.8020733327e-4
0.538,1.3295460633e-6,-0.4469326,-1.33E-06,0.447285156,-1.67E-12,-1.06E-05,-1.33E-06,0.447285156,1.3295934563e-6,-0.446932158,1.936261225e-12,-1.81E-05,-1.67E-12,-1.06E-05,1.936261168e-12,-1.81E-05,-3.59E-15,4.8065424702e-4
0.5385,1.3467552784e-6,-0.446517009,-1.35E-06,0.446869892,-1.70E-12,-1.06E-05,-1.35E-06,0.446869892,1.3468033016e-6,-0.446516566,1.970891634e-12,-1.81E-05,-1.70E-12,-1.06E-05,1.970891543e-12,-1.81E-05,-3.60E-15,4.8110116136e-4
0.539,1.3638530459e-6,-0.446102189,-1.36E-06,0.4464554,-1.73E-12,-1.06E-05,-1.36E-06,0.4464554,1.3639016959e-6,-0.446101746,2.005550214e-12,-1.82E-05,-1.73E-12,-1.06E-05,2.005550301e-12,-1.82E-05,-3.60E-15,4.8154807628e-4
0.5395,1.3808393668e-6,-0.445688138,-1.38E-06,0.446041677,-1.76E-12,-1.06E-05,-1.38E-06,0.446041677,1.3808886402e-6,-0.445687695,2.040237777e-12,-1.82E-05,-1.76E-12,-1.06E-05,2.040237699e-12,-1.82E-05,-3.60E-15,4.8199499178e-4
0.54,1.3977142572e-6,-0.445274856,-1.40E-06,0.445628722,-1.80E-12,-1.06E-05,-1.40E-06,0.445628722,1.3977641497e-6,-0.445274412,2.074948567e-12,-1.82E-05,-1.80E-12,-1.06E-05,2.074948540e-12,-1.82E-05,-3.60E-15,4.8244190788e-4
0.5405,1.4144776401e-6,-0.444862338,-1.41E-06,0.445216532,-1.83E-12,-1.06E-05,-1.41E-06,0.445216532,1.4145281480e-6,-0.444861894,2.109681758e-12,-1.82E-05,-1.83E-12,-1.06E-05,2.109681683e-12,-1.82E-05,-3.60E-15,4.8288882455e-4
0.541,1.4311295163e-6,-0.444450584,-1.43E-06,0.444805105,-1.86E-12,-1.07E-05,-1.43E-06,0.444805105,1.4311806361e-6,-0.444450139,2.144432883e-12,-1.82E-05,-1.86E-12,-1.07E-05,2.144432892e-12,-1.82E-05,-3.60E-15,4.8333574182e-4
0.5415,1.4476698934e-6,-0.44403959,-1.45E-06,0.44439444,-1.89E-12,-1.07E-05,-1.45E-06,0.44439444,1.4477216228e-6,-0.444039145,2.179200251e-12,-1.82E-05,-1.89E-12,-1.07E-05,2.179200424e-12,-1.82E-05,-3.60E-15,4.8378265967e-4
0.542,1.4640987393e-6,-0.443629356,-1.46E-06,0.443984533,-1.92E-12,-1.07E-05,-1.46E-06,0.443984533,1.4641510746e-6,-0.443628911,2.213980569e-12,-1.83E-05,-1.92E-12,-1.07E-05,2.213980545e-12,-1.83E-05,-3.60E-15,4.8422957811e-4
0.5425,1.4804160586e-6,-0.443219878,-1.48E-06,0.443575383,-1.95E-12,-1.07E-05,-1.48E-06,0.443575383,1.4804689967e-6,-0.443219433,2.248771306e-12,-1.83E-05,-1.95E-12,-1.07E-05,2.248771301e-12,-1.83E-05,-3.60E-15,4.8467649714e-4
0.543,1.4966218369e-6,-0.442811155,-1.50E-06,0.443166988,-1.98E-12,-1.07E-05,-1.50E-06,0.443166988,1.4966753691e-6,-0.442810709,2.283568423e-12,-1.83E-05,-1.98E-12,-1.07E-05,2.283568474e-12,-1.83E-05,-3.61E-15,4.8512341675e-4
0.5435,1.5127160999e-6,-0.442403185,-1.51E-06,0.442759346,-2.02E-12,-1.07E-05,-1.51E-06,0.442759346,1.5127702261e-6,-0.442402739,2.318370854e-12,-1.83E-05,-2.02E-12,-1.07E-05,2.318370870e-12,-1.83E-05,-3.61E-15,4.8557033696e-4
0.544,1.5286988123e-6,-0.441995966,-1.53E-06,0.442352454,-2.05E-12,-1.07E-05,-1.53E-06,0.442352454,1.5287535324e-6,-0.441995519,2.353173915e-12,-1.83E-05,-2.05E-12,-1.07E-05,2.353173951e-12,-1.83E-05,-3.61E-15,4.8601725775e-4
0.5445,1.5445699877e-6,-0.441589495,-1.54E-06,0.441946311,-2.08E-12,-1.07E-05,-1.54E-06,0.441946311,1.5446252935e-6,-0.441589047,2.387976755e-12,-1.84E-05,-2.08E-12,-1.07E-05,2.387976865e-12,-1.84E-05,-3.61E-15,4.8646417914e-4
0.545,1.5603296478e-6,-0.44118377,-1.56E-06,0.441540914,-2.11E-12,-1.07E-05,-1.56E-06,0.441540914,1.5603855382e-6,-0.441183323,2.422775628e-12,-1.84E-05,-2.11E-12,-1.07E-05,2.422775643e-12,-1.84E-05,-3.61E-15,4.8691110112e-4
0.5455,1.5759777812e-6,-0.44077879,-1.58E-06,0.441136262,-2.14E-12,-1.07E-05,-1.58E-06,0.441136262,1.5760342487e-6,-0.440778342,2.457567430e-12,-1.84E-05,-2.14E-12,-1.07E-05,2.457567442e-12,-1.84E-05,-3.61E-15,4.8735802368e-4
0.546,1.5915144300e-6,-0.440374552,-1.59E-06,0.440732352,-2.18E-12,-1.08E-05,-1.59E-06,0.440732352,1.5915714743e-6,-0.440374104,2.492349321e-12,-1.84E-05,-2.18E-12,-1.08E-05,2.492349263e-12,-1.84E-05,-3.61E-15,4.8780494685e-4
0.5465,1.6069395853e-6,-0.439971055,-1.61E-06,0.440329182,-2.21E-12,-1.08E-05,-1.61E-06,0.440329182,1.6069972010e-6,-0.439970606,2.527118978e-12,-1.84E-05,-2.21E-12,-1.08E-05,2.527119031e-12,-1.84E-05,-3.61E-15,4.8825187060e-4
0.547,1.6222532583e-6,-0.439568296,-1.62E-06,0.439926751,-2.24E-12,-1.08E-05,-1.62E-06,0.439926751,1.6223114449e-6,-0.439567847,2.561873285e-12,-1.84E-05,-2.24E-12,-1.08E-05,2.561873357e-12,-1.84E-05,-3.61E-15,4.8869879495e-4
0.5475,1.6374554857e-6,-0.439166273,-1.64E-06,0.439525056,-2.27E-12,-1.08E-05,-1.64E-06,0.439525056,1.6375142360e-6,-0.439165823,2.596610575e-12,-1.85E-05,-2.27E-12,-1.08E-05,2.596610625e-12,-1.85E-05,-3.61E-15,4.8914571989e-4
0.548,1.6525462923e-6,-0.438764985,-1.65E-06,0.439124095,-2.30E-12,-1.08E-05,-1.65E-06,0.439124095,1.6526056058e-6,-0.438764534,2.631325205e-12,-1.85E-05,-2.30E-12,-1.08E-05,2.631325152e-12,-1.85E-05,-3.62E-15,4.8959264542e-4
0.5485,1.6675256958e-6,-0.438364428,-1.67E-06,0.438723866,-2.33E-12,-1.08E-05,-1.67E-06,0.438723866,1.6675855684e-6,-0.438363978,2.666018248e-12,-1.85E-05,-2.33E-12,-1.08E-05,2.666018235e-12,-1.85E-05,-3.62E-15,4.9003957155e-4
0.549,1.6823937174e-6,-0.437964602,-1.68E-06,0.438324368,-2.37E-12,-1.08E-05,-1.68E-06,0.438324368,1.6824541442e-6,-0.437964151,2.700683798e-12,-1.85E-05,-2.37E-12,-1.08E-05,2.700683817e-12,-1.85E-05,-3.62E-15,4.9048649827e-4
0.5495,1.6971504086e-6,-0.437565505,-1.70E-06,0.437925598,-2.40E-12,-1.08E-05,-1.70E-06,0.437925598,1.6972113849e-6,-0.437565053,2.735320778e-12,-1.85E-05,-2.40E-12,-1.08E-05,2.735320775e-12,-1.85E-05,-3.62E-15,4.9093342560e-4
0.55,1.7117957854e-6,-0.437167133,-1.71E-06,0.437527554,-2.43E-12,-1.08E-05,-1.71E-06,0.437527554,1.7118573092e-6,-0.437166681,2.769925766e-12,-1.85E-05,-2.43E-12,-1.08E-05,2.769925844e-12,-1.85E-05,-3.62E-15,4.9138035351e-4
0.5505,1.7263298923e-6,-0.436769486,-1.73E-06,0.437130235,-2.46E-12,-1.08E-05,-1.73E-06,0.437130235,1.7263919593e-6,-0.436769034,2.804496077e-12,-1.86E-05,-2.46E-12,-1.08E-05,2.804496094e-12,-1.86E-05,-3.62E-15,4.9182728203e-4
0.551,1.7407527729e-6,-0.436372561,-1.74E-06,0.436733638,-2.49E-12,-1.09E-05,-1.74E-06,0.436733638,1.7408153828e-6,-0.436372108,2.839028120e-12,-1.86E-05,-2.49E-12,-1.09E-05,2.839028036e-12,-1.86E-05,-3.62E-15,4.9227421114e-4
0.5515,1.7550644801e-6,-0.435976357,-1.76E-06,0.436337761,-2.53E-12,-1.09E-05,-1.76E-06,0.436337761,1.7551276253e-6,-0.435975903,2.873521140e-12,-1.86E-05,-2.53E-12,-1.09E-05,2.873521094e-12,-1.86E-05,-3.62E-15,4.9272114085e-4
0.552,1.7692649966e-6,-0.43558087,-1.77E-06,0.435942603,-2.56E-12,-1.09E-05,-1.77E-06,0.435942603,1.7693286750e-6,-0.435580417,2.907971490e-12,-1.86E-05,-2.56E-12,-1.09E-05,2.907971428e-12,-1.86E-05,-3.62E-15,4.9316807116e-4
0.5525,1.7833544571e-6,-0.435186101,-1.78E-06,0.435548161,-2.59E-12,-1.09E-05,-1.78E-06,0.435548161,1.7834186626e-6,-0.435185647,2.942374940e-12,-1.86E-05,-2.59E-12,-1.09E-05,2.942374859e-12,-1.86E-05,-3.62E-15,4.9361500206e-4
0.553,1.7973328368e-6,-0.434792046,-1.80E-06,0.435154433,-2.62E-12,-1.09E-05,-1.80E-06,0.435154433,1.7973975693e-6,-0.434791591,2.976731191e-12,-1.86E-05,-2.62E-12,-1.09E-05,2.976731106e-12,-1.86E-05,-3.63E-15,4.9406193357e-4
0.5535,1.8112002150e-6,-0.434398703,-1.81E-06,0.434761418,-2.65E-12,-1.09E-05,-1.81E-06,0.434761418,1.8112654692e-6,-0.434398248,3.011035878e-12,-1.87E-05,-2.65E-12,-1.09E-05,3.011035874e-12,-1.87E-05,-3.63E-15,4.9450886568e-4
0.554,1.8249566696e-6,-0.434006071,-1.82E-06,0.434369114,-2.68E-12,-1.09E-05,-1.82E-06,0.434369114,1.8250224437e-6,-0.434005616,3.045287058e-12,-1.87E-05,-2.68E-12,-1.09E-05,3.045286959e-12,-1.87E-05,-3.63E-15,4.9495579839e-4
0.5545,1.8386022390e-6,-0.433614148,-1.84E-06,0.433977519,-2.72E-12,-1.09E-05,-1.84E-06,0.433977519,1.8386685275e-6,-0.433613692,3.079481929e-12,-1.87E-05,-2.72E-12,-1.09E-05,3.079481799e-12,-1.87E-05,-3.63E-15,4.9540273170e-4
0.555,1.8521369648e-6,-0.433222932,-1.85E-06,0.43358663,-2.75E-12,-1.09E-05,-1.85E-06,0.43358663,1.8522037650e-6,-0.433222476,3.113617525e-12,-1.87E-05,-2.75E-12,-1.09E-05,3.113617630e-12,-1.87E-05,-3.63E-15,4.9584966561e-4
0.5555,1.8655609261e-6,-0.43283242,-1.87E-06,0.433196446,-2.78E-12,-1.09E-05,-1.87E-06,0.433196446,1.8656282323e-6,-0.432831964,3.147690844e-12,-1.87E-05,-2.78E-12,-1.09E-05,3.147690849e-12,-1.87E-05,-3.63E-15,4.9629660012e-4
0.556,1.8788741991e-6,-0.432442611,-1.88E-06,0.432806965,-2.81E-12,-1.10E-05,-1.88E-06,0.432806965,1.8789420101e-6,-0.432442155,3.181699703e-12,-1.87E-05,-2.81E-12,-1.10E-05,3.181699807e-12,-1.87E-05,-3.63E-15,4.9674353524e-4
0.5565,1.8920768397e-6,-0.432053504,-1.89E-06,0.432418186,-2.84E-12,-1.10E-05,-1.89E-06,0.432418186,1.8921451504e-6,-0.432053047,3.215640995e-12,-1.88E-05,-2.84E-12,-1.10E-05,3.215640914e-12,-1.88E-05,-3.63E-15,4.9719047096e-4
0.557,1.9051688934e-6,-0.431665096,-1.91E-06,0.432030105,-2.87E-12,-1.10E-05,-1.91E-06,0.432030105,1.9052377025e-6,-0.431664638,3.249513153e-12,-1.88E-05,-2.87E-12,-1.10E-05,3.249513108e-12,-1.88E-05,-3.63E-15,4.9763740729e-4
0.5575,1.9181504767e-6,-0.431277385,-1.92E-06,0.431642722,-2.91E-12,-1.10E-05,-1.92E-06,0.431642722,1.9182197751e-6,-0.431276927,3.283312074e-12,-1.88E-05,-2.91E-12,-1.10E-05,3.283312049e-12,-1.88E-05,-3.63E-15,4.9808434422e-4
0.558,1.9310216199e-6,-0.430890369,-1.93E-06,0.431256034,-2.94E-12,-1.10E-05,-1.93E-06,0.431256034,1.9310914107e-6,-0.430889911,3.317036468e-12,-1.88E-05,-2.94E-12,-1.10E-05,3.317036496e-12,-1.88E-05,-3.64E-15,4.9853128175e-4
0.5585,1.9437824269e-6,-0.430504048,-1.94E-06,0.43087004,-2.97E-12,-1.10E-05,-1.94E-06,0.43087004,1.9438527009e-6,-0.430503589,3.350681055e-12,-1.88E-05,-2.97E-12,-1.10E-05,3.350680894e-12,-1.88E-05,-3.64E-15,4.9897821989e-4
0.559,1.9564329641e-6,-0.430118417,-1.96E-06,0.430484738,-3.00E-12,-1.10E-05,-1.96E-06,0.430484738,1.9565037228e-6,-0.430117958,3.384246825e-12,-1.88E-05,-3.00E-12,-1.10E-05,3.384246826e-12,-1.88E-05,-3.64E-15,4.9942515864e-4
0.5595,1.9689733352e-6,-0.429733477,-1.97E-06,0.430100125,-3.03E-12,-1.10E-05,-1.97E-06,0.430100125,1.9690445737e-6,-0.429733017,3.417728183e-12,-1.89E-05,-3.03E-12,-1.10E-05,3.417728094e-12,-1.89E-05,-3.64E-15,4.9987209799e-4
0.56,1.9814035963e-6,-0.429349225,-1.98E-06,0.429716201,-3.06E-12,-1.10E-05,-1.98E-06,0.429716201,1.9814753083e-6,-0.429348765,3.451125239e-12,-1.89E-05,-3.06E-12,-1.10E-05,3.451125234e-12,-1.89E-05,-3.64E-15,5.0031903795e-4
0.5605,1.9937238523e-6,-0.428965659,-1.99E-06,0.429332962,-3.09E-12,-1.10E-05,-1.99E-06,0.429332962,1.9937960382e-6,-0.428965198,3.484432268e-12,-1.89E-05,-3.09E-12,-1.10E-05,3.484432316e-12,-1.89E-05,-3.64E-15,5.0076597852e-4
0.561,2.0059341690e-6,-0.428582777,-2.01E-06,0.428950408,-3.12E-12,-1.11E-05,-2.01E-06,0.428950408,2.0060068208e-6,-0.428582316,3.517648340e-12,-1.89E-05,-3.12E-12,-1.11E-05,3.517648409e-12,-1.89E-05,-3.64E-15,5.0121291970e-4
0.5615,2.0180346593e-6,-0.428200578,-2.02E-06,0.428568537,-3.15E-12,-1.11E-05,-2.02E-06,0.428568537,2.0181077773e-6,-0.428200116,3.550771581e-12,-1.89E-05,-3.15E-12,-1.11E-05,3.550771524e-12,-1.89E-05,-3.64E-15,5.0165986148e-4
0.562,2.0300253894e-6,-0.427819059,-2.03E-06,0.428187346,-3.19E-12,-1.11E-05,-2.03E-06,0.428187346,2.0300989670e-6,-0.427818597,3.583797982e-12,-1.89E-05,-3.19E-12,-1.11E-05,3.583797930e-12,-1.89E-05,-3.65E-15,5.0210680388e-4
0.5625,2.0419064938e-6,-0.427438219,-2.04E-06,0.427806834,-3.22E-12,-1.11E-05,-2.04E-06,0.427806834,2.0419805296e-6,-0.427437757,3.616725399e-12,-1.90E-05,-3.22E-12,-1.11E-05,3.616725358e-12,-1.90E-05,-3.64E-15,5.0255374688e-4
0.563,2.0536780546e-6,-0.427058056,-2.05E-06,0.427426999,-3.25E-12,-1.11E-05,-2.05E-06,0.427426999,2.0537525433e-6,-0.427057594,3.649550978e-12,-1.90E-05,-3.25E-12,-1.11E-05,3.649551020e-12,-1.90E-05,-3.65E-15,5.0300069050e-4
0.5635,2.0653401428e-6,-0.426678569,-2.07E-06,0.427047839,-3.28E-12,-1.11E-05,-2.07E-06,0.427047839,2.0654150830e-6,-0.426678106,3.682273028e-12,-1.90E-05,-3.28E-12,-1.11E-05,3.682273024e-12,-1.90E-05,-3.65E-15,5.0344763473e-4
0.564,2.0768928994e-6,-0.426299755,-2.08E-06,0.426669353,-3.31E-12,-1.11E-05,-2.08E-06,0.426669353,2.0769682841e-6,-0.426299292,3.714888341e-12,-1.90E-05,-3.31E-12,-1.11E-05,3.714888290e-12,-1.90E-05,-3.65E-15,5.0389457956e-4
0.5645,2.0883364180e-6,-0.425921613,-2.09E-06,0.426291538,-3.34E-12,-1.11E-05,-2.09E-06,0.426291538,2.0884122471e-6,-0.425921149,3.747393908e-12,-1.90E-05,-3.34E-12,-1.11E-05,3.747393938e-12,-1.90E-05,-3.65E-15,5.0434152502e-4
0.565,2.0996707894e-6,-0.42554414,-2.10E-06,0.425914394,-3.37E-12,-1.11E-05,-2.10E-06,0.425914394,2.0997470590e-6,-0.425543676,3.779788119e-12,-1.90E-05,-3.37E-12,-1.11E-05,3.779788113e-12,-1.90E-05,-3.65E-15,5.0478847108e-4
0.5655,2.1108961398e-6,-0.425167336,-2.11E-06,0.425537917,-3.40E-12,-1.11E-05,-2.11E-06,0.425537917,2.1109728449e-6,-0.425166871,3.812067183e-12,-1.91E-05,-3.40E-12,-1.11E-05,3.812067085e-12,-1.91E-05,-3.65E-15,5.0523541776e-4
0.566,2.1220125670e-6,-0.424791198,-2.12E-06,0.425162107,-3.43E-12,-1.12E-05,-2.12E-06,0.425162107,2.1220897043e-6,-0.424790733,3.844230270e-12,-1.91E-05,-3.43E-12,-1.12E-05,3.844230216e-12,-1.91E-05,-3.65E-15,5.0568236505e-4
0.5665,2.1330201993e-6,-0.424415725,-2.13E-06,0.424786961,-3.46E-12,-1.12E-05,-2.13E-06,0.424786961,2.1330977631e-6,-0.424415259,3.876273303e-12,-1.91E-05,-3.46E-12,-1.12E-05,3.876273234e-12,-1.91E-05,-3.65E-15,5.0612931295e-4
0.567,2.1439191230e-6,-0.424040914,-2.14E-06,0.424412478,-3.49E-12,-1.12E-05,-2.14E-06,0.424412478,2.1439971151e-6,-0.424040448,3.908195400e-12,-1.91E-05,-3.49E-12,-1.12E-05,3.908195400e-12,-1.91E-05,-3.65E-15,5.0657626147e-4
0.5675,2.1547094904e-6,-0.423666764,-2.15E-06,0.424038657,-3.52E-12,-1.12E-05,-2.15E-06,0.424038657,2.1547879040e-6,-0.423666298,3.939991888e-12,-1.91E-05,-3.52E-12,-1.12E-05,3.939991839e-12,-1.91E-05,-3.66E-15,5.0702321061e-4
0.568,2.1653914216e-6,-0.423293274,-2.17E-06,0.423665494,-3.55E-12,-1.12E-05,-2.17E-06,0.423665494,2.1654702524e-6,-0.423292808,3.971662028e-12,-1.91E-05,-3.55E-12,-1.12E-05,3.971662006e-12,-1.91E-05,-3.66E-15,5.0747016036e-4
0.5685,2.1759649950e-6,-0.422920441,-2.18E-06,0.423292989,-3.58E-12,-1.12E-05,-2.18E-06,0.423292989,2.1760442408e-6,-0.422919974,4.003202076e-12,-1.92E-05,-3.58E-12,-1.12E-05,4.003202030e-12,-1.92E-05,-3.66E-15,5.0791711073e-4
0.569,2.1864303802e-6,-0.422548265,-2.19E-06,0.42292114,-3.61E-12,-1.12E-05,-2.19E-06,0.42292114,2.1865100379e-6,-0.422547797,4.034610513e-12,-1.92E-05,-3.61E-12,-1.12E-05,4.034610555e-12,-1.92E-05,-3.66E-15,5.0836406172e-4
0.5695,2.1967876846e-6,-0.422176742,-2.20E-06,0.422549945,-3.64E-12,-1.12E-05,-2.20E-06,0.422549945,2.1968677497e-6,-0.422176274,4.065884662e-12,-1.92E-05,-3.64E-12,-1.12E-05,4.065884724e-12,-1.92E-05,-3.66E-15,5.0881101332e-4
0.57,2.2070370354e-6,-0.421805872,-2.21E-06,0.422179402,-3.67E-12,-1.12E-05,-2.21E-06,0.422179402,2.2071175054e-6,-0.421805403,4.097022308e-12,-1.92E-05,-3.67E-12,-1.12E-05,4.097022317e-12,-1.92E-05,-3.66E-15,5.0925796554e-4
0.5705,2.2171785592e-6,-0.421435652,-2.22E-06,0.42180951,-3.70E-12,-1.12E-05,-2.22E-06,0.42180951,2.2172594308e-6,-0.421435183,4.128019891e-12,-1.92E-05,-3.70E-12,-1.12E-05,4.128019890e-12,-1.92E-05,-3.66E-15,5.0970491838e-4
0.571,2.2272124140e-6,-0.421066081,-2.23E-06,0.421440267,-3.73E-12,-1.12E-05,-2.23E-06,0.421440267,2.2272936802e-6,-0.421065612,4.158874935e-12,-1.92E-05,-3.73E-12,-1.12E-05,4.158875003e-12,-1.92E-05,-3.66E-15,5.1015187184e-4
0.5715,2.2371386905e-6,-0.420697158,-2.24E-06,0.421071672,-3.76E-12,-1.13E-05,-2.24E-06,0.421071672,2.2372203508e-6,-0.420696688,4.189587100e-12,-1.93E-05,-3.76E-12,-1.13E-05,4.189587144e-12,-1.93E-05,-3.66E-15,5.1059882592e-4
0.572,2.2469575647e-6,-0.42032888,-2.25E-06,0.420703722,-3.79E-12,-1.13E-05,-2.25E-06,0.420703722,2.2470396150e-6,-0.42032841,4.220151656e-12,-1.93E-05,-3.79E-12,-1.13E-05,4.220151721e-12,-1.93E-05,-3.66E-15,5.1104578062e-4
0.5725,2.2566691526e-6,-0.419961246,-2.26E-06,0.420336415,-3.82E-12,-1.13E-05,-2.26E-06,0.420336415,2.2567515894e-6,-0.419960775,4.250567796e-12,-1.93E-05,-3.82E-12,-1.13E-05,4.250567798e-12,-1.93E-05,-3.66E-15,5.1149273594e-4
0.573,2.2662736172e-6,-0.419594254,-2.27E-06,0.419969751,-3.85E-12,-1.13E-05,-2.27E-06,0.419969751,2.2663564346e-6,-0.419593783,4.280832975e-12,-1.93E-05,-3.85E-12,-1.13E-05,4.280833094e-12,-1.93E-05,-3.67E-15,5.1193969188e-4
0.5735,2.2757710626e-6,-0.419227902,-2.28E-06,0.419603727,-3.87E-12,-1.13E-05,-2.28E-06,0.419603727,2.2758542606e-6,-0.419227431,4.310942942e-12,-1.93E-05,-3.87E-12,-1.13E-05,4.310942942e-12,-1.93E-05,-3.67E-15,5.1238664845e-4
0.574,2.2851616781e-6,-0.41886219,-2.29E-06,0.419238342,-3.90E-12,-1.13E-05,-2.29E-06,0.419238342,2.2852452523e-6,-0.418861718,4.340897175e-12,-1.93E-05,-3.90E-12,-1.13E-05,4.340897193e-12,-1.93E-05,-3.67E-15,5.1283360564e-4
0.5745,2.2944455791e-6,-0.418497114,-2.29E-06,0.418873595,-3.93E-12,-1.13E-05,-2.29E-06,0.418873595,2.2945295250e-6,-0.418496642,4.370692918e-12,-1.94E-05,-3.93E-12,-1.13E-05,4.370692925e-12,-1.94E-05,-3.67E-15,5.1328056345e-4
0.575,2.3036229343e-6,-0.418132674,-2.30E-06,0.418509483,-3.96E-12,-1.13E-05,-2.30E-06,0.418509483,2.3037072487e-6,-0.418132202,4.400326331e-12,-1.94E-05,-3.96E-12,-1.13E-05,4.400326418e-12,-1.94E-05,-3.67E-15,5.1372752188e-4
0.5755,2.3126938785e-6,-0.417768868,-2.31E-06,0.418146004,-3.99E-12,-1.13E-05,-2.31E-06,0.418146004,2.3127785598e-6,-0.417768395,4.429797448e-12,-1.94E-05,-3.99E-12,-1.13E-05,4.429797508e-12,-1.94E-05,-3.67E-15,5.1417448094e-4
0.576,2.3216585782e-6,-0.417405694,-2.32E-06,0.417783158,-4.02E-12,-1.13E-05,-2.32E-06,0.417783158,2.3217436201e-6,-0.417405221,4.459102611e-12,-1.94E-05,-4.02E-12,-1.13E-05,4.459102551e-12,-1.94E-05,-3.67E-15,5.1462144062e-4
0.5765,2.3305171655e-6,-0.417043151,-2.33E-06,0.417420942,-4.04E-12,-1.14E-05,-2.33E-06,0.417420942,2.3306025662e-6,-0.417042677,4.488239332e-12,-1.94E-05,-4.04E-12,-1.14E-05,4.488239389e-12,-1.94E-05,-3.67E-15,5.1506840093e-4
0.577,2.3392698255e-6,-0.416681236,-2.34E-06,0.417059355,-4.07E-12,-1.14E-05,-2.34E-06,0.417059355,2.3393555815e-6,-0.416680762,4.517205663e-12,-1.94E-05,-4.07E-12,-1.14E-05,4.517205611e-12,-1.94E-05,-3.67E-15,5.1551536186e-4
0.5775,2.3479167004e-6,-0.416319949,-2.35E-06,0.416698396,-4.10E-12,-1.14E-05,-2.35E-06,0.416698396,2.3480028106e-6,-0.416319474,4.545999108e-12,-1.95E-05,-4.10E-12,-1.14E-05,4.545999021e-12,-1.95E-05,-3.67E-15,5.1596232342e-4
0.578,2.3564579540e-6,-0.415959287,-2.36E-06,0.416338062,-4.13E-12,-1.14E-05,-2.36E-06,0.416338062,2.3565444103e-6,-0.415958812,4.574617665e-12,-1.95E-05,-4.13E-12,-1.14E-05,4.574617738e-12,-1.95E-05,-3.68E-15,5.1640928561e-4
0.5785,2.3648937432e-6,-0.415599249,-2.36E-06,0.415978352,-4.15E-12,-1.14E-05,-2.36E-06,0.415978352,2.3649805451e-6,-0.415598774,4.603058572e-12,-1.95E-05,-4.15E-12,-1.14E-05,4.603058562e-12,-1.95E-05,-3.68E-15,5.1685624842e-4
0.579,2.3732242463e-6,-0.415239834,-2.37E-06,0.415619264,-4.18E-12,-1.14E-05,-2.37E-06,0.415619264,2.3733113893e-6,-0.415239358,4.631320455e-12,-1.95E-05,-4.18E-12,-1.14E-05,4.631320404e-12,-1.95E-05,-3.68E-15,5.1730321187e-4
0.5795,2.3814496167e-6,-0.414881039,-2.38E-06,0.415260798,-4.21E-12,-1.14E-05,-2.38E-06,0.415260798,2.3815370957e-6,-0.414880563,4.659399864e-12,-1.95E-05,-4.21E-12,-1.14E-05,4.659399791e-12,-1.95E-05,-3.68E-15,5.1775017594e-4
0.58,2.3895700224e-6,-0.414522864,-2.39E-06,0.41490295,-4.24E-12,-1.14E-05,-2.39E-06,0.41490295,2.3896578395e-6,-0.414522388,4.687294441e-12,-1.95E-05,-4.24E-12,-1.14E-05,4.687294298e-12,-1.95E-05,-3.68E-15,5.1819714064e-4
0.5805,2.3975856466e-6,-0.414165306,-2.40E-06,0.41454572,-4.26E-12,-1.14E-05,-2.40E-06,0.41454572,2.3976737927e-6,-0.414164829,4.715003047e-12,-1.96E-05,-4.26E-12,-1.14E-05,4.715003034e-12,-1.96E-05,-3.68E-15,5.1864410597e-4
0.581,2.4054966568e-6,-0.413808364,-2.41E-06,0.414189106,-4.29E-12,-1.14E-05,-2.41E-06,0.414189106,2.4055851287e-6,-0.413807887,4.742523643e-12,-1.96E-05,-4.29E-12,-1.14E-05,4.742523743e-12,-1.96E-05,-3.68E-15,5.1909107193e-4
0.5815,2.4133032028e-6,-0.413452037,-2.41E-06,0.413833106,-4.32E-12,-1.15E-05,-2.41E-06,0.413833106,2.4133919995e-6,-0.413451559,4.769852656e-12,-1.96E-05,-4.32E-12,-1.15E-05,4.769852545e-12,-1.96E-05,-3.68E-15,5.1953803852e-4
0.582,2.4210055015e-6,-0.413096322,-2.42E-06,0.413477719,-4.34E-12,-1.15E-05,-2.42E-06,0.413477719,2.4210946181e-6,-0.413095844,4.796988926e-12,-1.96E-05,-4.34E-12,-1.15E-05,4.796988966e-12,-1.96E-05,-3.68E-15,5.1998500574e-4
0.5825,2.4286037067e-6,-0.412741219,-2.43E-06,0.413122943,-4.37E-12,-1.15E-05,-2.43E-06,0.413122943,2.4286931400e-6,-0.41274074,4.823929665e-12,-1.96E-05,-4.37E-12,-1.15E-05,4.823929562e-12,-1.96E-05,-3.68E-15,5.2043197359e-4
0.583,2.4360979722e-6,-0.412386725,-2.44E-06,0.412768777,-4.39E-12,-1.15E-05,-2.44E-06,0.412768777,2.4361877223e-6,-0.412386246,4.850672288e-12,-1.96E-05,-4.39E-12,-1.15E-05,4.850672234e-12,-1.96E-05,-3.69E-15,5.2087894208e-4
0.5835,2.4434885412e-6,-0.412032839,-2.44E-06,0.412415219,-4.42E-12,-1.15E-05,-2.44E-06,0.412415219,2.4435785988e-6,-0.41203236,4.877215524e-12,-1.97E-05,-4.42E-12,-1.15E-05,4.877215478e-12,-1.97E-05,-3.69E-15,5.2132591120e-4
0.584,2.4507755605e-6,-0.41167956,-2.45E-06,0.412062268,-4.45E-12,-1.15E-05,-2.45E-06,0.412062268,2.4508659240e-6,-0.41167908,4.903557566e-12,-1.97E-05,-4.45E-12,-1.15E-05,4.903557606e-12,-1.97E-05,-3.69E-15,5.2177288095e-4
0.5845,2.4579591982e-6,-0.411326885,-2.46E-06,0.411709921,-4.47E-12,-1.15E-05,-2.46E-06,0.411709921,2.4580498664e-6,-0.411326405,4.929693963e-12,-1.97E-05,-4.47E-12,-1.15E-05,4.929694043e-12,-1.97E-05,-3.69E-15,5.2221985134e-4
0.585,2.4650396815e-6,-0.410974814,-2.47E-06,0.411358178,-4.50E-12,-1.15E-05,-2.47E-06,0.411358178,2.4651306513e-6,-0.410974334,4.955625355e-12,-1.97E-05,-4.50E-12,-1.15E-05,4.955625321e-12,-1.97E-05,-3.69E-15,5.2266682236e-4
0.5855,2.4720171519e-6,-0.410623345,-2.47E-06,0.411007036,-4.52E-12,-1.15E-05,-2.47E-06,0.411007036,2.4721084159e-6,-0.410622864,4.981347563e-12,-1.97E-05,-4.52E-12,-1.15E-05,4.981347626e-12,-1.97E-05,-3.69E-15,5.2311379402e-4
0.586,2.4788918514e-6,-0.410272476,-2.48E-06,0.410656495,-4.55E-12,-1.15E-05,-2.48E-06,0.410656495,2.4789834093e-6,-0.410271995,5.006860539e-12,-1.98E-05,-4.55E-12,-1.15E-05,5.006860466e-12,-1.98E-05,-3.69E-15,5.2356076631e-4
0.5865,2.4856639124e-6,-0.409922206,-2.49E-06,0.410306553,-4.57E-12,-1.16E-05,-2.49E-06,0.410306553,2.4857557596e-6,-0.409921725,5.032158790e-12,-1.98E-05,-4.57E-12,-1.16E-05,5.032158783e-12,-1.98E-05,-3.69E-15,5.2400773924e-4
0.587,2.4923335899e-6,-0.409572534,-2.49E-06,0.409957208,-4.60E-12,-1.16E-05,-2.49E-06,0.409957208,2.4924257232e-6,-0.409572051,5.057244174e-12,-1.98E-05,-4.60E-12,-1.16E-05,5.057244177e-12,-1.98E-05,-3.69E-15,5.2445471280e-4
0.5875,2.4989010349e-6,-0.409223457,-2.50E-06,0.409608459,-4.62E-12,-1.16E-05,-2.50E-06,0.409608459,2.4989934516e-6,-0.409222974,5.082111321e-12,-1.98E-05,-4.62E-12,-1.16E-05,5.082111249e-12,-1.98E-05,-3.69E-15,5.2490168700e-4
0.588,2.5053664745e-6,-0.408874974,-2.51E-06,0.409260304,-4.64E-12,-1.16E-05,-2.51E-06,0.409260304,2.5054591707e-6,-0.40887449,5.106760056e-12,-1.98E-05,-4.64E-12,-1.16E-05,5.106759994e-12,-1.98E-05,-3.69E-15,5.2534866184e-4
0.5885,2.5117300761e-6,-0.408527083,-2.51E-06,0.408912741,-4.67E-12,-1.16E-05,-2.51E-06,0.408912741,2.5118230481e-6,-0.4085266,5.131188218e-12,-1.98E-05,-4.67E-12,-1.16E-05,5.131188244e-12,-1.98E-05,-3.70E-15,5.2579563732e-4
0.589,2.5179920715e-6,-0.408179784,-2.52E-06,0.40856577,-4.69E-12,-1.16E-05,-2.52E-06,0.40856577,2.5180853145e-6,-0.4081793,5.155393250e-12,-1.99E-05,-4.69E-12,-1.16E-05,5.155393321e-12,-1.99E-05,-3.70E-15,5.2624261344e-4
0.5895,2.5241526550e-6,-0.407833075,-2.52E-06,0.408219388,-4.72E-12,-1.16E-05,-2.52E-06,0.408219388,2.5242461705e-6,-0.40783259,5.179373538e-12,-1.99E-05,-4.72E-12,-1.16E-05,5.179373505e-12,-1.99E-05,-3.70E-15,5.2668959020e-4
0.59,2.5302120070e-6,-0.407486953,-2.53E-06,0.407873595,-4.74E-12,-1.16E-05,-2.53E-06,0.407873595,2.5303057861e-6,-0.407486469,5.203125790e-12,-1.99E-05,-4.74E-12,-1.16E-05,5.203125789e-12,-1.99E-05,-3.70E-15,5.2713656759e-4
0.5905,2.5361703646e-6,-0.407141419,-2.54E-06,0.407528388,-4.76E-12,-1.16E-05,-2.54E-06,0.407528388,2.5362644074e-6,-0.407140934,5.226650200e-12,-1.99E-05,-4.76E-12,-1.16E-05,5.226650341e-12,-1.99E-05,-3.70E-15,5.2758354563e-4
0.591,2.5420279234e-6,-0.406796469,-2.54E-06,0.407183766,-4.79E-12,-1.16E-05,-2.54E-06,0.407183766,2.5421222268e-6,-0.406795984,5.249942883e-12,-1.99E-05,-4.79E-12,-1.16E-05,5.249942866e-12,-1.99E-05,-3.70E-15,5.2803052431e-4
0.5915,2.5477848773e-6,-0.406452104,-2.55E-06,0.406839728,-4.81E-12,-1.17E-05,-2.55E-06,0.406839728,2.5478794360e-6,-0.406451618,5.273002812e-12,-1.99E-05,-4.81E-12,-1.17E-05,5.273002859e-12,-1.99E-05,-3.70E-15,5.2847750363e-4
0.592,2.5534414451e-6,-0.40610832,-2.55E-06,0.406496272,-4.83E-12,-1.17E-05,-2.55E-06,0.406496272,2.5535362566e-6,-0.406107834,5.295827300e-12,-2.00E-05,-4.83E-12,-1.17E-05,5.295827354e-12,-2.00E-05,-3.70E-15,5.2892448359e-4
0.5925,2.5589978641e-6,-0.405765117,-2.56E-06,0.406153397,-4.85E-12,-1.17E-05,-2.56E-06,0.406153397,2.5590929253e-6,-0.40576463,5.318414578e-12,-2.00E-05,-4.85E-12,-1.17E-05,5.318414418e-12,-2.00E-05,-3.70E-15,5.2937146419e-4
0.593,2.5644543284e-6,-0.405422493,-2.56E-06,0.405811101,-4.88E-12,-1.17E-05,-2.56E-06,0.405811101,2.5645496366e-6,-0.405422006,5.340763482e-12,-2.00E-05,-4.88E-12,-1.17E-05,5.340763385e-12,-2.00E-05,-3.70E-15,5.2981844544e-4
0.5935,2.5698110352e-6,-0.405080448,-2.57E-06,0.405469383,-4.90E-12,-1.17E-05,-2.57E-06,0.405469383,2.5699065855e-6,-0.40507996,5.362871102e-12,-2.00E-05,-4.90E-12,-1.17E-05,5.362871250e-12,-2.00E-05,-3.70E-15,5.3026542733e-4
0.594,2.5750682377e-6,-0.404738978,-2.58E-06,0.405128241,-4.92E-12,-1.17E-05,-2.58E-06,0.405128241,2.5751640283e-6,-0.40473849,5.384736729e-12,-2.00E-05,-4.92E-12,-1.17E-05,5.384736683e-12,-2.00E-05,-3.70E-15,5.3071240987e-4
0.5945,2.5802261345e-6,-0.404398083,-2.58E-06,0.404787674,-4.94E-12,-1.17E-05,-2.58E-06,0.404787674,2.5803221611e-6,-0.404397595,5.406356943e-12,-2.00E-05,-4.94E-12,-1.17E-05,5.406356961e-12,-2.00E-05,-3.71E-15,5.3115939305e-4
0.595,2.5852849421e-6,-0.404057762,-2.59E-06,0.404447681,-4.96E-12,-1.17E-05,-2.59E-06,0.404447681,2.5853812010e-6,-0.404057273,5.427730486e-12,-2.01E-05,-4.96E-12,-1.17E-05,5.427730640e-12,-2.01E-05,-3.71E-15,5.3160637688e-4
0.5955,2.5902449121e-6,-0.403718013,-2.59E-06,0.404108259,-4.98E-12,-1.17E-05,-2.59E-06,0.404108259,2.5903413998e-6,-0.403717524,5.448856550e-12,-2.01E-05,-4.98E-12,-1.17E-05,5.448856543e-12,-2.01E-05,-3.71E-15,5.3205336135e-4
0.596,2.5951062374e-6,-0.403378834,-2.60E-06,0.403769408,-5.00E-12,-1.17E-05,-2.60E-06,0.403769408,2.5952029544e-6,-0.403378345,5.469731745e-12,-2.01E-05,-5.00E-12,-1.17E-05,5.469731556e-12,-2.01E-05,-3.71E-15,5.3250034647e-4
0.5965,2.5998691299e-6,-0.403040225,-2.60E-06,0.403431127,-5.02E-12,-1.18E-05,-2.60E-06,0.403431127,2.5999660676e-6,-0.403039735,5.490354638e-12,-2.01E-05,-5.02E-12,-1.18E-05,5.490354574e-12,-2.01E-05,-3.71E-15,5.3294733223e-4
0.597,2.6045338667e-6,-0.402702183,-2.60E-06,0.403093412,-5.05E-12,-1.18E-05,-2.60E-06,0.403093412,2.6046310247e-6,-0.402701692,5.510723690e-12,-2.01E-05,-5.05E-12,-1.18E-05,5.510723587e-12,-2.01E-05,-3.71E-15,5.3339431865e-4
0.5975,2.6091006396e-6,-0.402364707,-2.61E-06,0.402756264,-5.07E-12,-1.18E-05,-2.61E-06,0.402756264,2.6091980148e-6,-0.402364216,5.530836997e-12,-2.01E-05,-5.07E-12,-1.18E-05,5.530836993e-12,-2.01E-05,-3.71E-15,5.3384130571e-4
0.598,2.6135696837e-6,-0.402027796,-2.61E-06,0.402419681,-5.09E-12,-1.18E-05,-2.61E-06,0.402419681,2.6136672715e-6,-0.402027305,5.550692019e-12,-2.02E-05,-5.09E-12,-1.18E-05,5.550692149e-12,-2.02E-05,-3.71E-15,5.3428829342e-4
0.5985,2.6179412472e-6,-0.401691448,-2.62E-06,0.402083661,-5.11E-12,-1.18E-05,-2.62E-06,0.402083661,2.6180390442e-6,-0.401690957,5.570287562e-12,-2.02E-05,-5.11E-12,-1.18E-05,5.570287754e-12,-2.02E-05,-3.71E-15,5.3473528178e-4
0.599,2.6222155349e-6,-0.401355663,-2.62E-06,0.401748204,-5.13E-12,-1.18E-05,-2.62E-06,0.401748204,2.6223135406e-6,-0.401355171,5.589623188e-12,-2.02E-05,-5.13E-12,-1.18E-05,5.589623174e-12,-2.02E-05,-3.71E-15,5.3518227079e-4
0.5995,2.6263928253e-6,-0.401020438,-2.63E-06,0.401413306,-5.14E-12,-1.18E-05,-2.63E-06,0.401413306,2.6264910356e-6,-0.401019945,5.608694733e-12,-2.02E-05,-5.14E-12,-1.18E-05,5.608694753e-12,-2.02E-05,-3.71E-15,5.3562926045e-4
0.6,2.6304732988e-6,-0.400685772,-2.63E-06,0.401078968,-5.16E-12,-1.18E-05,-2.63E-06,0.401078968,2.6305717080e-6,-0.400685279,5.627502184e-12,-2.02E-05,-5.16E-12,-1.18E-05,5.627502059e-12,-2.02E-05,-3.72E-15,5.3607625076e-4
0.6005,2.6344572305e-6,-0.400351664,-2.63E-06,0.400745188,-5.18E-12,-1.18E-05,-2.63E-06,0.400745188,2.6345558358e-6,-0.400351171,5.646043222e-12,-2.02E-05,-5.18E-12,-1.18E-05,5.646043323e-12,-2.02E-05,-3.72E-15,5.3652324172e-4
0.601,2.6383448481e-6,-0.400018112,-2.64E-06,0.400411964,-5.20E-12,-1.18E-05,-2.64E-06,0.400411964,2.6384436509e-6,-0.400017619,5.664315253e-12,-2.03E-05,-5.20E-12,-1.18E-05,5.664315251e-12,-2.03E-05,-3.72E-15,5.3697023333e-4
0.6015,2.6421363917e-6,-0.399685116,-2.64E-06,0.400079295,-5.22E-12,-1.19E-05,-2.64E-06,0.400079295,2.6422353819e-6,-0.399684622,5.682318499e-12,-2.03E-05,-5.22E-12,-1.19E-05,5.682318505e-12,-2.03E-05,-3.72E-15,5.3741722560e-4
0.602,2.6458321180e-6,-0.399352673,-2.65E-06,0.39974718,-5.24E-12,-1.19E-05,-2.65E-06,0.39974718,2.6459312961e-6,-0.399352178,5.700049861e-12,-2.03E-05,-5.24E-12,-1.19E-05,5.700049884e-12,-2.03E-05,-3.72E-15,5.3786421852e-4
0.6025,2.6494322476e-6,-0.399020782,-2.65E-06,0.399415617,-5.26E-12,-1.19E-05,-2.65E-06,0.399415617,2.6495316112e-6,-0.399020287,5.717508272e-12,-2.03E-05,-5.26E-12,-1.19E-05,5.717508207e-12,-2.03E-05,-3.72E-15,5.3831121209e-4
0.603,2.6529370514e-6,-0.398689442,-2.65E-06,0.399084605,-5.27E-12,-1.19E-05,-2.65E-06,0.399084605,2.6530365959e-6,-0.398688946,5.734691552e-12,-2.03E-05,-5.27E-12,-1.19E-05,5.734691488e-12,-2.03E-05,-3.72E-15,5.3875820632e-4
0.6035,2.6563467637e-6,-0.398358651,-2.66E-06,0.398754142,-5.29E-12,-1.19E-05,-2.66E-06,0.398754142,2.6564464852e-6,-0.398358155,5.751598635e-12,-2.03E-05,-5.29E-12,-1.19E-05,5.751598529e-12,-2.03E-05,-3.72E-15,5.3920520120e-4
0.604,2.6596616094e-6,-0.398028409,-2.66E-06,0.398424227,-5.31E-12,-1.19E-05,-2.66E-06,0.398424227,2.6597615061e-6,-0.398027913,5.768226720e-12,-2.04E-05,-5.31E-12,-1.19E-05,5.768226590e-12,-2.04E-05,-3.72E-15,5.3965219674e-4
0.6045,2.6628818724e-6,-0.397698713,-2.66E-06,0.398094859,-5.33E-12,-1.19E-05,-2.66E-06,0.398094859,2.6629819416e-6,-0.397698217,5.784575099e-12,-2.04E-05,-5.33E-12,-1.19E-05,5.784575145e-12,-2.04E-05,-3.72E-15,5.4009919293e-4
0.605,2.6660077925e-6,-0.397369563,-2.67E-06,0.397766037,-5.34E-12,-1.19E-05,-2.67E-06,0.397766037,2.6661080294e-6,-0.397369066,5.800644075e-12,-2.04E-05,-5.34E-12,-1.19E-05,5.800644060e-12,-2.04E-05,-3.72E-15,5.4054618978e-4
0.6055,2.6690396254e-6,-0.397040957,-2.67E-06,0.397437758,-5.36E-12,-1.19E-05,-2.67E-06,0.397437758,2.6691400278e-6,-0.397040459,5.816428996e-12,-2.04E-05,-5.36E-12,-1.19E-05,5.816428961e-12,-2.04E-05,-3.72E-15,5.4099318729e-4
0.606,2.6719776276e-6,-0.396712893,-2.67E-06,0.397110023,-5.37E-12,-1.19E-05,-2.67E-06,0.397110023,2.6720781901e-6,-0.396712395,5.831928848e-12,-2.04E-05,-5.37E-12,-1.19E-05,5.831928752e-12,-2.04E-05,-3.73E-15,5.4144018545e-4
0.6065,2.6748220328e-6,-0.396385371,-2.67E-06,0.396782828,-5.39E-12,-1.19E-05,-2.67E-06,0.396782828,2.6749227565e-6,-0.396384873,5.847143284e-12,-2.04E-05,-5.39E-12,-1.19E-05,5.847143297e-12,-2.04E-05,-3.73E-15,5.4188718427e-4
0.607,2.6775731073e-6,-0.396058389,-2.68E-06,0.396456174,-5.41E-12,-1.20E-05,-2.68E-06,0.396456174,2.6776739858e-6,-0.39605789,5.862069597e-12,-2.05E-05,-5.41E-12,-1.20E-05,5.862069559e-12,-2.05E-05,-3.73E-15,5.4233418375e-4
0.6075,2.6802311263e-6,-0.395731945,-2.68E-06,0.396130058,-5.42E-12,-1.20E-05,-2.68E-06,0.396130058,2.6803321580e-6,-0.395731446,5.876708070e-12,-2.05E-05,-5.42E-12,-1.20E-05,5.876708093e-12,-2.05E-05,-3.73E-15,5.4278118389e-4
0.608,2.6827963433e-6,-0.395406039,-2.68E-06,0.395804479,-5.44E-12,-1.20E-05,-2.68E-06,0.395804479,2.6828975244e-6,-0.395405539,5.891054861e-12,-2.05E-05,-5.44E-12,-1.20E-05,5.891054930e-12,-2.05E-05,-3.73E-15,5.4322818469e-4
0.6085,2.6852690034e-6,-0.395080669,-2.69E-06,0.395479437,-5.45E-12,-1.20E-05,-2.69E-06,0.395479437,2.6853703308e-6,-0.395080169,5.905110366e-12,-2.05E-05,-5.45E-12,-1.20E-05,5.905110371e-12,-2.05E-05,-3.73E-15,5.4367518615e-4
0.609,2.6876493929e-6,-0.394755833,-2.69E-06,0.395154929,-5.47E-12,-1.20E-05,-2.69E-06,0.395154929,2.6877508626e-6,-0.394755333,5.918871799e-12,-2.05E-05,-5.47E-12,-1.20E-05,5.918871826e-12,-2.05E-05,-3.73E-15,5.4412218827e-4
0.6095,2.6899377562e-6,-0.394431531,-2.69E-06,0.394830955,-5.48E-12,-1.20E-05,-2.69E-06,0.394830955,2.6900393671e-6,-0.39443103,5.932339124e-12,-2.05E-05,-5.48E-12,-1.20E-05,5.932339142e-12,-2.05E-05,-3.73E-15,5.4456919105e-4
0.61,2.6921343645e-6,-0.394107761,-2.69E-06,0.394507513,-5.49E-12,-1.20E-05,-2.69E-06,0.394507513,2.6922361126e-6,-0.39410726,5.945509587e-12,-2.06E-05,-5.49E-12,-1.20E-05,5.945509661e-12,-2.06E-05,-3.73E-15,5.4501619449e-4
0.6105,2.6942394843e-6,-0.393784522,-2.69E-06,0.394184601,-5.51E-12,-1.20E-05,-2.69E-06,0.394184601,2.6943413634e-6,-0.39378402,5.958381800e-12,-2.06E-05,-5.51E-12,-1.20E-05,5.958381904e-12,-2.06E-05,-3.73E-15,5.4546319859e-4
0.611,2.6962533854e-6,-0.393461812,-2.70E-06,0.393862219,-5.52E-12,-1.20E-05,-2.70E-06,0.393862219,2.6963553968e-6,-0.39346131,5.970955086e-12,-2.06E-05,-5.52E-12,-1.20E-05,5.970955042e-12,-2.06E-05,-3.73E-15,5.4591020336e-4
0.6115,2.6981763231e-6,-0.39313963,-2.70E-06,0.393540365,-5.54E-12,-1.20E-05,-2.70E-06,0.393540365,2.6982784627e-6,-0.393139128,5.983228390e-12,-2.06E-05,-5.54E-12,-1.20E-05,5.983228394e-12,-2.06E-05,-3.73E-15,5.4635720879e-4
0.612,2.7000086004e-6,-0.392817975,-2.70E-06,0.393219038,-5.55E-12,-1.21E-05,-2.70E-06,0.393219038,2.7001108646e-6,-0.392817472,5.995199124e-12,-2.06E-05,-5.55E-12,-1.21E-05,5.995199153e-12,-2.06E-05,-3.74E-15,5.4680421489e-4
0.6125,2.7017504568e-6,-0.392496846,-2.70E-06,0.392898236,-5.56E-12,-1.21E-05,-2.70E-06,0.392898236,2.7018528434e-6,-0.392496342,6.006866958e-12,-2.06E-05,-5.56E-12,-1.21E-05,6.006867019e-12,-2.06E-05,-3.74E-15,5.4725122165e-4
0.613,2.7034021759e-6,-0.392176241,-2.70E-06,0.392577959,-5.57E-12,-1.21E-05,-2.70E-06,0.392577959,2.7035046818e-6,-0.392175737,6.018230663e-12,-2.07E-05,-5.57E-12,-1.21E-05,6.018230597e-12,-2.07E-05,-3.74E-15,5.4769822907e-4
0.6135,2.7049640614e-6,-0.391856158,-2.71E-06,0.392258204,-5.59E-12,-1.21E-05,-2.71E-06,0.392258204,2.7050666822e-6,-0.391855654,6.029288146e-12,-2.07E-05,-5.59E-12,-1.21E-05,6.029288003e-12,-2.07E-05,-3.74E-15,5.4814523716e-4
0.614,2.7064363364e-6,-0.391536598,-2.71E-06,0.391938972,-5.60E-12,-1.21E-05,-2.71E-06,0.391938972,2.7065390704e-6,-0.391536094,6.040037496e-12,-2.07E-05,-5.60E-12,-1.21E-05,6.040037407e-12,-2.07E-05,-3.74E-15,5.4859224592e-4
0.6145,2.7078193108e-6,-0.391217558,-2.71E-06,0.391620259,-5.61E-12,-1.21E-05,-2.71E-06,0.391620259,2.7079221526e-6,-0.391217053,6.050479108e-12,-2.07E-05,-5.61E-12,-1.21E-05,6.050479045e-12,-2.07E-05,-3.74E-15,5.4903925534e-4
0.615,2.7091132538e-6,-0.390899037,-2.71E-06,0.391302066,-5.62E-12,-1.21E-05,-2.71E-06,0.391302066,2.7092162037e-6,-0.390898532,6.060611367e-12,-2.07E-05,-5.62E-12,-1.21E-05,6.060611425e-12,-2.07E-05,-3.74E-15,5.4948626543e-4
0.6155,2.7103184392e-6,-0.390581034,-2.71E-06,0.390984391,-5.63E-12,-1.21E-05,-2.71E-06,0.390984391,2.7104214932e-6,-0.390580528,6.070431684e-12,-2.07E-05,-5.63E-12,-1.21E-05,6.070431699e-12,-2.07E-05,-3.74E-15,5.4993327619e-4
0.616,2.7114351780e-6,-0.390263548,-2.71E-06,0.390667233,-5.64E-12,-1.21E-05,-2.71E-06,0.390667233,2.7115383320e-6,-0.390263042,6.079940801e-12,-2.08E-05,-5.64E-12,-1.21E-05,6.079940735e-12,-2.08E-05,-3.74E-15,5.5038028761e-4
0.6165,2.7124637317e-6,-0.389946577,-2.71E-06,0.390350589,-5.65E-12,-1.21E-05,-2.71E-06,0.390350589,2.7125669843e-6,-0.38994607,6.089135550e-12,-2.08E-05,-5.65E-12,-1.21E-05,6.089135529e-12,-2.08E-05,-3.74E-15,5.5082729971e-4
0.617,2.7134043610e-6,-0.38963012,-2.71E-06,0.39003446,-5.66E-12,-1.22E-05,-2.71E-06,0.39003446,2.7135077089e-6,-0.389629613,6.098016837e-12,-2.08E-05,-5.66E-12,-1.22E-05,6.098016869e-12,-2.08E-05,-3.74E-15,5.5127431247e-4
0.6175,2.7142573935e-6,-0.389314176,-2.71E-06,0.389718844,-5.67E-12,-1.22E-05,-2.71E-06,0.389718844,2.7143608295e-6,-0.389313669,6.106581605e-12,-2.08E-05,-5.67E-12,-1.22E-05,6.106581593e-12,-2.08E-05,-3.74E-15,5.5172132590e-4
0.618,2.7150230987e-6,-0.388998743,-2.72E-06,0.389403739,-5.68E-12,-1.22E-05,-2.72E-06,0.389403739,2.7151266240e-6,-0.388998236,6.114829466e-12,-2.08E-05,-5.68E-12,-1.22E-05,6.114829433e-12,-2.08E-05,-3.74E-15,5.5216834001e-4
0.6185,2.7157017615e-6,-0.388683821,-2.72E-06,0.389089145,-5.69E-12,-1.22E-05,-2.72E-06,0.389089145,2.7158053746e-6,-0.388683313,6.122759360e-12,-2.08E-05,-5.69E-12,-1.22E-05,6.122759294e-12,-2.08E-05,-3.75E-15,5.5261535478e-4
0.619,2.7162936561e-6,-0.388369408,-2.72E-06,0.38877506,-5.70E-12,-1.22E-05,-2.72E-06,0.38877506,2.7163973511e-6,-0.3883689,6.130370209e-12,-2.09E-05,-5.70E-12,-1.22E-05,6.130370054e-12,-2.09E-05,-3.75E-15,5.5306237023e-4
0.6195,2.7167991063e-6,-0.388055503,-2.72E-06,0.388461483,-5.71E-12,-1.22E-05,-2.72E-06,0.388461483,2.7169028794e-6,-0.388054994,6.137661208e-12,-2.09E-05,-5.71E-12,-1.22E-05,6.137661224e-12,-2.09E-05,-3.75E-15,5.5350938635e-4
0.62,2.7172183777e-6,-0.387742105,-2.72E-06,0.388148412,-5.72E-12,-1.22E-05,-2.72E-06,0.388148412,2.7173222286e-6,-0.387741596,6.144629800e-12,-2.09E-05,-5.72E-12,-1.22E-05,6.144629815e-12,-2.09E-05,-3.75E-15,5.5395640314e-4
0.6205,2.7175517529e-6,-0.387429212,-2.72E-06,0.387835847,-5.73E-12,-1.22E-05,-2.72E-06,0.387835847,2.7176556783e-6,-0.387428702,6.151276655e-12,-2.09E-05,-5.73E-12,-1.22E-05,6.151276771e-12,-2.09E-05,-3.75E-15,5.5440342061e-4
0.621,2.7177995530e-6,-0.387116823,-2.72E-06,0.387523786,-5.74E-12,-1.22E-05,-2.72E-06,0.387523786,2.7179035488e-6,-0.387116313,6.157600186e-12,-2.09E-05,-5.74E-12,-1.22E-05,6.157600101e-12,-2.09E-05,-3.75E-15,5.5485043874e-4
0.6215,2.7179620692e-6,-0.386804938,-2.72E-06,0.387212228,-5.74E-12,-1.22E-05,-2.72E-06,0.387212228,2.7180661330e-6,-0.386804427,6.163598449e-12,-2.09E-05,-5.74E-12,-1.22E-05,6.163598431e-12,-2.09E-05,-3.75E-15,5.5529745756e-4
0.622,2.7180395774e-6,-0.386493554,-2.72E-06,0.386901172,-5.75E-12,-1.23E-05,-2.72E-06,0.386901172,2.7181437062e-6,-0.386493042,6.169271795e-12,-2.10E-05,-5.75E-12,-1.23E-05,6.169271858e-12,-2.10E-05,-3.75E-15,5.5574447704e-4
0.6225,2.7180323922e-6,-0.38618267,-2.72E-06,0.386590616,-5.76E-12,-1.23E-05,-2.72E-06,0.386590616,2.7181365840e-6,-0.386182159,6.174618377e-12,-2.10E-05,-5.76E-12,-1.23E-05,6.174618291e-12,-2.10E-05,-3.75E-15,5.5619149721e-4
0.623,2.7179408208e-6,-0.385872286,-2.72E-06,0.38628056,-5.77E-12,-1.23E-05,-2.72E-06,0.38628056,2.7180450700e-6,-0.385871774,6.179637871e-12,-2.10E-05,-5.77E-12,-1.23E-05,6.179637959e-12,-2.10E-05,-3.75E-15,5.5663851805e-4
0.6235,2.7177651280e-6,-0.3855624,-2.72E-06,0.385971002,-5.77E-12,-1.23E-05,-2.72E-06,0.385971002,2.7178694345e-6,-0.385561888,6.184328898e-12,-2.10E-05,-5.77E-12,-1.23E-05,6.184328972e-12,-2.10E-05,-3.75E-15,5.5708553956e-4
0.624,2.7175056470e-6,-0.385253011,-2.72E-06,0.38566194,-5.78E-12,-1.23E-05,-2.72E-06,0.38566194,2.7176100057e-6,-0.385252498,6.188690440e-12,-2.10E-05,-5.78E-12,-1.23E-05,6.188690522e-12,-2.10E-05,-3.75E-15,5.5753256175e-4
0.6245,2.7171626736e-6,-0.384944118,-2.72E-06,0.385353375,-5.78E-12,-1.23E-05,-2.72E-06,0.385353375,2.7172670856e-6,-0.384943605,6.192721940e-12,-2.10E-05,-5.78E-12,-1.23E-05,6.192721886e-12,-2.10E-05,-3.75E-15,5.5797958462e-4
0.625,2.7167365008e-6,-0.384635719,-2.72E-06,0.385045304,-5.79E-12,-1.23E-05,-2.72E-06,0.385045304,2.7168409589e-6,-0.384635206,6.196422416e-12,-2.11E-05,-5.79E-12,-1.23E-05,6.196422452e-12,-2.11E-05,-3.75E-15,5.5842660817e-4
0.6255,2.7162274290e-6,-0.384327814,-2.72E-06,0.384737726,-5.79E-12,-1.23E-05,-2.72E-06,0.384737726,2.7163319321e-6,-0.3843273,6.199790365e-12,-2.11E-05,-5.79E-12,-1.23E-05,6.199790261e-12,-2.11E-05,-3.75E-15,5.5887363240e-4
0.626,2.7156357991e-6,-0.384020401,-2.72E-06,0.384430641,-5.80E-12,-1.23E-05,-2.72E-06,0.384430641,2.7157403467e-6,-0.384019887,6.202826883e-12,-2.11E-05,-5.80E-12,-1.23E-05,6.202826963e-12,-2.11E-05,-3.75E-15,5.5932065730e-4
0.6265,2.7149618625e-6,-0.383713479,-2.72E-06,0.384124047,-5.80E-12,-1.23E-05,-2.72E-06,0.384124047,2.7150664486e-6,-0.383712964,6.205528160e-12,-2.11E-05,-5.80E-12,-1.23E-05,6.205528243e-12,-2.11E-05,-3.76E-15,5.5976768289e-4
0.627,2.7142059777e-6,-0.383407047,-2.71E-06,0.383817942,-5.81E-12,-1.24E-05,-2.71E-06,0.383817942,2.7143105997e-6,-0.383406531,6.207895066e-12,-2.11E-05,-5.81E-12,-1.24E-05,6.207895151e-12,-2.11E-05,-3.76E-15,5.6021470916e-4
0.6275,2.7133684410e-6,-0.383101103,-2.71E-06,0.383512327,-5.81E-12,-1.24E-05,-2.71E-06,0.383512327,2.7134730962e-6,-0.383100587,6.209927566e-12,-2.12E-05,-5.81E-12,-1.24E-05,6.209927561e-12,-2.12E-05,-3.76E-15,5.6066173610e-4
0.628,2.7124495294e-6,-0.382795647,-2.71E-06,0.383207198,-5.82E-12,-1.24E-05,-2.71E-06,0.383207198,2.7125542149e-6,-0.382795131,6.211622829e-12,-2.12E-05,-5.82E-12,-1.24E-05,6.211622841e-12,-2.12E-05,-3.76E-15,5.6110876373e-4
0.6285,2.7114495983e-6,-0.382490677,-2.71E-06,0.382902556,-5.82E-12,-1.24E-05,-2.71E-06,0.382902556,2.7115543141e-6,-0.382490161,6.212982725e-12,-2.12E-05,-5.82E-12,-1.24E-05,6.212982855e-12,-2.12E-05,-3.76E-15,5.6155579204e-4
0.629,2.7103689335e-6,-0.382186192,-2.71E-06,0.382598399,-5.82E-12,-1.24E-05,-2.71E-06,0.382598399,2.7104736713e-6,-0.382185676,6.214004158e-12,-2.12E-05,-5.82E-12,-1.24E-05,6.214004082e-12,-2.12E-05,-3.76E-15,5.6200282103e-4
0.6295,2.7092078600e-6,-0.381882192,-2.71E-06,0.382294727,-5.83E-12,-1.24E-05,-2.71E-06,0.382294727,2.7093126222e-6,-0.381881675,6.214687514e-12,-2.12E-05,-5.83E-12,-1.24E-05,6.214687555e-12,-2.12E-05,-3.76E-15,5.6244985071e-4
0.63,2.7079666903e-6,-0.381578674,-2.71E-06,0.381991537,-5.83E-12,-1.24E-05,-2.71E-06,0.381991537,2.7080714712e-6,-0.381578156,6.215032324e-12,-2.12E-05,-5.83E-12,-1.24E-05,6.215032258e-12,-2.12E-05,-3.76E-15,5.6289688107e-4
0.6305,2.7066457444e-6,-0.381275638,-2.71E-06,0.381688828,-5.83E-12,-1.24E-05,-2.71E-06,0.381688828,2.7067505416e-6,-0.38127512,6.215036658e-12,-2.13E-05,-5.83E-12,-1.24E-05,6.215036752e-12,-2.13E-05,-3.76E-15,5.6334391211e-4
0.631,2.7052453319e-6,-0.380973082,-2.71E-06,0.3813866,-5.83E-12,-1.24E-05,-2.71E-06,0.3813866,2.7053501450e-6,-0.380972564,6.214701612e-12,-2.13E-05,-5.83E-12,-1.24E-05,6.214701640e-12,-2.13E-05,-3.76E-15,5.6379094384e-4
0.6315,2.7037657515e-6,-0.380671006,-2.70E-06,0.381084852,-5.83E-12,-1.24E-05,-2.70E-06,0.381084852,2.7038705766e-6,-0.380670487,6.214024515e-12,-2.13E-05,-5.83E-12,-1.24E-05,6.214024485e-12,-2.13E-05,-3.76E-15,5.6423797625e-4
0.632,2.7022073760e-6,-0.380369408,-2.70E-06,0.380783582,-5.84E-12,-1.25E-05,-2.70E-06,0.380783582,2.7023122086e-6,-0.380368889,6.213007455e-12,-2.13E-05,-5.84E-12,-1.25E-05,6.213007479e-12,-2.13E-05,-3.76E-15,5.6468500935e-4
0.6325,2.7005704579e-6,-0.380068288,-2.70E-06,0.380482789,-5.84E-12,-1.25E-05,-2.70E-06,0.380482789,2.7006752959e-6,-0.380067768,6.211647278e-12,-2.13E-05,-5.84E-12,-1.25E-05,6.211647434e-12,-2.13E-05,-3.76E-15,5.6513204313e-4
0.633,2.6988553627e-6,-0.379767643,-2.70E-06,0.380182472,-5.84E-12,-1.25E-05,-2.70E-06,0.380182472,2.6989602048e-6,-0.379767123,6.209944219e-12,-2.13E-05,-5.84E-12,-1.25E-05,6.209944208e-12,-2.13E-05,-3.76E-15,5.6557907760e-4
0.6335,2.6970624138e-6,-0.379467473,-2.70E-06,0.37988263,-5.84E-12,-1.25E-05,-2.70E-06,0.37988263,2.6971672553e-6,-0.379466953,6.207898834e-12,-2.14E-05,-5.84E-12,-1.25E-05,6.207898908e-12,-2.14E-05,-3.77E-15,5.6602611276e-4
0.634,2.6951919380e-6,-0.379167777,-2.70E-06,0.379583262,-5.84E-12,-1.25E-05,-2.70E-06,0.379583262,2.6952967767e-6,-0.379167256,6.205509753e-12,-2.14E-05,-5.84E-12,-1.25E-05,6.205509733e-12,-2.14E-05,-3.76E-15,5.6647314861e-4
0.6345,2.6932442255e-6,-0.378868553,-2.69E-06,0.379284366,-5.84E-12,-1.25E-05,-2.69E-06,0.379284366,2.6933490599e-6,-0.378868032,6.202774861e-12,-2.14E-05,-5.84E-12,-1.25E-05,6.202774909e-12,-2.14E-05,-3.77E-15,5.6692018514e-4
0.635,2.6912196088e-6,-0.378569801,-2.69E-06,0.378985942,-5.84E-12,-1.25E-05,-2.69E-06,0.378985942,2.6913244346e-6,-0.37856928,6.199696064e-12,-2.14E-05,-5.84E-12,-1.25E-05,6.199696070e-12,-2.14E-05,-3.77E-15,5.6736722237e-4
0.6355,2.6891184478e-6,-0.37827152,-2.69E-06,0.378687988,-5.84E-12,-1.25E-05,-2.69E-06,0.378687988,2.6892232647e-6,-0.378270998,6.196273070e-12,-2.14E-05,-5.84E-12,-1.25E-05,6.196273092e-12,-2.14E-05,-3.77E-15,5.6781426028e-4
0.636,2.6869410470e-6,-0.377973707,-2.69E-06,0.378390503,-5.83E-12,-1.25E-05,-2.69E-06,0.378390503,2.6870458500e-6,-0.377973185,6.192503281e-12,-2.14E-05,-5.83E-12,-1.25E-05,6.192503193e-12,-2.14E-05,-3.77E-15,5.6826129888e-4
0.6365,2.6846877401e-6,-0.377676363,-2.68E-06,0.378093487,-5.83E-12,-1.25E-05,-2.68E-06,0.378093487,2.6847925294e-6,-0.37767584,6.188388345e-12,-2.15E-05,-5.83E-12,-1.25E-05,6.188388343e-12,-2.15E-05,-3.77E-15,5.6870833818e-4
0.637,2.6823588477e-6,-0.377379486,-2.68E-06,0.377796937,-5.83E-12,-1.26E-05,-2.68E-06,0.377796937,2.6824636181e-6,-0.377378963,6.183926293e-12,-2.15E-05,-5.83E-12,-1.26E-05,6.183926353e-12,-2.15E-05,-3.77E-15,5.6915537816e-4
0.6375,2.6799547023e-6,-0.377083075,-2.68E-06,0.377500854,-5.83E-12,-1.26E-05,-2.68E-06,0.377500854,2.6800594526e-6,-0.377082551,6.179116864e-12,-2.15E-05,-5.83E-12,-1.26E-05,6.179116840e-12,-2.15E-05,-3.77E-15,5.6960241884e-4
0.638,2.6774756510e-6,-0.376787128,-2.68E-06,0.377205235,-5.83E-12,-1.26E-05,-2.68E-06,0.377205235,2.6775803780e-6,-0.376786604,6.173960536e-12,-2.15E-05,-5.83E-12,-1.26E-05,6.173960476e-12,-2.15E-05,-3.77E-15,5.7004946021e-4
0.6385,2.6749220202e-6,-0.376491646,-2.67E-06,0.37691008,-5.82E-12,-1.26E-05,-2.67E-06,0.37691008,2.6750267211e-6,-0.376491121,6.168457217e-12,-2.15E-05,-5.82E-12,-1.26E-05,6.168457386e-12,-2.15E-05,-3.77E-15,5.7049650227e-4
0.639,2.6722941321e-6,-0.376196626,-2.67E-06,0.376615388,-5.82E-12,-1.26E-05,-2.67E-06,0.376615388,2.6723988022e-6,-0.376196101,6.162605925e-12,-2.15E-05,-5.82E-12,-1.26E-05,6.162606023e-12,-2.15E-05,-3.77E-15,5.7094354503e-4
0.6395,2.6695923373e-6,-0.375902067,-2.67E-06,0.376321158,-5.82E-12,-1.26E-05,-2.67E-06,0.376321158,2.6696969745e-6,-0.375901542,6.156406164e-12,-2.16E-05,-5.82E-12,-1.26E-05,6.156406151e-12,-2.16E-05,-3.77E-15,5.7139058848e-4
0.64,2.6668169649e-6,-0.37560797,-2.67E-06,0.376027388,-5.81E-12,-1.26E-05,-2.67E-06,0.376027388,2.6669215690e-6,-0.375607444,6.149857809e-12,-2.16E-05,-5.81E-12,-1.26E-05,6.149857794e-12,-2.16E-05,-3.77E-15,5.7183763262e-4
0.6405,2.6639683240e-6,-0.375314331,-2.66E-06,0.375734077,-5.81E-12,-1.26E-05,-2.66E-06,0.375734077,2.6640728949e-6,-0.375313805,6.142961169e-12,-2.16E-05,-5.81E-12,-1.26E-05,6.142961245e-12,-2.16E-05,-3.77E-15,5.7228467746e-4
0.641,2.6610468039e-6,-0.375021151,-2.66E-06,0.375441225,-5.80E-12,-1.26E-05,-2.66E-06,0.375441225,2.6611513337e-6,-0.375020624,6.135715916e-12,-2.16E-05,-5.80E-12,-1.26E-05,6.135716120e-12,-2.16E-05,-3.77E-15,5.7273172299e-4
0.6415,2.6580527056e-6,-0.374728428,-2.66E-06,0.37514883,-5.80E-12,-1.26E-05,-2.66E-06,0.37514883,2.6581571934e-6,-0.374727901,6.128120703e-12,-2.16E-05,-5.80E-12,-1.26E-05,6.128120683e-12,-2.16E-05,-3.77E-15,5.7317876922e-4
0.642,2.6549863724e-6,-0.374436162,-2.66E-06,0.374856891,-5.79E-12,-1.26E-05,-2.66E-06,0.374856891,2.6550908166e-6,-0.374435634,6.120177086e-12,-2.16E-05,-5.79E-12,-1.26E-05,6.120177058e-12,-2.16E-05,-3.78E-15,5.7362581615e-4
0.6425,2.6518481726e-6,-0.37414435,-2.65E-06,0.374565407,-5.79E-12,-1.27E-05,-2.65E-06,0.374565407,2.6519525685e-6,-0.374143822,6.111883324e-12,-2.17E-05,-5.79E-12,-1.27E-05,6.111883337e-12,-2.17E-05,-3.78E-15,5.7407286377e-4
0.643,2.6486384141e-6,-0.373852993,-2.65E-06,0.374274377,-5.78E-12,-1.27E-05,-2.65E-06,0.374274377,2.6487427606e-6,-0.373852464,6.103240158e-12,-2.17E-05,-5.78E-12,-1.27E-05,6.103240242e-12,-2.17E-05,-3.78E-15,5.7451991210e-4
0.6435,2.6453574693e-6,-0.373562088,-2.65E-06,0.373983801,-5.78E-12,-1.27E-05,-2.65E-06,0.373983801,2.6454617652e-6,-0.373561559,6.094248340e-12,-2.17E-05,-5.78E-12,-1.27E-05,6.094248336e-12,-2.17E-05,-3.78E-15,5.7496696112e-4
0.644,2.6420056495e-6,-0.373271636,-2.64E-06,0.373693676,-5.77E-12,-1.27E-05,-2.64E-06,0.373693676,2.6421098900e-6,-0.373271106,6.084905456e-12,-2.17E-05,-5.77E-12,-1.27E-05,6.084905507e-12,-2.17E-05,-3.78E-15,5.7541401083e-4
0.6445,2.6385833238e-6,-0.372981634,-2.64E-06,0.373404002,-5.76E-12,-1.27E-05,-2.64E-06,0.373404002,2.6386875077e-6,-0.372981104,6.075212630e-12,-2.17E-05,-5.76E-12,-1.27E-05,6.075212650e-12,-2.17E-05,-3.78E-15,5.7586106125e-4
0.645,2.6350908361e-6,-0.372692082,-2.64E-06,0.373114778,-5.76E-12,-1.27E-05,-2.64E-06,0.373114778,2.6351949599e-6,-0.372691552,6.065170995e-12,-2.17E-05,-5.76E-12,-1.27E-05,6.065170789e-12,-2.17E-05,-3.78E-15,5.7630811237e-4
0.6455,2.6315285118e-6,-0.372402979,-2.63E-06,0.372826003,-5.75E-12,-1.27E-05,-2.63E-06,0.372826003,2.6316325739e-6,-0.372402449,6.054778609e-12,-2.18E-05,-5.75E-12,-1.27E-05,6.054778667e-12,-2.18E-05,-3.78E-15,5.7675516419e-4
0.646,2.6278967222e-6,-0.372114324,-2.63E-06,0.372537675,-5.74E-12,-1.27E-05,-2.63E-06,0.372537675,2.6280007212e-6,-0.372113793,6.044036003e-12,-2.18E-05,-5.74E-12,-1.27E-05,6.044036004e-12,-2.18E-05,-3.78E-15,5.7720221671e-4
0.6465,2.6241958042e-6,-0.371826115,-2.62E-06,0.372249795,-5.73E-12,-1.27E-05,-2.62E-06,0.372249795,2.6242997364e-6,-0.371825584,6.032943810e-12,-2.18E-05,-5.73E-12,-1.27E-05,6.032943837e-12,-2.18E-05,-3.78E-15,5.7764926993e-4
0.647,2.6204261036e-6,-0.371538352,-2.62E-06,0.37196236,-5.72E-12,-1.27E-05,-2.62E-06,0.37196236,2.6205299653e-6,-0.371537821,6.021502286e-12,-2.18E-05,-5.72E-12,-1.27E-05,6.021502237e-12,-2.18E-05,-3.78E-15,5.7809632385e-4
0.6475,2.6165879863e-6,-0.371251034,-2.62E-06,0.371675369,-5.72E-12,-1.28E-05,-2.62E-06,0.371675369,2.6166917765e-6,-0.371250502,6.009710063e-12,-2.18E-05,-5.72E-12,-1.28E-05,6.009710054e-12,-2.18E-05,-3.78E-15,5.7854337848e-4
0.648,2.6126817976e-6,-0.37096416,-2.61E-06,0.371388822,-5.71E-12,-1.28E-05,-2.61E-06,0.371388822,2.6127855131e-6,-0.370963627,5.997568685e-12,-2.18E-05,-5.71E-12,-1.28E-05,5.997568691e-12,-2.18E-05,-3.78E-15,5.7899043381e-4
0.6485,2.6087078657e-6,-0.370677727,-2.61E-06,0.371102718,-5.70E-12,-1.28E-05,-2.61E-06,0.371102718,2.6088115060e-6,-0.370677195,5.985077920e-12,-2.19E-05,-5.70E-12,-1.28E-05,5.985077982e-12,-2.19E-05,-3.78E-15,5.7943748984e-4
0.649,2.6046665814e-6,-0.370391737,-2.60E-06,0.370817055,-5.69E-12,-1.28E-05,-2.60E-06,0.370817055,2.6047701407e-6,-0.370391204,5.972237483e-12,-2.19E-05,-5.69E-12,-1.28E-05,5.972237569e-12,-2.19E-05,-3.78E-15,5.7988454657e-4
0.6495,2.6005582720e-6,-0.370106187,-2.60E-06,0.370531833,-5.68E-12,-1.28E-05,-2.60E-06,0.370531833,2.6006617509e-6,-0.370105653,5.959048133e-12,-2.19E-05,-5.68E-12,-1.28E-05,5.959048059e-12,-2.19E-05,-3.78E-15,5.8033160401e-4
0.65,2.5963832956e-6,-0.369821076,-2.60E-06,0.37024705,-5.67E-12,-1.28E-05,-2.60E-06,0.37024705,2.5964866889e-6,-0.369820542,5.945509298e-12,-2.19E-05,-5.67E-12,-1.28E-05,5.945509313e-12,-2.19E-05,-3.78E-15,5.8077866216e-4
0.6505,2.5921420129e-6,-0.369536404,-2.59E-06,0.369962706,-5.66E-12,-1.28E-05,-2.59E-06,0.369962706,2.5922453209e-6,-0.36953587,5.931621741e-12,-2.19E-05,-5.66E-12,-1.28E-05,5.931621802e-12,-2.19E-05,-3.78E-15,5.8122572101e-4
0.651,2.5878347905e-6,-0.36925217,-2.59E-06,0.369678799,-5.65E-12,-1.28E-05,-2.59E-06,0.369678799,2.5879380080e-6,-0.369251635,5.917384847e-12,-2.19E-05,-5.65E-12,-1.28E-05,5.917384777e-12,-2.19E-05,-3.78E-15,5.8167278057e-4
0.6515,2.5834619616e-6,-0.368968371,-2.58E-06,0.369395329,-5.63E-12,-1.28E-05,-2.58E-06,0.369395329,2.5835650903e-6,-0.368967836,5.902800079e-12,-2.20E-05,-5.63E-12,-1.28E-05,5.902800121e-12,-2.20E-05,-3.79E-15,5.8211984084e-4
0.652,2.5790238969e-6,-0.368685009,-2.58E-06,0.369112294,-5.62E-12,-1.28E-05,-2.58E-06,0.369112294,2.5791269318e-6,-0.368684473,5.887867871e-12,-2.20E-05,-5.62E-12,-1.28E-05,5.887867868e-12,-2.20E-05,-3.79E-15,5.8256690181e-4
0.6525,2.5745209609e-6,-0.368402081,-2.57E-06,0.368829693,-5.61E-12,-1.29E-05,-2.57E-06,0.368829693,2.5746239005e-6,-0.368401544,5.872586836e-12,-2.20E-05,-5.61E-12,-1.29E-05,5.872586797e-12,-2.20E-05,-3.79E-15,5.8301396349e-4
0.653,2.5699535210e-6,-0.368119586,-2.57E-06,0.368547526,-5.60E-12,-1.29E-05,-2.57E-06,0.368547526,2.5700563615e-6,-0.368119049,5.856959792e-12,-2.20E-05,-5.60E-12,-1.29E-05,5.856959724e-12,-2.20E-05,-3.79E-15,5.8346102588e-4
0.6535,2.5653219007e-6,-0.367837523,-2.57E-06,0.368265792,-5.59E-12,-1.29E-05,-2.57E-06,0.368265792,2.5654246410e-6,-0.367836986,5.840984201e-12,-2.20E-05,-5.59E-12,-1.29E-05,5.840984185e-12,-2.20E-05,-3.79E-15,5.8390808898e-4
0.654,2.5606265000e-6,-0.367555893,-2.56E-06,0.367984489,-5.57E-12,-1.29E-05,-2.56E-06,0.367984489,2.5607291369e-6,-0.367555355,5.824662195e-12,-2.20E-05,-5.57E-12,-1.29E-05,5.824662207e-12,-2.20E-05,-3.79E-15,5.8435515279e-4
0.6545,2.5558676843e-6,-0.367274692,-2.56E-06,0.367703616,-5.56E-12,-1.29E-05,-2.56E-06,0.367703616,2.5559702159e-6,-0.367274154,5.807993817e-12,-2.21E-05,-5.56E-12,-1.29E-05,5.807993811e-12,-2.21E-05,-3.79E-15,5.8480221731e-4
0.655,2.5510457872e-6,-0.366993921,-2.55E-06,0.367423173,-5.55E-12,-1.29E-05,-2.55E-06,0.367423173,2.5511482116e-6,-0.366993383,5.790979826e-12,-2.21E-05,-5.55E-12,-1.29E-05,5.790979938e-12,-2.21E-05,-3.79E-15,5.8524928254e-4
0.6555,2.5461611791e-6,-0.366713579,-2.55E-06,0.367143158,-5.53E-12,-1.29E-05,-2.55E-06,0.367143158,2.5462634943e-6,-0.36671304,5.773620182e-12,-2.21E-05,-5.53E-12,-1.29E-05,5.773620212e-12,-2.21E-05,-3.79E-15,5.8569634848e-4
0.656,2.5412142340e-6,-0.366433664,-2.54E-06,0.366863571,-5.52E-12,-1.29E-05,-2.54E-06,0.366863571,2.5413164359e-6,-0.366433125,5.755915375e-12,-2.21E-05,-5.52E-12,-1.29E-05,5.755915535e-12,-2.21E-05,-3.79E-15,5.8614341513e-4
0.6565,2.5362053365e-6,-0.366154175,-2.54E-06,0.36658441,-5.50E-12,-1.29E-05,-2.54E-06,0.36658441,2.5363074244e-6,-0.366153636,5.737866740e-12,-2.21E-05,-5.50E-12,-1.29E-05,5.737866638e-12,-2.21E-05,-3.79E-15,5.8659048250e-4
0.657,2.5311348129e-6,-0.365875113,-2.53E-06,0.366305675,-5.49E-12,-1.29E-05,-2.53E-06,0.366305675,2.5312367839e-6,-0.365874573,5.719473900e-12,-2.21E-05,-5.49E-12,-1.29E-05,5.719474090e-12,-2.21E-05,-3.79E-15,5.8703755057e-4
0.6575,2.5260030476e-6,-0.365596474,-2.53E-06,0.366027365,-5.47E-12,-1.30E-05,-2.53E-06,0.366027365,2.5261049014e-6,-0.365595934,5.700737361e-12,-2.22E-05,-5.47E-12,-1.30E-05,5.700737361e-12,-2.22E-05,-3.79E-15,5.8748461936e-4
0.658,2.5208104273e-6,-0.36531826,-2.52E-06,0.365749478,-5.46E-12,-1.30E-05,-2.52E-06,0.365749478,2.5209121571e-6,-0.365317719,5.681658183e-12,-2.22E-05,-5.46E-12,-1.30E-05,5.681658090e-12,-2.22E-05,-3.79E-15,5.8793168887e-4
0.6585,2.5155573023e-6,-0.365040468,-2.52E-06,0.365472014,-5.44E-12,-1.30E-05,-2.52E-06,0.365472014,2.5156589083e-6,-0.365039926,5.662237203e-12,-2.22E-05,-5.44E-12,-1.30E-05,5.662237262e-12,-2.22E-05,-3.79E-15,5.8837875909e-4
0.659,2.5102440578e-6,-0.364763097,-2.51E-06,0.365194971,-5.43E-12,-1.30E-05,-2.51E-06,0.365194971,2.5103455395e-6,-0.364762556,5.642474468e-12,-2.22E-05,-5.43E-12,-1.30E-05,5.642474455e-12,-2.22E-05,-3.79E-15,5.8882583003e-4
0.6595,2.5048710497e-6,-0.364486148,-2.50E-06,0.364918349,-5.41E-12,-1.30E-05,-2.50E-06,0.364918349,2.5049724034e-6,-0.364485606,5.622370182e-12,-2.22E-05,-5.41E-12,-1.30E-05,5.622370185e-12,-2.22E-05,-3.79E-15,5.8927290168e-4
0.66,2.4994386358e-6,-0.364209618,-2.50E-06,0.364642147,-5.39E-12,-1.30E-05,-2.50E-06,0.364642147,2.4995398596e-6,-0.364209075,5.601926216e-12,-2.22E-05,-5.39E-12,-1.30E-05,5.601926276e-12,-2.22E-05,-3.79E-15,5.8971997404e-4
0.6605,2.4939472237e-6,-0.363933507,-2.49E-06,0.364366364,-5.38E-12,-1.30E-05,-2.49E-06,0.364366364,2.4940483149e-6,-0.363932964,5.581142562e-12,-2.23E-05,-5.38E-12,-1.30E-05,5.581142570e-12,-2.23E-05,-3.79E-15,5.9016704713e-4
0.661,2.4883971673e-6,-0.363657813,-2.49E-06,0.364090999,-5.36E-12,-1.30E-05,-2.49E-06,0.364090999,2.4884981247e-6,-0.36365727,5.560020177e-12,-2.23E-05,-5.36E-12,-1.30E-05,5.560020154e-12,-2.23E-05,-3.79E-15,5.9061412093e-4
0.6615,2.4827888430e-6,-0.363382537,-2.48E-06,0.36381605,-5.34E-12,-1.30E-05,-2.48E-06,0.36381605,2.4828896632e-6,-0.363381993,5.538559073e-12,-2.23E-05,-5.34E-12,-1.30E-05,5.538559055e-12,-2.23E-05,-3.80E-15,5.9106119545e-4
0.662,2.4771226255e-6,-0.363107677,-2.48E-06,0.363541517,-5.32E-12,-1.30E-05,-2.48E-06,0.363541517,2.4772233077e-6,-0.363107133,5.516761418e-12,-2.23E-05,-5.32E-12,-1.30E-05,5.516761312e-12,-2.23E-05,-3.80E-15,5.9150827068e-4
0.6625,2.4713988842e-6,-0.362833231,-2.47E-06,0.3632674,-5.30E-12,-1.31E-05,-2.47E-06,0.3632674,2.4714994249e-6,-0.362832687,5.494626792e-12,-2.23E-05,-5.30E-12,-1.31E-05,5.494626842e-12,-2.23E-05,-3.80E-15,5.9195534664e-4
0.663,2.4656180119e-6,-0.3625592,-2.47E-06,0.362993696,-5.29E-12,-1.31E-05,-2.47E-06,0.362993696,2.4657184083e-6,-0.362558655,5.472157389e-12,-2.23E-05,-5.29E-12,-1.31E-05,5.472157381e-12,-2.23E-05,-3.80E-15,5.9240242332e-4
0.6635,2.4597803802e-6,-0.362285582,-2.46E-06,0.362720406,-5.27E-12,-1.31E-05,-2.46E-06,0.362720406,2.4598806313e-6,-0.362285036,5.449352669e-12,-2.24E-05,-5.27E-12,-1.31E-05,5.449352814e-12,-2.24E-05,-3.80E-15,5.9284950071e-4
0.664,2.4538863602e-6,-0.362012376,-2.45E-06,0.362447528,-5.25E-12,-1.31E-05,-2.45E-06,0.362447528,2.4539864643e-6,-0.36201183,5.426214393e-12,-2.24E-05,-5.25E-12,-1.31E-05,5.426214436e-12,-2.24E-05,-3.80E-15,5.9329657883e-4
0.6645,2.4479363312e-6,-0.361739581,-2.45E-06,0.362175061,-5.23E-12,-1.31E-05,-2.45E-06,0.362175061,2.4480362853e-6,-0.361739035,5.402742495e-12,-2.24E-05,-5.23E-12,-1.31E-05,5.402742457e-12,-2.24E-05,-3.80E-15,5.9374365767e-4
0.665,2.4419306702e-6,-0.361467196,-2.44E-06,0.361903004,-5.21E-12,-1.31E-05,-2.44E-06,0.361903004,2.4420304744e-6,-0.36146665,5.378938763e-12,-2.24E-05,-5.21E-12,-1.31E-05,5.378938762e-12,-2.24E-05,-3.80E-15,5.9419073722e-4
0.6655,2.4358697684e-6,-0.361195221,-2.44E-06,0.361631357,-5.19E-12,-1.31E-05,-2.44E-06,0.361631357,2.4359694189e-6,-0.361194674,5.354804523e-12,-2.24E-05,-5.19E-12,-1.31E-05,5.354804391e-12,-2.24E-05,-3.80E-15,5.9463781751e-4
0.666,2.4297540005e-6,-0.360923655,-2.43E-06,0.361360118,-5.17E-12,-1.31E-05,-2.43E-06,0.361360118,2.4298534934e-6,-0.360923107,5.330339809e-12,-2.25E-05,-5.17E-12,-1.31E-05,5.330339815e-12,-2.25E-05,-3.80E-15,5.9508489851e-4
0.6665,2.4235837467e-6,-0.360652496,-2.42E-06,0.361089287,-5.15E-12,-1.31E-05,-2.42E-06,0.361089287,2.4236830821e-6,-0.360651948,5.305545528e-12,-2.25E-05,-5.15E-12,-1.31E-05,5.305545483e-12,-2.25E-05,-3.80E-15,5.9553198024e-4
0.667,2.4173593936e-6,-0.360381743,-2.42E-06,0.360818862,-5.12E-12,-1.31E-05,-2.42E-06,0.360818862,2.4174585687e-6,-0.360381195,5.280423499e-12,-2.25E-05,-5.12E-12,-1.31E-05,5.280423500e-12,-2.25E-05,-3.80E-15,5.9597906269e-4
0.6675,2.4110813229e-6,-0.360111396,-2.41E-06,0.360548843,-5.10E-12,-1.32E-05,-2.41E-06,0.360548843,2.4111803363e-6,-0.360110848,5.254974534e-12,-2.25E-05,-5.10E-12,-1.32E-05,5.254974551e-12,-2.25E-05,-3.80E-15,5.9642614586e-4
0.668,2.4047499283e-6,-0.359841454,-2.40E-06,0.360279229,-5.08E-12,-1.32E-05,-2.40E-06,0.360279229,2.4048487759e-6,-0.359840906,5.229200666e-12,-2.25E-05,-5.08E-12,-1.32E-05,5.229200766e-12,-2.25E-05,-3.80E-15,5.9687322976e-4
0.6685,2.3983655619e-6,-0.359571916,-2.40E-06,0.360010019,-5.06E-12,-1.32E-05,-2.40E-06,0.360010019,2.3984642434e-6,-0.359571367,5.203100380e-12,-2.25E-05,-5.06E-12,-1.32E-05,5.203100269e-12,-2.25E-05,-3.80E-15,5.9732031439e-4
0.669,2.3919286556e-6,-0.359302781,-2.39E-06,0.359741211,-5.04E-12,-1.32E-05,-2.39E-06,0.359741211,2.3920271688e-6,-0.359302232,5.176677749e-12,-2.26E-05,-5.04E-12,-1.32E-05,5.176677732e-12,-2.26E-05,-3.80E-15,5.9776739974e-4
0.6695,2.3854395625e-6,-0.359034048,-2.39E-06,0.359472806,-5.01E-12,-1.32E-05,-2.39E-06,0.359472806,2.3855379063e-6,-0.359033498,5.149932105e-12,-2.26E-05,-5.01E-12,-1.32E-05,5.149931959e-12,-2.26E-05,-3.80E-15,5.9821448582e-4
0.67,2.3788986751e-6,-0.358765717,-2.38E-06,0.359204802,-4.99E-12,-1.32E-05,-2.38E-06,0.359204802,2.3789968473e-6,-0.358765166,5.122865221e-12,-2.26E-05,-4.99E-12,-1.32E-05,5.122865206e-12,-2.26E-05,-3.80E-15,5.9866157262e-4
0.6705,2.3723063877e-6,-0.358497785,-2.37E-06,0.358937198,-4.97E-12,-1.32E-05,-2.37E-06,0.358937198,2.3724043844e-6,-0.358497234,5.095478581e-12,-2.26E-05,-4.97E-12,-1.32E-05,5.095478631e-12,-2.26E-05,-3.80E-15,5.9910866016e-4
0.671,2.3656630915e-6,-0.358230253,-2.37E-06,0.358669994,-4.94E-12,-1.32E-05,-2.37E-06,0.358669994,2.3657609128e-6,-0.358229701,5.067773546e-12,-2.26E-05,-4.94E-12,-1.32E-05,5.067773506e-12,-2.26E-05,-3.80E-15,5.9955574842e-4
0.6715,2.3589691626e-6,-0.357963119,-2.36E-06,0.358403188,-4.92E-12,-1.32E-05,-2.36E-06,0.358403188,2.3590668061e-6,-0.357962567,5.039750781e-12,-2.26E-05,-4.92E-12,-1.32E-05,5.039750713e-12,-2.26E-05,-3.80E-15,6.0000283741e-4
0.672,2.3522250025e-6,-0.357696383,-2.35E-06,0.35813678,-4.90E-12,-1.32E-05,-2.35E-06,0.35813678,2.3523224661e-6,-0.357695831,5.011410982e-12,-2.27E-05,-4.90E-12,-1.32E-05,5.011411047e-12,-2.27E-05,-3.80E-15,6.0044992713e-4
0.6725,2.3454310052e-6,-0.357430043,-2.35E-06,0.357870768,-4.87E-12,-1.33E-05,-2.35E-06,0.357870768,2.3455282863e-6,-0.357429491,4.982757364e-12,-2.27E-05,-4.87E-12,-1.33E-05,4.982757369e-12,-2.27E-05,-3.80E-15,6.0089701758e-4
0.673,2.3385875446e-6,-0.3571641,-2.34E-06,0.357605152,-4.85E-12,-1.33E-05,-2.34E-06,0.357605152,2.3386846418e-6,-0.357163547,4.953790552e-12,-2.27E-05,-4.85E-12,-1.33E-05,4.953790462e-12,-2.27E-05,-3.80E-15,6.0134410876e-4
0.6735,2.3316950174e-6,-0.356898551,-2.33E-06,0.357339931,-4.82E-12,-1.33E-05,-2.33E-06,0.357339931,2.3317919292e-6,-0.356897998,4.924511394e-12,-2.27E-05,-4.82E-12,-1.33E-05,4.924511492e-12,-2.27E-05,-3.81E-15,6.0179120067e-4
0.674,2.3247538365e-6,-0.356633396,-2.32E-06,0.357075104,-4.80E-12,-1.33E-05,-2.32E-06,0.357075104,2.3248505587e-6,-0.356632843,4.894921561e-12,-2.27E-05,-4.80E-12,-1.33E-05,4.894921677e-12,-2.27E-05,-3.80E-15,6.0223829331e-4
0.6745,2.3177643796e-6,-0.356368635,-2.32E-06,0.356810671,-4.77E-12,-1.33E-05,-2.32E-06,0.356810671,2.3178609126e-6,-0.356368081,4.865022977e-12,-2.27E-05,-4.77E-12,-1.33E-05,4.865022993e-12,-2.27E-05,-3.80E-15,6.0268538668e-4
0.675,2.3107270349e-6,-0.356104266,-2.31E-06,0.356546629,-4.74E-12,-1.33E-05,-2.31E-06,0.356546629,2.3108233764e-6,-0.356103711,4.834816345e-12,-2.28E-05,-4.74E-12,-1.33E-05,4.834816411e-12,-2.28E-05,-3.80E-15,6.0313248079e-4
0.6755,2.3036422154e-6,-0.355840288,-2.30E-06,0.356282979,-4.72E-12,-1.33E-05,-2.30E-06,0.356282979,2.3037383625e-6,-0.355839733,4.804303293e-12,-2.28E-05,-4.72E-12,-1.33E-05,4.804303179e-12,-2.28E-05,-3.81E-15,6.0357957563e-4
0.676,2.2965102820e-6,-0.355576701,-2.30E-06,0.35601972,-4.69E-12,-1.33E-05,-2.30E-06,0.35601972,2.2966062334e-6,-0.355576145,4.773486157e-12,-2.28E-05,-4.69E-12,-1.33E-05,4.773486039e-12,-2.28E-05,-3.81E-15,6.0402667120e-4
0.6765,2.2893316679e-6,-0.355313503,-2.29E-06,0.35575685,-4.66E-12,-1.33E-05,-2.29E-06,0.35575685,2.2894274226e-6,-0.355312947,4.742365914e-12,-2.28E-05,-4.66E-12,-1.33E-05,4.742365960e-12,-2.28E-05,-3.81E-15,6.0447376751e-4
0.677,2.2821067665e-6,-0.355050694,-2.28E-06,0.355494369,-4.64E-12,-1.33E-05,-2.28E-06,0.355494369,2.2822023212e-6,-0.355050138,4.710944130e-12,-2.28E-05,-4.64E-12,-1.33E-05,4.710944172e-12,-2.28E-05,-3.81E-15,6.0492086455e-4
0.6775,2.2748359480e-6,-0.354788273,-2.27E-06,0.355232276,-4.61E-12,-1.34E-05,-2.27E-06,0.355232276,2.2749313020e-6,-0.354787716,4.679221715e-12,-2.28E-05,-4.61E-12,-1.34E-05,4.679221672e-12,-2.28E-05,-3.81E-15,6.0536796233e-4
0.678,2.2675196356e-6,-0.354526239,-2.27E-06,0.35497057,-4.58E-12,-1.34E-05,-2.27E-06,0.35497057,2.2676147858e-6,-0.354525682,4.647202221e-12,-2.29E-05,-4.58E-12,-1.34E-05,4.647202237e-12,-2.29E-05,-3.81E-15,6.0581506084e-4
0.6785,2.2601582174e-6,-0.354264592,-2.26E-06,0.35470925,-4.55E-12,-1.34E-05,-2.26E-06,0.35470925,2.2602531623e-6,-0.354264034,4.614885867e-12,-2.29E-05,-4.55E-12,-1.34E-05,4.614885816e-12,-2.29E-05,-3.81E-15,6.0626216009e-4
0.679,2.2527520987e-6,-0.35400333,-2.25E-06,0.354448316,-4.52E-12,-1.34E-05,-2.25E-06,0.354448316,2.2528468387e-6,-0.354002772,4.582274498e-12,-2.29E-05,-4.52E-12,-1.34E-05,4.582274508e-12,-2.29E-05,-3.81E-15,6.0670926008e-4
0.6795,2.2453016671e-6,-0.353742452,-2.25E-06,0.354187766,-4.50E-12,-1.34E-05,-2.25E-06,0.354187766,2.2453961988e-6,-0.353741893,4.549369951e-12,-2.29E-05,-4.50E-12,-1.34E-05,4.549369950e-12,-2.29E-05,-3.81E-15,6.0715636080e-4
0.68,2.2378073347e-6,-0.353481958,-2.24E-06,0.353927599,-4.47E-12,-1.34E-05,-2.24E-06,0.353927599,2.2379016559e-6,-0.353481399,4.516174302e-12,-2.29E-05,-4.47E-12,-1.34E-05,4.516174418e-12,-2.29E-05,-3.81E-15,6.0760346226e-4
0.6805,2.2302694969e-6,-0.353221847,-2.23E-06,0.353667816,-4.44E-12,-1.34E-05,-2.23E-06,0.353667816,2.2303636053e-6,-0.353221287,4.482689321e-12,-2.29E-05,-4.44E-12,-1.34E-05,4.482689282e-12,-2.29E-05,-3.81E-15,6.0805056446e-4
0.681,2.2226885597e-6,-0.352962117,-2.22E-06,0.353408414,-4.41E-12,-1.34E-05,-2.22E-06,0.353408414,2.2227824543e-6,-0.352961558,4.448916284e-12,-2.30E-05,-4.41E-12,-1.34E-05,4.448916253e-12,-2.30E-05,-3.81E-15,6.0849766740e-4
0.6815,2.2150649338e-6,-0.352702769,-2.22E-06,0.353149394,-4.38E-12,-1.34E-05,-2.22E-06,0.353149394,2.2151586121e-6,-0.352702209,4.414857858e-12,-2.30E-05,-4.38E-12,-1.34E-05,4.414857769e-12,-2.30E-05,-3.81E-15,6.0894477108e-4
0.682,2.2073989976e-6,-0.352443801,-2.21E-06,0.352890754,-4.35E-12,-1.34E-05,-2.21E-06,0.352890754,2.2074924598e-6,-0.352443241,4.380515057e-12,-2.30E-05,-4.35E-12,-1.34E-05,4.380515078e-12,-2.30E-05,-3.81E-15,6.0939187550e-4
0.6825,2.1996911856e-6,-0.352185213,-2.20E-06,0.352632493,-4.32E-12,-1.34E-05,-2.20E-06,0.352632493,2.1997844285e-6,-0.352184652,4.345890424e-12,-2.30E-05,-4.32E-12,-1.34E-05,4.345890441e-12,-2.30E-05,-3.81E-15,6.0983898066e-4
0.683,2.1919418859e-6,-0.351927003,-2.19E-06,0.352374611,-4.29E-12,-1.35E-05,-2.19E-06,0.352374611,2.1920349064e-6,-0.351926442,4.310985782e-12,-2.30E-05,-4.29E-12,-1.35E-05,4.310985811e-12,-2.30E-05,-3.81E-15,6.1028608656e-4
0.6835,2.1841515003e-6,-0.351669171,-2.18E-06,0.352117107,-4.26E-12,-1.35E-05,-2.18E-06,0.352117107,2.1842442994e-6,-0.351668609,4.275802724e-12,-2.30E-05,-4.26E-12,-1.35E-05,4.275802624e-12,-2.30E-05,-3.81E-15,6.1073319320e-4
0.684,2.1763204422e-6,-0.351411716,-2.18E-06,0.35185998,-4.23E-12,-1.35E-05,-2.18E-06,0.35185998,2.1764130167e-6,-0.351411153,4.240343557e-12,-2.31E-05,-4.23E-12,-1.35E-05,4.240343656e-12,-2.31E-05,-3.81E-15,6.1118030059e-4
0.6845,2.1684491209e-6,-0.351154637,-2.17E-06,0.351603228,-4.19E-12,-1.35E-05,-2.17E-06,0.351603228,2.1685414694e-6,-0.351154074,4.204610317e-12,-2.31E-05,-4.19E-12,-1.35E-05,4.204610197e-12,-2.31E-05,-3.81E-15,6.1162740872e-4
0.685,2.1605379343e-6,-0.350897933,-2.16E-06,0.351346852,-4.16E-12,-1.35E-05,-2.16E-06,0.351346852,2.1606300540e-6,-0.35089737,4.168604813e-12,-2.31E-05,-4.16E-12,-1.35E-05,4.168604764e-12,-2.31E-05,-3.81E-15,6.1207451759e-4
0.6855,2.1525872865e-6,-0.350641603,-2.15E-06,0.351090851,-4.13E-12,-1.35E-05,-2.15E-06,0.351090851,2.1526791771e-6,-0.35064104,4.132329360e-12,-2.31E-05,-4.13E-12,-1.35E-05,4.132329307e-12,-2.31E-05,-3.81E-15,6.1252162720e-4
0.686,2.1445975989e-6,-0.350385648,-2.14E-06,0.350835223,-4.10E-12,-1.35E-05,-2.14E-06,0.350835223,2.1446892575e-6,-0.350385084,4.095785900e-12,-2.31E-05,-4.10E-12,-1.35E-05,4.095785983e-12,-2.31E-05,-3.81E-15,6.1296873756e-4
0.6865,2.1365692764e-6,-0.350130065,-2.14E-06,0.350579968,-4.07E-12,-1.35E-05,-2.14E-06,0.350579968,2.1366607031e-6,-0.350129501,4.058977306e-12,-2.31E-05,-4.07E-12,-1.35E-05,4.058977446e-12,-2.31E-05,-3.81E-15,6.1341584867e-4
0.687,2.1285027240e-6,-0.349874854,-2.13E-06,0.350325085,-4.03E-12,-1.35E-05,-2.13E-06,0.350325085,2.1285939173e-6,-0.349874289,4.021903982e-12,-2.32E-05,-4.03E-12,-1.35E-05,4.021904113e-12,-2.32E-05,-3.81E-15,6.1386296052e-4
0.6875,2.1203983590e-6,-0.349620014,-2.12E-06,0.350070573,-4.00E-12,-1.35E-05,-2.12E-06,0.350070573,2.1204893157e-6,-0.349619449,3.984569978e-12,-2.32E-05,-4.00E-12,-1.35E-05,3.984570009e-12,-2.32E-05,-3.81E-15,6.1431007312e-4
0.688,2.1122565896e-6,-0.349365545,-2.11E-06,0.349816431,-3.97E-12,-1.36E-05,-2.11E-06,0.349816431,2.1123473085e-6,-0.34936498,3.946977944e-12,-2.32E-05,-3.97E-12,-1.36E-05,3.946977972e-12,-2.32E-05,-3.81E-15,6.1475718646e-4
0.6885,2.1040778095e-6,-0.349111445,-2.10E-06,0.34956266,-3.93E-12,-1.36E-05,-2.10E-06,0.34956266,2.1041682887e-6,-0.349110879,3.909127277e-12,-2.32E-05,-3.93E-12,-1.36E-05,3.909127329e-12,-2.32E-05,-3.81E-15,6.1520430055e-4
0.689,2.0958624582e-6,-0.348857714,-2.10E-06,0.349309256,-3.90E-12,-1.36E-05,-2.10E-06,0.349309256,2.0959526970e-6,-0.348857148,3.871023522e-12,-2.32E-05,-3.90E-12,-1.36E-05,3.871023517e-12,-2.32E-05,-3.81E-15,6.1565141539e-4
0.6895,2.0876109274e-6,-0.348604351,-2.09E-06,0.349056221,-3.87E-12,-1.36E-05,-2.09E-06,0.349056221,2.0877009231e-6,-0.348603785,3.832666262e-12,-2.32E-05,-3.87E-12,-1.36E-05,3.832666194e-12,-2.32E-05,-3.81E-15,6.1609853098e-4
0.69,2.0793236525e-6,-0.348351355,-2.08E-06,0.348803553,-3.83E-12,-1.36E-05,-2.08E-06,0.348803553,2.0794134038e-6,-0.348350788,3.794058956e-12,-2.33E-05,-3.83E-12,-1.36E-05,3.794058934e-12,-2.33E-05,-3.81E-15,6.1654564731e-4
0.6905,2.0710010110e-6,-0.348098726,-2.07E-06,0.348551251,-3.80E-12,-1.36E-05,-2.07E-06,0.348551251,2.0710905181e-6,-0.348098158,3.755205023e-12,-2.33E-05,-3.80E-12,-1.36E-05,3.755204818e-12,-2.33E-05,-3.81E-15,6.1699276440e-4
0.691,2.0626434610e-6,-0.347846462,-2.06E-06,0.348299315,-3.76E-12,-1.36E-05,-2.06E-06,0.348299315,2.0627327199e-6,-0.347845894,3.716105697e-12,-2.33E-05,-3.76E-12,-1.36E-05,3.716105681e-12,-2.33E-05,-3.81E-15,6.1743988223e-4
0.6915,2.0542513836e-6,-0.347594562,-2.05E-06,0.348047744,-3.73E-12,-1.36E-05,-2.05E-06,0.348047744,2.0543403941e-6,-0.347593994,3.676763392e-12,-2.33E-05,-3.73E-12,-1.36E-05,3.676763562e-12,-2.33E-05,-3.81E-15,6.1788700082e-4
0.692,2.0458252093e-6,-0.347343027,-2.05E-06,0.347796536,-3.69E-12,-1.36E-05,-2.05E-06,0.347796536,2.0459139689e-6,-0.347342458,3.637182029e-12,-2.33E-05,-3.69E-12,-1.36E-05,3.637182051e-12,-2.33E-05,-3.81E-15,6.1833412016e-4
0.6925,2.0373653535e-6,-0.347091855,-2.04E-06,0.347545692,-3.66E-12,-1.36E-05,-2.04E-06,0.347545692,2.0374538612e-6,-0.347091286,3.597362202e-12,-2.33E-05,-3.66E-12,-1.36E-05,3.597362225e-12,-2.33E-05,-3.81E-15,6.1878124024e-4
0.693,2.0288722283e-6,-0.346841045,-2.03E-06,0.34729521,-3.62E-12,-1.37E-05,-2.03E-06,0.34729521,2.0289604830e-6,-0.346840476,3.557307686e-12,-2.34E-05,-3.62E-12,-1.37E-05,3.557307601e-12,-2.34E-05,-3.81E-15,6.1922836108e-4
0.6935,2.0203462495e-6,-0.346590597,-2.02E-06,0.347045089,-3.59E-12,-1.37E-05,-2.02E-06,0.347045089,2.0204342486e-6,-0.346590027,3.517020000e-12,-2.34E-05,-3.59E-12,-1.37E-05,3.517020033e-12,-2.34E-05,-3.81E-15,6.1967548268e-4
0.694,2.0117878374e-6,-0.34634051,-2.01E-06,0.34679533,-3.55E-12,-1.37E-05,-2.01E-06,0.34679533,2.0118755810e-6,-0.346339939,3.476502403e-12,-2.34E-05,-3.55E-12,-1.37E-05,3.476502374e-12,-2.34E-05,-3.81E-15,6.2012260502e-4
0.6945,2.0031974127e-6,-0.346090782,-2.00E-06,0.34654593,-3.51E-12,-1.37E-05,-2.00E-06,0.34654593,2.0032848969e-6,-0.346090212,3.435757896e-12,-2.34E-05,-3.51E-12,-1.37E-05,3.435758051e-12,-2.34E-05,-3.82E-15,6.2056972813e-4
0.695,1.9945753847e-6,-0.345841414,-1.99E-06,0.34629689,-3.48E-12,-1.37E-05,-1.99E-06,0.34629689,1.9946626095e-6,-0.345840843,3.394788500e-12,-2.34E-05,-3.48E-12,-1.37E-05,3.394788426e-12,-2.34E-05,-3.81E-15,6.2101685198e-4
0.6955,1.9859221981e-6,-0.345592405,-1.99E-06,0.346048208,-3.44E-12,-1.37E-05,-1.99E-06,0.346048208,1.9860091626e-6,-0.345591833,3.353597948e-12,-2.34E-05,-3.44E-12,-1.37E-05,3.353597927e-12,-2.34E-05,-3.81E-15,6.2146397659e-4
0.696,1.9772382253e-6,-0.345343753,-1.98E-06,0.345799884,-3.40E-12,-1.37E-05,-1.98E-06,0.345799884,1.9773249274e-6,-0.345343181,3.312187142e-12,-2.35E-05,-3.40E-12,-1.37E-05,3.312187187e-12,-2.35E-05,-3.81E-15,6.2191110195e-4
0.6965,1.9685239288e-6,-0.345095458,-1.97E-06,0.345551917,-3.37E-12,-1.37E-05,-1.97E-06,0.345551917,1.9686103682e-6,-0.345094885,3.270560495e-12,-2.35E-05,-3.37E-12,-1.37E-05,3.270560538e-12,-2.35E-05,-3.82E-15,6.2235822808e-4
0.697,1.9597797239e-6,-0.344847519,-1.96E-06,0.345304306,-3.33E-12,-1.37E-05,-1.96E-06,0.345304306,1.9598658966e-6,-0.344846946,3.228719548e-12,-2.35E-05,-3.33E-12,-1.37E-05,3.228719487e-12,-2.35E-05,-3.82E-15,6.2280535495e-4
0.6975,1.9510060076e-6,-0.344599935,-1.95E-06,0.34505705,-3.29E-12,-1.37E-05,-1.95E-06,0.34505705,1.9510919137e-6,-0.344599362,3.186667723e-12,-2.35E-05,-3.29E-12,-1.37E-05,3.186667807e-12,-2.35E-05,-3.82E-15,6.2325248259e-4
0.698,1.9422032266e-6,-0.344352706,-1.94E-06,0.344810149,-3.25E-12,-1.38E-05,-1.94E-06,0.344810149,1.9422888645e-6,-0.344352133,3.144409120e-12,-2.35E-05,-3.25E-12,-1.38E-05,3.144409082e-12,-2.35E-05,-3.81E-15,6.2369961098e-4
0.6985,1.9333717886e-6,-0.344105831,-1.93E-06,0.344563602,-3.22E-12,-1.38E-05,-1.93E-06,0.344563602,1.9334571577e-6,-0.344105257,3.101944312e-12,-2.35E-05,-3.22E-12,-1.38E-05,3.101944247e-12,-2.35E-05,-3.81E-15,6.2414674013e-4
0.699,1.9245121270e-6,-0.343859309,-1.92E-06,0.344317408,-3.18E-12,-1.38E-05,-1.92E-06,0.344317408,1.9245972236e-6,-0.343858735,3.059276671e-12,-2.36E-05,-3.18E-12,-1.38E-05,3.059276663e-12,-2.36E-05,-3.82E-15,6.2459387004e-4
0.6995,1.9156246673e-6,-0.34361314,-1.92E-06,0.344071566,-3.14E-12,-1.38E-05,-1.92E-06,0.344071566,1.9157094933e-6,-0.343612565,3.016410533e-12,-2.36E-05,-3.14E-12,-1.38E-05,3.016410659e-12,-2.36E-05,-3.82E-15,6.2504100071e-4
0.7,1.9067098097e-6,-0.343367321,-1.91E-06,0.343826075,-3.10E-12,-1.38E-05,-1.91E-06,0.343826075,1.9067943613e-6,-0.343366746,2.973348272e-12,-2.36E-05,-3.10E-12,-1.38E-05,2.973348191e-12,-2.36E-05,-3.82E-15,6.2548813214e-4
0.7005,1.8977680050e-6,-0.343121854,-1.90E-06,0.343580936,-3.06E-12,-1.38E-05,-1.90E-06,0.343580936,1.8978522821e-6,-0.343121278,2.930092863e-12,-2.36E-05,-3.06E-12,-1.38E-05,2.930092920e-12,-2.36E-05,-3.82E-15,6.2593526432e-4
0.701,1.8887996788e-6,-0.342876737,-1.89E-06,0.343336146,-3.02E-12,-1.38E-05,-1.89E-06,0.343336146,1.8888836776e-6,-0.342876161,2.886646750e-12,-2.36E-05,-3.02E-12,-1.38E-05,2.886646775e-12,-2.36E-05,-3.82E-15,6.2638239727e-4
0.7015,1.8798052356e-6,-0.342631969,-1.88E-06,0.343091706,-2.98E-12,-1.38E-05,-1.88E-06,0.343091706,1.8798889563e-6,-0.342631392,2.843014071e-12,-2.36E-05,-2.98E-12,-1.38E-05,2.843014081e-12,-2.36E-05,-3.82E-15,6.2682953098e-4
0.702,1.8707851101e-6,-0.34238755,-1.87E-06,0.342847615,-2.94E-12,-1.38E-05,-1.87E-06,0.342847615,1.8708685531e-6,-0.342386973,2.799196555e-12,-2.37E-05,-2.94E-12,-1.38E-05,2.799196470e-12,-2.37E-05,-3.82E-15,6.2727666546e-4
0.7025,1.8617397444e-6,-0.342143478,-1.86E-06,0.342603871,-2.90E-12,-1.38E-05,-1.86E-06,0.342603871,1.8618229062e-6,-0.342142901,2.755198923e-12,-2.37E-05,-2.90E-12,-1.38E-05,2.755198876e-12,-2.37E-05,-3.82E-15,6.2772380069e-4
0.703,1.8526695398e-6,-0.341899753,-1.85E-06,0.342360474,-2.86E-12,-1.39E-05,-1.85E-06,0.342360474,1.8527524214e-6,-0.341899176,2.711022973e-12,-2.37E-05,-2.86E-12,-1.39E-05,2.711022962e-12,-2.37E-05,-3.82E-15,6.2817093669e-4
0.7035,1.8435749416e-6,-0.341656375,-1.84E-06,0.342117424,-2.82E-12,-1.39E-05,-1.84E-06,0.342117424,1.8436575387e-6,-0.341655797,2.666672658e-12,-2.37E-05,-2.82E-12,-1.39E-05,2.666672550e-12,-2.37E-05,-3.82E-15,6.2861807345e-4
0.704,1.8344563749e-6,-0.341413343,-1.83E-06,0.341874719,-2.78E-12,-1.39E-05,-1.83E-06,0.341874719,1.8345386876e-6,-0.341412764,2.622151474e-12,-2.37E-05,-2.78E-12,-1.39E-05,2.622151417e-12,-2.37E-05,-3.82E-15,6.2906521098e-4
0.7045,1.8253142505e-6,-0.341170655,-1.83E-06,0.341632359,-2.74E-12,-1.39E-05,-1.83E-06,0.341632359,1.8253962777e-6,-0.341170076,2.577461474e-12,-2.38E-05,-2.74E-12,-1.39E-05,2.577461637e-12,-2.38E-05,-3.82E-15,6.2951234927e-4
0.705,1.8161490305e-6,-0.340928311,-1.82E-06,0.341390343,-2.70E-12,-1.39E-05,-1.82E-06,0.341390343,1.8162307703e-6,-0.340927732,2.532606938e-12,-2.38E-05,-2.70E-12,-1.39E-05,2.532606842e-12,-2.38E-05,-3.82E-15,6.2995948832e-4
0.7055,1.8069611173e-6,-0.340686311,-1.81E-06,0.341148671,-2.66E-12,-1.39E-05,-1.81E-06,0.341148671,1.8070425703e-6,-0.340685731,2.487590979e-12,-2.38E-05,-2.66E-12,-1.39E-05,2.487591042e-12,-2.38E-05,-3.82E-15,6.3040662815e-4
0.706,1.7977509553e-6,-0.340444653,-1.80E-06,0.340907341,-2.62E-12,-1.39E-05,-1.80E-06,0.340907341,1.7978321182e-6,-0.340444073,2.442417769e-12,-2.38E-05,-2.62E-12,-1.39E-05,2.442417691e-12,-2.38E-05,-3.82E-15,6.3085376873e-4
0.7065,1.7885189719e-6,-0.340203337,-1.79E-06,0.340666353,-2.58E-12,-1.39E-05,-1.79E-06,0.340666353,1.7885998440e-6,-0.340202756,2.397088871e-12,-2.38E-05,-2.58E-12,-1.39E-05,2.397089033e-12,-2.38E-05,-3.82E-15,6.3130091009e-4
0.707,1.7792655876e-6,-0.339962362,-1.78E-06,0.340425706,-2.54E-12,-1.39E-05,-1.78E-06,0.340425706,1.7793461680e-6,-0.339961781,2.351609016e-12,-2.38E-05,-2.54E-12,-1.39E-05,2.351609045e-12,-2.38E-05,-3.82E-15,6.3174805221e-4
0.7075,1.7699912443e-6,-0.339721728,-1.77E-06,0.3401854,-2.50E-12,-1.39E-05,-1.77E-06,0.3401854,1.7700715321e-6,-0.339721147,2.305982358e-12,-2.39E-05,-2.50E-12,-1.39E-05,2.305982342e-12,-2.39E-05,-3.82E-15,6.3219519510e-4
0.708,1.7606963860e-6,-0.339481434,-1.76E-06,0.339945433,-2.46E-12,-1.40E-05,-1.76E-06,0.339945433,1.7607763791e-6,-0.339480852,2.260210800e-12,-2.39E-05,-2.46E-12,-1.40E-05,2.260210877e-12,-2.39E-05,-3.82E-15,6.3264233876e-4
0.7085,1.7513814208e-6,-0.339241478,-1.75E-06,0.339705805,-2.42E-12,-1.40E-05,-1.75E-06,0.339705805,1.7514611187e-6,-0.339240896,2.214298083e-12,-2.39E-05,-2.42E-12,-1.40E-05,2.214298052e-12,-2.39E-05,-3.82E-15,6.3308948319e-4
0.709,1.7420467919e-6,-0.339001861,-1.74E-06,0.339466516,-2.37E-12,-1.40E-05,-1.74E-06,0.339466516,1.7421261924e-6,-0.339001278,2.168250207e-12,-2.39E-05,-2.37E-12,-1.40E-05,2.168250269e-12,-2.39E-05,-3.82E-15,6.3353662838e-4
0.7095,1.7326929310e-6,-0.338762582,-1.73E-06,0.339227564,-2.33E-12,-1.40E-05,-1.73E-06,0.339227564,1.7327720347e-6,-0.338761998,2.122066874e-12,-2.39E-05,-2.33E-12,-1.40E-05,2.122066836e-12,-2.39E-05,-3.82E-15,6.3398377435e-4
0.71,1.7233202715e-6,-0.338523639,-1.72E-06,0.338988949,-2.29E-12,-1.40E-05,-1.72E-06,0.338988949,1.7233990743e-6,-0.338523055,2.075754026e-12,-2.39E-05,-2.29E-12,-1.40E-05,2.075754097e-12,-2.39E-05,-3.82E-15,6.3443092109e-4
0.7105,1.7139292585e-6,-0.338285032,-1.71E-06,0.33875067,-2.25E-12,-1.40E-05,-1.71E-06,0.33875067,1.7140077628e-6,-0.338284448,2.029314670e-12,-2.40E-05,-2.25E-12,-1.40E-05,2.029314692e-12,-2.40E-05,-3.82E-15,6.3487806860e-4
0.711,1.7045203049e-6,-0.338046761,-1.70E-06,0.338512727,-2.21E-12,-1.40E-05,-1.70E-06,0.338512727,1.7045985075e-6,-0.338046176,1.982754026e-12,-2.40E-05,-2.21E-12,-1.40E-05,1.982754031e-12,-2.40E-05,-3.82E-15,6.3532521688e-4
0.7115,1.6950938643e-6,-0.337808824,-1.70E-06,0.338275118,-2.16E-12,-1.40E-05,-1.70E-06,0.338275118,1.6951717639e-6,-0.33780824,1.936074136e-12,-2.40E-05,-2.16E-12,-1.40E-05,1.936073971e-12,-2.40E-05,-3.82E-15,6.3577236593e-4
0.712,1.6856503704e-6,-0.337571222,-1.69E-06,0.338037843,-2.12E-12,-1.40E-05,-1.69E-06,0.338037843,1.6857279674e-6,-0.337570637,1.889278736e-12,-2.40E-05,-2.12E-12,-1.40E-05,1.889278747e-12,-2.40E-05,-3.82E-15,6.3621951576e-4
0.7125,1.6761902557e-6,-0.337333953,-1.68E-06,0.337800902,-2.08E-12,-1.40E-05,-1.68E-06,0.337800902,1.6762675476e-6,-0.337333367,1.842372252e-12,-2.40E-05,-2.08E-12,-1.40E-05,1.842372298e-12,-2.40E-05,-3.82E-15,6.3666666636e-4
0.713,1.6667139527e-6,-0.337097016,-1.67E-06,0.337564293,-2.04E-12,-1.41E-05,-1.67E-06,0.337564293,1.6667909391e-6,-0.33709643,1.795358845e-12,-2.40E-05,-2.04E-12,-1.41E-05,1.795358804e-12,-2.40E-05,-3.82E-15,6.3711381773e-4
0.7135,1.6572219033e-6,-0.336860411,-1.66E-06,0.337328016,-1.99E-12,-1.41E-05,-1.66E-06,0.337328016,1.6572985815e-6,-0.336859825,1.748241194e-12,-2.41E-05,-1.99E-12,-1.41E-05,1.748241189e-12,-2.41E-05,-3.81E-15,6.3756096988e-4
0.714,1.6477145348e-6,-0.336624137,-1.65E-06,0.33709207,-1.95E-12,-1.41E-05,-1.65E-06,0.33709207,1.6477909067e-6,-0.336623551,1.701024837e-12,-2.41E-05,-1.95E-12,-1.41E-05,1.701024775e-12,-2.41E-05,-3.81E-15,6.3800812281e-4
0.7145,1.6381923060e-6,-0.336388194,-1.64E-06,0.336856455,-1.91E-12,-1.41E-05,-1.64E-06,0.336856455,1.6382683676e-6,-0.336387607,1.653712342e-12,-2.41E-05,-1.91E-12,-1.41E-05,1.653712303e-12,-2.41E-05,-3.82E-15,6.3845527650e-4
0.715,1.6286556403e-6,-0.336152581,-1.63E-06,0.33662117,-1.86E-12,-1.41E-05,-1.63E-06,0.33662117,1.6287313922e-6,-0.336151993,1.606308551e-12,-2.41E-05,-1.86E-12,-1.41E-05,1.606308582e-12,-2.41E-05,-3.81E-15,6.3890243098e-4
0.7155,1.6191049658e-6,-0.335917297,-1.62E-06,0.336386213,-1.82E-12,-1.41E-05,-1.62E-06,0.336386213,1.6191804075e-6,-0.335916709,1.558816214e-12,-2.41E-05,-1.82E-12,-1.41E-05,1.558816295e-12,-2.41E-05,-3.82E-15,6.3934958623e-4
0.716,1.6095407445e-6,-0.335682341,-1.61E-06,0.336151585,-1.78E-12,-1.41E-05,-1.61E-06,0.336151585,1.6096158748e-6,-0.335681753,1.511241528e-12,-2.41E-05,-1.78E-12,-1.41E-05,1.511241450e-12,-2.41E-05,-3.82E-15,6.3979674226e-4
0.7165,1.5999634048e-6,-0.335447713,-1.60E-06,0.335917285,-1.73E-12,-1.41E-05,-1.60E-06,0.335917285,1.6000382218e-6,-0.335447124,1.463587231e-12,-2.42E-05,-1.73E-12,-1.41E-05,1.463587399e-12,-2.42E-05,-3.81E-15,6.4024389907e-4
0.717,1.5903733952e-6,-0.335213412,-1.59E-06,0.335683312,-1.69E-12,-1.41E-05,-1.59E-06,0.335683312,1.5904478982e-6,-0.335212823,1.415856315e-12,-2.42E-05,-1.69E-12,-1.41E-05,1.415856414e-12,-2.42E-05,-3.81E-15,6.4069105665e-4
0.7175,1.5807711327e-6,-0.334979437,-1.58E-06,0.335449665,-1.65E-12,-1.41E-05,-1.58E-06,0.335449665,1.5808453203e-6,-0.334978847,1.368054893e-12,-2.42E-05,-1.65E-12,-1.41E-05,1.368054858e-12,-2.42E-05,-3.81E-15,6.4113821502e-4
0.718,1.5711570859e-6,-0.334745788,-1.57E-06,0.335216344,-1.60E-12,-1.42E-05,-1.57E-06,0.335216344,1.5712309567e-6,-0.334745198,1.320186890e-12,-2.42E-05,-1.60E-12,-1.42E-05,1.320186916e-12,-2.42E-05,-3.81E-15,6.4158537416e-4
0.7185,1.5615316787e-6,-0.334512464,-1.56E-06,0.334983347,-1.56E-12,-1.42E-05,-1.56E-06,0.334983347,1.5616052323e-6,-0.334511873,1.272255160e-12,-2.42E-05,-1.56E-12,-1.42E-05,1.272255099e-12,-2.42E-05,-3.82E-15,6.4203253408e-4
0.719,1.5518953633e-6,-0.334279464,-1.55E-06,0.334750675,-1.52E-12,-1.42E-05,-1.55E-06,0.334750675,1.5519685990e-6,-0.334278873,1.224264390e-12,-2.42E-05,-1.52E-12,-1.42E-05,1.224264322e-12,-2.42E-05,-3.81E-15,6.4247969479e-4
0.7195,1.5422485698e-6,-0.334046788,-1.54E-06,0.334518327,-1.47E-12,-1.42E-05,-1.54E-06,0.334518327,1.5423214852e-6,-0.334046197,1.176220577e-12,-2.43E-05,-1.47E-12,-1.42E-05,1.176220592e-12,-2.43E-05,-3.81E-15,6.4292685627e-4
0.72,1.5325917516e-6,-0.333814435,-1.53E-06,0.334286301,-1.43E-12,-1.42E-05,-1.53E-06,0.334286301,1.5326643487e-6,-0.333813843,1.128125683e-12,-2.43E-05,-1.43E-12,-1.42E-05,1.128125684e-12,-2.43E-05,-3.82E-15,6.4337401854e-4
0.7205,1.5229253571e-6,-0.333582404,-1.52E-06,0.334054598,-1.38E-12,-1.42E-05,-1.52E-06,0.334054598,1.5229976323e-6,-0.333581811,1.079986112e-12,-2.43E-05,-1.38E-12,-1.42E-05,1.079986127e-12,-2.43E-05,-3.82E-15,6.4382118159e-4
0.721,1.5132497998e-6,-0.333350694,-1.51E-06,0.333823217,-1.34E-12,-1.42E-05,-1.51E-06,0.333823217,1.5133217533e-6,-0.333350102,1.031804622e-12,-2.43E-05,-1.34E-12,-1.42E-05,1.031804494e-12,-2.43E-05,-3.81E-15,6.4426834542e-4
0.7215,1.5035655538e-6,-0.333119306,-1.50E-06,0.333592156,-1.30E-12,-1.42E-05,-1.50E-06,0.333592156,1.5036371843e-6,-0.333118713,9.835868032e-13,-2.43E-05,-1.30E-12,-1.42E-05,9.835867879e-13,-2.43E-05,-3.81E-15,6.4471551003e-4
0.722,1.4938730511e-6,-0.332888237,-1.49E-06,0.333361415,-1.25E-12,-1.42E-05,-1.49E-06,0.333361415,1.4939443592e-6,-0.332887644,9.353355178e-13,-2.43E-05,-1.25E-12,-1.42E-05,9.353354753e-13,-2.43E-05,-3.81E-15,6.4516267543e-4
0.7225,1.4841727468e-6,-0.332657489,-1.48E-06,0.333130995,-1.21E-12,-1.42E-05,-1.48E-06,0.333130995,1.4842437299e-6,-0.332656895,8.870573567e-13,-2.44E-05,-1.21E-12,-1.42E-05,8.870574132e-13,-2.44E-05,-3.81E-15,6.4560984161e-4
0.723,1.4744650616e-6,-0.332427059,-1.47E-06,0.332900893,-1.16E-12,-1.42E-05,-1.47E-06,0.332900893,1.4745357190e-6,-0.332426464,8.387557974e-13,-2.44E-05,-1.16E-12,-1.42E-05,8.387558502e-13,-2.44E-05,-3.81E-15,6.4605700858e-4
0.7235,1.4647504603e-6,-0.332196947,-1.46E-06,0.332671109,-1.12E-12,-1.43E-05,-1.46E-06,0.332671109,1.4648207906e-6,-0.332196352,7.904346303e-13,-2.44E-05,-1.12E-12,-1.43E-05,7.904347277e-13,-2.44E-05,-3.81E-15,6.4650417633e-4
0.724,1.4550293942e-6,-0.331967153,-1.46E-06,0.332441643,-1.07E-12,-1.43E-05,-1.46E-06,0.332441643,1.4550993982e-6,-0.331966558,7.420999254e-13,-2.44E-05,-1.07E-12,-1.43E-05,7.420998462e-13,-2.44E-05,-3.81E-15,6.4695134487e-4
0.7245,1.4453022870e-6,-0.331737676,-1.45E-06,0.332212493,-1.03E-12,-1.43E-05,-1.45E-06,0.332212493,1.4453719620e-6,-0.331737081,6.937560003e-13,-2.44E-05,-1.03E-12,-1.43E-05,6.937559780e-13,-2.44E-05,-3.81E-15,6.4739851419e-4
0.725,1.4355695998e-6,-0.331508515,-1.44E-06,0.33198366,-9.85E-13,-1.43E-05,-1.44E-06,0.33198366,1.4356389460e-6,-0.331507919,6.454073234e-13,-2.44E-05,-9.85E-13,-1.43E-05,6.454074365e-13,-2.44E-05,-3.81E-15,6.4784568431e-4
0.7255,1.4258317766e-6,-0.33127967,-1.43E-06,0.331755143,-9.41E-13,-1.43E-05,-1.43E-06,0.331755143,1.4259007931e-6,-0.331279074,5.970578571e-13,-2.45E-05,-9.41E-13,-1.43E-05,5.970578910e-13,-2.45E-05,-3.81E-15,6.4829285521e-4
0.726,1.4160892666e-6,-0.33105114,-1.42E-06,0.331526941,-8.96E-13,-1.43E-05,-1.42E-06,0.331526941,1.4161579533e-6,-0.331050543,5.487133688e-13,-2.45E-05,-8.96E-13,-1.43E-05,5.487134218e-13,-2.45E-05,-3.81E-15,6.4874002689e-4
0.7265,1.4063425142e-6,-0.330822924,-1.41E-06,0.331299052,-8.52E-13,-1.43E-05,-1.41E-06,0.331299052,1.4064108700e-6,-0.330822327,5.003774606e-13,-2.45E-05,-8.52E-13,-1.43E-05,5.003774865e-13,-2.45E-05,-3.81E-15,6.4918719937e-4
0.727,1.3965919666e-6,-0.330595021,-1.40E-06,0.331071478,-8.07E-13,-1.43E-05,-1.40E-06,0.331071478,1.3966599904e-6,-0.330594424,4.520574698e-13,-2.45E-05,-8.07E-13,-1.43E-05,4.520575539e-13,-2.45E-05,-3.81E-15,6.4963437264e-4
0.7275,1.3868380775e-6,-0.330367432,-1.39E-06,0.330844216,-7.63E-13,-1.43E-05,-1.39E-06,0.330844216,1.3869057685e-6,-0.330366834,4.037551464e-13,-2.45E-05,-7.63E-13,-1.43E-05,4.037550624e-13,-2.45E-05,-3.81E-15,6.5008154669e-4
0.728,1.3770812805e-6,-0.330140155,-1.38E-06,0.330617267,-7.18E-13,-1.43E-05,-1.38E-06,0.330617267,1.3771486369e-6,-0.330139557,3.554773032e-13,-2.45E-05,-7.18E-13,-1.43E-05,3.554773731e-13,-2.45E-05,-3.81E-15,6.5052872154e-4
0.7285,1.3673220574e-6,-0.32991319,-1.37E-06,0.33039063,-6.74E-13,-1.44E-05,-1.37E-06,0.33039063,1.3673890790e-6,-0.329912591,3.072277893e-13,-2.46E-05,-6.74E-13,-1.44E-05,3.072277473e-13,-2.46E-05,-3.81E-15,6.5097589717e-4
0.729,1.3575608147e-6,-0.329686536,-1.36E-06,0.330164303,-6.29E-13,-1.44E-05,-1.36E-06,0.330164303,1.3576275019e-6,-0.329685936,2.590123368e-13,-2.46E-05,-6.29E-13,-1.44E-05,2.590123033e-13,-2.46E-05,-3.81E-15,6.5142307360e-4
0.7295,1.3477980448e-6,-0.329460192,-1.35E-06,0.329938287,-5.85E-13,-1.44E-05,-1.35E-06,0.329938287,1.3478643948e-6,-0.329459592,2.108363164e-13,-2.46E-05,-5.85E-13,-1.44E-05,2.108362980e-13,-2.46E-05,-3.81E-15,6.5187025082e-4
0.73,1.3380341721e-6,-0.329234158,-1.34E-06,0.329712581,-5.40E-13,-1.44E-05,-1.34E-06,0.329712581,1.3381001859e-6,-0.329233558,1.627038768e-13,-2.46E-05,-5.40E-13,-1.44E-05,1.627038309e-13,-2.46E-05,-3.81E-15,6.5231742883e-4
0.7305,1.3282696298e-6,-0.329008433,-1.33E-06,0.329487184,-4.96E-13,-1.44E-05,-1.33E-06,0.329487184,1.3283353075e-6,-0.329007832,1.146203793e-13,-2.46E-05,-4.96E-13,-1.44E-05,1.146204368e-13,-2.46E-05,-3.81E-15,6.5276460764e-4
0.731,1.3185049102e-6,-0.328783016,-1.32E-06,0.329262095,-4.52E-13,-1.44E-05,-1.32E-06,0.329262095,1.3185702490e-6,-0.328782415,6.659144351e-14,-2.46E-05,-4.52E-13,-1.44E-05,6.659153754e-14,-2.46E-05,-3.81E-15,6.5321178724e-4
0.7315,1.3087404459e-6,-0.328557908,-1.31E-06,0.329037315,-4.07E-13,-1.44E-05,-1.31E-06,0.329037315,1.3088054442e-6,-0.328557306,1.862091144e-14,-2.47E-05,-4.07E-13,-1.44E-05,1.862099290e-14,-2.47E-05,-3.81E-15,6.5365896763e-4
0.732,1.2989766822e-6,-0.328333106,-1.30E-06,0.328812841,-3.63E-13,-1.44E-05,-1.30E-06,0.328812841,1.2990413423e-6,-0.328332505,-2.93E-14,-2.47E-05,-3.63E-13,-1.44E-05,-2.93E-14,-2.47E-05,-3.81E-15,6.5410614882e-4
0.7325,1.2892140678e-6,-0.328108611,-1.29E-06,0.328588674,-3.19E-13,-1.44E-05,-1.29E-06,0.328588674,1.2892783879e-6,-0.328108009,-7.71E-14,-2.47E-05,-3.19E-13,-1.44E-05,-7.71E-14,-2.47E-05,-3.81E-15,6.5455333080e-4
0.733,1.2794530803e-6,-0.327884423,-1.28E-06,0.328364813,-2.75E-13,-1.44E-05,-1.28E-06,0.328364813,1.2795170610e-6,-0.32788382,-1.25E-13,-2.47E-05,-2.75E-13,-1.44E-05,-1.25E-13,-2.47E-05,-3.81E-15,6.5500051358e-4
0.7335,1.2696941466e-6,-0.327660539,-1.27E-06,0.328141257,-2.30E-13,-1.45E-05,-1.27E-06,0.328141257,1.2697577848e-6,-0.327659936,-1.73E-13,-2.47E-05,-2.30E-13,-1.45E-05,-1.73E-13,-2.47E-05,-3.81E-15,6.5544769716e-4
0.734,1.2599377265e-6,-0.32743696,-1.26E-06,0.327918006,-1.86E-13,-1.45E-05,-1.26E-06,0.327918006,1.2600010221e-6,-0.327436357,-2.20E-13,-2.47E-05,-1.86E-13,-1.45E-05,-2.20E-13,-2.47E-05,-3.81E-15,6.5589488153e-4
0.7345,1.2501842768e-6,-0.327213686,-1.25E-06,0.32769506,-1.42E-13,-1.45E-05,-1.25E-06,0.32769506,1.2502472295e-6,-0.327213082,-2.68E-13,-2.48E-05,-1.42E-13,-1.45E-05,-2.68E-13,-2.48E-05,-3.81E-15,6.5634206670e-4
0.735,1.2404342452e-6,-0.326990714,-1.24E-06,0.327472416,-9.83E-14,-1.45E-05,-1.24E-06,0.327472416,1.2404968553e-6,-0.32699011,-3.15E-13,-2.48E-05,-9.83E-14,-1.45E-05,-3.15E-13,-2.48E-05,-3.81E-15,6.5678925267e-4
0.7355,1.2306880882e-6,-0.326768046,-1.23E-06,0.327250076,-5.44E-14,-1.45E-05,-1.23E-06,0.327250076,1.2307503542e-6,-0.326767441,-3.62E-13,-2.48E-05,-5.44E-14,-1.45E-05,-3.62E-13,-2.48E-05,-3.81E-15,6.5723643943e-4
0.736,1.2209462728e-6,-0.32654568,-1.22E-06,0.327028037,-1.06E-14,-1.45E-05,-1.22E-06,0.327028037,1.2210081937e-6,-0.326545075,-4.10E-13,-2.48E-05,-1.06E-14,-1.45E-05,-4.10E-13,-2.48E-05,-3.81E-15,6.5768362700e-4
0.7365,1.2112092381e-6,-0.326323615,-1.21E-06,0.3268063,3.311878107e-14,-1.45E-05,-1.21E-06,0.3268063,1.2112708152e-6,-0.32632301,-4.57E-13,-2.48E-05,3.311877460e-14,-1.45E-05,-4.57E-13,-2.48E-05,-3.81E-15,6.5813081536e-4
0.737,1.2014774339e-6,-0.326101852,-1.20E-06,0.326584865,7.676929224e-14,-1.45E-05,-1.20E-06,0.326584865,1.2015386655e-6,-0.326101246,-5.04E-13,-2.48E-05,7.676920174e-14,-1.45E-05,-5.04E-13,-2.48E-05,-3.80E-15,6.5857800452e-4
0.7375,1.1917513402e-6,-0.325880388,-1.19E-06,0.326363729,1.203270793e-13,-1.45E-05,-1.19E-06,0.326363729,1.1918122246e-6,-0.325879782,-5.50E-13,-2.49E-05,1.203270035e-13,-1.45E-05,-5.50E-13,-2.49E-05,-3.80E-15,6.5902519449e-4
0.738,1.1820313808e-6,-0.325659225,-1.18E-06,0.326142894,1.637870658e-13,-1.45E-05,-1.18E-06,0.326142894,1.1820919180e-6,-0.325658618,-5.97E-13,-2.49E-05,1.637871824e-13,-1.45E-05,-5.97E-13,-2.49E-05,-3.80E-15,6.5947238526e-4
0.7385,1.1723180427e-6,-0.32543836,-1.17E-06,0.325922357,2.071443121e-13,-1.46E-05,-1.17E-06,0.325922357,1.1723782310e-6,-0.325437753,-6.44E-13,-2.49E-05,2.071443857e-13,-1.46E-05,-6.44E-13,-2.49E-05,-3.80E-15,6.5991957682e-4
0.739,1.1626117518e-6,-0.325217794,-1.16E-06,0.325702119,2.503931173e-13,-1.46E-05,-1.16E-06,0.325702119,1.1626715932e-6,-0.325217187,-6.90E-13,-2.49E-05,2.503930924e-13,-1.46E-05,-6.90E-13,-2.49E-05,-3.80E-15,6.6036676919e-4
0.7395,1.1529129956e-6,-0.324997526,-1.15E-06,0.325482179,2.935289336e-13,-1.46E-05,-1.15E-06,0.325482179,1.1529724871e-6,-0.324996919,-7.37E-13,-2.49E-05,2.935288488e-13,-1.46E-05,-7.37E-13,-2.49E-05,-3.80E-15,6.6081396237e-4
0.74,1.1432222085e-6,-0.324777556,-1.14E-06,0.325262536,3.365451066e-13,-1.46E-05,-1.14E-06,0.325262536,1.1432813516e-6,-0.324776948,-7.83E-13,-2.50E-05,3.365451386e-13,-1.46E-05,-7.83E-13,-2.50E-05,-3.80E-15,6.6126115634e-4
0.7405,1.1335398544e-6,-0.324557882,-1.13E-06,0.32504319,3.794365983e-13,-1.46E-05,-1.13E-06,0.32504319,1.1335986494e-6,-0.324557273,-8.29E-13,-2.50E-05,3.794365989e-13,-1.46E-05,-8.29E-13,-2.50E-05,-3.80E-15,6.6170835112e-4
0.741,1.1238663925e-6,-0.324338504,-1.12E-06,0.32482414,4.221999141e-13,-1.46E-05,-1.12E-06,0.32482414,1.1239248362e-6,-0.324337895,-8.74E-13,-2.50E-05,4.221998104e-13,-1.46E-05,-8.74E-13,-2.50E-05,-3.80E-15,6.6215554671e-4
0.7415,1.1142022788e-6,-0.324119422,-1.11E-06,0.324605385,4.648275924e-13,-1.46E-05,-1.11E-06,0.324605385,1.1142603719e-6,-0.324118812,-9.20E-13,-2.50E-05,4.648276565e-13,-1.46E-05,-9.20E-13,-2.50E-05,-3.80E-15,6.6260274310e-4
0.742,1.1045479692e-6,-0.323900634,-1.10E-06,0.324386926,5.073151017e-13,-1.46E-05,-1.10E-06,0.324386926,1.1046057124e-6,-0.323900024,-9.66E-13,-2.50E-05,5.073151111e-13,-1.46E-05,-9.66E-13,-2.50E-05,-3.80E-15,6.6304994030e-4
0.7425,1.0949039293e-6,-0.323682141,-1.09E-06,0.32416876,5.496568769e-13,-1.46E-05,-1.09E-06,0.32416876,1.0949613204e-6,-0.323681531,-1.01E-12,-2.50E-05,5.496568634e-13,-1.46E-05,-1.01E-12,-2.50E-05,-3.80E-15,6.6349713830e-4
0.743,1.0852706116e-6,-0.323463942,-1.09E-06,0.323950889,5.918468249e-13,-1.46E-05,-1.09E-06,0.323950889,1.0853276512e-6,-0.323463331,-1.06E-12,-2.51E-05,5.918468946e-13,-1.46E-05,-1.06E-12,-2.51E-05,-3.80E-15,6.6394433711e-4
0.7435,1.0756484736e-6,-0.323246035,-1.08E-06,0.32373331,6.338800349e-13,-1.47E-05,-1.08E-06,0.32373331,1.0757051600e-6,-0.323245424,-1.10E-12,-2.51E-05,6.338799539e-13,-1.47E-05,-1.10E-12,-2.51E-05,-3.80E-15,6.6439153672e-4
0.744,1.0660379829e-6,-0.323028421,-1.07E-06,0.323516024,6.757509783e-13,-1.47E-05,-1.07E-06,0.323516024,1.0660943170e-6,-0.32302781,-1.15E-12,-2.51E-05,6.757510045e-13,-1.47E-05,-1.15E-12,-2.51E-05,-3.80E-15,6.6483873714e-4
0.7445,1.0564395792e-6,-0.322811099,-1.06E-06,0.32329903,7.174537897e-13,-1.47E-05,-1.06E-06,0.32329903,1.0564955592e-6,-0.322810487,-1.19E-12,-2.51E-05,7.174538134e-13,-1.47E-05,-1.19E-12,-2.51E-05,-3.80E-15,6.6528593838e-4
0.745,1.0468537572e-6,-0.322594069,-1.05E-06,0.323082327,7.589825250e-13,-1.47E-05,-1.05E-06,0.323082327,1.0469093837e-6,-0.322593456,-1.23E-12,-2.51E-05,7.589824781e-13,-1.47E-05,-1.23E-12,-2.51E-05,-3.80E-15,6.6573314042e-4
0.7455,1.0372809415e-6,-0.322377329,-1.04E-06,0.322865915,8.003319303e-13,-1.47E-05,-1.04E-06,0.322865915,1.0373362135e-6,-0.322376716,-1.28E-12,-2.51E-05,8.003319931e-13,-1.47E-05,-1.28E-12,-2.51E-05,-3.80E-15,6.6618034327e-4
0.746,1.0277216162e-6,-0.322160879,-1.03E-06,0.322649793,8.414962179e-13,-1.47E-05,-1.03E-06,0.322649793,1.0277765328e-6,-0.322160266,-1.32E-12,-2.52E-05,8.414963451e-13,-1.47E-05,-1.32E-12,-2.52E-05,-3.80E-15,6.6662754693e-4
0.7465,1.0181762353e-6,-0.321944719,-1.02E-06,0.322433961,8.824694658e-13,-1.47E-05,-1.02E-06,0.322433961,1.0182307968e-6,-0.321944105,-1.37E-12,-2.52E-05,8.824695260e-13,-1.47E-05,-1.37E-12,-2.52E-05,-3.79E-15,6.6707475140e-4
0.747,1.0086452560e-6,-0.321728848,-1.01E-06,0.322218418,9.232451534e-13,-1.47E-05,-1.01E-06,0.322218418,1.0086994638e-6,-0.321728234,-1.41E-12,-2.52E-05,9.232451238e-13,-1.47E-05,-1.41E-12,-2.52E-05,-3.80E-15,6.6752195668e-4
0.7475,9.9912914263e-7,-0.321513265,-9.99E-07,0.322003163,9.638184298e-13,-1.47E-05,-9.99E-07,0.322003163,9.9918299442e-7,-0.321512651,-1.45E-12,-2.52E-05,9.638183653e-13,-1.47E-05,-1.45E-12,-2.52E-05,-3.79E-15,6.6796916277e-4
0.748,9.8962834931e-7,-0.32129797,-9.90E-07,0.321788196,1.004183208e-12,-1.47E-05,-9.90E-07,0.321788196,9.8968184407e-7,-0.321297355,-1.50E-12,-2.52E-05,1.004183177e-12,-1.47E-05,-1.50E-12,-2.52E-05,-3.79E-15,6.6841636968e-4
0.7485,9.8014335125e-7,-0.321082962,-9.80E-07,0.321573516,1.044333796e-12,-1.48E-05,-9.80E-07,0.321573516,9.8019649132e-7,-0.321082347,-1.54E-12,-2.52E-05,1.044333839e-12,-1.48E-05,-1.54E-12,-2.52E-05,-3.79E-15,6.6886357739e-4
0.749,9.7067460205e-7,-0.320868241,-9.71E-07,0.321359123,1.084263441e-12,-1.48E-05,-9.71E-07,0.321359123,9.7072738508e-7,-0.320867626,-1.58E-12,-2.53E-05,1.084263403e-12,-1.48E-05,-1.58E-12,-2.53E-05,-3.79E-15,6.6931078592e-4
0.7495,9.6122256651e-7,-0.320653806,-9.61E-07,0.321145015,1.123966803e-12,-1.48E-05,-9.61E-07,0.321145015,9.6127499242e-7,-0.32065319,-1.62E-12,-2.53E-05,1.123966789e-12,-1.48E-05,-1.62E-12,-2.53E-05,-3.79E-15,6.6975799527e-4
0.75,9.5178770775e-7,-0.320439657,-9.52E-07,0.320931194,1.163437062e-12,-1.48E-05,-9.52E-07,0.320931194,9.5183977698e-7,-0.32043904,-1.66E-12,-2.53E-05,1.163437107e-12,-1.48E-05,-1.66E-12,-2.53E-05,-3.79E-15,6.7020520543e-4
0.7505,9.4237048579e-7,-0.320225792,-9.42E-07,0.320717657,1.202669669e-12,-1.48E-05,-9.42E-07,0.320717657,9.4242219642e-7,-0.320225175,-1.71E-12,-2.53E-05,1.202669526e-12,-1.48E-05,-1.71E-12,-2.53E-05,-3.79E-15,6.7065241640e-4
0.751,9.3297136643e-7,-0.320012212,-9.33E-07,0.320504405,1.241656806e-12,-1.48E-05,-9.33E-07,0.320504405,9.3302271966e-7,-0.320011595,-1.75E-12,-2.53E-05,1.241656742e-12,-1.48E-05,-1.75E-12,-2.53E-05,-3.79E-15,6.7109962819e-4
0.7515,9.2359081827e-7,-0.319798916,-9.24E-07,0.320291436,1.280393220e-12,-1.48E-05,-9.24E-07,0.320291436,9.2364181267e-7,-0.319798298,-1.79E-12,-2.53E-05,1.280393224e-12,-1.48E-05,-1.79E-12,-2.53E-05,-3.79E-15,6.7154684079e-4
0.752,9.1422929936e-7,-0.319585902,-9.14E-07,0.320078751,1.318872590e-12,-1.48E-05,-9.14E-07,0.320078751,9.1427993656e-7,-0.319585284,-1.83E-12,-2.54E-05,1.318872671e-12,-1.48E-05,-1.83E-12,-2.54E-05,-3.79E-15,6.7199405422e-4
0.7525,9.0488726992e-7,-0.319373172,-9.05E-07,0.319866348,1.357088655e-12,-1.48E-05,-9.05E-07,0.319866348,9.0493754783e-7,-0.319372553,-1.87E-12,-2.54E-05,1.357088624e-12,-1.48E-05,-1.87E-12,-2.54E-05,-3.79E-15,6.7244126845e-4
0.753,8.9556519858e-7,-0.319160723,-8.96E-07,0.319654227,1.395035584e-12,-1.48E-05,-8.96E-07,0.319654227,8.9561511704e-7,-0.319160104,-1.91E-12,-2.54E-05,1.395035677e-12,-1.48E-05,-1.91E-12,-2.54E-05,-3.79E-15,6.7288848351e-4
0.7535,8.8626355745e-7,-0.318948556,-8.86E-07,0.319442388,1.432705964e-12,-1.49E-05,-8.86E-07,0.319442388,8.8631311765e-7,-0.318947937,-1.95E-12,-2.54E-05,1.432705947e-12,-1.49E-05,-1.95E-12,-2.54E-05,-3.79E-15,6.7333569938e-4
0.754,8.7698279588e-7,-0.31873667,-8.77E-07,0.31923083,1.470095016e-12,-1.49E-05,-8.77E-07,0.31923083,8.7703199585e-7,-0.31873605,-1.99E-12,-2.54E-05,1.470095033e-12,-1.49E-05,-1.99E-12,-2.54E-05,-3.79E-15,6.7378291608e-4
0.7545,8.6772338388e-7,-0.318525065,-8.68E-07,0.319019552,1.507195037e-12,-1.49E-05,-8.68E-07,0.319019552,8.6777222528e-7,-0.318524444,-2.03E-12,-2.54E-05,1.507195050e-12,-1.49E-05,-2.03E-12,-2.54E-05,-3.78E-15,6.7423013359e-4
0.755,8.5848579481e-7,-0.318313739,-8.59E-07,0.318808554,1.543999151e-12,-1.49E-05,-8.59E-07,0.318808554,8.5853427612e-7,-0.318313118,-2.07E-12,-2.55E-05,1.543999201e-12,-1.49E-05,-2.07E-12,-2.55E-05,-3.78E-15,6.7467735192e-4
0.7555,8.4927049872e-7,-0.318102692,-8.49E-07,0.318597836,1.580503446e-12,-1.49E-05,-8.49E-07,0.318597836,8.4931861981e-7,-0.318102071,-2.10E-12,-2.55E-05,1.580503430e-12,-1.49E-05,-2.10E-12,-2.55E-05,-3.78E-15,6.7512457107e-4
0.756,8.4007793854e-7,-0.317891925,-8.40E-07,0.318387396,1.616698363e-12,-1.49E-05,-8.40E-07,0.318387396,8.4012569951e-7,-0.317891303,-2.14E-12,-2.55E-05,1.616698384e-12,-1.49E-05,-2.14E-12,-2.55E-05,-3.78E-15,6.7557179105e-4
0.7565,8.3090860203e-7,-0.317681435,-8.31E-07,0.318177234,1.652579601e-12,-1.49E-05,-8.31E-07,0.318177234,8.3095600262e-7,-0.317680813,-2.18E-12,-2.55E-05,1.652579489e-12,-1.49E-05,-2.18E-12,-2.55E-05,-3.78E-15,6.7601901184e-4
0.757,8.2176294476e-7,-0.317471223,-8.22E-07,0.31796735,1.688139816e-12,-1.49E-05,-8.22E-07,0.31796735,8.2180998440e-7,-0.317470601,-2.22E-12,-2.55E-05,1.688139830e-12,-1.49E-05,-2.22E-12,-2.55E-05,-3.78E-15,6.7646623346e-4
0.7575,8.1264144152e-7,-0.317261288,-8.13E-07,0.317757743,1.723372457e-12,-1.49E-05,-8.13E-07,0.317757743,8.1268812014e-7,-0.317260665,-2.25E-12,-2.55E-05,1.723372562e-12,-1.49E-05,-2.25E-12,-2.55E-05,-3.78E-15,6.7691345590e-4
0.758,8.0354455091e-7,-0.317051629,-8.04E-07,0.317548412,1.758269752e-12,-1.49E-05,-8.04E-07,0.317548412,8.0359086894e-7,-0.317051006,-2.29E-12,-2.56E-05,1.758269849e-12,-1.49E-05,-2.29E-12,-2.56E-05,-3.78E-15,6.7736067916e-4
0.7585,7.9447273946e-7,-0.316842247,-7.95E-07,0.317339357,1.792826861e-12,-1.49E-05,-7.95E-07,0.317339357,7.9451869702e-7,-0.316841623,-2.33E-12,-2.56E-05,1.792826790e-12,-1.49E-05,-2.33E-12,-2.56E-05,-3.78E-15,6.7780790324e-4
0.759,7.8542648028e-7,-0.31663314,-7.85E-07,0.317130578,1.827036672e-12,-1.50E-05,-7.85E-07,0.317130578,7.8547207602e-7,-0.316632516,-2.36E-12,-2.56E-05,1.827036651e-12,-1.50E-05,-2.36E-12,-2.56E-05,-3.78E-15,6.7825512815e-4
0.7595,7.7640623326e-7,-0.316424307,-7.76E-07,0.316922074,1.860890370e-12,-1.50E-05,-7.76E-07,0.316922074,7.7645146971e-7,-0.316423683,-2.40E-12,-2.56E-05,1.860890376e-12,-1.50E-05,-2.40E-12,-2.56E-05,-3.78E-15,6.7870235389e-4
0.76,7.6741248053e-7,-0.316215749,-7.67E-07,0.316713844,1.894384318e-12,-1.50E-05,-7.67E-07,0.316713844,7.6745735427e-7,-0.316215125,-2.43E-12,-2.56E-05,1.894384308e-12,-1.50E-05,-2.43E-12,-2.56E-05,-3.78E-15,6.7914958045e-4
0.7605,7.5844567076e-7,-0.316007465,-7.58E-07,0.316505887,1.927509903e-12,-1.50E-05,-7.58E-07,0.316505887,7.5849018367e-7,-0.31600684,-2.47E-12,-2.56E-05,1.927509887e-12,-1.50E-05,-2.47E-12,-2.56E-05,-3.78E-15,6.7959680783e-4
0.761,7.4950629092e-7,-0.315799454,-7.50E-07,0.316298204,1.960260514e-12,-1.50E-05,-7.50E-07,0.316298204,7.4955044143e-7,-0.315798829,-2.50E-12,-2.57E-05,1.960260448e-12,-1.50E-05,-2.50E-12,-2.57E-05,-3.77E-15,6.8004403604e-4
0.7615,7.4059480727e-7,-0.315591716,-7.41E-07,0.316090794,1.992629130e-12,-1.50E-05,-7.41E-07,0.316090794,7.4063859577e-7,-0.31559109,-2.53E-12,-2.57E-05,1.992629144e-12,-1.50E-05,-2.53E-12,-2.57E-05,-3.77E-15,6.8049126508e-4
0.762,7.3171167864e-7,-0.31538425,-7.32E-07,0.315883655,2.024608566e-12,-1.50E-05,-7.32E-07,0.315883655,7.3175510571e-7,-0.315383623,-2.57E-12,-2.57E-05,2.024608609e-12,-1.50E-05,-2.57E-12,-2.57E-05,-3.77E-15,6.8093849494e-4
0.7625,7.2285737686e-7,-0.315177055,-7.23E-07,0.315676789,2.056192783e-12,-1.50E-05,-7.23E-07,0.315676789,7.2290044302e-7,-0.315176428,-2.60E-12,-2.57E-05,2.056192725e-12,-1.50E-05,-2.60E-12,-2.57E-05,-3.77E-15,6.8138572564e-4
0.763,7.1403236976e-7,-0.314970132,-7.14E-07,0.315470193,2.087373440e-12,-1.50E-05,-7.14E-07,0.315470193,7.1407507439e-7,-0.314969505,-2.63E-12,-2.57E-05,2.087373353e-12,-1.50E-05,-2.63E-12,-2.57E-05,-3.77E-15,6.8183295716e-4
0.7635,7.0523713079e-7,-0.314763479,-7.05E-07,0.315263868,2.118144334e-12,-1.50E-05,-7.05E-07,0.315263868,7.0527947319e-7,-0.314762851,-2.66E-12,-2.57E-05,2.118144347e-12,-1.50E-05,-2.66E-12,-2.57E-05,-3.77E-15,6.8228018951e-4
0.764,6.9647212302e-7,-0.314557096,-6.96E-07,0.315057813,2.148498205e-12,-1.51E-05,-6.96E-07,0.315057813,6.9651410301e-7,-0.314556468,-2.69E-12,-2.58E-05,2.148498242e-12,-1.51E-05,-2.69E-12,-2.58E-05,-3.77E-15,6.8272742269e-4
0.7645,6.8773782860e-7,-0.314350982,-6.88E-07,0.314852027,2.178427146e-12,-1.51E-05,-6.88E-07,0.314852027,6.8777944678e-7,-0.314350354,-2.73E-12,-2.58E-05,2.178427177e-12,-1.51E-05,-2.73E-12,-2.58E-05,-3.77E-15,6.8317465670e-4
0.765,6.7903470826e-7,-0.314145138,-6.79E-07,0.31464651,2.207925292e-12,-1.51E-05,-6.79E-07,0.31464651,6.7907596491e-7,-0.314144509,-2.76E-12,-2.58E-05,2.207925258e-12,-1.51E-05,-2.76E-12,-2.58E-05,-3.77E-15,6.8362189154e-4
0.7655,6.7036324631e-7,-0.313939562,-6.70E-07,0.314441262,2.236985546e-12,-1.51E-05,-6.70E-07,0.314441262,6.7040414197e-7,-0.313938932,-2.79E-12,-2.58E-05,2.236985513e-12,-1.51E-05,-2.79E-12,-2.58E-05,-3.77E-15,6.8406912722e-4
0.766,6.6172389013e-7,-0.313734253,-6.62E-07,0.314236282,2.265598760e-12,-1.51E-05,-6.62E-07,0.314236282,6.6176442270e-7,-0.313733624,-2.82E-12,-2.58E-05,2.265598771e-12,-1.51E-05,-2.82E-12,-2.58E-05,-3.76E-15,6.8451636372e-4
0.7665,6.5311711683e-7,-0.313529212,-6.53E-07,0.314031568,2.293759165e-12,-1.51E-05,-6.53E-07,0.314031568,6.5315728840e-7,-0.313528582,-2.84E-12,-2.58E-05,2.293759200e-12,-1.51E-05,-2.84E-12,-2.58E-05,-3.76E-15,6.8496360106e-4
0.767,6.4454341139e-7,-0.313324438,-6.45E-07,0.313827122,2.321457646e-12,-1.51E-05,-6.45E-07,0.313827122,6.4458322147e-7,-0.313323808,-2.87E-12,-2.59E-05,2.321457622e-12,-1.51E-05,-2.87E-12,-2.59E-05,-3.76E-15,6.8541083923e-4
0.7675,6.3600323347e-7,-0.31311993,-6.36E-07,0.313622942,2.348689786e-12,-1.51E-05,-6.36E-07,0.313622942,6.3604268154e-7,-0.313119299,-2.90E-12,-2.59E-05,2.348689784e-12,-1.51E-05,-2.90E-12,-2.59E-05,-3.76E-15,6.8585807823e-4
0.768,6.2749705972e-7,-0.312915688,-6.28E-07,0.313419028,2.375445151e-12,-1.51E-05,-6.28E-07,0.313419028,6.2753614627e-7,-0.312915057,-2.93E-12,-2.59E-05,2.375445124e-12,-1.51E-05,-2.93E-12,-2.59E-05,-3.76E-15,6.8630531806e-4
0.7685,6.1902535820e-7,-0.312711711,-6.19E-07,0.313215379,2.401718883e-12,-1.51E-05,-6.19E-07,0.313215379,6.1906408372e-7,-0.31271108,-2.95E-12,-2.59E-05,2.401718995e-12,-1.51E-05,-2.95E-12,-2.59E-05,-3.76E-15,6.8675255874e-4
0.769,6.1058859696e-7,-0.312507999,-6.11E-07,0.313011995,2.427501617e-12,-1.52E-05,-6.11E-07,0.313011995,6.1062696103e-7,-0.312507367,-2.98E-12,-2.59E-05,2.427501625e-12,-1.52E-05,-2.98E-12,-2.59E-05,-3.76E-15,6.8719980024e-4
0.7695,6.0218726100e-7,-0.312304551,-6.02E-07,0.312808875,2.452786242e-12,-1.52E-05,-6.02E-07,0.312808875,6.0222526314e-7,-0.312303919,-3.01E-12,-2.59E-05,2.452786167e-12,-1.52E-05,-3.01E-12,-2.59E-05,-3.76E-15,6.8764704258e-4
0.77,5.9382180902e-7,-0.312101367,-5.94E-07,0.312606018,2.477565154e-12,-1.52E-05,-5.94E-07,0.312606018,5.9385944985e-7,-0.312100734,-3.03E-12,-2.60E-05,2.477564997e-12,-1.52E-05,-3.03E-12,-2.60E-05,-3.76E-15,6.8809428576e-4
0.7705,5.8549271633e-7,-0.311898446,-5.86E-07,0.312403425,2.501831315e-12,-1.52E-05,-5.86E-07,0.312403425,5.8552999666e-7,-0.311897813,-3.05E-12,-2.60E-05,2.501831344e-12,-1.52E-05,-3.05E-12,-2.60E-05,-3.76E-15,6.8854152978e-4
0.771,5.7720045144e-7,-0.311695788,-5.77E-07,0.312201094,2.525576805e-12,-1.52E-05,-5.77E-07,0.312201094,5.7723736897e-7,-0.311695154,-3.08E-12,-2.60E-05,2.525576748e-12,-1.52E-05,-3.08E-12,-2.60E-05,-3.76E-15,6.8898877463e-4
0.7715,5.6894550040e-7,-0.311493391,-5.69E-07,0.311999026,2.548793032e-12,-1.52E-05,-5.69E-07,0.311999026,5.6898205892e-7,-0.311492757,-3.10E-12,-2.60E-05,2.548792920e-12,-1.52E-05,-3.10E-12,-2.60E-05,-3.75E-15,6.8943602032e-4
0.772,5.6072833206e-7,-0.311291257,-5.61E-07,0.311797219,2.571473401e-12,-1.52E-05,-5.61E-07,0.311797219,5.6076452891e-7,-0.311290622,-3.12E-12,-2.60E-05,2.571473390e-12,-1.52E-05,-3.12E-12,-2.60E-05,-3.75E-15,6.8988326684e-4
0.7725,5.5254942140e-7,-0.311089383,-5.53E-07,0.311595674,2.593608977e-12,-1.52E-05,-5.53E-07,0.311595674,5.5258525689e-7,-0.311088748,-3.15E-12,-2.60E-05,2.593608983e-12,-1.52E-05,-3.15E-12,-2.60E-05,-3.75E-15,6.9033051421e-4
0.773,5.4440922279e-7,-0.31088777,-5.44E-07,0.311394389,2.615192977e-12,-1.52E-05,-5.44E-07,0.311394389,5.4444469831e-7,-0.310887135,-3.17E-12,-2.61E-05,2.615192968e-12,-1.52E-05,-3.17E-12,-2.61E-05,-3.75E-15,6.9077776242e-4
0.7735,5.3630822747e-7,-0.310686418,-5.36E-07,0.311193364,2.636217816e-12,-1.52E-05,-5.36E-07,0.311193364,5.3634334216e-7,-0.310685782,-3.19E-12,-2.61E-05,2.636217771e-12,-1.52E-05,-3.19E-12,-2.61E-05,-3.75E-15,6.9122501146e-4
0.774,5.2824691822e-7,-0.310485324,-5.28E-07,0.310992598,2.656673645e-12,-1.53E-05,-5.28E-07,0.310992598,5.2828167309e-7,-0.310484688,-3.21E-12,-2.61E-05,2.656673634e-12,-1.53E-05,-3.21E-12,-2.61E-05,-3.75E-15,6.9167226135e-4
0.7745,5.2022574777e-7,-0.31028449,-5.20E-07,0.310792092,2.676554314e-12,-1.53E-05,-5.20E-07,0.310792092,5.2026014159e-7,-0.310283854,-3.23E-12,-2.61E-05,2.676554339e-12,-1.53E-05,-3.23E-12,-2.61E-05,-3.75E-15,6.9211951208e-4
0.775,5.1224518985e-7,-0.310083915,-5.12E-07,0.310591845,2.695850837e-12,-1.53E-05,-5.12E-07,0.310591845,5.1227922484e-7,-0.310083278,-3.25E-12,-2.61E-05,2.695850861e-12,-1.53E-05,-3.25E-12,-2.61E-05,-3.74E-15,6.9256676364e-4
0.7755,5.0430574100e-7,-0.309883597,-5.04E-07,0.310391855,2.714556345e-12,-1.53E-05,-5.04E-07,0.310391855,5.0433941671e-7,-0.30988296,-3.26E-12,-2.61E-05,2.714556397e-12,-1.53E-05,-3.26E-12,-2.61E-05,-3.74E-15,6.9301401606e-4
0.776,4.9640786021e-7,-0.309683537,-4.96E-07,0.310192123,2.732661219e-12,-1.53E-05,-4.96E-07,0.310192123,4.9644117658e-7,-0.3096829,-3.28E-12,-2.62E-05,2.732661307e-12,-1.53E-05,-3.28E-12,-2.62E-05,-3.74E-15,6.9346126931e-4
0.7765,4.8855202555e-7,-0.309483735,-4.89E-07,0.309992648,2.750158745e-12,-1.53E-05,-4.89E-07,0.309992648,4.8858498249e-7,-0.309483096,-3.30E-12,-2.62E-05,2.750158732e-12,-1.53E-05,-3.30E-12,-2.62E-05,-3.74E-15,6.9390852341e-4
0.777,4.8073870587e-7,-0.309284188,-4.81E-07,0.30979343,2.767040103e-12,-1.53E-05,-4.81E-07,0.30979343,4.8077130382e-7,-0.30928355,-3.31E-12,-2.62E-05,2.767040154e-12,-1.53E-05,-3.31E-12,-2.62E-05,-3.74E-15,6.9435577835e-4
0.7775,4.7296838415e-7,-0.309084898,-4.73E-07,0.309594467,2.783296819e-12,-1.53E-05,-4.73E-07,0.309594467,4.7300062293e-7,-0.309084259,-3.33E-12,-2.62E-05,2.783296644e-12,-1.53E-05,-3.33E-12,-2.62E-05,-3.74E-15,6.9480303413e-4
0.778,4.6524153242e-7,-0.308885864,-4.65E-07,0.309395761,2.798921163e-12,-1.53E-05,-4.65E-07,0.309395761,4.6527341345e-7,-0.308885224,-3.34E-12,-2.62E-05,2.798921032e-12,-1.53E-05,-3.34E-12,-2.62E-05,-3.74E-15,6.9525029076e-4
0.7785,4.5755862568e-7,-0.308687084,-4.58E-07,0.309197309,2.813904744e-12,-1.53E-05,-4.58E-07,0.309197309,4.5759014729e-7,-0.308686444,-3.36E-12,-2.63E-05,2.813904784e-12,-1.53E-05,-3.36E-12,-2.63E-05,-3.74E-15,6.9569754824e-4
0.779,4.4992013410e-7,-0.308488559,-4.50E-07,0.308999112,2.828238824e-12,-1.54E-05,-4.50E-07,0.308999112,4.4995129899e-7,-0.308487919,-3.37E-12,-2.63E-05,2.828238786e-12,-1.54E-05,-3.37E-12,-2.63E-05,-3.73E-15,6.9614480656e-4
0.7795,4.4232654445e-7,-0.308290289,-4.42E-07,0.308801169,2.841915780e-12,-1.54E-05,-4.42E-07,0.308801169,4.4235735170e-7,-0.308289648,-3.38E-12,-2.63E-05,2.841915823e-12,-1.54E-05,-3.38E-12,-2.63E-05,-3.73E-15,6.9659206572e-4
0.78,4.3477833343e-7,-0.308092271,-4.35E-07,0.30860348,2.854926121e-12,-1.54E-05,-4.35E-07,0.30860348,4.3480878370e-7,-0.30809163,-3.40E-12,-2.63E-05,2.854926061e-12,-1.54E-05,-3.40E-12,-2.63E-05,-3.73E-15,6.9703932574e-4
0.7805,4.2727596062e-7,-0.307894507,-4.27E-07,0.308406044,2.867262715e-12,-1.54E-05,-4.27E-07,0.308406044,4.2730605396e-7,-0.307893866,-3.41E-12,-2.63E-05,2.867262563e-12,-1.54E-05,-3.41E-12,-2.63E-05,-3.73E-15,6.9748658660e-4
0.781,4.1981991229e-7,-0.307696996,-4.20E-07,0.30820886,2.878915917e-12,-1.54E-05,-4.20E-07,0.30820886,4.1984964817e-7,-0.307696354,-3.42E-12,-2.63E-05,2.878916043e-12,-1.54E-05,-3.42E-12,-2.63E-05,-3.73E-15,6.9793384831e-4
0.7815,4.1241067820e-7,-0.307499737,-4.12E-07,0.308011929,2.889877801e-12,-1.54E-05,-4.12E-07,0.308011929,4.1244005849e-7,-0.307499094,-3.43E-12,-2.64E-05,2.889877690e-12,-1.54E-05,-3.43E-12,-2.64E-05,-3.73E-15,6.9838111087e-4
0.782,4.0504870502e-7,-0.307302729,-4.05E-07,0.307815249,2.900140555e-12,-1.54E-05,-4.05E-07,0.307815249,4.0507772854e-7,-0.307302086,-3.43E-12,-2.64E-05,2.900140550e-12,-1.54E-05,-3.43E-12,-2.64E-05,-3.73E-15,6.9882837428e-4
0.7825,3.9773449404e-7,-0.307105973,-3.98E-07,0.30761882,2.909693676e-12,-1.54E-05,-3.98E-07,0.30761882,3.9776316229e-7,-0.307105329,-3.44E-12,-2.64E-05,2.909693704e-12,-1.54E-05,-3.44E-12,-2.64E-05,-3.73E-15,6.9927563853e-4
0.783,3.9046851672e-7,-0.306909467,-3.90E-07,0.307422642,2.918529687e-12,-1.54E-05,-3.90E-07,0.307422642,3.9049682923e-7,-0.306908823,-3.45E-12,-2.64E-05,2.918529747e-12,-1.54E-05,-3.45E-12,-2.64E-05,-3.72E-15,6.9972290364e-4
0.7835,3.8325124302e-7,-0.306713211,-3.83E-07,0.307226715,2.926639635e-12,-1.54E-05,-3.83E-07,0.307226715,3.8327920038e-7,-0.306712567,-3.46E-12,-2.64E-05,2.926639645e-12,-1.54E-05,-3.46E-12,-2.64E-05,-3.72E-15,7.0017016960e-4
0.784,3.7608316157e-7,-0.306517205,-3.76E-07,0.307031037,2.934015103e-12,-1.55E-05,-3.76E-07,0.307031037,3.7611076375e-7,-0.306516561,-3.46E-12,-2.64E-05,2.934015111e-12,-1.55E-05,-3.46E-12,-2.64E-05,-3.72E-15,7.0061743641e-4
0.7845,3.6896473617e-7,-0.306321449,-3.69E-07,0.306835608,2.940646278e-12,-1.55E-05,-3.69E-07,0.306835608,3.6899198471e-7,-0.306320804,-3.47E-12,-2.65E-05,2.940646248e-12,-1.55E-05,-3.47E-12,-2.65E-05,-3.72E-15,7.0106470407e-4
0.785,3.6189645176e-7,-0.306125941,-3.62E-07,0.306640428,2.946526703e-12,-1.55E-05,-3.62E-07,0.306640428,3.6192334659e-7,-0.306125295,-3.47E-12,-2.65E-05,2.946526643e-12,-1.55E-05,-3.47E-12,-2.65E-05,-3.72E-15,7.0151197259e-4
0.7855,3.5487878451e-7,-0.305930681,-3.55E-07,0.306445496,2.951644870e-12,-1.55E-05,-3.55E-07,0.306445496,3.5490532541e-7,-0.305930035,-3.47E-12,-2.65E-05,2.951644838e-12,-1.55E-05,-3.47E-12,-2.65E-05,-3.72E-15,7.0195924196e-4
0.786,3.4791221357e-7,-0.305735669,-3.48E-07,0.306250812,2.955993164e-12,-1.55E-05,-3.48E-07,0.306250812,3.4793840143e-7,-0.305735023,-3.47E-12,-2.65E-05,2.955993185e-12,-1.55E-05,-3.47E-12,-2.65E-05,-3.71E-15,7.0240651218e-4
0.7865,3.4099721560e-7,-0.305540905,-3.41E-07,0.306056376,2.959561789e-12,-1.55E-05,-3.41E-07,0.306056376,3.4102305067e-7,-0.305540258,-3.48E-12,-2.65E-05,2.959561819e-12,-1.55E-05,-3.48E-12,-2.65E-05,-3.71E-15,7.0285378325e-4
0.787,3.3413426951e-7,-0.305346387,-3.34E-07,0.305862186,2.962343234e-12,-1.55E-05,-3.34E-07,0.305862186,3.3415975337e-7,-0.30534574,-3.48E-12,-2.65E-05,2.962343080e-12,-1.55E-05,-3.48E-12,-2.65E-05,-3.71E-15,7.0330105518e-4
0.7875,3.2732384892e-7,-0.305152116,-3.27E-07,0.305668242,2.964326728e-12,-1.55E-05,-3.27E-07,0.305668242,3.2734897984e-7,-0.305151468,-3.48E-12,-2.66E-05,2.964326858e-12,-1.55E-05,-3.48E-12,-2.66E-05,-3.71E-15,7.0374832797e-4
0.788,3.2056644277e-7,-0.304958091,-3.21E-07,0.305474545,2.965504057e-12,-1.55E-05,-3.21E-07,0.305474545,3.2059122249e-7,-0.304957443,-3.47E-12,-2.66E-05,2.965504024e-12,-1.55E-05,-3.47E-12,-2.66E-05,-3.71E-15,7.0419560161e-4
0.7885,3.1386252286e-7,-0.304764311,-3.14E-07,0.305281093,2.965866968e-12,-1.55E-05,-3.14E-07,0.305281093,3.1388695254e-7,-0.304763662,-3.47E-12,-2.66E-05,2.965866964e-12,-1.55E-05,-3.47E-12,-2.66E-05,-3.71E-15,7.0464287611e-4
0.789,3.0721256670e-7,-0.304570776,-3.07E-07,0.305087886,2.965404534e-12,-1.56E-05,-3.07E-07,0.305087886,3.0723664554e-7,-0.304570127,-3.47E-12,-2.66E-05,2.965404514e-12,-1.56E-05,-3.47E-12,-2.66E-05,-3.70E-15,7.0509015146e-4
0.7895,3.0061705598e-7,-0.304377485,-3.01E-07,0.304894923,2.964108779e-12,-1.56E-05,-3.01E-07,0.304894923,3.0064078501e-7,-0.304376836,-3.46E-12,-2.66E-05,2.964108722e-12,-1.56E-05,-3.46E-12,-2.66E-05,-3.70E-15,7.0553742767e-4
0.79,2.9407645586e-7,-0.304184439,-2.94E-07,0.304702205,2.961969617e-12,-1.56E-05,-2.94E-07,0.304702205,2.9409983525e-7,-0.304183789,-3.46E-12,-2.66E-05,2.961969602e-12,-1.56E-05,-3.46E-12,-2.66E-05,-3.70E-15,7.0598470474e-4
0.7905,2.8759126533e-7,-0.303991636,-2.88E-07,0.30450973,2.958978856e-12,-1.56E-05,-2.88E-07,0.30450973,2.8761429606e-7,-0.303990986,-3.45E-12,-2.67E-05,2.958978819e-12,-1.56E-05,-3.45E-12,-2.67E-05,-3.70E-15,7.0643198267e-4
0.791,2.8116196215e-7,-0.303799076,-2.81E-07,0.304317498,2.955126575e-12,-1.56E-05,-2.81E-07,0.304317498,2.8118464401e-7,-0.303798426,-3.45E-12,-2.67E-05,2.955126521e-12,-1.56E-05,-3.45E-12,-2.67E-05,-3.70E-15,7.0687926145e-4
0.7915,2.7478902180e-7,-0.303606759,-2.75E-07,0.304125508,2.950402585e-12,-1.56E-05,-2.75E-07,0.304125508,2.7481135481e-7,-0.303606108,-3.44E-12,-2.67E-05,2.950402511e-12,-1.56E-05,-3.44E-12,-2.67E-05,-3.70E-15,7.0732654110e-4
0.792,2.6847291200e-7,-0.303414684,-2.68E-07,0.303933761,2.944798829e-12,-1.56E-05,-2.68E-07,0.303933761,2.6849489860e-7,-0.303414033,-3.43E-12,-2.67E-05,2.944798827e-12,-1.56E-05,-3.43E-12,-2.67E-05,-3.69E-15,7.0777382161e-4
0.7925,2.6221412429e-7,-0.303222851,-2.62E-07,0.303742256,2.938305008e-12,-1.56E-05,-2.62E-07,0.303742256,2.6223576384e-7,-0.303222199,-3.42E-12,-2.67E-05,2.938305076e-12,-1.56E-05,-3.42E-12,-2.67E-05,-3.69E-15,7.0822110297e-4
0.793,2.5601313604e-7,-0.303031259,-2.56E-07,0.303550992,2.930911932e-12,-1.56E-05,-2.56E-07,0.303550992,2.5603442869e-7,-0.303030607,-3.41E-12,-2.67E-05,2.930911999e-12,-1.56E-05,-3.41E-12,-2.67E-05,-3.69E-15,7.0866838520e-4
0.7935,2.4987042889e-7,-0.302839907,-2.50E-07,0.303359968,2.922609092e-12,-1.56E-05,-2.50E-07,0.303359968,2.4989137610e-7,-0.302839255,-3.40E-12,-2.68E-05,2.922609105e-12,-1.56E-05,-3.40E-12,-2.68E-05,-3.69E-15,7.0911566829e-4
0.794,2.4378647604e-7,-0.302648797,-2.44E-07,0.303169185,2.913389052e-12,-1.57E-05,-2.44E-07,0.303169185,2.4380707812e-7,-0.302648144,-3.38E-12,-2.68E-05,2.913389032e-12,-1.57E-05,-3.38E-12,-2.68E-05,-3.69E-15,7.0956295224e-4
0.7945,2.3776176171e-7,-0.302457926,-2.38E-07,0.302978642,2.903240836e-12,-1.57E-05,-2.38E-07,0.302978642,2.3778201892e-7,-0.302457272,-3.37E-12,-2.68E-05,2.903240950e-12,-1.57E-05,-3.37E-12,-2.68E-05,-3.69E-15,7.1001023706e-4
0.795,2.3179677049e-7,-0.302267294,-2.32E-07,0.302788338,2.892153842e-12,-1.57E-05,-2.32E-07,0.302788338,2.3181668357e-7,-0.30226664,-3.35E-12,-2.68E-05,2.892153757e-12,-1.57E-05,-3.35E-12,-2.68E-05,-3.68E-15,7.1045752274e-4
0.7955,2.2589197899e-7,-0.302076901,-2.26E-07,0.302598274,2.880119923e-12,-1.57E-05,-2.26E-07,0.302598274,2.2591154838e-7,-0.302076247,-3.34E-12,-2.68E-05,2.880119976e-12,-1.57E-05,-3.34E-12,-2.68E-05,-3.68E-15,7.1090480928e-4
0.796,2.2004786242e-7,-0.301886747,-2.20E-07,0.302408447,2.867128301e-12,-1.57E-05,-2.20E-07,0.302408447,2.2006708903e-7,-0.301886093,-3.32E-12,-2.68E-05,2.867128319e-12,-1.57E-05,-3.32E-12,-2.68E-05,-3.68E-15,7.1135209669e-4
0.7965,2.1426491080e-7,-0.301696831,-2.14E-07,0.302218859,2.853169570e-12,-1.57E-05,-2.14E-07,0.302218859,2.1428379497e-7,-0.301696176,-3.30E-12,-2.69E-05,2.853169402e-12,-1.57E-05,-3.30E-12,-2.69E-05,-3.68E-15,7.1179938496e-4
0.797,2.0854359680e-7,-0.301507152,-2.09E-07,0.302029508,2.838234301e-12,-1.57E-05,-2.09E-07,0.302029508,2.0856213828e-7,-0.301506497,-3.28E-12,-2.69E-05,2.838234300e-12,-1.57E-05,-3.28E-12,-2.69E-05,-3.67E-15,7.1224667410e-4
0.7975,2.0288441034e-7,-0.301317711,-2.03E-07,0.301840395,2.822311593e-12,-1.57E-05,-2.03E-07,0.301840395,2.0290261256e-7,-0.301317055,-3.26E-12,-2.69E-05,2.822311677e-12,-1.57E-05,-3.26E-12,-2.69E-05,-3.67E-15,7.1269396410e-4
0.798,1.9728782481e-7,-0.301128507,-1.97E-07,0.301651518,2.805392623e-12,-1.57E-05,-1.97E-07,0.301651518,1.9730568473e-7,-0.30112785,-3.24E-12,-2.69E-05,2.805392725e-12,-1.57E-05,-3.24E-12,-2.69E-05,-3.67E-15,7.1314125497e-4
0.7985,1.9175431705e-7,-0.300939538,-1.92E-07,0.301462878,2.787466077e-12,-1.57E-05,-1.92E-07,0.301462878,1.9177183802e-7,-0.300938882,-3.22E-12,-2.69E-05,2.787466032e-12,-1.57E-05,-3.22E-12,-2.69E-05,-3.67E-15,7.1358854671e-4
0.799,1.8628438346e-7,-0.300750806,-1.86E-07,0.301274473,2.768523227e-12,-1.57E-05,-1.86E-07,0.301274473,1.8630156501e-7,-0.300750149,-3.19E-12,-2.69E-05,2.768523144e-12,-1.57E-05,-3.19E-12,-2.69E-05,-3.67E-15,7.1403583931e-4
0.7995,1.8087848578e-7,-0.300562308,-1.81E-07,0.301086304,2.748553153e-12,-1.58E-05,-1.81E-07,0.301086304,1.8089532927e-7,-0.300561651,-3.17E-12,-2.70E-05,2.748553035e-12,-1.58E-05,-3.17E-12,-2.70E-05,-3.67E-15,7.1448313279e-4
0.8,1.7553713211e-7,-0.300374046,-1.76E-07,0.300898369,2.727546083e-12,-1.58E-05,-1.76E-07,0.300898369,1.7555363725e-7,-0.300373388,-3.14E-12,-2.70E-05,2.727545972e-12,-1.58E-05,-3.14E-12,-2.70E-05,-3.66E-15,7.1493042713e-4
0.8005,1.7026077072e-7,-0.300186018,-1.70E-07,0.300710669,2.705492128e-12,-1.58E-05,-1.70E-07,0.300710669,1.7027693878e-7,-0.30018536,-3.12E-12,-2.70E-05,2.705492182e-12,-1.58E-05,-3.12E-12,-2.70E-05,-3.66E-15,7.1537772234e-4
0.801,1.6504991110e-7,-0.299998225,-1.65E-07,0.300523204,2.682380554e-12,-1.58E-05,-1.65E-07,0.300523204,1.6506574221e-7,-0.299997566,-3.09E-12,-2.70E-05,2.682380634e-12,-1.58E-05,-3.09E-12,-2.70E-05,-3.66E-15,7.1582501842e-4
0.8015,1.5990502239e-7,-0.299810664,-1.60E-07,0.300335971,2.658200777e-12,-1.58E-05,-1.60E-07,0.300335971,1.5992051745e-7,-0.299810005,-3.06E-12,-2.70E-05,2.658200813e-12,-1.58E-05,-3.06E-12,-2.70E-05,-3.66E-15,7.1627231538e-4
0.802,1.5482658596e-7,-0.299623337,-1.55E-07,0.300148972,2.632944060e-12,-1.58E-05,-1.55E-07,0.300148972,1.5484174634e-7,-0.299622678,-3.03E-12,-2.70E-05,2.632944035e-12,-1.58E-05,-3.03E-12,-2.70E-05,-3.66E-15,7.1671961320e-4
0.8025,1.4981508510e-7,-0.299436243,-1.50E-07,0.299962206,2.606598882e-12,-1.58E-05,-1.50E-07,0.299962206,1.4982991132e-7,-0.299435583,-3.00E-12,-2.71E-05,2.606598831e-12,-1.58E-05,-3.00E-12,-2.71E-05,-3.65E-15,7.1716691189e-4
0.803,1.4487100417e-7,-0.299249381,-1.45E-07,0.299775672,2.579154746e-12,-1.58E-05,-1.45E-07,0.299775672,1.4488549563e-7,-0.299248721,-2.96E-12,-2.71E-05,2.579154727e-12,-1.58E-05,-2.96E-12,-2.71E-05,-3.65E-15,7.1761421146e-4
0.8035,1.3999482385e-7,-0.299062751,-1.40E-07,0.299589369,2.550600955e-12,-1.58E-05,-1.40E-07,0.299589369,1.4000898363e-7,-0.29906209,-2.93E-12,-2.71E-05,2.550600885e-12,-1.58E-05,-2.93E-12,-2.71E-05,-3.65E-15,7.1806151190e-4
0.804,1.3518701879e-7,-0.298876352,-1.35E-07,0.299403298,2.520928017e-12,-1.58E-05,-1.35E-07,0.299403298,1.3520084620e-7,-0.298875691,-2.89E-12,-2.71E-05,2.520928055e-12,-1.58E-05,-2.89E-12,-2.71E-05,-3.65E-15,7.1850881321e-4
0.8045,1.3044808489e-7,-0.298690184,-1.30E-07,0.299217458,2.490124696e-12,-1.59E-05,-1.30E-07,0.299217458,1.3046157996e-7,-0.298689523,-2.86E-12,-2.71E-05,2.490124683e-12,-1.59E-05,-2.86E-12,-2.71E-05,-3.64E-15,7.1895611540e-4
0.805,1.2577849364e-7,-0.298504247,-1.26E-07,0.299031849,2.458182001e-12,-1.59E-05,-1.26E-07,0.299031849,1.2579165880e-7,-0.298503585,-2.82E-12,-2.71E-05,2.458182008e-12,-1.59E-05,-2.82E-12,-2.71E-05,-3.64E-15,7.1940341846e-4
0.8055,1.2117874603e-7,-0.29831854,-1.21E-07,0.29884647,2.425086022e-12,-1.59E-05,-1.21E-07,0.29884647,1.2119158068e-7,-0.298317877,-2.78E-12,-2.72E-05,2.425085947e-12,-1.59E-05,-2.78E-12,-2.72E-05,-3.64E-15,7.1985072240e-4
0.806,1.1664929733e-7,-0.298133062,-1.17E-07,0.29866132,2.390830154e-12,-1.59E-05,-1.17E-07,0.29866132,1.1666180193e-7,-0.298132399,-2.74E-12,-2.72E-05,2.390830258e-12,-1.59E-05,-2.74E-12,-2.72E-05,-3.64E-15,7.2029802721e-4
0.8065,1.1219064702e-7,-0.297947814,-1.12E-07,0.2984764,2.355400569e-12,-1.59E-05,-1.12E-07,0.2984764,1.1220282351e-7,-0.297947151,-2.70E-12,-2.72E-05,2.355400546e-12,-1.59E-05,-2.70E-12,-2.72E-05,-3.63E-15,7.2074533289e-4
0.807,1.0780327305e-7,-0.297762794,-1.08E-07,0.298291708,2.318787342e-12,-1.59E-05,-1.08E-07,0.298291708,1.0781512203e-7,-0.297762131,-2.65E-12,-2.72E-05,2.318787247e-12,-1.59E-05,-2.65E-12,-2.72E-05,-3.63E-15,7.2119263946e-4
0.8075,1.0348765718e-7,-0.297578003,-1.03E-07,0.298107245,2.280980644e-12,-1.59E-05,-1.03E-07,0.298107245,1.0349917894e-7,-0.297577339,-2.61E-12,-2.72E-05,2.280980713e-12,-1.59E-05,-2.61E-12,-2.72E-05,-3.63E-15,7.2163994690e-4
0.808,9.9244288102e-8,-0.29739344,-9.93E-08,0.29792301,2.241969093e-12,-1.59E-05,-9.93E-08,0.29792301,9.9255483404e-8,-0.297392776,-2.56E-12,-2.72E-05,2.241969001e-12,-1.59E-05,-2.56E-12,-2.72E-05,-3.63E-15,7.2208725522e-4
0.8085,9.5073643827e-8,-0.297209105,-9.51E-08,0.297739002,2.201740482e-12,-1.59E-05,-9.51E-08,0.297739002,9.5084514683e-8,-0.29720844,-2.51E-12,-2.73E-05,2.201740646e-12,-1.59E-05,-2.51E-12,-2.73E-05,-3.63E-15,7.2253456441e-4
0.809,9.0976214328e-8,-0.297024996,-9.10E-08,0.297555221,2.160286021e-12,-1.59E-05,-9.10E-08,0.297555221,9.0986760358e-8,-0.297024331,-2.47E-12,-2.73E-05,2.160285827e-12,-1.59E-05,-2.47E-12,-2.73E-05,-3.62E-15,7.2298187449e-4
0.8095,8.6952470148e-8,-0.296841114,-8.70E-08,0.297371667,2.117593708e-12,-1.60E-05,-8.70E-08,0.297371667,8.6962693004e-8,-0.296840449,-2.42E-12,-2.73E-05,2.117593879e-12,-1.60E-05,-2.42E-12,-2.73E-05,-3.62E-15,7.2342918544e-4
0.81,8.3002903212e-8,-0.296657459,-8.30E-08,0.29718834,2.073652695e-12,-1.60E-05,-8.30E-08,0.29718834,8.3012803455e-8,-0.296656793,-2.36E-12,-2.73E-05,2.073652796e-12,-1.60E-05,-2.36E-12,-2.73E-05,-3.62E-15,7.2387649727e-4
0.8105,7.9127999829e-8,-0.296474029,-7.91E-08,0.297005238,2.028451573e-12,-1.60E-05,-7.91E-08,0.297005238,7.9137578226e-8,-0.296473363,-2.31E-12,-2.73E-05,2.028451687e-12,-1.60E-05,-2.31E-12,-2.73E-05,-3.61E-15,7.2432380999e-4
0.811,7.5328240521e-8,-0.296290825,-7.53E-08,0.296822362,1.981979924e-12,-1.60E-05,-7.53E-08,0.296822362,7.5337498062e-8,-0.296290158,-2.26E-12,-2.73E-05,1.981979919e-12,-1.60E-05,-2.26E-12,-2.73E-05,-3.61E-15,7.2477112358e-4
0.8115,7.1604099666e-8,-0.296107846,-7.16E-08,0.29663971,1.934225730e-12,-1.60E-05,-7.16E-08,0.29663971,7.1613037800e-8,-0.296107178,-2.20E-12,-2.74E-05,1.934225832e-12,-1.60E-05,-2.20E-12,-2.74E-05,-3.61E-15,7.2521843806e-4
0.812,6.7956073317e-8,-0.295925091,-6.80E-08,0.296457283,1.885179296e-12,-1.60E-05,-6.80E-08,0.296457283,6.7964691073e-8,-0.295924423,-2.15E-12,-2.74E-05,1.885179441e-12,-1.60E-05,-2.15E-12,-2.74E-05,-3.61E-15,7.2566575342e-4
0.8125,6.4384634085e-8,-0.29574256,-6.44E-08,0.296275081,1.834827406e-12,-1.60E-05,-6.44E-08,0.296275081,6.4392934674e-8,-0.295741892,-2.09E-12,-2.74E-05,1.834827435e-12,-1.60E-05,-2.09E-12,-2.74E-05,-3.60E-15,7.2611306966e-4
0.813,6.0890285706e-8,-0.295560253,-6.09E-08,0.296093102,1.783160019e-12,-1.60E-05,-6.09E-08,0.296093102,6.0898267273e-8,-0.295559585,-2.03E-12,-2.74E-05,1.783159932e-12,-1.60E-05,-2.03E-12,-2.74E-05,-3.60E-15,7.2656038678e-4
0.8135,5.7473493858e-8,-0.29537817,-5.75E-08,0.295911346,1.730165594e-12,-1.60E-05,-5.75E-08,0.295911346,5.7481158971e-8,-0.295377501,-1.97E-12,-2.74E-05,1.730165612e-12,-1.60E-05,-1.97E-12,-2.74E-05,-3.60E-15,7.2700770479e-4
0.814,5.4134738872e-8,-0.295196309,-5.41E-08,0.295729813,1.675832104e-12,-1.60E-05,-5.41E-08,0.295729813,5.4142088460e-8,-0.29519564,-1.90E-12,-2.75E-05,1.675831987e-12,-1.60E-05,-1.90E-12,-2.75E-05,-3.60E-15,7.2745502368e-4
0.8145,5.0874516769e-8,-0.295014671,-5.09E-08,0.295548503,1.620150117e-12,-1.61E-05,-5.09E-08,0.295548503,5.0881551737e-8,-0.295014002,-1.84E-12,-2.75E-05,1.620150044e-12,-1.61E-05,-1.84E-12,-2.75E-05,-3.59E-15,7.2790234346e-4
0.815,4.7693319586e-8,-0.294833255,-4.77E-08,0.295367415,1.563105297e-12,-1.61E-05,-4.77E-08,0.295367415,4.7700039448e-8,-0.294832585,-1.77E-12,-2.75E-05,1.563105287e-12,-1.61E-05,-1.77E-12,-2.75E-05,-3.59E-15,7.2834966412e-4
0.8155,4.4591605298e-8,-0.294652061,-4.46E-08,0.295186549,1.504688617e-12,-1.61E-05,-4.46E-08,0.295186549,4.4598012703e-8,-0.29465139,-1.71E-12,-2.75E-05,1.504688559e-12,-1.61E-05,-1.71E-12,-2.75E-05,-3.59E-15,7.2879698567e-4
0.816,4.1569868728e-8,-0.294471088,-4.16E-08,0.295005903,1.444887160e-12,-1.61E-05,-4.16E-08,0.295005903,4.1575965436e-8,-0.294470417,-1.64E-12,-2.75E-05,1.444887215e-12,-1.61E-05,-1.64E-12,-2.75E-05,-3.59E-15,7.2924430810e-4
0.8165,3.8628600789e-8,-0.294290336,-3.86E-08,0.294825479,1.383689480e-12,-1.61E-05,-3.86E-08,0.294825479,3.8634386186e-8,-0.294289664,-1.57E-12,-2.75E-05,1.383689512e-12,-1.61E-05,-1.57E-12,-2.75E-05,-3.58E-15,7.2969163142e-4
0.817,3.5768294213e-8,-0.294109804,-3.58E-08,0.294645275,1.321084275e-12,-1.61E-05,-3.58E-08,0.294645275,3.5773769710e-8,-0.294109132,-1.50E-12,-2.76E-05,1.321084450e-12,-1.61E-05,-1.50E-12,-2.76E-05,-3.58E-15,7.3013895563e-4
0.8175,3.2989413597e-8,-0.293929492,-3.30E-08,0.294465291,1.257059958e-12,-1.61E-05,-3.30E-08,0.294465291,3.2994579524e-8,-0.29392882,-1.42E-12,-2.76E-05,1.257059906e-12,-1.61E-05,-1.42E-12,-2.76E-05,-3.58E-15,7.3058628072e-4
0.818,3.0292454126e-8,-0.2937494,-3.03E-08,0.294285527,1.191604744e-12,-1.61E-05,-3.03E-08,0.294285527,3.0297311811e-8,-0.293748727,-1.35E-12,-2.76E-05,1.191604769e-12,-1.61E-05,-1.35E-12,-2.76E-05,-3.57E-15,7.3103360671e-4
0.8185,2.7677893633e-8,-0.293569527,-2.77E-08,0.294105982,1.124706482e-12,-1.61E-05,-2.77E-08,0.294105982,2.7682444606e-8,-0.293568854,-1.27E-12,-2.76E-05,1.124706645e-12,-1.61E-05,-1.27E-12,-2.76E-05,-3.57E-15,7.3148093358e-4
0.819,2.5146224102e-8,-0.293389873,-2.51E-08,0.293926656,1.056353421e-12,-1.61E-05,-2.51E-08,0.293926656,2.5150469034e-8,-0.2933892,-1.19E-12,-2.76E-05,1.056353422e-12,-1.61E-05,-1.19E-12,-2.76E-05,-3.57E-15,7.3192826134e-4
0.8195,2.2697921324e-8,-0.293210437,-2.27E-08,0.293747548,9.865335230e-13,-1.62E-05,-2.27E-08,0.293747548,2.2701861402e-8,-0.293209764,-1.11E-12,-2.76E-05,9.865334407e-13,-1.62E-05,-1.11E-12,-2.76E-05,-3.56E-15,7.3237558999e-4
0.82,2.0333477062e-8,-0.29303122,-2.03E-08,0.293568659,9.152346544e-13,-1.62E-05,-2.03E-08,0.293568659,2.0337112864e-8,-0.293030545,-1.03E-12,-2.77E-05,9.152347149e-13,-1.62E-05,-1.03E-12,-2.77E-05,-3.56E-15,7.3282291954e-4
0.8205,1.8053381134e-8,-0.29285222,-1.81E-08,0.293389986,8.424463733e-13,-1.62E-05,-1.81E-08,0.293389986,1.8056712717e-8,-0.292851545,-9.51E-13,-2.77E-05,8.424464927e-13,-1.62E-05,-9.51E-13,-2.77E-05,-3.56E-15,7.3327024997e-4
0.821,1.5858102997e-8,-0.292673437,-1.59E-08,0.293211531,7.681548706e-13,-1.62E-05,-1.59E-08,0.293211531,1.5861133163e-8,-0.292672762,-8.66E-13,-2.77E-05,7.681549173e-13,-1.62E-05,-8.66E-13,-2.77E-05,-3.56E-15,7.3371758130e-4
0.8215,1.3748142101e-8,-0.292494871,-1.38E-08,0.293033293,6.923486271e-13,-1.62E-05,-1.38E-08,0.293033293,1.3750871578e-8,-0.292494195,-7.80E-13,-2.77E-05,6.923485870e-13,-1.62E-05,-7.80E-13,-2.77E-05,-3.55E-15,7.3416491352e-4
0.822,1.1723978298e-8,-0.292316521,-1.17E-08,0.292855272,6.150157511e-13,-1.62E-05,-1.17E-08,0.292855272,1.1726407981e-8,-0.292315845,-6.92E-13,-2.77E-05,6.150157620e-13,-1.62E-05,-6.92E-13,-2.77E-05,-3.55E-15,7.3461224663e-4
0.8225,9.7860911776e-9,-0.292138388,-9.79E-09,0.292677466,5.361445194e-13,-1.62E-05,-9.79E-09,0.292677466,9.7882216751e-9,-0.292137711,-6.03E-13,-2.77E-05,5.361446004e-13,-1.62E-05,-6.03E-13,-2.77E-05,-3.55E-15,7.3505958063e-4
0.823,7.9349722659e-9,-0.29196047,-7.94E-09,0.292499876,4.557217557e-13,-1.62E-05,-7.94E-09,0.292499876,7.9368056829e-9,-0.291959793,-5.11E-13,-2.78E-05,4.557217929e-13,-1.62E-05,-5.11E-13,-2.78E-05,-3.54E-15,7.3550691553e-4
0.8235,6.1711026156e-9,-0.291782767,-6.17E-09,0.292322501,3.737361904e-13,-1.62E-05,-6.17E-09,0.292322501,6.1726381627e-9,-0.29178209,-4.19E-13,-2.78E-05,3.737360241e-13,-1.62E-05,-4.19E-13,-2.78E-05,-3.54E-15,7.3595425133e-4
0.824,4.4949682803e-9,-0.291605279,-4.50E-09,0.292145341,2.901747632e-13,-1.62E-05,-4.50E-09,0.292145341,4.4962082316e-9,-0.291604601,-3.24E-13,-2.78E-05,2.901747956e-13,-1.62E-05,-3.24E-13,-2.78E-05,-3.54E-15,7.3640158802e-4
0.8245,2.9070546952e-9,-0.291428006,-2.91E-09,0.291968395,2.050250660e-13,-1.63E-05,-2.91E-09,0.291968395,2.9079991624e-9,-0.291427328,-2.28E-13,-2.78E-05,2.050250887e-13,-1.63E-05,-2.28E-13,-2.78E-05,-3.53E-15,7.3684892560e-4
0.825,1.4078534857e-9,-0.291250946,-1.41E-09,0.291791664,1.182753744e-13,-1.63E-05,-1.41E-09,0.291791664,1.4085049317e-9,-0.291250268,-1.29E-13,-2.78E-05,1.182754155e-13,-1.63E-05,-1.29E-13,-2.78E-05,-3.53E-15,7.3729626408e-4
0.8255,4.137259628e-15,-0.2910741,-5.00E-15,0.291615146,-6.98E-19,-1.63E-05,-2.96E-15,0.291615146,3.838146182e-15,-0.291073421,6.070284679e-19,-2.78E-05,-2.57E-18,-1.63E-05,2.016520420e-18,-2.78E-05,-2.92E-19,7.3774360346e-4
0.826,-7.05E-10,-0.290897468,7.070056886e-10,0.291438841,-2.24E-14,-1.63E-05,7.070056947e-10,0.291438841,-7.05E-10,-0.290896789,3.423304271e-14,-2.79E-05,-2.24E-14,-1.63E-05,3.423293040e-14,-2.79E-05,-1.75E-15,7.3819094373e-4
0.8265,-1.41E-09,-0.290721049,1.4089806317e-9,0.291262751,-7.47E-14,-1.63E-05,1.4089806330e-9,0.291262751,-1.41E-09,-0.290720369,9.800440750e-14,-2.79E-05,-7.47E-14,-1.63E-05,9.800438498e-14,-2.79E-05,-6.34E-16,7.3863828490e-4
0.827,-2.10E-09,-0.290544843,2.1085219976e-9,0.291086873,-1.27E-13,-1.63E-05,2.1085220011e-9,0.291086873,-2.10E-09,-0.290544163,1.617255276e-13,-2.79E-05,-1.27E-13,-1.63E-05,1.617254330e-13,-2.79E-05,4.846505555e-16,7.3908562697e-4
0.8275,-2.80E-09,-0.29036885,2.8056162160e-9,0.290911207,-1.79E-13,-1.63E-05,2.8056162174e-9,0.290911207,-2.80E-09,-0.29036817,2.253950401e-13,-2.79E-05,-1.79E-13,-1.63E-05,2.253950843e-13,-2.79E-05,1.608871560e-15,7.3953296994e-4
0.828,-3.49E-09,-0.290193069,3.5002521836e-9,0.290735754,-2.31E-13,-1.63E-05,3.5002521877e-9,0.290735754,-3.49E-09,-0.290192388,2.890104717e-13,-2.79E-05,-2.31E-13,-1.63E-05,2.890104310e-13,-2.79E-05,2.727122499e-15,7.3998031381e-4
0.8285,-4.18E-09,-0.2900175,4.1924109193e-9,0.290560513,-2.83E-13,-1.63E-05,4.1924109218e-9,0.290560513,-4.18E-09,-0.290016819,3.525706834e-13,-2.79E-05,-2.83E-13,-1.63E-05,3.525707914e-13,-2.79E-05,3.846762430e-15,7.4042765858e-4
0.829,-4.87E-09,-0.289842142,4.8820772249e-9,0.290385483,-3.35E-13,-1.63E-05,4.8820772240e-9,0.290385483,-4.87E-09,-0.289841461,4.160716065e-13,-2.80E-05,-3.35E-13,-1.63E-05,4.160716683e-13,-2.80E-05,4.963880266e-15,7.4087500425e-4
0.8295,-5.55E-09,-0.289666996,5.5692367941e-9,0.290210665,-3.87E-13,-1.64E-05,5.5692367927e-9,0.290210665,-5.56E-09,-0.289666314,4.795125794e-13,-2.80E-05,-3.87E-13,-1.64E-05,4.795125505e-13,-2.80E-05,6.083611791e-15,7.4132235082e-4
0.83,-6.24E-09,-0.28949206,6.2538709130e-9,0.290036057,-4.39E-13,-1.64E-05,6.2538709131e-9,0.290036057,-6.24E-09,-0.289491378,5.428906726e-13,-2.80E-05,-4.39E-13,-1.64E-05,5.428908413e-13,-2.80E-05,7.207720128e-15,7.4176969829e-4
0.8305,-6.92E-09,-0.289317335,6.9359712612e-9,0.289861659,-4.91E-13,-1.64E-05,6.9359712595e-9,0.289861659,-6.92E-09,-0.289316652,6.062035312e-13,-2.80E-05,-4.91E-13,-1.64E-05,6.062035455e-13,-2.80E-05,8.323650500e-15,7.4221704666e-4
0.831,-7.59E-09,-0.289142819,7.6155198079e-9,0.289687472,-5.42E-13,-1.64E-05,7.6155198053e-9,0.289687472,-7.60E-09,-0.289142136,6.694482506e-13,-2.80E-05,-5.42E-13,-1.64E-05,6.694481894e-13,-2.80E-05,9.449852014e-15,7.4266439594e-4
0.8315,-8.27E-09,-0.288968513,8.2924954518e-9,0.289513494,-5.94E-13,-1.64E-05,8.2924954547e-9,0.289513494,-8.28E-09,-0.288967829,7.326238721e-13,-2.80E-05,-5.94E-13,-1.64E-05,7.326240217e-13,-2.80E-05,1.057144710e-14,7.4311174612e-4
0.832,-8.94E-09,-0.288794417,8.9668888035e-9,0.289339725,-6.46E-13,-1.64E-05,8.9668888049e-9,0.289339725,-8.95E-09,-0.288793732,7.957277781e-13,-2.81E-05,-6.46E-13,-1.64E-05,7.957277811e-13,-2.81E-05,1.168821765e-14,7.4355909720e-4
0.8325,-9.61E-09,-0.288620529,9.6386868337e-9,0.289166165,-6.97E-13,-1.64E-05,9.6386868325e-9,0.289166165,-9.62E-09,-0.288619844,8.587566405e-13,-2.81E-05,-6.97E-13,-1.64E-05,8.587564316e-13,-2.81E-05,1.280866112e-14,7.4400644919e-4
0.833,-1.03E-08,-0.288446849,1.0307869761e-8,0.288992813,-7.49E-13,-1.64E-05,1.0307869760e-8,0.288992813,-1.03E-08,-0.288446164,9.217090795e-13,-2.81E-05,-7.49E-13,-1.64E-05,9.217090188e-13,-2.81E-05,1.393140486e-14,7.4445380208e-4
0.8335,-1.09E-08,-0.288273378,1.0974421332e-8,0.28881967,-8.00E-13,-1.64E-05,1.0974421322e-8,0.28881967,-1.10E-08,-0.288272692,9.845821448e-13,-2.81E-05,-8.00E-13,-1.64E-05,9.845821587e-13,-2.81E-05,1.505283427e-14,7.4490115588e-4
0.834,-1.16E-08,-0.288100114,1.1638331100e-8,0.288646734,-8.51E-13,-1.64E-05,1.1638331102e-8,0.288646734,-1.16E-08,-0.288099428,1.047374309e-12,-2.81E-05,-8.51E-13,-1.64E-05,1.047374326e-12,-2.81E-05,1.617825832e-14,7.4534851058e-4
0.8345,-1.23E-08,-0.287927058,1.2299580386e-8,0.288474006,-9.02E-13,-1.65E-05,1.2299580388e-8,0.288474006,-1.23E-08,-0.287926372,1.110082452e-12,-2.81E-05,-9.02E-13,-1.65E-05,1.110082629e-12,-2.81E-05,1.729294931e-14,7.4579586619e-4
0.835,-1.29E-08,-0.287754209,1.2958157607e-8,0.288301484,-9.53E-13,-1.65E-05,1.2958157599e-8,0.288301484,-1.29E-08,-0.287753522,1.172704241e-12,-2.82E-05,-9.53E-13,-1.65E-05,1.172704202e-12,-2.82E-05,1.841791780e-14,7.4624322271e-4
0.8355,-1.36E-08,-0.287581566,1.3614045508e-8,0.288129169,-1.00E-12,-1.65E-05,1.3614045504e-8,0.288129169,-1.36E-08,-0.287580879,1.235238128e-12,-2.82E-05,-1.00E-12,-1.65E-05,1.235238020e-12,-2.82E-05,1.953509766e-14,7.4669058013e-4
0.836,-1.42E-08,-0.287409129,1.4267229039e-8,0.287957061,-1.06E-12,-1.65E-05,1.4267229042e-8,0.287957061,-1.42E-08,-0.287408442,1.297680474e-12,-2.82E-05,-1.06E-12,-1.65E-05,1.297680561e-12,-2.82E-05,2.065665970e-14,7.4713793847e-4
0.8365,-1.49E-08,-0.287236899,1.4917690364e-8,0.287785158,-1.11E-12,-1.65E-05,1.4917690362e-8,0.287785158,-1.49E-08,-0.287236211,1.360030737e-12,-2.82E-05,-1.11E-12,-1.65E-05,1.360030752e-12,-2.82E-05,2.177576926e-14,7.4758529771e-4
0.837,-1.55E-08,-0.287064873,1.5565422643e-8,0.287613461,-1.16E-12,-1.65E-05,1.5565422644e-8,0.287613461,-1.55E-08,-0.287064185,1.422284413e-12,-2.82E-05,-1.16E-12,-1.65E-05,1.422284455e-12,-2.82E-05,2.289784702e-14,7.4803265786e-4
0.8375,-1.62E-08,-0.286893053,1.6210403774e-8,0.287441968,-1.21E-12,-1.65E-05,1.6210403782e-8,0.287441968,-1.62E-08,-0.286892364,1.484441329e-12,-2.82E-05,-1.21E-12,-1.65E-05,1.484441361e-12,-2.82E-05,2.401509307e-14,7.4848001892e-4
0.838,-1.68E-08,-0.286721438,1.6852616725e-8,0.287270681,-1.26E-12,-1.65E-05,1.6852616723e-8,0.287270681,-1.68E-08,-0.286720749,1.546497489e-12,-2.83E-05,-1.26E-12,-1.65E-05,1.546497495e-12,-2.83E-05,2.513401243e-14,7.4892738089e-4
0.8385,-1.74E-08,-0.286550027,1.7492052779e-8,0.287099598,-1.31E-12,-1.65E-05,1.7492052784e-8,0.287099598,-1.75E-08,-0.286549337,1.608451253e-12,-2.83E-05,-1.31E-12,-1.65E-05,1.608451282e-12,-2.83E-05,2.625131297e-14,7.4937474377e-4
0.839,-1.81E-08,-0.28637882,1.8128696875e-8,0.286928719,-1.36E-12,-1.65E-05,1.8128696880e-8,0.286928719,-1.81E-08,-0.28637813,1.670299539e-12,-2.83E-05,-1.36E-12,-1.65E-05,1.670299645e-12,-2.83E-05,2.737028082e-14,7.4982210757e-4
0.8395,-1.87E-08,-0.286207816,1.8762524703e-8,0.286758043,-1.41E-12,-1.66E-05,1.8762524697e-8,0.286758043,-1.87E-08,-0.286207126,1.732041384e-12,-2.83E-05,-1.41E-12,-1.66E-05,1.732041336e-12,-2.83E-05,2.848431903e-14,7.5026947227e-4
0.84,-1.93E-08,-0.286037016,1.9393535279e-8,0.286587571,-1.46E-12,-1.66E-05,1.9393535283e-8,0.286587571,-1.94E-08,-0.286036325,1.793672019e-12,-2.83E-05,-1.46E-12,-1.66E-05,1.793672041e-12,-2.83E-05,2.960782658e-14,7.5071683789e-4
0.8405,-2.00E-08,-0.285866419,2.0021706037e-8,0.286417302,-1.51E-12,-1.66E-05,2.0021706037e-8,0.286417302,-2.00E-08,-0.285865728,1.855191583e-12,-2.83E-05,-1.51E-12,-1.66E-05,1.855191616e-12,-2.83E-05,3.072083662e-14,7.5116420442e-4
0.841,-2.06E-08,-0.285696024,2.0647023503e-8,0.286247235,-1.56E-12,-1.66E-05,2.0647023510e-8,0.286247235,-2.06E-08,-0.285695333,1.916595745e-12,-2.84E-05,-1.56E-12,-1.66E-05,1.916595770e-12,-2.84E-05,3.183129265e-14,7.5161157186e-4
0.8415,-2.12E-08,-0.285525832,2.1269470202e-8,0.28607737,-1.61E-12,-1.66E-05,2.1269470198e-8,0.28607737,-2.12E-08,-0.28552514,1.977883103e-12,-2.84E-05,-1.61E-12,-1.66E-05,1.977883022e-12,-2.84E-05,3.295033493e-14,7.5205894022e-4
0.842,-2.18E-08,-0.285355841,2.1889032552e-8,0.285907707,-1.66E-12,-1.66E-05,2.1889032554e-8,0.285907707,-2.18E-08,-0.285355149,2.039051399e-12,-2.84E-05,-1.66E-12,-1.66E-05,2.039051457e-12,-2.84E-05,3.406261209e-14,7.5250630950e-4
0.8425,-2.24E-08,-0.285186052,2.2505699145e-8,0.285738246,-1.71E-12,-1.66E-05,2.2505699144e-8,0.285738246,-2.25E-08,-0.285185359,2.100096611e-12,-2.84E-05,-1.71E-12,-1.66E-05,2.100096587e-12,-2.84E-05,3.517931950e-14,7.5295367968e-4
0.843,-2.31E-08,-0.285016464,2.3119447603e-8,0.285568986,-1.76E-12,-1.66E-05,2.3119447604e-8,0.285568986,-2.31E-08,-0.28501577,2.161018700e-12,-2.84E-05,-1.76E-12,-1.66E-05,2.161018726e-12,-2.84E-05,3.628953946e-14,7.5340105079e-4
0.8435,-2.37E-08,-0.284847076,2.3730274863e-8,0.285399927,-1.81E-12,-1.66E-05,2.3730274862e-8,0.285399927,-2.37E-08,-0.284846383,2.221813893e-12,-2.84E-05,-1.81E-12,-1.66E-05,2.221813891e-12,-2.84E-05,3.740015512e-14,7.5384842281e-4
0.844,-2.43E-08,-0.284677889,2.4338153853e-8,0.285231068,-1.86E-12,-1.66E-05,2.4338153855e-8,0.285231068,-2.43E-08,-0.284677195,2.282479493e-12,-2.85E-05,-1.86E-12,-1.66E-05,2.282479461e-12,-2.85E-05,3.850687028e-14,7.5429579575e-4
0.8445,-2.49E-08,-0.284508903,2.4943076302e-8,0.285062409,-1.90E-12,-1.66E-05,2.4943076302e-8,0.285062409,-2.49E-08,-0.284508208,2.343013152e-12,-2.85E-05,-1.90E-12,-1.66E-05,2.343013063e-12,-2.85E-05,3.961665893e-14,7.5474316960e-4
0.845,-2.55E-08,-0.284340115,2.5545027339e-8,0.284893949,-1.95E-12,-1.67E-05,2.5545027336e-8,0.284893949,-2.55E-08,-0.28433942,2.403412686e-12,-2.85E-05,-1.95E-12,-1.67E-05,2.403412790e-12,-2.85E-05,4.072529893e-14,7.5519054437e-4
0.8455,-2.61E-08,-0.284171528,2.6143991150e-8,0.284725689,-2.00E-12,-1.67E-05,2.6143991153e-8,0.284725689,-2.61E-08,-0.284170832,2.463674901e-12,-2.85E-05,-2.00E-12,-1.67E-05,2.463674916e-12,-2.85E-05,4.183200890e-14,7.5563792007e-4
0.846,-2.67E-08,-0.284003139,2.6739953058e-8,0.284557628,-2.05E-12,-1.67E-05,2.6739953059e-8,0.284557628,-2.67E-08,-0.284002443,2.523799792e-12,-2.85E-05,-2.05E-12,-1.67E-05,2.523799819e-12,-2.85E-05,4.294149062e-14,7.5608529668e-4
0.8465,-2.73E-08,-0.283834948,2.7332898947e-8,0.284389766,-2.10E-12,-1.67E-05,2.7332898948e-8,0.284389766,-2.73E-08,-0.283834252,2.583780939e-12,-2.85E-05,-2.10E-12,-1.67E-05,2.583780938e-12,-2.85E-05,4.404412815e-14,7.5653267421e-4
0.847,-2.78E-08,-0.283666956,2.7922816060e-8,0.284222102,-2.15E-12,-1.67E-05,2.7922816054e-8,0.284222102,-2.79E-08,-0.28366626,2.643619282e-12,-2.86E-05,-2.15E-12,-1.67E-05,2.643619298e-12,-2.86E-05,4.514804529e-14,7.5698005266e-4
0.8475,-2.84E-08,-0.283499162,2.8509679789e-8,0.284054636,-2.20E-12,-1.67E-05,2.8509679788e-8,0.284054636,-2.85E-08,-0.283498465,2.703311004e-12,-2.86E-05,-2.20E-12,-1.67E-05,2.703311103e-12,-2.86E-05,4.625028864e-14,7.5742743203e-4
0.848,-2.90E-08,-0.283331566,2.9093488453e-8,0.283887367,-2.24E-12,-1.67E-05,2.9093488458e-8,0.283887367,-2.90E-08,-0.283330868,2.762853062e-12,-2.86E-05,-2.24E-12,-1.67E-05,2.762853138e-12,-2.86E-05,4.734570071e-14,7.5787481232e-4
0.8485,-2.96E-08,-0.283164166,2.9674223713e-8,0.283720296,-2.29E-12,-1.67E-05,2.9674223706e-8,0.283720296,-2.96E-08,-0.283163469,2.822243500e-12,-2.86E-05,-2.29E-12,-1.67E-05,2.822243493e-12,-2.86E-05,4.844580264e-14,7.5832219353e-4
0.849,-3.02E-08,-0.282996964,3.0251865261e-8,0.283553421,-2.34E-12,-1.67E-05,3.0251865267e-8,0.283553421,-3.02E-08,-0.282996266,2.881479752e-12,-2.86E-05,-2.34E-12,-1.67E-05,2.881480000e-12,-2.86E-05,4.954554330e-14,7.5876957567e-4
0.8495,-3.07E-08,-0.282829958,3.0826404814e-8,0.283386743,-2.39E-12,-1.67E-05,3.0826404816e-8,0.283386743,-3.08E-08,-0.282829259,2.940559383e-12,-2.87E-05,-2.39E-12,-1.67E-05,2.940559382e-12,-2.87E-05,5.064203523e-14,7.5921695873e-4
0.85,-3.13E-08,-0.282663148,3.1397822759e-8,0.283220261,-2.44E-12,-1.68E-05,3.1397822762e-8,0.283220261,-3.13E-08,-0.282662449,2.999480317e-12,-2.87E-05,-2.44E-12,-1.68E-05,2.999480248e-12,-2.87E-05,5.173470923e-14,7.5966434271e-4
0.8505,-3.19E-08,-0.282496534,3.1966107666e-8,0.283053975,-2.48E-12,-1.68E-05,3.1966107662e-8,0.283053975,-3.19E-08,-0.282495835,3.058238843e-12,-2.87E-05,-2.48E-12,-1.68E-05,3.058238900e-12,-2.87E-05,5.283285543e-14,7.6011172762e-4
0.851,-3.24E-08,-0.282330116,3.2531247135e-8,0.282887885,-2.53E-12,-1.68E-05,3.2531247140e-8,0.282887885,-3.25E-08,-0.282329416,3.116833862e-12,-2.87E-05,-2.53E-12,-1.68E-05,3.116833925e-12,-2.87E-05,5.392043387e-14,7.6055911345e-4
0.8515,-3.30E-08,-0.282163893,3.3093222113e-8,0.28272199,-2.58E-12,-1.68E-05,3.3093222108e-8,0.28272199,-3.30E-08,-0.282163192,3.175261340e-12,-2.87E-05,-2.58E-12,-1.68E-05,3.175261274e-12,-2.87E-05,5.500689210e-14,7.6100650020e-4
0.852,-3.36E-08,-0.281997864,3.3652017339e-8,0.282556289,-2.62E-12,-1.68E-05,3.3652017340e-8,0.282556289,-3.36E-08,-0.281997164,3.233520099e-12,-2.87E-05,-2.62E-12,-1.68E-05,3.233520065e-12,-2.87E-05,5.609730409e-14,7.6145388789e-4
0.8525,-3.41E-08,-0.28183203,3.4207622708e-8,0.282390783,-2.67E-12,-1.68E-05,3.4207622703e-8,0.282390783,-3.41E-08,-0.281831329,3.291606246e-12,-2.88E-05,-2.67E-12,-1.68E-05,3.291606144e-12,-2.88E-05,5.718336520e-14,7.6190127649e-4
0.853,-3.47E-08,-0.28166639,3.4760026395e-8,0.282225471,-2.72E-12,-1.68E-05,3.4760026387e-8,0.282225471,-3.47E-08,-0.281665689,3.349517682e-12,-2.88E-05,-2.72E-12,-1.68E-05,3.349517554e-12,-2.88E-05,5.826784606e-14,7.6234866603e-4
0.8535,-3.52E-08,-0.281500944,3.5309202637e-8,0.282060353,-2.76E-12,-1.68E-05,3.5309202639e-8,0.282060353,-3.52E-08,-0.281500242,3.407253015e-12,-2.88E-05,-2.76E-12,-1.68E-05,3.407253048e-12,-2.88E-05,5.934936158e-14,7.6279605649e-4
0.854,-3.57E-08,-0.281335691,3.5855149801e-8,0.281895428,-2.81E-12,-1.68E-05,3.5855149801e-8,0.281895428,-3.58E-08,-0.281334989,3.464808222e-12,-2.88E-05,-2.81E-12,-1.68E-05,3.464808091e-12,-2.88E-05,6.042735104e-14,7.6324344788e-4
0.8545,-3.63E-08,-0.281170632,3.6397841332e-8,0.281730696,-2.86E-12,-1.68E-05,3.6397841338e-8,0.281730696,-3.63E-08,-0.281169929,3.522181014e-12,-2.88E-05,-2.86E-12,-1.68E-05,3.522181104e-12,-2.88E-05,6.151146119e-14,7.6369084020e-4
0.855,-3.68E-08,-0.281005765,3.6937270463e-8,0.281566157,-2.90E-12,-1.69E-05,3.6937270464e-8,0.281566157,-3.69E-08,-0.281005062,3.579369291e-12,-2.88E-05,-2.90E-12,-1.69E-05,3.579369247e-12,-2.88E-05,6.258572588e-14,7.6413823344e-4
0.8555,-3.74E-08,-0.28084109,3.7473422534e-8,0.281401811,-2.95E-12,-1.69E-05,3.7473422535e-8,0.281401811,-3.74E-08,-0.280840387,3.636369917e-12,-2.89E-05,-2.95E-12,-1.69E-05,3.636369975e-12,-2.89E-05,6.365873442e-14,7.6458562762e-4
0.856,-3.79E-08,-0.280676608,3.8006280723e-8,0.281237656,-2.99E-12,-1.69E-05,3.8006280724e-8,0.281237656,-3.79E-08,-0.280675904,3.693180463e-12,-2.89E-05,-2.99E-12,-1.69E-05,3.693180488e-12,-2.89E-05,6.473345299e-14,7.6503302273e-4
0.8565,-3.84E-08,-0.280512317,3.8535834749e-8,0.281073693,-3.04E-12,-1.69E-05,3.8535834756e-8,0.281073693,-3.85E-08,-0.280511613,3.749798600e-12,-2.89E-05,-3.04E-12,-1.69E-05,3.749798630e-12,-2.89E-05,6.580063855e-14,7.6548041876e-4
0.857,-3.89E-08,-0.280348218,3.9062064250e-8,0.280909922,-3.09E-12,-1.69E-05,3.9062064254e-8,0.280909922,-3.90E-08,-0.280347513,3.806221712e-12,-2.89E-05,-3.09E-12,-1.69E-05,3.806221715e-12,-2.89E-05,6.686898456e-14,7.6592781573e-4
0.8575,-3.95E-08,-0.28018431,3.9584957363e-8,0.280746342,-3.13E-12,-1.69E-05,3.9584957365e-8,0.280746342,-3.95E-08,-0.280183605,3.862446051e-12,-2.89E-05,-3.13E-12,-1.69E-05,3.862446109e-12,-2.89E-05,6.793595271e-14,7.6637521363e-4
0.858,-4.00E-08,-0.280020593,4.0104502799e-8,0.280582952,-3.18E-12,-1.69E-05,4.0104502798e-8,0.280582952,-4.00E-08,-0.280019887,3.918471603e-12,-2.89E-05,-3.18E-12,-1.69E-05,3.918471531e-12,-2.89E-05,6.899572702e-14,7.6682261246e-4
0.8585,-4.05E-08,-0.279857065,4.0620680685e-8,0.280419753,-3.22E-12,-1.69E-05,4.0620680690e-8,0.280419753,-4.05E-08,-0.279856359,3.974292501e-12,-2.90E-05,-3.22E-12,-1.69E-05,3.974292400e-12,-2.90E-05,7.005926608e-14,7.6727001223e-4
0.859,-4.10E-08,-0.279693728,4.1133478434e-8,0.280256744,-3.27E-12,-1.69E-05,4.1133478429e-8,0.280256744,-4.10E-08,-0.279693022,4.029908668e-12,-2.90E-05,-3.27E-12,-1.69E-05,4.029908587e-12,-2.90E-05,7.111407002e-14,7.6771741292e-4
0.8595,-4.15E-08,-0.279530581,4.1642884954e-8,0.280093925,-3.31E-12,-1.69E-05,4.1642884957e-8,0.280093925,-4.16E-08,-0.279529874,4.085315511e-12,-2.90E-05,-3.31E-12,-1.69E-05,4.085315611e-12,-2.90E-05,7.217341250e-14,7.6816481455e-4
0.86,-4.20E-08,-0.279367623,4.2148883142e-8,0.279931295,-3.35E-12,-1.70E-05,4.2148883141e-8,0.279931295,-4.21E-08,-0.279366916,4.140511991e-12,-2.90E-05,-3.35E-12,-1.70E-05,4.140512007e-12,-2.90E-05,7.322147322e-14,7.6861221712e-4
0.8605,-4.25E-08,-0.279204855,4.2651461807e-8,0.279768854,-3.40E-12,-1.70E-05,4.2651461809e-8,0.279768854,-4.26E-08,-0.279204147,4.195494990e-12,-2.90E-05,-3.40E-12,-1.70E-05,4.195494943e-12,-2.90E-05,7.427039592e-14,7.6905962062e-4
0.861,-4.30E-08,-0.279042275,4.3150600074e-8,0.279606602,-3.44E-12,-1.70E-05,4.3150600070e-8,0.279606602,-4.31E-08,-0.279041566,4.250260984e-12,-2.90E-05,-3.44E-12,-1.70E-05,4.250261010e-12,-2.90E-05,7.532011145e-14,7.6950702506e-4
0.8615,-4.35E-08,-0.278879883,4.3646291589e-8,0.279444538,-3.49E-12,-1.70E-05,4.3646291586e-8,0.279444538,-4.36E-08,-0.278879174,4.304808025e-12,-2.91E-05,-3.49E-12,-1.70E-05,4.304808067e-12,-2.91E-05,7.636613070e-14,7.6995443043e-4
0.862,-4.40E-08,-0.278717679,4.4138518575e-8,0.279282663,-3.53E-12,-1.70E-05,4.4138518569e-8,0.279282663,-4.40E-08,-0.27871697,4.359133440e-12,-2.91E-05,-3.53E-12,-1.70E-05,4.359133406e-12,-2.91E-05,7.740491204e-14,7.7040183674e-4
0.8625,-4.45E-08,-0.278555664,4.4627266733e-8,0.279120975,-3.57E-12,-1.70E-05,4.4627266731e-8,0.279120975,-4.45E-08,-0.278554954,4.413234815e-12,-2.91E-05,-3.57E-12,-1.70E-05,4.413234835e-12,-2.91E-05,7.844443260e-14,7.7084924398e-4
0.863,-4.50E-08,-0.278393835,4.5112520417e-8,0.278959474,-3.62E-12,-1.70E-05,4.5112520421e-8,0.278959474,-4.50E-08,-0.278393126,4.467108565e-12,-2.91E-05,-3.62E-12,-1.70E-05,4.467108646e-12,-2.91E-05,7.948223842e-14,7.7129665216e-4
0.8635,-4.55E-08,-0.278232194,4.5594267228e-8,0.278798161,-3.66E-12,-1.70E-05,4.5594267229e-8,0.278798161,-4.55E-08,-0.278231484,4.520752841e-12,-2.91E-05,-3.66E-12,-1.70E-05,4.520752956e-12,-2.91E-05,8.051299074e-14,7.7174406129e-4
0.864,-4.59E-08,-0.27807074,4.6072490433e-8,0.278637034,-3.70E-12,-1.70E-05,4.6072490432e-8,0.278637034,-4.60E-08,-0.278070029,4.574164836e-12,-2.91E-05,-3.70E-12,-1.70E-05,4.574164882e-12,-2.91E-05,8.154872561e-14,7.7219147135e-4
0.8645,-4.64E-08,-0.277909472,4.6547183149e-8,0.278476094,-3.74E-12,-1.70E-05,4.6547183146e-8,0.278476094,-4.64E-08,-0.277908761,4.627341718e-12,-2.92E-05,-3.74E-12,-1.70E-05,4.627341692e-12,-2.92E-05,8.256969552e-14,7.7263888235e-4
0.865,-4.69E-08,-0.27774839,4.7018317130e-8,0.27831534,-3.79E-12,-1.71E-05,4.7018317125e-8,0.27831534,-4.69E-08,-0.277747678,4.680280085e-12,-2.92E-05,-3.79E-12,-1.71E-05,4.680280080e-12,-2.92E-05,8.360037080e-14,7.7308629428e-4
0.8655,-4.73E-08,-0.277587494,4.7485892200e-8,0.278154772,-3.83E-12,-1.71E-05,4.7485892203e-8,0.278154772,-4.74E-08,-0.277586782,4.732978930e-12,-2.92E-05,-3.83E-12,-1.71E-05,4.732978934e-12,-2.92E-05,8.461639259e-14,7.7353370716e-4
0.866,-4.78E-08,-0.277426783,4.7949893189e-8,0.27799439,-3.87E-12,-1.71E-05,4.7949893190e-8,0.27799439,-4.78E-08,-0.277426071,4.785433428e-12,-2.92E-05,-3.87E-12,-1.71E-05,4.785433455e-12,-2.92E-05,8.563457008e-14,7.7398112098e-4
0.8665,-4.83E-08,-0.277266258,4.8410300603e-8,0.277834192,-3.91E-12,-1.71E-05,4.8410300605e-8,0.277834192,-4.83E-08,-0.277265545,4.837641696e-12,-2.92E-05,-3.91E-12,-1.71E-05,4.837641735e-12,-2.92E-05,8.665406389e-14,7.7442853575e-4
0.867,-4.87E-08,-0.277105917,4.8867099439e-8,0.27767418,-3.95E-12,-1.71E-05,4.8867099436e-8,0.27767418,-4.88E-08,-0.277105204,4.889602208e-12,-2.92E-05,-3.95E-12,-1.71E-05,4.889602123e-12,-2.92E-05,8.765814297e-14,7.7487595145e-4
0.8675,-4.92E-08,-0.276945761,4.9320278395e-8,0.277514351,-3.99E-12,-1.71E-05,4.9320278401e-8,0.277514351,-4.92E-08,-0.276945048,4.941310689e-12,-2.93E-05,-3.99E-12,-1.71E-05,4.941310693e-12,-2.93E-05,8.866608929e-14,7.7532336810e-4
0.868,-4.96E-08,-0.276785789,4.9769823822e-8,0.277354708,-4.04E-12,-1.71E-05,4.9769823822e-8,0.277354708,-4.97E-08,-0.276785075,4.992765319e-12,-2.93E-05,-4.04E-12,-1.71E-05,4.992765254e-12,-2.93E-05,8.967147121e-14,7.7577078569e-4
0.8685,-5.01E-08,-0.276626001,5.0215720214e-8,0.277195248,-4.08E-12,-1.71E-05,5.0215720216e-8,0.277195248,-5.01E-08,-0.276625287,5.043962646e-12,-2.93E-05,-4.08E-12,-1.71E-05,5.043962680e-12,-2.93E-05,9.067330079e-14,7.7621820422e-4
0.869,-5.05E-08,-0.276466397,5.0657956014e-8,0.277035971,-4.12E-12,-1.71E-05,5.0657956013e-8,0.277035971,-5.05E-08,-0.276465682,5.094900094e-12,-2.93E-05,-4.12E-12,-1.71E-05,5.094900091e-12,-2.93E-05,9.166421118e-14,7.7666562370e-4
0.8695,-5.09E-08,-0.276306976,5.1096512020e-8,0.276876878,-4.16E-12,-1.71E-05,5.1096512022e-8,0.276876878,-5.10E-08,-0.276306261,5.145575251e-12,-2.93E-05,-4.16E-12,-1.71E-05,5.145575291e-12,-2.93E-05,9.265770465e-14,7.7711304412e-4
0.87,-5.14E-08,-0.276147738,5.1531378514e-8,0.276717968,-4.20E-12,-1.72E-05,5.1531378517e-8,0.276717968,-5.14E-08,-0.276147022,5.195985334e-12,-2.93E-05,-4.20E-12,-1.72E-05,5.195985328e-12,-2.93E-05,9.365196858e-14,7.7756046548e-4
0.8705,-5.18E-08,-0.275988682,5.1962543444e-8,0.27655924,-4.24E-12,-1.72E-05,5.1962543443e-8,0.27655924,-5.19E-08,-0.275987966,5.246126565e-12,-2.94E-05,-4.24E-12,-1.72E-05,5.246126520e-12,-2.94E-05,9.463400199e-14,7.7800788780e-4
0.871,-5.22E-08,-0.275829809,5.2389986897e-8,0.276400695,-4.28E-12,-1.72E-05,5.2389986894e-8,0.276400695,-5.23E-08,-0.275829093,5.295997358e-12,-2.94E-05,-4.28E-12,-1.72E-05,5.295997376e-12,-2.94E-05,9.561861383e-14,7.7845531106e-4
0.8715,-5.27E-08,-0.275671118,5.2813698409e-8,0.276242331,-4.32E-12,-1.72E-05,5.2813698409e-8,0.276242331,-5.27E-08,-0.275670401,5.345594503e-12,-2.94E-05,-4.32E-12,-1.72E-05,5.345594379e-12,-2.94E-05,9.659726479e-14,7.7890273526e-4
0.872,-5.31E-08,-0.275512608,5.3233664729e-8,0.27608415,-4.36E-12,-1.72E-05,5.3233664727e-8,0.27608415,-5.31E-08,-0.275511891,5.394915816e-12,-2.94E-05,-4.36E-12,-1.72E-05,5.394915900e-12,-2.94E-05,9.756924742e-14,7.7935016042e-4
0.8725,-5.35E-08,-0.27535428,5.3649868349e-8,0.27592615,-4.39E-12,-1.72E-05,5.3649868353e-8,0.27592615,-5.35E-08,-0.275353562,5.443956974e-12,-2.94E-05,-4.39E-12,-1.72E-05,5.443956996e-12,-2.94E-05,9.853951118e-14,7.7979758652e-4
0.873,-5.39E-08,-0.275196133,5.4062300245e-8,0.27576833,-4.43E-12,-1.72E-05,5.4062300242e-8,0.27576833,-5.39E-08,-0.275195415,5.492716777e-12,-2.94E-05,-4.43E-12,-1.72E-05,5.492716779e-12,-2.94E-05,9.950514138e-14,7.8024501357e-4
0.8735,-5.43E-08,-0.275038166,5.4470943544e-8,0.275610692,-4.47E-12,-1.72E-05,5.4470943545e-8,0.275610692,-5.44E-08,-0.275037448,5.541191105e-12,-2.95E-05,-4.47E-12,-1.72E-05,5.541191116e-12,-2.95E-05,1.004666485e-13,7.8069244157e-4
0.874,-5.47E-08,-0.274880381,5.4875782678e-8,0.275453234,-4.51E-12,-1.72E-05,5.4875782681e-8,0.275453234,-5.48E-08,-0.274879662,5.589378535e-12,-2.95E-05,-4.51E-12,-1.72E-05,5.589378544e-12,-2.95E-05,1.014267521e-13,7.8113987052e-4
0.8745,-5.51E-08,-0.274722775,5.5276808825e-8,0.275295956,-4.55E-12,-1.72E-05,5.5276808824e-8,0.275295956,-5.52E-08,-0.274722055,5.637274477e-12,-2.95E-05,-4.55E-12,-1.72E-05,5.637274460e-12,-2.95E-05,1.023748171e-13,7.8158730042e-4
0.875,-5.55E-08,-0.274565349,5.5674002747e-8,0.275138858,-4.59E-12,-1.73E-05,5.5674002752e-8,0.275138858,-5.56E-08,-0.274564629,5.684878047e-12,-2.95E-05,-4.59E-12,-1.73E-05,5.684878092e-12,-2.95E-05,1.033270212e-13,7.8203473127e-4
0.8755,-5.59E-08,-0.274408102,5.6067353880e-8,0.274981939,-4.62E-12,-1.73E-05,5.6067353886e-8,0.274981939,-5.59E-08,-0.274407382,5.732184035e-12,-2.95E-05,-4.62E-12,-1.73E-05,5.732184078e-12,-2.95E-05,1.042694823e-13,7.8248216307e-4
0.876,-5.63E-08,-0.274251035,5.6456849343e-8,0.2748252,-4.66E-12,-1.73E-05,5.6456849342e-8,0.2748252,-5.63E-08,-0.274250314,5.779192145e-12,-2.95E-05,-4.66E-12,-1.73E-05,5.779192233e-12,-2.95E-05,1.052150129e-13,7.8292959582e-4
0.8765,-5.67E-08,-0.274094146,5.6842471311e-8,0.27466864,-4.70E-12,-1.73E-05,5.6842471316e-8,0.27466864,-5.67E-08,-0.274093426,5.825898265e-12,-2.96E-05,-4.70E-12,-1.73E-05,5.825898258e-12,-2.96E-05,1.061475612e-13,7.8337702953e-4
0.877,-5.70E-08,-0.273937437,5.7224206148e-8,0.274512258,-4.73E-12,-1.73E-05,5.7224206151e-8,0.274512258,-5.71E-08,-0.273936715,5.872299479e-12,-2.96E-05,-4.73E-12,-1.73E-05,5.872299447e-12,-2.96E-05,1.070800206e-13,7.8382446418e-4
0.8775,-5.74E-08,-0.273780905,5.7602042621e-8,0.274356054,-4.77E-12,-1.73E-05,5.7602042622e-8,0.274356054,-5.75E-08,-0.273780183,5.918393614e-12,-2.96E-05,-4.77E-12,-1.73E-05,5.918393527e-12,-2.96E-05,1.080052672e-13,7.8427189980e-4
0.878,-5.78E-08,-0.273624552,5.7975966726e-8,0.274200028,-4.81E-12,-1.73E-05,5.7975966722e-8,0.274200028,-5.78E-08,-0.273623829,5.964176723e-12,-2.96E-05,-4.81E-12,-1.73E-05,5.964176646e-12,-2.96E-05,1.089284547e-13,7.8471933636e-4
0.8785,-5.82E-08,-0.273468376,5.8345967371e-8,0.27404418,-4.84E-12,-1.73E-05,5.8345967373e-8,0.27404418,-5.82E-08,-0.273467653,6.009647766e-12,-2.96E-05,-4.84E-12,-1.73E-05,6.009647841e-12,-2.96E-05,1.098458337e-13,7.8516677388e-4
0.879,-5.85E-08,-0.273312377,5.8712026473e-8,0.27388851,-4.88E-12,-1.73E-05,5.8712026477e-8,0.27388851,-5.86E-08,-0.273311654,6.054800544e-12,-2.96E-05,-4.88E-12,-1.73E-05,6.054800595e-12,-2.96E-05,1.107548216e-13,7.8561421236e-4
0.8795,-5.89E-08,-0.273156556,5.9074130752e-8,0.273733016,-4.91E-12,-1.73E-05,5.9074130752e-8,0.273733016,-5.89E-08,-0.273155832,6.099635112e-12,-2.97E-05,-4.91E-12,-1.73E-05,6.099635188e-12,-2.97E-05,1.116661659e-13,7.8606165179e-4
0.88,-5.92E-08,-0.273000911,5.9432262533e-8,0.2735777,-4.95E-12,-1.74E-05,5.9432262529e-8,0.2735777,-5.93E-08,-0.273000187,6.144148811e-12,-2.97E-05,-4.95E-12,-1.74E-05,6.144148729e-12,-2.97E-05,1.125673497e-13,7.8650909218e-4
0.8805,-5.96E-08,-0.272845443,5.9786420653e-8,0.273422559,-4.98E-12,-1.74E-05,5.9786420649e-8,0.273422559,-5.97E-08,-0.272844719,6.188335931e-12,-2.97E-05,-4.98E-12,-1.74E-05,6.188335941e-12,-2.97E-05,1.134636190e-13,7.8695653352e-4
0.881,-5.99E-08,-0.272690151,6.0136576084e-8,0.273267595,-5.02E-12,-1.74E-05,6.0136576086e-8,0.273267595,-6.00E-08,-0.272689426,6.232196733e-12,-2.97E-05,-5.02E-12,-1.74E-05,6.232196769e-12,-2.97E-05,1.143591324e-13,7.8740397582e-4
0.8815,-6.03E-08,-0.272535035,6.0482725952e-8,0.273112807,-5.05E-12,-1.74E-05,6.0482725955e-8,0.273112807,-6.03E-08,-0.272534309,6.275726331e-12,-2.97E-05,-5.05E-12,-1.74E-05,6.275726352e-12,-2.97E-05,1.152425107e-13,7.8785141908e-4
0.882,-6.06E-08,-0.272380094,6.0824851487e-8,0.272958194,-5.09E-12,-1.74E-05,6.0824851489e-8,0.272958194,-6.07E-08,-0.272379368,6.318922029e-12,-2.97E-05,-5.09E-12,-1.74E-05,6.318922097e-12,-2.97E-05,1.161257397e-13,7.8829886330e-4
0.8825,-6.10E-08,-0.272225328,6.1162941028e-8,0.272803757,-5.12E-12,-1.74E-05,6.1162941026e-8,0.272803757,-6.10E-08,-0.272224603,6.361781924e-12,-2.98E-05,-5.12E-12,-1.74E-05,6.361781954e-12,-2.98E-05,1.170020109e-13,7.8874630847e-4
0.883,-6.13E-08,-0.272070738,6.1496980892e-8,0.272649494,-5.15E-12,-1.74E-05,6.1496980886e-8,0.272649494,-6.14E-08,-0.272070012,6.404301795e-12,-2.98E-05,-5.15E-12,-1.74E-05,6.404301855e-12,-2.98E-05,1.178721661e-13,7.8919375461e-4
0.8835,-6.16E-08,-0.271916322,6.1826956290e-8,0.272495406,-5.19E-12,-1.74E-05,6.1826956288e-8,0.272495406,-6.17E-08,-0.271915596,6.446479402e-12,-2.98E-05,-5.19E-12,-1.74E-05,6.446479464e-12,-2.98E-05,1.187405474e-13,7.8964120171e-4
0.884,-6.20E-08,-0.271762081,6.2152857198e-8,0.272341493,-5.22E-12,-1.74E-05,6.2152857197e-8,0.272341493,-6.20E-08,-0.271761354,6.488311661e-12,-2.98E-05,-5.22E-12,-1.74E-05,6.488311670e-12,-2.98E-05,1.195959116e-13,7.9008864976e-4
0.8845,-6.23E-08,-0.271608014,6.2474661063e-8,0.272187754,-5.25E-12,-1.74E-05,6.2474661068e-8,0.272187754,-6.23E-08,-0.271607286,6.529796150e-12,-2.98E-05,-5.25E-12,-1.74E-05,6.529796063e-12,-2.98E-05,1.204525174e-13,7.9053609878e-4
0.885,-6.26E-08,-0.27145412,6.2792362918e-8,0.272034188,-5.28E-12,-1.75E-05,6.2792362915e-8,0.272034188,-6.27E-08,-0.271453392,6.570928987e-12,-2.99E-05,-5.28E-12,-1.75E-05,6.570929034e-12,-2.99E-05,1.213037018e-13,7.9098354876e-4
0.8855,-6.29E-08,-0.2713004,6.3105947329e-8,0.271880796,-5.32E-12,-1.75E-05,6.3105947332e-8,0.271880796,-6.30E-08,-0.271299672,6.611707355e-12,-2.99E-05,-5.32E-12,-1.75E-05,6.611707509e-12,-2.99E-05,1.221471754e-13,7.9143099970e-4
0.886,-6.32E-08,-0.271146853,6.3415400168e-8,0.271727577,-5.35E-12,-1.75E-05,6.3415400172e-8,0.271727577,-6.33E-08,-0.271146125,6.652129420e-12,-2.99E-05,-5.35E-12,-1.75E-05,6.652129498e-12,-2.99E-05,1.229905435e-13,7.9187845161e-4
0.8865,-6.35E-08,-0.270993479,6.3720705026e-8,0.271574531,-5.38E-12,-1.75E-05,6.3720705030e-8,0.271574531,-6.36E-08,-0.27099275,6.692191842e-12,-2.99E-05,-5.38E-12,-1.75E-05,6.692191915e-12,-2.99E-05,1.238205112e-13,7.9232590447e-4
0.887,-6.38E-08,-0.270840278,6.4021851165e-8,0.271421658,-5.41E-12,-1.75E-05,6.4021851160e-8,0.271421658,-6.39E-08,-0.270839548,6.731889808e-12,-2.99E-05,-5.41E-12,-1.75E-05,6.731889757e-12,-2.99E-05,1.246493790e-13,7.9277335830e-4
0.8875,-6.41E-08,-0.270687249,6.4318826942e-8,0.271268957,-5.44E-12,-1.75E-05,6.4318826944e-8,0.271268957,-6.42E-08,-0.270686519,6.771222501e-12,-2.99E-05,-5.44E-12,-1.75E-05,6.771222487e-12,-2.99E-05,1.254693392e-13,7.9322081310e-4
0.888,-6.44E-08,-0.270534392,6.4611614159e-8,0.271116428,-5.47E-12,-1.75E-05,6.4611614156e-8,0.271116428,-6.45E-08,-0.270533662,6.810186520e-12,-3.00E-05,-5.47E-12,-1.75E-05,6.810186432e-12,-3.00E-05,1.262804364e-13,7.9366826886e-4
0.8885,-6.47E-08,-0.270381707,6.4900199491e-8,0.27096407,-5.50E-12,-1.75E-05,6.4900199489e-8,0.27096407,-6.48E-08,-0.270380976,6.848777978e-12,-3.00E-05,-5.50E-12,-1.75E-05,6.848778074e-12,-3.00E-05,1.270894519e-13,7.9411572559e-4
0.889,-6.50E-08,-0.270229193,6.5184575480e-8,0.270811885,-5.53E-12,-1.75E-05,6.5184575485e-8,0.270811885,-6.50E-08,-0.270228462,6.886995221e-12,-3.00E-05,-5.53E-12,-1.75E-05,6.886995227e-12,-3.00E-05,1.278952540e-13,7.9456318328e-4
0.8895,-6.53E-08,-0.27007685,6.5464724367e-8,0.27065987,-5.56E-12,-1.75E-05,6.5464724367e-8,0.27065987,-6.53E-08,-0.270076119,6.924833891e-12,-3.00E-05,-5.56E-12,-1.75E-05,6.924833856e-12,-3.00E-05,1.286892649e-13,7.9501064194e-4
0.89,-6.55E-08,-0.269924679,6.5740627785e-8,0.270508026,-5.59E-12,-1.75E-05,6.5740627780e-8,0.270508026,-6.56E-08,-0.269923946,6.962291722e-12,-3.00E-05,-5.59E-12,-1.75E-05,6.962291618e-12,-3.00E-05,1.294792079e-13,7.9545810156e-4
0.8905,-6.58E-08,-0.269772677,6.6012279625e-8,0.270356353,-5.62E-12,-1.76E-05,6.6012279623e-8,0.270356353,-6.59E-08,-0.269771945,6.999365551e-12,-3.00E-05,-5.62E-12,-1.76E-05,6.999365683e-12,-3.00E-05,1.302620507e-13,7.9590556216e-4
0.891,-6.61E-08,-0.269620846,6.6279664437e-8,0.27020485,-5.65E-12,-1.76E-05,6.6279664440e-8,0.27020485,-6.61E-08,-0.269620114,7.036051844e-12,-3.01E-05,-5.65E-12,-1.76E-05,7.036051899e-12,-3.01E-05,1.310423560e-13,7.9635302372e-4
0.8915,-6.63E-08,-0.269469186,6.6542767325e-8,0.270053517,-5.68E-12,-1.76E-05,6.6542767322e-8,0.270053517,-6.64E-08,-0.269468452,7.072348285e-12,-3.01E-05,-5.68E-12,-1.76E-05,7.072348207e-12,-3.01E-05,1.318070480e-13,7.9680048625e-4
0.892,-6.66E-08,-0.269317694,6.6801580061e-8,0.269902353,-5.70E-12,-1.76E-05,6.6801580067e-8,0.269902353,-6.66E-08,-0.269316961,7.108251885e-12,-3.01E-05,-5.70E-12,-1.76E-05,7.108251862e-12,-3.01E-05,1.325729974e-13,7.9724794975e-4
0.8925,-6.68E-08,-0.269166373,6.7056080817e-8,0.26975136,-5.73E-12,-1.76E-05,6.7056080822e-8,0.26975136,-6.69E-08,-0.269165638,7.143759743e-12,-3.01E-05,-5.73E-12,-1.76E-05,7.143759737e-12,-3.01E-05,1.333315984e-13,7.9769541422e-4
0.893,-6.71E-08,-0.26901522,6.7306261328e-8,0.269600535,-5.76E-12,-1.76E-05,6.7306261325e-8,0.269600535,-6.72E-08,-0.269014485,7.178868027e-12,-3.01E-05,-5.76E-12,-1.76E-05,7.178867977e-12,-3.01E-05,1.340820391e-13,7.9814287966e-4
0.8935,-6.73E-08,-0.268864236,6.7552104904e-8,0.269449879,-5.78E-12,-1.76E-05,6.7552104909e-8,0.269449879,-6.74E-08,-0.268863501,7.213574349e-12,-3.01E-05,-5.78E-12,-1.76E-05,7.213574320e-12,-3.01E-05,1.348300853e-13,7.9859034607e-4
0.894,-6.76E-08,-0.268713421,6.7793601844e-8,0.269299392,-5.81E-12,-1.76E-05,6.7793601847e-8,0.269299392,-6.76E-08,-0.268712686,7.247875255e-12,-3.02E-05,-5.81E-12,-1.76E-05,7.247875083e-12,-3.02E-05,1.355695538e-13,7.9903781345e-4
0.8945,-6.78E-08,-0.268562774,6.8030738138e-8,0.269149073,-5.84E-12,-1.76E-05,6.8030738141e-8,0.269149073,-6.79E-08,-0.268562038,7.281767351e-12,-3.02E-05,-5.84E-12,-1.76E-05,7.281767291e-12,-3.02E-05,1.362951180e-13,7.9948528181e-4
0.895,-6.80E-08,-0.268412295,6.8263495780e-8,0.268998922,-5.86E-12,-1.76E-05,6.8263495779e-8,0.268998922,-6.81E-08,-0.268411559,7.315248953e-12,-3.02E-05,-5.86E-12,-1.76E-05,7.315248809e-12,-3.02E-05,1.370193662e-13,7.9993275113e-4
0.8955,-6.83E-08,-0.268261984,6.8491868664e-8,0.268848939,-5.89E-12,-1.77E-05,6.8491868661e-8,0.268848939,-6.83E-08,-0.268261247,7.348315598e-12,-3.02E-05,-5.89E-12,-1.77E-05,7.348315664e-12,-3.02E-05,1.377371740e-13,8.0038022143e-4
0.896,-6.85E-08,-0.26811184,6.8715837568e-8,0.268699123,-5.91E-12,-1.77E-05,6.8715837571e-8,0.268699123,-6.86E-08,-0.268111103,7.380965033e-12,-3.02E-05,-5.91E-12,-1.77E-05,7.380964983e-12,-3.02E-05,1.384446558e-13,8.0082769271e-4
0.8965,-6.87E-08,-0.267961864,6.8935394943e-8,0.268549475,-5.94E-12,-1.77E-05,6.8935394944e-8,0.268549475,-6.88E-08,-0.267961126,7.413192652e-12,-3.02E-05,-5.94E-12,-1.77E-05,7.413192719e-12,-3.02E-05,1.391464429e-13,8.0127516496e-4
0.897,-6.89E-08,-0.267812054,6.9150519916e-8,0.268399993,-5.96E-12,-1.77E-05,6.9150519921e-8,0.268399993,-6.90E-08,-0.267811316,7.444998156e-12,-3.03E-05,-5.96E-12,-1.77E-05,7.444998237e-12,-3.03E-05,1.398443342e-13,8.0172263818e-4
0.8975,-6.91E-08,-0.267662411,6.9361204183e-8,0.268250678,-5.99E-12,-1.77E-05,6.9361204177e-8,0.268250678,-6.92E-08,-0.267661673,7.476375546e-12,-3.03E-05,-5.99E-12,-1.77E-05,7.476375584e-12,-3.03E-05,1.405332241e-13,8.0217011238e-4
0.898,-6.93E-08,-0.267512935,6.9567431765e-8,0.268101529,-6.01E-12,-1.77E-05,6.9567431771e-8,0.268101529,-6.94E-08,-0.267512196,7.507323481e-12,-3.03E-05,-6.01E-12,-1.77E-05,7.507323462e-12,-3.03E-05,1.412135780e-13,8.0261758755e-4
0.8985,-6.95E-08,-0.267363624,6.9769194740e-8,0.267952546,-6.04E-12,-1.77E-05,6.9769194742e-8,0.267952546,-6.96E-08,-0.267362885,7.537838618e-12,-3.03E-05,-6.04E-12,-1.77E-05,7.537838618e-12,-3.03E-05,1.418870263e-13,8.0306506370e-4
0.899,-6.97E-08,-0.267214479,6.9966468501e-8,0.267803729,-6.06E-12,-1.77E-05,6.9966468505e-8,0.267803729,-6.98E-08,-0.26721374,7.567918657e-12,-3.03E-05,-6.06E-12,-1.77E-05,7.567918695e-12,-3.03E-05,1.425463676e-13,8.0351254083e-4
0.8995,-6.99E-08,-0.2670655,7.0159250657e-8,0.267655078,-6.08E-12,-1.77E-05,7.0159250653e-8,0.267655078,-7.00E-08,-0.26706476,7.597558100e-12,-3.03E-05,-6.08E-12,-1.77E-05,7.597558134e-12,-3.03E-05,1.432078710e-13,8.0396001893e-4
0.9,-7.01E-08,-0.266916686,7.0347528014e-8,0.267506592,-6.10E-12,-1.77E-05,7.0347528018e-8,0.267506592,-7.02E-08,-0.266915945,7.626754974e-12,-3.04E-05,-6.10E-12,-1.77E-05,7.626754972e-12,-3.04E-05,1.438619511e-13,8.0440749802e-4
0.9005,-7.03E-08,-0.266768036,7.0531276753e-8,0.267358271,-6.13E-12,-1.78E-05,7.0531276749e-8,0.267358271,-7.04E-08,-0.266767296,7.655507076e-12,-3.04E-05,-6.13E-12,-1.78E-05,7.655507076e-12,-3.04E-05,1.444982250e-13,8.0485497808e-4
0.901,-7.05E-08,-0.266619552,7.0710494605e-8,0.267210114,-6.15E-12,-1.78E-05,7.0710494609e-8,0.267210114,-7.05E-08,-0.266618811,7.683810507e-12,-3.04E-05,-6.15E-12,-1.78E-05,7.683810500e-12,-3.04E-05,1.451363127e-13,8.0530245912e-4
0.9015,-7.07E-08,-0.266471232,7.0885163733e-8,0.267062122,-6.17E-12,-1.78E-05,7.0885163732e-8,0.267062122,-7.07E-08,-0.26647049,7.711661669e-12,-3.04E-05,-6.17E-12,-1.78E-05,7.711661707e-12,-3.04E-05,1.457622481e-13,8.0574994114e-4
0.902,-7.08E-08,-0.266323076,7.1055273057e-8,0.266914294,-6.19E-12,-1.78E-05,7.1055273061e-8,0.266914294,-7.09E-08,-0.266322334,7.739058280e-12,-3.04E-05,-6.19E-12,-1.78E-05,7.739058269e-12,-3.04E-05,1.463803288e-13,8.0619742414e-4
0.9025,-7.10E-08,-0.266175084,7.1220803103e-8,0.26676663,-6.21E-12,-1.78E-05,7.1220803104e-8,0.26676663,-7.11E-08,-0.266174341,7.765996123e-12,-3.04E-05,-6.21E-12,-1.78E-05,7.765996162e-12,-3.04E-05,1.469888058e-13,8.0664490812e-4
0.903,-7.11E-08,-0.266027255,7.1381746977e-8,0.266619129,-6.23E-12,-1.78E-05,7.1381746978e-8,0.266619129,-7.12E-08,-0.266026512,7.792473625e-12,-3.05E-05,-6.23E-12,-1.78E-05,7.792473688e-12,-3.05E-05,1.475908041e-13,8.0709239308e-4
0.9035,-7.13E-08,-0.26587959,7.1538092486e-8,0.266471792,-6.25E-12,-1.78E-05,7.1538092485e-8,0.266471792,-7.14E-08,-0.265878847,7.818486403e-12,-3.05E-05,-6.25E-12,-1.78E-05,7.818486398e-12,-3.05E-05,1.481893157e-13,8.0753987903e-4
0.904,-7.15E-08,-0.265732088,7.1689819934e-8,0.266324618,-6.27E-12,-1.78E-05,7.1689819935e-8,0.266324618,-7.15E-08,-0.265731344,7.844031922e-12,-3.05E-05,-6.27E-12,-1.78E-05,7.844031917e-12,-3.05E-05,1.487739543e-13,8.0798736596e-4
0.9045,-7.16E-08,-0.265584748,7.1836920425e-8,0.266177606,-6.29E-12,-1.78E-05,7.1836920424e-8,0.266177606,-7.17E-08,-0.265584004,7.869106466e-12,-3.05E-05,-6.29E-12,-1.78E-05,7.869106459e-12,-3.05E-05,1.493500277e-13,8.0843485387e-4
0.905,-7.17E-08,-0.265437571,7.1979377978e-8,0.266030757,-6.31E-12,-1.78E-05,7.1979377981e-8,0.266030757,-7.18E-08,-0.265436827,7.893706872e-12,-3.05E-05,-6.31E-12,-1.78E-05,7.893706888e-12,-3.05E-05,1.499183840e-13,8.0888234276e-4
0.9055,-7.19E-08,-0.265290557,7.2117186495e-8,0.26588407,-6.32E-12,-1.79E-05,7.2117186499e-8,0.26588407,-7.19E-08,-0.265289812,7.917829732e-12,-3.05E-05,-6.32E-12,-1.79E-05,7.917829722e-12,-3.05E-05,1.504798849e-13,8.0932983264e-4
0.906,-7.20E-08,-0.265143704,7.2250324833e-8,0.265737546,-6.34E-12,-1.79E-05,7.2250324834e-8,0.265737546,-7.21E-08,-0.265142959,7.941472987e-12,-3.06E-05,-6.34E-12,-1.79E-05,7.941472837e-12,-3.06E-05,1.510309057e-13,8.0977732350e-4
0.9065,-7.21E-08,-0.264997013,7.2378781908e-8,0.265591183,-6.36E-12,-1.79E-05,7.2378781910e-8,0.265591183,-7.22E-08,-0.264996267,7.964632856e-12,-3.06E-05,-6.36E-12,-1.79E-05,7.964632862e-12,-3.06E-05,1.515736148e-13,8.1022481535e-4
0.907,-7.23E-08,-0.264850483,7.2502544746e-8,0.265444981,-6.38E-12,-1.79E-05,7.2502544743e-8,0.265444981,-7.23E-08,-0.264849737,7.987305042e-12,-3.06E-05,-6.38E-12,-1.79E-05,7.987305094e-12,-3.06E-05,1.521088233e-13,8.1067230818e-4
0.9075,-7.24E-08,-0.264704115,7.2621602175e-8,0.26529894,-6.39E-12,-1.79E-05,7.2621602171e-8,0.26529894,-7.24E-08,-0.264703368,8.009488474e-12,-3.06E-05,-6.39E-12,-1.79E-05,8.009488415e-12,-3.06E-05,1.526387068e-13,8.1111980200e-4
0.908,-7.25E-08,-0.264557907,7.2735939588e-8,0.265153061,-6.41E-12,-1.79E-05,7.2735939589e-8,0.265153061,-7.26E-08,-0.26455716,8.031178221e-12,-3.06E-05,-6.41E-12,-1.79E-05,8.031178264e-12,-3.06E-05,1.531508061e-13,8.1156729681e-4
0.9085,-7.26E-08,-0.26441186,7.2845546418e-8,0.265007342,-6.43E-12,-1.79E-05,7.2845546419e-8,0.265007342,-7.27E-08,-0.264411113,8.052371003e-12,-3.06E-05,-6.43E-12,-1.79E-05,8.052370997e-12,-3.06E-05,1.536639788e-13,8.1201479260e-4
0.909,-7.27E-08,-0.264265974,7.2950403349e-8,0.264861783,-6.44E-12,-1.79E-05,7.2950403348e-8,0.264861783,-7.28E-08,-0.264265226,8.073064815e-12,-3.07E-05,-6.44E-12,-1.79E-05,8.073064735e-12,-3.07E-05,1.541636778e-13,8.1246228938e-4
0.9095,-7.28E-08,-0.264120247,7.3050502394e-8,0.264716385,-6.46E-12,-1.79E-05,7.3050502392e-8,0.264716385,-7.29E-08,-0.264119499,8.093255797e-12,-3.07E-05,-6.46E-12,-1.79E-05,8.093255717e-12,-3.07E-05,1.546510124e-13,8.1290978715e-4
0.91,-7.29E-08,-0.263974681,7.3145826805e-8,0.264571146,-6.47E-12,-1.79E-05,7.3145826809e-8,0.264571146,-7.30E-08,-0.263973932,8.112941222e-12,-3.07E-05,-6.47E-12,-1.79E-05,8.112941290e-12,-3.07E-05,1.551302750e-13,8.1335728591e-4
0.9105,-7.30E-08,-0.263829273,7.3236365677e-8,0.264426067,-6.48E-12,-1.80E-05,7.3236365678e-8,0.264426067,-7.31E-08,-0.263828524,8.132116173e-12,-3.07E-05,-6.48E-12,-1.80E-05,8.132116224e-12,-3.07E-05,1.556003456e-13,8.1380478566e-4
0.911,-7.31E-08,-0.263684026,7.3322110969e-8,0.264281147,-6.50E-12,-1.80E-05,7.3322110969e-8,0.264281147,-7.31E-08,-0.263683276,8.150779729e-12,-3.07E-05,-6.50E-12,-1.80E-05,8.150779662e-12,-3.07E-05,1.560659070e-13,8.1425228640e-4
0.9115,-7.32E-08,-0.263538937,7.3403040706e-8,0.264136386,-6.51E-12,-1.80E-05,7.3403040706e-8,0.264136386,-7.32E-08,-0.263538187,8.168926407e-12,-3.07E-05,-6.51E-12,-1.80E-05,8.168926392e-12,-3.07E-05,1.565177857e-13,8.1469978812e-4
0.912,-7.32E-08,-0.263394007,7.3479148993e-8,0.263991784,-6.53E-12,-1.80E-05,7.3479148997e-8,0.263991784,-7.33E-08,-0.263393257,8.186554639e-12,-3.08E-05,-6.53E-12,-1.80E-05,8.186554657e-12,-3.08E-05,1.569573376e-13,8.1514729084e-4
0.9125,-7.33E-08,-0.263249235,7.3550418398e-8,0.263847341,-6.54E-12,-1.80E-05,7.3550418397e-8,0.263847341,-7.34E-08,-0.263248485,8.203660116e-12,-3.08E-05,-6.54E-12,-1.80E-05,8.203660230e-12,-3.08E-05,1.573924696e-13,8.1559479456e-4
0.913,-7.34E-08,-0.263104622,7.3616835269e-8,0.263703055,-6.55E-12,-1.80E-05,7.3616835271e-8,0.263703055,-7.34E-08,-0.263103871,8.220239450e-12,-3.08E-05,-6.55E-12,-1.80E-05,8.220239601e-12,-3.08E-05,1.578164774e-13,8.1604229926e-4
0.9135,-7.34E-08,-0.262960167,7.3678391729e-8,0.263558928,-6.56E-12,-1.80E-05,7.3678391734e-8,0.263558928,-7.35E-08,-0.262959416,8.236290360e-12,-3.08E-05,-6.56E-12,-1.80E-05,8.236290385e-12,-3.08E-05,1.582296122e-13,8.1648980496e-4
0.914,-7.35E-08,-0.26281587,7.3735065791e-8,0.263414959,-6.57E-12,-1.80E-05,7.3735065793e-8,0.263414959,-7.36E-08,-0.262815118,8.251810331e-12,-3.08E-05,-6.57E-12,-1.80E-05,8.251810309e-12,-3.08E-05,1.586341558e-13,8.1693731165e-4
0.9145,-7.35E-08,-0.26267173,7.3786853628e-8,0.263271147,-6.58E-12,-1.80E-05,7.3786853626e-8,0.263271147,-7.36E-08,-0.262670977,8.266793402e-12,-3.08E-05,-6.58E-12,-1.80E-05,8.266793389e-12,-3.08E-05,1.590280827e-13,8.1738481933e-4
0.915,-7.36E-08,-0.262527747,7.3833736891e-8,0.263127492,-6.59E-12,-1.80E-05,7.3833736888e-8,0.263127492,-7.37E-08,-0.262526994,8.281238024e-12,-3.09E-05,-6.59E-12,-1.80E-05,8.281237796e-12,-3.09E-05,1.594127916e-13,8.1783232801e-4
0.9155,-7.36E-08,-0.262383921,7.3875707743e-8,0.262983994,-6.60E-12,-1.81E-05,7.3875707745e-8,0.262983994,-7.37E-08,-0.262383168,8.295140221e-12,-3.09E-05,-6.60E-12,-1.81E-05,8.295140166e-12,-3.09E-05,1.597861397e-13,8.1827983768e-4
0.916,-7.37E-08,-0.262240252,7.3912749095e-8,0.262840653,-6.61E-12,-1.81E-05,7.3912749091e-8,0.262840653,-7.37E-08,-0.262239498,8.308497181e-12,-3.09E-05,-6.61E-12,-1.81E-05,8.308497175e-12,-3.09E-05,1.601506985e-13,8.1872734835e-4
0.9165,-7.37E-08,-0.262096739,7.3944848042e-8,0.262697468,-6.62E-12,-1.81E-05,7.3944848037e-8,0.262697468,-7.38E-08,-0.262095985,8.321305325e-12,-3.09E-05,-6.62E-12,-1.81E-05,8.321305264e-12,-3.09E-05,1.605000665e-13,8.1917486002e-4
0.917,-7.37E-08,-0.261953383,7.3971989152e-8,0.26255444,-6.63E-12,-1.81E-05,7.3971989151e-8,0.26255444,-7.38E-08,-0.261952629,8.333562087e-12,-3.09E-05,-6.63E-12,-1.81E-05,8.333561941e-12,-3.09E-05,1.608444474e-13,8.1962237268e-4
0.9175,-7.37E-08,-0.261810182,7.3994165966e-8,0.262411567,-6.64E-12,-1.81E-05,7.3994165967e-8,0.262411567,-7.38E-08,-0.261809428,8.345263127e-12,-3.10E-05,-6.64E-12,-1.81E-05,8.345263123e-12,-3.10E-05,1.611753512e-13,8.2006988634e-4
0.918,-7.38E-08,-0.261667138,7.4011361040e-8,0.26226885,-6.65E-12,-1.81E-05,7.4011361042e-8,0.26226885,-7.38E-08,-0.261666382,8.356405168e-12,-3.10E-05,-6.65E-12,-1.81E-05,8.356405108e-12,-3.10E-05,1.614976294e-13,8.2051740100e-4
0.9185,-7.38E-08,-0.261524248,7.4023563295e-8,0.262126289,-6.65E-12,-1.81E-05,7.4023563298e-8,0.262126289,-7.38E-08,-0.261523493,8.366985658e-12,-3.10E-05,-6.65E-12,-1.81E-05,8.366985800e-12,-3.10E-05,1.618125481e-13,8.2096491665e-4
0.919,-7.38E-08,-0.261381514,7.4030762118e-8,0.261983883,-6.66E-12,-1.81E-05,7.4030762124e-8,0.261983883,-7.39E-08,-0.261380758,8.376999735e-12,-3.10E-05,-6.66E-12,-1.81E-05,8.376999783e-12,-3.10E-05,1.621085232e-13,8.2141243330e-4
0.9195,-7.38E-08,-0.261238935,7.4032935588e-8,0.261841631,-6.67E-12,-1.81E-05,7.4032935588e-8,0.261841631,-7.39E-08,-0.261238178,8.386446577e-12,-3.10E-05,-6.67E-12,-1.81E-05,8.386446530e-12,-3.10E-05,1.624001788e-13,8.2185995096e-4
0.92,-7.38E-08,-0.26109651,7.4030078212e-8,0.261699535,-6.67E-12,-1.81E-05,7.4030078207e-8,0.261699535,-7.38E-08,-0.261095753,8.395320221e-12,-3.10E-05,-6.67E-12,-1.81E-05,8.395320235e-12,-3.10E-05,1.626814005e-13,8.2230746961e-4
0.9205,-7.38E-08,-0.26095424,7.4022179172e-8,0.261557592,-6.68E-12,-1.82E-05,7.4022179169e-8,0.261557592,-7.38E-08,-0.260953482,8.403618410e-12,-3.11E-05,-6.68E-12,-1.82E-05,8.403618404e-12,-3.11E-05,1.629493753e-13,8.2275498926e-4
0.921,-7.38E-08,-0.260812124,7.4009216991e-8,0.261415804,-6.68E-12,-1.82E-05,7.4009216989e-8,0.261415804,-7.38E-08,-0.260811366,8.411338566e-12,-3.11E-05,-6.68E-12,-1.82E-05,8.411338603e-12,-3.11E-05,1.632077034e-13,8.2320250992e-4
0.9215,-7.37E-08,-0.260670162,7.3991188314e-8,0.26127417,-6.69E-12,-1.82E-05,7.3991188317e-8,0.26127417,-7.38E-08,-0.260669403,8.418475799e-12,-3.11E-05,-6.69E-12,-1.82E-05,8.418475862e-12,-3.11E-05,1.634515472e-13,8.2365003157e-4
0.922,-7.37E-08,-0.260528353,7.3968074824e-8,0.26113269,-6.69E-12,-1.82E-05,7.3968074823e-8,0.26113269,-7.38E-08,-0.260527595,8.425027861e-12,-3.11E-05,-6.69E-12,-1.82E-05,8.425027812e-12,-3.11E-05,1.636835412e-13,8.2409755423e-4
0.9225,-7.37E-08,-0.260386698,7.3939861717e-8,0.260991362,-6.70E-12,-1.82E-05,7.3939861720e-8,0.260991362,-7.38E-08,-0.260385939,8.430991140e-12,-3.11E-05,-6.70E-12,-1.82E-05,8.430991275e-12,-3.11E-05,1.639064985e-13,8.2454507789e-4
0.923,-7.37E-08,-0.260245196,7.3906542406e-8,0.260850189,-6.70E-12,-1.82E-05,7.3906542407e-8,0.260850189,-7.37E-08,-0.260244437,8.436361962e-12,-3.11E-05,-6.70E-12,-1.82E-05,8.436362014e-12,-3.11E-05,1.641210540e-13,8.2499260256e-4
0.9235,-7.36E-08,-0.260103847,7.3868101150e-8,0.260709167,-6.70E-12,-1.82E-05,7.3868101154e-8,0.260709167,-7.37E-08,-0.260103087,8.441136382e-12,-3.12E-05,-6.70E-12,-1.82E-05,8.441136391e-12,-3.12E-05,1.643254554e-13,8.2544012823e-4
0.924,-7.36E-08,-0.259962651,7.3824519972e-8,0.260568299,-6.70E-12,-1.82E-05,7.3824519971e-8,0.260568299,-7.36E-08,-0.259961891,8.445312591e-12,-3.12E-05,-6.70E-12,-1.82E-05,8.445312524e-12,-3.12E-05,1.645114578e-13,8.2588765490e-4
0.9245,-7.35E-08,-0.259821607,7.3775793962e-8,0.260427583,-6.71E-12,-1.82E-05,7.3775793963e-8,0.260427583,-7.36E-08,-0.259820846,8.448886120e-12,-3.12E-05,-6.71E-12,-1.82E-05,8.448886121e-12,-3.12E-05,1.646896888e-13,8.2633518257e-4
0.925,-7.35E-08,-0.259680715,7.3721907420e-8,0.260287019,-6.71E-12,-1.82E-05,7.3721907414e-8,0.260287019,-7.35E-08,-0.259679954,8.451853998e-12,-3.12E-05,-6.71E-12,-1.82E-05,8.451853834e-12,-3.12E-05,1.648564844e-13,8.2678271126e-4
0.9255,-7.34E-08,-0.259539975,7.3662844912e-8,0.260146608,-6.71E-12,-1.83E-05,7.3662844913e-8,0.260146608,-7.35E-08,-0.259539214,8.454211867e-12,-3.12E-05,-6.71E-12,-1.83E-05,8.454211802e-12,-3.12E-05,1.650069352e-13,8.2723024095e-4
0.926,-7.33E-08,-0.259399387,7.3598597282e-8,0.260006347,-6.71E-12,-1.83E-05,7.3598597281e-8,0.260006347,-7.34E-08,-0.259398625,8.455956340e-12,-3.12E-05,-6.71E-12,-1.83E-05,8.455956299e-12,-3.12E-05,1.651505717e-13,8.2767777164e-4
0.9265,-7.33E-08,-0.25925895,7.3529152435e-8,0.259866239,-6.71E-12,-1.83E-05,7.3529152438e-8,0.259866239,-7.33E-08,-0.259258188,8.457086018e-12,-3.13E-05,-6.71E-12,-1.83E-05,8.457085966e-12,-3.13E-05,1.652837958e-13,8.2812530334e-4
0.927,-7.32E-08,-0.259118665,7.3454491586e-8,0.259726281,-6.71E-12,-1.83E-05,7.3454491588e-8,0.259726281,-7.33E-08,-0.259117902,8.457595141e-12,-3.13E-05,-6.71E-12,-1.83E-05,8.457595166e-12,-3.13E-05,1.653972977e-13,8.2857283605e-4
0.9275,-7.31E-08,-0.25897853,7.3374607248e-8,0.259586474,-6.71E-12,-1.83E-05,7.3374607251e-8,0.259586474,-7.32E-08,-0.258977767,8.457482069e-12,-3.13E-05,-6.71E-12,-1.83E-05,8.457482133e-12,-3.13E-05,1.655062617e-13,8.2902036977e-4
0.928,-7.30E-08,-0.258838546,7.3289485448e-8,0.259446819,-6.70E-12,-1.83E-05,7.3289485451e-8,0.259446819,-7.31E-08,-0.258837783,8.456741720e-12,-3.13E-05,-6.70E-12,-1.83E-05,8.456741729e-12,-3.13E-05,1.655970740e-13,8.2946790449e-4
0.9285,-7.29E-08,-0.258698713,7.3199114182e-8,0.259307313,-6.70E-12,-1.83E-05,7.3199114180e-8,0.259307313,-7.30E-08,-0.258697949,8.455371149e-12,-3.13E-05,-6.70E-12,-1.83E-05,8.455371275e-12,-3.13E-05,1.656807567e-13,8.2991544023e-4
0.929,-7.29E-08,-0.25855903,7.3103480871e-8,0.259167958,-6.70E-12,-1.83E-05,7.3103480868e-8,0.259167958,-7.29E-08,-0.258558265,8.453367838e-12,-3.13E-05,-6.70E-12,-1.83E-05,8.453367858e-12,-3.13E-05,1.657490117e-13,8.3036297697e-4
0.9295,-7.27E-08,-0.258419497,7.3002566288e-8,0.259028753,-6.70E-12,-1.83E-05,7.3002566281e-8,0.259028753,-7.28E-08,-0.258418732,8.450727479e-12,-3.14E-05,-6.70E-12,-1.83E-05,8.450727371e-12,-3.14E-05,1.658039682e-13,8.3081051473e-4
0.93,-7.26E-08,-0.258280113,7.2896371705e-8,0.258889697,-6.69E-12,-1.83E-05,7.2896371705e-8,0.258889697,-7.27E-08,-0.258279348,8.447445685e-12,-3.14E-05,-6.69E-12,-1.83E-05,8.447445763e-12,-3.14E-05,1.658464255e-13,8.3125805350e-4
0.9305,-7.25E-08,-0.258140879,7.2784869407e-8,0.258750791,-6.69E-12,-1.84E-05,7.2784869409e-8,0.258750791,-7.26E-08,-0.258140113,8.443521158e-12,-3.14E-05,-6.69E-12,-1.84E-05,8.443521160e-12,-3.14E-05,1.658818971e-13,8.3170559327e-4
0.931,-7.24E-08,-0.258001794,7.2668052820e-8,0.258612034,-6.68E-12,-1.84E-05,7.2668052818e-8,0.258612034,-7.25E-08,-0.258001028,8.438949282e-12,-3.14E-05,-6.68E-12,-1.84E-05,8.438949220e-12,-3.14E-05,1.659022660e-13,8.3215313406e-4
0.9315,-7.23E-08,-0.257862858,7.2545916225e-8,0.258473426,-6.68E-12,-1.84E-05,7.2545916226e-8,0.258473426,-7.24E-08,-0.257862092,8.433725625e-12,-3.14E-05,-6.68E-12,-1.84E-05,8.433725611e-12,-3.14E-05,1.659030605e-13,8.3260067586e-4
0.932,-7.22E-08,-0.257724071,7.2418431143e-8,0.258334967,-6.67E-12,-1.84E-05,7.2418431140e-8,0.258334967,-7.22E-08,-0.257723304,8.427849227e-12,-3.14E-05,-6.67E-12,-1.84E-05,8.427849344e-12,-3.14E-05,1.658953075e-13,8.3304821868e-4
0.9325,-7.20E-08,-0.257585433,7.2285598928e-8,0.258196657,-6.66E-12,-1.84E-05,7.2285598932e-8,0.258196657,-7.21E-08,-0.257584666,8.421313247e-12,-3.15E-05,-6.66E-12,-1.84E-05,8.421313285e-12,-3.15E-05,1.658754973e-13,8.3349576251e-4
0.933,-7.19E-08,-0.257446943,7.2147397975e-8,0.258058494,-6.66E-12,-1.84E-05,7.2147397977e-8,0.258058494,-7.20E-08,-0.257446175,8.414117953e-12,-3.15E-05,-6.66E-12,-1.84E-05,8.414118035e-12,-3.15E-05,1.658413548e-13,8.3394330735e-4
0.9335,-7.18E-08,-0.2573086,7.2003824512e-8,0.25792048,-6.65E-12,-1.84E-05,7.2003824517e-8,0.25792048,-7.18E-08,-0.257307832,8.406256820e-12,-3.15E-05,-6.65E-12,-1.84E-05,8.406256647e-12,-3.15E-05,1.657917704e-13,8.3439085321e-4
0.934,-7.16E-08,-0.257170406,7.1854856268e-8,0.257782614,-6.64E-12,-1.84E-05,7.1854856269e-8,0.257782614,-7.17E-08,-0.257169637,8.397727766e-12,-3.15E-05,-6.64E-12,-1.84E-05,8.397727660e-12,-3.15E-05,1.657344670e-13,8.3483840008e-4
0.9345,-7.14E-08,-0.257032359,7.1700485640e-8,0.257644895,-6.63E-12,-1.84E-05,7.1700485641e-8,0.257644895,-7.15E-08,-0.25703159,8.388526092e-12,-3.15E-05,-6.63E-12,-1.84E-05,8.388526123e-12,-3.15E-05,1.656571568e-13,8.3528594797e-4
0.935,-7.13E-08,-0.25689446,7.1540704261e-8,0.257507323,-6.63E-12,-1.84E-05,7.1540704259e-8,0.257507323,-7.14E-08,-0.25689369,8.378649801e-12,-3.15E-05,-6.63E-12,-1.84E-05,8.378649740e-12,-3.15E-05,1.655688431e-13,8.3573349687e-4
0.9355,-7.11E-08,-0.256756707,7.1375489469e-8,0.257369899,-6.62E-12,-1.84E-05,7.1375489470e-8,0.257369899,-7.12E-08,-0.256755938,8.368094176e-12,-3.16E-05,-6.62E-12,-1.84E-05,8.368094031e-12,-3.16E-05,1.654696274e-13,8.3618104679e-4
0.936,-7.10E-08,-0.256619102,7.1204835108e-8,0.257232621,-6.61E-12,-1.85E-05,7.1204835112e-8,0.257232621,-7.10E-08,-0.256618332,8.356856494e-12,-3.16E-05,-6.61E-12,-1.85E-05,8.356856383e-12,-3.16E-05,1.653560090e-13,8.3662859773e-4
0.9365,-7.08E-08,-0.256481643,7.1028728685e-8,0.25709549,-6.59E-12,-1.85E-05,7.1028728685e-8,0.25709549,-7.08E-08,-0.256480872,8.344932735e-12,-3.16E-05,-6.59E-12,-1.85E-05,8.344932744e-12,-3.16E-05,1.652284040e-13,8.3707614969e-4
0.937,-7.06E-08,-0.25634433,7.0847156477e-8,0.256958506,-6.58E-12,-1.85E-05,7.0847156476e-8,0.256958506,-7.07E-08,-0.256343559,8.332318873e-12,-3.16E-05,-6.58E-12,-1.85E-05,8.332318873e-12,-3.16E-05,1.650877660e-13,8.3752370267e-4
0.9375,-7.04E-08,-0.256207164,7.0660103003e-8,0.256821668,-6.57E-12,-1.85E-05,7.0660102997e-8,0.256821668,-7.05E-08,-0.256206393,8.319012319e-12,-3.16E-05,-6.57E-12,-1.85E-05,8.319012390e-12,-3.16E-05,1.649310082e-13,8.3797125666e-4
0.938,-7.02E-08,-0.256070144,7.0467559260e-8,0.256684975,-6.56E-12,-1.85E-05,7.0467559265e-8,0.256684975,-7.03E-08,-0.256069372,8.305009462e-12,-3.16E-05,-6.56E-12,-1.85E-05,8.305009541e-12,-3.16E-05,1.647572122e-13,8.3841881167e-4
0.9385,-7.00E-08,-0.255933269,7.0269510556e-8,0.256548428,-6.55E-12,-1.85E-05,7.0269510553e-8,0.256548428,-7.01E-08,-0.255932497,8.290306533e-12,-3.17E-05,-6.55E-12,-1.85E-05,8.290306480e-12,-3.17E-05,1.645731822e-13,8.3886636771e-4
0.939,-6.98E-08,-0.255796539,7.0065946360e-8,0.256412027,-6.53E-12,-1.85E-05,7.0065946356e-8,0.256412027,-6.99E-08,-0.255795767,8.274899201e-12,-3.17E-05,-6.53E-12,-1.85E-05,8.274899186e-12,-3.17E-05,1.643713538e-13,8.3931392476e-4
0.9395,-6.96E-08,-0.255659955,6.9856855815e-8,0.256275771,-6.52E-12,-1.85E-05,6.9856855819e-8,0.256275771,-6.97E-08,-0.255659182,8.258784611e-12,-3.17E-05,-6.52E-12,-1.85E-05,8.258784668e-12,-3.17E-05,1.641608841e-13,8.3976148284e-4
0.94,-6.94E-08,-0.255523516,6.9642220522e-8,0.25613966,-6.51E-12,-1.85E-05,6.9642220520e-8,0.25613966,-6.95E-08,-0.255522743,8.241959309e-12,-3.17E-05,-6.51E-12,-1.85E-05,8.241959319e-12,-3.17E-05,1.639275377e-13,8.4020904194e-4
0.9405,-6.92E-08,-0.255387222,6.9422032023e-8,0.256003694,-6.49E-12,-1.85E-05,6.9422032022e-8,0.256003694,-6.92E-08,-0.255386448,8.224420466e-12,-3.17E-05,-6.49E-12,-1.85E-05,8.224420417e-12,-3.17E-05,1.636861393e-13,8.4065660206e-4
0.941,-6.90E-08,-0.255251072,6.9196273927e-8,0.255867872,-6.47E-12,-1.86E-05,6.9196273924e-8,0.255867872,-6.90E-08,-0.255250298,8.206162671e-12,-3.17E-05,-6.47E-12,-1.86E-05,8.206162647e-12,-3.17E-05,1.634291085e-13,8.4110416320e-4
0.9415,-6.87E-08,-0.255115067,6.8964938320e-8,0.255732194,-6.46E-12,-1.86E-05,6.8964938324e-8,0.255732194,-6.88E-08,-0.255114292,8.187183192e-12,-3.18E-05,-6.46E-12,-1.86E-05,8.187183150e-12,-3.18E-05,1.631579211e-13,8.4155172537e-4
0.942,-6.85E-08,-0.254979205,6.8728010829e-8,0.255596661,-6.44E-12,-1.86E-05,6.8728010823e-8,0.255596661,-6.86E-08,-0.25497843,8.167477936e-12,-3.18E-05,-6.44E-12,-1.86E-05,8.167477892e-12,-3.18E-05,1.628717816e-13,8.4199928856e-4
0.9425,-6.82E-08,-0.254843488,6.8485481590e-8,0.255461271,-6.42E-12,-1.86E-05,6.8485481583e-8,0.255461271,-6.83E-08,-0.254842712,8.147044104e-12,-3.18E-05,-6.42E-12,-1.86E-05,8.147044051e-12,-3.18E-05,1.625689242e-13,8.4244685277e-4
0.943,-6.80E-08,-0.254707914,6.8237331848e-8,0.255326025,-6.41E-12,-1.86E-05,6.8237331851e-8,0.255326025,-6.81E-08,-0.254707138,8.125878500e-12,-3.18E-05,-6.41E-12,-1.86E-05,8.125878494e-12,-3.18E-05,1.622519126e-13,8.4289441801e-4
0.9435,-6.77E-08,-0.254572483,6.7983551755e-8,0.255190923,-6.39E-12,-1.86E-05,6.7983551750e-8,0.255190923,-6.78E-08,-0.254571707,8.103976077e-12,-3.18E-05,-6.39E-12,-1.86E-05,8.103976077e-12,-3.18E-05,1.619167011e-13,8.4334198428e-4
0.944,-6.75E-08,-0.254437196,6.7724132890e-8,0.255055963,-6.37E-12,-1.86E-05,6.7724132886e-8,0.255055963,-6.75E-08,-0.254436419,8.081334313e-12,-3.18E-05,-6.37E-12,-1.86E-05,8.081334287e-12,-3.18E-05,1.615715589e-13,8.4378955157e-4
0.9445,-6.72E-08,-0.254302051,6.7459056320e-8,0.254921147,-6.35E-12,-1.86E-05,6.7459056323e-8,0.254921147,-6.73E-08,-0.254301274,8.057949442e-12,-3.19E-05,-6.35E-12,-1.86E-05,8.057949503e-12,-3.19E-05,1.612092058e-13,8.4423711989e-4
0.945,-6.69E-08,-0.254167049,6.7188317892e-8,0.254786473,-6.33E-12,-1.86E-05,6.7188317892e-8,0.254786473,-6.70E-08,-0.254166272,8.033815980e-12,-3.19E-05,-6.33E-12,-1.86E-05,8.033815981e-12,-3.19E-05,1.608277518e-13,8.4468468923e-4
0.9455,-6.67E-08,-0.25403219,6.6911892286e-8,0.254651941,-6.31E-12,-1.86E-05,6.6911892283e-8,0.254651941,-6.67E-08,-0.254031412,8.008933426e-12,-3.19E-05,-6.31E-12,-1.86E-05,8.008933373e-12,-3.19E-05,1.604323458e-13,8.4513225961e-4
0.946,-6.64E-08,-0.253897473,6.6629778727e-8,0.254517552,-6.29E-12,-1.87E-05,6.6629778727e-8,0.254517552,-6.65E-08,-0.253896695,7.983296069e-12,-3.19E-05,-6.29E-12,-1.87E-05,7.983295878e-12,-3.19E-05,1.600257196e-13,8.4557983101e-4
0.9465,-6.61E-08,-0.253762898,6.6341961027e-8,0.254383305,-6.27E-12,-1.87E-05,6.6341961031e-8,0.254383305,-6.62E-08,-0.253762119,7.956901182e-12,-3.19E-05,-6.27E-12,-1.87E-05,7.956901271e-12,-3.19E-05,1.595983098e-13,8.4602740344e-4
0.947,-6.58E-08,-0.253628465,6.6048425515e-8,0.2542492,-6.24E-12,-1.87E-05,6.6048425516e-8,0.2542492,-6.59E-08,-0.253627685,7.929743880e-12,-3.19E-05,-6.24E-12,-1.87E-05,7.929743820e-12,-3.19E-05,1.591596196e-13,8.4647497690e-4
0.9475,-6.55E-08,-0.253494173,6.5749161037e-8,0.254115236,-6.22E-12,-1.87E-05,6.5749161030e-8,0.254115236,-6.56E-08,-0.253493393,7.901821630e-12,-3.20E-05,-6.22E-12,-1.87E-05,7.901821663e-12,-3.20E-05,1.587048224e-13,8.4692255139e-4
0.948,-6.52E-08,-0.253360022,6.5444154654e-8,0.253981414,-6.20E-12,-1.87E-05,6.5444154649e-8,0.253981414,-6.53E-08,-0.253359242,7.873130744e-12,-3.20E-05,-6.20E-12,-1.87E-05,7.873130701e-12,-3.20E-05,1.582266699e-13,8.4737012691e-4
0.9485,-6.49E-08,-0.253226013,6.5133393942e-8,0.253847732,-6.17E-12,-1.87E-05,6.5133393940e-8,0.253847732,-6.50E-08,-0.253225233,7.843666035e-12,-3.20E-05,-6.17E-12,-1.87E-05,7.843666011e-12,-3.20E-05,1.577380540e-13,8.4781770346e-4
0.949,-6.46E-08,-0.253092145,6.4816865514e-8,0.253714192,-6.15E-12,-1.87E-05,6.4816865509e-8,0.253714192,-6.46E-08,-0.253091364,7.813426712e-12,-3.20E-05,-6.15E-12,-1.87E-05,7.813426698e-12,-3.20E-05,1.572352680e-13,8.4826528105e-4
0.9495,-6.43E-08,-0.252958417,6.4494556877e-8,0.253580792,-6.12E-12,-1.87E-05,6.4494556883e-8,0.253580792,-6.43E-08,-0.252957636,7.782406724e-12,-3.20E-05,-6.12E-12,-1.87E-05,7.782406760e-12,-3.20E-05,1.567100363e-13,8.4871285966e-4
0.95,-6.39E-08,-0.25282483,6.4166458633e-8,0.253447533,-6.09E-12,-1.87E-05,6.4166458635e-8,0.253447533,-6.40E-08,-0.252824048,7.750602381e-12,-3.21E-05,-6.09E-12,-1.87E-05,7.750602374e-12,-3.21E-05,1.561730812e-13,8.4916043931e-4
0.9505,-6.36E-08,-0.252691383,6.3832554190e-8,0.253314414,-6.07E-12,-1.87E-05,6.3832554186e-8,0.253314414,-6.37E-08,-0.252690601,7.718012482e-12,-3.21E-05,-6.07E-12,-1.87E-05,7.718012419e-12,-3.21E-05,1.556152226e-13,8.4960801999e-4
0.951,-6.33E-08,-0.252558076,6.3492835285e-8,0.253181435,-6.04E-12,-1.88E-05,6.3492835280e-8,0.253181435,-6.33E-08,-0.252557293,7.684630050e-12,-3.21E-05,-6.04E-12,-1.88E-05,7.684630080e-12,-3.21E-05,1.550427589e-13,8.5005560171e-4
0.9515,-6.29E-08,-0.252424909,6.3147285672e-8,0.253048596,-6.01E-12,-1.88E-05,6.3147285678e-8,0.253048596,-6.30E-08,-0.252424126,7.650452898e-12,-3.21E-05,-6.01E-12,-1.88E-05,7.650452902e-12,-3.21E-05,1.544554114e-13,8.5050318446e-4
0.952,-6.26E-08,-0.252291881,6.2795895238e-8,0.252915896,-5.98E-12,-1.88E-05,6.2795895239e-8,0.252915896,-6.26E-08,-0.252291098,7.615477456e-12,-3.21E-05,-5.98E-12,-1.88E-05,7.615477367e-12,-3.21E-05,1.538505475e-13,8.5095076824e-4
0.9525,-6.22E-08,-0.252158993,6.2438648493e-8,0.252783336,-5.95E-12,-1.88E-05,6.2438648489e-8,0.252783336,-6.23E-08,-0.252158209,7.579700288e-12,-3.21E-05,-5.95E-12,-1.88E-05,7.579700130e-12,-3.21E-05,1.532302872e-13,8.5139835306e-4
0.953,-6.19E-08,-0.252026244,6.2075541242e-8,0.252650915,-5.93E-12,-1.88E-05,6.2075541246e-8,0.252650915,-6.19E-08,-0.25202546,7.543116764e-12,-3.22E-05,-5.93E-12,-1.88E-05,7.543116688e-12,-3.22E-05,1.525897908e-13,8.5184593892e-4
0.9535,-6.15E-08,-0.251893634,6.1706551544e-8,0.252518633,-5.89E-12,-1.88E-05,6.1706551545e-8,0.252518633,-6.15E-08,-0.251892849,7.505723429e-12,-3.22E-05,-5.89E-12,-1.88E-05,7.505723424e-12,-3.22E-05,1.519356405e-13,8.5229352581e-4
0.954,-6.11E-08,-0.251761162,6.1331671743e-8,0.252386489,-5.86E-12,-1.88E-05,6.1331671742e-8,0.252386489,-6.12E-08,-0.251760377,7.467517199e-12,-3.22E-05,-5.86E-12,-1.88E-05,7.467517241e-12,-3.22E-05,1.512552372e-13,8.5274111374e-4
0.9545,-6.07E-08,-0.251628829,6.0950888643e-8,0.252254484,-5.83E-12,-1.88E-05,6.0950888648e-8,0.252254484,-6.08E-08,-0.251628044,7.428492954e-12,-3.22E-05,-5.83E-12,-1.88E-05,7.428492926e-12,-3.22E-05,1.505630149e-13,8.5318870271e-4
0.955,-6.03E-08,-0.251496634,6.0564189740e-8,0.252122617,-5.80E-12,-1.88E-05,6.0564189737e-8,0.252122617,-6.04E-08,-0.251495848,7.388648719e-12,-3.22E-05,-5.80E-12,-1.88E-05,7.388648779e-12,-3.22E-05,1.498542634e-13,8.5363629271e-4
0.9555,-6.00E-08,-0.251364577,6.0171563358e-8,0.251990888,-5.77E-12,-1.88E-05,6.0171563364e-8,0.251990888,-6.00E-08,-0.251363791,7.347979301e-12,-3.22E-05,-5.77E-12,-1.88E-05,7.347979292e-12,-3.22E-05,1.491266338e-13,8.5408388376e-4
0.956,-5.96E-08,-0.251232658,5.9772994559e-8,0.251859297,-5.73E-12,-1.89E-05,5.9772994553e-8,0.251859297,-5.96E-08,-0.251231872,7.306482194e-12,-3.23E-05,-5.73E-12,-1.89E-05,7.306482193e-12,-3.23E-05,1.483835051e-13,8.5453147584e-4
0.9565,-5.92E-08,-0.251100877,5.9368474791e-8,0.251727844,-5.70E-12,-1.89E-05,5.9368474795e-8,0.251727844,-5.92E-08,-0.25110009,7.264152798e-12,-3.23E-05,-5.70E-12,-1.89E-05,7.264152782e-12,-3.23E-05,1.476235708e-13,8.5497906896e-4
0.957,-5.87E-08,-0.250969233,5.8957988076e-8,0.251596528,-5.66E-12,-1.89E-05,5.8957988070e-8,0.251596528,-5.88E-08,-0.250968446,7.220986780e-12,-3.23E-05,-5.66E-12,-1.89E-05,7.220986789e-12,-3.23E-05,1.468389414e-13,8.5542666313e-4
0.9575,-5.83E-08,-0.250837726,5.8541528966e-8,0.251465349,-5.63E-12,-1.89E-05,5.8541528970e-8,0.251465349,-5.84E-08,-0.250836938,7.176980793e-12,-3.23E-05,-5.63E-12,-1.89E-05,7.176980766e-12,-3.23E-05,1.460385365e-13,8.5587425833e-4
0.958,-5.79E-08,-0.250706356,5.8119074871e-8,0.251334308,-5.59E-12,-1.89E-05,5.8119074866e-8,0.251334308,-5.80E-08,-0.250705568,7.132132382e-12,-3.23E-05,-5.59E-12,-1.89E-05,7.132132454e-12,-3.23E-05,1.452246162e-13,8.5632185458e-4
0.9585,-5.75E-08,-0.250575123,5.7690622284e-8,0.251203402,-5.55E-12,-1.89E-05,5.7690622282e-8,0.251203402,-5.75E-08,-0.250574335,7.086436291e-12,-3.23E-05,-5.55E-12,-1.89E-05,7.086436269e-12,-3.23E-05,1.443871047e-13,8.5676945187e-4
0.959,-5.70E-08,-0.250444027,5.7256149741e-8,0.251072634,-5.52E-12,-1.89E-05,5.7256149746e-8,0.251072634,-5.71E-08,-0.250443238,7.039889199e-12,-3.24E-05,-5.52E-12,-1.89E-05,7.039889251e-12,-3.24E-05,1.435394082e-13,8.5721705020e-4
0.9595,-5.66E-08,-0.250313067,5.6815656659e-8,0.250942002,-5.48E-12,-1.89E-05,5.6815656657e-8,0.250942002,-5.67E-08,-0.250312277,6.992486892e-12,-3.24E-05,-5.48E-12,-1.89E-05,6.992486954e-12,-3.24E-05,1.426648658e-13,8.5766464957e-4
0.96,-5.62E-08,-0.250182243,5.6369124877e-8,0.250811506,-5.44E-12,-1.89E-05,5.6369124878e-8,0.250811506,-5.62E-08,-0.250181453,6.944226662e-12,-3.24E-05,-5.44E-12,-1.89E-05,6.944226681e-12,-3.24E-05,1.417747605e-13,8.5811224999e-4
0.9605,-5.57E-08,-0.250051554,5.5916536737e-8,0.250681145,-5.40E-12,-1.89E-05,5.5916536733e-8,0.250681145,-5.58E-08,-0.250050764,6.895103518e-12,-3.24E-05,-5.40E-12,-1.89E-05,6.895103527e-12,-3.24E-05,1.408647362e-13,8.5855985145e-4
0.961,-5.53E-08,-0.249921002,5.5457886090e-8,0.250550921,-5.36E-12,-1.90E-05,5.5457886084e-8,0.250550921,-5.53E-08,-0.249920211,6.845114455e-12,-3.24E-05,-5.36E-12,-1.90E-05,6.845114385e-12,-3.24E-05,1.399371205e-13,8.5900745396e-4
0.9615,-5.48E-08,-0.249790585,5.4993161531e-8,0.250420832,-5.32E-12,-1.90E-05,5.4993161529e-8,0.250420832,-5.48E-08,-0.249789793,6.794255216e-12,-3.24E-05,-5.32E-12,-1.90E-05,6.794255209e-12,-3.24E-05,1.389886468e-13,8.5945505751e-4
0.962,-5.43E-08,-0.249660303,5.4522348765e-8,0.250290878,-5.28E-12,-1.90E-05,5.4522348770e-8,0.250290878,-5.44E-08,-0.249659511,6.742521595e-12,-3.25E-05,-5.28E-12,-1.90E-05,6.742521702e-12,-3.25E-05,1.380229931e-13,8.5990266210e-4
0.9625,-5.38E-08,-0.249530156,5.4045435747e-8,0.250161059,-5.24E-12,-1.90E-05,5.4045435750e-8,0.250161059,-5.39E-08,-0.249529364,6.689910596e-12,-3.25E-05,-5.24E-12,-1.90E-05,6.689910589e-12,-3.25E-05,1.370424340e-13,8.6035026775e-4
0.963,-5.34E-08,-0.249400144,5.3562409120e-8,0.250031375,-5.19E-12,-1.90E-05,5.3562409120e-8,0.250031375,-5.34E-08,-0.249399352,6.636417575e-12,-3.25E-05,-5.19E-12,-1.90E-05,6.636417577e-12,-3.25E-05,1.360350788e-13,8.6079787444e-4
0.9635,-5.29E-08,-0.249270267,5.3073257745e-8,0.249901826,-5.15E-12,-1.90E-05,5.3073257743e-8,0.249901826,-5.29E-08,-0.249269474,6.582040621e-12,-3.25E-05,-5.15E-12,-1.90E-05,6.582040686e-12,-3.25E-05,1.350077015e-13,8.6124548218e-4
0.964,-5.24E-08,-0.249140524,5.2577970768e-8,0.249772411,-5.10E-12,-1.90E-05,5.2577970773e-8,0.249772411,-5.24E-08,-0.249139731,6.526772760e-12,-3.25E-05,-5.10E-12,-1.90E-05,6.526772785e-12,-3.25E-05,1.339662586e-13,8.6169309096e-4
0.9645,-5.19E-08,-0.249010915,5.2076532109e-8,0.24964313,-5.06E-12,-1.90E-05,5.2076532109e-8,0.24964313,-5.19E-08,-0.249010121,6.470612786e-12,-3.25E-05,-5.06E-12,-1.90E-05,6.470612765e-12,-3.25E-05,1.329043393e-13,8.6214070080e-4
0.965,-5.14E-08,-0.24888144,5.1568930843e-8,0.249513983,-5.01E-12,-1.90E-05,5.1568930842e-8,0.249513983,-5.14E-08,-0.248880646,6.413555739e-12,-3.26E-05,-5.01E-12,-1.90E-05,6.413555722e-12,-3.26E-05,1.318200866e-13,8.6258831168e-4
0.9655,-5.09E-08,-0.248752099,5.1055157297e-8,0.24938497,-4.97E-12,-1.90E-05,5.1055157297e-8,0.24938497,-5.09E-08,-0.248751305,6.355597536e-12,-3.26E-05,-4.97E-12,-1.90E-05,6.355597482e-12,-3.26E-05,1.307214268e-13,8.6303592362e-4
0.966,-5.03E-08,-0.248622892,5.0535201068e-8,0.249256091,-4.92E-12,-1.91E-05,5.0535201068e-8,0.249256091,-5.04E-08,-0.248622097,6.296735200e-12,-3.26E-05,-4.92E-12,-1.91E-05,6.296735162e-12,-3.26E-05,1.296000409e-13,8.6348353660e-4
0.9665,-4.98E-08,-0.248493818,5.0009042665e-8,0.249127345,-4.87E-12,-1.91E-05,5.0009042669e-8,0.249127345,-4.99E-08,-0.248493023,6.236963329e-12,-3.26E-05,-4.87E-12,-1.91E-05,6.236963304e-12,-3.26E-05,1.284574301e-13,8.6393115064e-4
0.967,-4.93E-08,-0.248364877,4.9476672821e-8,0.248998732,-4.82E-12,-1.91E-05,4.9476672820e-8,0.248998732,-4.93E-08,-0.248364082,6.176280135e-12,-3.26E-05,-4.82E-12,-1.91E-05,6.176280106e-12,-3.26E-05,1.272938310e-13,8.6437876572e-4
0.9675,-4.88E-08,-0.248236069,4.8938082699e-8,0.248870252,-4.78E-12,-1.91E-05,4.8938082704e-8,0.248870252,-4.88E-08,-0.248235273,6.114680140e-12,-3.26E-05,-4.78E-12,-1.91E-05,6.114680198e-12,-3.26E-05,1.261108450e-13,8.6482638186e-4
0.968,-4.82E-08,-0.248107394,4.8393258098e-8,0.248741905,-4.73E-12,-1.91E-05,4.8393258100e-8,0.248741905,-4.83E-08,-0.248106598,6.052160605e-12,-3.27E-05,-4.73E-12,-1.91E-05,6.052160527e-12,-3.27E-05,1.249079497e-13,8.6527399905e-4
0.9685,-4.77E-08,-0.247978852,4.7842184106e-8,0.248613691,-4.68E-12,-1.91E-05,4.7842184111e-8,0.248613691,-4.77E-08,-0.247978055,5.988716161e-12,-3.27E-05,-4.68E-12,-1.91E-05,5.988716117e-12,-3.27E-05,1.236809821e-13,8.6572161729e-4
0.969,-4.71E-08,-0.247850442,4.7284850945e-8,0.248485609,-4.62E-12,-1.91E-05,4.7284850951e-8,0.248485609,-4.72E-08,-0.247849644,5.924343832e-12,-3.27E-05,-4.62E-12,-1.91E-05,5.924343818e-12,-3.27E-05,1.224382973e-13,8.6616923659e-4
0.9695,-4.65E-08,-0.247722164,4.6721249081e-8,0.248357658,-4.57E-12,-1.91E-05,4.6721249081e-8,0.248357658,-4.66E-08,-0.247721366,5.859039556e-12,-3.27E-05,-4.57E-12,-1.91E-05,5.859039508e-12,-3.27E-05,1.211739306e-13,8.6661685694e-4
0.97,-4.60E-08,-0.247594017,4.6151360522e-8,0.24822984,-4.52E-12,-1.91E-05,4.6151360521e-8,0.24822984,-4.60E-08,-0.247593219,5.792799622e-12,-3.27E-05,-4.52E-12,-1.91E-05,5.792799503e-12,-3.27E-05,1.198870830e-13,8.6706447835e-4
0.9705,-4.54E-08,-0.247466003,4.5575177434e-8,0.248102154,-4.47E-12,-1.91E-05,4.5575177438e-8,0.248102154,-4.54E-08,-0.247465204,5.725620253e-12,-3.27E-05,-4.47E-12,-1.91E-05,5.725620237e-12,-3.27E-05,1.185794798e-13,8.6751210081e-4
0.971,-4.48E-08,-0.24733812,4.4992684689e-8,0.247974599,-4.41E-12,-1.92E-05,4.4992684690e-8,0.247974599,-4.49E-08,-0.247337321,5.657497084e-12,-3.28E-05,-4.41E-12,-1.92E-05,5.657497035e-12,-3.28E-05,1.172552069e-13,8.6795972432e-4
0.9715,-4.42E-08,-0.247210368,4.4403871489e-8,0.247847175,-4.36E-12,-1.92E-05,4.4403871487e-8,0.247847175,-4.43E-08,-0.247209569,5.588426504e-12,-3.28E-05,-4.36E-12,-1.92E-05,5.588426456e-12,-3.28E-05,1.159046649e-13,8.6840734890e-4
0.972,-4.36E-08,-0.247082748,4.3808731525e-8,0.247719883,-4.30E-12,-1.92E-05,4.3808731524e-8,0.247719883,-4.37E-08,-0.247081948,5.518404240e-12,-3.28E-05,-4.30E-12,-1.92E-05,5.518404165e-12,-3.28E-05,1.145342556e-13,8.6885497453e-4
0.9725,-4.30E-08,-0.246955258,4.3207243527e-8,0.247592721,-4.25E-12,-1.92E-05,4.3207243524e-8,0.247592721,-4.31E-08,-0.246954458,5.447425940e-12,-3.28E-05,-4.25E-12,-1.92E-05,5.447425864e-12,-3.28E-05,1.131423376e-13,8.6930260121e-4
0.973,-4.24E-08,-0.2468279,4.2599396514e-8,0.247465691,-4.19E-12,-1.92E-05,4.2599396515e-8,0.247465691,-4.25E-08,-0.246827099,5.375489601e-12,-3.28E-05,-4.19E-12,-1.92E-05,5.375489683e-12,-3.28E-05,1.117262124e-13,8.6975022896e-4
0.9735,-4.18E-08,-0.246700671,4.1985183236e-8,0.24733879,-4.13E-12,-1.92E-05,4.1985183235e-8,0.24733879,-4.19E-08,-0.24669987,5.302589433e-12,-3.28E-05,-4.13E-12,-1.92E-05,5.302589370e-12,-3.28E-05,1.102921734e-13,8.7019785776e-4
0.974,-4.12E-08,-0.246573573,4.1364588228e-8,0.24721202,-4.07E-12,-1.92E-05,4.1364588222e-8,0.24721202,-4.12E-08,-0.246572772,5.228722045e-12,-3.29E-05,-4.07E-12,-1.92E-05,5.228721946e-12,-3.29E-05,1.088343336e-13,8.7064548762e-4
0.9745,-4.06E-08,-0.246446605,4.0737601478e-8,0.24708538,-4.01E-12,-1.92E-05,4.0737601477e-8,0.24708538,-4.06E-08,-0.246445804,5.153882699e-12,-3.29E-05,-4.01E-12,-1.92E-05,5.153882824e-12,-3.29E-05,1.073601061e-13,8.7109311854e-4
0.975,-4.00E-08,-0.246319767,4.0104206899e-8,0.24695887,-3.95E-12,-1.92E-05,4.0104206901e-8,0.24695887,-4.00E-08,-0.246318965,5.078069409e-12,-3.29E-05,-3.95E-12,-1.92E-05,5.078069544e-12,-3.29E-05,1.058580143e-13,8.7154075052e-4
0.9755,-3.93E-08,-0.246193059,3.9464398838e-8,0.24683249,-3.89E-12,-1.92E-05,3.9464398845e-8,0.24683249,-3.94E-08,-0.246192256,5.001276152e-12,-3.29E-05,-3.89E-12,-1.92E-05,5.001276155e-12,-3.29E-05,1.043322367e-13,8.7198838357e-4
0.976,-3.87E-08,-0.24606648,3.8818160034e-8,0.246706239,-3.83E-12,-1.93E-05,3.8818160035e-8,0.246706239,-3.87E-08,-0.246065677,4.923499720e-12,-3.29E-05,-3.83E-12,-1.93E-05,4.923499620e-12,-3.29E-05,1.027847279e-13,8.7243601767e-4
0.9765,-3.80E-08,-0.245940031,3.8165476330e-8,0.246580118,-3.77E-12,-1.93E-05,3.8165476333e-8,0.246580118,-3.81E-08,-0.245939227,4.844736199e-12,-3.29E-05,-3.77E-12,-1.93E-05,4.844736294e-12,-3.29E-05,1.012252939e-13,8.7288365283e-4
0.977,-3.74E-08,-0.245813711,3.7506343802e-8,0.246454126,-3.71E-12,-1.93E-05,3.7506343799e-8,0.246454126,-3.74E-08,-0.245812907,4.764981926e-12,-3.30E-05,-3.71E-12,-1.93E-05,4.764981943e-12,-3.30E-05,9.963128843e-14,8.7333128906e-4
0.9775,-3.67E-08,-0.245687519,3.6840745376e-8,0.246328262,-3.64E-12,-1.93E-05,3.6840745372e-8,0.246328262,-3.67E-08,-0.245686715,4.684232324e-12,-3.30E-05,-3.64E-12,-1.93E-05,4.684232386e-12,-3.30E-05,9.801817546e-14,8.7377892635e-4
0.978,-3.60E-08,-0.245561456,3.6168666946e-8,0.246202528,-3.58E-12,-1.93E-05,3.6168666948e-8,0.246202528,-3.61E-08,-0.245560652,4.602483953e-12,-3.30E-05,-3.58E-12,-1.93E-05,4.602483926e-12,-3.30E-05,9.638127787e-14,8.7422656471e-4
0.9785,-3.54E-08,-0.245435522,3.5490099052e-8,0.246076921,-3.51E-12,-1.93E-05,3.5490099058e-8,0.246076921,-3.54E-08,-0.245434717,4.519732693e-12,-3.30E-05,-3.51E-12,-1.93E-05,4.519732738e-12,-3.30E-05,9.472722132e-14,8.7467420412e-4
0.979,-3.47E-08,-0.245309716,3.4805028486e-8,0.245951443,-3.45E-12,-1.93E-05,3.4805028486e-8,0.245951443,-3.47E-08,-0.245308911,4.435974509e-12,-3.30E-05,-3.45E-12,-1.93E-05,4.435974457e-12,-3.30E-05,9.304245892e-14,8.7512184460e-4
0.9795,-3.40E-08,-0.245184039,3.4113446457e-8,0.245826094,-3.38E-12,-1.93E-05,3.4113446462e-8,0.245826094,-3.40E-08,-0.245183233,4.351203899e-12,-3.30E-05,-3.38E-12,-1.93E-05,4.351203958e-12,-3.30E-05,9.133560094e-14,8.7556948615e-4
0.98,-3.33E-08,-0.245058489,3.3415334790e-8,0.245700872,-3.31E-12,-1.93E-05,3.3415334795e-8,0.245700872,-3.33E-08,-0.245057682,4.265419710e-12,-3.31E-05,-3.31E-12,-1.93E-05,4.265419615e-12,-3.31E-05,8.961019790e-14,8.7601712876e-4
0.9805,-3.26E-08,-0.244933067,3.2710688455e-8,0.245575778,-3.24E-12,-1.93E-05,3.2710688449e-8,0.245575778,-3.26E-08,-0.24493226,4.178616084e-12,-3.31E-05,-3.24E-12,-1.93E-05,4.178615969e-12,-3.31E-05,8.785593167e-14,8.7646477244e-4
0.981,-3.19E-08,-0.244807772,3.1999489770e-8,0.245450811,-3.18E-12,-1.93E-05,3.1999489766e-8,0.245450811,-3.19E-08,-0.244806965,4.090788776e-12,-3.31E-05,-3.18E-12,-1.93E-05,4.090788712e-12,-3.31E-05,8.608295318e-14,8.7691241719e-4
0.9815,-3.12E-08,-0.244682605,3.1281730040e-8,0.245325972,-3.11E-12,-1.94E-05,3.1281730043e-8,0.245325972,-3.12E-08,-0.244681797,4.001934653e-12,-3.31E-05,-3.11E-12,-1.94E-05,4.001934699e-12,-3.31E-05,8.428542185e-14,8.7736006300e-4
0.982,-3.04E-08,-0.244557565,3.0557396670e-8,0.24520126,-3.04E-12,-1.94E-05,3.0557396674e-8,0.24520126,-3.05E-08,-0.244556757,3.912048522e-12,-3.31E-05,-3.04E-12,-1.94E-05,3.912048555e-12,-3.31E-05,8.246582236e-14,8.7780770988e-4
0.9825,-2.97E-08,-0.244432652,2.9826475066e-8,0.245076675,-2.96E-12,-1.94E-05,2.9826475064e-8,0.245076675,-2.97E-08,-0.244431843,3.821128713e-12,-3.32E-05,-2.96E-12,-1.94E-05,3.821128745e-12,-3.32E-05,8.061953313e-14,8.7825535783e-4
0.983,-2.90E-08,-0.244307865,2.9088957087e-8,0.244952217,-2.89E-12,-1.94E-05,2.9088957088e-8,0.244952217,-2.90E-08,-0.244307056,3.729167744e-12,-3.32E-05,-2.89E-12,-1.94E-05,3.729167896e-12,-3.32E-05,7.874903907e-14,8.7870300684e-4
0.9835,-2.82E-08,-0.244183206,2.8344828666e-8,0.244827885,-2.82E-12,-1.94E-05,2.8344828665e-8,0.244827885,-2.83E-08,-0.244182396,3.636164436e-12,-3.32E-05,-2.82E-12,-1.94E-05,3.636164413e-12,-3.32E-05,7.685521533e-14,8.7915065693e-4
0.984,-2.75E-08,-0.244058672,2.7594077457e-8,0.244703679,-2.75E-12,-1.94E-05,2.7594077463e-8,0.244703679,-2.75E-08,-0.244057862,3.542114016e-12,-3.32E-05,-2.75E-12,-1.94E-05,3.542114066e-12,-3.32E-05,7.493847051e-14,8.7959830809e-4
0.9845,-2.67E-08,-0.243934265,2.6836691232e-8,0.2445796,-2.67E-12,-1.94E-05,2.6836691233e-8,0.2445796,-2.68E-08,-0.243933455,3.447011897e-12,-3.32E-05,-2.67E-12,-1.94E-05,3.447011853e-12,-3.32E-05,7.299323808e-14,8.8004596031e-4
0.985,-2.60E-08,-0.243809984,2.6072657250e-8,0.244455647,-2.60E-12,-1.94E-05,2.6072657244e-8,0.244455647,-2.60E-08,-0.243809173,3.350853496e-12,-3.32E-05,-2.60E-12,-1.94E-05,3.350853515e-12,-3.32E-05,7.102955667e-14,8.8049361361e-4
0.9855,-2.52E-08,-0.243685828,2.5301967310e-8,0.244331819,-2.52E-12,-1.94E-05,2.5301967311e-8,0.244331819,-2.52E-08,-0.243685017,3.253636524e-12,-3.33E-05,-2.52E-12,-1.94E-05,3.253636540e-12,-3.33E-05,6.903771382e-14,8.8094126798e-4
0.986,-2.44E-08,-0.243561798,2.4524604147e-8,0.244208118,-2.44E-12,-1.94E-05,2.4524604149e-8,0.244208118,-2.45E-08,-0.243560987,3.155355985e-12,-3.33E-05,-2.44E-12,-1.94E-05,3.155355931e-12,-3.33E-05,6.702128348e-14,8.8138892342e-4
0.9865,-2.36E-08,-0.243437894,2.3740563637e-8,0.244084541,-2.36E-12,-1.95E-05,2.3740563642e-8,0.244084541,-2.37E-08,-0.243437082,3.056007184e-12,-3.33E-05,-2.36E-12,-1.95E-05,3.056007087e-12,-3.33E-05,6.498259861e-14,8.8183657994e-4
0.987,-2.29E-08,-0.243314115,2.2949826025e-8,0.24396109,-2.29E-12,-1.95E-05,2.2949826026e-8,0.24396109,-2.29E-08,-0.243313302,2.955585980e-12,-3.33E-05,-2.29E-12,-1.95E-05,2.955586001e-12,-3.33E-05,6.291747421e-14,8.8228423752e-4
0.9875,-2.21E-08,-0.243190461,2.2152381896e-8,0.243837764,-2.21E-12,-1.95E-05,2.2152381895e-8,0.243837764,-2.21E-08,-0.243189648,2.854088216e-12,-3.33E-05,-2.21E-12,-1.95E-05,2.854088298e-12,-3.33E-05,6.082160337e-14,8.8273189618e-4
0.988,-2.13E-08,-0.243066931,2.1348219291e-8,0.243714562,-2.13E-12,-1.95E-05,2.1348219294e-8,0.243714562,-2.13E-08,-0.243066118,2.751511895e-12,-3.33E-05,-2.13E-12,-1.95E-05,2.751511775e-12,-3.33E-05,5.870997627e-14,8.8317955592e-4
0.9885,-2.05E-08,-0.242943526,2.0537324101e-8,0.243591486,-2.05E-12,-1.95E-05,2.0537324108e-8,0.243591486,-2.05E-08,-0.242942713,2.647851104e-12,-3.34E-05,-2.05E-12,-1.95E-05,2.647851145e-12,-3.34E-05,5.656928596e-14,8.8362721673e-4
0.989,-1.96E-08,-0.242820246,1.9719689173e-8,0.243468534,-1.96E-12,-1.95E-05,1.9719689168e-8,0.243468534,-1.97E-08,-0.242819432,2.543102103e-12,-3.34E-05,-1.96E-12,-1.95E-05,2.543102068e-12,-3.34E-05,5.439785529e-14,8.8407487862e-4
0.9895,-1.88E-08,-0.24269709,1.8895299386e-8,0.243345706,-1.88E-12,-1.95E-05,1.8895299380e-8,0.243345706,-1.88E-08,-0.242696276,2.437260054e-12,-3.34E-05,-1.88E-12,-1.95E-05,2.437260010e-12,-3.34E-05,5.220595898e-14,8.8452254158e-4
0.99,-1.80E-08,-0.242574058,1.8064143061e-8,0.243223002,-1.80E-12,-1.95E-05,1.8064143068e-8,0.243223002,-1.80E-08,-0.242573244,2.330321965e-12,-3.34E-05,-1.80E-12,-1.95E-05,2.330322016e-12,-3.34E-05,4.999057208e-14,8.8497020562e-4
0.9905,-1.72E-08,-0.24245115,1.7226208058e-8,0.243100422,-1.71E-12,-1.95E-05,1.7226208056e-8,0.243100422,-1.72E-08,-0.242450335,2.222282961e-12,-3.34E-05,-1.71E-12,-1.95E-05,2.222282973e-12,-3.34E-05,4.774331576e-14,8.8541787073e-4
0.991,-1.63E-08,-0.242328366,1.6381484842e-8,0.242977966,-1.63E-12,-1.95E-05,1.6381484844e-8,0.242977966,-1.63E-08,-0.242327551,2.113138984e-12,-3.34E-05,-1.63E-12,-1.95E-05,2.113139054e-12,-3.34E-05,4.547448958e-14,8.8586553692e-4
0.9915,-1.55E-08,-0.242205705,1.5529957501e-8,0.242855633,-1.54E-12,-1.96E-05,1.5529957509e-8,0.242855633,-1.55E-08,-0.242204889,2.002887162e-12,-3.35E-05,-1.54E-12,-1.96E-05,2.002887088e-12,-3.35E-05,4.317908136e-14,8.8631320419e-4
0.992,-1.46E-08,-0.242083168,1.4671617609e-8,0.242733423,-1.46E-12,-1.96E-05,1.4671617606e-8,0.242733423,-1.46E-08,-0.242082352,1.891520909e-12,-3.35E-05,-1.46E-12,-1.96E-05,1.891520889e-12,-3.35E-05,4.085866500e-14,8.8676087254e-4
0.9925,-1.38E-08,-0.241960754,1.3806451571e-8,0.242611337,-1.37E-12,-1.96E-05,1.3806451573e-8,0.242611337,-1.38E-08,-0.241959937,1.779037586e-12,-3.35E-05,-1.37E-12,-1.96E-05,1.779037590e-12,-3.35E-05,3.850695672e-14,8.8720854197e-4
0.993,-1.29E-08,-0.241838462,1.2934446477e-8,0.242489374,-1.28E-12,-1.96E-05,1.2934446481e-8,0.242489374,-1.29E-08,-0.241837645,1.665433461e-12,-3.35E-05,-1.28E-12,-1.96E-05,1.665433461e-12,-3.35E-05,3.612913377e-14,8.8765621248e-4
0.9935,-1.20E-08,-0.241716294,1.2055590757e-8,0.242367533,-1.19E-12,-1.96E-05,1.2055590754e-8,0.242367533,-1.20E-08,-0.241715476,1.550703788e-12,-3.35E-05,-1.19E-12,-1.96E-05,1.550703824e-12,-3.35E-05,3.373331766e-14,8.8810388407e-4
0.994,-1.11E-08,-0.241594248,1.1169874181e-8,0.242245815,-1.10E-12,-1.96E-05,1.1169874185e-8,0.242245815,-1.11E-08,-0.24159343,1.434844409e-12,-3.35E-05,-1.10E-12,-1.96E-05,1.434844445e-12,-3.35E-05,3.129901112e-14,8.8855155674e-4
0.9945,-1.02E-08,-0.241472324,1.0277284050e-8,0.24212422,-1.01E-12,-1.96E-05,1.0277284052e-8,0.24212422,-1.02E-08,-0.241471506,1.317850779e-12,-3.36E-05,-1.01E-12,-1.96E-05,1.317850678e-12,-3.36E-05,2.884351955e-14,8.8899923049e-4
0.995,-9.34E-09,-0.241350523,9.3778075068e-9,0.242002747,-9.19E-13,-1.96E-05,9.3778074995e-9,0.242002747,-9.35E-09,-0.241349704,1.199719415e-12,-3.36E-05,-9.19E-13,-1.96E-05,1.199719308e-12,-3.36E-05,2.636289761e-14,8.8944690532e-4
0.9955,-8.44E-09,-0.241228844,8.4714343586e-9,0.241881395,-8.27E-13,-1.96E-05,8.4714343533e-9,0.241881395,-8.45E-09,-0.241228024,1.080444817e-12,-3.36E-05,-8.27E-13,-1.96E-05,1.080444750e-12,-3.36E-05,2.385005716e-14,8.8989458124e-4
0.996,-7.53E-09,-0.241107286,7.5581529972e-9,0.241760166,-7.33E-13,-1.96E-05,7.5581529938e-9,0.241760166,-7.54E-09,-0.241106467,9.600245035e-13,-3.36E-05,-7.33E-13,-1.96E-05,9.600244134e-13,-3.36E-05,2.131235303e-14,8.9034225824e-4
0.9965,-6.61E-09,-0.240985851,6.6379493209e-9,0.241639058,-6.39E-13,-1.97E-05,6.6379493216e-9,0.241639058,-6.62E-09,-0.24098503,8.384547434e-13,-3.36E-05,-6.39E-13,-1.97E-05,8.384546565e-13,-3.36E-05,1.875163541e-14,8.9078993632e-4
0.997,-5.69E-09,-0.240864536,5.7108105950e-9,0.241518072,-5.44E-13,-1.97E-05,5.7108105991e-9,0.241518072,-5.69E-09,-0.240863716,7.157289783e-13,-3.36E-05,-5.44E-13,-1.97E-05,7.157288996e-13,-3.36E-05,1.615630870e-14,8.9123761548e-4
0.9975,-4.76E-09,-0.240743343,4.7767272616e-9,0.241397207,-4.48E-13,-1.97E-05,4.7767272594e-9,0.241397207,-4.76E-09,-0.240742522,5.918447258e-13,-3.37E-05,-4.48E-13,-1.97E-05,5.918446501e-13,-3.37E-05,1.353693945e-14,8.9168529574e-4
0.998,-3.82E-09,-0.240622271,3.8356878018e-9,0.241276463,-3.51E-13,-1.97E-05,3.8356877981e-9,0.241276463,-3.82E-09,-0.24062145,4.667969904e-13,-3.37E-05,-3.51E-13,-1.97E-05,4.667969252e-13,-3.37E-05,1.088794286e-14,8.9213297707e-4
0.9985,-2.88E-09,-0.240501321,2.8876800401e-9,0.24115584,-2.53E-13,-1.97E-05,2.8876800336e-9,0.24115584,-2.88E-09,-0.240500499,3.405814529e-13,-3.37E-05,-2.53E-13,-1.97E-05,3.405814698e-13,-3.37E-05,8.210893996e-15,8.9258065949e-4
0.999,-1.93E-09,-0.24038049,1.9326898525e-9,0.241035338,-1.55E-13,-1.97E-05,1.9326898485e-9,0.241035338,-1.93E-09,-0.240379668,2.131945680e-13,-3.37E-05,-1.55E-13,-1.97E-05,2.131946260e-13,-3.37E-05,5.507895818e-15,8.9302834300e-4
0.9995,-9.67E-10,-0.240259781,9.707002984e-10,0.240914957,-5.52E-14,-1.97E-05,9.707002988e-10,0.240914957,-9.67E-10,-0.240258958,8.463338922e-14,-3.37E-05,-5.52E-14,-1.97E-05,8.463342384e-14,-3.37E-05,2.775272284e-15,8.9347602760e-4
1.000000000000000,-5.92E-15,-0.240139192,5.789421681e-15,0.240794695,4.426905586e-18,-1.97E-05,4.310922339e-15,0.240794695,-4.18E-15,-0.240138369,-4.47E-18,-3.37E-05,3.573052815e-18,-1.97E-05,-3.06E-18,-3.37E-05,-1.22E-18,8.9392371328e-4
