Frequency (GHz),RE[S11],IM[S11],RE[S12],IM[S12],RE[S21],IM[S21],RE[S22],IM[S22]
8.505000000000001,0.005741936,0.02608896,0.956311629,-0.291126199,0.956311629,-0.291126199,0.009769159,0.024862968
8.505020000000000,0.00573353,0.026067873,0.956305337,-0.291148921,0.956305337,-0.291148921,0.00976556,0.024840314
8.505040000000001,0.005725103,0.026046737,0.95629903,-0.291171693,0.95629903,-0.291171693,0.009761952,0.024817607
8.505060000000000,0.005716656,0.026025552,0.956292707,-0.291194517,0.956292707,-0.291194517,0.009758334,0.024794847
8.505080000000001,0.005708187,0.026004319,0.956286369,-0.291217392,0.956286369,-0.291217392,0.009754706,0.024772034
8.505100000000001,0.005699698,0.025983035,0.956280016,-0.291240319,0.956280016,-0.291240319,0.009751069,0.024749168
8.505120000000000,0.005691188,0.025961703,0.956273647,-0.291263297,0.956273647,-0.291263297,0.009747422,0.024726249
8.505140000000001,0.005682657,0.025940321,0.956267263,-0.291286327,0.956267263,-0.291286327,0.009743765,0.024703276
8.505160000000000,0.005674105,0.025918889,0.956260863,-0.29130941,0.956260863,-0.29130941,0.009740099,0.024680249
8.505180000000001,0.005665532,0.025897407,0.956254448,-0.291332544,0.956254448,-0.291332544,0.009736422,0.024657169
8.505200000000000,0.005656938,0.025875875,0.956248017,-0.291355731,0.956248017,-0.291355731,0.009732736,0.024634034
8.505220000000001,0.005648322,0.025854293,0.95624157,-0.291378971,0.95624157,-0.291378971,0.00972904,0.024610846
8.505240000000001,0.005639685,0.025832661,0.956235108,-0.291402263,0.956235108,-0.291402263,0.009725334,0.024587602
8.505260000000000,0.005631026,0.025810977,0.956228629,-0.291425608,0.956228629,-0.291425608,0.009721619,0.024564304
8.505280000000001,0.005622346,0.025789243,0.956222135,-0.291449007,0.956222135,-0.291449007,0.009717893,0.024540952
8.505300000000000,0.005613645,0.025767458,0.956215625,-0.291472458,0.956215625,-0.291472458,0.009714157,0.024517544
8.505320000000001,0.005604921,0.025745622,0.956209099,-0.291495964,0.956209099,-0.291495964,0.009710411,0.024494081
8.505340000000000,0.005596176,0.025723734,0.956202557,-0.291519523,0.956202557,-0.291519523,0.009706655,0.024470562
8.505360000000001,0.005587409,0.025701795,0.956195998,-0.291543136,0.956195998,-0.291543136,0.009702889,0.024446988
8.505380000000001,0.00557862,0.025679804,0.956189424,-0.291566803,0.956189424,-0.291566803,0.009699113,0.024423358
8.505400000000000,0.005569809,0.025657761,0.956182833,-0.291590524,0.956182833,-0.291590524,0.009695326,0.024399672
8.505420000000001,0.005560976,0.025635666,0.956176226,-0.2916143,0.956176226,-0.2916143,0.009691529,0.02437593
8.505440000000000,0.005552121,0.025613519,0.956169602,-0.29163813,0.956169602,-0.29163813,0.009687722,0.024352131
8.505460000000001,0.005543243,0.025591319,0.956162963,-0.291662015,0.956162963,-0.291662015,0.009683905,0.024328276
8.505480000000000,0.005534343,0.025569067,0.956156306,-0.291685956,0.956156306,-0.291685956,0.009680077,0.024304364
8.505500000000001,0.005525421,0.025546762,0.956149633,-0.291709951,0.956149633,-0.291709951,0.009676239,0.024280394
8.505520000000001,0.005516476,0.025524404,0.956142944,-0.291734002,0.956142944,-0.291734002,0.00967239,0.024256368
8.505540000000000,0.005507509,0.025501992,0.956136237,-0.291758109,0.956136237,-0.291758109,0.009668531,0.024232284
8.505560000000001,0.005498518,0.025479527,0.956129514,-0.291782272,0.956129514,-0.291782272,0.009664661,0.024208143
8.505580000000000,0.005489506,0.025457009,0.956122774,-0.29180649,0.956122774,-0.29180649,0.009660781,0.024183943
8.505600000000001,0.00548047,0.025434437,0.956116018,-0.291830765,0.956116018,-0.291830765,0.00965689,0.024159686
8.505620000000000,0.005471411,0.025411811,0.956109244,-0.291855097,0.956109244,-0.291855097,0.009652988,0.02413537
8.505640000000000,0.005462329,0.025389131,0.956102453,-0.291879485,0.956102453,-0.291879485,0.009649076,0.024110996
8.505660000000001,0.005453224,0.025366396,0.956095646,-0.291903929,0.956095646,-0.291903929,0.009645152,0.024086563
8.505680000000000,0.005444096,0.025343607,0.956088821,-0.291928431,0.956088821,-0.291928431,0.009641219,0.024062072
8.505700000000001,0.005434945,0.025320763,0.956081979,-0.29195299,0.956081979,-0.29195299,0.009637274,0.024037521
8.505720000000000,0.00542577,0.025297864,0.956075119,-0.291977607,0.956075119,-0.291977607,0.009633318,0.024012911
8.505740000000001,0.005416572,0.02527491,0.956068243,-0.292002281,0.956068243,-0.292002281,0.009629351,0.023988241
8.505760000000000,0.00540735,0.025251901,0.956061348,-0.292027013,0.956061348,-0.292027013,0.009625374,0.023963512
8.505780000000000,0.005398105,0.025228836,0.956054437,-0.292051804,0.956054437,-0.292051804,0.009621385,0.023938722
8.505800000000001,0.005388836,0.025205716,0.956047508,-0.292076652,0.956047508,-0.292076652,0.009617385,0.023913873
8.505820000000000,0.005379543,0.025182539,0.956040561,-0.292101559,0.956040561,-0.292101559,0.009613375,0.023888963
8.505840000000001,0.005370226,0.025159307,0.956033596,-0.292126525,0.956033596,-0.292126525,0.009609353,0.023863992
8.505860000000000,0.005360885,0.025136018,0.956026614,-0.29215155,0.956026614,-0.29215155,0.009605319,0.02383896
8.505880000000001,0.00535152,0.025112672,0.956019614,-0.292176634,0.956019614,-0.292176634,0.009601275,0.023813868
8.505900000000000,0.00534213,0.02508927,0.956012596,-0.292201777,0.956012596,-0.292201777,0.009597219,0.023788714
8.505920000000000,0.005332717,0.025065811,0.95600556,-0.29222698,0.95600556,-0.29222698,0.009593152,0.023763499
8.505940000000001,0.005323279,0.025042294,0.955998506,-0.292252243,0.955998506,-0.292252243,0.009589073,0.023738222
8.505960000000000,0.005313817,0.02501872,0.955991434,-0.292277565,0.955991434,-0.292277565,0.009584984,0.023712883
8.505980000000001,0.00530433,0.024995089,0.955984344,-0.292302948,0.955984344,-0.292302948,0.009580882,0.023687482
8.506000000000000,0.005294818,0.0249714,0.955977236,-0.292328392,0.955977236,-0.292328392,0.009576769,0.023662018
8.506020000000001,0.005285281,0.024947653,0.955970109,-0.292353896,0.955970109,-0.292353896,0.009572645,0.023636492
8.506040000000000,0.00527572,0.024923847,0.955962964,-0.292379461,0.955962964,-0.292379461,0.009568509,0.023610902
8.506060000000000,0.005266134,0.024899984,0.9559558,-0.292405087,0.9559558,-0.292405087,0.009564361,0.02358525
8.506080000000001,0.005256523,0.024876061,0.955948618,-0.292430775,0.955948618,-0.292430775,0.009560201,0.023559535
8.506100000000000,0.005246886,0.02485208,0.955941417,-0.292456524,0.955941417,-0.292456524,0.00955603,0.023533755
8.506120000000001,0.005237224,0.024828039,0.955934198,-0.292482335,0.955934198,-0.292482335,0.009551847,0.023507912
8.506140000000000,0.005227537,0.02480394,0.95592696,-0.292508207,0.95592696,-0.292508207,0.009547652,0.023482005
8.506160000000001,0.005217825,0.024779781,0.955919703,-0.292534143,0.955919703,-0.292534143,0.009543445,0.023456034
8.506180000000001,0.005208087,0.024755562,0.955912427,-0.29256014,0.955912427,-0.29256014,0.009539226,0.023429998
8.506200000000000,0.005198323,0.024731283,0.955905132,-0.292586201,0.955905132,-0.292586201,0.009534995,0.023403898
8.506220000000001,0.005188534,0.024706944,0.955897818,-0.292612324,0.955897818,-0.292612324,0.009530752,0.023377732
8.506240000000000,0.005178718,0.024682544,0.955890485,-0.292638511,0.955890485,-0.292638511,0.009526497,0.023351501
8.506260000000001,0.005168877,0.024658084,0.955883132,-0.292664761,0.955883132,-0.292664761,0.00952223,0.023325205
8.506280000000000,0.00515901,0.024633563,0.955875761,-0.292691074,0.955875761,-0.292691074,0.00951795,0.023298843
8.506300000000001,0.005149116,0.024608981,0.95586837,-0.292717452,0.95586837,-0.292717452,0.009513658,0.023272415
8.506320000000001,0.005139197,0.024584338,0.955860959,-0.292743894,0.955860959,-0.292743894,0.009509354,0.02324592
8.506340000000000,0.00512925,0.024559633,0.955853529,-0.2927704,0.955853529,-0.2927704,0.009505038,0.023219359
8.506360000000001,0.005119278,0.024534867,0.95584608,-0.29279697,0.95584608,-0.29279697,0.009500709,0.023192732
8.506380000000000,0.005109279,0.024510038,0.955838611,-0.292823606,0.955838611,-0.292823606,0.009496368,0.023166037
8.506400000000001,0.005099253,0.024485147,0.955831122,-0.292850307,0.955831122,-0.292850307,0.009492014,0.023139276
8.506420000000000,0.0050892,0.024460194,0.955823613,-0.292877073,0.955823613,-0.292877073,0.009487647,0.023112447
8.506440000000001,0.005079121,0.024435178,0.955816084,-0.292903904,0.955816084,-0.292903904,0.009483268,0.02308555
8.506460000000001,0.005069014,0.024410099,0.955808535,-0.292930802,0.955808535,-0.292930802,0.009478877,0.023058585
8.506480000000000,0.005058881,0.024384957,0.955800966,-0.292957765,0.955800966,-0.292957765,0.009474472,0.023031552
8.506500000000001,0.00504872,0.024359752,0.955793377,-0.292984795,0.955793377,-0.292984795,0.009470055,0.02300445
8.506520000000000,0.005038532,0.024334483,0.955785768,-0.293011892,0.955785768,-0.293011892,0.009465625,0.022977279
8.506540000000001,0.005028316,0.02430915,0.955778139,-0.293039055,0.955778139,-0.293039055,0.009461182,0.02295004
8.506560000000000,0.005018073,0.024283753,0.955770489,-0.293066286,0.955770489,-0.293066286,0.009456725,0.022922731
8.506580000000001,0.005007803,0.024258291,0.955762818,-0.293093584,0.955762818,-0.293093584,0.009452256,0.022895353
8.506600000000001,0.004997504,0.024232765,0.955755127,-0.293120949,0.955755127,-0.293120949,0.009447774,0.022867905
8.506620000000000,0.004987178,0.024207174,0.955747415,-0.293148382,0.955747415,-0.293148382,0.009443279,0.022840387
8.506640000000001,0.004976823,0.024181518,0.955739683,-0.293175884,0.955739683,-0.293175884,0.009438771,0.022812798
8.506660000000000,0.004966441,0.024155797,0.95573193,-0.293203454,0.95573193,-0.293203454,0.009434249,0.022785139
8.506680000000001,0.00495603,0.02413001,0.955724155,-0.293231092,0.955724155,-0.293231092,0.009429714,0.022757409
8.506700000000000,0.004945591,0.024104157,0.95571636,-0.293258799,0.95571636,-0.293258799,0.009425166,0.022729608
8.506720000000001,0.004935124,0.024078239,0.955708544,-0.293286576,0.955708544,-0.293286576,0.009420604,0.022701735
8.506740000000001,0.004924628,0.024052253,0.955700706,-0.293314422,0.955700706,-0.293314422,0.009416029,0.022673791
8.506760000000000,0.004914103,0.024026202,0.955692848,-0.293342338,0.955692848,-0.293342338,0.00941144,0.022645774
8.506780000000001,0.00490355,0.024000083,0.955684967,-0.293370323,0.955684967,-0.293370323,0.009406838,0.022617686
8.506800000000000,0.004892967,0.023973897,0.955677066,-0.293398379,0.955677066,-0.293398379,0.009402222,0.022589524
8.506820000000001,0.004882356,0.023947644,0.955669143,-0.293426506,0.955669143,-0.293426506,0.009397592,0.02256129
8.506840000000000,0.004871715,0.023921323,0.955661198,-0.293454703,0.955661198,-0.293454703,0.009392949,0.022532983
8.506860000000000,0.004861046,0.023894934,0.955653231,-0.293482971,0.955653231,-0.293482971,0.009388291,0.022504603
8.506880000000001,0.004850346,0.023868478,0.955645243,-0.293511311,0.955645243,-0.293511311,0.00938362,0.022476149
8.506900000000000,0.004839618,0.023841952,0.955637233,-0.293539722,0.955637233,-0.293539722,0.009378935,0.02244762
8.506920000000001,0.004828859,0.023815358,0.955629201,-0.293568205,0.955629201,-0.293568205,0.009374236,0.022419018
8.506940000000000,0.004818071,0.023788696,0.955621147,-0.293596761,0.955621147,-0.293596761,0.009369523,0.022390341
8.506960000000001,0.004807253,0.023761963,0.95561307,-0.293625388,0.95561307,-0.293625388,0.009364796,0.022361589
8.506980000000000,0.004796406,0.023735162,0.955604972,-0.293654089,0.955604972,-0.293654089,0.009360054,0.022332763
8.507000000000000,0.004785527,0.023708291,0.955596851,-0.293682862,0.955596851,-0.293682862,0.009355299,0.02230386
8.507020000000001,0.004774619,0.023681349,0.955588707,-0.293711709,0.955588707,-0.293711709,0.009350529,0.022274882
8.507040000000000,0.004763681,0.023654338,0.955580541,-0.293740629,0.955580541,-0.293740629,0.009345744,0.022245828
8.507060000000001,0.004752711,0.023627255,0.955572352,-0.293769624,0.955572352,-0.293769624,0.009340945,0.022216698
8.507080000000000,0.004741712,0.023600102,0.955564141,-0.293798692,0.955564141,-0.293798692,0.009336132,0.022187491
8.507100000000001,0.004730681,0.023572878,0.955555907,-0.293827835,0.955555907,-0.293827835,0.009331304,0.022158207
8.507120000000000,0.00471962,0.023545582,0.955547649,-0.293857053,0.955547649,-0.293857053,0.009326461,0.022128846
8.507140000000000,0.004708527,0.023518215,0.955539369,-0.293886345,0.955539369,-0.293886345,0.009321604,0.022099408
8.507160000000001,0.004697404,0.023490776,0.955531066,-0.293915713,0.955531066,-0.293915713,0.009316732,0.022069892
8.507180000000000,0.004686249,0.023463264,0.955522739,-0.293945157,0.955522739,-0.293945157,0.009311845,0.022040297
8.507200000000001,0.004675063,0.02343568,0.955514389,-0.293974676,0.955514389,-0.293974676,0.009306944,0.022010624
8.507220000000000,0.004663845,0.023408023,0.955506016,-0.294004272,0.955506016,-0.294004272,0.009302027,0.021980873
8.507240000000001,0.004652596,0.023380293,0.955497619,-0.294033944,0.955497619,-0.294033944,0.009297095,0.021951042
8.507260000000000,0.004641315,0.02335249,0.955489199,-0.294063694,0.955489199,-0.294063694,0.009292148,0.021921132
8.507280000000000,0.004630002,0.023324613,0.955480754,-0.29409352,0.955480754,-0.29409352,0.009287186,0.021891142
8.507300000000001,0.004618657,0.023296662,0.955472286,-0.294123424,0.955472286,-0.294123424,0.009282209,0.021861072
8.507320000000000,0.00460728,0.023268637,0.955463794,-0.294153405,0.955463794,-0.294153405,0.009277217,0.021830922
8.507340000000001,0.00459587,0.023240537,0.955455278,-0.294183465,0.955455278,-0.294183465,0.009272209,0.021800691
8.507360000000000,0.004584428,0.023212362,0.955446738,-0.294213603,0.955446738,-0.294213603,0.009267185,0.02177038
8.507380000000001,0.004572953,0.023184112,0.955438174,-0.294243819,0.955438174,-0.294243819,0.009262147,0.021739987
8.507400000000001,0.004561446,0.023155787,0.955429585,-0.294274115,0.955429585,-0.294274115,0.009257092,0.021709512
8.507420000000000,0.004549905,0.023127386,0.955420972,-0.29430449,0.955420972,-0.29430449,0.009252022,0.021678956
8.507440000000001,0.004538332,0.023098908,0.955412334,-0.294334945,0.955412334,-0.294334945,0.009246936,0.021648317
8.507460000000000,0.004526726,0.023070355,0.955403671,-0.294365479,0.955403671,-0.294365479,0.009241835,0.021617595
8.507480000000001,0.004515086,0.023041725,0.955394984,-0.294396094,0.955394984,-0.294396094,0.009236717,0.021586791
8.507500000000000,0.004503413,0.023013017,0.955386272,-0.294426789,0.955386272,-0.294426789,0.009231584,0.021555903
8.507520000000001,0.004491706,0.022984233,0.955377535,-0.294457566,0.955377535,-0.294457566,0.009226435,0.021524932
8.507540000000001,0.004479965,0.022955371,0.955368773,-0.294488424,0.955368773,-0.294488424,0.009221269,0.021493877
8.507560000000000,0.004468191,0.022926431,0.955359985,-0.294519363,0.955359985,-0.294519363,0.009216088,0.021462737
8.507580000000001,0.004456382,0.022897412,0.955351172,-0.294550384,0.955351172,-0.294550384,0.00921089,0.021431513
8.507600000000000,0.00444454,0.022868315,0.955342334,-0.294581487,0.955342334,-0.294581487,0.009205676,0.021400204
8.507620000000001,0.004432663,0.02283914,0.95533347,-0.294612673,0.95533347,-0.294612673,0.009200445,0.021368809
8.507640000000000,0.004420751,0.022809885,0.955324581,-0.294643942,0.955324581,-0.294643942,0.009195198,0.021337329
8.507660000000001,0.004408805,0.02278055,0.955315666,-0.294675295,0.955315666,-0.294675295,0.009189935,0.021305763
8.507680000000001,0.004396824,0.022751136,0.955306725,-0.29470673,0.955306725,-0.29470673,0.009184655,0.021274111
8.507700000000000,0.004384809,0.022721642,0.955297758,-0.29473825,0.955297758,-0.29473825,0.009179358,0.021242371
8.507720000000001,0.004372758,0.022692067,0.955288765,-0.294769854,0.955288765,-0.294769854,0.009174044,0.021210545
8.507740000000000,0.004360672,0.022662411,0.955279745,-0.294801543,0.955279745,-0.294801543,0.009168714,0.021178631
8.507760000000001,0.004348551,0.022632674,0.955270699,-0.294833316,0.955270699,-0.294833316,0.009163367,0.02114663
8.507780000000000,0.004336394,0.022602856,0.955261627,-0.294865175,0.955261627,-0.294865175,0.009158002,0.02111454
8.507800000000001,0.004324201,0.022572956,0.955252528,-0.29489712,0.955252528,-0.29489712,0.009152621,0.021082362
8.507820000000001,0.004311973,0.022542973,0.955243403,-0.294929151,0.955243403,-0.294929151,0.009147223,0.021050094
8.507840000000000,0.004299708,0.022512908,0.95523425,-0.294961268,0.95523425,-0.294961268,0.009141807,0.021017738
8.507860000000001,0.004287408,0.022482761,0.955225071,-0.294993471,0.955225071,-0.294993471,0.009136374,0.020985292
8.507880000000000,0.004275071,0.02245253,0.955215865,-0.295025762,0.955215865,-0.295025762,0.009130924,0.020952756
8.507900000000001,0.004262698,0.022422216,0.955206631,-0.295058141,0.955206631,-0.295058141,0.009125456,0.020920129
8.507920000000000,0.004250288,0.022391818,0.95519737,-0.295090607,0.95519737,-0.295090607,0.00911997,0.020887412
8.507940000000001,0.004237841,0.022361335,0.955188082,-0.295123161,0.955188082,-0.295123161,0.009114467,0.020854604
8.507960000000001,0.004225357,0.022330768,0.955178766,-0.295155804,0.955178766,-0.295155804,0.009108946,0.020821704
8.507980000000000,0.004212837,0.022300116,0.955169423,-0.295188536,0.955169423,-0.295188536,0.009103408,0.020788712
8.508000000000001,0.004200278,0.022269379,0.955160052,-0.295221357,0.955160052,-0.295221357,0.009097851,0.020755628
8.508020000000000,0.004187683,0.022238557,0.955150652,-0.295254268,0.955150652,-0.295254268,0.009092277,0.020722452
8.508040000000001,0.00417505,0.022207648,0.955141225,-0.295287268,0.955141225,-0.295287268,0.009086684,0.020689182
8.508060000000000,0.004162379,0.022176653,0.95513177,-0.29532036,0.95513177,-0.29532036,0.009081074,0.020655819
8.508080000000000,0.00414967,0.022145571,0.955122286,-0.295353542,0.955122286,-0.295353542,0.009075445,0.020622362
8.508100000000001,0.004136923,0.022114403,0.955112774,-0.295386815,0.955112774,-0.295386815,0.009069798,0.02058881
8.508120000000000,0.004124138,0.022083147,0.955103233,-0.29542018,0.955103233,-0.29542018,0.009064132,0.020555165
8.508140000000001,0.004111314,0.022051803,0.955093663,-0.295453636,0.955093663,-0.295453636,0.009058448,0.020521424
8.508160000000000,0.004098451,0.022020371,0.955084065,-0.295487185,0.955084065,-0.295487185,0.009052746,0.020487587
8.508180000000001,0.00408555,0.02198885,0.955074438,-0.295520827,0.955074438,-0.295520827,0.009047024,0.020453655
8.508200000000000,0.00407261,0.021957241,0.955064781,-0.295554562,0.955064781,-0.295554562,0.009041284,0.020419627
8.508220000000000,0.004059631,0.021925542,0.955055096,-0.29558839,0.955055096,-0.29558839,0.009035525,0.020385502
8.508240000000001,0.004046612,0.021893754,0.955045381,-0.295622313,0.955045381,-0.295622313,0.009029747,0.02035128
8.508260000000000,0.004033554,0.021861875,0.955035636,-0.295656329,0.955035636,-0.295656329,0.009023951,0.02031696
8.508280000000001,0.004020456,0.021829906,0.955025862,-0.29569044,0.955025862,-0.29569044,0.009018135,0.020282543
8.508300000000000,0.004007318,0.021797847,0.955016058,-0.295724647,0.955016058,-0.295724647,0.009012299,0.020248027
8.508320000000001,0.003994141,0.021765696,0.955006224,-0.295758949,0.955006224,-0.295758949,0.009006445,0.020213413
8.508340000000000,0.003980923,0.021733454,0.95499636,-0.295793347,0.95499636,-0.295793347,0.009000571,0.020178699
8.508360000000000,0.003967664,0.021701119,0.954986466,-0.295827841,0.954986466,-0.295827841,0.008994678,0.020143886
8.508380000000001,0.003954365,0.021668693,0.954976542,-0.295862432,0.954976542,-0.295862432,0.008988765,0.020108973
8.508400000000000,0.003941025,0.021636174,0.954966587,-0.29589712,0.954966587,-0.29589712,0.008982832,0.020073959
8.508420000000001,0.003927645,0.021603561,0.954956602,-0.295931905,0.954956602,-0.295931905,0.00897688,0.020038845
8.508440000000000,0.003914223,0.021570855,0.954946585,-0.295966789,0.954946585,-0.295966789,0.008970907,0.020003629
8.508460000000001,0.003900759,0.021538055,0.954936538,-0.296001771,0.954936538,-0.296001771,0.008964915,0.019968312
8.508480000000000,0.003887255,0.021505161,0.95492646,-0.296036852,0.95492646,-0.296036852,0.008958903,0.019932892
8.508500000000000,0.003873708,0.021472172,0.954916351,-0.296072032,0.954916351,-0.296072032,0.00895287,0.01989737
8.508520000000001,0.00386012,0.021439087,0.95490621,-0.296107312,0.95490621,-0.296107312,0.008946817,0.019861745
8.508540000000000,0.003846489,0.021405908,0.954896038,-0.296142692,0.954896038,-0.296142692,0.008940744,0.019826016
8.508560000000001,0.003832816,0.021372632,0.954885834,-0.296178172,0.954885834,-0.296178172,0.008934651,0.019790183
8.508580000000000,0.003819101,0.02133926,0.954875599,-0.296213754,0.954875599,-0.296213754,0.008928536,0.019754246
8.508600000000001,0.003805343,0.021305791,0.954865331,-0.296249437,0.954865331,-0.296249437,0.008922401,0.019718204
8.508620000000001,0.003791542,0.021272224,0.954855031,-0.296285221,0.954855031,-0.296285221,0.008916246,0.019682056
8.508640000000000,0.003777698,0.021238561,0.954844699,-0.296321109,0.954844699,-0.296321109,0.008910069,0.019645803
8.508660000000001,0.00376381,0.021204799,0.954834335,-0.296357099,0.954834335,-0.296357099,0.008903872,0.019609444
8.508680000000000,0.003749879,0.021170938,0.954823938,-0.296393192,0.954823938,-0.296393192,0.008897653,0.019572978
8.508700000000001,0.003735905,0.021136979,0.954813509,-0.296429389,0.954813509,-0.296429389,0.008891414,0.019536404
8.508720000000000,0.003721886,0.02110292,0.954803047,-0.29646569,0.954803047,-0.29646569,0.008885153,0.019499723
8.508740000000001,0.003707824,0.021068761,0.954792551,-0.296502095,0.954792551,-0.296502095,0.00887887,0.019462934
8.508760000000001,0.003693717,0.021034503,0.954782023,-0.296538606,0.954782023,-0.296538606,0.008872566,0.019426037
8.508780000000000,0.003679565,0.021000143,0.954771461,-0.296575222,0.954771461,-0.296575222,0.008866241,0.01938903
8.508800000000001,0.003665369,0.020965683,0.954760865,-0.296611944,0.954760865,-0.296611944,0.008859893,0.019351914
8.508820000000000,0.003651128,0.02093112,0.954750236,-0.296648772,0.954750236,-0.296648772,0.008853524,0.019314687
8.508840000000001,0.003636842,0.020896456,0.954739574,-0.296685708,0.954739574,-0.296685708,0.008847133,0.01927735
8.508860000000000,0.00362251,0.020861689,0.954728877,-0.29672275,0.954728877,-0.29672275,0.00884072,0.019239902
8.508880000000001,0.003608133,0.02082682,0.954718146,-0.296759901,0.954718146,-0.296759901,0.008834285,0.019202343
8.508900000000001,0.00359371,0.020791847,0.954707381,-0.29679716,0.954707381,-0.29679716,0.008827827,0.019164671
8.508920000000000,0.003579241,0.02075677,0.954696581,-0.296834528,0.954696581,-0.296834528,0.008821348,0.019126887
8.508940000000001,0.003564726,0.020721589,0.954685747,-0.296872005,0.954685747,-0.296872005,0.008814845,0.01908899
8.508960000000000,0.003550164,0.020686303,0.954674877,-0.296909592,0.954674877,-0.296909592,0.00880832,0.019050979
8.508980000000001,0.003535556,0.020650912,0.954663973,-0.296947289,0.954663973,-0.296947289,0.008801772,0.019012855
8.509000000000000,0.0035209,0.020615415,0.954653034,-0.296985097,0.954653034,-0.296985097,0.008795202,0.018974616
8.509020000000001,0.003506198,0.020579812,0.954642059,-0.297023017,0.954642059,-0.297023017,0.008788608,0.018936261
8.509040000000001,0.003491448,0.020544102,0.954631049,-0.297061048,0.954631049,-0.297061048,0.008781992,0.018897791
8.509060000000000,0.003476651,0.020508285,0.954620003,-0.297099191,0.954620003,-0.297099191,0.008775352,0.018859205
8.509080000000001,0.003461805,0.020472361,0.954608922,-0.297137447,0.954608922,-0.297137447,0.008768689,0.018820503
8.509100000000000,0.003446912,0.020436328,0.954597804,-0.297175817,0.954597804,-0.297175817,0.008762002,0.018781683
8.509120000000001,0.003431971,0.020400187,0.95458665,-0.2972143,0.95458665,-0.2972143,0.008755292,0.018742745
8.509140000000000,0.003416981,0.020363937,0.95457546,-0.297252897,0.95457546,-0.297252897,0.008748558,0.01870369
8.509160000000001,0.003401942,0.020327577,0.954564233,-0.29729161,0.954564233,-0.29729161,0.0087418,0.018664515
8.509180000000001,0.003386854,0.020291108,0.95455297,-0.297330438,0.95455297,-0.297330438,0.008735019,0.018625221
8.509200000000000,0.003371717,0.020254527,0.954541669,-0.297369381,0.954541669,-0.297369381,0.008728213,0.018585808
8.509220000000001,0.003356531,0.020217836,0.954530332,-0.297408441,0.954530332,-0.297408441,0.008721383,0.018546274
8.509240000000000,0.003341295,0.020181033,0.954518957,-0.297447618,0.954518957,-0.297447618,0.008714529,0.018506619
8.509260000000001,0.003326009,0.020144118,0.954507544,-0.297486913,0.954507544,-0.297486913,0.008707651,0.018466842
8.509280000000000,0.003310673,0.02010709,0.954496094,-0.297526325,0.954496094,-0.297526325,0.008700748,0.018426944
8.509300000000000,0.003295286,0.020069949,0.954484607,-0.297565857,0.954484607,-0.297565857,0.00869382,0.018386923
8.509320000000001,0.003279849,0.020032695,0.954473081,-0.297605507,0.954473081,-0.297605507,0.008686868,0.018346778
8.509340000000000,0.003264361,0.019995327,0.954461517,-0.297645277,0.954461517,-0.297645277,0.00867989,0.01830651
8.509360000000001,0.003248821,0.019957844,0.954449914,-0.297685167,0.954449914,-0.297685167,0.008672888,0.018266118
8.509380000000000,0.00323323,0.019920245,0.954438273,-0.297725177,0.954438273,-0.297725177,0.00866586,0.0182256
8.509400000000001,0.003217588,0.019882531,0.954426593,-0.29776531,0.954426593,-0.29776531,0.008658807,0.018184957
8.509420000000000,0.003201893,0.019844701,0.954414874,-0.297805563,0.954414874,-0.297805563,0.008651728,0.018144188
8.509440000000000,0.003186147,0.019806754,0.954403116,-0.29784594,0.954403116,-0.29784594,0.008644624,0.018103293
8.509460000000001,0.003170348,0.01976869,0.954391319,-0.297886439,0.954391319,-0.297886439,0.008637494,0.01806227
8.509480000000000,0.003154496,0.019730507,0.954379481,-0.297927062,0.954379481,-0.297927062,0.008630338,0.01802112
8.509500000000001,0.003138591,0.019692207,0.954367604,-0.297967809,0.954367604,-0.297967809,0.008623157,0.017979841
8.509520000000000,0.003122633,0.019653787,0.954355688,-0.298008681,0.954355688,-0.298008681,0.008615949,0.017938433
8.509540000000001,0.003106622,0.019615248,0.95434373,-0.298049678,0.95434373,-0.298049678,0.008608714,0.017896895
8.509560000000000,0.003090557,0.019576589,0.954331733,-0.298090802,0.954331733,-0.298090802,0.008601454,0.017855227
8.509580000000000,0.003074437,0.019537809,0.954319695,-0.298132051,0.954319695,-0.298132051,0.008594166,0.017813428
8.509600000000001,0.003058264,0.019498908,0.954307616,-0.298173428,0.954307616,-0.298173428,0.008586853,0.017771498
8.509620000000000,0.003042036,0.019459885,0.954295496,-0.298214932,0.954295496,-0.298214932,0.008579512,0.017729436
8.509640000000001,0.003025753,0.01942074,0.954283334,-0.298256565,0.954283334,-0.298256565,0.008572144,0.017687241
8.509660000000000,0.003009415,0.019381472,0.954271131,-0.298298326,0.954271131,-0.298298326,0.008564749,0.017644912
8.509680000000001,0.002993021,0.019342081,0.954258887,-0.298340217,0.954258887,-0.298340217,0.008557327,0.01760245
8.509700000000000,0.002976572,0.019302565,0.954246601,-0.298382238,0.954246601,-0.298382238,0.008549877,0.017559853
8.509720000000000,0.002960067,0.019262925,0.954234272,-0.29842439,0.954234272,-0.29842439,0.0085424,0.017517121
8.509740000000001,0.002943505,0.019223159,0.954221901,-0.298466673,0.954221901,-0.298466673,0.008534895,0.017474253
8.509760000000000,0.002926887,0.019183268,0.954209488,-0.298509088,0.954209488,-0.298509088,0.008527362,0.017431248
8.509780000000001,0.002910213,0.019143251,0.954197032,-0.298551635,0.954197032,-0.298551635,0.008519801,0.017388107
8.509800000000000,0.002893481,0.019103106,0.954184533,-0.298594316,0.954184533,-0.298594316,0.008512212,0.017344827
8.509820000000001,0.002876691,0.019062833,0.954171991,-0.298637131,0.954171991,-0.298637131,0.008504594,0.017301409
8.509840000000001,0.002859844,0.019022433,0.954159405,-0.29868008,0.954159405,-0.29868008,0.008496948,0.017257852
8.509860000000000,0.002842939,0.018981903,0.954146776,-0.298723164,0.954146776,-0.298723164,0.008489274,0.017214155
8.509880000000001,0.002825976,0.018941245,0.954134102,-0.298766385,0.954134102,-0.298766385,0.00848157,0.017170317
8.509900000000000,0.002808954,0.018900456,0.954121385,-0.298809741,0.954121385,-0.298809741,0.008473838,0.017126339
8.509920000000001,0.002791873,0.018859536,0.954108623,-0.298853235,0.954108623,-0.298853235,0.008466076,0.017082218
8.509940000000000,0.002774734,0.018818485,0.954095817,-0.298896866,0.954095817,-0.298896866,0.008458285,0.017037955
8.509960000000001,0.002757534,0.018777302,0.954082966,-0.298940636,0.954082966,-0.298940636,0.008450465,0.016993549
8.509980000000001,0.002740275,0.018735986,0.954070069,-0.298984545,0.954070069,-0.298984545,0.008442615,0.016948999
8.510000000000000,0.002722955,0.018694537,0.954057128,-0.299028593,0.954057128,-0.299028593,0.008434735,0.016904304
8.510020000000001,0.002705575,0.018652955,0.954044141,-0.299072782,0.954044141,-0.299072782,0.008426826,0.016859464
8.510040000000000,0.002688135,0.018611237,0.954031108,-0.299117113,0.954031108,-0.299117113,0.008418886,0.016814477
8.510060000000001,0.002670633,0.018569385,0.954018029,-0.299161585,0.954018029,-0.299161585,0.008410916,0.016769344
8.510080000000000,0.00265307,0.018527396,0.954004904,-0.299206199,0.954004904,-0.299206199,0.008402915,0.016724063
8.510100000000001,0.002635445,0.018485271,0.953991732,-0.299250957,0.953991732,-0.299250957,0.008394884,0.016678635
8.510120000000001,0.002617759,0.018443009,0.953978513,-0.299295859,0.953978513,-0.299295859,0.008386822,0.016633057
8.510140000000000,0.002600009,0.018400609,0.953965248,-0.299340906,0.953965248,-0.299340906,0.00837873,0.016587329
8.510160000000001,0.002582198,0.01835807,0.953951935,-0.299386097,0.953951935,-0.299386097,0.008370606,0.016541451
8.510180000000000,0.002564323,0.018315392,0.953938575,-0.299431435,0.953938575,-0.299431435,0.00836245,0.016495422
8.510200000000001,0.002546385,0.018272574,0.953925167,-0.29947692,0.953925167,-0.29947692,0.008354264,0.016449241
8.510220000000000,0.002528383,0.018229616,0.953911711,-0.299522552,0.953911711,-0.299522552,0.008346045,0.016402908
8.510240000000001,0.002510317,0.018186516,0.953898206,-0.299568332,0.953898206,-0.299568332,0.008337795,0.01635642
8.510260000000001,0.002492187,0.018143275,0.953884653,-0.299614262,0.953884653,-0.299614262,0.008329513,0.016309779
8.510280000000000,0.002473992,0.01809989,0.953871051,-0.299660341,0.953871051,-0.299660341,0.008321198,0.016262983
8.510300000000001,0.002455732,0.018056363,0.953857401,-0.29970657,0.953857401,-0.29970657,0.008312852,0.016216031
8.510320000000000,0.002437407,0.018012691,0.9538437,-0.299752951,0.9538437,-0.299752951,0.008304472,0.016168923
8.510340000000001,0.002419015,0.017968874,0.953829949,-0.299799483,0.953829949,-0.299799483,0.00829606,0.016121657
8.510360000000000,0.002400558,0.017924912,0.953816148,-0.299846168,0.953816148,-0.299846168,0.008287615,0.016074234
8.510380000000001,0.002382035,0.017880804,0.953802297,-0.299893006,0.953802297,-0.299893006,0.008279137,0.016026651
8.510400000000001,0.002363444,0.017836548,0.953788395,-0.299939998,0.953788395,-0.299939998,0.008270625,0.015978909
8.510420000000000,0.002344787,0.017792145,0.953774443,-0.299987146,0.953774443,-0.299987146,0.00826208,0.015931006
8.510440000000001,0.002326062,0.017747594,0.95376044,-0.300034449,0.95376044,-0.300034449,0.008253501,0.015882943
8.510460000000000,0.002307269,0.017702893,0.953746385,-0.300081909,0.953746385,-0.300081909,0.008244889,0.015834717
8.510480000000001,0.002288408,0.017658042,0.953732278,-0.300129526,0.953732278,-0.300129526,0.008236242,0.015786328
8.510500000000000,0.002269478,0.017613041,0.95371812,-0.300177301,0.95371812,-0.300177301,0.008227561,0.015737776
8.510520000000001,0.002250479,0.017567888,0.95370391,-0.300225235,0.95370391,-0.300225235,0.008218845,0.015689059
8.510540000000001,0.002231411,0.017522583,0.953689647,-0.300273329,0.953689647,-0.300273329,0.008210095,0.015640176
8.510560000000000,0.002212273,0.017477125,0.953675331,-0.300321583,0.953675331,-0.300321583,0.00820131,0.015591128
8.510580000000001,0.002193065,0.017431514,0.953660962,-0.300369999,0.953660962,-0.300369999,0.00819249,0.015541912
8.510600000000000,0.002173787,0.017385747,0.95364654,-0.300418576,0.95364654,-0.300418576,0.008183634,0.015492529
8.510620000000001,0.002154437,0.017339826,0.953632064,-0.300467317,0.953632064,-0.300467317,0.008174743,0.015442977
8.510640000000000,0.002135017,0.017293748,0.953617535,-0.300516222,0.953617535,-0.300516222,0.008165816,0.015393255
8.510660000000000,0.002115524,0.017247514,0.953602951,-0.300565291,0.953602951,-0.300565291,0.008156853,0.015343363
8.510680000000001,0.00209596,0.017201122,0.953588312,-0.300614525,0.953588312,-0.300614525,0.008147855,0.015293299
8.510700000000000,0.002076323,0.017154571,0.953573619,-0.300663926,0.953573619,-0.300663926,0.008138819,0.015243063
8.510720000000001,0.002056613,0.017107861,0.95355887,-0.300713495,0.95355887,-0.300713495,0.008129748,0.015192654
8.510740000000000,0.00203683,0.017060991,0.953544066,-0.300763231,0.953544066,-0.300763231,0.008120639,0.015142071
8.510760000000001,0.002016974,0.01701396,0.953529207,-0.300813136,0.953529207,-0.300813136,0.008111493,0.015091313
8.510780000000000,0.001997043,0.016966767,0.953514291,-0.300863211,0.953514291,-0.300863211,0.008102311,0.01504038
8.510800000000000,0.001977038,0.016919412,0.953499318,-0.300913456,0.953499318,-0.300913456,0.00809309,0.014989269
8.510820000000001,0.001956958,0.016871893,0.953484289,-0.300963874,0.953484289,-0.300963874,0.008083833,0.014937981
8.510840000000000,0.001936803,0.01682421,0.953469203,-0.301014463,0.953469203,-0.301014463,0.008074537,0.014886515
8.510860000000001,0.001916572,0.016776362,0.95345406,-0.301065226,0.95345406,-0.301065226,0.008065203,0.014834868
8.510880000000000,0.001896264,0.016728348,0.953438858,-0.301116163,0.953438858,-0.301116163,0.008055831,0.014783042
8.510900000000001,0.00187588,0.016680167,0.953423599,-0.301167275,0.953423599,-0.301167275,0.00804642,0.014731034
8.510920000000000,0.00185542,0.016631818,0.953408281,-0.301218563,0.953408281,-0.301218563,0.00803697,0.014678844
8.510940000000000,0.001834881,0.016583301,0.953392905,-0.301270029,0.953392905,-0.301270029,0.008027481,0.01462647
8.510960000000001,0.001814265,0.016534614,0.953377469,-0.301321672,0.953377469,-0.301321672,0.008017953,0.014573912
8.510980000000000,0.001793571,0.016485757,0.953361974,-0.301373493,0.953361974,-0.301373493,0.008008386,0.014521169
8.511000000000001,0.001772797,0.016436729,0.953346419,-0.301425495,0.953346419,-0.301425495,0.007998779,0.01446824
8.511020000000000,0.001751945,0.016387528,0.953330804,-0.301477677,0.953330804,-0.301477677,0.007989132,0.014415124
8.511040000000001,0.001731013,0.016338155,0.953315129,-0.301530041,0.953315129,-0.301530041,0.007979444,0.014361819
8.511060000000001,0.00171,0.016288608,0.953299393,-0.301582588,0.953299393,-0.301582588,0.007969716,0.014308325
8.511080000000000,0.001688907,0.016238885,0.953283596,-0.301635318,0.953283596,-0.301635318,0.007959947,0.014254642
8.511100000000001,0.001667734,0.016188987,0.953267737,-0.301688233,0.953267737,-0.301688233,0.007950138,0.014200767
8.511120000000000,0.001646478,0.016138913,0.953251816,-0.301741333,0.953251816,-0.301741333,0.007940287,0.014146699
8.511140000000001,0.001625141,0.01608866,0.953235833,-0.30179462,0.953235833,-0.30179462,0.007930394,0.014092439
8.511160000000000,0.001603721,0.016038229,0.953219788,-0.301848095,0.953219788,-0.301848095,0.00792046,0.014037984
8.511180000000001,0.001582218,0.015987619,0.953203679,-0.301901757,0.953203679,-0.301901757,0.007910484,0.013983334
8.511200000000001,0.001560632,0.015936828,0.953187507,-0.30195561,0.953187507,-0.30195561,0.007900466,0.013928488
8.511220000000000,0.001538962,0.015885855,0.953171272,-0.302009653,0.953171272,-0.302009653,0.007890405,0.013873444
8.511240000000001,0.001517208,0.0158347,0.953154972,-0.302063887,0.953154972,-0.302063887,0.007880301,0.013818202
8.511260000000000,0.001495369,0.015783362,0.953138608,-0.302118314,0.953138608,-0.302118314,0.007870154,0.01376276
8.511280000000001,0.001473445,0.01573184,0.953122179,-0.302172935,0.953122179,-0.302172935,0.007859964,0.013707118
8.511300000000000,0.001451434,0.015680132,0.953105685,-0.30222775,0.953105685,-0.30222775,0.007849731,0.013651274
8.511320000000001,0.001429338,0.015628237,0.953089125,-0.302282761,0.953089125,-0.302282761,0.007839453,0.013595227
8.511340000000001,0.001407154,0.015576155,0.953072499,-0.302337969,0.953072499,-0.302337969,0.007829132,0.013538976
8.511360000000000,0.001384883,0.015523885,0.953055807,-0.302393374,0.953055807,-0.302393374,0.007818766,0.013482521
8.511380000000001,0.001362525,0.015471426,0.953039047,-0.302448979,0.953039047,-0.302448979,0.007808355,0.013425859
8.511400000000000,0.001340078,0.015418776,0.953022221,-0.302504784,0.953022221,-0.302504784,0.007797899,0.01336899
8.511420000000001,0.001317542,0.015365934,0.953005327,-0.302560789,0.953005327,-0.302560789,0.007787398,0.013311913
8.511440000000000,0.001294917,0.0153129,0.952988365,-0.302616997,0.952988365,-0.302616997,0.007776852,0.013254626
8.511460000000001,0.001272202,0.015259673,0.952971334,-0.302673408,0.952971334,-0.302673408,0.007766259,0.013197128
8.511480000000001,0.001249396,0.015206251,0.952954235,-0.302730024,0.952954235,-0.302730024,0.007755621,0.013139419
8.511500000000000,0.001226499,0.015152633,0.952937066,-0.302786845,0.952937066,-0.302786845,0.007744936,0.013081496
8.511520000000001,0.001203511,0.015098818,0.952919828,-0.302843872,0.952919828,-0.302843872,0.007734205,0.01302336
8.511540000000000,0.001180431,0.015044806,0.952902519,-0.302901108,0.952902519,-0.302901108,0.007723426,0.012965008
8.511560000000001,0.001157258,0.014990595,0.95288514,-0.302958552,0.95288514,-0.302958552,0.0077126,0.01290644
8.511580000000000,0.001133992,0.014936184,0.95286769,-0.303016207,0.95286769,-0.303016207,0.007701727,0.012847654
8.511600000000001,0.001110632,0.014881571,0.952850168,-0.303074072,0.952850168,-0.303074072,0.007690806,0.012788649
8.511620000000001,0.001087178,0.014826757,0.952832575,-0.30313215,0.952832575,-0.30313215,0.007679836,0.012729423
8.511640000000000,0.001063629,0.014771739,0.952814909,-0.303190442,0.952814909,-0.303190442,0.007668818,0.012669977
8.511660000000001,0.001039984,0.014716517,0.952797171,-0.303248949,0.952797171,-0.303248949,0.007657751,0.012610308
8.511680000000000,0.001016244,0.014661089,0.952779359,-0.303307671,0.952779359,-0.303307671,0.007646635,0.012550414
8.511700000000001,9.9240682761e-4,0.014605454,0.952761474,-0.303366611,0.952761474,-0.303366611,0.00763547,0.012490296
8.511720000000000,9.6847262404e-4,0.014549611,0.952743515,-0.303425769,0.952743515,-0.303425769,0.007624254,0.012429952
8.511740000000001,9.4444066266e-4,0.01449356,0.952725481,-0.303485147,0.952725481,-0.303485147,0.007612989,0.012369379
8.511760000000001,9.2031035128e-4,0.014437298,0.952707372,-0.303544745,0.952707372,-0.303544745,0.007601673,0.012308578
8.511780000000000,8.9608109308e-4,0.014380825,0.952689187,-0.303604566,0.952689187,-0.303604566,0.007590307,0.012247547
8.511800000000001,8.7175228653e-4,0.014324139,0.952670927,-0.30366461,0.952670927,-0.30366461,0.007578889,0.012186284
8.511820000000000,8.4732332540e-4,0.014267239,0.95265259,-0.303724879,0.95265259,-0.303724879,0.00756742,0.012124788
8.511840000000001,8.2279359872e-4,0.014210125,0.952634176,-0.303785373,0.952634176,-0.303785373,0.007555899,0.012063058
8.511860000000000,7.9816249072e-4,0.014152794,0.952615684,-0.303846095,0.952615684,-0.303846095,0.007544326,0.012001092
8.511880000000000,7.7342938078e-4,0.014095246,0.952597115,-0.303907045,0.952597115,-0.303907045,0.007532701,0.01193889
8.511900000000001,7.4859364345e-4,0.014037479,0.952578468,-0.303968225,0.952578468,-0.303968225,0.007521022,0.011876449
8.511920000000000,7.2365464834e-4,0.013979492,0.952559741,-0.304029636,0.952559741,-0.304029636,0.007509291,0.011813769
8.511940000000001,6.9861176013e-4,0.013921284,0.952540935,-0.304091279,0.952540935,-0.304091279,0.007497506,0.011750848
8.511960000000000,6.7346433852e-4,0.013862854,0.95252205,-0.304153156,0.95252205,-0.304153156,0.007485668,0.011687684
8.511980000000001,6.4821173820e-4,0.0138042,0.952503083,-0.304215268,0.952503083,-0.304215268,0.007473775,0.011624277
8.512000000000000,6.2285330879e-4,0.013745321,0.952484036,-0.304277617,0.952484036,-0.304277617,0.007461828,0.011560625
8.512020000000000,5.9738839482e-4,0.013686216,0.952464908,-0.304340203,0.952464908,-0.304340203,0.007449825,0.011496726
8.512040000000001,5.7181633571e-4,0.013626884,0.952445698,-0.304403029,0.952445698,-0.304403029,0.007437768,0.011432579
8.512060000000000,5.4613646572e-4,0.013567322,0.952426405,-0.304466095,0.952426405,-0.304466095,0.007425655,0.011368183
8.512080000000001,5.2034811388e-4,0.01350753,0.952407029,-0.304529402,0.952407029,-0.304529402,0.007413485,0.011303536
8.512100000000000,4.9445060403e-4,0.013447507,0.952387569,-0.304592953,0.952387569,-0.304592953,0.00740126,0.011238637
8.512120000000001,4.6844325472e-4,0.013387251,0.952368026,-0.304656749,0.952368026,-0.304656749,0.007388978,0.011173484
8.512140000000000,4.4232537922e-4,0.013326761,0.952348397,-0.304720791,0.952348397,-0.304720791,0.007376638,0.011108075
8.512160000000000,4.1609628547e-4,0.013266035,0.952328684,-0.30478508,0.952328684,-0.30478508,0.007364241,0.01104241
8.512180000000001,3.8975527603e-4,0.013205073,0.952308885,-0.304849619,0.952308885,-0.304849619,0.007351786,0.010976487
8.512200000000000,3.6330164809e-4,0.013143872,0.952289,-0.304914408,0.952289,-0.304914408,0.007339273,0.010910304
8.512220000000001,3.3673469340e-4,0.013082431,0.952269028,-0.304979449,0.952269028,-0.304979449,0.007326701,0.010843859
8.512240000000000,3.1005369828e-4,0.013020749,0.952248968,-0.305044743,0.952248968,-0.305044743,0.00731407,0.010777152
8.512260000000001,2.8325794354e-4,0.012958825,0.95222882,-0.305110292,0.95222882,-0.305110292,0.00730138,0.01071018
8.512280000000001,2.5634670451e-4,0.012896657,0.952208584,-0.305176098,0.952208584,-0.305176098,0.00728863,0.010642942
8.512300000000000,2.2931925097e-4,0.012834243,0.952188259,-0.305242161,0.952188259,-0.305242161,0.00727582,0.010575437
8.512320000000001,2.0217484711e-4,0.012771583,0.952167844,-0.305308484,0.952167844,-0.305308484,0.007262948,0.010507662
8.512340000000000,1.7491275156e-4,0.012708674,0.952147339,-0.305375068,0.952147339,-0.305375068,0.007250016,0.010439617
8.512360000000001,1.4753221729e-4,0.012645515,0.952126742,-0.305441914,0.952126742,-0.305441914,0.007237023,0.0103713
8.512380000000000,1.2003249162e-4,0.012582105,0.952106055,-0.305509025,0.952106055,-0.305509025,0.007223967,0.010302708
8.512400000000001,9.2412816200e-5,0.012518443,0.952085275,-0.305576401,0.952085275,-0.305576401,0.007210849,0.010233841
8.512420000000001,6.4672426926e-5,0.012454526,0.952064402,-0.305644045,0.952064402,-0.305644045,0.007197669,0.010164696
8.512440000000000,3.6810553939e-5,0.012390353,0.952043436,-0.305711957,0.952043436,-0.305711957,0.007184425,0.010095272
8.512460000000001,8.8264215754e-6,0.012325923,0.952022376,-0.30578014,0.952022376,-0.30578014,0.007171117,0.010025568
8.512480000000000,-1.93E-05,0.012261234,0.952001221,-0.305848595,0.952001221,-0.305848595,0.007157746,0.009955581
8.512500000000001,-4.75E-05,0.012196284,0.951979971,-0.305917324,0.951979971,-0.305917324,0.00714431,0.00988531
8.512520000000000,-7.59E-05,0.012131073,0.951958625,-0.305986329,0.951958625,-0.305986329,0.00713081,0.009814753
8.512540000000001,-1.04E-04,0.012065597,0.951937182,-0.30605561,0.951937182,-0.30605561,0.007117244,0.009743908
8.512560000000001,-1.33E-04,0.011999856,0.951915643,-0.306125171,0.951915643,-0.306125171,0.007103613,0.009672774
8.512580000000000,-1.62E-04,0.011933848,0.951894005,-0.306195012,0.951894005,-0.306195012,0.007089915,0.009601349
8.512600000000001,-1.91E-04,0.011867572,0.951872269,-0.306265135,0.951872269,-0.306265135,0.007076151,0.009529631
8.512620000000000,-2.20E-04,0.011801025,0.951850433,-0.306335543,0.951850433,-0.306335543,0.007062319,0.009457617
8.512640000000001,-2.49E-04,0.011734206,0.951828498,-0.306406236,0.951828498,-0.306406236,0.007048421,0.009385307
8.512660000000000,-2.78E-04,0.011667113,0.951806461,-0.306477217,0.951806461,-0.306477217,0.007034454,0.009312698
8.512680000000001,-3.07E-04,0.011599744,0.951784324,-0.306548488,0.951784324,-0.306548488,0.007020419,0.009239788
8.512700000000001,-3.37E-04,0.011532098,0.951762084,-0.30662005,0.951762084,-0.30662005,0.007006315,0.009166576
8.512720000000000,-3.66E-04,0.011464173,0.951739742,-0.306691906,0.951739742,-0.306691906,0.006992142,0.009093059
8.512740000000001,-3.96E-04,0.011395967,0.951717295,-0.306764057,0.951717295,-0.306764057,0.006977899,0.009019235
8.512760000000000,-4.26E-04,0.011327478,0.951694745,-0.306836505,0.951694745,-0.306836505,0.006963587,0.008945103
8.512780000000001,-4.56E-04,0.011258703,0.951672089,-0.306909252,0.951672089,-0.306909252,0.006949203,0.00887066
8.512800000000000,-4.86E-04,0.011189642,0.951649328,-0.306982301,0.951649328,-0.306982301,0.006934749,0.008795904
8.512820000000001,-5.17E-04,0.011120292,0.95162646,-0.307055653,0.95162646,-0.307055653,0.006920223,0.008720833
8.512840000000001,-5.47E-04,0.01105065,0.951603484,-0.30712931,0.951603484,-0.30712931,0.006905625,0.008645444
8.512860000000000,-5.78E-04,0.010980716,0.951580399,-0.307203276,0.951580399,-0.307203276,0.006890956,0.008569735
8.512880000000001,-6.09E-04,0.010910485,0.951557206,-0.307277551,0.951557206,-0.307277551,0.006876213,0.008493704
8.512900000000000,-6.39E-04,0.010839957,0.951533902,-0.307352139,0.951533902,-0.307352139,0.006861397,0.008417348
8.512920000000001,-6.70E-04,0.010769128,0.951510487,-0.307427042,0.951510487,-0.307427042,0.006846508,0.008340665
8.512940000000000,-7.02E-04,0.010697996,0.95148696,-0.307502263,0.95148696,-0.307502263,0.006831545,0.008263651
8.512960000000001,-7.33E-04,0.010626559,0.95146332,-0.307577803,0.95146332,-0.307577803,0.006816507,0.008186304
8.512980000000001,-7.64E-04,0.010554813,0.951439566,-0.307653667,0.951439566,-0.307653667,0.006801395,0.008108621
8.513000000000000,-7.96E-04,0.010482755,0.951415696,-0.307729857,0.951415696,-0.307729857,0.006786208,0.008030599
8.513020000000001,-8.28E-04,0.010410382,0.95139171,-0.307806377,0.95139171,-0.307806377,0.006770946,0.007952233
8.513040000000000,-8.60E-04,0.010337691,0.951367606,-0.30788323,0.951367606,-0.30788323,0.006755609,0.007873521
8.513060000000001,-8.92E-04,0.010264676,0.951343382,-0.307960419,0.951343382,-0.307960419,0.006740195,0.007794457
8.513080000000000,-9.24E-04,0.010191335,0.951319038,-0.30803795,0.951319038,-0.30803795,0.006724705,0.007715038
8.513100000000000,-9.56E-04,0.010117662,0.951294571,-0.308115828,0.951294571,-0.308115828,0.006709137,0.007635258
8.513120000000001,-9.89E-04,0.010043652,0.95126998,-0.308194057,0.95126998,-0.308194057,0.00669349,0.007555112
8.513140000000000,-1.02E-03,0.009969301,0.951245263,-0.308272643,0.951245263,-0.308272643,0.00667776,0.007474594
8.513160000000001,-1.05E-03,0.009894604,0.951220417,-0.308351593,0.951220417,-0.308351593,0.006661944,0.007393698
8.513180000000000,-1.09E-03,0.009819559,0.951195441,-0.30843091,0.951195441,-0.30843091,0.006646034,0.007312421
8.513200000000001,-1.12E-03,0.009744167,0.951170334,-0.308510599,0.951170334,-0.308510599,0.006630023,0.007230762
8.513220000000000,-1.15E-03,0.009668432,0.951145096,-0.308590657,0.951145096,-0.308590657,0.006613902,0.007148723
8.513240000000000,-1.19E-03,0.009592363,0.951119728,-0.308671079,0.951119728,-0.308671079,0.006597665,0.007066312
8.513260000000001,-1.22E-03,0.009515968,0.951094234,-0.308751858,0.951094234,-0.308751858,0.006581311,0.006983537
8.513280000000000,-1.26E-03,0.009439256,0.951068615,-0.308832983,0.951068615,-0.308832983,0.006564842,0.006900407
8.513300000000001,-1.29E-03,0.009362231,0.951042874,-0.308914448,0.951042874,-0.308914448,0.006548266,0.00681693
8.513320000000000,-1.32E-03,0.009284892,0.951017011,-0.30899625,0.951017011,-0.30899625,0.006531592,0.006733105
8.513340000000001,-1.36E-03,0.009207234,0.950991026,-0.309078391,0.950991026,-0.309078391,0.006514826,0.006648929
8.513360000000000,-1.39E-03,0.009129252,0.950964917,-0.309160874,0.950964917,-0.309160874,0.006497971,0.006564398
8.513380000000000,-1.43E-03,0.009050941,0.950938683,-0.309243704,0.950938683,-0.309243704,0.006481031,0.006479507
8.513400000000001,-1.46E-03,0.008972296,0.950912321,-0.309326886,0.950912321,-0.309326886,0.006464004,0.006394251
8.513420000000000,-1.50E-03,0.008893312,0.950885831,-0.309410422,0.950885831,-0.309410422,0.00644689,0.006308625
8.513440000000001,-1.53E-03,0.008813987,0.950859211,-0.309494318,0.950859211,-0.309494318,0.006429688,0.006222625
8.513460000000000,-1.57E-03,0.008734318,0.95083246,-0.309578576,0.95083246,-0.309578576,0.006412396,0.006136249
8.513480000000001,-1.60E-03,0.008654301,0.950805577,-0.3096632,0.950805577,-0.3096632,0.006395014,0.006049493
8.513500000000001,-1.64E-03,0.008573934,0.95077856,-0.309748192,0.95077856,-0.309748192,0.006377539,0.005962354
8.513520000000000,-1.68E-03,0.008493215,0.950751408,-0.309833555,0.950751408,-0.309833555,0.006359972,0.005874829
8.513540000000001,-1.71E-03,0.00841214,0.950724121,-0.309919292,0.950724121,-0.309919292,0.006342311,0.005786915
8.513560000000000,-1.75E-03,0.008330706,0.950696696,-0.310005407,0.950696696,-0.310005407,0.006324556,0.005698609
8.513580000000001,-1.78E-03,0.008248911,0.950669133,-0.310091902,0.950669133,-0.310091902,0.006306707,0.005609907
8.513600000000000,-1.82E-03,0.008166752,0.950641431,-0.310178781,0.950641431,-0.310178781,0.006288761,0.005520806
8.513620000000001,-1.86E-03,0.008084224,0.950613588,-0.310266046,0.950613588,-0.310266046,0.00627072,0.005431304
8.513640000000001,-1.90E-03,0.008001327,0.950585603,-0.310353701,0.950585603,-0.310353701,0.006252582,0.005341396
8.513660000000000,-1.93E-03,0.007918055,0.950557475,-0.31044175,0.950557475,-0.31044175,0.006234346,0.005251079
8.513680000000001,-1.97E-03,0.007834407,0.950529203,-0.310530194,0.950529203,-0.310530194,0.006216011,0.00516035
8.513700000000000,-2.01E-03,0.007750378,0.950500785,-0.310619038,0.950500785,-0.310619038,0.006197578,0.005069205
8.513720000000001,-2.04E-03,0.007665967,0.950472219,-0.310708284,0.950472219,-0.310708284,0.006179044,0.004977641
8.513740000000000,-2.08E-03,0.007581169,0.950443506,-0.310797936,0.950443506,-0.310797936,0.00616041,0.004885655
8.513760000000001,-2.12E-03,0.007495983,0.950414642,-0.310887998,0.950414642,-0.310887998,0.006141674,0.004793243
8.513780000000001,-2.16E-03,0.007410404,0.950385628,-0.310978471,0.950385628,-0.310978471,0.006122835,0.004700402
8.513800000000000,-2.20E-03,0.00732443,0.950356462,-0.311069361,0.950356462,-0.311069361,0.006103892,0.004607129
8.513820000000001,-2.24E-03,0.007238057,0.950327142,-0.311160669,0.950327142,-0.311160669,0.006084845,0.00451342
8.513840000000000,-2.28E-03,0.007151284,0.950297667,-0.311252398,0.950297667,-0.311252398,0.006065692,0.004419272
8.513860000000001,-2.31E-03,0.007064106,0.950268037,-0.311344553,0.950268037,-0.311344553,0.006046432,0.004324682
8.513880000000000,-2.35E-03,0.006976521,0.950238249,-0.311437137,0.950238249,-0.311437137,0.006027065,0.004229646
8.513900000000001,-2.39E-03,0.006888526,0.950208302,-0.311530151,0.950208302,-0.311530151,0.006007589,0.004134161
8.513920000000001,-2.43E-03,0.006800117,0.950178195,-0.311623601,0.950178195,-0.311623601,0.005988003,0.004038223
8.513940000000000,-2.47E-03,0.006711292,0.95014791,-0.311717483,0.95014791,-0.311717483,0.005968307,0.003941829
8.513960000000001,-2.51E-03,0.006622048,0.950117455,-0.311811804,0.950117455,-0.311811804,0.005948499,0.003844977
8.513980000000000,-2.55E-03,0.006532381,0.950086838,-0.31190657,0.950086838,-0.31190657,0.005928578,0.003747662
8.514000000000001,-2.59E-03,0.006442289,0.950056057,-0.312001784,0.950056057,-0.312001784,0.005908543,0.003649881
8.514020000000000,-2.64E-03,0.006351769,0.950025111,-0.31209745,0.950025111,-0.31209745,0.005888393,0.00355163
8.514040000000001,-2.68E-03,0.006260817,0.949993998,-0.31219357,0.949993998,-0.31219357,0.005868127,0.003452907
8.514060000000001,-2.72E-03,0.00616943,0.949962717,-0.312290149,0.949962717,-0.312290149,0.005847744,0.003353707
8.514080000000000,-2.76E-03,0.006077606,0.949931267,-0.312387189,0.949931267,-0.312387189,0.005827243,0.003254028
8.514100000000001,-2.80E-03,0.00598534,0.949899645,-0.312484694,0.949899645,-0.312484694,0.005806622,0.003153866
8.514120000000000,-2.84E-03,0.005892631,0.949867852,-0.312582667,0.949867852,-0.312582667,0.005785881,0.003053217
8.514140000000001,-2.88E-03,0.005799474,0.949835884,-0.312681112,0.949835884,-0.312681112,0.005765019,0.002952077
8.514160000000000,-2.93E-03,0.005705867,0.949803741,-0.312780032,0.949803741,-0.312780032,0.005744034,0.002850443
8.514180000000001,-2.97E-03,0.005611806,0.949771421,-0.31287943,0.949771421,-0.31287943,0.005722925,0.002748312
8.514200000000001,-3.01E-03,0.005517288,0.949738922,-0.31297931,0.949738922,-0.31297931,0.005701691,0.00264568
8.514220000000000,-3.06E-03,0.005422309,0.949706244,-0.313079676,0.949706244,-0.313079676,0.005680331,0.002542543
8.514240000000001,-3.10E-03,0.005326867,0.949673384,-0.31318053,0.949673384,-0.31318053,0.005658844,0.002438897
8.514260000000000,-3.14E-03,0.005230958,0.949640341,-0.313281878,0.949640341,-0.313281878,0.005637228,0.002334739
8.514280000000001,-3.19E-03,0.005134578,0.949607113,-0.313383721,0.949607113,-0.313383721,0.005615484,0.002230065
8.514300000000000,-3.23E-03,0.005037725,0.949573699,-0.313486065,0.949573699,-0.313486065,0.005593608,0.00212487
8.514320000000000,-3.27E-03,0.004940393,0.949540097,-0.313588912,0.949540097,-0.313588912,0.005571601,0.002019152
8.514340000000001,-3.32E-03,0.004842581,0.949506306,-0.313692266,0.949506306,-0.313692266,0.00554946,0.001912906
8.514360000000000,-3.36E-03,0.004744285,0.949472324,-0.313796131,0.949472324,-0.313796131,0.005527185,0.001806129
8.514380000000001,-3.41E-03,0.004645501,0.949438149,-0.313900512,0.949438149,-0.313900512,0.005504775,0.001698816
8.514400000000000,-3.45E-03,0.004546225,0.949403779,-0.31400541,0.949403779,-0.31400541,0.005482228,0.001590963
8.514420000000001,-3.50E-03,0.004446453,0.949369214,-0.314110832,0.949369214,-0.314110832,0.005459543,0.001482567
8.514440000000000,-3.54E-03,0.004346183,0.949334451,-0.314216779,0.949334451,-0.314216779,0.005436718,0.001373623
8.514460000000000,-3.59E-03,0.00424541,0.949299488,-0.314323257,0.949299488,-0.314323257,0.005413754,0.001264127
8.514480000000001,-3.64E-03,0.004144131,0.949264324,-0.31443027,0.949264324,-0.31443027,0.005390647,0.001154075
8.514500000000000,-3.68E-03,0.004042342,0.949228957,-0.314537821,0.949228957,-0.314537821,0.005367397,0.001043463
8.514520000000001,-3.73E-03,0.003940039,0.949193386,-0.314645914,0.949193386,-0.314645914,0.005344003,9.3228580925e-4
8.514540000000000,-3.78E-03,0.003837218,0.949157608,-0.314754553,0.949157608,-0.314754553,0.005320463,8.2054030040e-4
8.514560000000001,-3.82E-03,0.003733875,0.949121621,-0.314863744,0.949121621,-0.314863744,0.005296776,7.0822168087e-4
8.514580000000000,-3.87E-03,0.003630007,0.949085425,-0.314973489,0.949085425,-0.314973489,0.005272941,5.9532557240e-4
8.514600000000000,-3.92E-03,0.003525609,0.949049017,-0.315083793,0.949049017,-0.315083793,0.005248955,4.8184755181e-4
8.514620000000001,-3.97E-03,0.003420677,0.949012394,-0.31519466,0.949012394,-0.31519466,0.005224819,3.6778315024e-4
8.514640000000000,-4.02E-03,0.003315208,0.948975556,-0.315306095,0.948975556,-0.315306095,0.005200529,2.5312785244e-4
8.514660000000001,-4.06E-03,0.003209197,0.948938501,-0.315418102,0.948938501,-0.315418102,0.005176086,1.3787709600e-4
8.514680000000000,-4.11E-03,0.00310264,0.948901226,-0.315530686,0.948901226,-0.315530686,0.005151487,2.2026270600e-5
8.514700000000001,-4.16E-03,0.002995533,0.948863729,-0.31564385,0.948863729,-0.31564385,0.005126731,-9.44E-05
8.514720000000001,-4.21E-03,0.002887872,0.948826008,-0.3157576,0.948826008,-0.3157576,0.005101816,-2.11E-04
8.514740000000000,-4.26E-03,0.002779652,0.948788062,-0.315871939,0.948788062,-0.315871939,0.005076742,-3.29E-04
8.514760000000001,-4.31E-03,0.002670869,0.948749889,-0.315986873,0.948749889,-0.315986873,0.005051506,-4.47E-04
8.514780000000000,-4.36E-03,0.002561519,0.948711486,-0.316102406,0.948711486,-0.316102406,0.005026107,-5.66E-04
8.514800000000001,-4.41E-03,0.002451597,0.948672851,-0.316218542,0.948672851,-0.316218542,0.005000543,-6.86E-04
8.514820000000000,-4.46E-03,0.002341099,0.948633982,-0.316335288,0.948633982,-0.316335288,0.004974813,-8.06E-04
8.514840000000001,-4.51E-03,0.002230021,0.948594878,-0.316452646,0.948594878,-0.316452646,0.004948916,-9.27E-04
8.514860000000001,-4.57E-03,0.002118357,0.948555535,-0.316570623,0.948555535,-0.316570623,0.004922849,-1.05E-03
8.514880000000000,-4.62E-03,0.002006103,0.948515952,-0.316689222,0.948515952,-0.316689222,0.00489661,-1.17E-03
8.514900000000001,-4.67E-03,0.001893255,0.948476126,-0.31680845,0.948476126,-0.31680845,0.004870199,-1.29E-03
8.514920000000000,-4.72E-03,0.001779808,0.948436056,-0.31692831,0.948436056,-0.31692831,0.004843614,-1.42E-03
8.514940000000001,-4.78E-03,0.001665757,0.948395738,-0.317048809,0.948395738,-0.317048809,0.004816853,-1.54E-03
8.514960000000000,-4.83E-03,0.001551097,0.948355172,-0.317169951,0.948355172,-0.317169951,0.004789914,-1.67E-03
8.514980000000001,-4.88E-03,0.001435824,0.948314344,-0.317291738,0.948314344,-0.317291738,0.004762795,-1.79E-03
8.515000000000001,-4.94E-03,0.001319932,0.948273259,-0.317414177,0.948273259,-0.317414177,0.004735494,-1.92E-03
8.515020000000000,-4.99E-03,0.001203417,0.948231918,-0.317537276,0.948231918,-0.317537276,0.004708011,-2.04E-03
8.515040000000001,-5.04E-03,0.001086273,0.948190318,-0.317661038,0.948190318,-0.317661038,0.004680343,-2.17E-03
8.515060000000000,-5.10E-03,9.6849603460e-4,0.948148456,-0.31778547,0.948148456,-0.31778547,0.004652488,-2.30E-03
8.515080000000001,-5.15E-03,8.5008000609e-4,0.948106332,-0.317910578,0.948106332,-0.317910578,0.004624444,-2.43E-03
8.515100000000000,-5.21E-03,7.3102007858e-4,0.948063941,-0.318036366,0.948063941,-0.318036366,0.00459621,-2.56E-03
8.515120000000001,-5.26E-03,6.1131100009e-4,0.948021281,-0.31816284,0.948021281,-0.31816284,0.004567784,-2.69E-03
8.515140000000001,-5.32E-03,4.9094746007e-4,0.947978351,-0.318290006,0.947978351,-0.318290006,0.004539163,-2.82E-03
8.515160000000000,-5.38E-03,3.6992408884e-4,0.947935146,-0.318417869,0.947935146,-0.318417869,0.004510346,-2.95E-03
8.515180000000001,-5.43E-03,2.4823545681e-4,0.947891666,-0.318546436,0.947891666,-0.318546436,0.00448133,-3.08E-03
8.515200000000000,-5.49E-03,1.2587607387e-4,0.947847907,-0.318675713,0.947847907,-0.318675713,0.004452115,-3.22E-03
8.515220000000001,-5.55E-03,2.8403886943e-6,0.947803866,-0.318805704,0.947803866,-0.318805704,0.004422697,-3.35E-03
8.515240000000000,-5.61E-03,-1.21E-04,0.947759541,-0.318936417,0.947759541,-0.318936417,0.004393075,-3.49E-03
8.515260000000001,-5.66E-03,-2.45E-04,0.947714929,-0.319067857,0.947714929,-0.319067857,0.004363247,-3.62E-03
8.515280000000001,-5.72E-03,-3.70E-04,0.947670027,-0.31920003,0.947670027,-0.31920003,0.00433321,-3.76E-03
8.515300000000000,-5.78E-03,-4.96E-04,0.947624833,-0.319332942,0.947624833,-0.319332942,0.004302963,-3.89E-03
8.515320000000001,-5.84E-03,-6.23E-04,0.947579343,-0.319466601,0.947579343,-0.319466601,0.004272503,-4.03E-03
8.515340000000000,-5.90E-03,-7.50E-04,0.947533555,-0.319601011,0.947533555,-0.319601011,0.004241828,-4.17E-03
8.515360000000001,-5.96E-03,-8.78E-04,0.947487466,-0.31973618,0.947487466,-0.31973618,0.004210936,-4.31E-03
8.515380000000000,-6.02E-03,-1.01E-03,0.947441073,-0.319872114,0.947441073,-0.319872114,0.004179825,-4.45E-03
8.515400000000001,-6.08E-03,-1.14E-03,0.947394373,-0.320008819,0.947394373,-0.320008819,0.004148492,-4.59E-03
8.515420000000001,-6.14E-03,-1.27E-03,0.947347363,-0.320146302,0.947347363,-0.320146302,0.004116935,-4.73E-03
8.515440000000000,-6.21E-03,-1.40E-03,0.94730004,-0.32028457,0.94730004,-0.32028457,0.004085153,-4.88E-03
8.515460000000001,-6.27E-03,-1.53E-03,0.9472524,-0.320423629,0.9472524,-0.320423629,0.004053141,-5.02E-03
8.515480000000000,-6.33E-03,-1.66E-03,0.947204441,-0.320563487,0.947204441,-0.320563487,0.004020899,-5.16E-03
8.515500000000001,-6.39E-03,-1.79E-03,0.94715616,-0.32070415,0.94715616,-0.32070415,0.003988424,-5.31E-03
8.515520000000000,-6.46E-03,-1.93E-03,0.947107553,-0.320845626,0.947107553,-0.320845626,0.003955713,-5.45E-03
8.515540000000000,-6.52E-03,-2.06E-03,0.947058617,-0.32098792,0.947058617,-0.32098792,0.003922764,-5.60E-03
8.515560000000001,-6.58E-03,-2.20E-03,0.947009348,-0.321131041,0.947009348,-0.321131041,0.003889574,-5.75E-03
8.515580000000000,-6.65E-03,-2.33E-03,0.946959744,-0.321274996,0.946959744,-0.321274996,0.003856141,-5.90E-03
8.515600000000001,-6.71E-03,-2.47E-03,0.946909801,-0.321419792,0.946909801,-0.321419792,0.003822462,-6.05E-03
8.515620000000000,-6.78E-03,-2.61E-03,0.946859515,-0.321565436,0.946859515,-0.321565436,0.003788534,-6.20E-03
8.515640000000001,-6.84E-03,-2.75E-03,0.946808883,-0.321711937,0.946808883,-0.321711937,0.003754356,-6.35E-03
8.515660000000000,-6.91E-03,-2.89E-03,0.946757902,-0.3218593,0.946757902,-0.3218593,0.003719924,-6.50E-03
8.515680000000000,-6.98E-03,-3.03E-03,0.946706568,-0.322007535,0.946706568,-0.322007535,0.003685235,-6.65E-03
8.515700000000001,-7.04E-03,-3.17E-03,0.946654877,-0.322156649,0.946654877,-0.322156649,0.003650287,-6.81E-03
8.515720000000000,-7.11E-03,-3.31E-03,0.946602825,-0.32230665,0.946602825,-0.32230665,0.003615077,-6.96E-03
8.515740000000001,-7.18E-03,-3.45E-03,0.94655041,-0.322457545,0.94655041,-0.322457545,0.003579602,-7.12E-03
8.515760000000000,-7.25E-03,-3.60E-03,0.946497626,-0.322609344,0.946497626,-0.322609344,0.00354386,-7.28E-03
8.515780000000001,-7.32E-03,-3.74E-03,0.946444471,-0.322762053,0.946444471,-0.322762053,0.003507846,-7.43E-03
8.515800000000000,-7.39E-03,-3.89E-03,0.94639094,-0.322915681,0.94639094,-0.322915681,0.00347156,-7.59E-03
8.515820000000000,-7.46E-03,-4.03E-03,0.94633703,-0.323070237,0.94633703,-0.323070237,0.003434996,-7.75E-03
8.515840000000001,-7.53E-03,-4.18E-03,0.946282736,-0.323225729,0.946282736,-0.323225729,0.003398153,-7.91E-03
8.515860000000000,-7.60E-03,-4.33E-03,0.946228055,-0.323382165,0.946228055,-0.323382165,0.003361027,-8.07E-03
8.515880000000001,-7.67E-03,-4.48E-03,0.946172982,-0.323539555,0.946172982,-0.323539555,0.003323615,-8.24E-03
8.515900000000000,-7.74E-03,-4.63E-03,0.946117513,-0.323697906,0.946117513,-0.323697906,0.003285914,-8.40E-03
8.515920000000001,-7.81E-03,-4.78E-03,0.946061644,-0.323857228,0.946061644,-0.323857228,0.003247921,-8.56E-03
8.515940000000001,-7.89E-03,-4.93E-03,0.946005371,-0.32401753,0.946005371,-0.32401753,0.003209633,-8.73E-03
8.515960000000000,-7.96E-03,-5.08E-03,0.945948689,-0.32417882,0.945948689,-0.32417882,0.003171045,-8.90E-03
8.515980000000001,-8.03E-03,-5.24E-03,0.945891595,-0.324341109,0.945891595,-0.324341109,0.003132155,-9.06E-03
8.516000000000000,-8.11E-03,-5.39E-03,0.945834082,-0.324504404,0.945834082,-0.324504404,0.00309296,-9.23E-03
8.516020000000001,-8.18E-03,-5.55E-03,0.945776148,-0.324668717,0.945776148,-0.324668717,0.003053455,-9.40E-03
8.516040000000000,-8.26E-03,-5.70E-03,0.945717787,-0.324834055,0.945717787,-0.324834055,0.003013638,-9.57E-03
8.516060000000001,-8.34E-03,-5.86E-03,0.945658996,-0.325000429,0.945658996,-0.325000429,0.002973504,-9.75E-03
8.516080000000001,-8.41E-03,-6.02E-03,0.945599768,-0.325167849,0.945599768,-0.325167849,0.002933051,-9.92E-03
8.516100000000000,-8.49E-03,-6.18E-03,0.945540099,-0.325336325,0.945540099,-0.325336325,0.002892274,-0.010092894
8.516120000000001,-8.57E-03,-6.34E-03,0.945479985,-0.325505865,0.945479985,-0.325505865,0.002851169,-0.010268171
8.516140000000000,-8.65E-03,-6.50E-03,0.94541942,-0.325676482,0.94541942,-0.325676482,0.002809734,-0.010444572
8.516160000000001,-8.72E-03,-6.66E-03,0.9453584,-0.325848184,0.9453584,-0.325848184,0.002767964,-0.010622108
8.516180000000000,-8.80E-03,-6.82E-03,0.94529692,-0.326020983,0.94529692,-0.326020983,0.002725855,-0.010800791
8.516200000000001,-8.88E-03,-6.99E-03,0.945234973,-0.326194888,0.945234973,-0.326194888,0.002683403,-0.010980631
8.516220000000001,-8.96E-03,-7.15E-03,0.945172556,-0.326369911,0.945172556,-0.326369911,0.002640605,-0.011161639
8.516240000000000,-9.05E-03,-7.32E-03,0.945109663,-0.326546062,0.945109663,-0.326546062,0.002597455,-0.011343827
8.516260000000001,-9.13E-03,-7.49E-03,0.945046288,-0.326723353,0.945046288,-0.326723353,0.002553951,-0.011527206
8.516280000000000,-9.21E-03,-7.66E-03,0.944982426,-0.326901794,0.944982426,-0.326901794,0.002510087,-0.011711788
8.516300000000001,-9.29E-03,-7.83E-03,0.944918072,-0.327081396,0.944918072,-0.327081396,0.00246586,-0.011897585
8.516320000000000,-9.38E-03,-8.00E-03,0.944853219,-0.327262172,0.944853219,-0.327262172,0.002421264,-0.012084609
8.516340000000001,-9.46E-03,-8.17E-03,0.944787863,-0.327444131,0.944787863,-0.327444131,0.002376297,-0.012272871
8.516360000000001,-9.55E-03,-8.34E-03,0.944721997,-0.327627287,0.944721997,-0.327627287,0.002330953,-0.012462386
8.516380000000000,-9.63E-03,-8.52E-03,0.944655615,-0.327811651,0.944655615,-0.327811651,0.002285227,-0.012653163
8.516400000000001,-9.72E-03,-8.69E-03,0.944588712,-0.327997235,0.944588712,-0.327997235,0.002239116,-0.012845217
8.516420000000000,-9.80E-03,-8.87E-03,0.944521282,-0.328184051,0.944521282,-0.328184051,0.002192613,-0.013038561
8.516440000000001,-9.89E-03,-9.05E-03,0.944453318,-0.328372112,0.944453318,-0.328372112,0.002145716,-0.013233206
8.516460000000000,-9.98E-03,-9.23E-03,0.944384814,-0.328561429,0.944384814,-0.328561429,0.002098418,-0.013429167
8.516480000000001,-0.010068553,-9.41E-03,0.944315764,-0.328752016,0.944315764,-0.328752016,0.002050715,-0.013626456
8.516500000000001,-0.010158109,-9.59E-03,0.944246161,-0.328943885,0.944246161,-0.328943885,0.002002602,-0.013825087
8.516520000000000,-0.010248359,-9.77E-03,0.944175999,-0.329137049,0.944175999,-0.329137049,0.001954073,-0.014025075
8.516540000000001,-0.010339313,-9.96E-03,0.944105271,-0.329331522,0.944105271,-0.329331522,0.001905124,-0.014226431
8.516560000000000,-0.010430978,-0.010140446,0.944033971,-0.329527316,0.944033971,-0.329527316,0.001855749,-0.014429172
8.516580000000001,-0.010523362,-0.010326819,0.943962091,-0.329724446,0.943962091,-0.329724446,0.001805944,-0.01463331
8.516600000000000,-0.010616475,-0.010514462,0.943889625,-0.329922925,0.943889625,-0.329922925,0.001755701,-0.014838861
8.516620000000001,-0.010710323,-0.010703388,0.943816566,-0.330122766,0.943816566,-0.330122766,0.001705017,-0.015045839
8.516640000000001,-0.010804917,-0.010893609,0.943742906,-0.330323985,0.943742906,-0.330323985,0.001653885,-0.015254259
8.516660000000000,-0.010900264,-0.011085139,0.943668638,-0.330526594,0.943668638,-0.330526594,0.0016023,-0.015464136
8.516680000000001,-0.010996373,-0.011277992,0.943593755,-0.33073061,0.943593755,-0.33073061,0.001550256,-0.015675485
8.516700000000000,-0.011093255,-0.011472181,0.943518249,-0.330936045,0.943518249,-0.330936045,0.001497747,-0.015888321
8.516720000000001,-0.011190917,-0.01166772,0.943442113,-0.331142916,0.943442113,-0.331142916,0.001444767,-0.016102661
8.516740000000000,-0.011289369,-0.011864624,0.943365339,-0.331351237,0.943365339,-0.331351237,0.00139131,-0.016318521
8.516760000000000,-0.011388621,-0.012062905,0.943287919,-0.331561023,0.943287919,-0.331561023,0.00133737,-0.016535916
8.516780000000001,-0.011488682,-0.01226258,0.943209844,-0.331772291,0.943209844,-0.331772291,0.00128294,-0.016754862
8.516800000000000,-0.011589562,-0.012463662,0.943131108,-0.331985055,0.943131108,-0.331985055,0.001228015,-0.016975377
8.516820000000001,-0.011691271,-0.012666166,0.943051701,-0.332199331,0.943051701,-0.332199331,0.001172587,-0.017197477
8.516840000000000,-0.01179382,-0.012870108,0.942971615,-0.332415137,0.942971615,-0.332415137,0.00111665,-0.01742118
8.516860000000001,-0.011897217,-0.013075503,0.942890842,-0.332632488,0.942890842,-0.332632488,0.001060198,-0.017646502
8.516880000000000,-0.012001474,-0.013282365,0.942809373,-0.3328514,0.942809373,-0.3328514,0.001003222,-0.017873461
8.516900000000000,-0.012106602,-0.013490712,0.942727198,-0.333071891,0.942727198,-0.333071891,9.4571771435e-4,-0.018102076
8.516920000000001,-0.01221261,-0.013700558,0.94264431,-0.333293978,0.94264431,-0.333293978,8.8767640344e-4,-0.018332363
8.516940000000000,-0.012319511,-0.01391192,0.942560699,-0.333517679,0.942560699,-0.333517679,8.2909127815e-4,-0.018564342
8.516960000000001,-0.012427314,-0.014124815,0.942476355,-0.333743009,0.942476355,-0.333743009,7.6995500789e-4,-0.018798031
8.516980000000000,-0.012536032,-0.014339258,0.942391269,-0.333969989,0.942391269,-0.333969989,7.1026013375e-4,-0.019033449
8.517000000000001,-0.012645676,-0.014555268,0.942305432,-0.334198635,0.942305432,-0.334198635,6.4999906577e-4,-0.019270615
8.517020000000000,-0.012756258,-0.01477286,0.942218834,-0.334428966,0.942218834,-0.334428966,5.8916408001e-4,-0.019509549
8.517040000000000,-0.012867789,-0.014992053,0.942131465,-0.334661002,0.942131465,-0.334661002,5.2774731584e-4,-0.01975027
8.517060000000001,-0.012980281,-0.015212863,0.942043314,-0.334894759,0.942043314,-0.334894759,4.6574077281e-4,-0.019992798
8.517080000000000,-0.013093747,-0.015435309,0.941954372,-0.335130259,0.941954372,-0.335130259,4.0313630766e-4,-0.020237154
8.517100000000001,-0.0132082,-0.01565941,0.941864628,-0.33536752,0.941864628,-0.33536752,3.3992563120e-4,-0.020483358
8.517120000000000,-0.013323651,-0.015885182,0.941774071,-0.335606562,0.941774071,-0.335606562,2.7610030508e-4,-0.020731432
8.517140000000001,-0.013440115,-0.016112646,0.941682691,-0.335847406,0.941682691,-0.335847406,2.1165173858e-4,-0.020981396
8.517160000000001,-0.013557603,-0.016341819,0.941590477,-0.336090071,0.941590477,-0.336090071,1.4657118509e-4,-0.021233272
8.517180000000000,-0.01367613,-0.016572722,0.941497416,-0.336334578,0.941497416,-0.336334578,8.0849738822e-5,-0.021487082
8.517200000000001,-0.013795708,-0.016805374,0.941403499,-0.336580949,0.941403499,-0.336580949,1.4478331070e-5,-0.021742848
8.517220000000000,-0.013916353,-0.017039793,0.941308713,-0.336829205,0.941308713,-0.336829205,-5.26E-05,-0.022000593
8.517240000000001,-0.014038077,-0.017276002,0.941213046,-0.337079366,0.941213046,-0.337079366,-1.20E-04,-0.022260339
8.517260000000000,-0.014160895,-0.01751402,0.941116487,-0.337331457,0.941116487,-0.337331457,-1.89E-04,-0.022522111
8.517280000000001,-0.014284822,-0.017753867,0.941019023,-0.337585497,0.941019023,-0.337585497,-2.58E-04,-0.022785932
8.517300000000001,-0.014409873,-0.017995565,0.940920642,-0.337841511,0.940920642,-0.337841511,-3.27E-04,-0.023051825
8.517320000000000,-0.014536062,-0.018239135,0.940821331,-0.338099521,0.940821331,-0.338099521,-3.98E-04,-0.023319815
8.517340000000001,-0.014663404,-0.018484599,0.940721077,-0.338359551,0.940721077,-0.338359551,-4.69E-04,-0.023589927
8.517360000000000,-0.014791917,-0.018731979,0.940619867,-0.338621624,0.940619867,-0.338621624,-5.41E-04,-0.023862186
8.517380000000001,-0.014921614,-0.018981297,0.940517688,-0.338885764,0.940517688,-0.338885764,-6.14E-04,-0.024136617
8.517400000000000,-0.015052513,-0.019232577,0.940414525,-0.339151997,0.940414525,-0.339151997,-6.87E-04,-0.024413247
8.517420000000001,-0.015184631,-0.01948584,0.940310366,-0.339420346,0.940310366,-0.339420346,-7.61E-04,-0.024692102
8.517440000000001,-0.015317982,-0.01974111,0.940205195,-0.339690837,0.940205195,-0.339690837,-8.36E-04,-0.024973209
8.517460000000000,-0.015452586,-0.019998412,0.940099,-0.339963496,0.940099,-0.339963496,-9.12E-04,-0.025256594
8.517480000000001,-0.015588459,-0.020257769,0.939991763,-0.340238349,0.939991763,-0.340238349,-9.88E-04,-0.025542286
8.517500000000000,-0.015725619,-0.020519206,0.939883472,-0.340515422,0.939883472,-0.340515422,-1.07E-03,-0.025830313
8.517520000000001,-0.015864084,-0.020782748,0.939774111,-0.340794742,0.939774111,-0.340794742,-1.14E-03,-0.026120702
8.517540000000000,-0.016003871,-0.02104842,0.939663663,-0.341076336,0.939663663,-0.341076336,-1.22E-03,-0.026413484
8.517560000000001,-0.016145001,-0.021316249,0.939552114,-0.341360233,0.939552114,-0.341360233,-1.30E-03,-0.026708688
8.517580000000001,-0.016287492,-0.021586259,0.939439447,-0.34164646,0.939439447,-0.34164646,-1.38E-03,-0.027006344
8.517600000000000,-0.016431363,-0.021858478,0.939325646,-0.341935047,0.939325646,-0.341935047,-1.47E-03,-0.027306482
8.517620000000001,-0.016576635,-0.022132932,0.939210693,-0.342226021,0.939210693,-0.342226021,-1.55E-03,-0.027609133
8.517640000000000,-0.016723327,-0.02240965,0.939094573,-0.342519414,0.939094573,-0.342519414,-1.63E-03,-0.027914329
8.517660000000001,-0.016871459,-0.022688658,0.938977267,-0.342815255,0.938977267,-0.342815255,-1.72E-03,-0.028222101
8.517680000000000,-0.017021053,-0.022969986,0.938858757,-0.343113574,0.938858757,-0.343113574,-1.80E-03,-0.028532483
8.517700000000001,-0.01717213,-0.023253662,0.938739027,-0.343414404,0.938739027,-0.343414404,-1.89E-03,-0.028845507
8.517720000000001,-0.017324712,-0.023539716,0.938618056,-0.343717775,0.938618056,-0.343717775,-1.97E-03,-0.029161207
8.517740000000000,-0.017478821,-0.023828177,0.938495827,-0.344023719,0.938495827,-0.344023719,-2.06E-03,-0.029479618
8.517760000000001,-0.01763448,-0.024119075,0.93837232,-0.34433227,0.93837232,-0.34433227,-2.15E-03,-0.029800773
8.517780000000000,-0.01779171,-0.024412441,0.938247516,-0.344643461,0.938247516,-0.344643461,-2.24E-03,-0.03012471
8.517800000000001,-0.017950537,-0.024708307,0.938121394,-0.344957325,0.938121394,-0.344957325,-2.33E-03,-0.030451463
8.517820000000000,-0.018110983,-0.025006705,0.937993935,-0.345273898,0.937993935,-0.345273898,-2.42E-03,-0.030781069
8.517840000000001,-0.018273074,-0.025307666,0.937865116,-0.345593213,0.937865116,-0.345593213,-2.52E-03,-0.031113565
8.517860000000001,-0.018436834,-0.025611223,0.937734919,-0.345915307,0.937734919,-0.345915307,-2.61E-03,-0.03144899
8.517880000000000,-0.018602288,-0.025917411,0.937603319,-0.346240216,0.937603319,-0.346240216,-2.71E-03,-0.031787382
8.517900000000001,-0.018769462,-0.026226263,0.937470297,-0.346567977,0.937470297,-0.346567977,-2.80E-03,-0.03212878
8.517920000000000,-0.018938384,-0.026537813,0.937335828,-0.346898627,0.937335828,-0.346898627,-2.90E-03,-0.032473225
8.517940000000001,-0.019109079,-0.026852097,0.93719989,-0.347232204,0.93719989,-0.347232204,-3.00E-03,-0.032820756
8.517960000000000,-0.019281575,-0.027169151,0.93706246,-0.347568747,0.93706246,-0.347568747,-3.10E-03,-0.033171416
8.517980000000000,-0.0194559,-0.027489011,0.936923513,-0.347908296,0.936923513,-0.347908296,-3.20E-03,-0.033525246
8.518000000000001,-0.019632083,-0.027811714,0.936783025,-0.348250891,0.936783025,-0.348250891,-3.30E-03,-0.033882289
8.518020000000000,-0.019810153,-0.028137299,0.936640972,-0.348596573,0.936640972,-0.348596573,-3.41E-03,-0.034242589
8.518040000000001,-0.01999014,-0.028465802,0.936497326,-0.348945383,0.936497326,-0.348945383,-3.51E-03,-0.03460619
8.518060000000000,-0.020172074,-0.028797264,0.936352063,-0.349297365,0.936352063,-0.349297365,-3.62E-03,-0.034973138
8.518080000000001,-0.020355987,-0.029131724,0.936205156,-0.34965256,0.936205156,-0.34965256,-3.72E-03,-0.035343479
8.518100000000000,-0.020541909,-0.029469223,0.936056578,-0.350011013,0.936056578,-0.350011013,-3.83E-03,-0.035717259
8.518120000000000,-0.020729874,-0.029809802,0.9359063,-0.350372768,0.9359063,-0.350372768,-3.94E-03,-0.036094527
8.518140000000001,-0.020919915,-0.030153502,0.935754294,-0.350737872,0.935754294,-0.350737872,-4.05E-03,-0.03647533
8.518160000000000,-0.021112065,-0.030500367,0.935600532,-0.351106371,0.935600532,-0.351106371,-4.17E-03,-0.036859719
8.518180000000001,-0.021306359,-0.030850439,0.935444984,-0.351478311,0.935444984,-0.351478311,-4.28E-03,-0.037247744
8.518200000000000,-0.021502831,-0.031203764,0.935287619,-0.351853742,0.935287619,-0.351853742,-4.40E-03,-0.037639456
8.518220000000001,-0.021701519,-0.031560386,0.935128406,-0.352232711,0.935128406,-0.352232711,-4.51E-03,-0.038034908
8.518240000000000,-0.021902459,-0.031920351,0.934967314,-0.352615269,0.934967314,-0.352615269,-4.63E-03,-0.038434153
8.518260000000000,-0.022105688,-0.032283706,0.93480431,-0.353001467,0.93480431,-0.353001467,-4.75E-03,-0.038837245
8.518280000000001,-0.022311245,-0.032650498,0.934639361,-0.353391356,0.934639361,-0.353391356,-4.87E-03,-0.03924424
8.518300000000000,-0.02251917,-0.033020776,0.934472434,-0.353784989,0.934472434,-0.353784989,-5.00E-03,-0.039655195
8.518320000000001,-0.022729501,-0.033394589,0.934303493,-0.354182421,0.934303493,-0.354182421,-5.12E-03,-0.040070167
8.518340000000000,-0.022942282,-0.033771988,0.934132503,-0.354583705,0.934132503,-0.354583705,-5.25E-03,-0.040489214
8.518360000000001,-0.023157552,-0.034153024,0.933959428,-0.354988898,0.933959428,-0.354988898,-5.37E-03,-0.040912396
8.518380000000001,-0.023375356,-0.034537749,0.933784231,-0.355398057,0.933784231,-0.355398057,-5.50E-03,-0.041339775
8.518400000000000,-0.023595737,-0.034926216,0.933606874,-0.355811239,0.933606874,-0.355811239,-5.63E-03,-0.041771412
8.518420000000001,-0.023818739,-0.035318479,0.933427319,-0.356228504,0.933427319,-0.356228504,-5.77E-03,-0.042207371
8.518440000000000,-0.02404441,-0.035714594,0.933245524,-0.356649912,0.933245524,-0.356649912,-5.90E-03,-0.042647717
8.518460000000001,-0.024272796,-0.036114618,0.93306145,-0.357075524,0.93306145,-0.357075524,-6.04E-03,-0.043092515
8.518480000000000,-0.024503945,-0.036518607,0.932875055,-0.357505404,0.932875055,-0.357505404,-6.18E-03,-0.043541833
8.518500000000001,-0.024737906,-0.03692662,0.932686296,-0.357939615,0.932686296,-0.357939615,-6.32E-03,-0.043995739
8.518520000000001,-0.024974729,-0.037338716,0.93249513,-0.358378222,0.93249513,-0.358378222,-6.46E-03,-0.044454303
8.518540000000000,-0.025214467,-0.037754958,0.932301512,-0.358821292,0.932301512,-0.358821292,-6.60E-03,-0.044917596
8.518560000000001,-0.025457171,-0.038175405,0.932105391,-0.35926889,0.932105391,-0.35926889,-6.75E-03,-0.045385692
8.518580000000000,-0.025702896,-0.038600123,0.931906724,-0.359721088,0.931906724,-0.359721088,-6.90E-03,-0.045858665
8.518600000000001,-0.025951696,-0.039029175,0.931705464,-0.360177957,0.931705464,-0.360177957,-7.05E-03,-0.04633659
8.518620000000000,-0.026203623,-0.039462612,0.931501568,-0.360639551,0.931501568,-0.360639551,-7.20E-03,-0.046819528
8.518640000000001,-0.026458724,-0.039900485,0.931294991,-0.361105929,0.931294991,-0.361105929,-7.36E-03,-0.047307541
8.518660000000001,-0.026717061,-0.040342862,0.931085681,-0.361577164,0.931085681,-0.361577164,-7.51E-03,-0.04780071
8.518680000000000,-0.026978692,-0.040789813,0.930873586,-0.362053333,0.930873586,-0.362053333,-7.67E-03,-0.048299114
8.518700000000001,-0.027243681,-0.041241409,0.930658652,-0.362534513,0.930658652,-0.362534513,-7.83E-03,-0.048802839
8.518720000000000,-0.027512091,-0.041697721,0.930440822,-0.363020783,0.930440822,-0.363020783,-8.00E-03,-0.04931197
8.518740000000001,-0.027783987,-0.042158823,0.930220041,-0.363512225,0.930220041,-0.363512225,-8.16E-03,-0.049826593
8.518760000000000,-0.028059435,-0.042624792,0.92999625,-0.364008921,0.92999625,-0.364008921,-8.33E-03,-0.050346798
8.518780000000001,-0.028338504,-0.043095703,0.929769389,-0.364510955,0.929769389,-0.364510955,-8.50E-03,-0.050872675
8.518800000000001,-0.028621264,-0.043571635,0.929539397,-0.365018413,0.929539397,-0.365018413,-8.68E-03,-0.051404318
8.518820000000000,-0.028907787,-0.044052668,0.929306211,-0.365531384,0.929306211,-0.365531384,-8.85E-03,-0.05194182
8.518840000000001,-0.029198147,-0.044538883,0.929069766,-0.366049956,0.929069766,-0.366049956,-9.03E-03,-0.05248528
8.518860000000000,-0.029492419,-0.045030365,0.928829996,-0.366574223,0.928829996,-0.366574223,-9.21E-03,-0.053034795
8.518880000000001,-0.029790681,-0.045527198,0.928586832,-0.367104276,0.928586832,-0.367104276,-9.39E-03,-0.053590467
8.518900000000000,-0.030093013,-0.04602947,0.928340206,-0.367640213,0.928340206,-0.367640213,-9.58E-03,-0.0541524
8.518920000000001,-0.030399496,-0.04653727,0.928090044,-0.368182132,0.928090044,-0.368182132,-9.77E-03,-0.054720699
8.518940000000001,-0.030710214,-0.047050687,0.927836274,-0.368730131,0.927836274,-0.368730131,-9.96E-03,-0.055295472
8.518960000000000,-0.031025254,-0.047569816,0.92757882,-0.369284314,0.92757882,-0.369284314,-0.010159814,-0.05587683
8.518980000000001,-0.031344703,-0.04809475,0.927317604,-0.369844785,0.927317604,-0.369844785,-0.010358524,-0.056464885
8.519000000000000,-0.031668652,-0.048625587,0.927052545,-0.37041165,0.927052545,-0.37041165,-0.010560363,-0.057059754
8.519020000000001,-0.031997195,-0.049162425,0.926783563,-0.370985019,0.926783563,-0.370985019,-0.010765403,-0.057661554
8.519040000000000,-0.032330428,-0.049705367,0.926510572,-0.371565004,0.926510572,-0.371565004,-0.010973714,-0.058270407
8.519060000000001,-0.032668448,-0.050254515,0.926233485,-0.372151718,0.926233485,-0.372151718,-0.011185371,-0.058886435
8.519080000000001,-0.033011357,-0.050809974,0.925952214,-0.372745279,0.925952214,-0.372745279,-0.011400451,-0.059509766
8.519100000000000,-0.033359258,-0.051371854,0.925666666,-0.373345806,0.925666666,-0.373345806,-0.011619031,-0.060140529
8.519120000000001,-0.033712259,-0.051940264,0.925376747,-0.373953421,0.925376747,-0.373953421,-0.011841192,-0.060778857
8.519140000000000,-0.034070469,-0.052515318,0.925082361,-0.37456825,0.925082361,-0.37456825,-0.012067018,-0.061424885
8.519160000000001,-0.034434001,-0.05309713,0.924783407,-0.375190419,0.924783407,-0.375190419,-0.012296594,-0.062078752
8.519180000000000,-0.034802971,-0.05368582,0.924479782,-0.375820061,0.924479782,-0.375820061,-0.012530008,-0.0627406
8.519200000000000,-0.035177498,-0.054281509,0.92417138,-0.376457308,0.92417138,-0.376457308,-0.012767352,-0.063410575
8.519220000000001,-0.035557705,-0.054884319,0.923858093,-0.377102298,0.923858093,-0.377102298,-0.013008718,-0.064088825
8.519240000000000,-0.035943718,-0.055494377,0.923539809,-0.377755172,0.923539809,-0.377755172,-0.013254204,-0.064775504
8.519260000000001,-0.036335668,-0.056111813,0.923216411,-0.378416074,0.923216411,-0.378416074,-0.013503909,-0.065470768
8.519280000000000,-0.036733688,-0.056736759,0.922887781,-0.379085149,0.922887781,-0.379085149,-0.013757935,-0.066174777
8.519300000000001,-0.037137916,-0.057369352,0.922553796,-0.37976255,0.922553796,-0.37976255,-0.014016389,-0.066887695
8.519320000000000,-0.037548494,-0.058009729,0.92221433,-0.38044843,0.92221433,-0.38044843,-0.014279379,-0.06760969
8.519340000000000,-0.037965568,-0.058658032,0.921869253,-0.381142948,0.921869253,-0.381142948,-0.014547018,-0.068340935
8.519360000000001,-0.038389289,-0.059314408,0.92151843,-0.381846266,0.92151843,-0.381846266,-0.014819423,-0.069081607
8.519380000000000,-0.038819811,-0.059979006,0.921161723,-0.382558549,0.921161723,-0.382558549,-0.015096712,-0.069831885
8.519400000000001,-0.039257294,-0.060651977,0.92079899,-0.383279967,0.92079899,-0.383279967,-0.01537901,-0.070591957
8.519420000000000,-0.039701904,-0.061333478,0.920430082,-0.384010696,0.920430082,-0.384010696,-0.015666445,-0.071362013
8.519440000000001,-0.040153809,-0.062023669,0.920054848,-0.384750913,0.920054848,-0.384750913,-0.015959148,-0.072142248
8.519460000000000,-0.040613185,-0.062722714,0.919673132,-0.385500801,0.919673132,-0.385500801,-0.016257256,-0.072932861
8.519480000000000,-0.041080213,-0.063430781,0.919284771,-0.38626055,0.919284771,-0.38626055,-0.01656091,-0.073734059
8.519500000000001,-0.041555079,-0.064148042,0.918889599,-0.38703035,0.918889599,-0.38703035,-0.016870256,-0.074546053
8.519520000000000,-0.042037975,-0.064874673,0.918487442,-0.3878104,0.918487442,-0.3878104,-0.017185443,-0.075369059
8.519540000000001,-0.0425291,-0.065610856,0.918078124,-0.388600901,0.918078124,-0.388600901,-0.017506627,-0.076203298
8.519560000000000,-0.043028658,-0.066356774,0.917661459,-0.389402062,0.917661459,-0.389402062,-0.01783397,-0.077048999
8.519580000000001,-0.04353686,-0.067112619,0.917237257,-0.390214096,0.917237257,-0.390214096,-0.018167637,-0.077906396
8.519600000000001,-0.044053926,-0.067878585,0.916805322,-0.391037222,0.916805322,-0.391037222,-0.018507802,-0.078775728
8.519620000000000,-0.044580081,-0.068654871,0.916365451,-0.391871663,0.916365451,-0.391871663,-0.018854641,-0.079657243
8.519640000000001,-0.045115558,-0.069441682,0.915917433,-0.392717651,0.915917433,-0.392717651,-0.019208339,-0.080551194
8.519660000000000,-0.045660597,-0.070239229,0.915461052,-0.393575421,0.915461052,-0.393575421,-0.019569088,-0.081457841
8.519680000000001,-0.046215448,-0.071047726,0.914996081,-0.394445216,0.914996081,-0.394445216,-0.019937086,-0.082377452
8.519700000000000,-0.046780369,-0.071867395,0.914522289,-0.395327286,0.914522289,-0.395327286,-0.020312536,-0.0833103
8.519720000000001,-0.047355625,-0.072698462,0.914039435,-0.396221887,0.914039435,-0.396221887,-0.020695652,-0.084256669
8.519740000000001,-0.047941492,-0.07354116,0.913547268,-0.39712928,0.913547268,-0.39712928,-0.021086653,-0.085216849
8.519760000000000,-0.048538255,-0.074395727,0.913045532,-0.398049738,0.913045532,-0.398049738,-0.021485768,-0.086191138
8.519780000000001,-0.049146209,-0.075262409,0.912533957,-0.398983535,0.912533957,-0.398983535,-0.021893233,-0.087179843
8.519800000000000,-0.04976566,-0.076141457,0.912012267,-0.399930959,0.912012267,-0.399930959,-0.022309293,-0.088183278
8.519820000000001,-0.050396924,-0.077033129,0.911480175,-0.400892301,0.911480175,-0.400892301,-0.022734205,-0.08920177
8.519840000000000,-0.051040328,-0.077937691,0.910937382,-0.401867863,0.910937382,-0.401867863,-0.02316823,-0.09023565
8.519860000000001,-0.051696213,-0.078855413,0.91038358,-0.402857954,0.91038358,-0.402857954,-0.023611645,-0.091285264
8.519880000000001,-0.052364929,-0.079786577,0.909818448,-0.403862892,0.909818448,-0.403862892,-0.024064734,-0.092350963
8.519900000000000,-0.053046842,-0.080731468,0.909241653,-0.404883004,0.909241653,-0.404883004,-0.024527793,-0.093433112
8.519920000000001,-0.05374233,-0.081690382,0.90865285,-0.405918628,0.90865285,-0.405918628,-0.025001129,-0.094532084
8.519940000000000,-0.054451786,-0.082663622,0.908051681,-0.406970108,0.908051681,-0.406970108,-0.025485063,-0.095648266
8.519960000000001,-0.055175616,-0.083651498,0.907437773,-0.4080378,0.907437773,-0.4080378,-0.025979927,-0.096782053
8.519980000000000,-0.055914243,-0.08465433,0.90681074,-0.409122072,0.90681074,-0.409122072,-0.026486066,-0.097933854
8.520000000000001,-0.056668106,-0.085672448,0.90617018,-0.410223299,0.90617018,-0.410223299,-0.027003841,-0.099104091
8.520020000000001,-0.05743766,-0.086706188,0.905515675,-0.411341869,0.905515675,-0.411341869,-0.027533626,-0.100293197
8.520040000000000,-0.058223379,-0.087755898,0.90484679,-0.412478182,0.90484679,-0.412478182,-0.02807581,-0.101501618
8.520060000000001,-0.059025756,-0.088821933,0.904163074,-0.413632648,0.904163074,-0.413632648,-0.0286308,-0.102729815
8.520080000000000,-0.0598453,-0.089904662,0.903464057,-0.41480569,0.903464057,-0.41480569,-0.029199018,-0.103978263
8.520100000000001,-0.060682544,-0.091004461,0.902749248,-0.415997743,0.902749248,-0.415997743,-0.029780906,-0.10524745
8.520120000000000,-0.061538041,-0.092121717,0.902018139,-0.417209256,0.902018139,-0.417209256,-0.030376922,-0.106537881
8.520140000000001,-0.062412367,-0.093256828,0.901270198,-0.41844069,0.901270198,-0.41844069,-0.030987546,-0.107850076
8.520160000000001,-0.063306121,-0.094410205,0.900504873,-0.419692522,0.900504873,-0.419692522,-0.031613278,-0.109184571
8.520180000000000,-0.064219927,-0.09558227,0.899721586,-0.42096524,0.899721586,-0.42096524,-0.032254639,-0.110541919
8.520200000000001,-0.065154433,-0.096773454,0.898919737,-0.422259351,0.898919737,-0.422259351,-0.032912174,-0.111922692
8.520220000000000,-0.066110319,-0.097984205,0.898098699,-0.423575374,0.898098699,-0.423575374,-0.033586451,-0.113327479
8.520240000000001,-0.067088289,-0.09921498,0.897257817,-0.424913846,0.897257817,-0.424913846,-0.034278066,-0.114756887
8.520260000000000,-0.068089079,-0.100466251,0.896396408,-0.426275318,0.896396408,-0.426275318,-0.034987638,-0.116211545
8.520280000000001,-0.069113458,-0.101738503,0.895513759,-0.42766036,0.895513759,-0.42766036,-0.035715819,-0.117692099
8.520300000000001,-0.070162226,-0.103032234,0.894609125,-0.42906956,0.894609125,-0.42906956,-0.036463286,-0.119199219
8.520320000000000,-0.071236219,-0.104347959,0.893681728,-0.430503522,0.893681728,-0.430503522,-0.037230751,-0.120733595
8.520340000000001,-0.072336313,-0.105686204,0.892730752,-0.431962871,0.892730752,-0.431962871,-0.038018958,-0.122295941
8.520360000000000,-0.073463418,-0.107047513,0.891755347,-0.43344825,0.891755347,-0.43344825,-0.038828686,-0.123886995
8.520380000000001,-0.074618489,-0.108432444,0.890754621,-0.434960321,0.890754621,-0.434960321,-0.039660753,-0.125507516
8.520400000000000,-0.075802524,-0.109841571,0.889727642,-0.43649977,0.889727642,-0.43649977,-0.040516013,-0.127158293
8.520420000000000,-0.077016565,-0.111275485,0.888673433,-0.438067303,0.888673433,-0.438067303,-0.041395365,-0.128840138
8.520440000000001,-0.078261704,-0.112734793,0.88759097,-0.439663645,0.88759097,-0.439663645,-0.04229975,-0.13055389
8.520460000000000,-0.079539086,-0.114220121,0.886479181,-0.441289549,0.886479181,-0.441289549,-0.043230158,-0.13230042
8.520480000000001,-0.080849906,-0.115732109,0.88533694,-0.442945787,0.88533694,-0.442945787,-0.044187625,-0.134080623
8.520500000000000,-0.082195419,-0.117271418,0.884163069,-0.444633159,0.884163069,-0.444633159,-0.045173243,-0.135895428
8.520520000000001,-0.083576941,-0.118838726,0.882956327,-0.446352487,0.882956327,-0.446352487,-0.046188157,-0.137745796
8.520540000000000,-0.084995851,-0.120434731,0.881715415,-0.44810462,0.881715415,-0.44810462,-0.047233574,-0.139632717
8.520560000000000,-0.086453596,-0.122060148,0.880438965,-0.449890435,0.880438965,-0.449890435,-0.04831076,-0.141557218
8.520580000000001,-0.087951696,-0.123715713,0.879125542,-0.451710833,0.879125542,-0.451710833,-0.049421051,-0.14352036
8.520600000000000,-0.089491747,-0.125402181,0.877773634,-0.453566746,0.877773634,-0.453566746,-0.050565854,-0.14552324
8.520620000000001,-0.091075425,-0.127120326,0.876381653,-0.455459133,0.876381653,-0.455459133,-0.051746649,-0.147566992
8.520640000000000,-0.092704494,-0.128870944,0.874947925,-0.457388983,0.874947925,-0.457388983,-0.052964997,-0.149652789
8.520660000000001,-0.094380808,-0.130654848,0.873470688,-0.459357316,0.873470688,-0.459357316,-0.054222548,-0.151781846
8.520680000000000,-0.096106318,-0.132472875,0.871948086,-0.461365183,0.871948086,-0.461365183,-0.055521038,-0.153955416
8.520700000000000,-0.097883079,-0.134325879,0.87037816,-0.463413663,0.87037816,-0.463413663,-0.056862305,-0.156174798
8.520720000000001,-0.099713256,-0.136214736,0.868758845,-0.465503872,0.868758845,-0.465503872,-0.058248287,-0.158441332
8.520740000000000,-0.10159913,-0.13814034,0.86708796,-0.467636957,0.86708796,-0.467636957,-0.059681037,-0.160756405
8.520760000000001,-0.103543108,-0.140103604,0.865363205,-0.469814095,0.865363205,-0.469814095,-0.061162722,-0.16312145
8.520780000000000,-0.105547728,-0.142105463,0.863582145,-0.472036501,0.863582145,-0.472036501,-0.06269564,-0.165537948
8.520800000000001,-0.10761567,-0.144146867,0.861742208,-0.47430542,0.861742208,-0.47430542,-0.064282221,-0.16800743
8.520820000000001,-0.109749767,-0.146228783,0.859840674,-0.476622134,0.859840674,-0.476622134,-0.065925043,-0.170531474
8.520840000000000,-0.11195301,-0.148352195,0.857874661,-0.478987955,0.857874661,-0.478987955,-0.067626837,-0.173111713
8.520860000000001,-0.114228565,-0.1505181,0.855841119,-0.48140423,0.855841119,-0.48140423,-0.069390501,-0.17574983
8.520880000000000,-0.11657978,-0.152727509,0.853736814,-0.483872341,0.853736814,-0.483872341,-0.071219114,-0.178447561
8.520900000000001,-0.119010202,-0.154981441,0.851558316,-0.486393697,0.851558316,-0.486393697,-0.073115945,-0.181206696
8.520920000000000,-0.121523588,-0.157280925,0.849301987,-0.488969741,0.849301987,-0.488969741,-0.075084469,-0.184029079
8.520940000000001,-0.124123919,-0.159626991,0.846963963,-0.491601946,0.846963963,-0.491601946,-0.077128383,-0.186916607
8.520960000000001,-0.126815421,-0.162020672,0.844540138,-0.494291809,0.844540138,-0.494291809,-0.079251622,-0.189871232
8.520980000000000,-0.129602576,-0.164462995,0.842026147,-0.497040853,0.842026147,-0.497040853,-0.081458377,-0.192894959
8.521000000000001,-0.132490146,-0.166954978,0.839417347,-0.499850622,0.839417347,-0.499850622,-0.083753117,-0.195989843
8.521020000000000,-0.135483191,-0.169497624,0.836708794,-0.502722679,0.836708794,-0.502722679,-0.086140607,-0.199157994
8.521040000000001,-0.138587091,-0.172091911,0.833895221,-0.505658596,0.833895221,-0.505658596,-0.088625934,-0.202401564
8.521060000000000,-0.141807573,-0.174738787,0.830971015,-0.508659954,0.830971015,-0.508659954,-0.09121453,-0.205722755
8.521080000000001,-0.145150732,-0.177439156,0.827930186,-0.511728331,0.827930186,-0.511728331,-0.093912205,-0.209123807
8.521100000000001,-0.148623061,-0.180193871,0.82476634,-0.514865298,0.82476634,-0.514865298,-0.09672517,-0.212606997
8.521120000000000,-0.152231485,-0.183003717,0.82147265,-0.518072406,0.82147265,-0.518072406,-0.099660074,-0.216174629
8.521140000000001,-0.155983389,-0.185869396,0.818041815,-0.521351174,0.818041815,-0.521351174,-0.102724043,-0.219829029
8.521160000000000,-0.159886655,-0.188791509,0.814466028,-0.524703074,0.814466028,-0.524703074,-0.105924713,-0.223572533
8.521180000000001,-0.163949704,-0.191770534,0.81073693,-0.528129518,0.81073693,-0.528129518,-0.109270275,-0.227407477
8.521200000000000,-0.168181534,-0.194806804,0.80684557,-0.531631833,0.80684557,-0.531631833,-0.112769526,-0.231336177
8.521220000000001,-0.172591767,-0.197900475,0.802782353,-0.535211242,0.802782353,-0.535211242,-0.116431915,-0.235360916
8.521240000000001,-0.177190698,-0.201051496,0.798536988,-0.538868833,0.798536988,-0.538868833,-0.1202676,-0.239483922
8.521260000000000,-0.181989351,-0.204259569,0.794098431,-0.542605528,0.794098431,-0.542605528,-0.124287512,-0.243707339
8.521280000000001,-0.186999533,-0.207524105,0.789454824,-0.546422047,0.789454824,-0.546422047,-0.128503418,-0.248033197
8.521300000000000,-0.192233897,-0.210844171,0.784593421,-0.550318859,0.784593421,-0.550318859,-0.132927996,-0.252463379
8.521320000000001,-0.197706013,-0.214218435,0.779500522,-0.554296135,0.779500522,-0.554296135,-0.137574915,-0.25699957
8.521340000000000,-0.203430435,-0.217645091,0.774161387,-0.558353684,0.774161387,-0.558353684,-0.142458919,-0.261643213
8.521360000000001,-0.209422781,-0.221121784,0.768560154,-0.562490882,0.768560154,-0.562490882,-0.147595923,-0.266395439
8.521380000000001,-0.215699821,-0.224645514,0.762679739,-0.566706587,0.762679739,-0.566706587,-0.153003117,-0.271257001
8.521400000000000,-0.222279556,-0.228212528,0.756501744,-0.570999046,0.756501744,-0.570999046,-0.158699075,-0.276228184
8.521420000000001,-0.229181323,-0.231818197,0.750006341,-0.575365776,0.750006341,-0.575365776,-0.16470388,-0.281308702
8.521440000000000,-0.236425889,-0.23545687,0.743172159,-0.57980343,0.743172159,-0.57980343,-0.171039248,-0.286497579
8.521460000000001,-0.244035556,-0.239121704,0.735976163,-0.584307642,0.735976163,-0.584307642,-0.177728677,-0.291793004
8.521480000000000,-0.252034274,-0.242804472,0.728393516,-0.588872844,0.728393516,-0.588872844,-0.184797589,-0.297192166
8.521500000000001,-0.260447749,-0.246495328,0.720397451,-0.59349205,0.720397451,-0.59349205,-0.1922735,-0.302691048
8.521520000000001,-0.269303559,-0.250182554,0.71195912,-0.598156606,0.71195912,-0.598156606,-0.200186182,-0.3082842
8.521540000000000,-0.278631267,-0.253852243,0.703047454,-0.602855894,0.703047454,-0.602855894,-0.20856785,-0.313964457
8.521560000000001,-0.288462527,-0.257487953,0.693629011,-0.607576993,0.693629011,-0.607576993,-0.217453338,-0.319722613
8.521580000000000,-0.298831184,-0.261070286,0.683667833,-0.612304275,0.683667833,-0.612304275,-0.226880297,-0.325547038
8.521600000000001,-0.30977336,-0.264576419,0.673125312,-0.617018939,0.673125312,-0.617018939,-0.236889376,-0.331423227
8.521620000000000,-0.321327512,-0.267979546,0.661960064,-0.621698466,0.661960064,-0.621698466,-0.247524409,-0.337333266
8.521640000000000,-0.333534458,-0.271248239,0.650127832,-0.626315982,0.650127832,-0.626315982,-0.258832579,-0.343255211
8.521660000000001,-0.346437358,-0.27434572,0.637581433,-0.630839526,0.637581433,-0.630839526,-0.270864559,-0.349162358
8.521680000000000,-0.360081621,-0.277229007,0.624270746,-0.635231191,0.624270746,-0.635231191,-0.283674613,-0.355022391
8.521700000000001,-0.374514728,-0.279847952,0.610142788,-0.639446139,0.610142788,-0.639446139,-0.297320633,-0.360796386
8.521720000000000,-0.389785932,-0.282144138,0.59514189,-0.643431469,0.59514189,-0.643431469,-0.311864085,-0.366437662
8.521740000000001,-0.405945799,-0.284049631,0.579210019,-0.647124918,0.579210019,-0.647124918,-0.327369834,-0.371890449
8.521760000000000,-0.423045543,-0.285485581,0.562287286,-0.65045339,0.562287286,-0.65045339,-0.343905799,-0.377088359
8.521780000000000,-0.441136091,-0.286360661,0.544312705,-0.653331296,0.544312705,-0.653331296,-0.361542378,-0.381952646
8.521800000000001,-0.460266813,-0.286569367,0.525225277,-0.655658709,0.525225277,-0.655658709,-0.380351567,-0.386390246
8.521820000000000,-0.480483821,-0.285990181,0.504965485,-0.657319348,0.504965485,-0.657319348,-0.400405696,-0.39029159
8.521840000000001,-0.501827729,-0.284483651,0.483477318,-0.658178405,0.483477318,-0.658178405,-0.421775643,-0.393528217
8.521860000000000,-0.524330764,-0.281890449,0.460710941,-0.658080292,0.460710941,-0.658080292,-0.444528416,-0.395950223
8.521880000000001,-0.548013079,-0.278029528,0.436626178,-0.656846386,0.436626178,-0.656846386,-0.468723926,-0.397383622
8.521900000000000,-0.572878124,-0.272696531,0.411196955,-0.65427293,0.411196955,-0.65427293,-0.49441078,-0.397627763
8.521920000000000,-0.59890694,-0.265662699,0.384416883,-0.650129309,0.384416883,-0.650129309,-0.521620894,-0.396452985
8.521940000000001,-0.626051246,-0.256674596,0.356306129,-0.644157014,0.356306129,-0.644157014,-0.550362745,-0.39359882
8.521960000000000,-0.654225261,-0.245455098,0.326919699,-0.636069716,0.326919699,-0.636069716,-0.58061309,-0.388773157
8.521980000000001,-0.68329628,-0.231706179,0.296357157,-0.625555016,0.296357157,-0.625555016,-0.612307059,-0.381652903
8.522000000000000,-0.713074218,-0.215114185,0.264773659,-0.612278547,0.264773659,-0.612278547,-0.645326685,-0.37188687
8.522020000000001,-0.743300541,-0.195358354,0.232391946,-0.595891263,0.232391946,-0.595891263,-0.679488112,-0.359101724
8.522040000000001,-0.773637385,-0.172123381,0.19951461,-0.576040789,0.19951461,-0.576040789,-0.714528087,-0.34291196
8.522060000000000,-0.803658057,-0.145116753,0.166535501,-0.552387676,0.166535501,-0.552387676,-0.750090763,-0.322934884
8.522080000000001,-0.832840632,-0.114091278,0.133948619,-0.52462721,0.133948619,-0.52462721,-0.785716409,-0.29881141
8.522100000000000,-0.860566841,-0.078872755,0.102352282,-0.492516918,0.102352282,-0.492516918,-0.82083419,-0.270233076
8.522120000000001,-0.886128798,-0.039391854,0.072445945,-0.455909164,0.072445945,-0.455909164,-0.854761745,-0.236974959
8.522140000000000,-0.908746122,0.004281726,0.045016876,-0.414787169,0.045016876,-0.414787169,-0.886714505,-0.19893313
8.522160000000001,-0.927595505,0.051905779,0.02091432,-0.369301722,0.02091432,-0.369301722,-0.915827435,-0.156164185
8.522180000000001,-0.941853592,0.103035732,0.001009978,-0.319805757,0.001009978,-0.319805757,-0.941190685,-0.108924165
8.522200000000000,-0.950752656,0.156996364,-0.013854479,-0.266888769,-0.013854479,-0.266888769,-0.961898212,-0.057708746
8.522220000000001,-0.953662056,0.212933327,-0.022964844,-0.211328566,-0.022964844,-0.211328566,-0.977139968,-3.22E-03
8.522240000000000,-0.950232784,0.269166065,-0.026013481,-0.154651629,-0.026013481,-0.154651629,-0.986205456,0.052962303
8.522260000000001,-0.938727371,0.330682977,-0.021073747,-0.092058177,-0.021073747,-0.092058177,-0.988466959,0.116138194
8.522271403449281,-0.930066974,0.361922274,-0.01588163,-0.059893743,-0.01588163,-0.059893743,-0.986841623,0.148843596
8.522280000000000,-0.922069021,0.385230811,-0.010473096,-0.035724844,-0.010473096,-0.035724844,-0.984114834,0.173585862
8.522300000000001,-0.898931404,0.437616355,0.006839331,0.019165919,0.006839331,0.019165919,-0.972898364,0.230335657
8.522302087326658,-0.896169887,0.442916242,0.009011059,0.024765837,0.009011059,0.024765837,-0.971348973,0.236170135
8.522320000000001,-0.870004555,0.486768662,0.030292804,0.0714679,0.030292804,0.0714679,-0.955260762,0.285179388
8.522332068120246,-0.850083462,0.514450497,0.047127492,0.10132547,0.047127492,0.10132547,-0.941749846,0.316869521
8.522340000000000,-0.83609549,0.53173203,0.059186988,0.120137057,0.059186988,0.120137057,-0.931786021,0.336996584
8.522360000000001,-0.798118409,0.57182293,0.092684339,0.164389367,0.092684339,0.164389367,-0.90322398,0.384911323
8.522361361940357,-0.79540882,0.574363559,0.095109715,0.167227248,0.095109715,0.167227248,-0.901115398,0.38801477
8.522380000000000,-0.757057625,0.606610436,0.129849308,0.203685379,0.129849308,0.203685379,-0.870449461,0.428281142
8.522389984528154,-0.735716304,0.621924225,0.149472156,0.22134543,0.149472156,0.22134543,-0.852802837,0.448095409
8.522400000000001,-0.713907806,0.635903351,0.169709458,0.237723969,0.169709458,0.237723969,-0.834400521,0.466697566
8.522417951264110,-0.674180926,0.657532169,0.206998935,0.263727718,0.206998935,0.263727718,-0.80002989,0.496803017
8.522420000000000,-0.669617343,0.659725609,0.211314761,0.266424035,0.211314761,0.266424035,-0.796017195,0.499974392
8.522440000000001,-0.625043909,0.678280209,0.253785981,0.289893395,0.253785981,0.289893395,-0.756189719,0.528121972
8.522445277176274,-0.613331524,0.682337905,0.265036527,0.295243395,0.265036527,0.295243395,-0.745543501,0.534712147
8.522460000000001,-0.580925391,0.691906743,0.29634842,0.30838958,0.29634842,0.30838958,-0.715720478,0.551311783
8.522471976948344,-0.554979122,0.69788459,0.321604978,0.317233452,0.321604978,0.317233452,-0.691469988,0.562943132
8.522480000000000,-0.537865893,0.701038046,0.338350692,0.322278074,0.338350692,0.322278074,-0.67530063,0.569836797
8.522498064927563,-0.500275629,0.705825933,0.375370504,0.331222288,0.375370504,0.331222288,-0.639310498,0.582871066
8.522500000000001,-0.49633448,0.706160364,0.379270396,0.331992667,0.379270396,0.331992667,-0.63550005,0.5840725
8.522520000000000,-0.456673325,0.707779792,0.418709687,0.338001029,0.418709687,0.338001029,-0.596767938,0.594442013
8.522523555132416,-0.449838094,0.70773927,0.42554207,0.338717235,0.42554207,0.338717235,-0.590022117,0.595914086
8.522540000000001,-0.419111856,0.706396162,0.456384039,0.340777054,0.456384039,0.340777054,-0.55944099,0.601387219
8.522548461260181,-0.403888503,0.705023468,0.471743037,0.341091088,0.471743037,0.341091088,-0.544133081,0.60340182
8.522560000000000,-0.383783913,0.702484339,0.492107177,0.340780283,0.492107177,0.340780283,-0.523756162,0.605346545
8.522572796694273,-0.362380209,0.698858978,0.513889301,0.339528202,0.513889301,0.339528202,-0.50185854,0.606508048
8.522580000000001,-0.350745604,0.696482132,0.525774578,0.338441845,0.525774578,0.338441845,-0.489865602,0.606739086
8.522596574511446,-0.325099084,0.69020693,0.552088344,0.335012388,0.552088344,0.335012388,-0.463200057,0.606227432
8.522600000000001,-0.319992305,0.688783622,0.557347226,0.33415591,0.557347226,0.33415591,-0.457851927,0.605954272
8.522619807488814,-0.291737959,0.679829145,0.586562654,0.328338667,0.586562654,0.328338667,-0.428023407,0.60337878
8.522620000000000,-0.291473865,0.679736626,0.586836709,0.328275481,0.586836709,0.328275481,-0.427742647,0.603346012
8.522640000000001,-0.26510758,0.669643131,0.614292204,0.321111376,0.614292204,0.321111376,-0.399523052,0.599230238
8.522642508110719,-0.261947919,0.66831688,0.61759531,0.320136296,0.61759531,0.320136296,-0.396115486,0.59862202
8.522660000000000,-0.240788858,0.658761662,0.639789568,0.312933428,0.639789568,0.312933428,-0.373147244,0.593884892
8.522664688575439,-0.235371583,0.656121048,0.645493383,0.310895276,0.645493383,0.310895276,-0.367223806,0.592480631
8.522680000000001,-0.218399696,0.647310832,0.663422472,0.303973079,0.663422472,0.303973079,-0.348547276,0.587551543
8.522686360801746,-0.211663339,0.64358019,0.670564634,0.300992054,0.670564634,0.300992054,-0.341082615,0.585364734
8.522700000000000,-0.197815214,0.63547345,0.685295422,0.294426772,0.685295422,0.294426772,-0.325640505,0.580437995
8.522707536435306,-0.19050059,0.630944603,0.6931036,0.290712379,0.6931036,0.290712379,-0.317429328,0.577592387
8.522720000000001,-0.178908552,0.623400807,0.705518392,0.284459683,0.705518392,0.284459683,-0.304335364,0.572721423
8.522728226854937,-0.171589108,0.618396288,0.713384043,0.280270634,0.713384043,0.280270634,-0.296014213,0.569408055
8.522740000000001,-0.16155441,0.611216853,0.724202823,0.274209501,0.724202823,0.274209501,-0.284535774,0.56455171
8.522748443178731,-0.154664676,0.606064967,0.731655537,0.269825657,0.731655537,0.269825657,-0.27660555,0.56099804
8.522760000000000,-0.145631517,0.599022098,0.741458728,0.263790059,0.741458728,0.263790059,-0.266144445,0.556054747
8.522768196270013,-0.139492513,0.594040715,0.748142639,0.259493422,0.748142639,0.259493422,-0.258991862,0.552503058
8.522780000000001,-0.131024262,0.586897161,0.757392669,0.25329469,0.757392669,0.25329469,-0.249065262,0.547335566
8.522787496743197,-0.125865472,0.582383777,0.763045602,0.249357045,0.763045602,0.249357045,-0.242982312,0.544028308
8.522800000000000,-0.117623693,0.574905922,0.772106409,0.242799269,0.772106409,0.242799269,-0.233204973,0.53848123
8.522806354969475,-0.113601646,0.571132125,0.776541935,0.2394746,0.776541935,0.2394746,-0.228406009,0.535651457
8.522820000000001,-0.105328036,0.563098274,0.785696088,0.232364903,0.785696088,0.232364903,-0.218474305,0.529563424
8.522824781082400,-0.102541756,0.560307244,0.78878837,0.229885182,0.78878837,0.229885182,-0.215110721,0.527428912
8.522840000000000,-0.094042878,0.551512499,0.798251779,0.222040289,0.798251779,0.222040289,-0.204788673,0.520640768
8.522842784983323,-0.092546567,0.549918515,0.799922951,0.22061358,0.799922951,0.22061358,-0.202961292,0.519400721
8.522860000000000,-0.083681107,0.540177301,0.809857326,0.211863744,0.809857326,0.211863744,-0.192068567,0.51176082
8.522860376346719,-0.08349445,0.53996655,0.810067114,0.211673872,0.810067114,0.211673872,-0.191837976,0.511594393
8.522877564625388,-0.075279146,0.530445697,0.819327626,0.203072175,0.819327626,0.203072175,-0.181634797,0.50402786
8.522880000000001,-0.074162678,0.529113524,0.820590376,0.201864954,0.820590376,0.201864954,-0.180239707,0.502961832
8.522894359055522,-0.067807778,0.521345922,0.827798378,0.194808752,0.827798378,0.194808752,-0.172257993,0.49671178
8.522900000000000,-0.065414288,0.518335602,0.83052256,0.192066454,0.83052256,0.192066454,-0.169233036,0.494274246
8.522910768661685,-0.060999081,0.512654222,0.835561988,0.186879609,0.835561988,0.186879609,-0.163624592,0.489651314
8.522920000000001,-0.057368971,0.50785277,0.839719748,0.182484881,0.839719748,0.182484881,-0.158984594,0.485721976
8.522926802261649,-0.054781861,0.504355673,0.842691227,0.179277721,0.842691227,0.179277721,-0.155661123,0.4828475
8.522940000000000,-0.049965666,0.497670071,0.848242377,0.173132037,0.848242377,0.173132037,-0.149435318,0.4773235
8.522942468471143,-0.04909365,0.496434208,0.849250272,0.171993955,0.849250272,0.171993955,-0.148302466,0.476298321
8.522957775708470,-0.043879551,0.488873189,0.855295807,0.165017768,0.855295807,0.165017768,-0.14149083,0.469999523
8.522960000000001,-0.043148782,0.487789199,0.856145793,0.164015767,0.856145793,0.164015767,-0.140530788,0.469092786
8.522972732199042,-0.039091228,0.48165582,0.860877974,0.158337735,0.860877974,0.158337735,-0.135174861,0.463945244
8.522980000000000,-0.03686775,0.478209185,0.863480616,0.155140703,0.863480616,0.155140703,-0.13222095,0.461040065
8.522987345979796,-0.034686044,0.474765452,0.866041208,0.151941943,0.866041208,0.151941943,-0.129308853,0.458128505
8.523000000000000,-0.031076605,0.468926974,0.870293101,0.146508883,0.870293101,0.146508883,-0.124459827,0.453172492
8.523001624903511,-0.03062632,0.468185786,0.870824953,0.145818284,0.870824953,0.145818284,-0.123852063,0.452541579
8.523015576643029,-0.026878688,0.461901024,0.87526429,0.13995467,0.87526429,0.13995467,-0.118768109,0.447176274
8.523020000000001,-0.025733585,0.459937887,0.876625484,0.138120257,0.876625484,0.138120257,-0.117205219,0.445494696
8.523029208695379,-0.023413545,0.45589596,0.879390476,0.134339189,0.879390476,0.134339189,-0.11402445,0.442024152
8.523040000000000,-0.020800747,0.451236011,0.882516322,0.129973117,0.882516322,0.129973117,-0.110418424,0.43800924
8.523042528385803,-0.020204571,0.450156038,0.88323141,0.128960216,0.88323141,0.128960216,-0.109591926,0.43707669
8.523055542871695,-0.017228326,0.444667388,0.886812047,0.123806488,0.886812047,0.123806488,-0.105444364,0.432325401
8.523060000000001,-0.016243623,0.442814503,0.888000804,0.122064448,0.888000804,0.122064448,-0.104063955,0.430717007
8.523068259146450,-0.014463888,0.439416832,0.890154744,0.11886716,0.890154744,0.11886716,-0.10155823,0.427761927
8.523080000000000,-0.012030892,0.434665854,0.893111049,0.114390214,0.893111049,0.114390214,-0.098109281,0.423617523
8.523080684043210,-0.01189255,0.434391884,0.893279571,0.114131829,0.893279571,0.114131829,-0.097912324,0.423378098
8.523092824238550,-9.50E-03,0.429580736,0.896204573,0.109590555,0.896204573,0.109590555,-0.094487517,0.419165983
8.523100000000001,-8.13E-03,0.426782089,0.897876378,0.1069456,0.897876378,0.1069456,-0.092524579,0.416709223
8.523104686256055,-7.26E-03,0.424972239,0.898946011,0.105233865,0.898946011,0.105233865,-0.091266519,0.415117921
8.523116276469834,-5.18E-03,0.420555874,0.901518556,0.101052751,0.901518556,0.101052751,-0.088233676,0.411226537
8.523120000000000,-4.53E-03,0.419154932,0.902323567,0.099725208,0.902323567,0.099725208,-0.087282503,0.409989681
8.523127601107941,-3.23E-03,0.416321732,0.903935473,0.09703866,0.903935473,0.09703866,-0.085374791,0.407484756
8.523138666255717,-1.40E-03,0.412260475,0.906208772,0.093183482,0.906208772,0.093183482,-0.082676967,0.403885807
8.523140000000000,-1.19E-03,0.411775944,0.906477078,0.092723214,0.906477078,0.092723214,-0.082357974,0.403455787
8.523149477859068,3.0908970231e-4,0.408363314,0.908349349,0.089479537,0.908349349,0.089479537,-0.080128472,0.400423224
8.523160000000001,0.001908209,0.404636624,0.910359269,0.085933501,0.910359269,0.085933501,-0.07772798,0.397103906
8.523160041727659,0.001914425,0.404621973,0.9103671,0.085919552,0.9103671,0.085919552,-0.077718613,0.397090841
8.523170363538028,0.003422224,0.401028664,0.912271032,0.082496651,0.912271032,0.082496651,-0.075437631,0.393882782
8.523180000000000,0.004777935,0.397728498,0.913990589,0.079349764,0.913990589,0.079349764,-0.073371395,0.390930004
8.523180448836650,0.004839891,0.397576054,0.914069352,0.079204327,0.914069352,0.079204327,-0.073276609,0.390793459
8.523190303042899,0.006174159,0.394257239,0.915769551,0.07603643,0.915769551,0.07603643,-0.071227383,0.387817558
8.523199931451980,0.007431162,0.39106572,0.917378475,0.072987145,0.917378475,0.072987145,-0.069282468,0.384950029
8.523200000000001,0.00743995,0.391043178,0.917389749,0.072965598,0.917389749,0.072965598,-0.06926882,0.384929755
8.523209339237759,0.008616496,0.387995372,0.918902393,0.070050976,0.918902393,0.070050976,-0.067434996,0.382186073
8.523218531455552,0.009735271,0.385040427,0.920347048,0.067222724,0.920347048,0.067222724,-0.065678652,0.379521135
8.523220000000000,0.009910495,0.384572418,0.920573886,0.066774563,0.920573886,0.066774563,-0.065402422,0.379098623
8.523227513044837,0.010792163,0.382195445,0.921717712,0.064497474,0.921717712,0.064497474,-0.064007627,0.376950889
8.523236288831910,0.011791454,0.379455298,0.923019232,0.061870578,0.923019232,0.061870578,-0.062416564,0.374471228
8.523240000000001,0.012204394,0.378308152,0.923558704,0.060770243,0.923558704,0.060770243,-0.061755804,0.373431937
8.523244863532479,0.012737073,0.376815149,0.924256067,0.059337636,0.924256067,0.059337636,-0.060900521,0.372078253
8.523253241754198,0.013632626,0.37427043,0.925432326,0.056894487,0.925432326,0.056894487,-0.059454934,0.369768259
8.523260000000001,0.014335195,0.372242521,0.926358604,0.054946286,0.926358604,0.054946286,-0.058313877,0.367924948
8.523261427999140,0.01448143,0.371816829,0.926551799,0.054537189,0.926551799,0.054537189,-0.058075579,0.367537731
8.523269426666221,0.015286538,0.369450273,0.927617988,0.052262012,0.927617988,0.052262012,-0.056758546,0.365383329
8.523277242053560,0.016050765,0.36716691,0.928634129,0.050065419,0.928634129,0.050065419,-0.05550021,0.363301879
8.523280000000000,0.016315284,0.366367893,0.928986803,0.049296443,0.928986803,0.049296443,-0.055062745,0.362572874
8.523284878360787,0.016776707,0.364963098,0.92960322,0.04794406,0.92960322,0.04794406,-0.054297205,0.361290366
8.523292339691309,0.017466763,0.362835391,0.930528039,0.045894757,0.930528039,0.045894757,-0.053146405,0.359345925
8.523299630054503,0.01812315,0.360780525,0.931411162,0.043914497,0.931411162,0.043914497,-0.052044902,0.357465829
8.523300000000001,0.018155996,0.360676881,0.931455445,0.043814586,0.931455445,0.043814586,-0.051989601,0.357370942
8.523306753367876,0.018747922,0.358795411,0.932254983,0.042000419,0.932254983,0.042000419,-0.050989989,0.355647487
8.523313713459174,0.019342983,0.356877118,0.933061726,0.040149807,0.933061726,0.040149807,-0.049979142,0.353888433
8.523320000000000,0.019867714,0.355162348,0.933775689,0.038494738,0.933775689,0.038494738,-0.049082634,0.352314414
8.523320514068432,0.019910097,0.35502287,0.933833464,0.038360083,0.933833464,0.038360083,-0.049010007,0.352186319
8.523327158849989,0.020450903,0.35323003,0.934572124,0.036628795,0.934572124,0.036628795,-0.048080385,0.350538911
8.523333651374445,0.020966924,0.351496098,0.935279506,0.034953612,0.935279506,0.034953612,-0.047188222,0.348944079
8.523339995130588,0.021459579,0.349818696,0.935957288,0.033332319,0.935957288,0.033332319,-0.046331595,0.347399796
8.523340000000001,0.021459953,0.349817415,0.935957804,0.03333108,0.935957804,0.03333108,-0.046330943,0.347398616
8.523346193527262,0.021930186,0.348195568,0.936607039,0.031762804,0.936607039,0.031762804,-0.045508704,0.345904128
8.523352249895202,0.022379976,0.346624566,0.937230224,0.030243061,0.937230224,0.030243061,-0.044717862,0.344455231
8.523358167488828,0.022810095,0.345103648,0.937828216,0.028771175,0.937828216,0.028771175,-0.043957486,0.343051347
8.523360000000000,0.022941446,0.344635461,0.938011245,0.028317965,0.938011245,0.028317965,-0.043724456,0.342618953
8.523363949487980,0.023221615,0.343630872,0.9384023,0.027345325,0.9384023,0.027345325,-0.043226092,0.341690796
8.523369598999645,0.023615536,0.342204386,0.93895368,0.025963773,0.93895368,0.025963773,-0.042522282,0.340371977
8.523375119059610,0.023992794,0.340822428,0.939483487,0.02462486,0.939483487,0.02462486,-0.041844746,0.339093359
8.523380000000001,0.024320209,0.339610121,0.939944726,0.023449922,0.939944726,0.023449922,-0.041253865,0.337970926
8.523380512634104,0.024354266,0.339483317,0.93999278,0.023327006,0.93999278,0.023327006,-0.041192248,0.33785348
8.523385782621389,0.024700771,0.338185452,0.940482558,0.0220687,0.940482558,0.0220687,-0.040563625,0.336650941
8.523390931853315,0.025033078,0.336927303,0.940953757,0.020848501,0.940953757,0.020848501,-0.039957781,0.335484407
8.523395963096844,0.025351909,0.335707411,0.941407259,0.019665031,0.941407259,0.019665031,-0.039373682,0.334352599
8.523400000000001,0.025603612,0.334735287,0.941766283,0.018721666,0.941766283,0.018721666,-0.038910555,0.333450142
8.523400879055538,0.025657941,0.334524385,0.941843896,0.018516972,0.941843896,0.018516972,-0.038810354,0.333254293
8.523405682371008,0.025951809,0.333376891,0.942264449,0.017403067,0.942264449,0.017403067,-0.038266874,0.332188319
8.523410375624337,0.026234112,0.332263658,0.942669656,0.016322109,0.942669656,0.016322109,-0.037742372,0.331153554
8.523414961337465,0.026505411,0.331183471,0.943060214,0.015272947,0.943060214,0.015272947,-0.037236025,0.330148924
8.523419441974546,0.026766237,0.330135164,0.943436781,0.014254475,0.943436781,0.014254475,-0.036747054,0.3291734
8.523420000000000,0.026798429,0.330005097,0.943483334,0.014128091,0.943483334,0.014128091,-0.036686552,0.329052326
8.523423819943270,0.027017087,0.329117625,0.943799978,0.013265638,0.943799978,0.013265638,-0.036274721,0.328225994
8.523428097596156,0.027258432,0.328129787,0.944150392,0.012305422,0.944150392,0.012305422,-0.035818326,0.327305759
8.523432277231821,0.027490715,0.32717063,0.94448858,0.011372855,0.94448858,0.011372855,-0.035377208,0.326411787
8.523436361096211,0.027714354,0.326239174,0.944815066,0.010467007,0.944815066,0.010467007,-0.034950737,0.325543206
8.523440000000001,0.0279109,0.325413935,0.945102733,0.009664278,0.945102733,0.009664278,-0.034574465,0.324773321
8.523440351383806,0.027929744,0.325334482,0.945130351,0.009586984,0.945130351,0.009586984,-0.034538316,0.324699179
8.523444250238809,0.028137259,0.324455654,0.945434905,0.008731929,0.945434905,0.008731929,-0.03413938,0.323878903
8.523448059756284,0.02833725,0.323601829,0.945729177,0.00790102,0.945729177,0.00790102,-0.033753389,0.323081604
8.523451781983292,0.028530052,0.322772177,0.946013591,0.007093466,0.946013591,0.007093466,-0.033379831,0.32230654
8.523455418919987,0.028715981,0.321965904,0.946288552,0.006308508,0.946288552,0.006308508,-0.03301822,0.321552999
8.523458972520695,0.028895335,0.321182247,0.946554443,0.005545417,0.946554443,0.005545417,-0.032668091,0.320820293
8.523460000000000,0.02894677,0.320956421,0.946630816,0.005325489,0.946630816,0.005325489,-0.03256744,0.320609095
8.523462444694959,0.029068398,0.320420472,0.946811627,0.004803491,0.946811627,0.004803491,-0.032329004,0.320107764
8.523465837308565,0.029235438,0.319679875,0.947060451,0.004082056,0.947060451,0.004082056,-0.032000537,0.319414775
8.523469152184552,0.029396711,0.318959778,0.947301244,0.003380464,0.947301244,0.003380464,-0.03168229,0.318740716
8.523472391104178,0.029552458,0.318259531,0.947534321,0.002698091,0.947534321,0.002698091,-0.03137388,0.318084997
8.523475555807897,0.029702908,0.317578505,0.947759979,0.002034335,0.947759979,0.002034335,-0.031074943,0.317447052
8.523478647996273,0.02984828,0.316916098,0.947978504,0.001388619,0.947978504,0.001388619,-0.030785129,0.316826336
8.523480000000001,0.02991134,0.316627404,0.948073445,0.001107167,0.948073445,0.001107167,-0.030659115,0.316555745
8.523481669330906,0.029988781,0.31627173,0.948190166,7.6038591670e-4,0.948190166,7.6038591670e-4,-0.030504107,0.31622232
8.523484621435326,0.030124608,0.315644842,0.948395225,1.4909839897e-4,0.948395225,1.4909839897e-4,-0.030231559,0.315634499
8.523487505895858,0.030255948,0.315034895,0.948593927,-4.46E-04,0.948593927,-4.46E-04,-0.02996718,0.315062382
8.523490324262481,0.03038298,0.31444137,0.948786507,-1.02E-03,0.948786507,-1.02E-03,-0.029710681,0.314505499
8.523493078049654,0.030505873,0.313863768,0.948973191,-1.59E-03,0.948973191,-1.59E-03,-0.029461783,0.313963394
8.523495768737137,0.030624789,0.313301607,0.949154193,-2.14E-03,0.949154193,-2.14E-03,-0.02922022,0.313435627
8.523498397770785,0.030739883,0.312754421,0.949329719,-2.67E-03,0.949329719,-2.67E-03,-0.028985738,0.312921776
8.523500000000000,0.030809497,0.312421957,0.949436052,-3.00E-03,0.949436052,-3.00E-03,-0.02884358,0.312609495
8.523500966563320,0.0308513,0.312221763,0.949499966,-3.19E-03,0.949499966,-3.19E-03,-0.028758092,0.31242143
8.523503476495094,0.030959183,0.311703201,0.949665121,-3.70E-03,0.949665121,-3.70E-03,-0.028537049,0.311934194
8.523505928914830,0.031063663,0.311198317,0.949825364,-4.19E-03,0.949825364,-4.19E-03,-0.028322385,0.311459687
8.523508325140343,0.031164869,0.310706707,0.949980867,-4.67E-03,0.949980867,-4.67E-03,-0.028113884,0.310997539
8.523510666459261,0.031262924,0.310227984,0.950131795,-5.14E-03,0.950131795,-5.14E-03,-0.027911341,0.310547395
8.523512954129698,0.031357942,0.309761771,0.950278306,-5.59E-03,0.950278306,-5.59E-03,-0.027714557,0.31010891
8.523515189380944,0.031450035,0.309307705,0.950420551,-6.04E-03,0.950420551,-6.04E-03,-0.027523343,0.30968175
8.523517373414125,0.031539311,0.308865436,0.950558675,-6.47E-03,0.950558675,-6.47E-03,-0.027337516,0.309265594
8.523519507402835,0.03162587,0.308434625,0.950692818,-6.89E-03,0.950692818,-6.89E-03,-0.027156901,0.308860129
8.523520000000001,0.031645757,0.308335364,0.950723669,-6.99E-03,0.950723669,-6.99E-03,-0.027115342,0.308766696
8.523521592493786,0.031709811,0.308014943,0.950823113,-7.30E-03,0.950823113,-7.30E-03,-0.02698133,0.308465055
8.523523629807411,0.031791225,0.307606075,0.950949688,-7.70E-03,0.950949688,-7.70E-03,-0.026810639,0.30808008
8.523525620438468,0.031870203,0.307207713,0.951072666,-8.09E-03,0.951072666,-8.09E-03,-0.026644675,0.307704921
8.523527565456630,0.03194683,0.306819561,0.951192166,-8.47E-03,0.951192166,-8.47E-03,-0.026483286,0.307339306
8.523529465907066,0.032021187,0.306441333,0.951308301,-8.84E-03,0.951308301,-8.84E-03,-0.026326329,0.306982969
8.523531322810985,0.032093354,0.306072751,0.951421179,-9.20E-03,0.951421179,-9.20E-03,-0.026173666,0.306635654
8.523533137166208,0.032163405,0.305713545,0.951530907,-9.55E-03,0.951530907,-9.55E-03,-0.026025161,0.306297113
8.523534909947681,0.032231413,0.305363457,0.951637584,-9.89E-03,0.951637584,-9.89E-03,-0.025880688,0.305967106
8.523536642108022,0.032297446,0.305022233,0.951741309,-0.010223481,0.951741309,-0.010223481,-0.025740121,0.3056454
8.523538334578012,0.032361572,0.30468963,0.951842173,-0.01054869,0.951842173,-0.01054869,-0.025603342,0.305331769
8.523539988267107,0.032423854,0.304365412,0.951940268,-0.010865726,0.951940268,-0.010865726,-0.025470234,0.305025994
8.523540000000001,0.032424294,0.304363115,0.951940962,-0.010867973,0.951940962,-0.010867973,-0.025469292,0.305023827
8.523541604063926,0.032484353,0.30404935,0.952035679,-0.011174811,0.952035679,-0.011174811,-0.025340688,0.304727862
8.523543182836722,0.032543129,0.303741221,0.952128491,-0.01147616,0.952128491,-0.01147616,-0.025214596,0.304437169
8.523544725433856,0.032600237,0.303440811,0.952218782,-0.011769983,0.952218782,-0.011769983,-0.025091855,0.304153715
8.523546232684250,0.032655732,0.303147911,0.952306632,-0.012056481,0.952306632,-0.012056481,-0.024972365,0.303877305
8.523547705397833,0.032709666,0.302862318,0.952392113,-0.01233585,0.952392113,-0.01233585,-0.024856029,0.303607753
8.523549144365971,0.03276209,0.302583838,0.952475299,-0.012608281,0.952475299,-0.012608281,-0.024742756,0.303344877
8.523550550361902,0.032813052,0.302312279,0.952556258,-0.012873959,0.952556258,-0.012873959,-0.024632455,0.303088498
8.523551924141145,0.032862598,0.302047457,0.952635057,-0.013133062,0.952635057,-0.013133062,-0.024525039,0.302838447
8.523553266441905,0.032910774,0.301789193,0.952711761,-0.013385765,0.952711761,-0.013385765,-0.024420425,0.302594557
8.523554577985472,0.032957622,0.301537314,0.952786433,-0.013632236,0.952786433,-0.013632236,-0.024318532,0.302356665
8.523555859476613,0.033003183,0.30129165,0.952859132,-0.013872639,0.952859132,-0.013872639,-0.024219282,0.302124616
8.523557111603937,0.033047499,0.301052039,0.952929916,-0.014107133,0.952929916,-0.014107133,-0.024122599,0.301898256
8.523558335040287,0.033090606,0.300818322,0.952998841,-0.014335872,0.952998841,-0.014335872,-0.02402841,0.301677437
8.523559530443078,0.033132544,0.300590344,0.953065962,-0.014559007,0.953065962,-0.014559007,-0.023936644,0.301462016
8.523560000000000,0.033148968,0.300500897,0.953092267,-0.014646557,0.953092267,-0.014646557,-0.02390067,0.30137749
8.523560698454665,0.033173346,0.300367955,0.953131331,-0.014776683,0.953131331,-0.014776683,-0.023847233,0.301251854
8.523561839702685,0.033213049,0.300151011,0.953194999,-0.014989041,0.953194999,-0.014989041,-0.023760111,0.301046814
8.523562954800393,0.033251684,0.299939369,0.953257014,-0.01519622,0.953257014,-0.01519622,-0.023675213,0.300846764
8.523564044346990,0.033289285,0.299732893,0.953317424,-0.015398352,0.953317424,-0.015398352,-0.023592478,0.300651577
8.523565108927951,0.033325882,0.29953145,0.953376274,-0.015595567,0.953376274,-0.015595567,-0.023511845,0.300461128
8.523566149115331,0.033361506,0.299334909,0.953433609,-0.015787991,0.953433609,-0.015787991,-0.023433257,0.300275295
8.523567165468082,0.033396184,0.299143145,0.953489471,-0.015975747,0.953489471,-0.015975747,-0.023356656,0.300093962
8.523568158532342,0.033429946,0.298956036,0.953543903,-0.016158955,0.953543903,-0.016158955,-0.023281989,0.299917014
8.523569128841743,0.033462817,0.298773463,0.953596943,-0.016337729,0.953596943,-0.016337729,-0.023209203,0.299744339
8.523570076917681,0.033494825,0.298595309,0.953648631,-0.016512183,0.953648631,-0.016512183,-0.023138246,0.29957583
8.523571003269609,0.033525994,0.298421464,0.953699004,-0.016682425,0.953699004,-0.016682425,-0.023069069,0.29941138
8.523571908395310,0.033556348,0.298251816,0.953748099,-0.016848564,0.953748099,-0.016848564,-0.023001623,0.299250889
8.523572792781152,0.033585911,0.298086261,0.953795952,-0.017010701,0.953795952,-0.017010701,-0.022935862,0.299094255
8.523573656902368,0.033614706,0.297924694,0.953842595,-0.017168939,0.953842595,-0.017168939,-0.022871741,0.298941383
8.523574501223296,0.033642754,0.297767016,0.953888062,-0.017323374,0.953888062,-0.017323374,-0.022809215,0.298792178
8.523575326197633,0.033670078,0.297613128,0.953932386,-0.017474102,0.953932386,-0.017474102,-0.022748243,0.298646549
8.523576132268687,0.033696697,0.297462935,0.953975597,-0.017621217,0.953975597,-0.017621217,-0.022688782,0.298504405
8.523576919869601,0.033722631,0.297316344,0.954017725,-0.017764808,0.954017725,-0.017764808,-0.022630793,0.298365661
8.523577689423599,0.0337479,0.297173267,0.954058801,-0.017904963,0.954058801,-0.017904963,-0.022574237,0.298230232
8.523578441344199,0.033772522,0.297033614,0.954098851,-0.018041768,0.954098851,-0.018041768,-0.022519075,0.298098036
8.523579176035451,0.033796516,0.2968973,0.954137903,-0.018175306,0.954137903,-0.018175306,-0.022465272,0.297968991
8.523579893892146,0.033819898,0.296764244,0.954175985,-0.018305658,0.954175985,-0.018305658,-0.022412792,0.297843022
8.523580000000001,0.03382335,0.296744587,0.954181608,-0.018324915,0.954181608,-0.018324915,-0.022405043,0.297824412
8.523580595300027,0.033842687,0.296634363,0.954213122,-0.018432903,0.954213122,-0.018432903,-0.0223616,0.297720051
8.523581280635998,0.033864897,0.296507579,0.954249338,-0.018557117,0.954249338,-0.018557117,-0.022311663,0.297600004
8.523581950268328,0.033886546,0.296383815,0.954284659,-0.018678376,0.954284659,-0.018678376,-0.022262948,0.29748281
8.523582604556845,0.033907648,0.296262997,0.954319109,-0.018796752,0.954319109,-0.018796752,-0.022215423,0.297368399
8.523583243853137,0.033928218,0.296145053,0.954352709,-0.018912316,0.954352709,-0.018912316,-0.022169058,0.297256702
8.523583868500729,0.033948271,0.296029911,0.954385482,-0.019025137,0.954385482,-0.019025137,-0.022123822,0.297147653
8.523584478835280,0.033967821,0.295917503,0.95441745,-0.019135283,0.95441745,-0.019135283,-0.022079687,0.297041187
8.523585075184759,0.033986881,0.295807761,0.954448634,-0.019242819,0.954448634,-0.019242819,-0.022036625,0.296937241
8.523585657869610,0.034005465,0.295700621,0.954479054,-0.019347808,0.954479054,-0.019347808,-0.021994608,0.296835753
8.523586227202948,0.034023585,0.295596019,0.954508731,-0.019450313,0.954508731,-0.019450313,-0.021953608,0.296736665
8.523586783490702,0.034041255,0.295493892,0.954537682,-0.019550395,0.954537682,-0.019550395,-0.021913601,0.296639916
8.523587327031798,0.034058485,0.29539418,0.954565928,-0.019648112,0.954565928,-0.019648112,-0.021874562,0.296545451
8.523587858118312,0.034075287,0.295296825,0.954593486,-0.019743522,0.954593486,-0.019743522,-0.021836465,0.296453213
8.523588377035621,0.034091673,0.295201769,0.954620374,-0.019836681,0.954620374,-0.019836681,-0.021799286,0.29636315
8.523588884062571,0.034107655,0.295108957,0.954646608,-0.019927643,0.954646608,-0.019927643,-0.021763004,0.296275208
8.523589379471614,0.034123241,0.295018333,0.954672207,-0.020016462,0.954672207,-0.020016462,-0.021727594,0.296189337
8.523589863528962,0.034138444,0.294929846,0.954697185,-0.02010319,0.954697185,-0.02010319,-0.021693036,0.296105485
8.523590336494721,0.034153273,0.294843442,0.954721559,-0.020187876,0.954721559,-0.020187876,-0.021659307,0.296023605
8.523590798623045,0.034167737,0.294759073,0.954745344,-0.020270571,0.954745344,-0.020270571,-0.021626387,0.29594365
8.523591250162260,0.034181846,0.294676688,0.954768556,-0.020351322,0.954768556,-0.020351322,-0.021594256,0.295865571
8.523591691355003,0.03419561,0.29459624,0.954791207,-0.020430176,0.954791207,-0.020430176,-0.021562893,0.295789326
8.523592122438350,0.034209038,0.294517682,0.954813313,-0.020507179,0.954813313,-0.020507179,-0.021532281,0.295714869
8.523592543643945,0.034222137,0.294440969,0.954834888,-0.020582375,0.954834888,-0.020582375,-0.0215024,0.295642157
8.523592955198124,0.034234917,0.294366057,0.954855944,-0.020655808,0.954855944,-0.020655808,-0.021473232,0.29557115
8.523593357322040,0.034247386,0.294292901,0.954876495,-0.020727519,0.954876495,-0.020727519,-0.02144476,0.295501805
8.523593750231775,0.034259551,0.294221461,0.954896553,-0.02079755,0.954896553,-0.02079755,-0.021416966,0.295434084
8.523594134138460,0.034271421,0.294151695,0.95491613,-0.020865942,0.95491613,-0.020865942,-0.021389833,0.295367948
8.523594509248390,0.034283004,0.294083563,0.95493524,-0.020932732,0.95493524,-0.020932732,-0.021363346,0.295303358
8.523594875763131,0.034294305,0.294017025,0.954953892,-0.020997961,0.954953892,-0.020997961,-0.021337488,0.295240278
8.523595233879632,0.034305333,0.293952045,0.954972099,-0.021061664,0.954972099,-0.021061664,-0.021312244,0.295178672
8.523595583790328,0.034316095,0.293888584,0.954989872,-0.021123879,0.954989872,-0.021123879,-0.021287599,0.295118504
8.523595925683246,0.034326597,0.293826606,0.955007221,-0.02118464,0.955007221,-0.02118464,-0.021263538,0.295059742
8.523596259742103,0.034336845,0.293766076,0.955024157,-0.021243982,0.955024157,-0.021243982,-0.021240046,0.29500235
8.523596586146406,0.034346847,0.29370696,0.95504069,-0.021301939,0.95504069,-0.021301939,-0.021217111,0.294946298
8.523596905071551,0.034356608,0.293649225,0.95505683,-0.021358544,0.95505683,-0.021358544,-0.021194718,0.294891552
8.523597216688914,0.034366135,0.293592836,0.955072586,-0.021413829,0.955072586,-0.021413829,-0.021172855,0.294838082
8.523597521165943,0.034375433,0.293537762,0.955087968,-0.021467826,0.955087968,-0.021467826,-0.021151508,0.294785858
8.523597818666252,0.034384508,0.293483973,0.955102986,-0.021520564,0.955102986,-0.021520564,-0.021130664,0.29473485
8.523598109349701,0.034393366,0.293431437,0.955117648,-0.021572073,0.955117648,-0.021572073,-0.021110312,0.294685029
8.523598393372493,0.034402011,0.293380125,0.955131962,-0.021622384,0.955131962,-0.021622384,-0.02109044,0.294636368
8.523598670887248,0.03441045,0.293330008,0.955145938,-0.021671523,0.955145938,-0.021671523,-0.021071036,0.294588839
8.523598942043089,0.034418688,0.293281057,0.955159584,-0.021719519,0.955159584,-0.021719519,-0.021052089,0.294542415
8.523599206985722,0.034426729,0.293233246,0.955172907,-0.021766398,0.955172907,-0.021766398,-0.021033587,0.29449707
8.523599465857517,0.034434578,0.293186547,0.955185915,-0.021812188,0.955185915,-0.021812188,-0.02101552,0.29445278
8.523599718797579,0.03444224,0.293140934,0.955198616,-0.021856913,0.955198616,-0.021856913,-0.020997878,0.294409518
8.523599965941827,0.03444972,0.293096381,0.955211018,-0.021900599,0.955211018,-0.021900599,-0.02098065,0.294367261
8.523600000000000,0.03445075,0.293090243,0.955212727,-0.021906618,0.955212727,-0.021906618,-0.020978277,0.294361438
8.523600207423065,0.034457022,0.293052864,0.955223128,-0.021943271,0.955223128,-0.021943271,-0.020963827,0.294325985
8.523600443371054,0.03446415,0.293010357,0.955234953,-0.021984951,0.955234953,-0.021984951,-0.020947398,0.294285667
8.523600673912581,0.034471109,0.292968838,0.955246499,-0.022025664,0.955246499,-0.022025664,-0.020931354,0.294246284
8.523600899171527,0.034477903,0.292928283,0.955257774,-0.022065432,0.955257774,-0.022065432,-0.020915686,0.294207815
8.523601119268939,0.034484536,0.292888669,0.955268783,-0.022104277,0.955268783,-0.022104277,-0.020900385,0.294170239
8.523601334323088,0.034491012,0.292849974,0.955279534,-0.022142221,0.955279534,-0.022142221,-0.020885443,0.294133533
8.523601544449530,0.034497335,0.292812176,0.955290033,-0.022179286,0.955290033,-0.022179286,-0.02087085,0.294097678
8.523601749761180,0.034503508,0.292775256,0.955300285,-0.022215491,0.955300285,-0.022215491,-0.020856598,0.294062655
8.523601950368365,0.034509535,0.292739191,0.955310297,-0.022250857,0.955310297,-0.022250857,-0.020842679,0.294028442
8.523602146378877,0.03451542,0.292703962,0.955320074,-0.022285404,0.955320074,-0.022285404,-0.020829086,0.293995022
8.523602337898048,0.034521166,0.292669549,0.955329622,-0.022319151,0.955329622,-0.022319151,-0.02081581,0.293962375
8.523602525028789,0.034526777,0.292635934,0.955338946,-0.022352116,0.955338946,-0.022352116,-0.020802844,0.293930485
8.523602707871657,0.034532255,0.292603097,0.955348052,-0.022384318,0.955348052,-0.022384318,-0.020790181,0.293899332
8.523602886524902,0.034537604,0.29257102,0.955356945,-0.022415775,0.955356945,-0.022415775,-0.020777813,0.2938689
8.523603061084525,0.034542828,0.292539686,0.95536563,-0.022446503,0.95536563,-0.022446503,-0.020765733,0.293839173
8.523603231644326,0.034547928,0.292509077,0.955374112,-0.022476521,0.955374112,-0.022476521,-0.020753935,0.293810132
8.523603398295956,0.034552909,0.292479177,0.955382396,-0.022505845,0.955382396,-0.022505845,-0.020742411,0.293781764
8.523603561128967,0.034557772,0.292449967,0.955390487,-0.02253449,0.955390487,-0.02253449,-0.020731156,0.293754051
8.523603720230858,0.034562521,0.292421434,0.955398389,-0.022562473,0.955398389,-0.022562473,-0.020720163,0.293726978
8.523603875687121,0.034567159,0.29239356,0.955406106,-0.022589809,0.955406106,-0.022589809,-0.020709426,0.293700532
8.523604027581293,0.034571688,0.292366331,0.955413643,-0.022616513,0.955413643,-0.022616513,-0.020698939,0.293674696
8.523604175994995,0.034576111,0.292339731,0.955421005,-0.022642601,0.955421005,-0.022642601,-0.020688695,0.293649457
8.523604321007976,0.03458043,0.292313746,0.955428195,-0.022668085,0.955428195,-0.022668085,-0.02067869,0.293624801
8.523604462698161,0.034584648,0.292288361,0.955435217,-0.022692981,0.955435217,-0.022692981,-0.020668917,0.293600715
8.523604601141688,0.034588767,0.292263562,0.955442076,-0.022717302,0.955442076,-0.022717302,-0.020659371,0.293577184
8.523604736412951,0.03459279,0.292239336,0.955448776,-0.022741062,0.955448776,-0.022741062,-0.020650047,0.293554197
8.523604868584636,0.034596719,0.29221567,0.955455319,-0.022764273,0.955455319,-0.022764273,-0.02064094,0.29353174
8.523604997727766,0.034600556,0.29219255,0.955461711,-0.022786948,0.955461711,-0.022786948,-0.020632044,0.293509801
8.523605123911739,0.034604303,0.292169963,0.955467953,-0.0228091,0.955467953,-0.0228091,-0.020623354,0.293488369
8.523605247204360,0.034607963,0.292147898,0.955474051,-0.02283074,0.955474051,-0.02283074,-0.020614866,0.293467431
8.523605367671880,0.034611537,0.292126343,0.955480007,-0.022851882,0.955480007,-0.022851882,-0.020606574,0.293446976
8.523605485379033,0.034615028,0.292105284,0.955485824,-0.022872536,0.955485824,-0.022872536,-0.020598475,0.293426993
8.523605600389070,0.034618438,0.292084711,0.955491506,-0.022892713,0.955491506,-0.022892713,-0.020590564,0.29340747
8.523605712763791,0.034621768,0.292064613,0.955497057,-0.022912426,0.955497057,-0.022912426,-0.020582836,0.293388398
8.523605822563583,0.03462502,0.292044978,0.955502478,-0.022931683,0.955502478,-0.022931683,-0.020575287,0.293369765
8.523605929847445,0.034628197,0.292025796,0.955507774,-0.022950497,0.955507774,-0.022950497,-0.020567912,0.293351561
8.523606034673028,0.034631299,0.292007056,0.955512947,-0.022968877,0.955512947,-0.022968877,-0.020560709,0.293333778
8.523606137096658,0.03463433,0.291988748,0.955518,-0.022986834,0.955518,-0.022986834,-0.020553672,0.293316404
8.523606237173377,0.034637289,0.291970862,0.955522936,-0.023004376,0.955522936,-0.023004376,-0.020546798,0.29329943
8.523606334956959,0.03464018,0.291953389,0.955527758,-0.023021515,0.955527758,-0.023021515,-0.020540084,0.293282847
8.523606430499949,0.034643004,0.291936318,0.955532467,-0.023038258,0.955532467,-0.023038258,-0.020533524,0.293266646
8.523606523853688,0.034645762,0.29191964,0.955537068,-0.023054616,0.955537068,-0.023054616,-0.020527116,0.293250819
8.523606615068338,0.034648456,0.291903346,0.955541562,-0.023070598,0.955541562,-0.023070598,-0.020520857,0.293235355
8.523606704192918,0.034651088,0.291887428,0.955545952,-0.023086211,0.955545952,-0.023086211,-0.020514742,0.293220248
8.523606791275315,0.034653658,0.291871876,0.955550241,-0.023101465,0.955550241,-0.023101465,-0.020508768,0.293205489
8.523606876362324,0.034656168,0.291856683,0.95555443,-0.023116367,0.95555443,-0.023116367,-0.020502933,0.293191069
8.523606959499666,0.034658621,0.291841839,0.955558522,-0.023130926,0.955558522,-0.023130926,-0.020497232,0.293176982
8.523607040732019,0.034661016,0.291827337,0.95556252,-0.023145151,0.95556252,-0.023145151,-0.020491663,0.293163218
8.523607120103030,0.034663356,0.291813169,0.955566425,-0.023159047,0.955566425,-0.023159047,-0.020486223,0.293149772
8.523607197655352,0.034665641,0.291799327,0.95557024,-0.023172624,0.95557024,-0.023172624,-0.020480908,0.293136634
8.523607273430656,0.034667874,0.291785804,0.955573967,-0.023185889,0.955573967,-0.023185889,-0.020475716,0.293123799
8.523607347469662,0.034670055,0.291772591,0.955577607,-0.023198848,0.955577607,-0.023198848,-0.020470644,0.29311126
8.523607419812153,0.034672185,0.291759683,0.955581164,-0.02321151,0.955581164,-0.02321151,-0.020465689,0.293099008
8.523607490497003,0.034674266,0.291747072,0.955584638,-0.023223879,0.955584638,-0.023223879,-0.020460848,0.293087039
8.523607559562196,0.034676299,0.291734751,0.955588032,-0.023235965,0.955588032,-0.023235965,-0.020456119,0.293075345
8.523607627044845,0.034678285,0.291722713,0.955591347,-0.023247772,0.955591347,-0.023247772,-0.020451499,0.29306392
8.523607692981209,0.034680224,0.291710952,0.955594586,-0.023259308,0.955594586,-0.023259308,-0.020446985,0.293052757
8.523607757406722,0.034682119,0.291699462,0.955597751,-0.023270578,0.955597751,-0.023270578,-0.020442576,0.293041852
8.523607820356004,0.03468397,0.291688236,0.955600842,-0.02328159,0.955600842,-0.02328159,-0.020438268,0.293031197
8.523607881862878,0.034685778,0.291677268,0.955603862,-0.023292348,0.955603862,-0.023292348,-0.02043406,0.293020787
8.523607941960398,0.034687544,0.291666553,0.955606812,-0.023302859,0.955606812,-0.023302859,-0.020429949,0.293010616
8.523608000680856,0.03468927,0.291656084,0.955609694,-0.023313128,0.955609694,-0.023313128,-0.020425932,0.293000679
8.523608058055805,0.034690955,0.291645855,0.95561251,-0.023323161,0.95561251,-0.023323161,-0.020422008,0.29299097
8.523608114116078,0.034692602,0.291635862,0.95561526,-0.023332963,0.95561526,-0.023332963,-0.020418175,0.292981485
8.523608168891798,0.034694211,0.291626098,0.955617948,-0.023342541,0.955617948,-0.023342541,-0.020414429,0.292972218
8.523608222412397,0.034695782,0.291616559,0.955620573,-0.023351898,0.955620573,-0.023351898,-0.02041077,0.292963163
8.523608274706639,0.034697317,0.291607239,0.955623138,-0.02336104,0.955623138,-0.02336104,-0.020407196,0.292954317
8.523608325802620,0.034698817,0.291598133,0.955625643,-0.023369972,0.955625643,-0.023369972,-0.020403703,0.292945674
8.523608375727800,0.034700282,0.291589236,0.955628091,-0.023378698,0.955628091,-0.023378698,-0.020400291,0.292937229
8.523608424509003,0.034701713,0.291580544,0.955630483,-0.023387224,0.955630483,-0.023387224,-0.020396958,0.292928979
8.523608472172446,0.034703111,0.291572052,0.955632819,-0.023395555,0.955632819,-0.023395555,-0.020393701,0.292920918
8.523608518743739,0.034704477,0.291563754,0.955635102,-0.023403694,0.955635102,-0.023403694,-0.020390519,0.292913042
8.523608564247906,0.034705811,0.291555648,0.955637332,-0.023411645,0.955637332,-0.023411645,-0.020387411,0.292905348
8.523608608709402,0.034707115,0.291547727,0.95563951,-0.023419415,0.95563951,-0.023419415,-0.020384374,0.292897829
8.523608652152117,0.034708388,0.291539989,0.955641639,-0.023427005,0.955641639,-0.023427005,-0.020381407,0.292890484
8.523608694599394,0.034709632,0.291532428,0.955643718,-0.023434422,0.955643718,-0.023434422,-0.020378508,0.292883307
8.523608736074042,0.034710848,0.291525041,0.95564575,-0.023441668,0.95564575,-0.023441668,-0.020375676,0.292876295
8.523608776598351,0.034712035,0.291517824,0.955647735,-0.023448748,0.955647735,-0.023448748,-0.020372909,0.292869445
8.523608816194095,0.034713195,0.291510772,0.955649674,-0.023455665,0.955649674,-0.023455665,-0.020370206,0.292862751
8.523608854882548,0.034714328,0.291503883,0.955651568,-0.023462423,0.955651568,-0.023462423,-0.020367565,0.292856211
8.523608892684504,0.034715436,0.291497151,0.955653419,-0.023469026,0.955653419,-0.023469026,-0.020364985,0.292849822
8.523608929620273,0.034716517,0.291490574,0.955655227,-0.023475477,0.955655227,-0.023475477,-0.020362464,0.292843579
8.523608965709704,0.034717574,0.291484148,0.955656994,-0.023481781,0.955656994,-0.023481781,-0.020360001,0.292837479
8.523609000972190,0.034718606,0.29147787,0.95565872,-0.023487939,0.95565872,-0.023487939,-0.020357594,0.292831519
8.523609035426679,0.034719615,0.291471736,0.955660406,-0.023493957,0.955660406,-0.023493957,-0.020355243,0.292825697
8.523609069091684,0.0347206,0.291465743,0.955662054,-0.023499836,0.955662054,-0.023499836,-0.020352946,0.292820007
8.523609101985297,0.034721563,0.291459887,0.955663663,-0.02350558,0.955663663,-0.02350558,-0.020350702,0.292814449
8.523609134125193,0.034722503,0.291454165,0.955665236,-0.023511192,0.955665236,-0.023511192,-0.02034851,0.292809018
8.523609165528637,0.034723422,0.291448576,0.955666772,-0.023516675,0.955666772,-0.023516675,-0.020346367,0.292803712
8.523609196970366,0.034724342,0.291442979,0.955668311,-0.023522165,0.955668311,-0.023522165,-0.020344223,0.292798399
8.523609229149438,0.034725283,0.291437251,0.955669885,-0.023527784,0.955669885,-0.023527784,-0.020342028,0.292792962
8.523609262083147,0.034726247,0.29143139,0.955671496,-0.023533534,0.955671496,-0.023533534,-0.020339782,0.292787398
8.523609295789189,0.034727232,0.291425391,0.955673144,-0.023539418,0.955673144,-0.023539418,-0.020337483,0.292781704
8.523609330285675,0.034728241,0.291419252,0.955674831,-0.02354544,0.955674831,-0.02354544,-0.020335131,0.292775876
8.523609365591144,0.034729273,0.291412969,0.955676557,-0.023551603,0.955676557,-0.023551603,-0.020332724,0.292769912
8.523609401724565,0.03473033,0.291406539,0.955678324,-0.023557911,0.955678324,-0.023557911,-0.02033026,0.292763808
8.523609438705359,0.034731411,0.291399959,0.955680132,-0.023564366,0.955680132,-0.023564366,-0.020327739,0.292757562
8.523609476553393,0.034732517,0.291393224,0.955681982,-0.023570972,0.955681982,-0.023570972,-0.020325159,0.292751169
8.523609515289007,0.034733649,0.291386333,0.955683876,-0.023577732,0.955683876,-0.023577732,-0.020322519,0.292744627
8.523609554933014,0.034734807,0.291379279,0.955685813,-0.023584651,0.955685813,-0.023584651,-0.020319817,0.292737931
8.523609575678652,0.034735413,0.291375589,0.955686827,-0.023588271,0.955686827,-0.023588271,-0.020318404,0.292734428
8.523609595506718,0.034735992,0.291372061,0.955687796,-0.023591732,0.955687796,-0.023591732,-0.020317052,0.292731079
8.523609637031923,0.034737205,0.291364674,0.955689825,-0.023598978,0.955689825,-0.023598978,-0.020314223,0.292724067
8.523609679530940,0.034738446,0.291357114,0.955691901,-0.023606394,0.955691901,-0.023606394,-0.020311327,0.29271689
8.523609723026610,0.034739716,0.291349378,0.955694026,-0.023613983,0.955694026,-0.023613983,-0.020308364,0.292709546
8.523609767542300,0.034741016,0.29134146,0.955696201,-0.02362175,0.955696201,-0.02362175,-0.020305331,0.29270203
8.523609813101936,0.034742346,0.291333357,0.955698426,-0.023629699,0.955698426,-0.023629699,-0.020302228,0.292694337
8.523609859729996,0.034743707,0.291325065,0.955700703,-0.023637833,0.955700703,-0.023637833,-0.020299052,0.292686466
8.523609907451538,0.034745099,0.291316579,0.955703033,-0.023646158,0.955703033,-0.023646158,-0.020295803,0.292678409
8.523609956292205,0.034746524,0.291307894,0.955705417,-0.023654678,0.955705417,-0.023654678,-0.020292477,0.292670165
8.523610006278240,0.034747983,0.291299006,0.955707858,-0.023663396,0.955707858,-0.023663396,-0.020289074,0.292661728
8.523610057436505,0.034749475,0.291289911,0.955710355,-0.023672319,0.955710355,-0.023672319,-0.020285591,0.292653093
8.523610109794490,0.034751001,0.291280602,0.95571291,-0.02368145,0.95571291,-0.02368145,-0.020282027,0.292644256
8.523610163380329,0.034752564,0.291271077,0.955715524,-0.023690794,0.955715524,-0.023690794,-0.02027838,0.292635213
8.523610218222817,0.034754162,0.291261328,0.9557182,-0.023700358,0.9557182,-0.023700358,-0.020274648,0.292625959
8.523610274351423,0.034755798,0.291251352,0.955720938,-0.023710144,0.955720938,-0.023710144,-0.020270829,0.292616488
8.523610331796311,0.034757472,0.291241142,0.95572374,-0.02372016,0.95572374,-0.02372016,-0.020266921,0.292606795
8.523610390588345,0.034759184,0.291230694,0.955726607,-0.023730409,0.955726607,-0.023730409,-0.020262921,0.292596876
8.523610450759122,0.034760937,0.291220002,0.95572954,-0.023740898,0.95572954,-0.023740898,-0.020258829,0.292586725
8.523610512340969,0.03476273,0.29120906,0.955732542,-0.023751632,0.955732542,-0.023751632,-0.020254641,0.292576337
8.523610575366982,0.034764565,0.291197862,0.955735614,-0.023762617,0.955735614,-0.023762617,-0.020250355,0.292565707
8.523610639871029,0.034766442,0.291186402,0.955738758,-0.023773859,0.955738758,-0.023773859,-0.02024597,0.292554827
8.523610705887766,0.034768363,0.291174675,0.955741974,-0.023785364,0.955741974,-0.023785364,-0.020241483,0.292543694
8.523610773452672,0.034770328,0.291162674,0.955745266,-0.023797137,0.955745266,-0.023797137,-0.020236891,0.2925323
8.523610842602054,0.03477234,0.291150393,0.955748634,-0.023809185,0.955748634,-0.023809185,-0.020232192,0.29252064
8.523610913373066,0.034774397,0.291137824,0.95575208,-0.023821514,0.95575208,-0.023821514,-0.020227383,0.292508708
8.523610985803739,0.034776503,0.291124963,0.955755607,-0.023834132,0.955755607,-0.023834132,-0.020222463,0.292496497
8.523611059932993,0.034778657,0.291111801,0.955759215,-0.023847044,0.955759215,-0.023847044,-0.020217428,0.292484001
8.523611135800664,0.034780861,0.291098331,0.955762907,-0.023860258,0.955762907,-0.023860258,-0.020212276,0.292471213
8.523611213447516,0.034783117,0.291084547,0.955766686,-0.02387378,0.955766686,-0.02387378,-0.020207004,0.292458127
8.523611292915279,0.034785424,0.291070442,0.955770552,-0.023887618,0.955770552,-0.023887618,-0.020201609,0.292444734
8.523611374246649,0.034787785,0.291056007,0.955774507,-0.023901779,0.955774507,-0.023901779,-0.020196089,0.29243103
8.523611457485332,0.034790201,0.291041235,0.955778555,-0.02391627,0.955778555,-0.02391627,-0.02019044,0.292417005
8.523611542676058,0.034792672,0.291026119,0.955782696,-0.0239311,0.955782696,-0.0239311,-0.020184661,0.292402653
8.523611629864604,0.034795201,0.29101065,0.955786934,-0.023946276,0.955786934,-0.023946276,-0.020178746,0.292387966
8.523611719097820,0.034797788,0.29099482,0.95579127,-0.023961805,0.95579127,-0.023961805,-0.020172695,0.292372936
8.523611810423658,0.034800435,0.290978621,0.955795707,-0.023977698,0.955795707,-0.023977698,-0.020166502,0.292357555
8.523611903891188,0.034803143,0.290962044,0.955800246,-0.02399396,0.955800246,-0.02399396,-0.020160166,0.292341816
8.523611999550642,0.034805913,0.29094508,0.955804891,-0.024010603,0.955804891,-0.024010603,-0.020153683,0.292325709
8.523612097453418,0.034808748,0.290927721,0.955809644,-0.024027633,0.955809644,-0.024027633,-0.020147049,0.292309227
8.523612197652124,0.034811648,0.290909957,0.955814506,-0.02404506,0.955814506,-0.02404506,-0.020140261,0.29229236
8.523612300200606,0.034814615,0.290891779,0.955819482,-0.024062894,0.955819482,-0.024062894,-0.020133315,0.2922751
8.523612405153965,0.03481765,0.290873177,0.955824572,-0.024081144,0.955824572,-0.024081144,-0.020126209,0.292257437
8.523612512568601,0.034820756,0.290854142,0.955829781,-0.024099819,0.955829781,-0.024099819,-0.020118937,0.292239363
8.523612622502231,0.034823933,0.290834663,0.95583511,-0.024118929,0.95583511,-0.024118929,-0.020111497,0.292220867
8.523612735013932,0.034827183,0.290814731,0.955840562,-0.024138484,0.955840562,-0.024138484,-0.020103884,0.292201941
8.523612850164159,0.034830508,0.290794334,0.955846141,-0.024158496,0.955846141,-0.024158496,-0.020096095,0.292182573
8.523612968014792,0.03483391,0.290773462,0.955851848,-0.024178973,0.955851848,-0.024178973,-0.020088125,0.292162754
8.523613088629155,0.034837389,0.290752104,0.955857688,-0.024199927,0.955857688,-0.024199927,-0.020079971,0.292142473
8.523613212072062,0.034840949,0.290730249,0.955863662,-0.024221369,0.955863662,-0.024221369,-0.020071627,0.29212172
8.523613338409847,0.034844591,0.290707885,0.955869775,-0.024243311,0.955869775,-0.024243311,-0.020063091,0.292100483
8.523613467710398,0.034848316,0.290685,0.955876029,-0.024265763,0.955876029,-0.024265763,-0.020054357,0.292078752
8.523613600043193,0.034852127,0.290661583,0.955882427,-0.024288738,0.955882427,-0.024288738,-0.02004542,0.292056515
8.523613735479344,0.034856026,0.290637621,0.955888973,-0.024312248,0.955888973,-0.024312248,-0.020036277,0.29203376
8.523613874091627,0.034860014,0.290613102,0.95589567,-0.024336304,0.95589567,-0.024336304,-0.020026923,0.292010475
8.523614015954525,0.034864093,0.290588012,0.955902521,-0.024360921,0.955902521,-0.024360921,-0.020017352,0.291986649
8.523614161144270,0.034868266,0.290562339,0.95590953,-0.02438611,0.95590953,-0.02438611,-0.02000756,0.291962269
8.523614309738880,0.034872534,0.290536069,0.955916701,-0.024411884,0.955916701,-0.024411884,-0.019997542,0.291937321
8.523614461818203,0.0348769,0.290509189,0.955924037,-0.024438258,0.955924037,-0.024438258,-0.019987292,0.291911793
8.523614617463961,0.034881366,0.290481684,0.955931542,-0.024465245,0.955931542,-0.024465245,-0.019976806,0.291885672
8.523614776759787,0.034885934,0.290453539,0.95593922,-0.02449286,0.95593922,-0.02449286,-0.019966077,0.291858943
8.523614939791283,0.034890607,0.290424741,0.955947074,-0.024521115,0.955947074,-0.024521115,-0.019955101,0.291831593
8.523615106646053,0.034895386,0.290395275,0.955955109,-0.024550028,0.955955109,-0.024550028,-0.019943872,0.291803607
8.523615277413759,0.034900275,0.290365123,0.955963329,-0.024579611,0.955963329,-0.024579611,-0.019932384,0.291774971
8.523615452186162,0.034905275,0.290334273,0.955971737,-0.024609882,0.955971737,-0.024609882,-0.019920632,0.29174567
8.523615631057176,0.034910388,0.290302706,0.955980338,-0.024640856,0.955980338,-0.024640856,-0.019908608,0.291715689
8.523615814122920,0.034915619,0.290270406,0.955989137,-0.024672548,0.955989137,-0.024672548,-0.019896308,0.291685011
8.523616001481763,0.034920968,0.290237358,0.955998138,-0.024704976,0.955998138,-0.024704976,-0.019883725,0.291653622
8.523616193234385,0.034926439,0.290203543,0.956007345,-0.024738156,0.956007345,-0.024738156,-0.019870852,0.291621504
8.523616389483827,0.034932035,0.290168944,0.956016764,-0.024772106,0.956016764,-0.024772106,-0.019857683,0.29158864
8.523616590335539,0.034937758,0.290133543,0.956026397,-0.024806843,0.956026397,-0.024806843,-0.019844212,0.291555015
8.523616795897453,0.03494361,0.290097322,0.956036252,-0.024842385,0.956036252,-0.024842385,-0.019830431,0.291520609
8.523617006280030,0.034949595,0.290060261,0.956046332,-0.02487875,0.956046332,-0.02487875,-0.019816334,0.291485406
8.523617221596316,0.034955716,0.290022343,0.956056642,-0.024915958,0.956056642,-0.024915958,-0.019801913,0.291449387
8.523617441962017,0.034961976,0.289983546,0.956067188,-0.024954028,0.956067188,-0.024954028,-0.019787161,0.291412534
8.523617667495543,0.034968377,0.289943852,0.956077975,-0.02499298,0.956077975,-0.02499298,-0.019772071,0.291374827
8.523617898318088,0.034974922,0.289903239,0.956089007,-0.025032833,0.956089007,-0.025032833,-0.019756635,0.291336246
8.523618134553685,0.034981616,0.289861687,0.956100292,-0.025073608,0.956100292,-0.025073608,-0.019740846,0.291296773
8.523618376329276,0.034988461,0.289819174,0.956111834,-0.025115327,0.956111834,-0.025115327,-0.019724695,0.291256385
8.523618623774780,0.03499546,0.289775678,0.956123638,-0.02515801,0.956123638,-0.02515801,-0.019708175,0.291215064
8.523618877023164,0.035002616,0.289731178,0.956135712,-0.02520168,0.956135712,-0.02520168,-0.019691277,0.291172787
8.523619136210510,0.035009934,0.289685649,0.95614806,-0.025246359,0.95614806,-0.025246359,-0.019673993,0.291129532
8.523619401476095,0.035017416,0.289639069,0.956160688,-0.025292071,0.956160688,-0.025292071,-0.019656315,0.291085277
8.523619672962461,0.035025066,0.289591414,0.956173604,-0.025338838,0.956173604,-0.025338838,-0.019638233,0.29104
8.523619950815490,0.035032888,0.289542659,0.956186812,-0.025386685,0.956186812,-0.025386685,-0.019619738,0.290993677
8.523620000000001,0.035034272,0.289534031,0.956189149,-0.025395152,0.956189149,-0.025395152,-0.019616465,0.290985479
8.523620235184490,0.035040885,0.28949278,0.95620032,-0.025435636,0.95620032,-0.025435636,-0.019600822,0.290946285
8.523620526222269,0.035049061,0.28944175,0.956214134,-0.025485716,0.956214134,-0.025485716,-0.019581475,0.290897798
8.523620824085214,0.03505742,0.289389545,0.956228261,-0.025536951,0.956228261,-0.025536951,-0.019561688,0.290848193
8.523621128933385,0.035065966,0.289336137,0.956242707,-0.025589367,0.956242707,-0.025589367,-0.019541451,0.290797444
8.523621440930594,0.035074702,0.289281499,0.95625748,-0.02564299,0.95625748,-0.02564299,-0.019520753,0.290745525
8.523621760244493,0.035083633,0.289225603,0.956272587,-0.025697849,0.956272587,-0.025697849,-0.019499586,0.290692409
8.523622087046666,0.035092762,0.289168422,0.956288034,-0.025753971,0.956288034,-0.025753971,-0.019477939,0.290638069
8.523622421512723,0.035102095,0.289109925,0.95630383,-0.025811384,0.95630383,-0.025811384,-0.0194558,0.290582479
8.523622763822392,0.035111634,0.289050083,0.956319981,-0.025870118,0.956319981,-0.025870118,-0.01943316,0.290525609
8.523623114159610,0.035121385,0.288988867,0.956336496,-0.025930202,0.956336496,-0.025930202,-0.019410007,0.29046743
8.523623472712636,0.035131352,0.288926245,0.956353382,-0.025991667,0.956353382,-0.025991667,-0.019386331,0.290407914
8.523623839674141,0.035141539,0.288862185,0.956370647,-0.026054544,0.956370647,-0.026054544,-0.019362119,0.290347029
8.523624215241309,0.035151952,0.288796655,0.956388299,-0.026118864,0.956388299,-0.026118864,-0.019337361,0.290284746
8.523624599615959,0.035162593,0.288729623,0.956406347,-0.02618466,0.956406347,-0.02618466,-0.019312044,0.290221033
8.523624993004630,0.035173469,0.288661055,0.956424798,-0.026251965,0.956424798,-0.026251965,-0.019286156,0.290155857
8.523625395618714,0.035184584,0.288590916,0.956443662,-0.026320813,0.956443662,-0.026320813,-0.019259686,0.290089186
8.523625807674557,0.035195942,0.288519171,0.956462948,-0.026391239,0.956462948,-0.026391239,-0.01923262,0.290020986
8.523626229393580,0.03520755,0.288445785,0.956482664,-0.026463277,0.956482664,-0.026463277,-0.019204945,0.289951223
8.523626661002394,0.035219411,0.288370721,0.956502818,-0.026536964,0.956502818,-0.026536964,-0.019176649,0.289879863
8.523627102732927,0.035231531,0.288293941,0.956523422,-0.026612336,0.956523422,-0.026612336,-0.019147719,0.289806869
8.523627554822546,0.035243915,0.288215407,0.956544483,-0.026689431,0.956544483,-0.026689431,-0.01911814,0.289732204
8.523628017514181,0.035256569,0.288135081,0.956566012,-0.026768287,0.956566012,-0.026768287,-0.019087899,0.289655833
8.523628491056462,0.035269497,0.288052922,0.956588018,-0.026848944,0.956588018,-0.026848944,-0.019056982,0.289577717
8.523628975703849,0.035282705,0.28796889,0.956610511,-0.026931441,0.956610511,-0.026931441,-0.019025375,0.289497816
8.523629471716770,0.035296199,0.287882945,0.956633501,-0.027015819,0.956633501,-0.027015819,-0.018993062,0.289416092
8.523629979361761,0.035309985,0.287795042,0.956656998,-0.02710212,0.956656998,-0.02710212,-0.01896003,0.289332504
8.523630498911604,0.035324067,0.28770514,0.956681014,-0.027190386,0.956681014,-0.027190386,-0.018926263,0.28924701
8.523631030645484,0.035338452,0.287613194,0.956705558,-0.02728066,0.956705558,-0.02728066,-0.018891745,0.289159569
8.523631574849130,0.035353146,0.287519159,0.956730642,-0.027372988,0.956730642,-0.027372988,-0.01885646,0.289070138
8.523632131814972,0.035368154,0.287422989,0.956756275,-0.027467413,0.956756275,-0.027467413,-0.018820394,0.288978672
8.523632701842295,0.035383483,0.287324638,0.956782471,-0.027563983,0.956782471,-0.027563983,-0.018783529,0.288885127
8.523633285237413,0.035399138,0.287224058,0.956809239,-0.027662743,0.956809239,-0.027662743,-0.01874585,0.288789458
8.523633882313808,0.035415126,0.2871212,0.956836592,-0.027763743,0.956836592,-0.027763743,-0.018707338,0.288691616
8.523634493392326,0.035431453,0.287016015,0.956864541,-0.02786703,0.956864541,-0.02786703,-0.018667978,0.288591556
8.523635118801332,0.035448125,0.286908452,0.956893098,-0.027972656,0.956893098,-0.027972656,-0.018627751,0.288489229
8.523635758876893,0.035465149,0.286798458,0.956922275,-0.02808067,0.956922275,-0.02808067,-0.018586639,0.288384584
8.523636413962954,0.035482531,0.286685982,0.956952085,-0.028191125,0.956952085,-0.028191125,-0.018544626,0.288277572
8.523637084411533,0.035500278,0.28657097,0.956982539,-0.028304074,0.956982539,-0.028304074,-0.018501692,0.28816814
8.523637770582893,0.035518396,0.286453367,0.957013652,-0.02841957,0.957013652,-0.02841957,-0.018457819,0.288056237
8.523638472845754,0.035536893,0.286333117,0.957045434,-0.028537669,0.957045434,-0.028537669,-0.018412988,0.287941809
8.523639191577479,0.035555774,0.286210163,0.957077901,-0.028658428,0.957077901,-0.028658428,-0.018367179,0.287824801
8.523639927164284,0.035575046,0.286084447,0.957111064,-0.028781902,0.957111064,-0.028781902,-0.018320374,0.287705157
8.523640000000000,0.035576952,0.286072005,0.957114344,-0.028794122,0.957114344,-0.028794122,-0.018315743,0.287693316
8.523640680001437,0.035594717,0.28595591,0.957144937,-0.028908152,0.957144937,-0.028908152,-0.018272551,0.287582821
8.523641450493479,0.035614794,0.285824491,0.957179535,-0.029037235,0.957179535,-0.029037235,-0.018223692,0.287457734
8.523642239054439,0.035635283,0.28569013,0.95721487,-0.029169213,0.95721487,-0.029169213,-0.018173775,0.287329839
8.523643046108052,0.035656191,0.285552762,0.957250956,-0.029304148,0.957250956,-0.029304148,-0.01812278,0.287199073
8.523643872087993,0.035677526,0.285412326,0.957287808,-0.029442102,0.957287808,-0.029442102,-0.018070685,0.287065377
8.523644717438104,0.035699295,0.285268755,0.957325441,-0.029583141,0.957325441,-0.029583141,-0.01801747,0.286928687
8.523645582612639,0.035721505,0.285121984,0.957363868,-0.029727328,0.957363868,-0.029727328,-0.017963111,0.286788941
8.523646468076505,0.035744163,0.284971944,0.957403104,-0.02987473,0.957403104,-0.02987473,-0.017907588,0.286646073
8.523647374305506,0.035767277,0.284818568,0.957443165,-0.030025417,0.957443165,-0.030025417,-0.017850878,0.286500016
8.523648301786611,0.035790853,0.284661785,0.957484065,-0.030179456,0.957484065,-0.030179456,-0.017792958,0.286350705
8.523649251018206,0.0358149,0.284501524,0.957525819,-0.030336917,0.957525819,-0.030336917,-0.017733806,0.286198069
8.523650222510362,0.035839424,0.284337713,0.957568444,-0.030497873,0.957568444,-0.030497873,-0.017673397,0.28604204
8.523651216785117,0.035864433,0.284170278,0.957611954,-0.030662397,0.957611954,-0.030662397,-0.017611708,0.285882546
8.523652234376749,0.035889934,0.283999143,0.957656365,-0.030830562,0.957656365,-0.030830562,-0.017548716,0.285719516
8.523653275832066,0.035915936,0.283824233,0.957701693,-0.031002445,0.957701693,-0.031002445,-0.017484396,0.285552874
8.523654341710696,0.035942444,0.283645469,0.957747954,-0.031178121,0.957747954,-0.031178121,-0.017418724,0.285382547
8.523655432585395,0.035969467,0.283462773,0.957795164,-0.03135767,0.957795164,-0.03135767,-0.017351675,0.285208457
8.523656549042350,0.035997012,0.283276064,0.95784334,-0.03154117,0.95784334,-0.03154117,-0.017283224,0.285030528
8.523657691681493,0.036025086,0.283085261,0.957892497,-0.031728703,0.957892497,-0.031728703,-0.017213345,0.28484868
8.523658861116827,0.036053697,0.282890279,0.957942653,-0.031920352,0.957942653,-0.031920352,-0.017142012,0.284662833
8.523660000000001,0.036081443,0.282700679,0.957991349,-0.032106718,0.957991349,-0.032106718,-0.017072724,0.284482099
8.523660057976752,0.036082852,0.282691035,0.957993824,-0.032116198,0.957993824,-0.032116198,-0.017069201,0.284472905
8.523661282904406,0.036112559,0.282487442,0.958046027,-0.032316329,0.958046027,-0.032316329,-0.016994885,0.284278814
8.523662536558012,0.036142823,0.282279414,0.958099278,-0.03252083,0.958099278,-0.03252083,-0.016919037,0.284080473
8.523663819611224,0.036173653,0.282066861,0.958153595,-0.032729789,0.958153595,-0.032729789,-0.01684163,0.283877799
8.523665132753496,0.036205056,0.281849693,0.958208995,-0.032943296,0.958208995,-0.032943296,-0.016762638,0.283670703
8.523666476690451,0.036237038,0.281627819,0.958265494,-0.033161441,0.958265494,-0.033161441,-0.016682034,0.283459096
8.523667852144261,0.036269607,0.281401146,0.95832311,-0.033384316,0.95832311,-0.033384316,-0.016599791,0.283242889
8.523669259854028,0.036302769,0.281169579,0.95838186,-0.033612015,0.95838186,-0.033612015,-0.01651588,0.283021989
8.523670700576197,0.036336531,0.280933022,0.958441762,-0.033844634,0.958441762,-0.033844634,-0.016430274,0.282796305
8.523672175084942,0.036370899,0.280691378,0.958502832,-0.034082268,0.958502832,-0.034082268,-0.016342945,0.28256574
8.523673684172598,0.03640588,0.280444548,0.958565087,-0.034325016,0.958565087,-0.034325016,-0.016253864,0.2823302
8.523675228650079,0.03644148,0.280192432,0.958628546,-0.034572977,0.958628546,-0.034572977,-0.016163005,0.282089587
8.523676809347320,0.036477705,0.279934929,0.958693226,-0.034826252,0.958693226,-0.034826252,-0.016070338,0.281843803
8.523678427113712,0.03651456,0.279671935,0.958759143,-0.035084944,0.958759143,-0.035084944,-0.015975834,0.281592746
8.523680000000001,0.036550182,0.279416767,0.958822961,-0.035335952,0.958822961,-0.035335952,-0.015884278,0.28134913
8.523680082818569,0.036552052,0.279403346,0.958826314,-0.035349155,0.958826314,-0.035349155,-0.015879466,0.281336315
8.523681777351593,0.036590186,0.279129056,0.958894758,-0.035618991,0.958894758,-0.035618991,-0.015781204,0.281074408
8.523683511623348,0.036628966,0.278848958,0.95896449,-0.035894559,0.95896449,-0.035894559,-0.01568102,0.280806919
8.523685286565753,0.036668399,0.278562944,0.959035528,-0.036175967,0.959035528,-0.036175967,-0.015578884,0.280533742
8.523687103132580,0.036708488,0.278270902,0.959107889,-0.036463324,0.959107889,-0.036463324,-0.015474768,0.280254771
8.523688962299973,0.036749237,0.277972722,0.959181589,-0.036756741,0.959181589,-0.036756741,-0.015368643,0.279969896
8.523690865066959,0.036790651,0.277668292,0.959256644,-0.03705633,0.959256644,-0.03705633,-0.01526048,0.279679007
8.523692812455998,0.036832734,0.277357496,0.959333072,-0.037362205,0.959333072,-0.037362205,-0.01515025,0.279381993
8.523694805513534,0.036875488,0.27704022,0.959410887,-0.037674481,0.959410887,-0.037674481,-0.015037925,0.27907874
8.523696845310539,0.036918917,0.276716347,0.959490106,-0.037993274,0.959490106,-0.037993274,-0.014923475,0.278769134
8.523698932943109,0.036963023,0.276385759,0.959570745,-0.038318702,0.959570745,-0.038318702,-0.014806872,0.27845306
8.523700000000000,0.036985435,0.276217128,0.959611792,-0.03848471,0.959611792,-0.03848471,-0.01474748,0.278291812
8.523701069533043,0.037007809,0.276048337,0.959652818,-0.038650883,0.959652818,-0.038650883,-0.014688088,0.2781304
8.523703256228448,0.037053275,0.275703961,0.959736341,-0.038989937,0.959736341,-0.038989937,-0.014567095,0.277801036
8.523705494204352,0.037099423,0.275352508,0.959821328,-0.039335987,0.959821328,-0.039335987,-0.014443864,0.277464848
8.523707784663342,0.037146254,0.274993856,0.959907794,-0.039689154,0.959907794,-0.039689154,-0.014318367,0.277121717
8.523710128836207,0.037193768,0.274627881,0.959995752,-0.040049562,0.959995752,-0.040049562,-0.014190578,0.276771519
8.523712527982598,0.037241964,0.274254459,0.960085215,-0.040417336,0.960085215,-0.040417336,-0.014060468,0.276414131
8.523714983391708,0.037290842,0.273873464,0.960176197,-0.040792602,0.960176197,-0.040792602,-0.013928012,0.27604943
8.523717496382959,0.0373404,0.273484767,0.960268711,-0.041175488,0.960268711,-0.041175488,-0.013793182,0.27567729
8.523720000000001,0.037389307,0.273098757,0.960360277,-0.041555761,0.960360277,-0.041555761,-0.013659587,0.275307653
8.523720068306721,0.037390635,0.273088243,0.960362767,-0.04156612,0.960362767,-0.04156612,-0.013655952,0.275297583
8.523722700545026,0.037441545,0.272683762,0.960458377,-0.041964628,0.960458377,-0.041964628,-0.013516297,0.274910184
8.523725394512320,0.037493125,0.272271194,0.960555552,-0.042371143,0.960555552,-0.042371143,-0.013374192,0.274514963
8.523728151656218,0.037545373,0.271850409,0.960654303,-0.042785793,0.960654303,-0.042785793,-0.013229612,0.27411179
8.523730973458285,0.037598282,0.271421277,0.960754638,-0.043208712,0.960754638,-0.043208712,-0.013082534,0.273700537
8.523733861434827,0.037651847,0.270983665,0.960856565,-0.043640031,0.960856565,-0.043640031,-0.012932933,0.273281071
8.523736817137712,0.03770606,0.270537442,0.960960094,-0.044079883,0.960960094,-0.044079883,-0.012780788,0.27285326
8.523739842155198,0.037760915,0.270082474,0.961065231,-0.044528401,0.961065231,-0.044528401,-0.012626076,0.272416973
8.523740000000000,0.03776376,0.270058781,0.961070694,-0.044551759,0.961070694,-0.044551759,-0.012618031,0.272394251
8.523742938112793,0.037816403,0.269618628,0.961171982,-0.04498572,0.961171982,-0.04498572,-0.012468777,0.271972077
8.523746106674123,0.037872514,0.269145772,0.961280352,-0.045451974,0.961280352,-0.045451974,-0.012308871,0.271518436
8.523749349541827,0.037929237,0.268663771,0.961390347,-0.045927298,0.961390347,-0.045927298,-0.012146337,0.271055919
8.523752668458478,0.037986563,0.268172492,0.961501968,-0.046411826,0.961501968,-0.046411826,-0.011981157,0.270584389
8.523756065207508,0.038044477,0.2676718,0.96161522,-0.046905695,0.96161522,-0.046905695,-0.011813315,0.270103713
8.523759541614172,0.038102967,0.267161562,0.961730102,-0.047409039,0.961730102,-0.047409039,-0.011642794,0.269613755
8.523760000000001,0.038110621,0.267094449,0.961745173,-0.047475249,0.961745173,-0.047475249,-0.011620404,0.269549301
8.523763099546539,0.038162018,0.266641644,0.961846616,-0.047921993,0.961846616,-0.047921993,-0.011469579,0.269114381
8.523766740916473,0.038221614,0.266111912,0.961964759,-0.048444693,0.961964759,-0.048444693,-0.011293655,0.268605454
8.523770467680686,0.038281737,0.265572233,0.962084531,-0.048977274,0.962084531,-0.048977274,-0.011115011,0.268086841
8.523774281841767,0.038342371,0.265022475,0.962205927,-0.04951987,0.962205927,-0.04951987,-0.010933634,0.267558406
8.523778185449274,0.038403496,0.264462506,0.962328942,-0.050072616,0.962328942,-0.050072616,-0.010749515,0.267020015
8.523780000000000,0.038431591,0.264203128,0.962385706,-0.050328672,0.962385706,-0.050328672,-0.010664446,0.266770584
8.523782180600827,0.03846509,0.263892193,0.962453571,-0.050635645,0.962453571,-0.050635645,-0.010562645,0.266471534
8.523786269443239,0.038527131,0.263311407,0.962579806,-0.05120909,0.962579806,-0.05120909,-0.010373017,0.265912829
8.523790454173666,0.038589597,0.262720018,0.962707637,-0.051793084,0.962707637,-0.051793084,-0.010180625,0.265343767
8.523794737040792,0.038652463,0.262117898,0.962837054,-0.052387757,0.962837054,-0.052387757,-9.99E-03,0.264764216
8.523799120346036,0.038715701,0.261504918,0.962968045,-0.052993239,0.962968045,-0.052993239,-9.79E-03,0.264174046
8.523800000000001,0.038728259,0.261382299,0.962994156,-0.053114369,0.962994156,-0.053114369,-9.75E-03,0.264055969
8.523803606444783,0.038779285,0.260880954,0.963100596,-0.05360966,0.963100596,-0.05360966,-9.59E-03,0.263573125
8.523808197747663,0.038843185,0.260245882,0.963234692,-0.054237146,0.963234692,-0.054237146,-9.38E-03,0.262961326
8.523812896721827,0.03890737,0.259599578,0.963370315,-0.054875824,0.963370315,-0.054875824,-9.18E-03,0.26233852
8.523817705892293,0.038971808,0.258941923,0.963507447,-0.055525818,0.963507447,-0.055525818,-8.97E-03,0.261704581
8.523820000000001,0.039002106,0.258629549,0.963572273,-0.055834586,0.963572273,-0.055834586,-8.87E-03,0.261403405
8.523822627843288,0.039036465,0.258272797,0.963646066,-0.056187249,0.963646066,-0.056187249,-8.76E-03,0.261059386
8.523827665219645,0.039101306,0.257592084,0.963786149,-0.056860239,0.963786149,-0.056860239,-8.54E-03,0.260402811
8.523832820728222,0.039166293,0.256899671,0.963927673,-0.057544905,0.963927673,-0.057544905,-8.32E-03,0.259734737
8.523838097139350,0.039231387,0.256195446,0.964070611,-0.058241363,0.964070611,-0.058241363,-8.10E-03,0.259055044
8.523840000000000,0.039254515,0.255942568,0.964121692,-0.058491479,0.964121692,-0.058491479,-8.03E-03,0.258810921
8.523843497288336,0.039296548,0.2554793,0.964214934,-0.058949725,0.964214934,-0.058949725,-7.88E-03,0.258363616
8.523849024076972,0.039361734,0.254751128,0.964360611,-0.059670103,0.964360611,-0.059670103,-7.66E-03,0.257660342
8.523854680475100,0.039426899,0.254010828,0.96450761,-0.060402603,0.96450761,-0.060402603,-7.43E-03,0.256945108
8.523860000000001,0.039486779,0.253319142,0.96464395,-0.061087115,0.96464395,-0.061087115,-7.22E-03,0.25627662
8.523860469522216,0.039492,0.2532583,0.964655897,-0.061147331,0.964655897,-0.061147331,-7.20E-03,0.256217808
8.523866394329083,0.039556987,0.252493449,0.964805433,-0.061904385,0.964805433,-0.061904385,-6.96E-03,0.255478338
8.523872458079428,0.039621812,0.251716182,0.964956179,-0.062673865,0.964956179,-0.062673865,-6.73E-03,0.254726595
8.523878664031631,0.039686423,0.250926413,0.965108095,-0.063455863,0.965108095,-0.063455863,-6.49E-03,0.253962481
8.523880000000000,0.039700105,0.250757149,0.965140489,-0.06362348,0.965140489,-0.06362348,-6.44E-03,0.25379868
8.523885015520488,0.039750767,0.250124056,0.965261137,-0.064250469,0.965261137,-0.064250469,-6.25E-03,0.253185903
8.523891515958999,0.03981479,0.249309034,0.965415258,-0.065057769,0.965415258,-0.065057769,-6.01E-03,0.25239677
8.523898168840203,0.039878435,0.248481271,0.965570411,-0.065877843,0.965570411,-0.065877843,-5.76E-03,0.251594996
8.523900000000001,0.039895624,0.248254557,0.965612663,-0.066102479,0.965612663,-0.066102479,-5.69E-03,0.251375346
8.523904977739056,0.039941643,0.247640697,0.965726544,-0.066710769,0.965726544,-0.066710769,-5.51E-03,0.250780499
8.523911946314350,0.040004355,0.246787248,0.965883604,-0.067556616,0.965883604,-0.067556616,-5.26E-03,0.249953201
8.523919078310678,0.040066508,0.245920864,0.966041537,-0.068415454,0.966041537,-0.068415454,-5.01E-03,0.249113031
8.523920000000000,0.040074392,0.245809416,0.966061743,-0.068525942,0.966061743,-0.068525942,-4.98E-03,0.249004932
8.523926377560452,0.040128038,0.24504149,0.966200285,-0.069287341,0.966200285,-0.069287341,-4.75E-03,0.248259921
8.523933847985953,0.040188881,0.244149078,0.966359786,-0.070172335,0.966359786,-0.070172335,-4.50E-03,0.247393808
8.523940000000001,0.0402374,0.243419858,0.966488925,-0.070895628,0.966488925,-0.070895628,-4.29E-03,0.246685813
8.523941493601448,0.040248968,0.243243586,0.96651998,-0.071070486,0.96651998,-0.071070486,-4.24E-03,0.246514636
8.523949318515344,0.04030823,0.242324977,0.9666808,-0.071981837,0.9666808,-0.071981837,-3.97E-03,0.245622353
8.523957326932392,0.040366598,0.241393221,0.96684218,-0.072906426,0.96684218,-0.072906426,-3.71E-03,0.244716915
8.523960000000001,0.040385575,0.241084089,0.966895334,-0.073213224,0.966895334,-0.073213224,-3.62E-03,0.244416428
8.523965523155947,0.040423999,0.240448295,0.96700405,-0.073844287,0.96700405,-0.073844287,-3.45E-03,0.243798281
8.523973911590289,0.040480359,0.239490181,0.967166338,-0.074795442,0.967166338,-0.074795442,-3.18E-03,0.24286642
8.523980000000000,0.040519787,0.238800388,0.967282029,-0.075480354,0.967282029,-0.075480354,-2.99E-03,0.242195274
8.523982496742981,0.040535602,0.238518871,0.967328969,-0.075759911,0.967328969,-0.075759911,-2.91E-03,0.241921305
8.523991283227289,0.040589652,0.237534361,0.967491868,-0.076737705,0.967491868,-0.076737705,-2.64E-03,0.240962916
8.524000000000001,0.040640849,0.236567105,0.967650007,-0.077698576,0.967650007,-0.077698576,-2.37E-03,0.240020902
8.524000275764671,0.04064243,0.236536656,0.967654955,-0.077728827,0.967654955,-0.077728827,-2.37E-03,0.239991241
8.524009479187306,0.040693857,0.23552577,0.967818149,-0.078733274,0.967818149,-0.078733274,-2.09E-03,0.239006276
8.524018898440694,0.040743852,0.234501723,0.967981367,-0.079751036,0.967981367,-0.079751036,-1.81E-03,0.238008021
8.524020000000000,0.040749527,0.234382652,0.968000208,-0.07986939,0.968000208,-0.07986939,-1.78E-03,0.237891919
8.524028538586313,0.040792332,0.233464542,0.968144524,-0.080782091,0.968144524,-0.080782091,-1.54E-03,0.236996487
8.524038404804337,0.040839214,0.232414265,0.968307531,-0.081826415,0.968307531,-0.081826415,-1.26E-03,0.235971692
8.524040000000001,0.040846539,0.232245509,0.968333516,-0.081994238,0.968333516,-0.081994238,-1.21E-03,0.235806983
8.524048502396418,0.040884414,0.231350937,0.968470301,-0.08288397,0.968470301,-0.08288397,-9.79E-04,0.234933661
8.524058836788548,0.040927846,0.230274612,0.968632742,-0.083954713,0.968632742,-0.083954713,-6.99E-04,0.233882428
8.524060000000000,0.040932559,0.230154211,0.968650768,-0.084074506,0.968650768,-0.084074506,-6.67E-04,0.233764802
8.524069413533955,0.040969424,0.229185351,0.96879476,-0.085038592,0.96879476,-0.085038592,-4.17E-04,0.232818036
8.524080000000000,0.04100822,0.228107354,0.968952751,-0.086111528,0.968952751,-0.086111528,-1.40E-04,0.23176413
8.524080238316097,0.041009061,0.228083226,0.96895626,-0.086135545,0.96895626,-0.086135545,-1.34E-04,0.231740536
8.524091316951722,0.04104667,0.226968318,0.969117147,-0.087245501,0.969117147,-0.087245501,1.5000836404e-4,0.230649988
8.524100000000001,0.041074116,0.226103586,0.969240209,-0.088106587,0.969240209,-0.088106587,3.6835586573e-4,0.229803768
8.524102655393984,0.041082161,0.225840717,0.969277321,-0.088368382,0.969277321,-0.088368382,4.3443719281e-4,0.22954646
8.524114259735642,0.041115447,0.22470052,0.969436683,-0.089504098,0.969436683,-0.089504098,7.1947861695e-4,0.22843003
8.524120000000000,0.041130808,0.224141608,0.969513846,-0.09006092,0.969513846,-0.09006092,8.5826105122e-4,0.227882557
8.524126136212338,0.041146439,0.223547836,0.969595133,-0.090652551,0.969595133,-0.090652551,0.001005021,0.227300786
8.524138291205954,0.041175047,0.222382785,0.969752568,-0.091813633,0.969752568,-0.091813633,0.00129095,0.226158824
8.524140000000001,0.041178823,0.222220171,0.969774326,-0.091975717,0.969774326,-0.091975717,0.001330645,0.225999385
8.524150731248028,0.041201182,0.221205492,0.969908886,-0.092987227,0.969908886,-0.092987227,0.001577151,0.22500425
8.524160000000000,0.041218655,0.220338073,0.970022276,-0.093852122,0.970022276,-0.093852122,0.001786263,0.224153175
8.524163463023271,0.041224755,0.220016096,0.97006398,-0.094173207,0.97006398,-0.094173207,0.001863504,0.223837179
8.524176493373156,0.041245678,0.218814743,0.970217747,-0.095371434,0.970217747,-0.095371434,0.002149889,0.222657738
8.524180000000001,0.041250771,0.218494158,0.97025829,-0.09569124,0.97025829,-0.09569124,0.002225829,0.222342892
8.524189829299601,0.041263861,0.217601591,0.970370081,-0.096581762,0.970370081,-0.096581762,0.002436186,0.221466062
8.524200000000000,0.04127561,0.216687311,0.970482932,-0.097494135,0.970482932,-0.097494135,0.002650023,0.220567534
8.524203477968724,0.041279218,0.216376807,0.970520876,-0.097804034,0.970520876,-0.097804034,0.002722269,0.220262295
8.524217446714699,0.04129166,0.215140568,0.970670023,-0.099038084,0.970670023,-0.099038084,0.003008015,0.219046593
8.524220000000000,0.041293587,0.214916462,0.970696732,-0.09926183,0.970696732,-0.09926183,0.003059491,0.218826137
8.524231743043691,0.041301102,0.21389306,0.970817418,-0.100283734,0.970817418,-0.100283734,0.003293296,0.217819121
8.524240000000001,0.041305091,0.213180577,0.970900195,-0.100995315,0.970900195,-0.100995315,0.003454844,0.21711777
8.524246374637896,0.041307457,0.212634481,0.970962951,-0.101540797,0.970962951,-0.101540797,0.003577985,0.216580054
8.524260000000000,0.04131049,0.211478663,0.971093799,-0.102695541,0.971093799,-0.102695541,0.003836666,0.215441534
8.524261349359666,0.041310643,0.211365037,0.971106517,-0.102809078,0.971106517,-0.102809078,0.003861954,0.215329577
8.524276675255733,0.041310576,0.210084945,0.971248009,-0.104088367,0.971248009,-0.104088367,0.004145072,0.214067885
8.524280000000001,0.041310132,0.20980976,0.971277996,-0.104363429,0.971277996,-0.104363429,0.004205511,0.21379656
8.524292360561532,0.041307175,0.208794432,0.97138732,-0.105378449,0.97138732,-0.105378449,0.00442721,0.212795185
8.524300000000000,0.041304343,0.208172945,0.971453216,-0.105999864,0.971453216,-0.105999864,0.004561905,0.212182012
8.524308413705636,0.04130036,0.207493734,0.971524344,-0.106679097,0.971524344,-0.106679097,0.004708237,0.211511691
8.524320000000001,0.041293433,0.206567328,0.971619865,-0.107605702,0.971619865,-0.107605702,0.004906351,0.210597079
8.524324843314268,0.041290053,0.206183097,0.971658977,-0.107990073,0.971658977,-0.107990073,0.004988021,0.210217628
8.524340000000000,0.041277693,0.204992048,0.971778331,-0.10918177,0.971778331,-0.10918177,0.005239326,0.209040979
8.524341658215954,0.04127618,0.204862776,0.971791114,-0.109311131,0.971791114,-0.109311131,0.005266432,0.208913232
8.524358867446255,0.041258665,0.203533037,0.971920652,-0.110642015,0.971920652,-0.110642015,0.005543339,0.207598747
8.524360000000000,0.041257399,0.203446278,0.97192898,-0.110728863,0.97192898,-0.110728863,0.005561284,0.207512956
8.524376480252624,0.041237439,0.202194154,0.97204749,-0.11198246,0.97204749,-0.11198246,0.00581861,0.206274429
8.524380000000001,0.041232812,0.201929218,0.972072162,-0.112247753,0.972072162,-0.112247753,0.005872659,0.20601228
8.524394506099380,0.041212432,0.20084641,0.972171528,-0.113332189,0.972171528,-0.113332189,0.006092116,0.204940541
8.524400000000000,0.041204176,0.200440096,0.972208207,-0.113739183,0.972208207,-0.113739183,0.006173865,0.204538245
8.524412954672794,0.041183579,0.199490098,0.972292668,-0.114690918,0.972292668,-0.114690918,0.006363726,0.203597356
8.524420000000001,0.041171726,0.198978166,0.97233743,-0.115203872,0.97233743,-0.115203872,0.006465296,0.203090167
8.524431835886285,0.041150816,0.198125519,0.972410812,-0.116058354,0.972410812,-0.116058354,0.006633312,0.202245159
8.524440000000000,0.041135681,0.19754271,0.97246013,-0.116642513,0.97246013,-0.116642513,0.006747327,0.201667386
8.524451159885759,0.041114083,0.196752982,0.972525867,-0.117434195,0.972525867,-0.117434195,0.006900747,0.20088424
8.524460000000001,0.041096249,0.196133031,0.972576593,-0.11805578,0.972576593,-0.11805578,0.007020318,0.200269262
8.524470937055048,0.041073323,0.195372806,0.97263774,-0.11881813,0.97263774,-0.11881813,0.007165903,0.199514901
8.524480000000001,0.041053626,0.19474846,0.972687089,-0.11944432,0.972687089,-0.11944432,0.00728461,0.198895178
8.524491178021504,0.041028484,0.193985316,0.972746342,-0.120209838,0.972746342,-0.120209838,0.007428656,0.19813745
8.524500000000000,0.041007999,0.193388345,0.972791876,-0.120808761,0.972791876,-0.120808761,0.007540531,0.197544535
8.524511893661700,0.040979514,0.192590847,0.972851585,-0.121608994,0.972851585,-0.121608994,0.007688882,0.196752207
8.524520000000001,0.040959544,0.192052061,0.972891199,-0.12214971,0.972891199,-0.12214971,0.007788393,0.196216753
8.524533095107273,0.040926367,0.191189739,0.972953385,-0.123015261,0.972953385,-0.123015261,0.007946461,0.195359496
8.524540000000000,0.040908429,0.190738999,0.972985294,-0.123467756,0.972985294,-0.123467756,0.008028496,0.194911272
8.524554793750916,0.040869,0.189782341,0.973051661,-0.124428297,0.973051661,-0.124428297,0.008201273,0.193959652
8.524560000000001,0.04085481,0.189448575,0.973074381,-0.124763467,0.973074381,-0.124763467,0.008261125,0.193627548
8.524577001252489,0.040807375,0.188369008,0.973146334,-0.125847751,0.973146334,-0.125847751,0.008453201,0.192553017
8.524580000000000,0.040798839,0.188180219,0.973158675,-0.126037393,0.973158675,-0.126037393,0.008486552,0.192365054
8.524599729545290,0.040741457,0.186950103,0.973237329,-0.127273266,0.973237329,-0.127273266,0.00870213,0.191139938
8.524600000000001,0.040740656,0.186933383,0.973238377,-0.127290066,0.973238377,-0.127290066,0.00870504,0.191123282
8.524620000000001,0.040680396,0.185707536,0.97331368,-0.128522004,0.97331368,-0.128522004,0.008916838,0.189901736
8.524622990842468,0.040671214,0.185525992,0.973324575,-0.128704479,0.973324575,-0.128704479,0.00894795,0.189720773
8.524640000000000,0.040618187,0.184502162,0.97338477,-0.129733706,0.97338477,-0.129733706,0.009122185,0.188699939
8.524646797643582,0.040596621,0.18409705,0.973408003,-0.13014102,0.973408003,-0.13014102,0.009190551,0.188295883
8.524660000000001,0.040554149,0.183316764,0.97345182,-0.130925656,0.97345182,-0.130925656,0.009321312,0.187517424
8.524671162741324,0.040517655,0.182663655,0.97348755,-0.131582513,0.97348755,-0.131582513,0.009429828,0.186865637
8.524680000000000,0.040488397,0.182150858,0.973515,-0.132098323,0.973515,-0.132098323,0.009514436,0.186353743
8.524696099228384,0.040434298,0.181226192,0.973563155,-0.133028577,0.973563155,-0.133028577,0.009665678,0.18543041
8.524700000000001,0.04042104,0.181003979,0.97357447,-0.133252163,0.97357447,-0.133252163,0.00970177,0.185208459
8.524720000000000,0.04035218,0.179875672,0.973630382,-0.134387617,0.973630382,-0.134387617,0.009883515,0.184081147
8.524721620504494,0.040346537,0.17978505,0.973634761,-0.134478825,0.973634761,-0.134478825,0.009898002,0.183990581
8.524740000000001,0.040281915,0.178765498,0.973682883,-0.135505111,0.973682883,-0.135505111,0.010059863,0.182971398
8.524747740283622,0.040254364,0.178340621,0.973702317,-0.135932867,0.973702317,-0.135932867,0.010126704,0.182546537
8.524760000000001,0.040210338,0.177673033,0.973732113,-0.136605062,0.973732113,-0.136605062,0.010231001,0.181878811
8.524774472601351,0.040157774,0.176893302,0.973765773,-0.137390307,0.973765773,-0.137390307,0.010351694,0.181098667
8.524780000000000,0.040137536,0.176597864,0.973778205,-0.137687871,0.973778205,-0.137687871,0.010397107,0.180803001
8.524800000000001,0.040063595,0.17553959,0.973821287,-0.138753928,0.973821287,-0.138753928,0.010558351,0.179743591
8.524801831822403,0.040056768,0.175443493,0.973825086,-0.138850746,0.973825086,-0.138850746,0.010572882,0.179647365
8.524820000000000,0.039988591,0.174497824,0.97386148,-0.139803613,0.97386148,-0.139803613,0.010714897,0.178700216
8.524829832648379,0.039951351,0.173991596,0.973880217,-0.140313782,0.973880217,-0.140313782,0.010790185,0.178193031
8.524840000000001,0.039912602,0.17347219,0.973898903,-0.140837294,0.973898903,-0.140837294,0.010866902,0.177672522
8.524858490125647,0.039841534,0.172538018,0.973931131,-0.141779009,0.973931131,-0.141779009,0.011003524,0.176736064
8.524860000000000,0.039835697,0.172462321,0.973933665,-0.141855326,0.973933665,-0.141855326,0.011014518,0.176660165
8.524880000000001,0.039757946,0.171467864,0.973965876,-0.142858057,0.973965876,-0.142858057,0.011157891,0.17566281
8.524887819653426,0.03972733,0.171083164,0.973977797,-0.14324602,0.973977797,-0.14324602,0.011212823,0.17527687
8.524900000000001,0.039679412,0.170488473,0.973995636,-0.143845824,0.973995636,-0.143845824,0.011297159,0.174680132
8.524917836992067,0.039608761,0.169627444,0.97402019,-0.144714405,0.97402019,-0.144714405,0.011418011,0.173815856
8.524920000000000,0.039600156,0.169523816,0.974023044,-0.144818953,0.974023044,-0.144818953,0.011432456,0.173711815
8.524940000000001,0.039520237,0.168573567,0.974048194,-0.145777763,0.974048194,-0.145777763,0.011563913,0.172757553
8.524948558271520,0.03948585,0.168171267,0.974058288,-0.146183753,0.974058288,-0.146183753,0.011619022,0.172353431
8.524980000000001,0.039358626,0.166715043,0.974092075,-0.14765365,0.974092075,-0.14765365,0.011815794,0.170890005
8.525000000000000,0.039277036,0.165806164,0.974110976,-0.14857132,0.974110976,-0.14857132,0.011936452,0.169976148
