Frequency (GHz),RE[Y11],IM[Y11],RE[Y12],IM[Y12],RE[Y21],IM[Y21],RE[Y22],IM[Y22]
4.100000000000001,-2.69E-19,0.002522933,-1.19E-19,-2.13E-04,-1.46E-19,-2.13E-04,-8.83E-18,0.002041742
4.100100000000000,7.576443594e-16,0.002522996,1.056017508e-16,-2.13E-04,1.055979176e-16,-2.13E-04,-1.99E-15,0.002041792
4.100200000000000,8.078702602e-16,0.002523058,-7.02E-17,-2.13E-04,-7.02E-17,-2.13E-04,-1.99E-15,0.002041842
4.100300000000000,8.639749037e-16,0.00252312,-2.43E-16,-2.13E-04,-2.43E-16,-2.13E-04,-1.99E-15,0.002041892
4.100400000000000,9.160738183e-16,0.002523183,-4.13E-16,-2.13E-04,-4.13E-16,-2.13E-04,-1.99E-15,0.002041942
4.100500000000000,9.701957218e-16,0.002523245,-5.80E-16,-2.13E-04,-5.80E-16,-2.13E-04,-1.99E-15,0.002041993
4.100600000000000,1.023826013e-15,0.002523308,-7.45E-16,-2.13E-04,-7.45E-16,-2.13E-04,-1.99E-15,0.002042043
4.100700000000001,1.070032769e-15,0.00252337,-9.07E-16,-2.13E-04,-9.07E-16,-2.13E-04,-1.99E-15,0.002042093
4.100800000000000,1.124099569e-15,0.002523432,-1.07E-15,-2.13E-04,-1.07E-15,-2.13E-04,-1.99E-15,0.002042143
4.100900000000000,1.173944543e-15,0.002523495,-1.22E-15,-2.13E-04,-1.22E-15,-2.13E-04,-1.99E-15,0.002042194
4.101000000000000,1.221901648e-15,0.002523557,-1.38E-15,-2.13E-04,-1.38E-15,-2.13E-04,-1.99E-15,0.002042244
4.101100000000001,1.265462993e-15,0.002523619,-1.53E-15,-2.13E-04,-1.53E-15,-2.13E-04,-1.99E-15,0.002042294
4.101200000000000,1.310459884e-15,0.002523682,-1.68E-15,-2.13E-04,-1.68E-15,-2.13E-04,-1.99E-15,0.002042344
4.101300000000000,1.354199954e-15,0.002523744,-1.82E-15,-2.13E-04,-1.82E-15,-2.13E-04,-1.98E-15,0.002042394
4.101400000000000,1.400914613e-15,0.002523807,-1.97E-15,-2.13E-04,-1.97E-15,-2.13E-04,-1.98E-15,0.002042445
4.101500000000001,1.442514301e-15,0.002523869,-2.11E-15,-2.13E-04,-2.11E-15,-2.13E-04,-1.98E-15,0.002042495
4.101600000000000,1.485751738e-15,0.002523931,-2.24E-15,-2.13E-04,-2.24E-15,-2.13E-04,-1.98E-15,0.002042545
4.101700000000000,1.531983409e-15,0.002523994,-2.38E-15,-2.13E-04,-2.38E-15,-2.13E-04,-1.98E-15,0.002042595
4.101800000000000,1.569120734e-15,0.002524056,-2.51E-15,-2.13E-04,-2.51E-15,-2.13E-04,-1.98E-15,0.002042646
4.101900000000001,1.612578103e-15,0.002524118,-2.64E-15,-2.13E-04,-2.64E-15,-2.13E-04,-1.98E-15,0.002042696
4.102000000000000,1.647868288e-15,0.002524181,-2.77E-15,-2.13E-04,-2.77E-15,-2.13E-04,-1.98E-15,0.002042746
4.102100000000000,1.689547036e-15,0.002524243,-2.90E-15,-2.13E-04,-2.90E-15,-2.13E-04,-1.98E-15,0.002042796
4.102200000000000,1.726505158e-15,0.002524306,-3.02E-15,-2.13E-04,-3.02E-15,-2.13E-04,-1.98E-15,0.002042846
4.102300000000001,1.768141740e-15,0.002524368,-3.14E-15,-2.13E-04,-3.14E-15,-2.13E-04,-1.98E-15,0.002042897
4.102400000000000,1.798318871e-15,0.00252443,-3.26E-15,-2.13E-04,-3.26E-15,-2.13E-04,-1.98E-15,0.002042947
4.102500000000000,1.834906127e-15,0.002524493,-3.38E-15,-2.13E-04,-3.38E-15,-2.13E-04,-1.98E-15,0.002042997
4.102600000000001,1.869428228e-15,0.002524555,-3.49E-15,-2.13E-04,-3.49E-15,-2.13E-04,-1.98E-15,0.002043047
4.102700000000000,1.903857374e-15,0.002524617,-3.60E-15,-2.13E-04,-3.60E-15,-2.13E-04,-1.98E-15,0.002043098
4.102800000000000,1.936604209e-15,0.00252468,-3.71E-15,-2.13E-04,-3.71E-15,-2.13E-04,-1.98E-15,0.002043148
4.102900000000000,1.970128711e-15,0.002524742,-3.82E-15,-2.13E-04,-3.82E-15,-2.13E-04,-1.98E-15,0.002043198
4.103000000000001,2.001426105e-15,0.002524805,-3.92E-15,-2.13E-04,-3.92E-15,-2.13E-04,-1.98E-15,0.002043248
4.103100000000000,2.032280760e-15,0.002524867,-4.02E-15,-2.13E-04,-4.02E-15,-2.13E-04,-1.98E-15,0.002043298
4.103200000000000,2.059202996e-15,0.002524929,-4.12E-15,-2.13E-04,-4.12E-15,-2.13E-04,-1.98E-15,0.002043349
4.103300000000000,2.094588054e-15,0.002524992,-4.22E-15,-2.13E-04,-4.22E-15,-2.13E-04,-1.98E-15,0.002043399
4.103400000000001,2.120954472e-15,0.002525054,-4.31E-15,-2.13E-04,-4.31E-15,-2.13E-04,-1.98E-15,0.002043449
4.103500000000000,2.148367363e-15,0.002525116,-4.41E-15,-2.13E-04,-4.41E-15,-2.13E-04,-1.98E-15,0.002043499
4.103600000000000,2.176224429e-15,0.002525179,-4.50E-15,-2.13E-04,-4.50E-15,-2.13E-04,-1.98E-15,0.00204355
4.103700000000000,2.200411654e-15,0.002525241,-4.59E-15,-2.13E-04,-4.59E-15,-2.13E-04,-1.98E-15,0.0020436
4.103800000000001,2.230571056e-15,0.002525304,-4.67E-15,-2.13E-04,-4.67E-15,-2.13E-04,-1.98E-15,0.00204365
4.103900000000000,2.251366348e-15,0.002525366,-4.76E-15,-2.13E-04,-4.76E-15,-2.13E-04,-1.98E-15,0.0020437
4.104000000000000,2.278143880e-15,0.002525428,-4.84E-15,-2.13E-04,-4.84E-15,-2.13E-04,-1.98E-15,0.002043751
4.104100000000000,2.302681366e-15,0.002525491,-4.92E-15,-2.13E-04,-4.92E-15,-2.13E-04,-1.98E-15,0.002043801
4.104200000000001,2.327566239e-15,0.002525553,-5.00E-15,-2.13E-04,-5.00E-15,-2.13E-04,-1.98E-15,0.002043851
4.104300000000000,2.348136808e-15,0.002525616,-5.07E-15,-2.13E-04,-5.07E-15,-2.13E-04,-1.98E-15,0.002043901
4.104400000000000,2.369797931e-15,0.002525678,-5.15E-15,-2.13E-04,-5.15E-15,-2.13E-04,-1.98E-15,0.002043951
4.104500000000000,2.388075268e-15,0.00252574,-5.22E-15,-2.13E-04,-5.22E-15,-2.13E-04,-1.98E-15,0.002044002
4.104600000000000,2.412299387e-15,0.002525803,-5.29E-15,-2.13E-04,-5.29E-15,-2.13E-04,-1.98E-15,0.002044052
4.104700000000000,2.431981604e-15,0.002525865,-5.36E-15,-2.13E-04,-5.36E-15,-2.13E-04,-1.98E-15,0.002044102
4.104800000000000,2.452773063e-15,0.002525927,-5.42E-15,-2.13E-04,-5.42E-15,-2.13E-04,-1.98E-15,0.002044152
4.104900000000001,2.469708289e-15,0.00252599,-5.48E-15,-2.13E-04,-5.48E-15,-2.13E-04,-1.97E-15,0.002044203
4.105000000000000,2.489969803e-15,0.002526052,-5.55E-15,-2.13E-04,-5.55E-15,-2.13E-04,-1.97E-15,0.002044253
4.105100000000000,2.503687987e-15,0.002526115,-5.61E-15,-2.13E-04,-5.61E-15,-2.13E-04,-1.98E-15,0.002044303
4.105200000000000,2.522455978e-15,0.002526177,-5.66E-15,-2.13E-04,-5.66E-15,-2.13E-04,-1.97E-15,0.002044353
4.105300000000001,2.539535908e-15,0.002526239,-5.72E-15,-2.13E-04,-5.72E-15,-2.13E-04,-1.97E-15,0.002044403
4.105400000000000,2.554806553e-15,0.002526302,-5.77E-15,-2.13E-04,-5.77E-15,-2.13E-04,-1.97E-15,0.002044454
4.105500000000000,2.571773882e-15,0.002526364,-5.83E-15,-2.13E-04,-5.83E-15,-2.13E-04,-1.97E-15,0.002044504
4.105600000000000,2.584667921e-15,0.002526426,-5.88E-15,-2.13E-04,-5.88E-15,-2.13E-04,-1.97E-15,0.002044554
4.105700000000001,2.602458437e-15,0.002526489,-5.92E-15,-2.13E-04,-5.92E-15,-2.13E-04,-1.97E-15,0.002044604
4.105800000000000,2.615511556e-15,0.002526551,-5.97E-15,-2.13E-04,-5.97E-15,-2.13E-04,-1.97E-15,0.002044655
4.105900000000000,2.622492832e-15,0.002526614,-6.01E-15,-2.13E-04,-6.01E-15,-2.13E-04,-1.97E-15,0.002044705
4.106000000000000,2.639528680e-15,0.002526676,-6.06E-15,-2.13E-04,-6.06E-15,-2.13E-04,-1.97E-15,0.002044755
4.106100000000001,2.649394465e-15,0.002526738,-6.10E-15,-2.13E-04,-6.10E-15,-2.13E-04,-1.97E-15,0.002044805
4.106200000000000,2.655525722e-15,0.002526801,-6.14E-15,-2.13E-04,-6.14E-15,-2.13E-04,-1.97E-15,0.002044855
4.106300000000000,2.671178731e-15,0.002526863,-6.18E-15,-2.13E-04,-6.18E-15,-2.13E-04,-1.97E-15,0.002044906
4.106400000000000,2.683536118e-15,0.002526925,-6.21E-15,-2.13E-04,-6.21E-15,-2.13E-04,-1.97E-15,0.002044956
4.106500000000000,2.687023402e-15,0.002526988,-6.25E-15,-2.13E-04,-6.25E-15,-2.13E-04,-1.97E-15,0.002045006
4.106600000000000,2.700352034e-15,0.00252705,-6.28E-15,-2.13E-04,-6.28E-15,-2.13E-04,-1.97E-15,0.002045056
4.106700000000000,2.708070729e-15,0.002527113,-6.31E-15,-2.13E-04,-6.31E-15,-2.13E-04,-1.97E-15,0.002045107
4.106800000000001,2.714782721e-15,0.002527175,-6.34E-15,-2.13E-04,-6.34E-15,-2.13E-04,-1.97E-15,0.002045157
4.106900000000000,2.725279552e-15,0.002527237,-6.36E-15,-2.13E-04,-6.36E-15,-2.13E-04,-1.97E-15,0.002045207
4.107000000000000,2.730733285e-15,0.0025273,-6.39E-15,-2.13E-04,-6.39E-15,-2.13E-04,-1.97E-15,0.002045257
4.107100000000000,2.735619700e-15,0.002527362,-6.41E-15,-2.13E-04,-6.41E-15,-2.13E-04,-1.97E-15,0.002045307
4.107200000000001,2.741362842e-15,0.002527425,-6.44E-15,-2.13E-04,-6.44E-15,-2.13E-04,-1.97E-15,0.002045358
4.107300000000000,2.749503671e-15,0.002527487,-6.46E-15,-2.13E-04,-6.46E-15,-2.13E-04,-1.97E-15,0.002045408
4.107400000000000,2.753168722e-15,0.002527549,-6.48E-15,-2.14E-04,-6.48E-15,-2.14E-04,-1.97E-15,0.002045458
4.107500000000000,2.759354602e-15,0.002527612,-6.49E-15,-2.14E-04,-6.49E-15,-2.14E-04,-1.97E-15,0.002045508
4.107600000000001,2.762549603e-15,0.002527674,-6.51E-15,-2.14E-04,-6.51E-15,-2.14E-04,-1.97E-15,0.002045559
4.107700000000000,2.766625288e-15,0.002527736,-6.52E-15,-2.14E-04,-6.52E-15,-2.14E-04,-1.97E-15,0.002045609
4.107800000000000,2.767167691e-15,0.002527799,-6.54E-15,-2.14E-04,-6.54E-15,-2.14E-04,-1.97E-15,0.002045659
4.107900000000000,2.770558186e-15,0.002527861,-6.55E-15,-2.14E-04,-6.55E-15,-2.14E-04,-1.97E-15,0.002045709
4.108000000000001,2.773920890e-15,0.002527924,-6.56E-15,-2.14E-04,-6.56E-15,-2.14E-04,-1.97E-15,0.00204576
4.108100000000000,2.773147535e-15,0.002527986,-6.57E-15,-2.14E-04,-6.57E-15,-2.14E-04,-1.97E-15,0.00204581
4.108200000000000,2.776536114e-15,0.002528048,-6.57E-15,-2.14E-04,-6.57E-15,-2.14E-04,-1.97E-15,0.00204586
4.108300000000000,2.774632913e-15,0.002528111,-6.58E-15,-2.14E-04,-6.58E-15,-2.14E-04,-1.97E-15,0.00204591
4.108400000000000,2.778730640e-15,0.002528173,-6.58E-15,-2.14E-04,-6.58E-15,-2.14E-04,-1.97E-15,0.00204596
4.108500000000000,2.776202143e-15,0.002528235,-6.59E-15,-2.14E-04,-6.59E-15,-2.14E-04,-1.97E-15,0.002046011
4.108600000000000,2.778214111e-15,0.002528298,-6.59E-15,-2.14E-04,-6.59E-15,-2.14E-04,-1.97E-15,0.002046061
4.108700000000001,2.777962556e-15,0.00252836,-6.59E-15,-2.14E-04,-6.59E-15,-2.14E-04,-1.97E-15,0.002046111
4.108800000000000,2.777233283e-15,0.002528423,-6.59E-15,-2.14E-04,-6.59E-15,-2.14E-04,-1.97E-15,0.002046161
4.108900000000000,2.776702859e-15,0.002528485,-6.58E-15,-2.14E-04,-6.58E-15,-2.14E-04,-1.97E-15,0.002046212
4.109000000000000,2.770491583e-15,0.002528547,-6.58E-15,-2.14E-04,-6.58E-15,-2.14E-04,-1.97E-15,0.002046262
4.109100000000001,2.771413955e-15,0.00252861,-6.57E-15,-2.14E-04,-6.57E-15,-2.14E-04,-1.97E-15,0.002046312
4.109200000000000,2.770228049e-15,0.002528672,-6.57E-15,-2.14E-04,-6.57E-15,-2.14E-04,-1.97E-15,0.002046362
4.109300000000000,2.766255860e-15,0.002528735,-6.56E-15,-2.14E-04,-6.56E-15,-2.14E-04,-1.97E-15,0.002046412
4.109400000000000,2.761708687e-15,0.002528797,-6.55E-15,-2.14E-04,-6.55E-15,-2.14E-04,-1.97E-15,0.002046463
4.109500000000001,2.754935363e-15,0.002528859,-6.54E-15,-2.14E-04,-6.54E-15,-2.14E-04,-1.97E-15,0.002046513
4.109600000000000,2.752753295e-15,0.002528922,-6.53E-15,-2.14E-04,-6.53E-15,-2.14E-04,-1.97E-15,0.002046563
4.109700000000000,2.748544884e-15,0.002528984,-6.51E-15,-2.14E-04,-6.51E-15,-2.14E-04,-1.97E-15,0.002046613
4.109800000000000,2.742613913e-15,0.002529046,-6.50E-15,-2.14E-04,-6.50E-15,-2.14E-04,-1.97E-15,0.002046664
4.109900000000001,2.736814710e-15,0.002529109,-6.48E-15,-2.14E-04,-6.48E-15,-2.14E-04,-1.97E-15,0.002046714
4.110000000000000,2.733046642e-15,0.002529171,-6.47E-15,-2.14E-04,-6.47E-15,-2.14E-04,-1.97E-15,0.002046764
4.110100000000000,2.729170763e-15,0.002529234,-6.45E-15,-2.14E-04,-6.45E-15,-2.14E-04,-1.97E-15,0.002046814
4.110200000000000,2.722613538e-15,0.002529296,-6.43E-15,-2.14E-04,-6.43E-15,-2.14E-04,-1.97E-15,0.002046865
4.110300000000001,2.713382153e-15,0.002529358,-6.41E-15,-2.14E-04,-6.41E-15,-2.14E-04,-1.97E-15,0.002046915
4.110400000000000,2.706265755e-15,0.002529421,-6.39E-15,-2.14E-04,-6.39E-15,-2.14E-04,-1.97E-15,0.002046965
4.110500000000000,2.699179544e-15,0.002529483,-6.36E-15,-2.14E-04,-6.36E-15,-2.14E-04,-1.97E-15,0.002047015
4.110600000000001,2.694040615e-15,0.002529545,-6.34E-15,-2.14E-04,-6.34E-15,-2.14E-04,-1.97E-15,0.002047065
4.110700000000000,2.682804929e-15,0.002529608,-6.31E-15,-2.14E-04,-6.31E-15,-2.14E-04,-1.97E-15,0.002047116
4.110800000000000,2.675980335e-15,0.00252967,-6.29E-15,-2.14E-04,-6.29E-15,-2.14E-04,-1.97E-15,0.002047166
4.110900000000000,2.662826115e-15,0.002529733,-6.26E-15,-2.14E-04,-6.26E-15,-2.14E-04,-1.97E-15,0.002047216
4.111000000000001,2.656724087e-15,0.002529795,-6.23E-15,-2.14E-04,-6.23E-15,-2.14E-04,-1.97E-15,0.002047266
4.111100000000000,2.651728904e-15,0.002529857,-6.20E-15,-2.14E-04,-6.20E-15,-2.14E-04,-1.97E-15,0.002047317
4.111200000000000,2.641223928e-15,0.00252992,-6.17E-15,-2.14E-04,-6.17E-15,-2.14E-04,-1.97E-15,0.002047367
4.111300000000000,2.629379236e-15,0.002529982,-6.14E-15,-2.14E-04,-6.14E-15,-2.14E-04,-1.97E-15,0.002047417
4.111400000000001,2.618287296e-15,0.002530045,-6.11E-15,-2.14E-04,-6.11E-15,-2.14E-04,-1.97E-15,0.002047467
4.111500000000000,2.608511592e-15,0.002530107,-6.08E-15,-2.14E-04,-6.08E-15,-2.14E-04,-1.97E-15,0.002047517
4.111600000000000,2.602871468e-15,0.002530169,-6.04E-15,-2.14E-04,-6.04E-15,-2.14E-04,-1.97E-15,0.002047568
4.111700000000000,2.586038302e-15,0.002530232,-6.01E-15,-2.14E-04,-6.01E-15,-2.14E-04,-1.97E-15,0.002047618
4.111800000000001,2.578139924e-15,0.002530294,-5.97E-15,-2.14E-04,-5.97E-15,-2.14E-04,-1.97E-15,0.002047668
4.111900000000000,2.566231984e-15,0.002530356,-5.93E-15,-2.14E-04,-5.93E-15,-2.14E-04,-1.97E-15,0.002047718
4.112000000000000,2.553457254e-15,0.002530419,-5.89E-15,-2.14E-04,-5.89E-15,-2.14E-04,-1.97E-15,0.002047769
4.112100000000000,2.546376793e-15,0.002530481,-5.85E-15,-2.14E-04,-5.85E-15,-2.14E-04,-1.97E-15,0.002047819
4.112200000000001,2.533344278e-15,0.002530544,-5.81E-15,-2.14E-04,-5.81E-15,-2.14E-04,-1.97E-15,0.002047869
4.112300000000000,2.521480899e-15,0.002530606,-5.77E-15,-2.14E-04,-5.77E-15,-2.14E-04,-1.97E-15,0.002047919
4.112400000000000,2.506434020e-15,0.002530668,-5.73E-15,-2.14E-04,-5.73E-15,-2.14E-04,-1.97E-15,0.002047969
4.112500000000000,2.494038301e-15,0.002530731,-5.69E-15,-2.14E-04,-5.69E-15,-2.14E-04,-1.98E-15,0.00204802
4.112600000000000,2.482698159e-15,0.002530793,-5.64E-15,-2.14E-04,-5.64E-15,-2.14E-04,-1.97E-15,0.00204807
4.112700000000000,2.467213333e-15,0.002530856,-5.60E-15,-2.14E-04,-5.60E-15,-2.14E-04,-1.98E-15,0.00204812
4.112800000000000,2.452184182e-15,0.002530918,-5.55E-15,-2.14E-04,-5.55E-15,-2.14E-04,-1.98E-15,0.00204817
4.112900000000001,2.443323663e-15,0.00253098,-5.51E-15,-2.14E-04,-5.51E-15,-2.14E-04,-1.97E-15,0.002048221
4.113000000000000,2.428429155e-15,0.002531043,-5.46E-15,-2.14E-04,-5.46E-15,-2.14E-04,-1.97E-15,0.002048271
4.113100000000000,2.415787630e-15,0.002531105,-5.41E-15,-2.14E-04,-5.41E-15,-2.14E-04,-1.98E-15,0.002048321
4.113200000000000,2.396873497e-15,0.002531167,-5.36E-15,-2.14E-04,-5.36E-15,-2.14E-04,-1.98E-15,0.002048371
4.113300000000001,2.382981859e-15,0.00253123,-5.32E-15,-2.14E-04,-5.32E-15,-2.14E-04,-1.98E-15,0.002048422
4.113400000000000,2.370072487e-15,0.002531292,-5.27E-15,-2.14E-04,-5.27E-15,-2.14E-04,-1.98E-15,0.002048472
4.113500000000000,2.351087918e-15,0.002531355,-5.21E-15,-2.14E-04,-5.21E-15,-2.14E-04,-1.98E-15,0.002048522
4.113600000000000,2.338497663e-15,0.002531417,-5.16E-15,-2.14E-04,-5.16E-15,-2.14E-04,-1.98E-15,0.002048572
4.113700000000001,2.324749292e-15,0.002531479,-5.11E-15,-2.14E-04,-5.11E-15,-2.14E-04,-1.98E-15,0.002048622
4.113800000000000,2.311631966e-15,0.002531542,-5.06E-15,-2.14E-04,-5.06E-15,-2.14E-04,-1.98E-15,0.002048673
4.113900000000000,2.293877866e-15,0.002531604,-5.00E-15,-2.14E-04,-5.00E-15,-2.14E-04,-1.98E-15,0.002048723
4.114000000000000,2.276094537e-15,0.002531667,-4.95E-15,-2.14E-04,-4.95E-15,-2.14E-04,-1.98E-15,0.002048773
4.114100000000001,2.259623133e-15,0.002531729,-4.89E-15,-2.14E-04,-4.89E-15,-2.14E-04,-1.98E-15,0.002048823
4.114200000000000,2.244307448e-15,0.002531791,-4.84E-15,-2.14E-04,-4.84E-15,-2.14E-04,-1.98E-15,0.002048874
4.114300000000000,2.230563389e-15,0.002531854,-4.78E-15,-2.14E-04,-4.78E-15,-2.14E-04,-1.98E-15,0.002048924
4.114400000000000,2.211101104e-15,0.002531916,-4.72E-15,-2.14E-04,-4.72E-15,-2.14E-04,-1.98E-15,0.002048974
4.114500000000000,2.194091610e-15,0.002531978,-4.67E-15,-2.14E-04,-4.67E-15,-2.14E-04,-1.98E-15,0.002049024
4.114600000000000,2.176646564e-15,0.002532041,-4.61E-15,-2.14E-04,-4.61E-15,-2.14E-04,-1.98E-15,0.002049075
4.114700000000000,2.159698880e-15,0.002532103,-4.55E-15,-2.14E-04,-4.55E-15,-2.14E-04,-1.98E-15,0.002049125
4.114800000000001,2.144781373e-15,0.002532166,-4.49E-15,-2.14E-04,-4.49E-15,-2.14E-04,-1.98E-15,0.002049175
4.114900000000000,2.123562988e-15,0.002532228,-4.43E-15,-2.14E-04,-4.43E-15,-2.14E-04,-1.98E-15,0.002049225
4.115000000000000,2.112483026e-15,0.00253229,-4.37E-15,-2.14E-04,-4.37E-15,-2.14E-04,-1.98E-15,0.002049275
4.115100000000000,2.090696364e-15,0.002532353,-4.31E-15,-2.14E-04,-4.31E-15,-2.14E-04,-1.98E-15,0.002049326
4.115200000000001,2.075626006e-15,0.002532415,-4.24E-15,-2.14E-04,-4.24E-15,-2.14E-04,-1.98E-15,0.002049376
4.115300000000000,2.056295968e-15,0.002532478,-4.18E-15,-2.14E-04,-4.18E-15,-2.14E-04,-1.98E-15,0.002049426
4.115400000000000,2.037986528e-15,0.00253254,-4.12E-15,-2.14E-04,-4.12E-15,-2.14E-04,-1.98E-15,0.002049476
4.115500000000000,2.019050833e-15,0.002532602,-4.06E-15,-2.14E-04,-4.06E-15,-2.14E-04,-1.98E-15,0.002049527
4.115600000000001,2.002439995e-15,0.002532665,-3.99E-15,-2.14E-04,-3.99E-15,-2.14E-04,-1.98E-15,0.002049577
4.115700000000000,1.985444875e-15,0.002532727,-3.93E-15,-2.14E-04,-3.93E-15,-2.14E-04,-1.98E-15,0.002049627
4.115800000000000,1.966988335e-15,0.002532789,-3.86E-15,-2.14E-04,-3.86E-15,-2.14E-04,-1.98E-15,0.002049677
4.115900000000000,1.946817380e-15,0.002532852,-3.80E-15,-2.14E-04,-3.80E-15,-2.14E-04,-1.98E-15,0.002049727
4.116000000000001,1.929050343e-15,0.002532914,-3.73E-15,-2.14E-04,-3.73E-15,-2.14E-04,-1.98E-15,0.002049778
4.116100000000000,1.908292425e-15,0.002532977,-3.66E-15,-2.14E-04,-3.66E-15,-2.14E-04,-1.98E-15,0.002049828
4.116200000000000,1.892958533e-15,0.002533039,-3.60E-15,-2.14E-04,-3.60E-15,-2.14E-04,-1.98E-15,0.002049878
4.116300000000000,1.871454572e-15,0.002533101,-3.53E-15,-2.14E-04,-3.53E-15,-2.14E-04,-1.98E-15,0.002049928
4.116400000000001,1.853845176e-15,0.002533164,-3.46E-15,-2.14E-04,-3.46E-15,-2.14E-04,-1.98E-15,0.002049979
4.116500000000000,1.834063774e-15,0.002533226,-3.39E-15,-2.14E-04,-3.39E-15,-2.14E-04,-1.98E-15,0.002050029
4.116600000000000,1.815437613e-15,0.002533289,-3.33E-15,-2.14E-04,-3.33E-15,-2.14E-04,-1.98E-15,0.002050079
4.116700000000001,1.796728559e-15,0.002533351,-3.26E-15,-2.14E-04,-3.26E-15,-2.14E-04,-1.98E-15,0.002050129
4.116800000000000,1.777407624e-15,0.002533413,-3.19E-15,-2.14E-04,-3.19E-15,-2.14E-04,-1.98E-15,0.00205018
4.116900000000000,1.758999478e-15,0.002533476,-3.12E-15,-2.14E-04,-3.12E-15,-2.14E-04,-1.98E-15,0.00205023
4.117000000000000,1.737527621e-15,0.002533538,-3.05E-15,-2.14E-04,-3.05E-15,-2.14E-04,-1.98E-15,0.00205028
4.117100000000001,1.717356187e-15,0.0025336,-2.98E-15,-2.14E-04,-2.98E-15,-2.14E-04,-1.98E-15,0.00205033
4.117200000000000,1.701370166e-15,0.002533663,-2.91E-15,-2.14E-04,-2.91E-15,-2.14E-04,-1.98E-15,0.00205038
4.117300000000000,1.679144599e-15,0.002533725,-2.84E-15,-2.14E-04,-2.84E-15,-2.14E-04,-1.98E-15,0.002050431
4.117400000000000,1.658911355e-15,0.002533788,-2.76E-15,-2.14E-04,-2.76E-15,-2.14E-04,-1.98E-15,0.002050481
4.117500000000001,1.638459137e-15,0.00253385,-2.69E-15,-2.14E-04,-2.69E-15,-2.14E-04,-1.98E-15,0.002050531
4.117600000000000,1.618412763e-15,0.002533912,-2.62E-15,-2.14E-04,-2.62E-15,-2.14E-04,-1.98E-15,0.002050581
4.117700000000000,1.596194862e-15,0.002533975,-2.55E-15,-2.14E-04,-2.55E-15,-2.14E-04,-1.98E-15,0.002050632
4.117800000000000,1.580531791e-15,0.002534037,-2.48E-15,-2.14E-04,-2.48E-15,-2.14E-04,-1.98E-15,0.002050682
4.117900000000001,1.559400612e-15,0.0025341,-2.40E-15,-2.14E-04,-2.40E-15,-2.14E-04,-1.98E-15,0.002050732
4.118000000000000,1.536113718e-15,0.002534162,-2.33E-15,-2.14E-04,-2.33E-15,-2.14E-04,-1.98E-15,0.002050782
4.118100000000000,1.521050069e-15,0.002534224,-2.26E-15,-2.14E-04,-2.26E-15,-2.14E-04,-1.98E-15,0.002050833
4.118200000000000,1.496980716e-15,0.002534287,-2.18E-15,-2.14E-04,-2.18E-15,-2.14E-04,-1.98E-15,0.002050883
4.118300000000001,1.480036866e-15,0.002534349,-2.11E-15,-2.14E-04,-2.11E-15,-2.14E-04,-1.98E-15,0.002050933
4.118400000000000,1.457834298e-15,0.002534412,-2.04E-15,-2.14E-04,-2.04E-15,-2.14E-04,-1.98E-15,0.002050983
4.118500000000000,1.438172685e-15,0.002534474,-1.96E-15,-2.14E-04,-1.96E-15,-2.14E-04,-1.98E-15,0.002051033
4.118600000000000,1.419520649e-15,0.002534536,-1.89E-15,-2.14E-04,-1.89E-15,-2.14E-04,-1.98E-15,0.002051084
4.118700000000000,1.399677916e-15,0.002534599,-1.81E-15,-2.14E-04,-1.81E-15,-2.14E-04,-1.98E-15,0.002051134
4.118800000000000,1.378707733e-15,0.002534661,-1.74E-15,-2.14E-04,-1.74E-15,-2.14E-04,-1.99E-15,0.002051184
4.118900000000000,1.355638375e-15,0.002534723,-1.66E-15,-2.14E-04,-1.66E-15,-2.14E-04,-1.98E-15,0.002051234
4.119000000000001,1.335256593e-15,0.002534786,-1.59E-15,-2.14E-04,-1.59E-15,-2.14E-04,-1.99E-15,0.002051285
4.119100000000000,1.314319951e-15,0.002534848,-1.51E-15,-2.14E-04,-1.51E-15,-2.14E-04,-1.99E-15,0.002051335
4.119200000000000,1.296327711e-15,0.002534911,-1.44E-15,-2.14E-04,-1.44E-15,-2.14E-04,-1.99E-15,0.002051385
4.119300000000000,1.274414073e-15,0.002534973,-1.36E-15,-2.14E-04,-1.36E-15,-2.14E-04,-1.99E-15,0.002051435
4.119400000000001,1.256993943e-15,0.002535035,-1.29E-15,-2.14E-04,-1.29E-15,-2.14E-04,-1.99E-15,0.002051485
4.119500000000000,1.236520643e-15,0.002535098,-1.21E-15,-2.14E-04,-1.21E-15,-2.14E-04,-1.99E-15,0.002051536
4.119600000000000,1.213798672e-15,0.00253516,-1.14E-15,-2.14E-04,-1.14E-15,-2.14E-04,-1.99E-15,0.002051586
4.119700000000000,1.192642577e-15,0.002535223,-1.06E-15,-2.14E-04,-1.06E-15,-2.14E-04,-1.99E-15,0.002051636
4.119800000000001,1.171829077e-15,0.002535285,-9.84E-16,-2.14E-04,-9.84E-16,-2.14E-04,-1.99E-15,0.002051686
4.119900000000000,1.149212520e-15,0.002535347,-9.07E-16,-2.14E-04,-9.07E-16,-2.14E-04,-1.99E-15,0.002051737
4.120000000000000,1.132100007e-15,0.00253541,-8.31E-16,-2.14E-04,-8.31E-16,-2.14E-04,-1.99E-15,0.002051787
4.120100000000000,1.110686606e-15,0.002535472,-7.55E-16,-2.14E-04,-7.55E-16,-2.14E-04,-1.99E-15,0.002051837
4.120200000000001,1.091597103e-15,0.002535534,-6.79E-16,-2.14E-04,-6.79E-16,-2.14E-04,-1.99E-15,0.002051887
4.120300000000000,1.067411795e-15,0.002535597,-6.03E-16,-2.14E-04,-6.03E-16,-2.14E-04,-1.99E-15,0.002051938
4.120400000000000,1.053115751e-15,0.002535659,-5.26E-16,-2.14E-04,-5.26E-16,-2.14E-04,-1.99E-15,0.002051988
4.120500000000000,1.030239971e-15,0.002535722,-4.50E-16,-2.14E-04,-4.50E-16,-2.14E-04,-1.99E-15,0.002052038
4.120600000000000,1.011494501e-15,0.002535784,-3.73E-16,-2.14E-04,-3.73E-16,-2.14E-04,-1.99E-15,0.002052088
4.120700000000000,9.889685039e-16,0.002535846,-2.97E-16,-2.14E-04,-2.97E-16,-2.14E-04,-1.99E-15,0.002052138
4.120800000000000,9.700265804e-16,0.002535909,-2.21E-16,-2.14E-04,-2.21E-16,-2.14E-04,-1.99E-15,0.002052189
4.120900000000001,9.518546576e-16,0.002535971,-1.44E-16,-2.14E-04,-1.44E-16,-2.14E-04,-1.99E-15,0.002052239
4.121000000000000,9.286319705e-16,0.002536034,-6.80E-17,-2.14E-04,-6.80E-17,-2.14E-04,-1.99E-15,0.002052289
4.121100000000000,9.093210982e-16,0.002536096,8.367948822e-18,-2.14E-04,8.371782055e-18,-2.14E-04,-1.99E-15,0.002052339
4.121200000000000,8.873006090e-16,0.002536158,8.457646486e-17,-2.14E-04,8.458413133e-17,-2.14E-04,-1.99E-15,0.00205239
4.121300000000001,8.692019968e-16,0.002536221,1.607811477e-16,-2.14E-04,1.607773144e-16,-2.14E-04,-1.99E-15,0.00205244
4.121400000000000,8.487742161e-16,0.002536283,2.370624952e-16,-2.14E-04,2.370624952e-16,-2.14E-04,-1.99E-15,0.00205249
4.121500000000000,-1.81E-17,0.002536346,-5.10E-19,-2.14E-04,1.713455393e-18,-2.14E-04,5.163365581e-18,0.00205254
4.121600000000000,8.074466879e-16,0.002536408,3.885940503e-16,-2.14E-04,3.885940503e-16,-2.14E-04,-1.44E-15,0.002052591
4.121700000000001,7.875004571e-16,0.00253647,4.641049178e-16,-2.14E-04,4.641087511e-16,-2.14E-04,-1.03E-15,0.002052641
4.121800000000000,7.716830981e-16,0.002536533,5.396157854e-16,-2.14E-04,5.396157854e-16,-2.14E-04,-6.19E-16,0.002052691
4.121900000000000,7.489654395e-16,0.002536595,6.149503242e-16,-2.14E-04,6.149426577e-16,-2.14E-04,-2.06E-16,0.002052741
4.122000000000000,7.280613795e-16,0.002536657,6.901966986e-16,-2.14E-04,6.901890321e-16,-2.14E-04,2.028470526e-16,0.002052791
4.122100000000001,7.106949150e-16,0.00253672,7.653204095e-16,-2.14E-04,7.653165763e-16,-2.14E-04,6.133614489e-16,0.002052842
4.122200000000000,6.901828031e-16,0.002536782,8.403559561e-16,-2.14E-04,8.403636226e-16,-2.14E-04,1.024931422e-15,0.002052892
4.122300000000000,6.691110392e-16,0.002536845,9.152573395e-16,-2.14E-04,9.152573395e-16,-2.14E-04,1.431219199e-15,0.002052942
4.122400000000000,6.512290047e-16,0.002536907,9.900973912e-16,-2.14E-04,9.901012244e-16,-2.14E-04,1.837844780e-15,0.002052992
4.122500000000000,6.309521576e-16,0.002536969,1.064711282e-15,-2.14E-04,1.064707449e-15,-2.14E-04,2.248423383e-15,0.002053043
4.122600000000000,6.135689226e-16,0.002537032,1.139152677e-15,-2.14E-04,1.139145011e-15,-2.14E-04,2.657541045e-15,0.002053093
4.122700000000000,5.944827737e-16,0.002537094,1.213555741e-15,-2.14E-04,1.213551907e-15,-2.14E-04,3.063943819e-15,0.002053143
4.122800000000001,5.745528342e-16,0.002537157,1.287790141e-15,-2.14E-04,1.287786308e-15,-2.14E-04,3.470514776e-15,0.002053193
4.122900000000000,5.551427770e-16,0.002537219,1.361733216e-15,-2.14E-04,1.361737050e-15,-2.14E-04,3.872024428e-15,0.002053244
4.123000000000000,5.391351937e-16,0.002537281,1.435557461e-15,-2.14E-04,1.435549795e-15,-2.14E-04,4.279604484e-15,0.002053294
4.123100000000000,5.184400450e-16,0.002537344,1.509174711e-15,-2.14E-04,1.509170878e-15,-2.14E-04,4.680595690e-15,0.002053344
4.123200000000001,5.025139179e-16,0.002537406,1.582615633e-15,-2.14E-04,1.582630966e-15,-2.14E-04,5.087367892e-15,0.002053394
4.123300000000000,4.785959781e-16,0.002537469,1.655903225e-15,-2.14E-04,1.655899392e-15,-2.14E-04,5.485320303e-15,0.002053444
4.123400000000000,4.633229382e-16,0.002537531,1.729041321e-15,-2.14E-04,1.729041321e-15,-2.14E-04,5.887716390e-15,0.002053495
4.123500000000000,4.409943528e-16,0.002537593,1.801796093e-15,-2.14E-04,1.801788427e-15,-2.14E-04,6.285908857e-15,0.002053545
4.123600000000001,4.221626347e-16,0.002537656,1.874447369e-15,-2.14E-04,1.874458868e-15,-2.14E-04,6.685083590e-15,0.002053595
4.123700000000000,4.080673558e-16,0.002537718,1.946791985e-15,-2.14E-04,1.946791985e-15,-2.14E-04,7.082984253e-15,0.002053645
4.123800000000000,3.850904748e-16,0.002537781,2.018967940e-15,-2.14E-04,2.018971773e-15,-2.14E-04,7.477308508e-15,0.002053696
4.123900000000000,3.660028884e-16,0.002537843,2.090814236e-15,-2.14E-04,2.090825736e-15,-2.14E-04,7.875338062e-15,0.002053746
4.124000000000001,3.510494444e-16,0.002537905,2.162553202e-15,-2.14E-04,2.162564701e-15,-2.14E-04,8.267780679e-15,0.002053796
4.124100000000000,3.312244396e-16,0.002537968,2.233920344e-15,-2.14E-04,2.233924177e-15,-2.14E-04,8.656026384e-15,0.002053846
4.124200000000000,3.121104997e-16,0.00253803,2.305049825e-15,-2.14E-04,2.305045992e-15,-2.14E-04,9.049920359e-15,0.002053897
4.124300000000000,2.959251503e-16,0.002538092,2.375933980e-15,-2.14E-04,2.375930147e-15,-2.14E-04,9.444933638e-15,0.002053947
4.124400000000001,2.771509307e-16,0.002538155,2.446557475e-15,-2.14E-04,2.446553642e-15,-2.14E-04,9.833095491e-15,0.002053997
4.124500000000000,2.616234599e-16,0.002538217,2.516870478e-15,-2.14E-04,2.516858978e-15,-2.14E-04,1.021815626e-14,0.002054047
4.124600000000000,2.418693700e-16,0.00253828,2.586777158e-15,-2.14E-04,2.586777158e-15,-2.14E-04,1.060543024e-14,0.002054097
4.124700000000001,2.225417273e-16,0.002538342,2.656565008e-15,-2.14E-04,2.656557341e-15,-2.14E-04,1.099405064e-14,0.002054148
4.124800000000000,2.101043220e-16,0.002538404,2.725950368e-15,-2.14E-04,2.725961868e-15,-2.14E-04,1.137119243e-14,0.002054198
4.124900000000000,1.895883769e-16,0.002538467,2.795121067e-15,-2.14E-04,2.795117234e-15,-2.14E-04,1.175276735e-14,0.002054248
4.125000000000000,1.746766193e-16,0.002538529,2.863912276e-15,-2.14E-04,2.863912276e-15,-2.14E-04,1.213666521e-14,0.002054298
4.125100000000001,1.566024440e-16,0.002538592,2.932423659e-15,-2.14E-04,2.932423659e-15,-2.14E-04,1.251608202e-14,0.002054349
4.125200000000000,1.369700592e-16,0.002538654,3.000593885e-15,-2.14E-04,3.000590051e-15,-2.14E-04,1.288845143e-14,0.002054399
4.125300000000000,1.218623275e-16,0.002538716,3.068461285e-15,-2.14E-04,3.068457451e-15,-2.14E-04,1.326445618e-14,0.002054449
4.125400000000000,1.015236695e-16,0.002538779,3.135776699e-15,-2.14E-04,3.135769032e-15,-2.14E-04,1.363731529e-14,0.002054499
4.125500000000001,8.596265794e-17,0.002538841,3.202977116e-15,-2.14E-04,3.202973283e-15,-2.14E-04,1.401084281e-14,0.00205455
4.125600000000000,7.156503276e-17,0.002538904,3.269794210e-15,-2.14E-04,3.269794210e-15,-2.14E-04,1.437630330e-14,0.0020546
4.125700000000000,5.839547977e-17,0.002538966,3.336216481e-15,-2.14E-04,3.336208814e-15,-2.14E-04,1.474909437e-14,0.00205465
4.125800000000000,3.916654287e-17,0.002539028,3.402209429e-15,-2.14E-04,3.402224762e-15,-2.14E-04,1.511420076e-14,0.0020547
4.125900000000001,2.093568414e-17,0.002539091,3.467976217e-15,-2.14E-04,3.467968551e-15,-2.14E-04,1.547828128e-14,0.00205475
4.126000000000000,8.245285348e-18,0.002539153,3.533156520e-15,-2.14E-04,3.533160354e-15,-2.14E-04,1.584109444e-14,0.002054801
4.126100000000000,-7.79E-18,0.002539216,3.598118329e-15,-2.15E-04,3.598118329e-15,-2.15E-04,1.620175763e-14,0.002054851
4.126200000000000,-2.90E-17,0.002539278,3.662604817e-15,-2.15E-04,3.662593317e-15,-2.15E-04,1.655785544e-14,0.002054901
4.126300000000001,-4.29E-17,0.00253934,3.726792313e-15,-2.15E-04,3.726792313e-15,-2.15E-04,1.691699493e-14,0.002054951
4.126400000000000,-5.60E-17,0.002539403,3.790523654e-15,-2.15E-04,3.790538987e-15,-2.15E-04,1.727400553e-14,0.002055002
4.126500000000000,-7.36E-17,0.002539465,3.853802673e-15,-2.15E-04,3.853795006e-15,-2.15E-04,1.762281780e-14,0.002055052
4.126600000000000,-9.01E-17,0.002539527,3.916683036e-15,-2.15E-04,3.916698369e-15,-2.15E-04,1.797291709e-14,0.002055102
4.126700000000000,-1.02E-16,0.00253959,3.979252907e-15,-2.15E-04,3.979252907e-15,-2.15E-04,1.832222241e-14,0.002055152
4.126800000000000,-1.19E-16,0.002539652,4.041247793e-15,-2.15E-04,4.041251626e-15,-2.15E-04,1.867066957e-14,0.002055203
4.126900000000000,-1.37E-16,0.002539715,4.102936020e-15,-2.15E-04,4.102924521e-15,-2.15E-04,1.901343156e-14,0.002055253
4.127000000000001,-1.48E-16,0.002539777,4.164129761e-15,-2.15E-04,4.164114428e-15,-2.15E-04,1.935170771e-14,0.002055303
4.127100000000000,-1.61E-16,0.002539839,4.224901845e-15,-2.15E-04,4.224905679e-15,-2.15E-04,1.969135520e-14,0.002055353
4.127200000000000,-1.81E-16,0.002539902,4.285221608e-15,-2.15E-04,4.285236941e-15,-2.15E-04,2.003064045e-14,0.002055404
4.127300000000000,-1.94E-16,0.002539964,4.345023885e-15,-2.15E-04,4.345020052e-15,-2.15E-04,2.036538907e-14,0.002055454
4.127400000000001,-2.08E-16,0.002540027,4.404504170e-15,-2.15E-04,4.404504170e-15,-2.15E-04,2.069742568e-14,0.002055504
4.127500000000000,-2.23E-16,0.002540089,4.463371137e-15,-2.15E-04,4.463374970e-15,-2.15E-04,2.102533916e-14,0.002055554
4.127600000000000,-2.36E-16,0.002540151,4.521946779e-15,-2.15E-04,4.521939112e-15,-2.15E-04,2.135282285e-14,0.002055604
4.127700000000000,-2.46E-16,0.002540214,4.579893770e-15,-2.15E-04,4.579901437e-15,-2.15E-04,2.167840093e-14,0.002055655
4.127800000000001,-2.63E-16,0.002540276,4.637495771e-15,-2.15E-04,4.637484271e-15,-2.15E-04,2.199868293e-14,0.002055705
4.127900000000000,-2.79E-16,0.002540339,4.694503620e-15,-2.15E-04,4.694518953e-15,-2.15E-04,2.232320975e-14,0.002055755
4.128000000000000,-2.89E-16,0.002540401,4.750990149e-15,-2.15E-04,4.750990149e-15,-2.15E-04,2.263956747e-14,0.002055805
4.128100000000000,-3.04E-16,0.002540463,4.807147021e-15,-2.15E-04,4.807147021e-15,-2.15E-04,2.295359219e-14,0.002055856
4.128200000000001,-3.22E-16,0.002540526,4.862717408e-15,-2.15E-04,4.862713574e-15,-2.15E-04,2.326607883e-14,0.002055906
4.128300000000000,-3.34E-16,0.002540588,4.917697476e-15,-2.15E-04,4.917689810e-15,-2.15E-04,2.357823772e-14,0.002055956
4.128400000000000,-3.48E-16,0.002540651,4.972301888e-15,-2.15E-04,4.972305721e-15,-2.15E-04,2.388338515e-14,0.002056006
4.128500000000000,-3.59E-16,0.002540713,5.026289149e-15,-2.15E-04,5.026292982e-15,-2.15E-04,2.419207881e-14,0.002056057
4.128600000000000,-3.71E-16,0.002540775,5.079870088e-15,-2.15E-04,5.079877754e-15,-2.15E-04,2.449159857e-14,0.002056107
4.128700000000000,-3.86E-16,0.002540838,5.132899040e-15,-2.15E-04,5.132899040e-15,-2.15E-04,2.478982654e-14,0.002056157
4.128800000000000,-3.95E-16,0.0025409,5.185295510e-15,-2.15E-04,5.185287843e-15,-2.15E-04,2.508622174e-14,0.002056207
4.128900000000001,-4.10E-16,0.002540963,5.237320155e-15,-2.15E-04,5.237316322e-15,-2.15E-04,2.538333758e-14,0.002056257
4.129000000000000,-4.22E-16,0.002541025,5.288685485e-15,-2.15E-04,5.288693151e-15,-2.15E-04,2.567341753e-14,0.002056308
4.129100000000000,-4.29E-16,0.002541087,5.339571660e-15,-2.15E-04,5.339575493e-15,-2.15E-04,2.596002505e-14,0.002056358
4.129200000000000,-4.46E-16,0.00254115,5.389932682e-15,-2.15E-04,5.389925016e-15,-2.15E-04,2.624804559e-14,0.002056408
4.129300000000001,-4.54E-16,0.002541212,5.439691887e-15,-2.15E-04,5.439699553e-15,-2.15E-04,2.653165696e-14,0.002056458
4.129400000000000,-4.71E-16,0.002541275,5.488937438e-15,-2.15E-04,5.488941272e-15,-2.15E-04,2.680598184e-14,0.002056509
4.129500000000000,-4.80E-16,0.002541337,5.537642504e-15,-2.15E-04,5.537638670e-15,-2.15E-04,2.708496122e-14,0.002056559
4.129600000000000,-4.88E-16,0.002541399,5.585680586e-15,-2.15E-04,5.585680586e-15,-2.15E-04,2.736016487e-14,0.002056609
4.129700000000001,-5.01E-16,0.002541462,5.633243348e-15,-2.15E-04,5.633243348e-15,-2.15E-04,2.763303456e-14,0.002056659
4.129800000000000,-5.12E-16,0.002541524,5.680223459e-15,-2.15E-04,5.680219625e-15,-2.15E-04,2.789732547e-14,0.00205671
4.129900000000000,-5.25E-16,0.002541586,5.726663083e-15,-2.15E-04,5.726663083e-15,-2.15E-04,2.816736288e-14,0.00205676
4.130000000000000,-5.35E-16,0.002541649,5.772458724e-15,-2.15E-04,5.772447224e-15,-2.15E-04,2.842539699e-14,0.00205681
4.130100000000001,-5.44E-16,0.002541711,5.817790544e-15,-2.15E-04,5.817798210e-15,-2.15E-04,2.868084991e-14,0.00205686
4.130200000000000,-5.55E-16,0.002541774,5.862328884e-15,-2.15E-04,5.862325051e-15,-2.15E-04,2.893826352e-14,0.00205691
4.130300000000000,-5.64E-16,0.002541836,5.906453236e-15,-2.15E-04,5.906449402e-15,-2.15E-04,2.919028952e-14,0.002056961
4.130400000000000,-5.77E-16,0.002541898,5.949887605e-15,-2.15E-04,5.949906771e-15,-2.15E-04,2.943956709e-14,0.002057011
4.130500000000001,-5.87E-16,0.002541961,5.992746989e-15,-2.15E-04,5.992746989e-15,-2.15E-04,2.968901908e-14,0.002057061
4.130600000000000,-5.96E-16,0.002542023,6.035016055e-15,-2.15E-04,6.035019889e-15,-2.15E-04,2.993328134e-14,0.002057111
4.130700000000000,-6.06E-16,0.002542086,6.076675638e-15,-2.15E-04,6.076679471e-15,-2.15E-04,3.017247895e-14,0.002057162
4.130800000000001,-6.13E-16,0.002542148,6.117744902e-15,-2.15E-04,6.117744902e-15,-2.15E-04,3.041076904e-14,0.002057212
4.130900000000000,-6.23E-16,0.00254221,6.158277513e-15,-2.15E-04,6.158277513e-15,-2.15E-04,3.064548416e-14,0.002057262
4.131000000000000,-6.33E-16,0.002542273,6.197966813e-15,-2.15E-04,6.197962980e-15,-2.15E-04,3.087617390e-14,0.002057312
4.131100000000000,-6.42E-16,0.002542335,6.237234458e-15,-2.15E-04,6.237234458e-15,-2.15E-04,3.109921922e-14,0.002057363
4.131200000000001,-6.53E-16,0.002542398,6.275796787e-15,-2.15E-04,6.275792954e-15,-2.15E-04,3.132606615e-14,0.002057413
4.131300000000000,-6.57E-16,0.00254246,6.313784132e-15,-2.15E-04,6.313784132e-15,-2.15E-04,3.154568887e-14,0.002057463
4.131400000000000,-6.71E-16,0.002542522,6.350985663e-15,-2.15E-04,6.350985663e-15,-2.15E-04,3.176077783e-14,0.002057513
4.131500000000000,-6.77E-16,0.002542585,6.387731040e-15,-2.15E-04,6.387738706e-15,-2.15E-04,3.197736750e-14,0.002057564
4.131600000000001,-6.84E-16,0.002542647,6.423751935e-15,-2.15E-04,6.423748102e-15,-2.15E-04,3.218876602e-14,0.002057614
4.131700000000000,-6.95E-16,0.00254271,6.459163347e-15,-2.15E-04,6.459186346e-15,-2.15E-04,3.239406730e-14,0.002057664
4.131800000000000,-7.02E-16,0.002542772,6.493938442e-15,-2.15E-04,6.493946108e-15,-2.15E-04,3.259747209e-14,0.002057714
4.131900000000000,-7.09E-16,0.002542834,6.528069553e-15,-2.15E-04,6.528073386e-15,-2.15E-04,3.279779496e-14,0.002057764
4.132000000000001,-7.20E-16,0.002542897,6.561549015e-15,-2.15E-04,6.561549015e-15,-2.15E-04,3.299399806e-14,0.002057815
4.132100000000000,-7.25E-16,0.002542959,6.594369160e-15,-2.15E-04,6.594369160e-15,-2.15E-04,3.318765062e-14,0.002057865
4.132200000000000,-7.33E-16,0.002543022,6.626495491e-15,-2.15E-04,6.626510824e-15,-2.15E-04,3.337833434e-14,0.002057915
4.132300000000000,-7.39E-16,0.002543084,6.658012337e-15,-2.15E-04,6.658008504e-15,-2.15E-04,3.356654276e-14,0.002057965
4.132400000000001,-7.47E-16,0.002543146,6.688770203e-15,-2.15E-04,6.688774036e-15,-2.15E-04,3.374989207e-14,0.002058016
4.132500000000000,-7.56E-16,0.002543209,6.719094913e-15,-2.15E-04,6.719091080e-15,-2.15E-04,3.392687917e-14,0.002058066
4.132600000000000,-7.60E-16,0.002543271,6.748507314e-15,-2.15E-04,6.748511147e-15,-2.15E-04,3.410693765e-14,0.002058116
4.132700000000000,-7.66E-16,0.002543334,6.777398395e-15,-2.15E-04,6.777402229e-15,-2.15E-04,3.427724678e-14,0.002058166
4.132800000000000,-7.72E-16,0.002543396,6.805530496e-15,-2.15E-04,6.805530496e-15,-2.15E-04,3.444673176e-14,0.002058217
4.132900000000000,-7.76E-16,0.002543458,6.832972615e-15,-2.15E-04,6.832984115e-15,-2.15E-04,3.461105434e-14,0.002058267
4.133000000000000,-7.85E-16,0.002543521,6.859881915e-15,-2.15E-04,6.859874248e-15,-2.15E-04,3.477254703e-14,0.002058317
4.133100000000001,-7.91E-16,0.002543583,6.885928737e-15,-2.15E-04,6.885947903e-15,-2.15E-04,3.493253422e-14,0.002058367
4.133200000000000,-7.95E-16,0.002543646,6.911369908e-15,-2.15E-04,6.911358408e-15,-2.15E-04,3.508796082e-14,0.002058417
4.133300000000000,-7.98E-16,0.002543708,6.936147929e-15,-2.15E-04,6.936144096e-15,-2.15E-04,3.523845740e-14,0.002058468
4.133400000000000,-8.05E-16,0.00254377,6.960143971e-15,-2.15E-04,6.960147805e-15,-2.15E-04,3.538603066e-14,0.002058518
4.133500000000001,-8.11E-16,0.002543833,6.983542029e-15,-2.15E-04,6.983538196e-15,-2.15E-04,3.552786126e-14,0.002058568
4.133600000000000,-8.15E-16,0.002543895,7.006234771e-15,-2.15E-04,7.006250104e-15,-2.15E-04,3.567009004e-14,0.002058618
4.133700000000000,-8.20E-16,0.002543958,7.028180033e-15,-2.15E-04,7.028176200e-15,-2.15E-04,3.580601123e-14,0.002058669
4.133800000000000,-8.27E-16,0.00254402,7.049504312e-15,-2.15E-04,7.049511978e-15,-2.15E-04,3.593755678e-14,0.002058719
4.133900000000001,-8.30E-16,0.002544082,7.070004445e-15,-2.15E-04,7.070019778e-15,-2.15E-04,3.606599550e-14,0.002058769
4.134000000000000,-8.31E-16,0.002544145,7.089967925e-15,-2.15E-04,7.089971758e-15,-2.15E-04,3.619111272e-14,0.002058819
4.134100000000000,-8.38E-16,0.002544207,7.109180091e-15,-2.15E-04,7.109176258e-15,-2.15E-04,3.631304644e-14,0.00205887
4.134200000000000,-8.40E-16,0.00254427,7.127602612e-15,-2.15E-04,7.127606445e-15,-2.15E-04,3.642918815e-14,0.00205892
4.134300000000001,-8.48E-16,0.002544332,7.145373483e-15,-2.15E-04,7.145373483e-15,-2.15E-04,3.654347074e-14,0.00205897
4.134400000000000,-8.49E-16,0.002544394,7.162454371e-15,-2.15E-04,7.162458204e-15,-2.15E-04,3.665425454e-14,0.00205902
4.134500000000000,-8.54E-16,0.002544457,7.178849111e-15,-2.15E-04,7.178856778e-15,-2.15E-04,3.675871590e-14,0.002059071
4.134600000000000,-8.57E-16,0.002544519,7.194369874e-15,-2.15E-04,7.194366040e-15,-2.15E-04,3.686044705e-14,0.002059121
4.134700000000000,-8.59E-16,0.002544581,7.209357817e-15,-2.15E-04,7.209361650e-15,-2.15E-04,3.696255816e-14,0.002059171
4.134800000000000,-8.65E-16,0.002544644,7.223506282e-15,-2.15E-04,7.223502449e-15,-2.15E-04,3.705560703e-14,0.002059221
4.134900000000000,-8.66E-16,0.002544706,7.236941765e-15,-2.15E-04,7.236949432e-15,-2.15E-04,3.714352847e-14,0.002059271
4.135000000000001,-8.69E-16,0.002544769,7.249583770e-15,-2.15E-04,7.249579936e-15,-2.15E-04,3.722914278e-14,0.002059322
4.135100000000000,-8.71E-16,0.002544831,7.261685288e-15,-2.15E-04,7.261685288e-15,-2.15E-04,3.731486011e-14,0.002059372
4.135200000000000,-8.74E-16,0.002544893,7.273008660e-15,-2.15E-04,7.273012493e-15,-2.15E-04,3.739432879e-14,0.002059422
4.135300000000000,-8.74E-16,0.002544956,7.283534719e-15,-2.15E-04,7.283523219e-15,-2.15E-04,3.746590389e-14,0.002059472
4.135400000000001,-8.79E-16,0.002545018,7.293340130e-15,-2.15E-04,7.293336297e-15,-2.15E-04,3.754008031e-14,0.002059523
4.135500000000000,-8.81E-16,0.002545081,7.302509225e-15,-2.15E-04,7.302509225e-15,-2.15E-04,3.760361185e-14,0.002059573
4.135600000000000,-8.82E-16,0.002545143,7.310808176e-15,-2.15E-04,7.310815842e-15,-2.15E-04,3.767108059e-14,0.002059623
4.135700000000000,-8.82E-16,0.002545205,7.318482309e-15,-2.15E-04,7.318482309e-15,-2.15E-04,3.773052398e-14,0.002059673
4.135800000000001,-8.84E-16,0.002545268,7.325405129e-15,-2.15E-04,7.325416629e-15,-2.15E-04,3.778882171e-14,0.002059724
4.135900000000000,-8.84E-16,0.00254533,7.331599634e-15,-2.15E-04,7.331591968e-15,-2.15E-04,3.784015398e-14,0.002059774
4.136000000000000,-8.85E-16,0.002545393,7.336989161e-15,-2.15E-04,7.336992994e-15,-2.15E-04,3.788593668e-14,0.002059824
4.136100000000000,-8.87E-16,0.002545455,7.341707871e-15,-2.15E-04,7.341696372e-15,-2.15E-04,3.792853876e-14,0.002059874
4.136200000000001,-8.87E-16,0.002545517,7.345656102e-15,-2.15E-04,7.345663768e-15,-2.15E-04,3.797051890e-14,0.002059925
4.136300000000000,-8.86E-16,0.00254558,7.348784020e-15,-2.15E-04,7.348780187e-15,-2.15E-04,3.800404819e-14,0.002059975
4.136400000000000,-8.89E-16,0.002545642,7.351382953e-15,-2.15E-04,7.351379120e-15,-2.15E-04,3.804021619e-14,0.002060025
4.136500000000000,-8.87E-16,0.002545705,7.353050409e-15,-2.15E-04,7.353042743e-15,-2.15E-04,3.806476565e-14,0.002060075
4.136600000000000,-8.92E-16,0.002545767,7.354043217e-15,-2.15E-04,7.354047050e-15,-2.15E-04,3.808825044e-14,0.002060125
4.136700000000000,-8.88E-16,0.002545829,7.354238712e-15,-2.15E-04,7.354238712e-15,-2.15E-04,3.810693889e-14,0.002060176
4.136800000000000,-8.87E-16,0.002545892,7.353771057e-15,-2.15E-04,7.353763391e-15,-2.15E-04,3.812347498e-14,0.002060226
4.136900000000001,-8.88E-16,0.002545954,7.352521423e-15,-2.15E-04,7.352517590e-15,-2.15E-04,3.813445863e-14,0.002060276
4.137000000000000,-8.88E-16,0.002546017,7.350455310e-15,-2.15E-04,7.350447644e-15,-2.15E-04,3.814158988e-14,0.002060326
4.137100000000000,-8.86E-16,0.002546079,7.347733714e-15,-2.15E-04,7.347729881e-15,-2.15E-04,3.814664400e-14,0.002060377
4.137200000000000,-8.89E-16,0.002546141,7.344325970e-15,-2.15E-04,7.344325970e-15,-2.15E-04,3.814644276e-14,0.002060427
4.137300000000001,-8.82E-16,0.002546204,7.340136246e-15,-2.15E-04,7.340136246e-15,-2.15E-04,3.814292960e-14,0.002060477
4.137400000000000,-8.82E-16,0.002546266,7.335034212e-15,-2.15E-04,7.335038045e-15,-2.15E-04,3.813524492e-14,0.002060527
4.137500000000000,-8.79E-16,0.002546329,7.329330360e-15,-2.15E-04,7.329338027e-15,-2.15E-04,3.812352433e-14,0.002060578
4.137600000000000,-8.83E-16,0.002546391,7.322794697e-15,-2.15E-04,7.322794697e-15,-2.15E-04,3.810464134e-14,0.002060628
4.137700000000001,-8.79E-16,0.002546453,7.315515387e-15,-2.15E-04,7.315507720e-15,-2.15E-04,3.808240955e-14,0.002060678
4.137800000000000,-8.78E-16,0.002546516,7.307572927e-15,-2.15E-04,7.307576760e-15,-2.15E-04,3.805995542e-14,0.002060728
4.137900000000000,-8.74E-16,0.002546578,7.298821654e-15,-2.15E-04,7.298836987e-15,-2.15E-04,3.803061394e-14,0.002060779
4.138000000000000,-8.74E-16,0.002546641,7.289253904e-15,-2.15E-04,7.289246237e-15,-2.15E-04,3.800042147e-14,0.002060829
4.138100000000001,-8.72E-16,0.002546703,7.279015337e-15,-2.15E-04,7.279026836e-15,-2.15E-04,3.796341113e-14,0.002060879
4.138200000000000,-8.72E-16,0.002546765,7.268033123e-15,-2.15E-04,7.268040789e-15,-2.15E-04,3.792044345e-14,0.002060929
4.138300000000000,-8.67E-16,0.002546828,7.256215264e-15,-2.15E-04,7.256222930e-15,-2.15E-04,3.787603640e-14,0.002060979
4.138400000000000,-8.63E-16,0.00254689,7.243764921e-15,-2.15E-04,7.243749588e-15,-2.15E-04,3.782728390e-14,0.00206103
4.138500000000001,-8.59E-16,0.002546953,7.230436768e-15,-2.15E-04,7.230436768e-15,-2.15E-04,3.777636993e-14,0.00206108
4.138600000000000,-8.55E-16,0.002547015,7.216395634e-15,-2.15E-04,7.216395634e-15,-2.15E-04,3.771615127e-14,0.00206113
4.138700000000000,-8.55E-16,0.002547077,7.201702849e-15,-2.15E-04,7.201710516e-15,-2.15E-04,3.765479558e-14,0.00206118
4.138800000000001,-8.54E-16,0.00254714,7.186143754e-15,-2.15E-04,7.186155254e-15,-2.15E-04,3.759218737e-14,0.002061231
4.138900000000000,-8.45E-16,0.002547202,7.169848679e-15,-2.15E-04,7.169852512e-15,-2.15E-04,3.752594191e-14,0.002061281
4.139000000000000,-8.43E-16,0.002547265,7.152798456e-15,-2.15E-04,7.152798456e-15,-2.15E-04,3.745121925e-14,0.002061331
4.139100000000000,-8.38E-16,0.002547327,7.135000753e-15,-2.15E-04,7.135008419e-15,-2.15E-04,3.736977598e-14,0.002061381
4.139200000000001,-8.36E-16,0.002547389,7.116428736e-15,-2.15E-04,7.116432569e-15,-2.15E-04,3.729038156e-14,0.002061432
4.139300000000000,-8.32E-16,0.002547452,7.097147571e-15,-2.15E-04,7.097143738e-15,-2.15E-04,3.720207680e-14,0.002061482
4.139400000000000,-8.28E-16,0.002547514,7.077130426e-15,-2.15E-04,7.077138092e-15,-2.15E-04,3.711166951e-14,0.002061532
4.139500000000000,-8.23E-16,0.002547577,7.056315968e-15,-2.15E-04,7.056315968e-15,-2.15E-04,3.702051665e-14,0.002061582
4.139600000000001,-8.16E-16,0.002547639,7.034746363e-15,-2.15E-04,7.034750196e-15,-2.15E-04,3.692206005e-14,0.002061633
4.139700000000000,-8.15E-16,0.002547701,7.012475276e-15,-2.15E-04,7.012475276e-15,-2.15E-04,3.682014012e-14,0.002061683
4.139800000000000,-8.09E-16,0.002547764,6.989460541e-15,-2.15E-04,6.989460541e-15,-2.15E-04,3.671525614e-14,0.002061733
4.139900000000000,-8.05E-16,0.002547826,6.965602496e-15,-2.15E-04,6.965598663e-15,-2.15E-04,3.660171528e-14,0.002061783
4.140000000000001,-7.96E-16,0.002547889,6.941119633e-15,-2.15E-04,6.941119633e-15,-2.15E-04,3.648941927e-14,0.002061833
4.140100000000000,-7.94E-16,0.002547951,6.915812625e-15,-2.15E-04,6.915804959e-15,-2.15E-04,3.637108879e-14,0.002061884
4.140200000000000,-7.89E-16,0.002548013,6.889754304e-15,-2.15E-04,6.889754304e-15,-2.15E-04,3.624665628e-14,0.002061934
4.140300000000000,-7.85E-16,0.002548076,6.862933169e-15,-2.15E-04,6.862937002e-15,-2.15E-04,3.612003691e-14,0.002061984
4.140400000000001,-7.79E-16,0.002548138,6.835387552e-15,-2.15E-04,6.835376053e-15,-2.15E-04,3.599162454e-14,0.002062034
4.140500000000000,-7.72E-16,0.002548201,6.807029291e-15,-2.15E-04,6.807017791e-15,-2.15E-04,3.585811829e-14,0.002062085
4.140600000000000,-7.67E-16,0.002548263,6.778015546e-15,-2.15E-04,6.778007880e-15,-2.15E-04,3.571523403e-14,0.002062135
4.140700000000000,-7.60E-16,0.002548325,6.748208322e-15,-2.15E-04,6.748208322e-15,-2.15E-04,3.557395014e-14,0.002062185
4.140800000000000,-7.54E-16,0.002548388,6.717695783e-15,-2.15E-04,6.717699616e-15,-2.15E-04,3.542269027e-14,0.002062235
4.140900000000000,-7.46E-16,0.00254845,6.686431930e-15,-2.15E-04,6.686428097e-15,-2.15E-04,3.527811028e-14,0.002062286
4.141000000000000,-7.39E-16,0.002548513,6.654447430e-15,-2.15E-04,6.654439763e-15,-2.15E-04,3.511985044e-14,0.002062336
4.141100000000001,-7.35E-16,0.002548575,6.621726948e-15,-2.15E-04,6.621703949e-15,-2.15E-04,3.496083354e-14,0.002062386
4.141200000000000,-7.25E-16,0.002548637,6.588239820e-15,-2.15E-04,6.588235987e-15,-2.15E-04,3.479891680e-14,0.002062436
4.141300000000000,-7.19E-16,0.0025487,6.554039710e-15,-2.15E-04,6.554043543e-15,-2.15E-04,3.463082903e-14,0.002062487
4.141400000000000,-7.13E-16,0.002548762,6.519134286e-15,-2.15E-04,6.519130452e-15,-2.15E-04,3.445975948e-14,0.002062537
4.141500000000001,-7.04E-16,0.002548825,6.483354884e-15,-2.15E-04,6.483343384e-15,-2.15E-04,3.429078432e-14,0.002062587
4.141600000000000,-6.97E-16,0.002548887,6.446992830e-15,-2.15E-04,6.446992830e-15,-2.15E-04,3.410814176e-14,0.002062637
4.141700000000000,-6.92E-16,0.002548949,6.409729967e-15,-2.15E-04,6.409729967e-15,-2.15E-04,3.392520932e-14,0.002062687
4.141800000000000,-6.81E-16,0.002549012,6.371922785e-15,-2.15E-04,6.371930451e-15,-2.15E-04,3.373764345e-14,0.002062738
4.141900000000001,-6.76E-16,0.002549074,6.333310623e-15,-2.15E-04,6.333291457e-15,-2.15E-04,3.354593721e-14,0.002062788
4.142000000000000,-6.67E-16,0.002549137,6.293878150e-15,-2.15E-04,6.293878150e-15,-2.15E-04,3.335169145e-14,0.002062838
4.142100000000000,-6.58E-16,0.002549199,6.253851525e-15,-2.15E-04,6.253843859e-15,-2.15E-04,3.315191338e-14,0.002062888
4.142200000000000,-6.49E-16,0.002549261,6.213016088e-15,-2.15E-04,6.213016088e-15,-2.15E-04,3.294847649e-14,0.002062939
4.142300000000001,-6.40E-16,0.002549324,6.171532835e-15,-2.15E-04,6.171540501e-15,-2.15E-04,3.274301613e-14,0.002062989
4.142400000000000,-6.33E-16,0.002549386,6.129355766e-15,-2.15E-04,6.129351933e-15,-2.15E-04,3.253117775e-14,0.002063039
4.142500000000000,-6.26E-16,0.002549449,6.086304720e-15,-2.15E-04,6.086316220e-15,-2.15E-04,3.231310126e-14,0.002063089
4.142600000000000,-6.17E-16,0.002549511,6.042594358e-15,-2.15E-04,6.042605858e-15,-2.15E-04,3.209678998e-14,0.00206314
4.142700000000000,-6.08E-16,0.002549574,5.998220847e-15,-2.15E-04,5.998220847e-15,-2.15E-04,3.187415529e-14,0.00206319
4.142800000000000,-5.99E-16,0.002549636,5.953165020e-15,-2.15E-04,5.953176519e-15,-2.15E-04,3.164928967e-14,0.00206324
4.142900000000000,-5.91E-16,0.002549698,5.907346379e-15,-2.15E-04,5.907354046e-15,-2.15E-04,3.141780692e-14,0.00206329
4.143000000000001,-5.82E-16,0.002549761,5.860803257e-15,-2.15E-04,5.860810924e-15,-2.15E-04,3.118342673e-14,0.002063341
4.143100000000000,-5.71E-16,0.002549823,5.813570154e-15,-2.15E-04,5.813550988e-15,-2.15E-04,3.094303076e-14,0.002063391
4.143200000000000,-5.63E-16,0.002549886,5.765497572e-15,-2.15E-04,5.765493739e-15,-2.15E-04,3.070155861e-14,0.002063441
4.143300000000000,-5.53E-16,0.002549948,5.716903670e-15,-2.15E-04,5.716903670e-15,-2.15E-04,3.045381002e-14,0.002063491
4.143400000000001,-5.43E-16,0.00255001,5.667665785e-15,-2.15E-04,5.667661952e-15,-2.15E-04,3.020309834e-14,0.002063542
4.143500000000000,-5.34E-16,0.002550073,5.617500258e-15,-2.15E-04,5.617511758e-15,-2.15E-04,2.995020219e-14,0.002063592
4.143600000000000,-5.24E-16,0.002550135,5.566771245e-15,-2.15E-04,5.566775079e-15,-2.15E-04,2.969539949e-14,0.002063642
4.143700000000000,-5.15E-16,0.002550198,5.515356084e-15,-2.15E-04,5.515348417e-15,-2.15E-04,2.942922503e-14,0.002063692
4.143800000000001,-5.02E-16,0.00255026,5.463208775e-15,-2.15E-04,5.463212608e-15,-2.15E-04,2.916527432e-14,0.002063742
4.143900000000000,-4.93E-16,0.002550322,5.410390650e-15,-2.15E-04,5.410386817e-15,-2.15E-04,2.889640029e-14,0.002063793
4.144000000000000,-4.84E-16,0.002550385,5.356794378e-15,-2.15E-04,5.356805878e-15,-2.15E-04,2.862617410e-14,0.002063843
4.144100000000000,-4.72E-16,0.002550447,5.302642288e-15,-2.15E-04,5.302634622e-15,-2.15E-04,2.835089139e-14,0.002063893
4.144200000000001,-4.66E-16,0.00255051,5.247708218e-15,-2.15E-04,5.247696719e-15,-2.15E-04,2.806920431e-14,0.002063943
4.144300000000000,-4.53E-16,0.002550572,5.192229829e-15,-2.15E-04,5.192229829e-15,-2.15E-04,2.778622159e-14,0.002063994
4.144400000000000,-4.40E-16,0.002550634,5.135950294e-15,-2.15E-04,5.135946461e-15,-2.15E-04,2.749715314e-14,0.002064044
4.144500000000000,-4.31E-16,0.002550697,5.078965445e-15,-2.15E-04,5.078953945e-15,-2.15E-04,2.720259885e-14,0.002064094
4.144600000000001,-4.22E-16,0.002550759,5.021363444e-15,-2.15E-04,5.021359611e-15,-2.15E-04,2.690421660e-14,0.002064144
4.144700000000000,-4.09E-16,0.002550822,4.963090628e-15,-2.16E-04,4.963090628e-15,-2.16E-04,2.660640214e-14,0.002064195
4.144800000000000,-4.01E-16,0.002550884,4.904258159e-15,-2.16E-04,4.904254326e-15,-2.16E-04,2.630486561e-14,0.002064245
4.144900000000001,-3.83E-16,0.002550946,4.844628378e-15,-2.16E-04,4.844636045e-15,-2.16E-04,2.599425103e-14,0.002064295
4.145000000000000,-3.75E-16,0.002551009,4.784354614e-15,-2.16E-04,4.784358447e-15,-2.16E-04,2.568683145e-14,0.002064345
4.145100000000000,-3.66E-16,0.002551071,4.723475199e-15,-2.16E-04,4.723471366e-15,-2.16E-04,2.536988485e-14,0.002064396
4.145200000000000,-3.52E-16,0.002551134,4.661813804e-15,-2.16E-04,4.661817638e-15,-2.16E-04,2.505495070e-14,0.002064446
4.145300000000001,-3.41E-16,0.002551196,4.599642590e-15,-2.16E-04,4.599650256e-15,-2.16E-04,2.473498255e-14,0.002064496
4.145400000000000,-3.26E-16,0.002551258,4.536785226e-15,-2.16E-04,4.536777559e-15,-2.16E-04,2.441164594e-14,0.002064546
4.145500000000000,-3.17E-16,0.002551321,4.473184215e-15,-2.16E-04,4.473180382e-15,-2.16E-04,2.408193994e-14,0.002064597
4.145600000000000,-3.04E-16,0.002551383,4.409061884e-15,-2.16E-04,4.409065718e-15,-2.16E-04,2.374838538e-14,0.002064647
4.145700000000001,-2.89E-16,0.002551446,4.344287904e-15,-2.16E-04,4.344276404e-15,-2.16E-04,2.340955053e-14,0.002064697
4.145800000000000,-2.80E-16,0.002551508,4.278900606e-15,-2.16E-04,4.278892940e-15,-2.16E-04,2.307436636e-14,0.002064747
4.145900000000000,-2.64E-16,0.00255157,4.212704496e-15,-2.16E-04,4.212712163e-15,-2.16E-04,2.273262736e-14,0.002064797
4.146000000000000,-2.57E-16,0.002551633,4.146021565e-15,-2.16E-04,4.146021565e-15,-2.16E-04,2.238676093e-14,0.002064848
4.146100000000001,-2.45E-16,0.002551695,4.078713818e-15,-2.16E-04,4.078709984e-15,-2.16E-04,2.203978669e-14,0.002064898
4.146200000000000,-2.29E-16,0.002551758,4.010708421e-15,-2.16E-04,4.010712255e-15,-2.16E-04,2.168358011e-14,0.002064948
4.146300000000000,-2.20E-16,0.00255182,3.942131873e-15,-2.16E-04,3.942128040e-15,-2.16E-04,2.132648470e-14,0.002064998
4.146400000000000,-2.04E-16,0.002551882,3.872957341e-15,-2.16E-04,3.872968841e-15,-2.16E-04,2.096582055e-14,0.002065049
4.146500000000001,-1.93E-16,0.002551945,3.803165658e-15,-2.16E-04,3.803173324e-15,-2.16E-04,2.060060634e-14,0.002065099
4.146600000000000,-1.78E-16,0.002552007,3.732726158e-15,-2.16E-04,3.732722325e-15,-2.16E-04,2.023621677e-14,0.002065149
4.146700000000000,-1.67E-16,0.00255207,3.661707840e-15,-2.16E-04,3.661715507e-15,-2.16E-04,1.986523930e-14,0.002065199
4.146800000000000,-1.54E-16,0.002552132,3.590133704e-15,-2.16E-04,3.590126037e-15,-2.16E-04,1.949464037e-14,0.00206525
4.146900000000000,-1.43E-16,0.002552194,3.517927084e-15,-2.16E-04,3.517915584e-15,-2.16E-04,1.911771085e-14,0.0020653
4.147000000000000,-1.25E-16,0.002552257,3.445045814e-15,-2.16E-04,3.445041981e-15,-2.16E-04,1.873541528e-14,0.00206535
4.147100000000000,-1.14E-16,0.002552319,3.371700724e-15,-2.16E-04,3.371700724e-15,-2.16E-04,1.835385521e-14,0.0020654
4.147200000000001,-9.93E-17,0.002552382,3.297696317e-15,-2.16E-04,3.297692484e-15,-2.16E-04,1.796613801e-14,0.002065451
4.147300000000000,-8.79E-17,0.002552444,3.223040260e-15,-2.16E-04,3.223047927e-15,-2.16E-04,1.757525025e-14,0.002065501
4.147400000000000,-7.22E-17,0.002552507,3.147862884e-15,-2.16E-04,3.147859051e-15,-2.16E-04,1.718427193e-14,0.002065551
4.147500000000000,-6.10E-17,0.002552569,3.072187188e-15,-2.16E-04,3.072187188e-15,-2.16E-04,1.678641774e-14,0.002065601
4.147600000000001,-4.78E-17,0.002552631,2.995852175e-15,-2.16E-04,2.995859841e-15,-2.16E-04,1.638526363e-14,0.002065652
4.147700000000000,-3.67E-17,0.002552694,2.919018842e-15,-2.16E-04,2.919022675e-15,-2.16E-04,1.598467491e-14,0.002065702
4.147800000000000,-2.36E-17,0.002552756,2.841568358e-15,-2.16E-04,2.841576024e-15,-2.16E-04,1.557895924e-14,0.002065752
4.147900000000000,-5.32E-18,0.002552819,2.763546722e-15,-2.16E-04,2.763546722e-15,-2.16E-04,1.517161589e-14,0.002065802
4.148000000000001,7.837525130e-18,0.002552881,2.685042100e-15,-2.16E-04,2.685042100e-15,-2.16E-04,1.475716955e-14,0.002065852
4.148100000000000,2.566829010e-17,0.002552943,2.605981658e-15,-2.16E-04,2.605981658e-15,-2.16E-04,1.434012764e-14,0.002065903
4.148200000000000,4.033088755e-17,0.002553006,2.526346231e-15,-2.16E-04,2.526342398e-15,-2.16E-04,1.392092953e-14,0.002065953
4.148300000000000,5.177404799e-17,0.002553068,2.446170318e-15,-2.16E-04,2.446181818e-15,-2.16E-04,1.349691736e-14,0.002066003
4.148400000000001,6.116690763e-17,0.002553131,2.365384921e-15,-2.16E-04,2.365392588e-15,-2.16E-04,1.307616008e-14,0.002066053
4.148500000000000,8.078635520e-17,0.002553193,2.284151036e-15,-2.16E-04,2.284158703e-15,-2.16E-04,1.264609524e-14,0.002066104
4.148600000000000,9.272831514e-17,0.002553255,2.202357499e-15,-2.16E-04,2.202353666e-15,-2.16E-04,1.221706201e-14,0.002066154
4.148700000000000,1.069975270e-16,0.002553318,2.120008143e-15,-2.16E-04,2.120008143e-15,-2.16E-04,1.178146294e-14,0.002066204
4.148800000000000,1.233596844e-16,0.00255338,2.037240964e-15,-2.16E-04,2.037240964e-15,-2.16E-04,1.134584086e-14,0.002066254
4.148900000000000,1.349437161e-16,0.002553443,1.953971632e-15,-2.16E-04,1.953971632e-15,-2.16E-04,1.090838458e-14,0.002066305
4.149000000000000,1.493748821e-16,0.002553505,1.870027650e-15,-2.16E-04,1.870019984e-15,-2.16E-04,1.046236773e-14,0.002066355
4.149100000000001,1.691653877e-16,0.002553567,1.785750178e-15,-2.16E-04,1.785754011e-15,-2.16E-04,1.001934896e-14,0.002066405
4.149200000000000,1.786253290e-16,0.00255363,1.700928386e-15,-2.16E-04,1.700951385e-15,-2.16E-04,9.574800716e-15,0.002066455
4.149300000000000,1.931552007e-16,0.002553692,1.615535442e-15,-2.16E-04,1.615539276e-15,-2.16E-04,9.121124110e-15,0.002066506
4.149400000000000,2.125197382e-16,0.002553755,1.529667178e-15,-2.16E-04,1.529678677e-15,-2.16E-04,8.666210328e-15,0.002066556
4.149500000000001,2.232312302e-16,0.002553817,1.443358091e-15,-2.16E-04,1.443354258e-15,-2.16E-04,8.209297993e-15,0.002066606
4.149600000000000,2.393413525e-16,0.002553879,1.356600517e-15,-2.16E-04,1.356608183e-15,-2.16E-04,7.747572555e-15,0.002066656
4.149700000000000,2.544811875e-16,0.002553942,1.269371454e-15,-2.16E-04,1.269367621e-15,-2.16E-04,7.290611347e-15,0.002066707
4.149800000000000,2.671878776e-16,0.002554004,1.181609572e-15,-2.16E-04,1.181601906e-15,-2.16E-04,6.824930491e-15,0.002066757
4.149900000000001,2.835941171e-16,0.002554067,1.093368536e-15,-2.16E-04,1.093380036e-15,-2.16E-04,6.357490660e-15,0.002066807
4.150000000000000,2.994215384e-16,0.002554129,1.004698178e-15,-2.16E-04,1.004709677e-15,-2.16E-04,5.887264069e-15,0.002066857
4.150100000000000,3.103227754e-16,0.002554191,9.156061638e-16,-2.16E-04,9.156023305e-16,-2.16E-04,5.415729865e-15,0.002066907
4.150200000000000,3.316350748e-16,0.002554254,8.259621642e-16,-2.16E-04,8.259736639e-16,-2.16E-04,4.939212458e-15,0.002066958
4.150300000000001,3.425118750e-16,0.002554316,7.359425077e-16,-2.16E-04,7.359501741e-16,-2.16E-04,4.465445875e-15,0.002067008
4.150400000000000,3.619185781e-16,0.002554379,6.455011955e-16,-2.16E-04,6.455050287e-16,-2.16E-04,3.981717676e-15,0.002067058
4.150500000000000,3.739712226e-16,0.002554441,5.545998953e-16,-2.16E-04,5.546075617e-16,-2.16E-04,3.501828461e-15,0.002067108
4.150600000000000,3.888029615e-16,0.002554504,4.632807726e-16,-2.16E-04,4.633037720e-16,-2.16E-04,3.016285226e-15,0.002067159
4.150700000000001,3.995470360e-16,0.002554566,3.715399943e-16,-2.16E-04,3.715476607e-16,-2.16E-04,2.528831604e-15,0.002067209
4.150800000000000,4.174348203e-16,0.002554628,2.793583941e-16,-2.16E-04,2.793698938e-16,-2.16E-04,2.040364570e-15,0.002067259
4.150900000000000,4.313777282e-16,0.002554691,1.867436385e-16,-2.16E-04,1.867359720e-16,-2.16E-04,1.545499391e-15,0.002067309
4.151000000000001,2.579287019e-18,0.002554753,6.746491033e-19,-2.16E-04,5.749850313e-20,-2.16E-04,1.198843790e-18,0.00206736
4.151100000000000,4.635098083e-16,0.002554816,9.736413196e-19,-2.16E-04,9.736413196e-19,-2.16E-04,5.575313606e-16,0.00206741
4.151200000000000,4.813367401e-16,0.002554878,-9.12E-17,-2.16E-04,-9.12E-17,-2.16E-04,6.992345050e-17,0.00206746
4.151300000000000,4.947487451e-16,0.00255494,-1.83E-16,-2.16E-04,-1.83E-16,-2.16E-04,-4.15E-16,0.00206751
4.151400000000001,5.118440084e-16,0.002555003,-2.73E-16,-2.16E-04,-2.73E-16,-2.16E-04,-8.97E-16,0.002067561
4.151500000000000,5.273542296e-16,0.002555065,-3.64E-16,-2.16E-04,-3.64E-16,-2.16E-04,-1.38E-15,0.002067611
4.151600000000000,5.441749375e-16,0.002555128,-4.53E-16,-2.16E-04,-4.53E-16,-2.16E-04,-1.85E-15,0.002067661
4.151700000000000,5.573334700e-16,0.00255519,-5.42E-16,-2.16E-04,-5.42E-16,-2.16E-04,-1.99E-15,0.002067711
4.151800000000001,5.719146112e-16,0.002555252,-6.30E-16,-2.16E-04,-6.30E-16,-2.16E-04,-1.99E-15,0.002067762
4.151900000000000,5.872187961e-16,0.002555315,-7.18E-16,-2.16E-04,-7.18E-16,-2.16E-04,-1.99E-15,0.002067812
4.152000000000000,6.001157104e-16,0.002555377,-8.05E-16,-2.16E-04,-8.05E-16,-2.16E-04,-1.99E-15,0.002067862
4.152100000000000,6.147246425e-16,0.00255544,-8.91E-16,-2.16E-04,-8.91E-16,-2.16E-04,-1.99E-15,0.002067912
4.152200000000001,6.295209240e-16,0.002555502,-9.77E-16,-2.16E-04,-9.77E-16,-2.16E-04,-1.99E-15,0.002067963
4.152300000000000,6.440862532e-16,0.002555564,-1.06E-15,-2.16E-04,-1.06E-15,-2.16E-04,-1.99E-15,0.002068013
4.152400000000000,6.570071251e-16,0.002555627,-1.15E-15,-2.16E-04,-1.15E-15,-2.16E-04,-1.99E-15,0.002068063
4.152500000000000,6.748038701e-16,0.002555689,-1.23E-15,-2.16E-04,-1.23E-15,-2.16E-04,-1.99E-15,0.002068113
4.152600000000001,6.849657723e-16,0.002555752,-1.31E-15,-2.16E-04,-1.31E-15,-2.16E-04,-1.99E-15,0.002068163
4.152700000000000,7.017261068e-16,0.002555814,-1.39E-15,-2.16E-04,-1.39E-15,-2.16E-04,-1.99E-15,0.002068214
4.152800000000000,7.170695823e-16,0.002555877,-1.47E-15,-2.16E-04,-1.47E-15,-2.16E-04,-1.99E-15,0.002068264
4.152900000000001,7.304399009e-16,0.002555939,-1.55E-15,-2.16E-04,-1.55E-15,-2.16E-04,-1.99E-15,0.002068314
4.153000000000000,7.436971391e-16,0.002556001,-1.63E-15,-2.16E-04,-1.63E-15,-2.16E-04,-1.98E-15,0.002068364
4.153100000000000,7.591048213e-16,0.002556064,-1.71E-15,-2.16E-04,-1.71E-15,-2.16E-04,-1.98E-15,0.002068415
4.153200000000000,7.717736582e-16,0.002556126,-1.79E-15,-2.16E-04,-1.79E-15,-2.16E-04,-1.98E-15,0.002068465
4.153300000000001,7.849590233e-16,0.002556189,-1.87E-15,-2.16E-04,-1.87E-15,-2.16E-04,-1.99E-15,0.002068515
4.153400000000000,7.968257560e-16,0.002556251,-1.94E-15,-2.16E-04,-1.94E-15,-2.16E-04,-1.98E-15,0.002068565
4.153500000000000,8.102070952e-16,0.002556313,-2.02E-15,-2.16E-04,-2.02E-15,-2.16E-04,-1.98E-15,0.002068616
4.153600000000000,8.211207902e-16,0.002556376,-2.09E-15,-2.16E-04,-2.09E-15,-2.16E-04,-1.98E-15,0.002068666
4.153700000000001,8.369381493e-16,0.002556438,-2.16E-15,-2.16E-04,-2.16E-15,-2.16E-04,-1.98E-15,0.002068716
4.153800000000000,8.500569119e-16,0.002556501,-2.24E-15,-2.16E-04,-2.24E-15,-2.16E-04,-1.98E-15,0.002068766
4.153900000000000,8.569955438e-16,0.002556563,-2.31E-15,-2.16E-04,-2.31E-15,-2.16E-04,-1.98E-15,0.002068817
4.154000000000000,8.711885701e-16,0.002556625,-2.38E-15,-2.16E-04,-2.38E-15,-2.16E-04,-1.98E-15,0.002068867
4.154100000000001,8.860193507e-16,0.002556688,-2.45E-15,-2.16E-04,-2.45E-15,-2.16E-04,-1.98E-15,0.002068917
4.154200000000000,8.978185227e-16,0.00255675,-2.52E-15,-2.16E-04,-2.52E-15,-2.16E-04,-1.98E-15,0.002068967
4.154300000000000,9.115007706e-16,0.002556813,-2.59E-15,-2.16E-04,-2.59E-15,-2.16E-04,-1.98E-15,0.002069018
4.154400000000000,9.242453139e-16,0.002556875,-2.66E-15,-2.16E-04,-2.66E-15,-2.16E-04,-1.98E-15,0.002069068
4.154500000000001,9.371139580e-16,0.002556937,-2.72E-15,-2.16E-04,-2.72E-15,-2.16E-04,-1.98E-15,0.002069118
4.154600000000000,9.475901853e-16,0.002557,-2.79E-15,-2.16E-04,-2.79E-15,-2.16E-04,-1.98E-15,0.002069168
4.154700000000000,9.572810788e-16,0.002557062,-2.85E-15,-2.16E-04,-2.85E-15,-2.16E-04,-1.98E-15,0.002069219
4.154800000000000,9.755833315e-16,0.002557125,-2.92E-15,-2.16E-04,-2.92E-15,-2.16E-04,-1.98E-15,0.002069269
4.154900000000000,9.820039977e-16,0.002557187,-2.98E-15,-2.16E-04,-2.98E-15,-2.16E-04,-1.98E-15,0.002069319
4.155000000000000,9.954596058e-16,0.00255725,-3.04E-15,-2.16E-04,-3.04E-15,-2.16E-04,-1.98E-15,0.002069369
4.155100000000000,1.006009144e-15,0.002557312,-3.11E-15,-2.16E-04,-3.11E-15,-2.16E-04,-1.98E-15,0.002069419
4.155200000000001,1.017164332e-15,0.002557374,-3.17E-15,-2.16E-04,-3.17E-15,-2.16E-04,-1.98E-15,0.00206947
4.155300000000000,1.031381316e-15,0.002557437,-3.23E-15,-2.16E-04,-3.23E-15,-2.16E-04,-1.98E-15,0.00206952
4.155400000000000,1.036828341e-15,0.002557499,-3.29E-15,-2.16E-04,-3.29E-15,-2.16E-04,-1.98E-15,0.00206957
4.155500000000000,1.050023769e-15,0.002557562,-3.34E-15,-2.16E-04,-3.34E-15,-2.16E-04,-1.98E-15,0.00206962
4.155600000000001,1.060169859e-15,0.002557624,-3.40E-15,-2.16E-04,-3.40E-15,-2.16E-04,-1.98E-15,0.002069671
4.155700000000000,1.072549286e-15,0.002557686,-3.46E-15,-2.16E-04,-3.46E-15,-2.16E-04,-1.98E-15,0.002069721
4.155800000000000,1.079389212e-15,0.002557749,-3.51E-15,-2.16E-04,-3.51E-15,-2.16E-04,-1.98E-15,0.002069771
4.155900000000000,1.091174968e-15,0.002557811,-3.57E-15,-2.16E-04,-3.57E-15,-2.16E-04,-1.98E-15,0.002069821
4.156000000000001,1.101974624e-15,0.002557874,-3.62E-15,-2.16E-04,-3.62E-15,-2.16E-04,-1.98E-15,0.002069872
4.156100000000000,1.114671731e-15,0.002557936,-3.67E-15,-2.16E-04,-3.67E-15,-2.16E-04,-1.98E-15,0.002069922
4.156200000000000,1.124305606e-15,0.002557998,-3.73E-15,-2.16E-04,-3.73E-15,-2.16E-04,-1.98E-15,0.002069972
4.156300000000000,1.134815374e-15,0.002558061,-3.78E-15,-2.16E-04,-3.78E-15,-2.16E-04,-1.98E-15,0.002070022
4.156400000000001,1.141548448e-15,0.002558123,-3.83E-15,-2.16E-04,-3.83E-15,-2.16E-04,-1.98E-15,0.002070073
4.156500000000000,1.152048154e-15,0.002558186,-3.88E-15,-2.16E-04,-3.88E-15,-2.16E-04,-1.98E-15,0.002070123
4.156600000000000,1.161605843e-15,0.002558248,-3.92E-15,-2.16E-04,-3.92E-15,-2.16E-04,-1.98E-15,0.002070173
4.156700000000000,1.167164032e-15,0.002558311,-3.97E-15,-2.16E-04,-3.97E-15,-2.16E-04,-1.98E-15,0.002070223
4.156800000000000,1.177683383e-15,0.002558373,-4.02E-15,-2.16E-04,-4.02E-15,-2.16E-04,-1.98E-15,0.002070274
4.156900000000000,1.185750423e-15,0.002558435,-4.06E-15,-2.16E-04,-4.06E-15,-2.16E-04,-1.98E-15,0.002070324
4.157000000000000,1.198791083e-15,0.002558498,-4.11E-15,-2.16E-04,-4.11E-15,-2.16E-04,-1.98E-15,0.002070374
4.157100000000001,1.205470493e-15,0.00255856,-4.15E-15,-2.16E-04,-4.15E-15,-2.16E-04,-1.98E-15,0.002070424
4.157200000000000,1.215246676e-15,0.002558623,-4.20E-15,-2.16E-04,-4.20E-15,-2.16E-04,-1.98E-15,0.002070475
4.157300000000000,1.219405734e-15,0.002558685,-4.24E-15,-2.16E-04,-4.24E-15,-2.16E-04,-1.98E-15,0.002070525
4.157400000000000,1.231829244e-15,0.002558747,-4.28E-15,-2.16E-04,-4.28E-15,-2.16E-04,-1.98E-15,0.002070575
4.157500000000001,1.237249915e-15,0.00255881,-4.32E-15,-2.16E-04,-4.32E-15,-2.16E-04,-1.98E-15,0.002070625
4.157600000000000,1.246093664e-15,0.002558872,-4.36E-15,-2.16E-04,-4.36E-15,-2.16E-04,-1.98E-15,0.002070676
4.157700000000000,1.257830067e-15,0.002558935,-4.40E-15,-2.16E-04,-4.40E-15,-2.16E-04,-1.98E-15,0.002070726
4.157800000000000,1.258593360e-15,0.002558997,-4.43E-15,-2.16E-04,-4.43E-15,-2.16E-04,-1.98E-15,0.002070776
4.157900000000001,1.269746153e-15,0.002559059,-4.47E-15,-2.16E-04,-4.47E-15,-2.16E-04,-1.98E-15,0.002070826
4.158000000000000,1.277553491e-15,0.002559122,-4.50E-15,-2.16E-04,-4.50E-15,-2.16E-04,-1.98E-15,0.002070876
4.158100000000000,1.282142830e-15,0.002559184,-4.54E-15,-2.16E-04,-4.54E-15,-2.16E-04,-1.98E-15,0.002070927
4.158200000000000,1.291380444e-15,0.002559247,-4.57E-15,-2.16E-04,-4.57E-15,-2.16E-04,-1.98E-15,0.002070977
4.158300000000001,1.299747913e-15,0.002559309,-4.61E-15,-2.16E-04,-4.61E-15,-2.16E-04,-1.98E-15,0.002071027
4.158400000000000,1.304435479e-15,0.002559372,-4.64E-15,-2.16E-04,-4.64E-15,-2.16E-04,-1.98E-15,0.002071077
4.158500000000000,1.309618490e-15,0.002559434,-4.67E-15,-2.16E-04,-4.67E-15,-2.16E-04,-1.98E-15,0.002071128
4.158600000000000,1.316227943e-15,0.002559496,-4.70E-15,-2.16E-04,-4.70E-15,-2.16E-04,-1.98E-15,0.002071178
4.158700000000001,1.323656749e-15,0.002559559,-4.73E-15,-2.16E-04,-4.73E-15,-2.16E-04,-1.98E-15,0.002071228
4.158800000000000,1.330384553e-15,0.002559621,-4.76E-15,-2.16E-04,-4.76E-15,-2.16E-04,-1.98E-15,0.002071278
4.158900000000000,1.334633213e-15,0.002559684,-4.78E-15,-2.16E-04,-4.78E-15,-2.16E-04,-1.98E-15,0.002071329
4.159000000000001,1.342981038e-15,0.002559746,-4.81E-15,-2.16E-04,-4.81E-15,-2.16E-04,-1.98E-15,0.002071379
4.159100000000000,1.343957554e-15,0.002559808,-4.83E-15,-2.16E-04,-4.83E-15,-2.16E-04,-1.98E-15,0.002071429
4.159200000000000,1.349973335e-15,0.002559871,-4.86E-15,-2.16E-04,-4.86E-15,-2.16E-04,-1.98E-15,0.002071479
4.159300000000000,1.357651781e-15,0.002559933,-4.88E-15,-2.16E-04,-4.88E-15,-2.16E-04,-1.98E-15,0.00207153
4.159400000000001,1.361359476e-15,0.002559996,-4.91E-15,-2.16E-04,-4.91E-15,-2.16E-04,-1.98E-15,0.00207158
4.159500000000000,1.366635922e-15,0.002560058,-4.93E-15,-2.16E-04,-4.93E-15,-2.16E-04,-1.98E-15,0.00207163
4.159600000000000,1.371816058e-15,0.00256012,-4.95E-15,-2.16E-04,-4.95E-15,-2.16E-04,-1.98E-15,0.00207168
4.159700000000000,1.377109753e-15,0.002560183,-4.97E-15,-2.16E-04,-4.97E-15,-2.16E-04,-1.98E-15,0.002071731
4.159800000000001,1.382570674e-15,0.002560245,-4.99E-15,-2.16E-04,-4.99E-15,-2.16E-04,-1.98E-15,0.002071781
4.159900000000000,1.386255849e-15,0.002560308,-5.00E-15,-2.16E-04,-5.00E-15,-2.16E-04,-1.98E-15,0.002071831
4.160000000000000,1.390003793e-15,0.00256037,-5.02E-15,-2.16E-04,-5.02E-15,-2.16E-04,-1.98E-15,0.002071881
4.160100000000000,1.389968815e-15,0.002560433,-5.04E-15,-2.16E-04,-5.04E-15,-2.16E-04,-1.98E-15,0.002071932
4.160200000000001,1.396764658e-15,0.002560495,-5.05E-15,-2.16E-04,-5.05E-15,-2.16E-04,-1.98E-15,0.002071982
4.160300000000000,1.399294113e-15,0.002560557,-5.07E-15,-2.16E-04,-5.07E-15,-2.16E-04,-1.98E-15,0.002072032
4.160400000000000,1.404261505e-15,0.00256062,-5.08E-15,-2.16E-04,-5.08E-15,-2.16E-04,-1.98E-15,0.002072082
4.160500000000000,1.405901171e-15,0.002560682,-5.09E-15,-2.16E-04,-5.09E-15,-2.16E-04,-1.98E-15,0.002072133
4.160600000000001,1.412014699e-15,0.002560745,-5.11E-15,-2.16E-04,-5.11E-15,-2.16E-04,-1.98E-15,0.002072183
4.160700000000000,1.413160836e-15,0.002560807,-5.12E-15,-2.16E-04,-5.12E-15,-2.16E-04,-1.98E-15,0.002072233
4.160800000000000,1.417999814e-15,0.002560869,-5.13E-15,-2.16E-04,-5.13E-15,-2.16E-04,-1.98E-15,0.002072283
4.160900000000000,1.420712306e-15,0.002560932,-5.14E-15,-2.16E-04,-5.14E-15,-2.16E-04,-1.98E-15,0.002072334
4.161000000000000,1.420693140e-15,0.002560994,-5.15E-15,-2.16E-04,-5.15E-15,-2.16E-04,-1.98E-15,0.002072384
4.161100000000000,1.420891510e-15,0.002561057,-5.15E-15,-2.16E-04,-5.15E-15,-2.16E-04,-1.98E-15,0.002072434
4.161200000000000,1.426416157e-15,0.002561119,-5.16E-15,-2.16E-04,-5.16E-15,-2.16E-04,-1.98E-15,0.002072484
4.161300000000001,1.428059656e-15,0.002561182,-5.16E-15,-2.16E-04,-5.16E-15,-2.16E-04,-1.98E-15,0.002072534
4.161400000000000,1.425415683e-15,0.002561244,-5.17E-15,-2.16E-04,-5.17E-15,-2.16E-04,-1.98E-15,0.002072585
4.161500000000000,1.429648052e-15,0.002561306,-5.17E-15,-2.16E-04,-5.17E-15,-2.16E-04,-1.98E-15,0.002072635
4.161600000000000,1.430155956e-15,0.002561369,-5.18E-15,-2.16E-04,-5.18E-15,-2.16E-04,-1.98E-15,0.002072685
4.161700000000001,1.433754404e-15,0.002561431,-5.18E-15,-2.16E-04,-5.18E-15,-2.16E-04,-1.98E-15,0.002072735
4.161800000000000,1.432914447e-15,0.002561494,-5.18E-15,-2.16E-04,-5.18E-15,-2.16E-04,-1.98E-15,0.002072786
4.161900000000000,1.432786512e-15,0.002561556,-5.18E-15,-2.16E-04,-5.18E-15,-2.16E-04,-1.98E-15,0.002072836
4.162000000000000,1.437003548e-15,0.002561618,-5.18E-15,-2.16E-04,-5.18E-15,-2.16E-04,-1.98E-15,0.002072886
4.162100000000001,1.436248401e-15,0.002561681,-5.18E-15,-2.16E-04,-5.18E-15,-2.16E-04,-1.98E-15,0.002072936
4.162200000000000,1.438751503e-15,0.002561743,-5.18E-15,-2.16E-04,-5.18E-15,-2.16E-04,-1.98E-15,0.002072987
4.162300000000000,1.439369612e-15,0.002561806,-5.17E-15,-2.16E-04,-5.17E-15,-2.16E-04,-1.98E-15,0.002073037
4.162400000000000,1.436754388e-15,0.002561868,-5.17E-15,-2.16E-04,-5.17E-15,-2.16E-04,-1.98E-15,0.002073087
4.162500000000001,1.437915379e-15,0.00256193,-5.17E-15,-2.16E-04,-5.17E-15,-2.16E-04,-1.98E-15,0.002073137
4.162600000000000,1.437395017e-15,0.002561993,-5.16E-15,-2.16E-04,-5.16E-15,-2.16E-04,-1.98E-15,0.002073188
4.162700000000000,1.436130050e-15,0.002562055,-5.16E-15,-2.16E-04,-5.16E-15,-2.16E-04,-1.98E-15,0.002073238
4.162800000000000,1.435039016e-15,0.002562118,-5.15E-15,-2.16E-04,-5.15E-15,-2.16E-04,-1.98E-15,0.002073288
4.162900000000000,1.431935535e-15,0.00256218,-5.14E-15,-2.16E-04,-5.14E-15,-2.16E-04,-1.98E-15,0.002073338
4.163000000000000,1.431905348e-15,0.002562243,-5.13E-15,-2.16E-04,-5.13E-15,-2.16E-04,-1.98E-15,0.002073389
4.163100000000000,1.433306874e-15,0.002562305,-5.12E-15,-2.16E-04,-5.12E-15,-2.16E-04,-1.98E-15,0.002073439
4.163200000000001,1.433938399e-15,0.002562367,-5.11E-15,-2.16E-04,-5.11E-15,-2.16E-04,-1.98E-15,0.002073489
4.163300000000000,1.430869416e-15,0.00256243,-5.10E-15,-2.16E-04,-5.10E-15,-2.16E-04,-1.98E-15,0.002073539
4.163400000000000,1.431404632e-15,0.002562492,-5.09E-15,-2.17E-04,-5.09E-15,-2.17E-04,-1.98E-15,0.00207359
4.163500000000000,1.425857464e-15,0.002562555,-5.08E-15,-2.17E-04,-5.08E-15,-2.17E-04,-1.98E-15,0.00207364
4.163600000000001,1.426875666e-15,0.002562617,-5.06E-15,-2.17E-04,-5.06E-15,-2.17E-04,-1.98E-15,0.00207369
4.163700000000000,1.424409939e-15,0.002562679,-5.05E-15,-2.17E-04,-5.05E-15,-2.17E-04,-1.98E-15,0.00207374
4.163800000000000,1.418098041e-15,0.002562742,-5.04E-15,-2.17E-04,-5.04E-15,-2.17E-04,-1.98E-15,0.002073791
4.163900000000000,1.421503389e-15,0.002562804,-5.02E-15,-2.17E-04,-5.02E-15,-2.17E-04,-1.98E-15,0.002073841
4.164000000000001,1.416113863e-15,0.002562867,-5.00E-15,-2.17E-04,-5.00E-15,-2.17E-04,-1.98E-15,0.002073891
4.164100000000000,1.413709946e-15,0.002562929,-4.99E-15,-2.17E-04,-4.99E-15,-2.17E-04,-1.98E-15,0.002073941
4.164200000000000,1.413569554e-15,0.002562992,-4.97E-15,-2.17E-04,-4.97E-15,-2.17E-04,-1.98E-15,0.002073992
4.164300000000000,1.408769388e-15,0.002563054,-4.95E-15,-2.17E-04,-4.95E-15,-2.17E-04,-1.98E-15,0.002074042
4.164400000000001,1.407223636e-15,0.002563116,-4.93E-15,-2.17E-04,-4.93E-15,-2.17E-04,-1.98E-15,0.002074092
4.164500000000000,1.403003246e-15,0.002563179,-4.91E-15,-2.17E-04,-4.91E-15,-2.17E-04,-1.98E-15,0.002074142
4.164600000000000,1.400951987e-15,0.002563241,-4.89E-15,-2.17E-04,-4.89E-15,-2.17E-04,-1.98E-15,0.002074193
4.164700000000000,1.396422063e-15,0.002563304,-4.87E-15,-2.17E-04,-4.87E-15,-2.17E-04,-1.98E-15,0.002074243
4.164800000000001,1.389909879e-15,0.002563366,-4.85E-15,-2.17E-04,-4.85E-15,-2.17E-04,-1.98E-15,0.002074293
4.164900000000000,1.389707676e-15,0.002563428,-4.82E-15,-2.17E-04,-4.82E-15,-2.17E-04,-1.98E-15,0.002074343
4.165000000000000,1.382510300e-15,0.002563491,-4.80E-15,-2.17E-04,-4.80E-15,-2.17E-04,-1.98E-15,0.002074393
4.165100000000001,1.377588429e-15,0.002563553,-4.78E-15,-2.17E-04,-4.78E-15,-2.17E-04,-1.98E-15,0.002074444
4.165200000000000,1.375937742e-15,0.002563616,-4.75E-15,-2.17E-04,-4.75E-15,-2.17E-04,-1.98E-15,0.002074494
4.165300000000000,1.365726008e-15,0.002563678,-4.73E-15,-2.17E-04,-4.73E-15,-2.17E-04,-1.98E-15,0.002074544
4.165400000000000,1.364499373e-15,0.002563741,-4.70E-15,-2.17E-04,-4.70E-15,-2.17E-04,-1.98E-15,0.002074594
4.165500000000001,1.359207595e-15,0.002563803,-4.67E-15,-2.17E-04,-4.67E-15,-2.17E-04,-1.98E-15,0.002074645
4.165600000000000,1.352558851e-15,0.002563865,-4.64E-15,-2.17E-04,-4.64E-15,-2.17E-04,-1.98E-15,0.002074695
4.165700000000000,1.351181762e-15,0.002563928,-4.62E-15,-2.17E-04,-4.62E-15,-2.17E-04,-1.98E-15,0.002074745
4.165800000000000,1.343369153e-15,0.00256399,-4.59E-15,-2.17E-04,-4.59E-15,-2.17E-04,-1.98E-15,0.002074795
4.165900000000001,1.338456385e-15,0.002564053,-4.56E-15,-2.17E-04,-4.56E-15,-2.17E-04,-1.98E-15,0.002074846
4.166000000000000,1.330810521e-15,0.002564115,-4.53E-15,-2.17E-04,-4.53E-15,-2.17E-04,-1.98E-15,0.002074896
4.166100000000000,1.325712800e-15,0.002564177,-4.50E-15,-2.17E-04,-4.50E-15,-2.17E-04,-1.98E-15,0.002074946
4.166200000000000,1.317405224e-15,0.00256424,-4.47E-15,-2.17E-04,-4.47E-15,-2.17E-04,-1.98E-15,0.002074996
4.166300000000001,1.317065983e-15,0.002564302,-4.43E-15,-2.17E-04,-4.43E-15,-2.17E-04,-1.98E-15,0.002075047
4.166400000000000,1.305000402e-15,0.002564365,-4.40E-15,-2.17E-04,-4.40E-15,-2.17E-04,-1.98E-15,0.002075097
4.166500000000000,1.298223724e-15,0.002564427,-4.37E-15,-2.17E-04,-4.37E-15,-2.17E-04,-1.98E-15,0.002075147
4.166600000000000,1.291151408e-15,0.00256449,-4.34E-15,-2.17E-04,-4.34E-15,-2.17E-04,-1.98E-15,0.002075197
4.166700000000001,1.289199334e-15,0.002564552,-4.30E-15,-2.17E-04,-4.30E-15,-2.17E-04,-1.98E-15,0.002075248
4.166800000000000,1.278137101e-15,0.002564614,-4.27E-15,-2.17E-04,-4.27E-15,-2.17E-04,-1.98E-15,0.002075298
4.166900000000000,1.270491237e-15,0.002564677,-4.23E-15,-2.17E-04,-4.23E-15,-2.17E-04,-1.98E-15,0.002075348
4.167000000000001,1.263271821e-15,0.002564739,-4.20E-15,-2.17E-04,-4.20E-15,-2.17E-04,-1.98E-15,0.002075398
4.167100000000000,1.259047598e-15,0.002564802,-4.16E-15,-2.17E-04,-4.16E-15,-2.17E-04,-1.98E-15,0.002075449
4.167200000000000,1.250357657e-15,0.002564864,-4.12E-15,-2.17E-04,-4.12E-15,-2.17E-04,-1.98E-15,0.002075499
4.167300000000000,1.240270024e-15,0.002564926,-4.08E-15,-2.17E-04,-4.08E-15,-2.17E-04,-1.98E-15,0.002075549
4.167400000000001,1.232665368e-15,0.002564989,-4.05E-15,-2.17E-04,-4.05E-15,-2.17E-04,-1.98E-15,0.002075599
4.167500000000000,1.227299320e-15,0.002565051,-4.01E-15,-2.17E-04,-4.01E-15,-2.17E-04,-1.98E-15,0.00207565
4.167600000000000,1.220320919e-15,0.002565114,-3.97E-15,-2.17E-04,-3.97E-15,-2.17E-04,-1.98E-15,0.0020757
4.167700000000000,1.209528929e-15,0.002565176,-3.93E-15,-2.17E-04,-3.93E-15,-2.17E-04,-1.98E-15,0.00207575
4.167800000000001,1.202293700e-15,0.002565239,-3.89E-15,-2.17E-04,-3.89E-15,-2.17E-04,-1.98E-15,0.0020758
4.167900000000000,1.188810781e-15,0.002565301,-3.85E-15,-2.17E-04,-3.85E-15,-2.17E-04,-1.98E-15,0.002075851
4.168000000000000,1.183072430e-15,0.002565363,-3.81E-15,-2.17E-04,-3.81E-15,-2.17E-04,-1.98E-15,0.002075901
4.168100000000000,1.174602900e-15,0.002565426,-3.77E-15,-2.17E-04,-3.77E-15,-2.17E-04,-1.98E-15,0.002075951
4.168200000000001,1.168922527e-15,0.002565488,-3.73E-15,-2.17E-04,-3.73E-15,-2.17E-04,-1.98E-15,0.002076001
4.168300000000000,1.154580963e-15,0.002565551,-3.68E-15,-2.17E-04,-3.68E-15,-2.17E-04,-1.98E-15,0.002076052
4.168400000000000,1.150776958e-15,0.002565613,-3.64E-15,-2.17E-04,-3.64E-15,-2.17E-04,-1.98E-15,0.002076102
4.168500000000000,1.140352480e-15,0.002565676,-3.60E-15,-2.17E-04,-3.60E-15,-2.17E-04,-1.98E-15,0.002076152
4.168600000000001,1.127789057e-15,0.002565738,-3.55E-15,-2.17E-04,-3.55E-15,-2.17E-04,-1.98E-15,0.002076202
4.168700000000000,1.120761302e-15,0.0025658,-3.51E-15,-2.17E-04,-3.51E-15,-2.17E-04,-1.98E-15,0.002076253
4.168800000000000,1.112167192e-15,0.002565863,-3.47E-15,-2.17E-04,-3.47E-15,-2.17E-04,-1.98E-15,0.002076303
4.168900000000000,1.095083429e-15,0.002565925,-3.42E-15,-2.17E-04,-3.42E-15,-2.17E-04,-1.98E-15,0.002076353
4.169000000000000,1.087245425e-15,0.002565988,-3.38E-15,-2.17E-04,-3.38E-15,-2.17E-04,-1.98E-15,0.002076403
4.169100000000000,1.074310657e-15,0.00256605,-3.33E-15,-2.17E-04,-3.33E-15,-2.17E-04,-1.98E-15,0.002076454
4.169200000000000,1.063517709e-15,0.002566112,-3.29E-15,-2.17E-04,-3.29E-15,-2.17E-04,-1.98E-15,0.002076504
4.169300000000001,1.058505756e-15,0.002566175,-3.24E-15,-2.17E-04,-3.24E-15,-2.17E-04,-1.98E-15,0.002076554
4.169400000000000,1.050262867e-15,0.002566237,-3.20E-15,-2.17E-04,-3.20E-15,-2.17E-04,-1.98E-15,0.002076604
4.169500000000000,1.037200165e-15,0.0025663,-3.15E-15,-2.17E-04,-3.15E-15,-2.17E-04,-1.98E-15,0.002076655
4.169600000000000,1.025097688e-15,0.002566362,-3.10E-15,-2.17E-04,-3.10E-15,-2.17E-04,-1.98E-15,0.002076705
4.169700000000001,1.013897459e-15,0.002566425,-3.06E-15,-2.17E-04,-3.06E-15,-2.17E-04,-1.98E-15,0.002076755
4.169800000000000,1.002941119e-15,0.002566487,-3.01E-15,-2.17E-04,-3.01E-15,-2.17E-04,-1.98E-15,0.002076805
4.169900000000000,9.907547907e-16,0.002566549,-2.96E-15,-2.17E-04,-2.96E-15,-2.17E-04,-1.98E-15,0.002076855
4.170000000000000,9.841070055e-16,0.002566612,-2.91E-15,-2.17E-04,-2.91E-15,-2.17E-04,-1.98E-15,0.002076906
4.170100000000001,9.684008102e-16,0.002566674,-2.87E-15,-2.17E-04,-2.87E-15,-2.17E-04,-1.98E-15,0.002076956
4.170200000000000,9.586136066e-16,0.002566737,-2.82E-15,-2.17E-04,-2.82E-15,-2.17E-04,-1.98E-15,0.002077006
4.170300000000000,9.449989194e-16,0.002566799,-2.77E-15,-2.17E-04,-2.77E-15,-2.17E-04,-1.98E-15,0.002077056
4.170400000000000,9.345677326e-16,0.002566861,-2.72E-15,-2.17E-04,-2.72E-15,-2.17E-04,-1.98E-15,0.002077107
4.170500000000001,9.244968698e-16,0.002566924,-2.67E-15,-2.17E-04,-2.67E-15,-2.17E-04,-1.98E-15,0.002077157
4.170600000000000,9.101337437e-16,0.002566986,-2.62E-15,-2.17E-04,-2.62E-15,-2.17E-04,-1.98E-15,0.002077207
4.170700000000000,8.971994555e-16,0.002567049,-2.57E-15,-2.17E-04,-2.57E-15,-2.17E-04,-1.98E-15,0.002077257
4.170800000000000,8.816537768e-16,0.002567111,-2.52E-15,-2.17E-04,-2.52E-15,-2.17E-04,-1.98E-15,0.002077308
4.170900000000000,8.724568913e-16,0.002567174,-2.47E-15,-2.17E-04,-2.47E-15,-2.17E-04,-1.98E-15,0.002077358
4.171000000000000,8.644665159e-16,0.002567236,-2.43E-15,-2.17E-04,-2.43E-15,-2.17E-04,-1.98E-15,0.002077408
4.171100000000000,8.502111996e-16,0.002567298,-2.38E-15,-2.17E-04,-2.38E-15,-2.17E-04,-1.98E-15,0.002077458
4.171200000000001,8.330694583e-16,0.002567361,-2.33E-15,-2.17E-04,-2.33E-15,-2.17E-04,-1.98E-15,0.002077509
4.171300000000000,8.223201131e-16,0.002567423,-2.28E-15,-2.17E-04,-2.28E-15,-2.17E-04,-1.98E-15,0.002077559
4.171400000000000,8.128050692e-16,0.002567486,-2.23E-15,-2.17E-04,-2.23E-15,-2.17E-04,-1.98E-15,0.002077609
4.171500000000000,7.987212900e-16,0.002567548,-2.18E-15,-2.17E-04,-2.18E-15,-2.17E-04,-1.98E-15,0.002077659
4.171600000000001,7.825886475e-16,0.002567611,-2.13E-15,-2.17E-04,-2.13E-15,-2.17E-04,-1.99E-15,0.00207771
4.171700000000000,7.726337400e-16,0.002567673,-2.08E-15,-2.17E-04,-2.08E-15,-2.17E-04,-1.98E-15,0.00207776
4.171800000000000,7.604042875e-16,0.002567735,-2.03E-15,-2.17E-04,-2.03E-15,-2.17E-04,-1.99E-15,0.00207781
4.171900000000000,7.457809807e-16,0.002567798,-1.98E-15,-2.17E-04,-1.98E-15,-2.17E-04,-1.98E-15,0.00207786
4.172000000000001,7.304346302e-16,0.00256786,-1.93E-15,-2.17E-04,-1.93E-15,-2.17E-04,-1.98E-15,0.002077911
4.172100000000000,7.147380180e-16,0.002567923,-1.88E-15,-2.17E-04,-1.88E-15,-2.17E-04,-1.99E-15,0.002077961
4.172200000000000,7.011607048e-16,0.002567985,-1.83E-15,-2.17E-04,-1.83E-15,-2.17E-04,-1.98E-15,0.002078011
4.172300000000000,6.887247369e-16,0.002568047,-1.78E-15,-2.17E-04,-1.78E-15,-2.17E-04,-1.99E-15,0.002078061
4.172400000000001,6.790357600e-16,0.00256811,-1.73E-15,-2.17E-04,-1.73E-15,-2.17E-04,-1.99E-15,0.002078112
4.172500000000000,6.622275100e-16,0.002568172,-1.68E-15,-2.17E-04,-1.68E-15,-2.17E-04,-1.98E-15,0.002078162
4.172600000000000,6.444441813e-16,0.002568235,-1.63E-15,-2.17E-04,-1.63E-15,-2.17E-04,-1.99E-15,0.002078212
4.172700000000000,6.317633656e-16,0.002568297,-1.58E-15,-2.17E-04,-1.58E-15,-2.17E-04,-1.99E-15,0.002078262
4.172800000000001,6.189852816e-16,0.00256836,-1.53E-15,-2.17E-04,-1.53E-15,-2.17E-04,-1.99E-15,0.002078313
4.172900000000000,6.008397123e-16,0.002568422,-1.48E-15,-2.17E-04,-1.48E-15,-2.17E-04,-1.99E-15,0.002078363
4.173000000000000,5.897310015e-16,0.002568484,-1.43E-15,-2.17E-04,-1.43E-15,-2.17E-04,-1.99E-15,0.002078413
4.173100000000001,5.766515295e-16,0.002568547,-1.38E-15,-2.17E-04,-1.38E-15,-2.17E-04,-1.99E-15,0.002078463
4.173200000000000,5.628983667e-16,0.002568609,-1.33E-15,-2.17E-04,-1.33E-15,-2.17E-04,-1.99E-15,0.002078514
4.173300000000000,5.464509199e-16,0.002568672,-1.28E-15,-2.17E-04,-1.28E-15,-2.17E-04,-1.99E-15,0.002078564
4.173400000000000,5.350551958e-16,0.002568734,-1.23E-15,-2.17E-04,-1.23E-15,-2.17E-04,-1.99E-15,0.002078614
4.173500000000001,5.193317509e-16,0.002568797,-1.19E-15,-2.17E-04,-1.19E-15,-2.17E-04,-1.99E-15,0.002078664
4.173600000000000,5.039461098e-16,0.002568859,-1.14E-15,-2.17E-04,-1.14E-15,-2.17E-04,-1.81E-15,0.002078715
4.173700000000000,4.894358834e-16,0.002568921,-1.09E-15,-2.17E-04,-1.09E-15,-2.17E-04,-1.55E-15,0.002078765
4.173800000000000,4.769467293e-16,0.002568984,-1.04E-15,-2.17E-04,-1.04E-15,-2.17E-04,-1.29E-15,0.002078815
4.173900000000001,4.620052642e-16,0.002569046,-9.97E-16,-2.17E-04,-9.97E-16,-2.17E-04,-1.03E-15,0.002078865
4.174000000000000,4.473805199e-16,0.002569109,-9.50E-16,-2.17E-04,-9.50E-16,-2.17E-04,-7.73E-16,0.002078916
4.174100000000000,4.293446769e-16,0.002569171,-9.04E-16,-2.17E-04,-9.04E-16,-2.17E-04,-5.18E-16,0.002078966
4.174200000000000,4.153902694e-16,0.002569233,-8.58E-16,-2.17E-04,-8.58E-16,-2.17E-04,-2.64E-16,0.002079016
4.174300000000001,4.016615434e-16,0.002569296,-8.12E-16,-2.17E-04,-8.12E-16,-2.17E-04,-9.32E-18,0.002079066
4.174400000000000,3.881038756e-16,0.002569358,-7.67E-16,-2.17E-04,-7.67E-16,-2.17E-04,2.406010489e-16,0.002079117
4.174500000000000,3.732548871e-16,0.002569421,-7.22E-16,-2.17E-04,-7.22E-16,-2.17E-04,4.848173161e-16,0.002079167
4.174600000000000,3.589051774e-16,0.002569483,-6.78E-16,-2.17E-04,-6.78E-16,-2.17E-04,7.335500908e-16,0.002079217
4.174700000000001,3.433441658e-16,0.002569546,-6.33E-16,-2.17E-04,-6.33E-16,-2.17E-04,9.702771780e-16,0.002079267
4.174800000000000,3.275641808e-16,0.002569608,-5.90E-16,-2.17E-04,-5.90E-16,-2.17E-04,1.215371735e-15,0.002079318
4.174900000000000,3.113333116e-16,0.00256967,-5.46E-16,-2.17E-04,-5.46E-16,-2.17E-04,1.447626397e-15,0.002079368
4.175000000000000,2.987047237e-16,0.002569733,-5.04E-16,-2.17E-04,-5.04E-16,-2.17E-04,1.682379369e-15,0.002079418
4.175100000000000,2.839779196e-16,0.002569795,-4.61E-16,-2.17E-04,-4.61E-16,-2.17E-04,1.916567418e-15,0.002079468
4.175200000000000,2.693220303e-16,0.002569858,-4.19E-16,-2.17E-04,-4.19E-16,-2.17E-04,2.144938535e-15,0.002079519
4.175300000000000,2.554131424e-16,0.00256992,-3.78E-16,-2.17E-04,-3.78E-16,-2.17E-04,2.370254086e-15,0.002079569
4.175400000000001,2.366801301e-16,0.002569983,-3.37E-16,-2.17E-04,-3.37E-16,-2.17E-04,2.590162861e-15,0.002079619
4.175500000000000,2.228828851e-16,0.002570045,-2.97E-16,-2.17E-04,-2.97E-16,-2.17E-04,2.809518213e-15,0.002079669
4.175600000000000,2.091900958e-16,0.002570107,-2.57E-16,-2.17E-04,-2.57E-16,-2.17E-04,3.021066227e-15,0.00207972
4.175700000000000,1.951154205e-16,0.00257017,-2.18E-16,-2.17E-04,-2.18E-16,-2.17E-04,3.236954898e-15,0.00207977
4.175800000000001,1.777288315e-16,0.002570232,-1.79E-16,-2.17E-04,-1.79E-16,-2.17E-04,3.445483761e-15,0.00207982
4.175900000000000,1.626201415e-16,0.002570295,-1.41E-16,-2.17E-04,-1.41E-16,-2.17E-04,3.651690643e-15,0.00207987
4.176000000000000,1.459968451e-16,0.002570357,-1.04E-16,-2.17E-04,-1.04E-16,-2.17E-04,3.849728425e-15,0.002079921
4.176100000000000,1.295172949e-16,0.00257042,-6.67E-17,-2.17E-04,-6.67E-17,-2.17E-04,4.044843366e-15,0.002079971
4.176200000000001,1.166352344e-16,0.002570482,-3.05E-17,-2.17E-04,-3.05E-17,-2.17E-04,4.239722564e-15,0.002080021
4.176300000000000,9.926206172e-17,0.002570544,4.956370969e-18,-2.17E-04,4.944871269e-18,-2.17E-04,4.430938627e-15,0.002080071
4.176400000000000,8.697415244e-17,0.002570607,3.966630069e-17,-2.17E-04,3.967396716e-17,-2.17E-04,4.612918994e-15,0.002080122
4.176500000000000,7.597564711e-17,0.002570669,7.382041155e-17,-2.17E-04,7.382807801e-17,-2.17E-04,4.792999514e-15,0.002080172
4.176600000000001,5.554738725e-17,0.002570732,1.071427107e-16,-2.17E-04,1.071427107e-16,-2.17E-04,4.971255415e-15,0.002080222
4.176700000000000,4.201080215e-17,0.002570794,1.397251958e-16,-2.17E-04,1.397366955e-16,-2.17E-04,5.144841959e-15,0.002080272
4.176800000000000,2.715654303e-17,0.002570856,1.715602004e-16,-2.17E-04,1.715487007e-16,-2.17E-04,5.309996347e-15,0.002080323
4.176900000000000,1.178958891e-17,0.002570919,2.026937232e-16,-2.17E-04,2.026975565e-16,-2.17E-04,5.473564734e-15,0.002080373
4.177000000000000,-6.16E-18,0.002570981,2.329034368e-16,-2.17E-04,2.329034368e-16,-2.17E-04,5.634676498e-15,0.002080423
4.177100000000000,-2.10E-17,0.002571044,2.624040021e-16,-2.17E-04,2.624116686e-16,-2.17E-04,5.785481177e-15,0.002080473
4.177200000000000,-3.46E-17,0.002571106,2.909807582e-16,-2.17E-04,2.909960911e-16,-2.17E-04,5.937491886e-15,0.002080524
4.177300000000001,-4.74E-17,0.002571169,3.188330331e-16,-2.17E-04,3.188368663e-16,-2.17E-04,6.078883101e-15,0.002080574
4.177400000000000,-6.25E-17,0.002571231,3.457154999e-16,-2.17E-04,3.457116667e-16,-2.17E-04,6.216987318e-15,0.002080624
4.177500000000000,-7.69E-17,0.002571293,3.717048233e-16,-2.17E-04,3.717124898e-16,-2.17E-04,6.347403985e-15,0.002080674
4.177600000000000,-8.98E-17,0.002571356,3.968508353e-16,-2.17E-04,3.968585018e-16,-2.17E-04,6.475816830e-15,0.002080724
4.177700000000001,-1.08E-16,0.002571418,4.209810405e-16,-2.17E-04,4.209772073e-16,-2.17E-04,6.599223471e-15,0.002080775
4.177800000000000,-1.24E-16,0.002571481,4.441529372e-16,-2.17E-04,4.441452708e-16,-2.17E-04,6.712979468e-15,0.002080825
4.177900000000000,-1.36E-16,0.002571543,4.664930223e-16,-2.17E-04,4.665083553e-16,-2.17E-04,6.825243858e-15,0.002080875
4.178000000000000,-1.50E-16,0.002571606,4.877329694e-16,-2.17E-04,4.877406358e-16,-2.17E-04,6.932698019e-15,0.002080925
4.178100000000001,-1.60E-16,0.002571668,5.080874395e-16,-2.17E-04,5.080836063e-16,-2.17E-04,7.029628996e-15,0.002080976
4.178200000000000,-1.78E-16,0.00257173,5.273532713e-16,-2.17E-04,5.273571045e-16,-2.17E-04,7.122410018e-15,0.002081026
4.178300000000000,-1.90E-16,0.002571793,5.455112986e-16,-2.17E-04,5.455112986e-16,-2.17E-04,7.210426331e-15,0.002081076
4.178400000000000,-2.09E-16,0.002571855,5.626726851e-16,-2.17E-04,5.626803516e-16,-2.17E-04,7.294035383e-15,0.002081126
4.178500000000001,-2.20E-16,0.002571918,5.787301004e-16,-2.17E-04,5.787454334e-16,-2.17E-04,7.365787286e-15,0.002081177
4.178600000000000,-2.36E-16,0.00257198,5.937295433e-16,-2.17E-04,5.937295433e-16,-2.17E-04,7.434952236e-15,0.002081227
4.178700000000000,-2.47E-16,0.002572043,6.075943490e-16,-2.17E-04,6.075905158e-16,-2.17E-04,7.501147866e-15,0.002081277
4.178800000000000,-2.62E-16,0.002572105,6.202785188e-16,-2.17E-04,6.202670191e-16,-2.17E-04,7.550118862e-15,0.002081327
4.178900000000001,-2.78E-16,0.002572167,6.318127185e-16,-2.17E-04,6.317935523e-16,-2.17E-04,7.600276723e-15,0.002081378
4.179000000000000,-2.91E-16,0.00257223,6.421854485e-16,-2.17E-04,6.421739488e-16,-2.17E-04,7.638659370e-15,0.002081428
4.179100000000000,-2.99E-16,0.002572292,6.513162108e-16,-2.17E-04,6.513238772e-16,-2.17E-04,7.674200632e-15,0.002081478
4.179200000000001,-3.17E-16,0.002572355,6.592893365e-16,-2.17E-04,6.592816701e-16,-2.17E-04,7.700559863e-15,0.002081528
4.179300000000000,-3.27E-16,0.002572417,6.659169973e-16,-2.17E-04,6.659169973e-16,-2.17E-04,7.721246386e-15,0.002081579
4.179400000000000,-3.45E-16,0.00257248,6.713755219e-16,-2.17E-04,6.713831884e-16,-2.17E-04,7.732926249e-15,0.002081629
4.179500000000000,-3.57E-16,0.002572542,6.754770818e-16,-2.17E-04,6.754770818e-16,-2.17E-04,7.737817455e-15,0.002081679
4.179600000000001,-3.72E-16,0.002572604,6.783711731e-16,-2.17E-04,6.783673399e-16,-2.17E-04,7.735128442e-15,0.002081729
4.179700000000000,-3.83E-16,0.002572667,6.798929668e-16,-2.17E-04,6.798968001e-16,-2.17E-04,7.722025970e-15,0.00208178
4.179800000000000,-3.97E-16,0.002572729,6.800424629e-16,-2.17E-04,6.800501294e-16,-2.17E-04,7.704826251e-15,0.00208183
4.179900000000000,-4.09E-16,0.002572792,6.788081617e-16,-2.17E-04,6.788273279e-16,-2.17E-04,7.675730571e-15,0.00208188
4.180000000000001,-4.19E-16,0.002572854,6.762015629e-16,-2.17E-04,6.762015629e-16,-2.17E-04,7.648322952e-15,0.00208193
4.180100000000000,-4.33E-16,0.002572917,6.722111668e-16,-2.17E-04,6.722111668e-16,-2.17E-04,7.601887160e-15,0.002081981
4.180200000000000,-4.45E-16,0.002572979,6.667526422e-16,-2.17E-04,6.667603087e-16,-2.17E-04,7.553122680e-15,0.002082031
4.180300000000000,-4.58E-16,0.002573041,6.599218201e-16,-2.17E-04,6.599179868e-16,-2.17E-04,7.493567647e-15,0.002082081
4.180400000000001,-4.68E-16,0.002573104,6.515500380e-16,-2.17E-04,6.515538713e-16,-2.17E-04,7.427091711e-15,0.002082131
4.180500000000000,-4.84E-16,0.002573166,6.416641287e-16,-2.17E-04,6.416602955e-16,-2.17E-04,7.349451003e-15,0.002082182
4.180600000000000,-4.90E-16,0.002573229,6.302449260e-16,-2.17E-04,6.302602589e-16,-2.17E-04,7.265653643e-15,0.002082232
4.180700000000000,-5.07E-16,0.002573291,6.173345954e-16,-2.17E-04,6.173345954e-16,-2.17E-04,7.170642637e-15,0.002082282
4.180800000000001,-5.17E-16,0.002573354,6.028181400e-16,-2.17E-04,6.028181400e-16,-2.17E-04,7.067195164e-15,0.002082332
4.180900000000000,-5.29E-16,0.002573416,5.867683912e-16,-2.17E-04,5.867607247e-16,-2.17E-04,6.957554622e-15,0.002082383
4.181000000000000,-5.38E-16,0.002573478,5.690856848e-16,-2.17E-04,5.690895181e-16,-2.17E-04,6.833882050e-15,0.002082433
4.181100000000000,-5.52E-16,0.002573541,5.497585213e-16,-2.17E-04,5.497623546e-16,-2.17E-04,6.705205671e-15,0.002082483
4.181200000000000,-5.58E-16,0.002573603,5.287562347e-16,-2.17E-04,5.287600680e-16,-2.17E-04,6.562151312e-15,0.002082533
4.181300000000000,-5.69E-16,0.002573666,5.062014886e-16,-2.17E-04,5.061976554e-16,-2.17E-04,6.410889041e-15,0.002082584
4.181400000000000,-5.79E-16,0.002573728,4.817799577e-16,-2.17E-04,4.817722912e-16,-2.17E-04,6.253818943e-15,0.002082634
4.181500000000001,-5.91E-16,0.002573791,4.556679708e-16,-2.17E-04,4.556641376e-16,-2.17E-04,6.082345469e-15,0.002082684
4.181600000000000,-5.99E-16,0.002573853,4.279000270e-16,-2.17E-04,4.279076935e-16,-2.17E-04,5.905421617e-15,0.002082734
4.181700000000000,-6.13E-16,0.002573915,3.983534629e-16,-2.17E-04,3.983611294e-16,-2.17E-04,5.715175840e-15,0.002082785
4.181800000000000,-6.21E-16,0.002573978,3.670014458e-16,-2.17E-04,3.670052790e-16,-2.17E-04,5.511870237e-15,0.002082835
4.181900000000001,-6.27E-16,0.00257404,3.338094765e-16,-2.17E-04,3.338056433e-16,-2.17E-04,5.301247949e-15,0.002082885
4.182000000000000,-6.40E-16,0.002574103,2.987775552e-16,-2.18E-04,2.987813884e-16,-2.18E-04,5.079945315e-15,0.002082935
4.182100000000000,-6.47E-16,0.002574165,2.619095150e-16,-2.18E-04,2.619133482e-16,-2.18E-04,4.848523902e-15,0.002082986
4.182200000000000,-6.57E-16,0.002574227,2.232015227e-16,-2.18E-04,2.231976894e-16,-2.18E-04,4.602543868e-15,0.002083036
4.182300000000001,-6.62E-16,0.00257429,1.825002489e-16,-2.18E-04,1.825002489e-16,-2.18E-04,4.353339127e-15,0.002083086
4.182400000000000,-6.72E-16,0.002574352,1.398708587e-16,-2.18E-04,1.398708587e-16,-2.18E-04,4.085485704e-15,0.002083136
4.182500000000000,-6.80E-16,0.002574415,9.534018465e-17,-2.18E-04,9.534401788e-17,-2.18E-04,3.811906868e-15,0.002083187
4.182600000000000,-6.87E-16,0.002574477,4.886989442e-17,-2.18E-04,4.888522736e-17,-2.18E-04,3.524490058e-15,0.002083237
4.182700000000001,-6.98E-16,0.00257454,3.104919169e-19,-2.18E-04,3.104919169e-19,-2.18E-04,3.226029224e-15,0.002083287
4.182800000000000,-6.99E-16,0.002574602,-5.02E-17,-2.18E-04,-5.02E-17,-2.18E-04,2.914671955e-15,0.002083337
4.182900000000000,-7.10E-16,0.002574664,-1.03E-16,-2.18E-04,-1.03E-16,-2.18E-04,2.591895483e-15,0.002083388
4.183000000000000,-7.12E-16,0.002574727,-1.58E-16,-2.18E-04,-1.57E-16,-2.18E-04,2.258903443e-15,0.002083438
4.183100000000000,4.488237323e-18,0.002574789,1.686622758e-19,-2.18E-04,3.258248510e-19,-2.18E-04,-1.64E-18,0.002083488
4.183200000000000,-7.28E-16,0.002574852,-2.72E-16,-2.18E-04,-2.72E-16,-2.18E-04,1.559927202e-15,0.002083538
4.183300000000000,-7.36E-16,0.002574914,-3.30E-16,-2.18E-04,-3.30E-16,-2.18E-04,1.210952496e-15,0.002083589
4.183400000000001,-7.40E-16,0.002574977,-3.87E-16,-2.18E-04,-3.87E-16,-2.18E-04,8.609298788e-16,0.002083639
4.183500000000000,-7.49E-16,0.002575039,-4.44E-16,-2.18E-04,-4.44E-16,-2.18E-04,5.151913795e-16,0.002083689
4.183600000000000,-7.53E-16,0.002575101,-5.01E-16,-2.18E-04,-5.01E-16,-2.18E-04,1.624399795e-16,0.002083739
4.183700000000000,-7.60E-16,0.002575164,-5.58E-16,-2.18E-04,-5.58E-16,-2.18E-04,-1.82E-16,0.00208379
4.183800000000001,-7.65E-16,0.002575226,-6.15E-16,-2.18E-04,-6.15E-16,-2.18E-04,-5.27E-16,0.00208384
4.183900000000000,-7.74E-16,0.002575289,-6.71E-16,-2.18E-04,-6.72E-16,-2.18E-04,-8.70E-16,0.00208389
4.184000000000000,-7.76E-16,0.002575351,-7.28E-16,-2.18E-04,-7.28E-16,-2.18E-04,-1.22E-15,0.00208394
4.184100000000000,-7.84E-16,0.002575414,-7.84E-16,-2.18E-04,-7.84E-16,-2.18E-04,-1.55E-15,0.002083991
4.184200000000001,-7.94E-16,0.002575476,-8.40E-16,-2.18E-04,-8.40E-16,-2.18E-04,-1.90E-15,0.002084041
4.184300000000000,-7.98E-16,0.002575538,-8.96E-16,-2.18E-04,-8.96E-16,-2.18E-04,-1.99E-15,0.002084091
4.184400000000000,-8.02E-16,0.002575601,-9.51E-16,-2.18E-04,-9.51E-16,-2.18E-04,-1.99E-15,0.002084141
4.184500000000000,-8.11E-16,0.002575663,-1.01E-15,-2.18E-04,-1.01E-15,-2.18E-04,-1.99E-15,0.002084192
4.184600000000001,-8.10E-16,0.002575726,-1.06E-15,-2.18E-04,-1.06E-15,-2.18E-04,-1.99E-15,0.002084242
4.184700000000000,-8.16E-16,0.002575788,-1.12E-15,-2.18E-04,-1.12E-15,-2.18E-04,-1.99E-15,0.002084292
4.184800000000000,-8.22E-16,0.002575851,-1.17E-15,-2.18E-04,-1.17E-15,-2.18E-04,-1.99E-15,0.002084342
4.184900000000000,-8.29E-16,0.002575913,-1.23E-15,-2.18E-04,-1.23E-15,-2.18E-04,-1.99E-15,0.002084393
4.185000000000000,-8.36E-16,0.002575975,-1.28E-15,-2.18E-04,-1.28E-15,-2.18E-04,-1.99E-15,0.002084443
4.185100000000000,-8.38E-16,0.002576038,-1.33E-15,-2.18E-04,-1.33E-15,-2.18E-04,-1.99E-15,0.002084493
4.185200000000000,-8.41E-16,0.0025761,-1.39E-15,-2.18E-04,-1.39E-15,-2.18E-04,-1.99E-15,0.002084543
4.185300000000001,-8.50E-16,0.002576163,-1.44E-15,-2.18E-04,-1.44E-15,-2.18E-04,-1.99E-15,0.002084594
4.185400000000000,-8.52E-16,0.002576225,-1.49E-15,-2.18E-04,-1.49E-15,-2.18E-04,-1.99E-15,0.002084644
4.185500000000000,-8.62E-16,0.002576288,-1.55E-15,-2.18E-04,-1.55E-15,-2.18E-04,-1.99E-15,0.002084694
4.185600000000000,-8.64E-16,0.00257635,-1.60E-15,-2.18E-04,-1.60E-15,-2.18E-04,-1.99E-15,0.002084744
4.185700000000001,-8.67E-16,0.002576413,-1.65E-15,-2.18E-04,-1.65E-15,-2.18E-04,-1.98E-15,0.002084795
4.185800000000000,-8.71E-16,0.002576475,-1.70E-15,-2.18E-04,-1.70E-15,-2.18E-04,-1.98E-15,0.002084845
4.185900000000000,-8.78E-16,0.002576537,-1.75E-15,-2.18E-04,-1.75E-15,-2.18E-04,-1.99E-15,0.002084895
4.186000000000000,-8.79E-16,0.0025766,-1.80E-15,-2.18E-04,-1.80E-15,-2.18E-04,-1.98E-15,0.002084945
4.186100000000001,-8.82E-16,0.002576662,-1.85E-15,-2.18E-04,-1.85E-15,-2.18E-04,-1.98E-15,0.002084996
4.186200000000000,-8.88E-16,0.002576725,-1.90E-15,-2.18E-04,-1.90E-15,-2.18E-04,-1.98E-15,0.002085046
4.186300000000000,-8.91E-16,0.002576787,-1.95E-15,-2.18E-04,-1.95E-15,-2.18E-04,-1.98E-15,0.002085096
4.186400000000000,-8.95E-16,0.00257685,-2.00E-15,-2.18E-04,-2.00E-15,-2.18E-04,-1.99E-15,0.002085146
4.186500000000001,-9.00E-16,0.002576912,-2.05E-15,-2.18E-04,-2.05E-15,-2.18E-04,-1.98E-15,0.002085197
4.186600000000000,-9.00E-16,0.002576974,-2.10E-15,-2.18E-04,-2.10E-15,-2.18E-04,-1.98E-15,0.002085247
4.186700000000000,-9.05E-16,0.002577037,-2.15E-15,-2.18E-04,-2.15E-15,-2.18E-04,-1.98E-15,0.002085297
4.186800000000000,-9.11E-16,0.002577099,-2.19E-15,-2.18E-04,-2.19E-15,-2.18E-04,-1.98E-15,0.002085347
4.186900000000001,-9.11E-16,0.002577162,-2.24E-15,-2.18E-04,-2.24E-15,-2.18E-04,-1.98E-15,0.002085398
4.187000000000000,-9.17E-16,0.002577224,-2.29E-15,-2.18E-04,-2.29E-15,-2.18E-04,-1.98E-15,0.002085448
4.187100000000000,-9.21E-16,0.002577287,-2.33E-15,-2.18E-04,-2.33E-15,-2.18E-04,-1.98E-15,0.002085498
4.187200000000001,-9.24E-16,0.002577349,-2.38E-15,-2.18E-04,-2.38E-15,-2.18E-04,-1.98E-15,0.002085548
4.187300000000000,-9.25E-16,0.002577411,-2.42E-15,-2.18E-04,-2.42E-15,-2.18E-04,-1.98E-15,0.002085599
4.187400000000000,-9.27E-16,0.002577474,-2.47E-15,-2.18E-04,-2.47E-15,-2.18E-04,-1.98E-15,0.002085649
4.187500000000000,-9.30E-16,0.002577536,-2.51E-15,-2.18E-04,-2.51E-15,-2.18E-04,-1.98E-15,0.002085699
4.187600000000001,-9.31E-16,0.002577599,-2.55E-15,-2.18E-04,-2.55E-15,-2.18E-04,-1.98E-15,0.002085749
4.187700000000000,-9.31E-16,0.002577661,-2.60E-15,-2.18E-04,-2.60E-15,-2.18E-04,-1.98E-15,0.0020858
4.187800000000000,-9.35E-16,0.002577724,-2.64E-15,-2.18E-04,-2.64E-15,-2.18E-04,-1.98E-15,0.00208585
4.187900000000000,-9.39E-16,0.002577786,-2.68E-15,-2.18E-04,-2.68E-15,-2.18E-04,-1.98E-15,0.0020859
4.188000000000001,-9.40E-16,0.002577848,-2.72E-15,-2.18E-04,-2.72E-15,-2.18E-04,-1.98E-15,0.00208595
4.188100000000000,-9.44E-16,0.002577911,-2.76E-15,-2.18E-04,-2.76E-15,-2.18E-04,-1.98E-15,0.002086001
4.188200000000000,-9.44E-16,0.002577973,-2.80E-15,-2.18E-04,-2.80E-15,-2.18E-04,-1.98E-15,0.002086051
4.188300000000000,-9.45E-16,0.002578036,-2.84E-15,-2.18E-04,-2.84E-15,-2.18E-04,-1.98E-15,0.002086101
4.188400000000001,-9.44E-16,0.002578098,-2.88E-15,-2.18E-04,-2.88E-15,-2.18E-04,-1.98E-15,0.002086151
4.188500000000000,-9.46E-16,0.002578161,-2.92E-15,-2.18E-04,-2.92E-15,-2.18E-04,-1.98E-15,0.002086202
4.188600000000000,-9.50E-16,0.002578223,-2.95E-15,-2.18E-04,-2.95E-15,-2.18E-04,-1.98E-15,0.002086252
4.188700000000000,-9.47E-16,0.002578285,-2.99E-15,-2.18E-04,-2.99E-15,-2.18E-04,-1.98E-15,0.002086302
4.188800000000001,-9.49E-16,0.002578348,-3.03E-15,-2.18E-04,-3.03E-15,-2.18E-04,-1.98E-15,0.002086352
4.188900000000000,-9.52E-16,0.00257841,-3.06E-15,-2.18E-04,-3.06E-15,-2.18E-04,-1.98E-15,0.002086403
4.189000000000000,-9.53E-16,0.002578473,-3.10E-15,-2.18E-04,-3.10E-15,-2.18E-04,-1.98E-15,0.002086453
4.189100000000000,-9.50E-16,0.002578535,-3.13E-15,-2.18E-04,-3.13E-15,-2.18E-04,-1.98E-15,0.002086503
4.189200000000000,-9.53E-16,0.002578598,-3.16E-15,-2.18E-04,-3.16E-15,-2.18E-04,-1.98E-15,0.002086553
4.189300000000000,-9.52E-16,0.00257866,-3.20E-15,-2.18E-04,-3.20E-15,-2.18E-04,-1.98E-15,0.002086604
4.189400000000000,-9.54E-16,0.002578722,-3.23E-15,-2.18E-04,-3.23E-15,-2.18E-04,-1.98E-15,0.002086654
4.189500000000001,-9.52E-16,0.002578785,-3.26E-15,-2.18E-04,-3.26E-15,-2.18E-04,-1.98E-15,0.002086704
4.189600000000000,-9.50E-16,0.002578847,-3.29E-15,-2.18E-04,-3.29E-15,-2.18E-04,-1.98E-15,0.002086754
4.189700000000000,-9.53E-16,0.00257891,-3.32E-15,-2.18E-04,-3.32E-15,-2.18E-04,-1.98E-15,0.002086805
4.189800000000000,-9.50E-16,0.002578972,-3.35E-15,-2.18E-04,-3.35E-15,-2.18E-04,-1.98E-15,0.002086855
4.189900000000001,-9.51E-16,0.002579035,-3.38E-15,-2.18E-04,-3.38E-15,-2.18E-04,-1.98E-15,0.002086905
4.190000000000000,-9.50E-16,0.002579097,-3.41E-15,-2.18E-04,-3.41E-15,-2.18E-04,-1.98E-15,0.002086956
4.190100000000000,-9.43E-16,0.002579159,-3.43E-15,-2.18E-04,-3.43E-15,-2.18E-04,-1.98E-15,0.002087006
4.190200000000000,-9.42E-16,0.002579222,-3.46E-15,-2.18E-04,-3.46E-15,-2.18E-04,-1.98E-15,0.002087056
4.190300000000001,-9.40E-16,0.002579284,-3.48E-15,-2.18E-04,-3.48E-15,-2.18E-04,-1.98E-15,0.002087106
4.190400000000000,-9.42E-16,0.002579347,-3.51E-15,-2.18E-04,-3.51E-15,-2.18E-04,-1.98E-15,0.002087157
4.190500000000000,-9.39E-16,0.002579409,-3.53E-15,-2.18E-04,-3.53E-15,-2.18E-04,-1.98E-15,0.002087207
4.190600000000000,-9.37E-16,0.002579472,-3.55E-15,-2.18E-04,-3.55E-15,-2.18E-04,-1.98E-15,0.002087257
4.190700000000001,-9.32E-16,0.002579534,-3.57E-15,-2.18E-04,-3.57E-15,-2.18E-04,-1.98E-15,0.002087307
4.190800000000000,-9.31E-16,0.002579597,-3.60E-15,-2.18E-04,-3.60E-15,-2.18E-04,-1.98E-15,0.002087358
4.190900000000000,-9.28E-16,0.002579659,-3.62E-15,-2.18E-04,-3.62E-15,-2.18E-04,-1.98E-15,0.002087408
4.191000000000000,-9.27E-16,0.002579721,-3.63E-15,-2.18E-04,-3.63E-15,-2.18E-04,-1.98E-15,0.002087458
4.191100000000000,-9.21E-16,0.002579784,-3.65E-15,-2.18E-04,-3.65E-15,-2.18E-04,-1.98E-15,0.002087508
4.191200000000000,-9.11E-16,0.002579846,-3.67E-15,-2.18E-04,-3.67E-15,-2.18E-04,-1.98E-15,0.002087559
4.191300000000000,-9.09E-16,0.002579909,-3.69E-15,-2.18E-04,-3.69E-15,-2.18E-04,-1.98E-15,0.002087609
4.191400000000001,-9.09E-16,0.002579971,-3.70E-15,-2.18E-04,-3.70E-15,-2.18E-04,-1.98E-15,0.002087659
4.191500000000000,-9.05E-16,0.002580034,-3.72E-15,-2.18E-04,-3.72E-15,-2.18E-04,-1.98E-15,0.002087709
4.191600000000000,-8.99E-16,0.002580096,-3.73E-15,-2.18E-04,-3.73E-15,-2.18E-04,-1.98E-15,0.00208776
4.191700000000000,-8.94E-16,0.002580158,-3.74E-15,-2.18E-04,-3.74E-15,-2.18E-04,-1.98E-15,0.00208781
4.191800000000001,-8.89E-16,0.002580221,-3.75E-15,-2.18E-04,-3.75E-15,-2.18E-04,-1.98E-15,0.00208786
4.191900000000000,-8.80E-16,0.002580283,-3.76E-15,-2.18E-04,-3.76E-15,-2.18E-04,-1.98E-15,0.00208791
4.192000000000000,-8.80E-16,0.002580346,-3.77E-15,-2.18E-04,-3.77E-15,-2.18E-04,-1.98E-15,0.002087961
4.192100000000000,-8.72E-16,0.002580408,-3.78E-15,-2.18E-04,-3.78E-15,-2.18E-04,-1.98E-15,0.002088011
4.192200000000001,-8.65E-16,0.002580471,-3.79E-15,-2.18E-04,-3.79E-15,-2.18E-04,-1.98E-15,0.002088061
4.192300000000000,-8.58E-16,0.002580533,-3.80E-15,-2.18E-04,-3.80E-15,-2.18E-04,-1.98E-15,0.002088111
4.192400000000000,-8.51E-16,0.002580595,-3.80E-15,-2.18E-04,-3.80E-15,-2.18E-04,-1.98E-15,0.002088162
4.192500000000000,-8.45E-16,0.002580658,-3.81E-15,-2.18E-04,-3.81E-15,-2.18E-04,-1.98E-15,0.002088212
4.192600000000001,-8.39E-16,0.00258072,-3.81E-15,-2.18E-04,-3.81E-15,-2.18E-04,-1.98E-15,0.002088262
4.192700000000000,-8.29E-16,0.002580783,-3.81E-15,-2.18E-04,-3.81E-15,-2.18E-04,-1.98E-15,0.002088312
4.192800000000000,-8.23E-16,0.002580845,-3.81E-15,-2.18E-04,-3.81E-15,-2.18E-04,-1.98E-15,0.002088363
4.192900000000000,-8.17E-16,0.002580908,-3.81E-15,-2.18E-04,-3.81E-15,-2.18E-04,-1.98E-15,0.002088413
4.193000000000001,-8.11E-16,0.00258097,-3.81E-15,-2.18E-04,-3.81E-15,-2.18E-04,-1.98E-15,0.002088463
4.193100000000000,-7.95E-16,0.002581032,-3.81E-15,-2.18E-04,-3.81E-15,-2.18E-04,-1.98E-15,0.002088513
4.193200000000000,-7.91E-16,0.002581095,-3.81E-15,-2.18E-04,-3.81E-15,-2.18E-04,-1.98E-15,0.002088564
4.193300000000001,-7.79E-16,0.002581157,-3.80E-15,-2.18E-04,-3.80E-15,-2.18E-04,-1.98E-15,0.002088614
4.193400000000000,-7.69E-16,0.00258122,-3.80E-15,-2.18E-04,-3.80E-15,-2.18E-04,-1.98E-15,0.002088664
4.193500000000000,-7.65E-16,0.002581282,-3.79E-15,-2.18E-04,-3.79E-15,-2.18E-04,-1.98E-15,0.002088714
4.193600000000000,-7.53E-16,0.002581345,-3.78E-15,-2.18E-04,-3.78E-15,-2.18E-04,-1.98E-15,0.002088765
4.193700000000001,-7.46E-16,0.002581407,-3.78E-15,-2.18E-04,-3.78E-15,-2.18E-04,-1.98E-15,0.002088815
4.193800000000000,-7.32E-16,0.00258147,-3.76E-15,-2.18E-04,-3.76E-15,-2.18E-04,-1.98E-15,0.002088865
4.193900000000000,-7.21E-16,0.002581532,-3.75E-15,-2.18E-04,-3.75E-15,-2.18E-04,-1.98E-15,0.002088915
4.194000000000000,-7.13E-16,0.002581594,-3.74E-15,-2.18E-04,-3.74E-15,-2.18E-04,-1.98E-15,0.002088966
4.194100000000001,-6.99E-16,0.002581657,-3.73E-15,-2.18E-04,-3.73E-15,-2.18E-04,-1.98E-15,0.002089016
4.194200000000000,-6.87E-16,0.002581719,-3.71E-15,-2.18E-04,-3.71E-15,-2.18E-04,-1.98E-15,0.002089066
4.194300000000000,-6.75E-16,0.002581782,-3.70E-15,-2.18E-04,-3.70E-15,-2.18E-04,-1.98E-15,0.002089116
4.194400000000000,-6.62E-16,0.002581844,-3.68E-15,-2.18E-04,-3.68E-15,-2.18E-04,-1.98E-15,0.002089167
4.194500000000001,-6.49E-16,0.002581907,-3.66E-15,-2.18E-04,-3.66E-15,-2.18E-04,-1.98E-15,0.002089217
4.194600000000000,-6.38E-16,0.002581969,-3.64E-15,-2.18E-04,-3.64E-15,-2.18E-04,-1.98E-15,0.002089267
4.194700000000000,-6.27E-16,0.002582031,-3.62E-15,-2.18E-04,-3.62E-15,-2.18E-04,-1.98E-15,0.002089317
4.194800000000000,-6.12E-16,0.002582094,-3.59E-15,-2.18E-04,-3.59E-15,-2.18E-04,-1.98E-15,0.002089368
4.194900000000001,-5.95E-16,0.002582156,-3.57E-15,-2.18E-04,-3.57E-15,-2.18E-04,-1.98E-15,0.002089418
4.195000000000000,-5.81E-16,0.002582219,-3.54E-15,-2.18E-04,-3.54E-15,-2.18E-04,-1.98E-15,0.002089468
4.195100000000000,-5.66E-16,0.002582281,-3.52E-15,-2.18E-04,-3.52E-15,-2.18E-04,-1.98E-15,0.002089518
4.195200000000000,-5.51E-16,0.002582344,-3.49E-15,-2.18E-04,-3.49E-15,-2.18E-04,-1.98E-15,0.002089569
4.195300000000000,-5.41E-16,0.002582406,-3.46E-15,-2.18E-04,-3.46E-15,-2.18E-04,-1.98E-15,0.002089619
4.195400000000000,-5.23E-16,0.002582469,-3.43E-15,-2.18E-04,-3.43E-15,-2.18E-04,-1.98E-15,0.002089669
4.195500000000000,-5.03E-16,0.002582531,-3.39E-15,-2.18E-04,-3.39E-15,-2.18E-04,-1.98E-15,0.002089719
4.195600000000001,-4.92E-16,0.002582593,-3.36E-15,-2.18E-04,-3.36E-15,-2.18E-04,-1.98E-15,0.00208977
4.195700000000000,-4.75E-16,0.002582656,-3.33E-15,-2.18E-04,-3.33E-15,-2.18E-04,-1.98E-15,0.00208982
4.195800000000000,-4.55E-16,0.002582718,-3.29E-15,-2.18E-04,-3.29E-15,-2.18E-04,-1.98E-15,0.00208987
4.195900000000000,-4.42E-16,0.002582781,-3.25E-15,-2.18E-04,-3.25E-15,-2.18E-04,-1.98E-15,0.00208992
4.196000000000001,-4.23E-16,0.002582843,-3.21E-15,-2.18E-04,-3.21E-15,-2.18E-04,-1.98E-15,0.002089971
4.196100000000000,-4.00E-16,0.002582906,-3.17E-15,-2.18E-04,-3.17E-15,-2.18E-04,-1.98E-15,0.002090021
4.196200000000000,-3.83E-16,0.002582968,-3.13E-15,-2.18E-04,-3.13E-15,-2.18E-04,-1.98E-15,0.002090071
4.196300000000000,-3.64E-16,0.00258303,-3.08E-15,-2.18E-04,-3.08E-15,-2.18E-04,-1.98E-15,0.002090121
4.196400000000001,-3.44E-16,0.002583093,-3.04E-15,-2.18E-04,-3.04E-15,-2.18E-04,-1.98E-15,0.002090172
4.196500000000000,-3.24E-16,0.002583155,-2.99E-15,-2.18E-04,-2.99E-15,-2.18E-04,-1.98E-15,0.002090222
4.196600000000000,-3.04E-16,0.002583218,-2.94E-15,-2.18E-04,-2.94E-15,-2.18E-04,-1.98E-15,0.002090272
4.196700000000000,-2.86E-16,0.00258328,-2.89E-15,-2.18E-04,-2.89E-15,-2.18E-04,-1.98E-15,0.002090322
4.196800000000001,-2.61E-16,0.002583343,-2.84E-15,-2.18E-04,-2.84E-15,-2.18E-04,-1.98E-15,0.002090373
4.196900000000000,-2.43E-16,0.002583405,-2.78E-15,-2.18E-04,-2.78E-15,-2.18E-04,-1.98E-15,0.002090423
4.197000000000000,-2.16E-16,0.002583467,-2.73E-15,-2.18E-04,-2.73E-15,-2.18E-04,-1.98E-15,0.002090473
4.197100000000000,-1.98E-16,0.00258353,-2.67E-15,-2.18E-04,-2.67E-15,-2.18E-04,-1.98E-15,0.002090523
4.197200000000000,-1.73E-16,0.002583592,-2.61E-15,-2.18E-04,-2.61E-15,-2.18E-04,-1.98E-15,0.002090574
4.197300000000000,-1.54E-16,0.002583655,-2.55E-15,-2.18E-04,-2.55E-15,-2.18E-04,-1.98E-15,0.002090624
4.197400000000000,-1.27E-16,0.002583717,-2.49E-15,-2.18E-04,-2.49E-15,-2.18E-04,-1.98E-15,0.002090674
4.197500000000001,-1.02E-16,0.00258378,-2.43E-15,-2.18E-04,-2.43E-15,-2.18E-04,-1.98E-15,0.002090725
4.197600000000000,-8.08E-17,0.002583842,-2.36E-15,-2.18E-04,-2.36E-15,-2.18E-04,-1.98E-15,0.002090775
4.197700000000000,-5.90E-17,0.002583905,-2.29E-15,-2.18E-04,-2.29E-15,-2.18E-04,-1.98E-15,0.002090825
4.197800000000000,-2.92E-17,0.002583967,-2.23E-15,-2.18E-04,-2.23E-15,-2.18E-04,-1.98E-15,0.002090875
4.197900000000001,-9.04E-19,0.002584029,-2.15E-15,-2.18E-04,-2.15E-15,-2.18E-04,-1.99E-15,0.002090926
4.198000000000000,2.403868669e-17,0.002584092,-2.08E-15,-2.18E-04,-2.08E-15,-2.18E-04,-1.99E-15,0.002090976
4.198100000000000,5.313101266e-17,0.002584154,-2.01E-15,-2.18E-04,-2.01E-15,-2.18E-04,-1.99E-15,0.002091026
4.198200000000000,7.502404688e-17,0.002584217,-1.93E-15,-2.18E-04,-1.93E-15,-2.18E-04,-1.98E-15,0.002091076
4.198300000000001,1.042088496e-16,0.002584279,-1.86E-15,-2.18E-04,-1.86E-15,-2.18E-04,-1.99E-15,0.002091127
4.198400000000000,1.325436328e-16,0.002584342,-1.78E-15,-2.18E-04,-1.78E-15,-2.18E-04,-1.99E-15,0.002091177
4.198500000000000,1.592406669e-16,0.002584404,-1.70E-15,-2.18E-04,-1.70E-15,-2.18E-04,-1.99E-15,0.002091227
4.198600000000000,1.869439249e-16,0.002584466,-1.61E-15,-2.18E-04,-1.61E-15,-2.18E-04,-1.99E-15,0.002091277
4.198700000000001,2.193443314e-16,0.002584529,-1.53E-15,-2.18E-04,-1.53E-15,-2.18E-04,-1.99E-15,0.002091328
4.198800000000000,2.490336835e-16,0.002584591,-1.44E-15,-2.18E-04,-1.44E-15,-2.18E-04,-1.99E-15,0.002091378
4.198900000000000,2.784753129e-16,0.002584654,-1.35E-15,-2.18E-04,-1.35E-15,-2.18E-04,-1.99E-15,0.002091428
4.199000000000000,3.109945496e-16,0.002584716,-1.26E-15,-2.18E-04,-1.26E-15,-2.18E-04,-1.99E-15,0.002091478
4.199100000000000,3.428602201e-16,0.002584779,-1.17E-15,-2.18E-04,-1.17E-15,-2.18E-04,-1.99E-15,0.002091529
4.199200000000000,3.752462519e-16,0.002584841,-1.08E-15,-2.18E-04,-1.08E-15,-2.18E-04,-1.99E-15,0.002091579
4.199300000000000,4.065077089e-16,0.002584904,-9.80E-16,-2.18E-04,-9.80E-16,-2.18E-04,-1.99E-15,0.002091629
4.199400000000001,4.386043317e-16,0.002584966,-8.82E-16,-2.18E-04,-8.82E-16,-2.18E-04,-1.67E-15,0.002091679
4.199500000000000,4.762049987e-16,0.002585028,-7.83E-16,-2.18E-04,-7.83E-16,-2.18E-04,-1.04E-15,0.00209173
4.199600000000000,5.056087748e-16,0.002585091,-6.82E-16,-2.18E-04,-6.82E-16,-2.18E-04,-4.04E-16,0.00209178
4.199700000000000,5.457135016e-16,0.002585153,-5.79E-16,-2.18E-04,-5.79E-16,-2.18E-04,2.476105956e-16,0.00209183
4.199800000000001,5.764081192e-16,0.002585216,-4.74E-16,-2.18E-04,-4.74E-16,-2.18E-04,9.060048721e-16,0.00209188
4.199900000000000,6.143925887e-16,0.002585278,-3.67E-16,-2.18E-04,-3.67E-16,-2.18E-04,1.587573920e-15,0.002091931
4.200000000000000,-1.50E-17,0.002585341,7.781464090e-19,-2.18E-04,-4.06E-19,-2.18E-04,7.964980145e-18,0.002091981
