Frequency (GHz),RE[S11],IM[S11],RE[S12],IM[S12],RE[S21],IM[S21],RE[S22],IM[S22]
6.500000000000000,0.02978666,0.056336088,0.877863723,-0.474651749,0.877863723,-0.474651749,0.030829222,0.055772386
6.500500000000001,0.029786048,0.056333175,0.877841869,-0.474692551,0.877841869,-0.474692551,0.030832292,0.055767418
6.501000000000000,0.029785402,0.056330219,0.877819991,-0.4747334,0.877819991,-0.4747334,0.030835351,0.055762394
6.501500000000000,0.02978472,0.056327223,0.877798086,-0.4747743,0.877798086,-0.4747743,0.030838401,0.055757315
6.502000000000001,0.029784003,0.056324184,0.877776157,-0.474815249,0.877776157,-0.474815249,0.03084144,0.05575218
6.502500000000000,0.029783251,0.056321102,0.877754201,-0.474856248,0.877754201,-0.474856248,0.030844469,0.055746988
6.503000000000000,0.029782463,0.056317978,0.87773222,-0.474897298,0.87773222,-0.474897298,0.030847487,0.055741739
6.503500000000001,0.029781638,0.05631481,0.877710213,-0.474938399,0.877710213,-0.474938399,0.030850495,0.055736432
6.504000000000000,0.029780776,0.056311599,0.877688179,-0.474979552,0.877688179,-0.474979552,0.030853491,0.055731067
6.504500000000000,0.029779878,0.056308343,0.877666118,-0.475020757,0.877666118,-0.475020757,0.030856477,0.055725643
6.505000000000001,0.029778942,0.056305043,0.877644031,-0.475062015,0.877644031,-0.475062015,0.030859452,0.055720159
6.505500000000001,0.029777968,0.056301697,0.877621916,-0.475103326,0.877621916,-0.475103326,0.030862415,0.055714615
6.506000000000000,0.029776955,0.056298306,0.877599774,-0.475144692,0.877599774,-0.475144692,0.030865368,0.05570901
6.506500000000001,0.029775904,0.056294869,0.877577604,-0.475186112,0.877577604,-0.475186112,0.030868309,0.055703344
6.507000000000001,0.029774814,0.056291385,0.877555405,-0.475227587,0.877555405,-0.475227587,0.030871238,0.055697615
6.507500000000000,0.029773684,0.056287854,0.877533179,-0.475269117,0.877533179,-0.475269117,0.030874156,0.055691824
6.508000000000000,0.029772515,0.056284276,0.877510924,-0.475310704,0.877510924,-0.475310704,0.030877062,0.05568597
6.508500000000001,0.029771305,0.05628065,0.87748864,-0.475352348,0.87748864,-0.475352348,0.030879957,0.055680052
6.509000000000000,0.029770054,0.056276975,0.877466327,-0.475394049,0.877466327,-0.475394049,0.030882839,0.055674069
6.509500000000000,0.029768762,0.056273251,0.877443984,-0.475435809,0.877443984,-0.475435809,0.030885709,0.05566802
6.510000000000001,0.029767429,0.056269478,0.877421612,-0.475477627,0.877421612,-0.475477627,0.030888567,0.055661906
6.510500000000000,0.029766053,0.056265654,0.877399209,-0.475519504,0.877399209,-0.475519504,0.030891412,0.055655724
6.511000000000000,0.029764635,0.05626178,0.877376776,-0.475561442,0.877376776,-0.475561442,0.030894245,0.055649476
6.511500000000001,0.029763173,0.056257855,0.877354313,-0.47560344,0.877354313,-0.47560344,0.030897065,0.055643159
6.512000000000000,0.029761669,0.056253878,0.877331818,-0.475645499,0.877331818,-0.475645499,0.030899873,0.055636773
6.512500000000000,0.02976012,0.056249849,0.877309292,-0.47568762,0.877309292,-0.47568762,0.030902667,0.055630318
6.513000000000001,0.029758527,0.056245767,0.877286734,-0.475729804,0.877286734,-0.475729804,0.030905448,0.055623792
6.513500000000001,0.029756889,0.056241632,0.877264145,-0.475772051,0.877264145,-0.475772051,0.030908216,0.055617195
6.514000000000000,0.029755205,0.056237443,0.877241523,-0.475814362,0.877241523,-0.475814362,0.030910971,0.055610526
6.514500000000001,0.029753476,0.056233199,0.877218868,-0.475856738,0.877218868,-0.475856738,0.030913712,0.055603784
6.515000000000001,0.0297517,0.0562289,0.87719618,-0.475899179,0.87719618,-0.475899179,0.030916439,0.055596969
6.515500000000000,0.029749877,0.056224546,0.877173459,-0.475941686,0.877173459,-0.475941686,0.030919152,0.055590079
6.516000000000000,0.029748006,0.056220135,0.877150704,-0.475984261,0.877150704,-0.475984261,0.030921852,0.055583114
6.516500000000001,0.029746088,0.056215667,0.877127915,-0.476026902,0.877127915,-0.476026902,0.030924537,0.055576074
6.517000000000000,0.029744121,0.056211142,0.877105091,-0.476069613,0.877105091,-0.476069613,0.030927208,0.055568956
6.517500000000000,0.029742105,0.056206558,0.877082233,-0.476112392,0.877082233,-0.476112392,0.030929864,0.055561761
6.518000000000001,0.02974004,0.056201916,0.87705934,-0.476155242,0.87705934,-0.476155242,0.030932505,0.055554487
6.518500000000000,0.029737924,0.056197214,0.87703641,-0.476198162,0.87703641,-0.476198162,0.030935132,0.055547134
6.519000000000000,0.029735757,0.056192452,0.877013445,-0.476241153,0.877013445,-0.476241153,0.030937744,0.055539701
6.519500000000001,0.029733539,0.056187629,0.876990444,-0.476284217,0.876990444,-0.476284217,0.03094034,0.055532186
6.520000000000000,0.029731269,0.056182744,0.876967405,-0.476327355,0.876967405,-0.476327355,0.030942921,0.055524589
6.520500000000000,0.029728947,0.056177797,0.876944329,-0.476370566,0.876944329,-0.476370566,0.030945487,0.055516909
6.521000000000001,0.029726571,0.056172788,0.876921216,-0.476413852,0.876921216,-0.476413852,0.030948036,0.055509145
6.521500000000001,0.029724141,0.056167714,0.876898064,-0.476457213,0.876898064,-0.476457213,0.03095057,0.055501296
6.522000000000000,0.029721658,0.056162576,0.876874874,-0.476500652,0.876874874,-0.476500652,0.030953087,0.055493362
6.522500000000000,0.029719119,0.056157373,0.876851645,-0.476544168,0.876851645,-0.476544168,0.030955589,0.05548534
6.523000000000001,0.029716524,0.056152104,0.876828377,-0.476587762,0.876828377,-0.476587762,0.030958073,0.05547723
6.523500000000000,0.029713873,0.056146768,0.876805068,-0.476631436,0.876805068,-0.476631436,0.030960541,0.055469031
6.524000000000000,0.029711165,0.056141365,0.87678172,-0.47667519,0.87678172,-0.47667519,0.030962992,0.055460742
6.524500000000001,0.029708399,0.056135893,0.876758331,-0.476719026,0.876758331,-0.476719026,0.030965426,0.055452362
6.525000000000000,0.029705575,0.056130353,0.876734901,-0.476762943,0.876734901,-0.476762943,0.030967842,0.055443889
6.525500000000000,0.029702691,0.056124743,0.876711429,-0.476806944,0.876711429,-0.476806944,0.030970241,0.055435324
6.526000000000001,0.029699748,0.056119061,0.876687914,-0.476851029,0.876687914,-0.476851029,0.030972622,0.055426664
6.526500000000000,0.029696745,0.056113309,0.876664358,-0.4768952,0.876664358,-0.4768952,0.030974985,0.055417908
6.527000000000000,0.02969368,0.056107484,0.876640758,-0.476939456,0.876640758,-0.476939456,0.03097733,0.055409056
6.527500000000001,0.029690553,0.056101585,0.876617114,-0.4769838,0.876617114,-0.4769838,0.030979656,0.055400106
6.528000000000000,0.029687363,0.056095613,0.876593427,-0.477028233,0.876593427,-0.477028233,0.030981964,0.055391057
6.528500000000000,0.02968411,0.056089565,0.876569694,-0.477072755,0.876569694,-0.477072755,0.030984253,0.055381908
6.529000000000001,0.029680792,0.056083442,0.876545916,-0.477117367,0.876545916,-0.477117367,0.030986522,0.055372657
6.529500000000001,0.02967741,0.056077241,0.876522093,-0.477162071,0.876522093,-0.477162071,0.030988772,0.055363304
6.530000000000000,0.029673961,0.056070963,0.876498223,-0.477206868,0.876498223,-0.477206868,0.030991003,0.055353847
6.530500000000000,0.029670446,0.056064606,0.876474307,-0.477251759,0.876474307,-0.477251759,0.030993213,0.055344284
6.531000000000001,0.029666863,0.056058169,0.876450343,-0.477296745,0.876450343,-0.477296745,0.030995404,0.055334615
6.531500000000000,0.029663211,0.056051651,0.876426331,-0.477341828,0.876426331,-0.477341828,0.030997574,0.055324838
6.532000000000000,0.02965949,0.056045052,0.87640227,-0.477387008,0.87640227,-0.477387008,0.030999723,0.055314952
6.532500000000001,0.029655699,0.05603837,0.87637816,-0.477432287,0.87637816,-0.477432287,0.031001851,0.055304955
6.533000000000000,0.029651837,0.056031604,0.876354,-0.477477666,0.876354,-0.477477666,0.031003958,0.055294847
6.533500000000000,0.029647903,0.056024753,0.87632979,-0.477523146,0.87632979,-0.477523146,0.031006044,0.055284625
6.534000000000001,0.029643896,0.056017816,0.876305529,-0.477568729,0.876305529,-0.477568729,0.031008108,0.055274288
6.534500000000000,0.029639815,0.056010792,0.876281216,-0.477614416,0.876281216,-0.477614416,0.03101015,0.055263834
6.535000000000000,0.02963566,0.05600368,0.87625685,-0.477660209,0.87625685,-0.477660209,0.031012169,0.055253263
6.535500000000001,0.029631428,0.055996479,0.876232432,-0.477706108,0.876232432,-0.477706108,0.031014165,0.055242573
6.536000000000000,0.02962712,0.055989187,0.87620796,-0.477752115,0.87620796,-0.477752115,0.031016139,0.055231762
6.536500000000000,0.029622734,0.055981803,0.876183433,-0.477798231,0.876183433,-0.477798231,0.03101809,0.055220828
6.537000000000001,0.029618269,0.055974327,0.876158852,-0.477844459,0.876158852,-0.477844459,0.031020016,0.055209771
6.537500000000001,0.029613724,0.055966757,0.876134214,-0.477890799,0.876134214,-0.477890799,0.031021919,0.055198588
6.538000000000000,0.029609099,0.055959091,0.87610952,-0.477937252,0.87610952,-0.477937252,0.031023798,0.055187277
6.538500000000000,0.029604391,0.055951329,0.876084769,-0.477983822,0.876084769,-0.477983822,0.031025652,0.055175837
6.539000000000001,0.0295996,0.055943469,0.87605996,-0.478030508,0.87605996,-0.478030508,0.031027481,0.055164267
6.539500000000000,0.029594725,0.05593551,0.876035092,-0.478077312,0.876035092,-0.478077312,0.031029285,0.055152565
6.540000000000000,0.029589765,0.05592745,0.876010164,-0.478124237,0.876010164,-0.478124237,0.031031063,0.055140728
6.540500000000001,0.029584718,0.055919289,0.875985176,-0.478171283,0.875985176,-0.478171283,0.031032815,0.055128755
6.541000000000000,0.029579583,0.055911025,0.875960127,-0.478218453,0.875960127,-0.478218453,0.031034541,0.055116644
6.541500000000000,0.02957436,0.055902656,0.875935016,-0.478265748,0.875935016,-0.478265748,0.031036241,0.055104393
6.542000000000001,0.029569046,0.055894181,0.875909842,-0.47831317,0.875909842,-0.47831317,0.031037913,0.055092001
6.542500000000000,0.029563641,0.055885598,0.875884604,-0.47836072,0.875884604,-0.47836072,0.031039558,0.055079466
6.543000000000000,0.029558143,0.055876907,0.875859302,-0.478408401,0.875859302,-0.478408401,0.031041175,0.055066784
6.543500000000001,0.029552552,0.055868105,0.875833934,-0.478456214,0.875833934,-0.478456214,0.031042763,0.055053955
6.544000000000000,0.029546865,0.055859192,0.875808501,-0.47850416,0.875808501,-0.47850416,0.031044324,0.055040977
6.544500000000000,0.029541081,0.055850165,0.875782999,-0.478552243,0.875782999,-0.478552243,0.031045855,0.055027847
6.545000000000001,0.029535199,0.055841022,0.87575743,-0.478600463,0.87575743,-0.478600463,0.031047356,0.055014562
6.545500000000001,0.029529218,0.055831764,0.875731792,-0.478648824,0.875731792,-0.478648824,0.031048828,0.055001122
6.546000000000000,0.029523137,0.055822386,0.875706083,-0.478697326,0.875706083,-0.478697326,0.031050269,0.054987524
6.546500000000000,0.029516953,0.055812889,0.875680303,-0.478745971,0.875680303,-0.478745971,0.031051679,0.054973765
6.547000000000001,0.029510665,0.05580327,0.875654452,-0.478794763,0.875654452,-0.478794763,0.031053059,0.054959844
6.547500000000000,0.029504272,0.055793528,0.875628527,-0.478843702,0.875628527,-0.478843702,0.031054406,0.054945757
6.548000000000000,0.029497772,0.05578366,0.875602528,-0.478892792,0.875602528,-0.478892792,0.031055722,0.054931503
6.548500000000001,0.029491164,0.055773665,0.875576453,-0.478942034,0.875576453,-0.478942034,0.031057004,0.054917079
6.549000000000000,0.029484446,0.055763541,0.875550303,-0.47899143,0.875550303,-0.47899143,0.031058254,0.054902482
6.549500000000000,0.029477616,0.055753287,0.875524075,-0.479040983,0.875524075,-0.479040983,0.03105947,0.05488771
6.550000000000001,0.029470673,0.0557429,0.875497768,-0.479090695,0.875497768,-0.479090695,0.031060652,0.054872761
6.550500000000000,0.029463616,0.055732378,0.875471382,-0.479140569,0.875471382,-0.479140569,0.031061799,0.054857632
6.551000000000000,0.029456441,0.055721719,0.875444914,-0.479190607,0.875444914,-0.479190607,0.03106291,0.05484232
6.551500000000001,0.029449149,0.055710922,0.875418365,-0.479240811,0.875418365,-0.479240811,0.031063987,0.054826823
6.552000000000000,0.029441736,0.055699984,0.875391732,-0.479291183,0.875391732,-0.479291183,0.031065026,0.054811137
6.552500000000000,0.029434201,0.055688903,0.875365015,-0.479341728,0.875365015,-0.479341728,0.031066029,0.05479526
6.553000000000001,0.029426542,0.055677677,0.875338212,-0.479392446,0.875338212,-0.479392446,0.031066995,0.054779189
6.553500000000001,0.029418757,0.055666303,0.875311322,-0.479443341,0.875311322,-0.479443341,0.031067922,0.05476292
6.554000000000000,0.029410845,0.055654781,0.875284343,-0.479494415,0.875284343,-0.479494415,0.031068811,0.054746452
6.554500000000000,0.029402803,0.055643106,0.875257274,-0.479545672,0.875257274,-0.479545672,0.031069661,0.054729781
6.555000000000001,0.029394629,0.055631277,0.875230115,-0.479597113,0.875230115,-0.479597113,0.03107047,0.054712903
6.555500000000000,0.029386321,0.055619291,0.875202862,-0.479648743,0.875202862,-0.479648743,0.031071239,0.054695816
6.556000000000000,0.029377878,0.055607147,0.875175516,-0.479700563,0.875175516,-0.479700563,0.031071967,0.054678516
6.556500000000001,0.029369296,0.055594841,0.875148073,-0.479752577,0.875148073,-0.479752577,0.031072653,0.054661
6.557000000000000,0.029360574,0.055582371,0.875120534,-0.479804788,0.875120534,-0.479804788,0.031073297,0.054643264
6.557500000000000,0.029351709,0.055569734,0.875092896,-0.4798572,0.875092896,-0.4798572,0.031073897,0.054625305
6.558000000000001,0.0293427,0.055556928,0.875065158,-0.479909814,0.875065158,-0.479909814,0.031074454,0.05460712
6.558500000000000,0.029333543,0.05554395,0.875037319,-0.479962636,0.875037319,-0.479962636,0.031074966,0.054588704
6.559000000000000,0.029324237,0.055530797,0.875009375,-0.480015667,0.875009375,-0.480015667,0.031075432,0.054570054
6.559500000000001,0.029314779,0.055517467,0.874981327,-0.480068911,0.874981327,-0.480068911,0.031075852,0.054551167
6.560000000000000,0.029305166,0.055503956,0.874953172,-0.480122373,0.874953172,-0.480122373,0.031076226,0.054532038
6.560500000000000,0.029295396,0.055490262,0.874924908,-0.480176055,0.874924908,-0.480176055,0.031076551,0.054512663
6.561000000000001,0.029285466,0.055476381,0.874896534,-0.48022996,0.874896534,-0.48022996,0.031076828,0.054493038
6.561500000000001,0.029275374,0.05546231,0.874868048,-0.480284094,0.874868048,-0.480284094,0.031077056,0.05447316
6.562000000000000,0.029265117,0.055448047,0.874839447,-0.48033846,0.874839447,-0.48033846,0.031077233,0.054453024
6.562500000000000,0.029254692,0.055433588,0.874810731,-0.480393061,0.874810731,-0.480393061,0.031077359,0.054432625
6.563000000000001,0.029244096,0.055418929,0.874781897,-0.480447901,0.874781897,-0.480447901,0.031077434,0.054411959
6.563500000000000,0.029233326,0.055404068,0.874752943,-0.480502985,0.874752943,-0.480502985,0.031077455,0.054391022
6.564000000000000,0.02922238,0.055389,0.874723867,-0.480558317,0.874723867,-0.480558317,0.031077423,0.054369809
6.564500000000001,0.029211253,0.055373724,0.874694666,-0.480613901,0.874694666,-0.480613901,0.031077336,0.054348315
6.565000000000000,0.029199944,0.055358233,0.87466534,-0.480669741,0.87466534,-0.480669741,0.031077193,0.054326535
6.565500000000000,0.029188449,0.055342526,0.874635885,-0.480725843,0.874635885,-0.480725843,0.031076993,0.054304465
6.566000000000001,0.029176764,0.055326598,0.874606299,-0.480782209,0.874606299,-0.480782209,0.031076736,0.054282099
6.566500000000000,0.029164887,0.055310446,0.874576581,-0.480838846,0.874576581,-0.480838846,0.03107642,0.054259432
6.567000000000000,0.029152813,0.055294065,0.874546727,-0.480895758,0.874546727,-0.480895758,0.031076044,0.054236459
6.567500000000001,0.029140539,0.055277451,0.874516735,-0.48095295,0.874516735,-0.48095295,0.031075606,0.054213175
6.568000000000001,0.029128063,0.055260601,0.874486603,-0.481010426,0.874486603,-0.481010426,0.031075107,0.054189573
6.568500000000000,0.029115379,0.05524351,0.874456329,-0.481068193,0.874456329,-0.481068193,0.031074545,0.054165648
6.569000000000001,0.029102484,0.055226173,0.874425909,-0.481126254,0.874425909,-0.481126254,0.031073918,0.054141395
6.569500000000001,0.029089375,0.055208586,0.874395341,-0.481184617,0.874395341,-0.481184617,0.031073225,0.054116806
6.570000000000000,0.029076046,0.055190746,0.874364622,-0.481243286,0.874364622,-0.481243286,0.031072466,0.054091877
6.570500000000000,0.029062496,0.055172646,0.87433375,-0.481302266,0.87433375,-0.481302266,0.031071638,0.0540666
6.571000000000001,0.029048718,0.055154282,0.874302722,-0.481361564,0.874302722,-0.481361564,0.031070741,0.05404097
6.571500000000000,0.029034709,0.055135649,0.874271534,-0.481421186,0.874271534,-0.481421186,0.031069773,0.054014979
6.572000000000000,0.029020464,0.055116743,0.874240184,-0.481481137,0.874240184,-0.481481137,0.031068733,0.053988622
6.572500000000001,0.02900598,0.055097557,0.874208669,-0.481541425,0.874208669,-0.481541425,0.03106762,0.05396189
6.573000000000000,0.02899125,0.055078087,0.874176985,-0.481602054,0.874176985,-0.481602054,0.031066431,0.053934777
6.573500000000000,0.028976271,0.055058328,0.874145129,-0.481663033,0.874145129,-0.481663033,0.031065166,0.053907276
6.574000000000001,0.028961038,0.055038273,0.874113098,-0.481724367,0.874113098,-0.481724367,0.031063823,0.053879379
6.574500000000000,0.028945546,0.055017917,0.874080889,-0.481786064,0.874080889,-0.481786064,0.0310624,0.053851078
6.575000000000000,0.02892979,0.054997255,0.874048498,-0.48184813,0.874048498,-0.48184813,0.031060896,0.053822365
6.575500000000001,0.028913763,0.054976279,0.874015921,-0.481910574,0.874015921,-0.481910574,0.031059309,0.053793233
6.576000000000001,0.028897462,0.054954985,0.873983154,-0.481973401,0.873983154,-0.481973401,0.031057638,0.053763674
6.576500000000000,0.02888088,0.054933365,0.873950195,-0.482036621,0.873950195,-0.482036621,0.03105588,0.053733677
6.577000000000001,0.028864012,0.054911413,0.873917039,-0.482100241,0.873917039,-0.482100241,0.031054034,0.053703236
6.577500000000001,0.028846852,0.054889123,0.873883681,-0.482164269,0.873883681,-0.482164269,0.031052099,0.05367234
6.578000000000000,0.028829394,0.054866487,0.873850119,-0.482228713,0.873850119,-0.482228713,0.031050071,0.05364098
6.578500000000000,0.028811632,0.054843499,0.873816347,-0.482293583,0.873816347,-0.482293583,0.03104795,0.053609148
6.579000000000001,0.028793559,0.054820151,0.873782362,-0.482358885,0.873782362,-0.482358885,0.031045733,0.053576833
6.579500000000000,0.028775169,0.054796436,0.873748158,-0.482424631,0.873748158,-0.482424631,0.031043419,0.053544026
6.580000000000000,0.028756456,0.054772346,0.873713732,-0.482490828,0.873713732,-0.482490828,0.031041005,0.053510715
6.580500000000001,0.028737412,0.054747873,0.873679078,-0.482557487,0.873679078,-0.482557487,0.031038488,0.053476891
6.581000000000000,0.02871803,0.05472301,0.873644192,-0.482624617,0.873644192,-0.482624617,0.031035867,0.053442542
6.581500000000000,0.028698304,0.054697748,0.873609068,-0.482692228,0.873609068,-0.482692228,0.03103314,0.053407657
6.582000000000001,0.028678225,0.054672078,0.873573702,-0.482760331,0.873573702,-0.482760331,0.031030304,0.053372226
6.582500000000000,0.028657786,0.054645991,0.873538089,-0.482828937,0.873538089,-0.482828937,0.031027357,0.053336235
6.583000000000000,0.028636979,0.054619479,0.873502222,-0.482898055,0.873502222,-0.482898055,0.031024295,0.053299673
6.583500000000001,0.028615795,0.054592532,0.873466096,-0.482967699,0.873466096,-0.482967699,0.031021117,0.053262527
6.584000000000001,0.028594227,0.054565141,0.873429706,-0.483037878,0.873429706,-0.483037878,0.03101782,0.053224784
6.584500000000000,0.028572266,0.054537296,0.873393046,-0.483108605,0.873393046,-0.483108605,0.031014402,0.053186431
6.585000000000001,0.028549903,0.054508986,0.873356108,-0.483179893,0.873356108,-0.483179893,0.031010858,0.053147454
6.585500000000001,0.028527128,0.054480201,0.873318888,-0.483251755,0.873318888,-0.483251755,0.031007187,0.05310784
6.586000000000000,0.028503933,0.054450931,0.873281378,-0.483324202,0.873281378,-0.483324202,0.031003385,0.053067573
6.586500000000000,0.028480307,0.054421163,0.873243572,-0.483397249,0.873243572,-0.483397249,0.03099945,0.053026638
6.587000000000001,0.02845624,0.054390888,0.873205463,-0.48347091,0.873205463,-0.48347091,0.030995378,0.05298502
6.587500000000000,0.028431722,0.054360092,0.873167044,-0.483545198,0.873167044,-0.483545198,0.030991165,0.052942704
6.588000000000000,0.028406742,0.054328764,0.873128307,-0.48362013,0.873128307,-0.48362013,0.030986809,0.052899672
6.588500000000001,0.02838129,0.054296891,0.873089244,-0.483695719,0.873089244,-0.483695719,0.030982306,0.052855908
6.589000000000000,0.028355353,0.05426446,0.873049849,-0.483771982,0.873049849,-0.483771982,0.030977652,0.052811393
6.589500000000000,0.02832892,0.054231458,0.873010112,-0.483848935,0.873010112,-0.483848935,0.030972843,0.052766111
6.590000000000001,0.028301979,0.054197871,0.872970026,-0.483926595,0.872970026,-0.483926595,0.030967876,0.052720043
6.590500000000000,0.028274518,0.054163684,0.872929582,-0.484004978,0.872929582,-0.484004978,0.030962747,0.052673168
6.591000000000000,0.028246522,0.054128884,0.87288877,-0.484084104,0.87288877,-0.484084104,0.030957451,0.052625468
6.591500000000001,0.02821798,0.054093454,0.872847582,-0.48416399,0.872847582,-0.48416399,0.030951984,0.052576921
6.592000000000001,0.028188876,0.054057379,0.872806008,-0.484244655,0.872806008,-0.484244655,0.030946341,0.052527506
6.592500000000000,0.028159197,0.054020642,0.872764038,-0.484326119,0.872764038,-0.484326119,0.030940519,0.052477202
6.593000000000000,0.028128928,0.053983228,0.872721661,-0.484408403,0.872721661,-0.484408403,0.030934512,0.052425986
6.593500000000001,0.028098053,0.053945117,0.872678869,-0.484491528,0.872678869,-0.484491528,0.030928316,0.052373834
6.594000000000000,0.028066557,0.053906294,0.872635648,-0.484575515,0.872635648,-0.484575515,0.030921925,0.052320722
6.594500000000000,0.028034423,0.053866738,0.872591989,-0.484660387,0.872591989,-0.484660387,0.030915334,0.052266624
6.595000000000001,0.028001634,0.053826431,0.872547879,-0.484746168,0.872547879,-0.484746168,0.030908537,0.052211515
6.595500000000000,0.027968173,0.053785352,0.872503306,-0.484832881,0.872503306,-0.484832881,0.030901529,0.052155368
6.596000000000000,0.02793402,0.053743481,0.872458257,-0.484920552,0.872458257,-0.484920552,0.030894304,0.052098154
6.596500000000001,0.027899158,0.053700797,0.87241272,-0.485009207,0.87241272,-0.485009207,0.030886856,0.052039845
6.597000000000000,0.027863566,0.053657277,0.87236668,-0.485098873,0.87236668,-0.485098873,0.030879179,0.051980411
6.597500000000000,0.027827224,0.053612898,0.872320124,-0.485189577,0.872320124,-0.485189577,0.030871265,0.05191982
6.598000000000001,0.027790112,0.053567637,0.872273038,-0.485281349,0.872273038,-0.485281349,0.030863109,0.051858041
6.598500000000000,0.027752206,0.053521468,0.872225405,-0.485374218,0.872225405,-0.485374218,0.030854702,0.051795039
6.599000000000000,0.027713484,0.053474366,0.872177211,-0.485468216,0.872177211,-0.485468216,0.030846038,0.05173078
6.599500000000001,0.027673924,0.053426305,0.872128438,-0.485563376,0.872128438,-0.485563376,0.030837109,0.051665228
6.600000000000001,0.027633499,0.053377256,0.87207907,-0.48565973,0.87207907,-0.48565973,0.030827907,0.051598346
6.600500000000000,0.027592184,0.053327191,0.87202909,-0.485757314,0.87202909,-0.485757314,0.030818423,0.051530094
6.601000000000000,0.027549953,0.05327608,0.871978478,-0.485856165,0.871978478,-0.485856165,0.030808649,0.051460431
6.601500000000001,0.027506778,0.053223892,0.871927216,-0.485956319,0.871927216,-0.485956319,0.030798577,0.051389317
6.602000000000000,0.027462631,0.053170594,0.871875283,-0.486057817,0.871875283,-0.486057817,0.030788196,0.051316706
6.602500000000000,0.027417481,0.053116153,0.871822659,-0.486160698,0.871822659,-0.486160698,0.030777496,0.051242553
6.603000000000001,0.027371297,0.053060534,0.871769323,-0.486265007,0.871769323,-0.486265007,0.030766469,0.051166812
6.603500000000000,0.027324047,0.053003701,0.871715252,-0.486370786,0.871715252,-0.486370786,0.030755102,0.051089431
6.604000000000000,0.027275696,0.052945614,0.871660422,-0.486478082,0.871660422,-0.486478082,0.030743385,0.051010361
6.604500000000001,0.02722621,0.052886236,0.871604808,-0.486586944,0.871604808,-0.486586944,0.030731306,0.050929547
6.605000000000000,0.027175551,0.052825524,0.871548386,-0.486697421,0.871548386,-0.486697421,0.030718853,0.050846933
6.605500000000000,0.027123681,0.052763436,0.871491129,-0.486809566,0.871491129,-0.486809566,0.030706014,0.05076246
6.606000000000001,0.02707056,0.052699926,0.871433008,-0.486923433,0.871433008,-0.486923433,0.030692776,0.050676069
6.606500000000000,0.027016146,0.052634948,0.871373995,-0.487039079,0.871373995,-0.487039079,0.030679124,0.050587694
6.607000000000000,0.026960395,0.052568452,0.871314059,-0.487156565,0.871314059,-0.487156565,0.030665043,0.05049727
6.607500000000001,0.02690326,0.052500388,0.871253169,-0.487275952,0.871253169,-0.487275952,0.03065052,0.050404727
6.608000000000001,0.026844695,0.052430703,0.87119129,-0.487397305,0.87119129,-0.487397305,0.030635537,0.050309993
6.608500000000000,0.026784648,0.052359339,0.871128388,-0.487520693,0.871128388,-0.487520693,0.030620079,0.05021299
6.609000000000000,0.026723067,0.052286238,0.871064427,-0.487646186,0.871064427,-0.487646186,0.030604128,0.05011364
6.609500000000001,0.026659897,0.05221134,0.870999367,-0.48777386,0.870999367,-0.48777386,0.030587665,0.05001186
6.610000000000000,0.026595081,0.05213458,0.87093317,-0.487903793,0.87093317,-0.487903793,0.030570672,0.049907561
6.610500000000000,0.026528556,0.05205589,0.870865792,-0.488036066,0.870865792,-0.488036066,0.030553128,0.049800652
6.611000000000001,0.02646026,0.0519752,0.870797189,-0.488170766,0.870797189,-0.488170766,0.030535011,0.049691037
6.611500000000000,0.026390125,0.051892436,0.870727315,-0.488307984,0.870727315,-0.488307984,0.0305163,0.049578615
6.612000000000000,0.026318082,0.05180752,0.870656121,-0.488447813,0.870656121,-0.488447813,0.030496971,0.049463279
6.612500000000001,0.026244056,0.05172037,0.870583554,-0.488590354,0.870583554,-0.488590354,0.030476999,0.04934492
6.613000000000000,0.026167969,0.0516309,0.870509562,-0.488735711,0.870509562,-0.488735711,0.030456358,0.049223418
6.613500000000000,0.02608974,0.05153902,0.870434086,-0.488883995,0.870434086,-0.488883995,0.030435021,0.049098651
6.614000000000001,0.026009281,0.051444634,0.870357067,-0.489035322,0.870357067,-0.489035322,0.030412958,0.04897049
6.614500000000000,0.025926503,0.051347642,0.870278441,-0.489189814,0.870278441,-0.489189814,0.030390139,0.048838796
6.615000000000000,0.025841308,0.051247939,0.87019814,-0.489347601,0.87019814,-0.489347601,0.030366531,0.048703427
6.615500000000001,0.025753596,0.051145412,0.870116095,-0.489508817,0.870116095,-0.489508817,0.0303421,0.048564229
6.616000000000001,0.025663258,0.051039945,0.870032229,-0.489673608,0.870032229,-0.489673608,0.030316809,0.048421042
6.616500000000000,0.025570182,0.050931412,0.869946464,-0.489842124,0.869946464,-0.489842124,0.03029062,0.048273695
6.617000000000000,0.025474248,0.050819683,0.869858716,-0.490014526,0.869858716,-0.490014526,0.030263493,0.04812201
6.617500000000001,0.025375327,0.050704618,0.869768895,-0.490190984,0.869768895,-0.490190984,0.030235382,0.047965796
6.618000000000000,0.025273286,0.050586069,0.869676907,-0.490371679,0.869676907,-0.490371679,0.030206244,0.04780485
6.618500000000000,0.025167981,0.050463882,0.869582653,-0.4905568,0.869582653,-0.4905568,0.030176028,0.047638961
6.619000000000001,0.025059261,0.05033789,0.869486025,-0.490746551,0.869486025,-0.490746551,0.030144682,0.0474679
6.619500000000000,0.024946962,0.050207917,0.86938691,-0.490941145,0.86938691,-0.490941145,0.030112151,0.047291427
6.620000000000000,0.024830915,0.050073777,0.869285187,-0.491140812,0.869285187,-0.491140812,0.030078375,0.047109287
6.620500000000001,0.024710935,0.049935271,0.869180729,-0.491345794,0.869180729,-0.491345794,0.030043292,0.046921206
6.621000000000000,0.024586827,0.049792188,0.869073397,-0.49155635,0.869073397,-0.49155635,0.030006833,0.046726895
6.621500000000000,0.024458383,0.049644302,0.868963046,-0.491772756,0.868963046,-0.491772756,0.029968926,0.046526043
6.622000000000001,0.024325381,0.049491373,0.868849518,-0.491995306,0.868849518,-0.491995306,0.029929493,0.046318322
6.622500000000000,0.024187581,0.049333145,0.868732646,-0.492224315,0.868732646,-0.492224315,0.029888452,0.046103378
6.623000000000000,0.02404473,0.049169342,0.868612251,-0.492460118,0.868612251,-0.492460118,0.029845713,0.045880834
6.623500000000001,0.023896553,0.048999672,0.86848814,-0.492703075,0.86848814,-0.492703075,0.02980118,0.045650286
6.624000000000001,0.023742757,0.04882382,0.868360105,-0.492953572,0.868360105,-0.492953572,0.029754749,0.045411301
6.624500000000000,0.023583026,0.048641447,0.868227924,-0.493212024,0.868227924,-0.493212024,0.02970631,0.045163413
6.625000000000000,0.023417022,0.048452193,0.868091358,-0.493478874,0.868091358,-0.493478874,0.029655741,0.044906122
6.625500000000001,0.023244378,0.048255667,0.867950147,-0.493754602,0.867950147,-0.493754602,0.029602914,0.044638891
6.626000000000000,0.023064699,0.048051448,0.867804012,-0.494039723,0.867804012,-0.494039723,0.029547686,0.04436114
6.626500000000000,0.022877558,0.047839085,0.867652651,-0.494334793,0.867652651,-0.494334793,0.029489906,0.044072243
6.627000000000001,0.022682493,0.047618088,0.867495736,-0.494640414,0.867495736,-0.494640414,0.029429406,0.043771523
6.627500000000000,0.022479004,0.047387927,0.867332912,-0.494957236,0.867332912,-0.494957236,0.029366008,0.043458249
6.628000000000000,0.022266545,0.047148031,0.867163792,-0.495285964,0.867163792,-0.495285964,0.029299514,0.043131625
6.628500000000001,0.022044525,0.046897777,0.866987956,-0.495627364,0.866987956,-0.495627364,0.029229708,0.04279079
6.629000000000000,0.021812299,0.046636488,0.866804944,-0.495982269,0.866804944,-0.495982269,0.029156356,0.042434805
6.629500000000000,0.021569161,0.04636343,0.866614254,-0.496351585,0.866614254,-0.496351585,0.0290792,0.042062647
6.630000000000001,0.021314342,0.046077798,0.866415336,-0.496736304,0.866415336,-0.496736304,0.028997955,0.0416732
6.630500000000001,0.021046994,0.045778716,0.866207588,-0.497137507,0.866207588,-0.497137507,0.028912311,0.04126524
6.631000000000000,0.02076619,0.045465221,0.865990344,-0.497556382,0.865990344,-0.497556382,0.028821922,0.040837429
6.631500000000001,0.020470907,0.045136259,0.865762872,-0.497994233,0.865762872,-0.497994233,0.028726406,0.040388292
6.632000000000001,0.020160015,0.044790668,0.865524364,-0.498452495,0.865524364,-0.498452495,0.02862534,0.039916208
6.632500000000000,0.019832263,0.044427171,0.865273921,-0.498932751,0.865273921,-0.498932751,0.028518254,0.039419386
6.633000000000000,0.019486267,0.044044351,0.865010548,-0.499436754,0.865010548,-0.499436754,0.028404623,0.038895845
6.633500000000001,0.019120481,0.043640642,0.864733133,-0.499966444,0.864733133,-0.499966444,0.028283857,0.038343383
6.634000000000000,0.018733184,0.043214303,0.864440434,-0.500523984,0.864440434,-0.500523984,0.028155297,0.037759554
6.634500000000000,0.018322448,0.042763394,0.86413106,-0.501111782,0.86413106,-0.501111782,0.028018199,0.037141627
6.635000000000001,0.017886108,0.042285746,0.863803445,-0.501732534,0.863803445,-0.501732534,0.027871723,0.036486541
6.635500000000000,0.017421724,0.04177893,0.86345582,-0.502389264,0.86345582,-0.502389264,0.027714915,0.035790863
6.636000000000000,0.016926535,0.04124021,0.86308618,-0.503085381,0.86308618,-0.503085381,0.027546687,0.035050721
6.636500000000001,0.016397408,0.040666501,0.862692246,-0.503824735,0.862692246,-0.503824735,0.027365797,0.034261733
6.637000000000000,0.015830769,0.040054305,0.862271411,-0.504611695,0.862271411,-0.504611695,0.027170814,0.033418924
6.637500000000000,0.015222521,0.039399644,0.861820685,-0.505451242,0.861820685,-0.505451242,0.026960087,0.032516621
6.638000000000001,0.014567953,0.038697972,0.861336615,-0.506349073,0.861336615,-0.506349073,0.026731696,0.031548323
6.638500000000001,0.01386161,0.037944072,0.860815198,-0.50731174,0.860815198,-0.50731174,0.0264834,0.030506545
6.639000000000000,0.013097148,0.037131928,0.860251767,-0.508346818,0.860251767,-0.508346818,0.026212563,0.029382629
6.639500000000001,0.012267136,0.036254565,0.859640841,-0.509463108,0.859640841,-0.509463108,0.025916062,0.028166498
6.640000000000001,0.011362816,0.035303854,0.858975946,-0.5106709,0.858975946,-0.5106709,0.025590171,0.026846358
6.640500000000000,0.01037378,0.034270267,0.858249376,-0.511982306,0.858249376,-0.511982306,0.025230392,0.02540831
6.641000000000000,0.009287544,0.033142575,0.857451881,-0.513411688,0.857451881,-0.513411688,0.024831232,0.023835861
6.641500000000001,0.008088953,0.031907486,0.856572061,-0.514976095,0.856572061,-0.514976095,0.024385846,0.022109301
6.642000000000000,0.006759253,0.030549296,0.855594485,-0.516695164,0.855594485,-0.516695164,0.023885369,0.020204946
6.642500000000000,0.005274605,0.029050491,0.854501026,-0.518592813,0.854501026,-0.518592813,0.023317306,0.018094815
6.643000000000001,0.003607301,0.02739866,0.85326766,-0.52068845,0.85326766,-0.52068845,0.022663071,0.015753576
6.643500000000000,0.001768366,0.02555979,0.851914068,-0.523012682,0.851914068,-0.523012682,0.021949982,0.013156222
6.644000000000000,-3.42E-04,0.023441849,0.850360006,-0.525678419,0.850360006,-0.525678419,0.021134843,0.010168884
6.644500000000001,-2.78E-03,0.02105945,0.848549246,-0.528688885,0.848549246,-0.528688885,0.020158475,0.006775176
6.645000000000000,-5.61E-03,0.018349752,0.846448771,-0.532123116,0.846448771,-0.532123116,0.019003692,0.002890376
6.645500000000000,-8.91E-03,0.015240724,0.843983745,-0.536076851,0.843983745,-0.536076851,0.017621554,-1.60E-03
6.646000000000001,-0.012778357,0.011701346,0.841093305,-0.540612472,0.841093305,-0.540612472,0.01595139,-6.76E-03
6.646129289171059,-0.013937366,0.010641969,0.840219126,-0.541963157,0.840219126,-0.541963157,0.01545017,-8.31E-03
6.646255615837769,-0.015120416,0.009568524,0.839325595,-0.543334027,0.839325595,-0.543334027,0.014934501,-9.88E-03
6.646379047882319,-0.016332014,0.008477127,0.838409159,-0.544730003,0.838409159,-0.544730003,0.014402307,-0.011485058
6.646499651631461,-0.017574225,0.007366385,0.837468147,-0.546152996,0.837468147,-0.546152996,0.013852441,-0.013120392
6.646500000000001,-0.017577902,0.00736311,0.83746536,-0.546157196,0.83746536,-0.546157196,0.013850808,-0.013125221
6.646617491892151,-0.018848499,0.006235486,0.836501329,-0.547604179,0.836501329,-0.547604179,0.013284016,-0.014790256
6.646732631986370,-0.020156053,0.005083825,0.835507627,-0.549084443,0.835507627,-0.549084443,0.012696243,-0.016495814
6.646845133785153,-0.021498008,0.003910908,0.83448602,-0.550594545,0.83448602,-0.550594545,0.012088365,-0.018238084
6.646955057741837,-0.022875449,0.002716311,0.833435508,-0.552135163,0.833435508,-0.552135163,0.011459622,-0.020018001
6.647000000000000,-0.023458635,0.002213346,0.832990155,-0.552784601,0.832990155,-0.552784601,0.011191983,-0.020769055
6.647062462924543,-0.024289452,0.001499661,0.832355092,-0.553706924,0.832355092,-0.553706924,0.010809238,-0.02183645
6.647167407047918,-0.025741093,2.6061928839e-4,0.831243764,-0.555310423,0.831243764,-0.555310423,0.010136414,-0.023694285
6.647269946504147,-0.027231468,-1.00E-03,0.830100496,-0.556946233,0.830100496,-0.556946233,0.009440322,-0.025592343
6.647370136393259,-0.02876169,-2.29E-03,0.828924236,-0.55861491,0.828924236,-0.55861491,0.008720103,-0.027531447
6.647468030552730,-0.0303329,-3.59E-03,0.827713908,-0.560316994,0.827713908,-0.560316994,0.007974863,-0.029512412
6.647500000000001,-0.030863255,-4.03E-03,0.82730478,-0.560888972,0.82730478,-0.560888972,0.007722015,-0.030178798
6.647563681586417,-0.031946266,-4.93E-03,0.826468402,-0.562053015,0.826468402,-0.562053015,0.007203672,-0.031536049
6.647657140892824,-0.033602987,-6.28E-03,0.825186582,-0.563823491,0.825186582,-0.563823491,0.00640556,-0.033603165
6.647748458692721,-0.03530429,-7.66E-03,0.823867273,-0.565628927,0.823867273,-0.565628927,0.00557952,-0.03571456
6.647837684056126,-0.037051438,-9.06E-03,0.822509269,-0.567469817,0.822509269,-0.567469817,0.004724506,-0.037871034
6.647924864928683,-0.038845725,-0.010489726,0.821111326,-0.569346643,0.821111326,-0.569346643,0.003839426,-0.040073383
6.648000000000001,-0.040466285,-0.011767058,0.819845878,-0.571029944,0.819845878,-0.571029944,0.003034021,-0.042051902
6.648010048157415,-0.040688479,-0.01194133,0.819672162,-0.571259874,0.819672162,-0.571259874,0.002923151,-0.042322398
6.648093279515906,-0.042581063,-0.013417365,0.818190457,-0.573209963,0.818190457,-0.573209963,0.001974505,-0.044618867
6.648174603728891,-0.044524876,-0.014917908,0.816664847,-0.575197351,0.816664847,-0.575197351,9.9226785773e-4,-0.046963574
6.648254064496293,-0.046521353,-0.016443007,0.815093931,-0.577222459,0.815093931,-0.577222459,-2.48E-05,-0.049357296
6.648331704516707,-0.048571966,-0.017992683,0.813476262,-0.579285693,0.813476262,-0.579285693,-1.08E-03,-0.051800805
6.648407565510337,-0.050678224,-0.019566927,0.811810347,-0.581387437,0.811810347,-0.581387437,-2.17E-03,-0.054294863
6.648481688241422,-0.052841675,-0.021165698,0.810094651,-0.583528055,0.810094651,-0.583528055,-3.30E-03,-0.056840226
6.648500000000000,-0.053393114,-0.02157028,0.809656609,-0.584070754,0.809656609,-0.584070754,-3.59E-03,-0.057486372
6.648554112540138,-0.055063908,-0.022788921,0.808327591,-0.585707888,0.808327591,-0.585707888,-4.47E-03,-0.059437635
6.648624877323999,-0.057346547,-0.024436487,0.806507534,-0.587927252,0.806507534,-0.587927252,-5.68E-03,-0.062087824
6.648694020618773,-0.05969126,-0.026108249,0.804632801,-0.590186435,0.804632801,-0.590186435,-6.94E-03,-0.064791507
6.648761579578913,-0.06209975,-0.027804028,0.802701661,-0.592485695,0.802701661,-0.592485695,-8.24E-03,-0.067549388
6.648827590507524,-0.064573723,-0.029523633,0.800712332,-0.594825258,0.800712332,-0.594825258,-9.58E-03,-0.070362146
6.648892088875868,-0.067114832,-0.031266417,0.798662981,-0.597205315,0.798662981,-0.597205315,-0.010981077,-0.073230444
6.648955109342427,-0.069725483,-0.033032532,0.796551722,-0.59962602,0.796551722,-0.59962602,-0.012427671,-0.076154921
6.649000000000000,-0.071667059,-0.034330372,0.794977467,-0.601410777,0.794977467,-0.601410777,-0.013511641,-0.078315812
6.649016685771524,-0.072407007,-0.034821481,0.794376613,-0.602087485,0.794376613,-0.602087485,-0.013926547,-0.079136189
6.649076851251527,-0.075161431,-0.036632756,0.792135661,-0.604589779,0.792135661,-0.604589779,-0.01547965,-0.08217483
6.649135638112619,-0.077990724,-0.038465865,0.789826814,-0.607132924,0.789826814,-0.607132924,-0.017088987,-0.085271395
6.649193077944178,-0.08089688,-0.040320254,0.787447968,-0.609716889,0.787447968,-0.609716889,-0.018756638,-0.088426399
6.649249201611751,-0.083881933,-0.0421953,0.784996961,-0.612341593,0.784996961,-0.612341593,-0.020484749,-0.09164032
6.649304039273638,-0.086947953,-0.044090309,0.782471573,-0.615006891,0.782471573,-0.615006891,-0.022275538,-0.094913592
6.649357620397095,-0.09009705,-0.046004514,0.77986953,-0.617712579,0.77986953,-0.617712579,-0.024131295,-0.0982466
6.649409973774176,-0.09333137,-0.04793707,0.777188499,-0.620458386,0.777188499,-0.620458386,-0.026054384,-0.101639682
6.649461127537198,-0.096653095,-0.049887051,0.774426091,-0.62324397,0.774426091,-0.62324397,-0.028047243,-0.105093119
6.649500000000001,-0.099291444,-0.051411054,0.772225626,-0.625431941,0.772225626,-0.625431941,-0.0296428,-0.10781374
6.649511109173861,-0.100064442,-0.051853443,0.771579862,-0.62606891,0.771579862,-0.62606891,-0.030112384,-0.108607131
6.649559945542016,-0.103567661,-0.053835143,0.76864731,-0.628932708,0.76864731,-0.628932708,-0.032252396,-0.112181875
6.649607662884101,-0.107165031,-0.05583095,0.765625878,-0.631834778,0.765625878,-0.631834778,-0.034469944,-0.115817436
6.649654286841240,-0.110858862,-0.057839566,0.762512957,-0.634774443,0.762512957,-0.634774443,-0.036767772,-0.119513824
6.649699842467019,-0.114651488,-0.059859586,0.759305883,-0.637750932,0.759305883,-0.637750932,-0.039148698,-0.12327097
6.649744354240955,-0.118545268,-0.061889493,0.756001941,-0.640763367,0.756001941,-0.640763367,-0.041615619,-0.127088713
6.649787846081646,-0.12254258,-0.063927659,0.752598365,-0.643810764,0.752598365,-0.643810764,-0.044171509,-0.130966802
6.649830341359622,-0.126645818,-0.065972331,0.749092299,-0.646891988,0.749092299,-0.646891988,-0.046819416,-0.134904876
6.649871862909910,-0.130857391,-0.068021633,0.74548093,-0.650005855,0.74548093,-0.650005855,-0.049562468,-0.138902485
6.649912433044295,-0.135179713,-0.070073558,0.74176136,-0.65315102,0.74176136,-0.65315102,-0.052403865,-0.142959057
6.649952073563318,-0.139615107,-0.072125914,0.737930143,-0.65632555,0.737930143,-0.65632555,-0.055346878,-0.1470739
6.649990805767986,-0.144166025,-0.074176435,0.733984546,-0.659528026,0.733984546,-0.659528026,-0.058394849,-0.15124619
6.650000000000000,-0.145279527,-0.07466971,0.733016971,-0.660303273,0.733016971,-0.660303273,-0.059144931,-0.152259453
6.650028650471221,-0.14883492,-0.076222714,0.729921834,-0.662756917,0.729921834,-0.662756917,-0.061551187,-0.155474969
6.650065628009037,-0.153624187,-0.078262166,0.72573898,-0.666010304,0.72573898,-0.666010304,-0.064819367,-0.159759135
6.650101758251481,-0.158536196,-0.08029205,0.721432937,-0.669286106,0.721432937,-0.669286106,-0.068202925,-0.16409743
6.650137060613294,-0.16357329,-0.082309459,0.717000646,-0.672582078,0.717000646,-0.672582078,-0.071705455,-0.168488437
6.650171554064357,-0.168737776,-0.084311322,0.71243904,-0.675895798,0.71243904,-0.675895798,-0.075330604,-0.172930571
6.650205257139877,-0.174031914,-0.086294395,0.70774505,-0.679224661,0.70774505,-0.679224661,-0.079082064,-0.177422067
6.650238187950349,-0.179457912,-0.088255254,0.702915617,-0.682565877,0.702915617,-0.682565877,-0.082963571,-0.181960971
6.650270364191290,-0.185017911,-0.0901903,0.697947699,-0.68591646,0.697947699,-0.68591646,-0.086978893,-0.186545137
6.650301803152745,-0.190713983,-0.092095742,0.692838281,-0.689273221,0.692838281,-0.689273221,-0.091131827,-0.191172211
6.650332521728576,-0.196548117,-0.093967601,0.687584384,-0.692632763,0.687584384,-0.692632763,-0.095426188,-0.195839627
6.650362536425546,-0.202522217,-0.095801682,0.682183095,-0.695991484,0.682183095,-0.695991484,-0.099865798,-0.200544596
6.650391863372184,-0.208637947,-0.09759347,0.676631529,-0.699345652,0.676631529,-0.699345652,-0.104454482,-0.205284097
6.650420518327454,-0.214896788,-0.099338843,0.670926693,-0.702691068,0.670926693,-0.702691068,-0.109196051,-0.210054871
6.650448516689222,-0.221300688,-0.101032853,0.665066112,-0.706023414,0.665066112,-0.706023414,-0.114094293,-0.214853411
6.650475873502531,-0.227850823,-0.102670443,0.659047116,-0.70933827,0.659047116,-0.70933827,-0.119152959,-0.219675954
6.650500000000000,-0.233882587,-0.104094257,0.653482641,-0.71230793,0.653482641,-0.71230793,-0.123854316,-0.224041086
6.650502603467683,-0.234548355,-0.1042465,0.652867177,-0.712630876,0.652867177,-0.712630876,-0.12437575,-0.224518475
6.650528720948145,-0.241394287,-0.105755692,0.646523915,-0.715896237,0.646523915,-0.715896237,-0.129766301,-0.229376678
6.650554239978258,-0.248389424,-0.107192488,0.640015098,-0.719129115,0.640015098,-0.719129115,-0.135328165,-0.234245993
6.650579174270787,-0.255534354,-0.108551167,0.63333866,-0.722324037,0.63333866,-0.722324037,-0.141064799,-0.23912157
6.650603537224281,-0.262829432,-0.10982582,0.626492714,-0.725475282,0.626492714,-0.725475282,-0.146979539,-0.243998272
6.650627341930283,-0.270274759,-0.111010364,0.619475576,-0.728576894,0.619475576,-0.728576894,-0.15307559,-0.248870672
6.650650601180354,-0.277870168,-0.112098542,0.612285783,-0.731622671,0.612285783,-0.731622671,-0.159355997,-0.253733054
6.650673327472956,-0.285615203,-0.113083937,0.604922114,-0.734606179,0.604922114,-0.734606179,-0.165823631,-0.258579408
6.650695533020161,-0.293509102,-0.113959981,0.597383616,-0.737520757,0.597383616,-0.737520757,-0.172481163,-0.263403434
6.650717229754218,-0.301550779,-0.114719967,0.58966962,-0.740359528,0.58966962,-0.740359528,-0.179331044,-0.268198538
6.650738429333961,-0.309738803,-0.115357064,0.581779756,-0.743115402,0.581779756,-0.743115402,-0.186375479,-0.272957841
6.650759143151078,-0.318071385,-0.115864333,0.573713982,-0.745781092,0.573713982,-0.745781092,-0.193616405,-0.277674182
6.650779382336232,-0.326546358,-0.116234741,0.565472603,-0.748349118,0.565472603,-0.748349118,-0.201055464,-0.282340123
6.650799157765035,-0.335161158,-0.116461187,0.557056291,-0.750811831,0.557056291,-0.750811831,-0.208693981,-0.28694796
6.650818480063903,-0.343912814,-0.116536517,0.548466111,-0.75316142,0.548466111,-0.75316142,-0.216532937,-0.291489736
6.650837359615755,-0.352797926,-0.116453549,0.539703541,-0.755389941,0.539703541,-0.755389941,-0.224572944,-0.29595725
6.650855806565604,-0.361812658,-0.116205103,0.530770487,-0.757489332,0.530770487,-0.757489332,-0.232814219,-0.300342075
6.650873830826000,-0.370952721,-0.115784019,0.521669307,-0.759451439,0.521669307,-0.759451439,-0.241256561,-0.304635576
6.650891442082356,-0.380213365,-0.115183195,0.512402829,-0.761268039,0.512402829,-0.761268039,-0.249899327,-0.30882893
6.650908649798160,-0.389589368,-0.11439561,0.502974363,-0.762930872,0.502974363,-0.762930872,-0.258741404,-0.31291315
6.650925463220053,-0.399075033,-0.113414362,0.493387721,-0.764431667,0.493387721,-0.764431667,-0.267781192,-0.316879109
6.650941891382802,-0.408664179,-0.112232697,0.483647226,-0.765762176,0.483647226,-0.765762176,-0.27701658,-0.32071757
6.650957943114150,-0.418350143,-0.110844049,0.473757728,-0.766914208,0.473757728,-0.766914208,-0.286444929,-0.324419215
6.650973627039568,-0.428125778,-0.109242069,0.463724605,-0.767879664,0.463724605,-0.767879664,-0.296063049,-0.327974676
6.650988951586881,-0.437983461,-0.10742067,0.453553775,-0.768650573,0.453553775,-0.768650573,-0.305867191,-0.331374577
6.651000000000001,-0.445282642,-0.105937356,0.445987748,-0.769088925,0.445987748,-0.769088925,-0.313195562,-0.333770856
6.651003924990802,-0.447915093,-0.105374058,0.443251698,-0.769219133,0.443251698,-0.769219133,-0.315853028,-0.334609564
6.651018555297356,-0.457912118,-0.103096776,0.432825373,-0.769577753,0.432825373,-0.769577753,-0.326015646,-0.337670349
6.651032850368201,-0.467965528,-0.100583737,0.422282338,-0.76971909,0.422282338,-0.76971909,-0.33634954,-0.340547749
6.651046817884859,-0.478065888,-0.097830264,0.411630661,-0.769636091,0.411630661,-0.769636091,-0.346848605,-0.343232731
6.651060465352833,-0.488203348,-0.09483213,0.400878928,-0.769322039,0.400878928,-0.769322039,-0.357506138,-0.345716454
6.651073800105652,-0.498367676,-0.091585589,0.390036234,-0.768770591,0.390036234,-0.768770591,-0.368314843,-0.347990316
6.651086829308804,-0.508548279,-0.088087416,0.37911216,-0.767975824,0.37911216,-0.767975824,-0.379266834,-0.350046
6.651099559963588,-0.518734239,-0.084334939,0.368116751,-0.766932271,0.368116751,-0.766932271,-0.390353649,-0.351875518
6.651111998910878,-0.528914344,-0.080326069,0.357060493,-0.765634966,0.357060493,-0.765634966,-0.401566265,-0.353471259
6.651124152834796,-0.539077129,-0.07605933,0.34595428,-0.764079478,0.34595428,-0.764079478,-0.412895115,-0.354826032
6.651136028266306,-0.549210915,-0.071533886,0.334809383,-0.762261951,0.334809383,-0.762261951,-0.424330115,-0.355933117
6.651147631586726,-0.559303856,-0.066749562,0.323637409,-0.760179133,0.323637409,-0.760179133,-0.435860691,-0.356786298
6.651158969031148,-0.569343982,-0.061706864,0.312450264,-0.757828414,0.312450264,-0.757828414,-0.44747581,-0.357379912
6.651170046691799,-0.57931925,-0.056406996,0.301260106,-0.755207848,0.301260106,-0.755207848,-0.459164018,-0.357708886
6.651180870521309,-0.589217595,-0.050851867,0.290079302,-0.75231618,0.290079302,-0.75231618,-0.470913475,-0.357768772
6.651191446335910,-0.599026979,-0.045044104,0.278920373,-0.749152866,0.278920373,-0.749152866,-0.482712008,-0.357555779
6.651201779818563,-0.608735451,-0.03898705,0.267795944,-0.745718088,0.267795944,-0.745718088,-0.494547146,-0.357066807
6.651211876522010,-0.618331192,-0.032684761,0.256718695,-0.742012766,0.256718695,-0.742012766,-0.506406181,-0.356299466
6.651221741871757,-0.627802577,-0.026142001,0.245701299,-0.738038568,0.245701299,-0.738038568,-0.51827621,-0.355252102
6.651231381168995,-0.637138224,-0.019364232,0.234756372,-0.733797907,0.234756372,-0.733797907,-0.530144198,-0.35392381
6.651240799593443,-0.646327046,-0.012357591,0.223896414,-0.729293941,0.223896414,-0.729293941,-0.541997027,-0.352314448
6.651250002206133,-0.655358305,-5.13E-03,0.213133753,-0.724530564,0.213133753,-0.724530564,-0.553821559,-0.350424644
6.651258993952129,-0.66422166,0.002314492,0.202480491,-0.719512396,0.202480491,-0.719512396,-0.565604687,-0.348255796
6.651267779663184,-0.672907213,0.009964481,0.191948451,-0.71424476,0.191948451,-0.71424476,-0.5773334,-0.345810069
6.651276364060339,-0.681405553,0.0178125,0.181549122,-0.708733664,0.181549122,-0.708733664,-0.588994835,-0.343090387
6.651284751756458,-0.689707798,0.025849431,0.17129361,-0.702985771,0.17129361,-0.702985771,-0.600576334,-0.340100417
6.651292947258708,-0.697805631,0.034065666,0.161192593,-0.697008369,0.161192593,-0.697008369,-0.6120655,-0.336844554
6.651300954970974,-0.705691333,0.04245116,0.151256274,-0.690809334,0.151256274,-0.690809334,-0.62345025,-0.333327895
6.651308779196239,-0.713357812,0.050995474,0.141494341,-0.684397095,0.141494341,-0.684397095,-0.634718864,-0.329556211
6.651316424138883,-0.720798628,0.059687822,0.131915932,-0.677780586,0.131915932,-0.677780586,-0.645860031,-0.325535917
6.651323893906951,-0.728008013,0.06851713,0.122529599,-0.670969203,0.122529599,-0.670969203,-0.656862898,-0.321274034
6.651331192514355,-0.734980882,0.077472079,0.113343282,-0.663972759,0.113343282,-0.663972759,-0.667717103,-0.31677815
6.651338323883032,-0.741712851,0.086541165,0.104364286,-0.656801432,0.104364286,-0.656801432,-0.678412817,-0.31205638
6.651345291845057,-0.748200236,0.095712747,0.095599259,-0.649465716,0.095599259,-0.649465716,-0.688940773,-0.307117317
6.651352100144694,-0.754440056,0.104975104,0.087054177,-0.641976366,0.087054177,-0.641976366,-0.699292297,-0.301969988
6.651358752440413,-0.760430029,0.114316482,0.07873434,-0.634344351,0.07873434,-0.634344351,-0.709459326,-0.296623808
6.651365252306854,-0.766168566,0.123725149,0.070644359,-0.626580799,0.070644359,-0.626580799,-0.719434432,-0.291088522
6.651371603236748,-0.771654755,0.133189443,0.062788162,-0.618696948,0.062788162,-0.618696948,-0.729210833,-0.285374164
6.651377808642797,-0.776888348,0.142697815,0.055168992,-0.610704091,0.055168992,-0.610704091,-0.738782401,-0.279491001
6.651383871859501,-0.781869741,0.152238878,0.04778942,-0.602613532,0.04778942,-0.602613532,-0.748143671,-0.273449485
6.651389796144958,-0.786599949,0.161801447,0.040651353,-0.59443654,0.040651353,-0.59443654,-0.757289841,-0.267260203
6.651395584682608,-0.791080582,0.17137458,0.03375605,-0.586184296,0.03375605,-0.586184296,-0.766216765,-0.260933827
6.651401240582947,-0.795313817,0.18094761,0.027104141,-0.577867859,0.027104141,-0.577867859,-0.774920949,-0.254481073
6.651406766885198,-0.799302366,0.19051018,0.020695651,-0.569498121,0.020695651,-0.569498121,-0.783399539,-0.247912647
6.651412166558944,-0.803049442,0.200052273,0.014530019,-0.561085772,0.014530019,-0.561085772,-0.791650309,-0.241239211
6.651417442505723,-0.806558731,0.209564236,0.008606131,-0.552641264,0.008606131,-0.552641264,-0.799671639,-0.234471335
6.651422597560590,-0.809834349,0.219036805,0.002922343,-0.544174782,0.002922343,-0.544174782,-0.8074625,-0.227619464
6.651427634493634,-0.812880812,0.22846112,-2.52E-03,-0.535696212,-2.52E-03,-0.535696212,-0.815022429,-0.220693882
6.651432556011474,-0.815702999,0.237828746,-7.73E-03,-0.527215122,-7.73E-03,-0.527215122,-0.822351502,-0.213704674
6.651437364758709,-0.818306115,0.247131679,-0.012712126,-0.518740736,-0.012712126,-0.518740736,-0.829450315,-0.206661706
6.651442063319341,-0.820695653,0.256362363,-0.017461418,-0.510281917,-0.017461418,-0.510281917,-0.836319949,-0.199574588
6.651446654218162,-0.822877362,0.265513689,-0.021985647,-0.501847149,-0.021985647,-0.501847149,-0.842961945,-0.192452658
6.651451139922112,-0.824857211,0.274579001,-0.026288955,-0.493444532,-0.026288955,-0.493444532,-0.849378273,-0.185304957
6.651455522841602,-0.826641355,0.2835521,-0.030375784,-0.485081764,-0.030375784,-0.485081764,-0.855571303,-0.178140212
6.651459805331816,-0.828236101,0.292427236,-0.034250846,-0.476766138,-0.034250846,-0.476766138,-0.861543774,-0.170966824
6.651463989693967,-0.829647878,0.301199108,-0.037919088,-0.468504541,-0.037919088,-0.468504541,-0.867298762,-0.163792849
6.651468078176541,-0.830883207,0.309862859,-0.041385661,-0.460303445,-0.041385661,-0.460303445,-0.872839655,-0.156625994
6.651472072976501,-0.831948672,0.318414063,-0.044655893,-0.452168915,-0.044655893,-0.452168915,-0.878170116,-0.149473609
6.651475976240471,-0.832850894,0.326848719,-0.047735257,-0.444106607,-0.047735257,-0.444106607,-0.883294059,-0.142342679
6.651479790065888,-0.833596504,0.335163239,-0.050629344,-0.436121774,-0.050629344,-0.436121774,-0.88821562,-0.135239825
6.651483516502126,-0.834192123,0.343354434,-0.053343838,-0.428219273,-0.053343838,-0.428219273,-0.892939126,-0.128171299
6.651487157551604,-0.834644335,0.351419502,-0.055884488,-0.420403571,-0.055884488,-0.420403571,-0.897469074,-0.121142992
6.651490715170854,-0.834959674,0.359356015,-0.058257089,-0.412678756,-0.058257089,-0.412678756,-0.9018101,-0.114160429
6.651494191271579,-0.835144599,0.367161899,-0.060467458,-0.405048545,-0.060467458,-0.405048545,-0.905966961,-0.107228778
6.651497587721678,-0.835205482,0.374835422,-0.062521412,-0.397516297,-0.062521412,-0.397516297,-0.909944507,-0.100352856
6.651500000000000,-0.835175646,0.380312007,-0.063915225,-0.392121496,-0.063915225,-0.392121496,-0.912717309,-0.095408053
6.651500906346247,-0.835148259,0.382375039,-0.064424706,-0.390084721,-0.064424706,-0.390084721,-0.913747344,-0.093537088
6.651504148928565,-0.834978535,0.389779662,-0.066183054,-0.382755807,-0.066183054,-0.382755807,-0.917380037,-0.086785316
6.651507317211045,-0.834703197,0.397048958,-0.067802295,-0.375532625,-0.067802295,-0.375532625,-0.920848465,-0.080101361
6.651510412896181,-0.834328119,0.40418237,-0.069288064,-0.368417246,-0.069288064,-0.368417246,-0.924157634,-0.073488726
6.651513437647452,-0.83385903,0.411179602,-0.070645923,-0.36141145,-0.070645923,-0.36141145,-0.927312548,-0.066950607
6.651516393090220,-0.833301507,0.418040599,-0.071881344,-0.354516736,-0.071881344,-0.354516736,-0.930318201,-0.060489906
6.651519280812606,-0.832660966,0.424765534,-0.072999705,-0.347734341,-0.072999705,-0.347734341,-0.933179559,-0.054109236
6.651522102366339,-0.831942663,0.43135479,-0.074006274,-0.341065251,-0.074006274,-0.341065251,-0.935901548,-0.047810938
6.651524859267596,-0.831151682,0.437808947,-0.074906207,-0.334510215,-0.074906207,-0.334510215,-0.938489044,-0.041597092
6.651527552997808,-0.830292941,0.444128765,-0.07570454,-0.328069761,-0.07570454,-0.328069761,-0.940946861,-0.035469526
6.651530185004463,-0.829371182,0.45031517,-0.07640618,-0.321744208,-0.07640618,-0.321744208,-0.943279743,-0.029429831
6.651532756701883,-0.828390974,0.456369241,-0.077015905,-0.31553368,-0.077015905,-0.31553368,-0.945492355,-0.023479373
6.651535269471979,-0.827356714,0.462292197,-0.077538356,-0.309438119,-0.077538356,-0.309438119,-0.947589279,-0.017619301
6.651537724664999,-0.826272624,0.468085383,-0.077978039,-0.303457298,-0.077978039,-0.303457298,-0.949575002,-0.011850566
6.651540123600253,-0.825142754,0.473750256,-0.078339317,-0.297590833,-0.078339317,-0.297590833,-0.951453918,-6.17E-03
6.651542467566820,-0.823970983,0.479288378,-0.078626414,-0.291838194,-0.078626414,-0.291838194,-0.953230316,-5.90E-04
6.651544757824238,-0.822761023,0.484701403,-0.078843411,-0.286198718,-0.078843411,-0.286198718,-0.954908382,0.004900941
6.651546995603190,-0.821516418,0.489991064,-0.078994247,-0.280671619,-0.078994247,-0.280671619,-0.956492195,0.010298502
6.651549182106154,-0.82024055,0.495159167,-0.079082719,-0.275255998,-0.079082719,-0.275255998,-0.957985723,0.015602626
6.651551318508058,-0.818936643,0.500207579,-0.079112484,-0.269950853,-0.079112484,-0.269950853,-0.95939282,0.020813349
6.651553405956907,-0.817607763,0.505138221,-0.079087058,-0.264755092,-0.079087058,-0.264755092,-0.960717231,0.025930831
6.651555445574401,-0.816256825,0.509953058,-0.079009821,-0.259667536,-0.079009821,-0.259667536,-0.961962584,0.030955352
6.651557438456535,-0.814886595,0.514654096,-0.078884016,-0.254686931,-0.078884016,-0.254686931,-0.963132394,0.0358873
6.651559385674196,-0.813499696,0.519243367,-0.078712752,-0.249811958,-0.078712752,-0.249811958,-0.964230063,0.040727167
6.651561288273729,-0.812098613,0.523722931,-0.078499009,-0.245041235,-0.078499009,-0.245041235,-0.965258878,0.045475535
6.651563147277505,-0.810685694,0.528094864,-0.078245638,-0.240373329,-0.078245638,-0.240373329,-0.966222017,0.050133072
6.651564963684467,-0.809263158,0.532361254,-0.077955363,-0.235806762,-0.077955363,-0.235806762,-0.967122543,0.054700525
6.651566738470668,-0.807833097,0.536524197,-0.07763079,-0.231340014,-0.07763079,-0.231340014,-0.967963412,0.059178709
6.651568472589799,-0.806397482,0.540585791,-0.077274403,-0.226971533,-0.077274403,-0.226971533,-0.968747471,0.063568506
6.651570166973696,-0.80495817,0.544548132,-0.076888572,-0.222699738,-0.076888572,-0.222699738,-0.969477462,0.067870854
6.651571822532844,-0.803516901,0.54841331,-0.076475556,-0.218523024,-0.076475556,-0.218523024,-0.970156022,0.072086743
6.651573440156865,-0.802075312,0.552183406,-0.076037503,-0.214439771,-0.076037503,-0.214439771,-0.970785685,0.076217212
6.651575020714994,-0.800634934,0.555860488,-0.075576459,-0.210448339,-0.075576459,-0.210448339,-0.97136889,0.080263337
6.651576565056555,-0.7991972,0.559446608,-0.075094366,-0.206547084,-0.075094366,-0.206547084,-0.971907973,0.084226234
6.651578074011405,-0.797763447,0.562943799,-0.07459307,-0.20273435,-0.07459307,-0.20273435,-0.972405179,0.088107048
6.651579548390385,-0.796334925,0.566354073,-0.074074322,-0.199008484,-0.074074322,-0.199008484,-0.972862661,0.091906953
6.651580988985762,-0.794912795,0.56967942,-0.073539782,-0.195367828,-0.073539782,-0.195367828,-0.973282482,0.095627147
6.651582396571645,-0.793498135,0.572921805,-0.072991022,-0.191810729,-0.072991022,-0.191810729,-0.973666616,0.099268845
6.651583771904407,-0.792091947,0.576083166,-0.072429532,-0.188335542,-0.072429532,-0.188335542,-0.974016956,0.102833281
6.651585115723089,-0.790695158,0.579165412,-0.071856719,-0.184940627,-0.071856719,-0.184940627,-0.974335312,0.106321701
6.651586428749797,-0.789308621,0.582170425,-0.071273913,-0.181624356,-0.071273913,-0.181624356,-0.974623415,0.109735359
6.651587711690094,-0.787933125,0.585100054,-0.070682371,-0.178385113,-0.070682371,-0.178385113,-0.97488292,0.11307552
6.651588965233371,-0.786569394,0.58795612,-0.070083277,-0.175221296,-0.070083277,-0.175221296,-0.975115409,0.116343451
6.651590190053227,-0.785218089,0.590740409,-0.069477747,-0.172131318,-0.069477747,-0.172131318,-0.975322391,0.119540421
6.651591386807823,-0.783879817,0.593454676,-0.068866834,-0.169113611,-0.068866834,-0.169113611,-0.975505309,0.122667701
6.651592556140240,-0.782555128,0.596100642,-0.068251527,-0.166166624,-0.068251527,-0.166166624,-0.975665538,0.125726559
6.651593698678826,-0.78124452,0.598679996,-0.067632755,-0.163288826,-0.067632755,-0.163288826,-0.97580439,0.128718259
6.651594815037527,-0.779948445,0.601194391,-0.067011392,-0.160478706,-0.067011392,-0.160478706,-0.975923115,0.13164406
6.651595905816223,-0.778667305,0.603645448,-0.066388255,-0.157734775,-0.066388255,-0.157734775,-0.976022907,0.134505214
6.651596971601052,-0.777401461,0.606034754,-0.065764113,-0.155055565,-0.065764113,-0.155055565,-0.9761049,0.137302966
6.651598012964715,-0.776151234,0.608363861,-0.065139682,-0.152439632,-0.065139682,-0.152439632,-0.976170176,0.140038548
6.651599030466794,-0.774916903,0.610634288,-0.064515635,-0.149885555,-0.064515635,-0.149885555,-0.976219764,0.142713185
6.651600024654049,-0.773698713,0.61284752,-0.063892598,-0.147391936,-0.063892598,-0.147391936,-0.976254643,0.145328089
6.651600996060710,-0.772496874,0.615005009,-0.063271154,-0.144957402,-0.063271154,-0.144957402,-0.976275744,0.147884458
6.651601945208767,-0.771311564,0.617108173,-0.062651848,-0.142580602,-0.062651848,-0.142580602,-0.976283952,0.150383479
6.651602872608248,-0.770142931,0.619158397,-0.062035185,-0.140260214,-0.062035185,-0.140260214,-0.976280109,0.152826324
6.651603778757497,-0.768991093,0.621157036,-0.061421634,-0.137994935,-0.061421634,-0.137994935,-0.976265013,0.155214149
6.651604664143437,-0.767856145,0.623105409,-0.06081163,-0.135783492,-0.06081163,-0.135783492,-0.976239425,0.157548095
6.651605529241833,-0.766738153,0.625004805,-0.060205575,-0.133624633,-0.060205575,-0.133624633,-0.976204063,0.159829289
6.651606374517549,-0.765637162,0.626856484,-0.05960384,-0.131517132,-0.05960384,-0.131517132,-0.976159611,0.16205884
6.651607200424800,-0.764553196,0.628661672,-0.059006767,-0.129459787,-0.059006767,-0.129459787,-0.976106717,0.164237841
6.651608007407388,-0.763486258,0.630421566,-0.05841467,-0.127451423,-0.05841467,-0.127451423,-0.976045997,0.166367368
6.651608795898950,-0.762436331,0.632137334,-0.057827836,-0.125490887,-0.057827836,-0.125490887,-0.97597803,0.16844848
6.651609566323185,-0.761403381,0.633810113,-0.057246528,-0.123577049,-0.057246528,-0.123577049,-0.975903371,0.170482218
6.651610319094085,-0.760387359,0.635441012,-0.056670986,-0.121708807,-0.056670986,-0.121708807,-0.975822539,0.172469606
6.651611054616154,-0.759388199,0.637031114,-0.056101426,-0.119885079,-0.056101426,-0.119885079,-0.975736031,0.174411651
6.651611773284628,-0.758405823,0.638581471,-0.055538044,-0.118104808,-0.055538044,-0.118104808,-0.975644312,0.176309342
6.651612475485686,-0.757440138,0.64009311,-0.054981018,-0.11636696,-0.054981018,-0.11636696,-0.975547825,0.17816365
6.651613161596661,-0.756491041,0.641567033,-0.054430505,-0.114670524,-0.054430505,-0.114670524,-0.975446989,0.179975529
6.651613831986235,-0.755558416,0.643004213,-0.053886644,-0.113014511,-0.053886644,-0.113014511,-0.975342196,0.181745914
6.651614487014646,-0.754642138,0.644405599,-0.05334956,-0.111397956,-0.05334956,-0.111397956,-0.975233821,0.183475724
6.651615127033877,-0.753742074,0.645772116,-0.052819361,-0.109819914,-0.052819361,-0.109819914,-0.975122215,0.18516586
6.651615752387844,-0.752858079,0.647104664,-0.05229614,-0.108279461,-0.05229614,-0.108279461,-0.975007708,0.186817205
6.651616363412585,-0.751990003,0.64840412,-0.051779976,-0.106775697,-0.051779976,-0.106775697,-0.974890615,0.188430625
6.651616960436435,-0.75113769,0.649671338,-0.051270938,-0.10530774,-0.051270938,-0.10530774,-0.974771229,0.19000697
6.651617543780209,-0.750300974,0.650907149,-0.05076908,-0.103874731,-0.05076908,-0.103874731,-0.974649828,0.191547072
6.651618113757369,-0.749479686,0.652112363,-0.050274444,-0.102475828,-0.050274444,-0.102475828,-0.974526673,0.193051746
6.651618670674194,-0.748673651,0.653287767,-0.049787064,-0.101110211,-0.049787064,-0.101110211,-0.974402008,0.19452179
6.651619214829947,-0.747882689,0.654434129,-0.049306963,-0.099777079,-0.049306963,-0.099777079,-0.974276066,0.195957988
6.651619746517031,-0.747106618,0.655552196,-0.048834154,-0.09847565,-0.048834154,-0.09847565,-0.974149062,0.197361104
6.651620266021152,-0.746345249,0.656642694,-0.048368643,-0.097205159,-0.048368643,-0.097205159,-0.974021199,0.19873189
6.651620773621466,-0.745598393,0.657706331,-0.047910425,-0.09596486,-0.047910425,-0.09596486,-0.973892668,0.200071079
6.651621269590736,-0.744865856,0.658743797,-0.04745949,-0.094754027,-0.04745949,-0.094754027,-0.973763647,0.20137939
6.651621754195472,-0.744147443,0.659755761,-0.047015821,-0.093571949,-0.047015821,-0.093571949,-0.973634304,0.202657527
6.651622227696079,-0.743442958,0.660742877,-0.046579393,-0.092417931,-0.046579393,-0.092417931,-0.973504794,0.203906178
6.651622690346996,-0.742752201,0.66170578,-0.046150175,-0.091291299,-0.046150175,-0.091291299,-0.973375264,0.205126017
6.651623142396828,-0.742074972,0.662645089,-0.045728133,-0.09019139,-0.045728133,-0.09019139,-0.97324585,0.206317702
6.651623584088486,-0.741411071,0.663561405,-0.045313224,-0.089117561,-0.045313224,-0.089117561,-0.973116678,0.207481878
6.651624015659317,-0.740760295,0.664455314,-0.044905403,-0.088069183,-0.044905403,-0.088069183,-0.972987868,0.208619176
6.651624437341227,-0.740122444,0.665327388,-0.04450462,-0.087045643,-0.04450462,-0.087045643,-0.972859528,0.209730213
6.651624849360807,-0.739497314,0.666178181,-0.04411082,-0.086046341,-0.04411082,-0.086046341,-0.97273176,0.21081559
6.651625251939461,-0.738884705,0.667008233,-0.043723944,-0.085070693,-0.043723944,-0.085070693,-0.97260466,0.211875899
6.651625645293512,-0.738284414,0.667818072,-0.043343932,-0.08411813,-0.043343932,-0.08411813,-0.972478315,0.212911716
6.651626029634333,-0.737696241,0.668608208,-0.042970719,-0.083188096,-0.042970719,-0.083188096,-0.972352805,0.213923604
6.651626405168451,-0.737119985,0.669379141,-0.042604238,-0.082280048,-0.042604238,-0.082280048,-0.972228205,0.214912114
6.651626772097661,-0.736555447,0.670131355,-0.042244418,-0.081393456,-0.042244418,-0.081393456,-0.972104585,0.215877786
6.651627130619133,-0.736002428,0.670865324,-0.041891187,-0.080527806,-0.041891187,-0.080527806,-0.971982006,0.216821146
6.651627480925520,-0.735460731,0.671581508,-0.041544471,-0.079682592,-0.041544471,-0.079682592,-0.971860526,0.217742709
6.651627823205064,-0.734930161,0.672280353,-0.041204193,-0.078857324,-0.041204193,-0.078857324,-0.971740198,0.218642977
6.651628157641686,-0.734410523,0.672962296,-0.040870275,-0.078051521,-0.040870275,-0.078051521,-0.971621071,0.219522444
6.651628484415100,-0.733901624,0.673627762,-0.040542639,-0.077264718,-0.040542639,-0.077264718,-0.971503186,0.220381589
6.651628803700897,-0.733403273,0.674277163,-0.040221204,-0.076496457,-0.040221204,-0.076496457,-0.971386584,0.221220882
6.651629115670648,-0.732915281,0.674910903,-0.039905887,-0.075746293,-0.039905887,-0.075746293,-0.9712713,0.222040782
6.651629420491991,-0.73243746,0.675529372,-0.039596607,-0.075013793,-0.039596607,-0.075013793,-0.971157365,0.222841738
6.651629718328723,-0.731969625,0.676132952,-0.039293279,-0.074298532,-0.039293279,-0.074298532,-0.971044807,0.223624187
6.651630009340888,-0.731511591,0.676722016,-0.03899582,-0.073600098,-0.03899582,-0.073600098,-0.970933651,0.224388559
6.651630293684864,-0.731063178,0.677296924,-0.038704145,-0.072918088,-0.038704145,-0.072918088,-0.970823918,0.225135271
6.651630571513442,-0.730624206,0.677858028,-0.03841817,-0.072252108,-0.03841817,-0.072252108,-0.970715626,0.225864732
6.651630842975916,-0.730194497,0.678405673,-0.038137808,-0.071601775,-0.038137808,-0.071601775,-0.970608793,0.226577343
6.651631108218156,-0.729773877,0.678940191,-0.037862976,-0.070966715,-0.037862976,-0.070966715,-0.97050343,0.227273492
6.651631367382692,-0.729362173,0.679461909,-0.037593586,-0.070346563,-0.037593586,-0.070346563,-0.970399549,0.227953561
6.651631620608789,-0.728959214,0.679971143,-0.037329555,-0.069740963,-0.037329555,-0.069740963,-0.970297158,0.228617923
6.651631868032517,-0.728564832,0.680468202,-0.037070796,-0.069149568,-0.037070796,-0.069149568,-0.970196264,0.229266942
6.651632109786831,-0.728178862,0.680953387,-0.036817225,-0.068572037,-0.036817225,-0.068572037,-0.970096871,0.229900972
6.651632346001637,-0.727801139,0.681426991,-0.036568757,-0.068008042,-0.036568757,-0.068008042,-0.969998981,0.230520362
6.651632576803869,-0.727431503,0.681889298,-0.036325307,-0.067457259,-0.036325307,-0.067457259,-0.969902595,0.23112545
6.651632802317547,-0.727069794,0.682340587,-0.036086792,-0.066919374,-0.036086792,-0.066919374,-0.969807713,0.231716568
6.651633022663854,-0.726715857,0.682781129,-0.035853129,-0.06639408,-0.035853129,-0.06639408,-0.969714332,0.232294039
6.651633237961192,-0.726369537,0.683211188,-0.035624233,-0.065881077,-0.035624233,-0.065881077,-0.969622449,0.23285818
6.651633448325254,-0.726030682,0.68363102,-0.035400024,-0.065380073,-0.035400024,-0.065380073,-0.969532058,0.2334093
6.651633653869078,-0.725699145,0.684040876,-0.035180419,-0.064890782,-0.035180419,-0.064890782,-0.969443152,0.2339477
6.651633854703115,-0.725374777,0.684441,-0.034965337,-0.064412928,-0.034965337,-0.064412928,-0.969355726,0.234473675
6.651634050935284,-0.725057434,0.68483163,-0.034754699,-0.063946237,-0.034754699,-0.063946237,-0.96926977,0.234987512
6.651634242671031,-0.724746975,0.685212997,-0.034548423,-0.063490446,-0.034548423,-0.063490446,-0.969185274,0.235489494
6.651634430013387,-0.724443259,0.685585328,-0.034346433,-0.063045297,-0.034346433,-0.063045297,-0.969102229,0.235979894
6.651634613063020,-0.724146149,0.685948842,-0.03414865,-0.062610535,-0.03414865,-0.062610535,-0.969020623,0.236458981
6.651634791918293,-0.723855511,0.686303754,-0.033954996,-0.062185917,-0.033954996,-0.062185917,-0.968940445,0.236927017
6.651634966675315,-0.723571211,0.686650273,-0.033765396,-0.061771202,-0.033765396,-0.061771202,-0.968861682,0.237384258
6.651635137427992,-0.72329312,0.686988602,-0.033579775,-0.061366155,-0.033579775,-0.061366155,-0.96878432,0.237830954
6.651635304268078,-0.723021108,0.687318941,-0.033398057,-0.060970548,-0.033398057,-0.060970548,-0.968708346,0.238267349
6.651635467285226,-0.722755051,0.687641482,-0.03322017,-0.060584158,-0.03322017,-0.060584158,-0.968633746,0.238693681
6.651635626567035,-0.722494825,0.687956414,-0.033046042,-0.060206767,-0.033046042,-0.060206767,-0.968560505,0.239110184
6.651635782199095,-0.722240308,0.688263921,-0.032875599,-0.059838163,-0.032875599,-0.059838163,-0.968488607,0.239517085
6.651635934265034,-0.721991381,0.688564183,-0.032708773,-0.059478138,-0.032708773,-0.059478138,-0.968418038,0.239914607
6.651636082846568,-0.721747928,0.688857375,-0.032545494,-0.059126491,-0.032545494,-0.059126491,-0.968348781,0.240302966
6.651636228023535,-0.721509834,0.689143665,-0.032385692,-0.058783024,-0.032385692,-0.058783024,-0.968280819,0.240682375
6.651636369873949,-0.721276986,0.689423222,-0.0322293,-0.058447543,-0.0322293,-0.058447543,-0.968214138,0.24105304
6.651636508474033,-0.721049273,0.689696207,-0.032076252,-0.058119862,-0.032076252,-0.058119862,-0.968148719,0.241415164
6.651636643898265,-0.720826588,0.689962777,-0.031926482,-0.057799796,-0.031926482,-0.057799796,-0.968084546,0.241768945
6.651636776219415,-0.720608823,0.690223087,-0.031779925,-0.057487166,-0.031779925,-0.057487166,-0.968021602,0.242114576
6.651636905508584,-0.720395874,0.690477286,-0.031636518,-0.057181798,-0.031636518,-0.057181798,-0.96795987,0.242452244
6.651636936772787,-0.720344354,0.690538734,-0.031601809,-0.05710797,-0.031601809,-0.05710797,-0.967944908,0.242533891
6.651636968770172,-0.720291615,0.690601614,-0.031566273,-0.057032416,-0.031566273,-0.057032416,-0.967929581,0.242617451
6.651637001517931,-0.720237629,0.69066596,-0.031529891,-0.056955097,-0.031529891,-0.056955097,-0.967913881,0.242702967
6.651637035033662,-0.720182365,0.690731805,-0.031492642,-0.05687597,-0.031492642,-0.05687597,-0.967897797,0.242790486
6.651637069335377,-0.720125793,0.690799185,-0.031454506,-0.056794995,-0.031454506,-0.056794995,-0.96788132,0.242880055
6.651637104441504,-0.720067883,0.690868134,-0.03141546,-0.056712128,-0.03141546,-0.056712128,-0.96786444,0.242971721
6.651637140370910,-0.720008601,0.690938688,-0.031375482,-0.056627326,-0.031375482,-0.056627326,-0.967847147,0.243065533
6.651637177142902,-0.719947915,0.691010886,-0.031334551,-0.056540542,-0.031334551,-0.056540542,-0.96782943,0.243161542
6.651637214777240,-0.719885792,0.691084765,-0.031292642,-0.056451731,-0.031292642,-0.056451731,-0.967811278,0.243259799
6.651637253294144,-0.719822196,0.691160364,-0.031249733,-0.056360846,-0.031249733,-0.056360846,-0.967792681,0.243360357
6.651637292714315,-0.719757094,0.691237722,-0.031205798,-0.056267839,-0.031205798,-0.056267839,-0.967773627,0.243463269
6.651637333058933,-0.719690449,0.691316881,-0.031160814,-0.05617266,-0.031160814,-0.05617266,-0.967754104,0.24356859
6.651637374349679,-0.719622223,0.691397881,-0.031114753,-0.056075259,-0.031114753,-0.056075259,-0.9677341,0.243676376
6.651637416608740,-0.719552379,0.691480766,-0.031067591,-0.055975584,-0.031067591,-0.055975584,-0.967713603,0.243786686
6.651637459858824,-0.719480879,0.691565578,-0.0310193,-0.055873582,-0.0310193,-0.055873582,-0.967692601,0.243899578
6.651637504123173,-0.719407682,0.691652363,-0.030969853,-0.0557692,-0.030969853,-0.0557692,-0.967671079,0.244015113
6.651637549425570,-0.719332748,0.691741165,-0.030919221,-0.055662382,-0.030919221,-0.055662382,-0.967649025,0.244133351
6.651637595790360,-0.719256035,0.691832032,-0.030867376,-0.055553071,-0.030867376,-0.055553071,-0.967626425,0.244254357
6.651637643242457,-0.7191775,0.691925009,-0.030814287,-0.05544121,-0.030814287,-0.05544121,-0.967603264,0.244378195
6.651637691807360,-0.719097099,0.692020148,-0.030759925,-0.055326739,-0.030759925,-0.055326739,-0.967579529,0.244504931
6.651637741511166,-0.719014788,0.692117496,-0.030704258,-0.055209598,-0.030704258,-0.055209598,-0.967555204,0.244634633
6.651637792380583,-0.718930521,0.692217105,-0.030647255,-0.055089725,-0.030647255,-0.055089725,-0.967530274,0.24476737
6.651637844442944,-0.718844251,0.692319026,-0.030588881,-0.054967057,-0.030588881,-0.054967057,-0.967504722,0.244903213
6.651637897726228,-0.718755928,0.692423313,-0.030529104,-0.054841528,-0.030529104,-0.054841528,-0.967478533,0.245042234
6.651637952259066,-0.718665505,0.692530021,-0.030467889,-0.054713073,-0.030467889,-0.054713073,-0.96745169,0.245184507
6.651638008070761,-0.718572929,0.692639204,-0.030405201,-0.054581624,-0.030405201,-0.054581624,-0.967424175,0.245330109
6.651638065191304,-0.71847815,0.692750919,-0.030341003,-0.054447112,-0.030341003,-0.054447112,-0.967395972,0.245479117
6.651638123651389,-0.718381114,0.692865225,-0.030275258,-0.054309465,-0.030275258,-0.054309465,-0.967367061,0.24563161
6.651638183482429,-0.718281766,0.692982181,-0.030207928,-0.054168611,-0.030207928,-0.054168611,-0.967337424,0.245787671
6.651638244716575,-0.71818005,0.693101847,-0.030138974,-0.054024475,-0.030138974,-0.054024475,-0.967307041,0.245947381
6.651638307386731,-0.71807591,0.693224285,-0.030068355,-0.053876983,-0.030068355,-0.053876983,-0.967275893,0.246110826
6.651638371526576,-0.717969286,0.69334956,-0.029996029,-0.053726056,-0.029996029,-0.053726056,-0.96724396,0.246278094
6.651638437170572,-0.717860119,0.693477735,-0.029921956,-0.053571615,-0.029921956,-0.053571615,-0.967211219,0.246449272
6.651638504353993,-0.717748346,0.693608877,-0.029846091,-0.053413579,-0.029846091,-0.053413579,-0.96717765,0.246624453
6.651638573112944,-0.717633905,0.693743053,-0.029768389,-0.053251864,-0.029768389,-0.053251864,-0.967143231,0.24680373
6.651638643484370,-0.71751673,0.693880334,-0.029688806,-0.053086386,-0.029688806,-0.053086386,-0.967107937,0.246987198
6.651638715506086,-0.717396756,0.694020788,-0.029607293,-0.052917058,-0.029607293,-0.052917058,-0.967071746,0.247174955
6.651638789216793,-0.717273913,0.69416449,-0.029523803,-0.052743792,-0.029523803,-0.052743792,-0.967034634,0.2473671
6.651638864656102,-0.717148133,0.694311512,-0.029438286,-0.052566496,-0.029438286,-0.052566496,-0.966996575,0.247563736
6.651638941864547,-0.717019344,0.694461931,-0.029350692,-0.052385077,-0.029350692,-0.052385077,-0.966957543,0.247764967
6.651639020883619,-0.716887472,0.694615822,-0.029260968,-0.052199441,-0.029260968,-0.052199441,-0.966917512,0.2479709
6.651639101755777,-0.716752442,0.694773266,-0.029169061,-0.052009491,-0.029169061,-0.052009491,-0.966876454,0.248181645
6.651639184524481,-0.716614177,0.694934343,-0.029074915,-0.051815126,-0.029074915,-0.051815126,-0.966834342,0.248397314
6.651639269234205,-0.716472597,0.695099135,-0.028978476,-0.051616247,-0.028978476,-0.051616247,-0.966791145,0.248618021
6.651639355930468,-0.716327623,0.695267726,-0.028879683,-0.051412748,-0.028879683,-0.051412748,-0.966746835,0.248843883
6.651639444659857,-0.716179171,0.695440202,-0.02877848,-0.051204524,-0.02877848,-0.051204524,-0.96670138,0.24907502
6.651639535470053,-0.716027155,0.69561665,-0.028674803,-0.050991467,-0.028674803,-0.050991467,-0.966654748,0.249311555
6.651639628409850,-0.715871488,0.695797162,-0.028568591,-0.050773464,-0.028568591,-0.050773464,-0.966606907,0.249553613
6.651639723529192,-0.71571208,0.695981828,-0.028459779,-0.050550404,-0.028459779,-0.050550404,-0.966557823,0.249801323
6.651639820879190,-0.71554884,0.696170741,-0.028348301,-0.05032217,-0.028348301,-0.05032217,-0.96650746,0.250054815
6.651639920512157,-0.715381673,0.696363998,-0.028234089,-0.050088643,-0.028234089,-0.050088643,-0.966455783,0.250314225
6.651640022481630,-0.715210483,0.696561697,-0.028117073,-0.049849702,-0.028117073,-0.049849702,-0.966402755,0.250579688
6.651640126842405,-0.71503517,0.696763936,-0.027997183,-0.049605223,-0.027997183,-0.049605223,-0.966348337,0.250851347
6.651640233650558,-0.714855633,0.696970817,-0.027874343,-0.04935508,-0.027874343,-0.04935508,-0.966292491,0.251129344
6.651640342963484,-0.714671767,0.697182446,-0.027748479,-0.049099144,-0.027748479,-0.049099144,-0.966235174,0.251413826
6.651640454839923,-0.714483465,0.697398928,-0.027619513,-0.048837281,-0.027619513,-0.048837281,-0.966176346,0.251704945
6.651640569339992,-0.714290618,0.697620371,-0.027487365,-0.048569357,-0.027487365,-0.048569357,-0.966115962,0.252002853
6.651640686525218,-0.714093113,0.697846886,-0.027351954,-0.048295234,-0.027351954,-0.048295234,-0.966053979,0.252307707
6.651640806458571,-0.713890833,0.698078587,-0.027213193,-0.04801477,-0.027213193,-0.04801477,-0.965990349,0.25261967
6.651640929204499,-0.713683662,0.698315588,-0.027070999,-0.047727821,-0.027070999,-0.047727821,-0.965925025,0.252938905
6.651641054828958,-0.713471476,0.698558008,-0.02692528,-0.047434239,-0.02692528,-0.047434239,-0.965857958,0.25326558
6.651641183399454,-0.713254152,0.698805967,-0.026775946,-0.047133874,-0.026775946,-0.047133874,-0.965789098,0.253599868
6.651641314985074,-0.713031561,0.699059588,-0.026622902,-0.046826571,-0.026622902,-0.046826571,-0.96571839,0.253941945
6.651641449656528,-0.712803572,0.699318996,-0.026466052,-0.046512173,-0.026466052,-0.046512173,-0.965645782,0.25429199
6.651641587486180,-0.712570049,0.699584319,-0.026305297,-0.04619052,-0.026305297,-0.04619052,-0.965571218,0.254650188
6.651641728548095,-0.712330855,0.699855687,-0.026140533,-0.045861447,-0.026140533,-0.045861447,-0.965494638,0.255016727
6.651641872918074,-0.712085847,0.700133234,-0.025971657,-0.045524785,-0.025971657,-0.045524785,-0.965415985,0.255391799
6.651642020673691,-0.71183488,0.700417096,-0.02579856,-0.045180364,-0.02579856,-0.045180364,-0.965335195,0.255775602
6.651642171894347,-0.711577804,0.70070741,-0.02562113,-0.044828009,-0.02562113,-0.044828009,-0.965252205,0.256168336
6.651642326661299,-0.711314465,0.701004319,-0.025439254,-0.04446754,-0.025439254,-0.04446754,-0.965166949,0.256570208
6.651642485057713,-0.711044705,0.701307967,-0.025252813,-0.044098774,-0.025252813,-0.044098774,-0.965079358,0.256981427
6.651642647168703,-0.710768363,0.701618501,-0.025061687,-0.043721525,-0.025061687,-0.043721525,-0.964989363,0.257402209
6.651642813081382,-0.710485273,0.70193607,-0.024865751,-0.043335602,-0.024865751,-0.043335602,-0.96489689,0.257832774
6.651642982884900,-0.710195264,0.702260828,-0.024664878,-0.04294081,-0.024664878,-0.04294081,-0.964801864,0.258273347
6.651643156670506,-0.70989816,0.702592931,-0.024458934,-0.042536951,-0.024458934,-0.042536951,-0.964704207,0.258724157
6.651643334531582,-0.709593782,0.702932538,-0.024247785,-0.042123821,-0.024247785,-0.042123821,-0.964603838,0.25918544
6.651643516563704,-0.709281945,0.70327981,-0.024031291,-0.041701213,-0.024031291,-0.041701213,-0.964500674,0.259657436
6.651643702864686,-0.70896246,0.703634912,-0.023809308,-0.041268915,-0.023809308,-0.041268915,-0.964394628,0.260140391
6.651643893534639,-0.708635131,0.703998014,-0.023581689,-0.040826711,-0.023581689,-0.040826711,-0.964285611,0.260634555
6.651644088676020,-0.708299758,0.704369287,-0.023348281,-0.040374381,-0.023348281,-0.040374381,-0.964173531,0.261140186
6.651644288393687,-0.707956137,0.704748904,-0.023108927,-0.039911699,-0.023108927,-0.039911699,-0.964058292,0.261657545
6.651644492794961,-0.707604055,0.705137045,-0.022863467,-0.039438436,-0.022863467,-0.039438436,-0.963939795,0.262186901
6.651644701989680,-0.707243297,0.70553389,-0.022611733,-0.038954356,-0.022611733,-0.038954356,-0.963817937,0.262728527
6.651644916090253,-0.706873638,0.705939624,-0.022353554,-0.038459221,-0.022353554,-0.038459221,-0.963692613,0.263282704
6.651645135211727,-0.706494852,0.706354435,-0.022088756,-0.037952786,-0.022088756,-0.037952786,-0.963563712,0.263849717
6.651645359471851,-0.706106702,0.706778513,-0.021817155,-0.037434802,-0.021817155,-0.037434802,-0.963431121,0.264429859
6.651645588991129,-0.705708947,0.707212054,-0.021538565,-0.036905014,-0.021538565,-0.036905014,-0.963294721,0.265023429
6.651645823892897,-0.705301338,0.707655256,-0.021252793,-0.036363165,-0.021252793,-0.036363165,-0.963154391,0.265630732
6.651646064303380,-0.704883622,0.708108321,-0.020959642,-0.035808988,-0.020959642,-0.035808988,-0.963010004,0.266252079
6.651646310351762,-0.704455535,0.708571452,-0.020658905,-0.035242215,-0.020658905,-0.035242215,-0.962861429,0.266887789
6.651646562170258,-0.704016809,0.70904486,-0.020350373,-0.034662569,-0.020350373,-0.034662569,-0.96270853,0.267538187
6.651646819894186,-0.703567167,0.709528755,-0.020033829,-0.034069772,-0.020033829,-0.034069772,-0.962551167,0.268203607
6.651647083662033,-0.703106324,0.710023354,-0.019709048,-0.033463536,-0.019709048,-0.033463536,-0.962389194,0.268884386
6.651647353615538,-0.702633987,0.710528875,-0.019375801,-0.032843571,-0.019375801,-0.032843571,-0.962222458,0.269580871
6.651647629899760,-0.702149858,0.71104554,-0.019033848,-0.03220958,-0.019033848,-0.03220958,-0.962050805,0.270293418
6.651647912663162,-0.701653625,0.711573577,-0.018682946,-0.031561259,-0.018682946,-0.031561259,-0.961874071,0.271022386
6.651648202057687,-0.701144973,0.712113215,-0.018322841,-0.030898301,-0.018322841,-0.030898301,-0.961692087,0.271768146
6.651648498238845,-0.700623574,0.712664686,-0.017953273,-0.030220391,-0.017953273,-0.030220391,-0.96150468,0.272531073
6.651648801365788,-0.700089093,0.713228228,-0.017573973,-0.02952721,-0.017573973,-0.02952721,-0.961311667,0.273311553
6.651649111601404,-0.699541184,0.71380408,-0.017184664,-0.028818431,-0.017184664,-0.028818431,-0.961112862,0.274109978
6.651649429112399,-0.698979493,0.714392486,-0.01678506,-0.028093724,-0.01678506,-0.028093724,-0.960908068,0.274926748
6.651649754069388,-0.698403655,0.714993693,-0.016374866,-0.027352749,-0.016374866,-0.027352749,-0.960697084,0.275762272
6.651650086646989,-0.697813294,0.715607951,-0.015953779,-0.026595164,-0.015953779,-0.026595164,-0.9604797,0.276616969
6.651650427023915,-0.697208025,0.716235514,-0.015521483,-0.025820618,-0.015521483,-0.025820618,-0.960255698,0.277491262
6.651650775383066,-0.696587451,0.716876639,-0.015077657,-0.025028756,-0.015077657,-0.025028756,-0.960024853,0.278385587
6.651651131911637,-0.695951162,0.717531586,-0.014621966,-0.024219217,-0.014621966,-0.024219217,-0.959786929,0.279300386
6.651651496801211,-0.695298741,0.718200619,-0.014154065,-0.02339163,-0.014154065,-0.02339163,-0.959541684,0.280236112
6.651651870247861,-0.694629754,0.718884004,-0.013673598,-0.022545624,-0.013673598,-0.022545624,-0.959288865,0.281193223
6.651652252452259,-0.693943757,0.719582009,-0.013180199,-0.021680816,-0.013180199,-0.021680816,-0.959028209,0.282172191
6.651652643619786,-0.693240294,0.720294908,-0.012673489,-0.020796821,-0.012673489,-0.020796821,-0.958759446,0.283173494
6.651653043960638,-0.692518894,0.721022976,-0.012153076,-0.019893246,-0.012153076,-0.019893246,-0.958482291,0.28419762
6.651653453689940,-0.691779073,0.72176649,-0.011618558,-0.018969691,-0.011618558,-0.018969691,-0.958196452,0.285245065
6.651653873027861,-0.691020334,0.72252573,-0.011069517,-0.018025754,-0.011069517,-0.018025754,-0.957901624,0.286316337
6.651654302199734,-0.690242166,0.723300979,-0.010505524,-0.017061021,-0.010505524,-0.017061021,-0.95759749,0.287411952
6.651654741436177,-0.689444041,0.724092522,-9.93E-03,-0.016075077,-9.93E-03,-0.016075077,-0.957283723,0.288532434
6.651655190973215,-0.688625417,0.724900645,-9.33E-03,-0.015067499,-9.33E-03,-0.015067499,-0.95695998,0.28967832
6.651655651052408,-0.687785736,0.725725638,-8.72E-03,-0.014037858,-8.72E-03,-0.014037858,-0.956625908,0.290850154
6.651656121920984,-0.686924426,0.726567789,-8.09E-03,-0.012985719,-8.09E-03,-0.012985719,-0.956281138,0.29204849
6.651656603831965,-0.686040895,0.727427391,-7.45E-03,-0.011910642,-7.45E-03,-0.011910642,-0.955925288,0.293273894
6.651657097044307,-0.685134536,0.728304736,-6.78E-03,-0.010812182,-6.78E-03,-0.010812182,-0.955557961,0.294526938
6.651657601823041,-0.684204725,0.729200119,-6.10E-03,-9.69E-03,-6.10E-03,-9.69E-03,-0.955178744,0.295808206
6.651658118439412,-0.683250816,0.730113832,-5.40E-03,-8.54E-03,-5.40E-03,-8.54E-03,-0.954787208,0.297118293
6.651658647171026,-0.682272149,0.73104617,-4.68E-03,-7.37E-03,-4.68E-03,-7.37E-03,-0.954382908,0.298457802
6.651659188301999,-0.681268043,0.731997428,-3.94E-03,-6.18E-03,-3.94E-03,-6.18E-03,-0.953965381,0.299827344
6.651659742123110,-0.680237796,0.732967899,-3.18E-03,-4.95E-03,-3.18E-03,-4.95E-03,-0.953534147,0.301227544
6.651660308931958,-0.679180687,0.733957876,-2.39E-03,-3.70E-03,-2.39E-03,-3.70E-03,-0.953088705,0.302659034
6.651660889033119,-0.678095974,0.73496765,-1.59E-03,-2.43E-03,-1.59E-03,-2.43E-03,-0.952628537,0.304122455
6.651661482738313,-0.676982893,0.735997512,-7.62E-04,-1.13E-03,-7.62E-04,-1.13E-03,-0.952153104,0.305618458
6.651662090366572,-0.675840658,0.737047748,8.8426325957e-5,2.0228751673e-4,8.8426325957e-5,2.0228751673e-4,-0.951661845,0.307147705
6.651662712244406,-0.674668461,0.738118644,9.6319189813e-4,0.001560191,9.6319189813e-4,0.001560191,-0.951154177,0.308710864
6.651663348705982,-0.673465469,0.739210481,0.001862808,0.002946693,0.001862808,0.002946693,-0.950629496,0.310308615
6.651664000093310,-0.672230827,0.740323536,0.002788045,0.004362288,0.002788045,0.004362288,-0.950087172,0.311941644
6.651664666756413,-0.670963654,0.741458082,0.003739697,0.005807473,0.003739697,0.005807473,-0.949526554,0.313610649
6.651665349053525,-0.669663043,0.742614387,0.004718588,0.007282748,0.004718588,0.007282748,-0.948946961,0.315316332
6.651666047351283,-0.668328063,0.743792712,0.005725565,0.008788611,0.005725565,0.008788611,-0.948347689,0.317059405
6.651666762024920,-0.666957755,0.744993312,0.006761506,0.010325562,0.006761506,0.010325562,-0.947728005,0.318840589
6.651667493458468,-0.665551132,0.746216435,0.007827317,0.0118941,0.007827317,0.0118941,-0.947087147,0.320660609
6.651668242044966,-0.664107181,0.747462318,0.008923933,0.013494724,0.008923933,0.013494724,-0.946424326,0.3225202
6.651669008186671,-0.662624858,0.748731192,0.010052321,0.015127931,0.010052321,0.015127931,-0.945738718,0.3244201
6.651669792295272,-0.661103092,0.750023275,0.011213478,0.016794213,0.011213478,0.016794213,-0.945029471,0.326361055
6.651670594792114,-0.659540778,0.751338775,0.012408437,0.018494062,0.012408437,0.018494062,-0.944295699,0.328343816
6.651671416108423,-0.657936785,0.752677886,0.01363826,0.020227964,0.01363826,0.020227964,-0.94353648,0.330369137
6.651672256685534,-0.656289946,0.75404079,0.014904048,0.021996399,0.014904048,0.021996399,-0.942750858,0.332437776
6.651673116975137,-0.654599064,0.755427652,0.016206936,0.023799841,0.016206936,0.023799841,-0.941937841,0.334550496
6.651673997439512,-0.65286291,0.756838622,0.017548094,0.025638758,0.017548094,0.025638758,-0.941096397,0.336708059
6.651674898551780,-0.651080218,0.758273832,0.018928732,0.027513608,0.018928732,0.027513608,-0.940225457,0.338911231
6.651675820796158,-0.64924969,0.759733394,0.020350098,0.029424837,0.020350098,0.029424837,-0.939323908,0.341160778
6.651676764668219,-0.647369994,0.761217401,0.02181348,0.031372884,0.02181348,0.031372884,-0.938390598,0.343457462
6.651677730675155,-0.645439759,0.76272592,0.023320207,0.033358172,0.023320207,0.033358172,-0.937424329,0.345802047
6.651678719336055,-0.643457582,0.764258998,0.02487165,0.03538111,0.02487165,0.03538111,-0.93642386,0.34819529
6.651679731182181,-0.641422018,0.765816654,0.026469222,0.03744209,0.026469222,0.03744209,-0.935387902,0.350637947
6.651680766757251,-0.63933159,0.767398877,0.028114382,0.039541489,0.028114382,0.039541489,-0.934315119,0.353130766
6.651681826617737,-0.637184779,0.769005628,0.029808632,0.041679662,0.029808632,0.041679662,-0.933204125,0.355674485
6.651682911333161,-0.634980029,0.770636836,0.031553522,0.043856943,0.031553522,0.043856943,-0.932053483,0.358269838
6.651684021486397,-0.632715747,0.772292395,0.033350649,0.046073641,0.033350649,0.046073641,-0.930861702,0.360917543
6.651685157673993,-0.630390297,0.773972162,0.035201656,0.04833004,0.035201656,0.04833004,-0.92962724,0.363618306
6.651686320506482,-0.628002008,0.775675954,0.037108237,0.050626395,0.037108237,0.050626395,-0.928348497,0.36637282
6.651687510608721,-0.625549164,0.777403546,0.039072137,0.052962931,0.039072137,0.052962931,-0.927023815,0.369181757
6.651688728620212,-0.623030015,0.77915467,0.041095149,0.055339837,0.041095149,0.055339837,-0.92565148,0.372045771
6.651689975195461,-0.620442765,0.780929008,0.043179121,0.057757269,0.043179121,0.057757269,-0.924229716,0.374965494
6.651691251004322,-0.617785583,0.782726192,0.04532595,0.06021534,0.04532595,0.06021534,-0.922756684,0.377941532
6.651692556732353,-0.615056596,0.784545802,0.047537589,0.062714122,0.047537589,0.062714122,-0.921230483,0.380974463
6.651693893081197,-0.61225389,0.786387359,0.049816045,0.065253643,0.049816045,0.065253643,-0.919649147,0.384064834
6.651695260768944,-0.609375515,0.788250324,0.052163376,0.067833878,0.052163376,0.067833878,-0.918010645,0.387213158
6.651696660530528,-0.60641948,0.790134095,0.054581698,0.070454752,0.054581698,0.070454752,-0.916312877,0.39041991
6.651698093118117,-0.603383757,0.792037999,0.05707318,0.073116132,0.05707318,0.073116132,-0.914553673,0.393685522
6.651699559301519,-0.600266279,0.793961297,0.059640048,0.075817824,0.059640048,0.075817824,-0.912730795,0.397010384
6.651701059868592,-0.597064947,0.795903169,0.062284581,0.078559571,0.062284581,0.078559571,-0.910841935,0.400394833
6.651702595625673,-0.593777621,0.79786272,0.065009115,0.081341046,0.065009115,0.081341046,-0.908884709,0.403839155
6.651704167398010,-0.590402134,0.799838968,0.06781604,0.084161847,0.06781604,0.084161847,-0.906856663,0.407343576
6.651705776030200,-0.586936282,0.801830844,0.0707078,0.087021495,0.0707078,0.087021495,-0.904755269,0.410908259
6.651707422386647,-0.583377834,0.803837188,0.073686892,0.089919428,0.073686892,0.089919428,-0.902577924,0.414533301
6.651709107352032,-0.57972453,0.805856739,0.076755867,0.092854993,0.076755867,0.092854993,-0.900321951,0.418218723
6.651710831831775,-0.575974086,0.807888139,0.079917325,0.095827447,0.079917325,0.095827447,-0.897984597,0.421964468
6.651712596752533,-0.572124195,0.809929919,0.083173918,0.098835946,0.083173918,0.098835946,-0.895563037,0.425770396
6.651714403062695,-0.56817253,0.8119805,0.086528345,0.10187954,0.086528345,0.10187954,-0.893054368,0.429636274
6.651716251732889,-0.56411675,0.814038187,0.089983351,0.10495717,0.089983351,0.10495717,-0.890455617,0.433561772
6.651718143756509,-0.5599545,0.816101162,0.093541724,0.10806766,0.093541724,0.10806766,-0.887763735,0.43754646
6.651720080150238,-0.55568342,0.818167483,0.097206291,0.111209711,0.097206291,0.111209711,-0.884975604,0.441589793
6.651722061954607,-0.551301145,0.820235071,0.10097992,0.114381896,0.10097992,0.114381896,-0.882088033,0.445691113
6.651724090234549,-0.546805312,0.822301716,0.104865508,0.117582651,0.104865508,0.117582651,-0.879097765,0.449849634
6.651726166079968,-0.542193569,0.824365061,0.108865985,0.120810272,0.108865985,0.120810272,-0.876001477,0.45406444
6.651728290606329,-0.537463575,0.826422604,0.112984302,0.124062904,0.112984302,0.124062904,-0.872795784,0.458334475
6.651730464955254,-0.53261301,0.82847169,0.117223433,0.127338539,0.117223433,0.127338539,-0.86947724,0.462658535
6.651732690295141,-0.527639583,0.830509508,0.121586361,0.130635007,0.121586361,0.130635007,-0.866042346,0.467035261
6.651734967821785,-0.522541037,0.832533084,0.126076081,0.133949969,0.126076081,0.133949969,-0.862487549,0.47146313
6.651737298759024,-0.517315161,0.834539279,0.130695584,0.13728091,0.130695584,0.13728091,-0.858809255,0.475940445
6.651739684359399,-0.511959794,0.836524781,0.135447856,0.140625136,0.135447856,0.140625136,-0.855003826,0.480465332
6.651742125904823,-0.50647284,0.838486105,0.140335866,0.143979763,0.140335866,0.143979763,-0.851067592,0.485035724
6.651744624707270,-0.500852273,0.840419588,0.145362559,0.147341713,0.145362559,0.147341713,-0.846996858,0.48964936
6.651747182109483,-0.495096153,0.842321384,0.150530845,0.150707708,0.150530845,0.150707708,-0.84278791,0.49430377
6.651749799485694,-0.489202631,0.844187462,0.155843589,0.154074264,0.155843589,0.154074264,-0.838437026,0.498996271
6.651752478242361,-0.483169966,0.846013608,0.161303599,0.157437684,0.161303599,0.157437684,-0.833940481,0.503723958
6.651755219818926,-0.476996539,0.847795415,0.166913615,0.160794058,0.166913615,0.160794058,-0.829294566,0.508483694
6.651758025688586,-0.47068086,0.849528288,0.172676296,0.164139252,0.172676296,0.164139252,-0.82449559,0.513272104
6.651760897359090,-0.464221587,0.851207443,0.178594207,0.167468909,0.178594207,0.167468909,-0.8195399,0.518085566
6.651763836373539,-0.45761754,0.852827906,0.184669802,0.170778441,0.184669802,0.170778441,-0.81442389,0.522920208
6.651766844311228,-0.450867713,0.854384514,0.190905411,0.174063032,0.190905411,0.174063032,-0.809144016,0.527771896
6.651769922788485,-0.443971294,0.855871921,0.197303224,0.177317634,0.197303224,0.177317634,-0.803696812,0.532636233
6.651773073459544,-0.436927678,0.857284597,0.203865274,0.180536964,0.203865274,0.180536964,-0.798078907,0.537508549
6.651776298017430,-0.429736484,0.858616833,0.210593418,0.183715507,0.210593418,0.183715507,-0.792287041,0.542383902
6.651779598194874,-0.422397574,0.859862753,0.217489321,0.186847516,0.217489321,0.186847516,-0.786318082,0.547257071
6.651782975765242,-0.414911065,0.861016312,0.224554438,0.189927015,0.224554438,0.189927015,-0.780169049,0.552122556
6.651786432543486,-0.407277355,0.862071311,0.231789989,0.192947803,0.231789989,0.192947803,-0.773837127,0.556974573
6.651789970387121,-0.39949713,0.863021405,0.239196948,0.19590346,0.239196948,0.19590346,-0.767319692,0.56180706
6.651793591197221,-0.391571391,0.863860115,0.246776015,0.198787354,0.246776015,0.198787354,-0.760614331,0.566613673
6.651797296919447,-0.383501463,0.864580841,0.254527599,0.201592646,0.254527599,0.201592646,-0.753718864,0.571387792
6.651801089545082,-0.37528902,0.865176877,0.262451799,0.204312304,0.262451799,0.204312304,-0.746631367,0.576122526
6.651804971112114,-0.366936095,0.865641427,0.27054838,0.206939117,0.27054838,0.206939117,-0.739350197,0.580810718
6.651808943706317,-0.358445099,0.865967624,0.278816754,0.209465701,0.278816754,0.209465701,-0.731874013,0.585444954
6.651813009462382,-0.349818836,0.866148551,0.28725596,0.211884526,0.28725596,0.211884526,-0.724201803,0.590017574
6.651817170565062,-0.341060516,0.866177263,0.295864645,0.214187922,0.295864645,0.214187922,-0.716332905,0.594520684
6.651821429250344,-0.33217377,0.866046807,0.304641041,0.216368109,0.304641041,0.216368109,-0.708267034,0.59894617
6.651825787806651,-0.323162661,0.865750254,0.313582953,0.218417213,0.313582953,0.218417213,-0.700004303,0.603285716
6.651830248576072,-0.314031694,0.865280721,0.322687737,0.220327293,0.322687737,0.220327293,-0.69154525,0.607530825
6.651834813955622,-0.304785825,0.864631402,0.331952285,0.222090367,0.331952285,0.222090367,-0.682890854,0.611672835
6.651839486398527,-0.295430465,0.863795598,0.341373013,0.223698439,0.341373013,0.223698439,-0.674042564,0.615702951
6.651844268415544,-0.28597149,0.862766749,0.350945844,0.225143528,0.350945844,0.225143528,-0.665002314,0.619612263
6.651849162576312,-0.276415236,0.861538468,0.360666203,0.226417704,0.360666203,0.226417704,-0.655772543,0.623391782
6.651854171510729,-0.266768505,0.860104573,0.370529002,0.22751312,0.370529002,0.22751312,-0.646356212,0.627032466
6.651859297910369,-0.257038558,0.858459124,0.380528642,0.228422045,0.380528642,0.228422045,-0.636756821,0.630525257
6.651864544529925,-0.247233083,0.856596367,0.390658969,0.229136884,0.390658969,0.229136884,-0.626978434,0.633861128
6.651869914188691,-0.237360064,0.854510313,0.400912839,0.229649968,0.400912839,0.229649968,-0.617025346,0.637030769
6.651875409772075,-0.227428313,0.852196699,0.411283475,0.229954379,0.411283475,0.229954379,-0.606902852,0.640025391
6.651881034233155,-0.217446838,0.849650913,0.421763347,0.230043317,0.421763347,0.230043317,-0.596616912,0.64283645
6.651886790594260,-0.207425044,0.846868765,0.43234429,0.229910216,0.43234429,0.229910216,-0.58617385,0.645455366
6.651892681948596,-0.197372713,0.843846522,0.443017654,0.229548862,0.443017654,0.229548862,-0.575580561,0.647873779
6.651898711461905,-0.187299973,0.840580939,0.453774317,0.228953431,0.453774317,0.228953431,-0.564844506,0.65008359
6.651904882374177,-0.177217276,0.837069296,0.464604706,0.228118531,0.464604706,0.228118531,-0.553973699,0.652077007
6.651911198001376,-0.167135359,0.833309422,0.475498822,0.227039237,0.475498822,0.227039237,-0.542976696,0.653846588
6.651917661737234,-0.157065212,0.829299728,0.486446268,0.225711129,0.486446268,0.225711129,-0.531862577,0.655385285
6.651924277055064,-0.147018039,0.825039231,0.497436277,0.224130329,0.497436277,0.224130329,-0.520640924,0.656686484
6.651931047509640,-0.137005217,0.820527574,0.508457749,0.222293529,0.508457749,0.222293529,-0.509321796,0.657744049
6.651937976739094,-0.127038254,0.81576505,0.519499292,0.220198027,0.519499292,0.220198027,-0.4979157,0.65855236
6.651945068466878,-0.117128738,0.810752611,0.530549255,0.217841748,0.530549255,0.217841748,-0.486433554,0.65910635
6.651952326503763,-0.107288294,0.805491887,0.541595781,0.215223275,0.541595781,0.215223275,-0.474886655,0.659401544
6.651959754749888,-0.097528536,0.799985187,0.552626845,0.21234186,0.552626845,0.21234186,-0.463286638,0.659434083
6.651967357196853,-0.087861011,0.794235508,0.563630309,0.209197451,0.563630309,0.209197451,-0.451645427,0.659200761
6.651975137929865,-0.078297154,0.788246529,0.57459397,0.205790697,0.57459397,0.205790697,-0.439975197,0.658699045
6.651983101129938,-0.068848234,0.78202261,0.585505608,0.202122956,0.585505608,0.202122956,-0.428288319,0.657927099
6.651991251076129,-0.059525303,0.77556878,0.596353045,0.198196304,0.596353045,0.198196304,-0.416597313,0.656883799
6.651999592147851,-0.050339147,0.768890722,0.607124195,0.194013527,0.607124195,0.194013527,-0.404914793,0.655568745
6.652000000000000,-0.049899034,0.768562551,0.607642382,0.19380504,0.607642382,0.19380504,-0.404350874,0.65549834
6.652008128827212,-0.041300239,0.761994753,0.617807113,0.18957812,0.617807113,0.18957812,-0.393253414,0.653982272
6.652016865701438,-0.032418687,0.754887807,0.628390054,0.184894274,0.628390054,0.184894274,-0.381625819,0.652125452
6.652025807465324,-0.023704194,0.747577397,0.638861522,0.17996686,0.638861522,0.17996686,-0.370044584,0.65000009
6.652034958923767,-0.015166012,0.740071596,0.649210317,0.174801413,0.649210317,0.174801413,-0.358522162,0.647608719
6.652044324994343,-6.81E-03,0.73237899,0.659425587,0.169404103,0.659425587,0.169404103,-0.347070833,0.64495459
6.652053910709951,0.001346888,0.724508651,0.669496871,0.163781712,0.669496871,0.163781712,-0.335702648,0.642041657
6.652063721221518,0.009305689,0.716470087,0.679414143,0.157941597,0.679414143,0.157941597,-0.324429381,0.638874551
6.652073761800765,0.017056403,0.708273202,0.689167852,0.151891658,0.689167852,0.151891658,-0.31326248,0.635458563
6.652084037843043,0.024592548,0.699928253,0.698748958,0.145640298,0.698748958,0.145640298,-0.302213021,0.63179961
6.652094554870226,0.031908276,0.691445796,0.708148961,0.139196382,0.708148961,0.139196382,-0.291291669,0.627904204
6.652105318533687,0.038998384,0.682836644,0.717359936,0.132569193,0.717359936,0.132569193,-0.28050863,0.623779418
6.652116334617327,0.04585833,0.674111812,0.726374552,0.125768388,0.726374552,0.125768388,-0.269873627,0.619432846
6.652127609040687,0.052484239,0.665282473,0.735186094,0.118803948,0.735186094,0.118803948,-0.259395857,0.614872563
6.652139147862128,0.058872904,0.656359903,0.743788477,0.111686132,0.743788477,0.111686132,-0.24908397,0.61010708
6.652150957282086,0.065021789,0.647355435,0.752176261,0.104425429,0.752176261,0.104425429,-0.238946046,0.605145302
6.652163043646405,0.070929018,0.638280413,0.760344652,0.09703251,0.760344652,0.09703251,-0.228989571,0.599996479
6.652175413449745,0.076593367,0.62914614,0.768289511,0.089518175,0.768289511,0.089518175,-0.219221423,0.594670161
6.652188073339077,0.082014254,0.61996384,0.776007346,0.081893312,0.776007346,0.081893312,-0.209647865,0.589176153
6.652201030117245,0.087191717,0.61074461,0.783495314,0.074168848,0.783495314,0.074168848,-0.200274534,0.583524463
6.652214290746631,0.092126399,0.601499383,0.790751203,0.066355704,0.790751203,0.066355704,-0.191106443,0.577725261
6.652227862352894,0.09681952,0.592238891,0.797773426,0.058464753,0.797773426,0.058464753,-0.182147978,0.571788831
6.652241752228797,0.101272856,0.582973628,0.804561003,0.050506778,0.804561003,0.050506778,-0.173402905,0.565725526
6.652255967838123,0.105488709,0.573713821,0.811113541,0.042492437,0.811113541,0.042492437,-0.164874379,0.559545728
6.652270516819694,0.109469878,0.564469399,0.817431211,0.034432226,0.817431211,0.034432226,-0.156564959,0.553259806
6.652285406991470,0.113219629,0.555249972,0.82351473,0.026336442,0.82351473,0.026336442,-0.148476615,0.546878079
6.652300646354748,0.116741658,0.546064805,0.829365328,0.018215163,0.829365328,0.018215163,-0.140610756,0.540410778
6.652316243098469,0.120040068,0.536922803,0.834984724,0.010078212,0.834984724,0.010078212,-0.132968242,0.533868014
6.652332205603610,0.123119324,0.527832495,0.840375095,0.001935138,0.840375095,0.001935138,-0.125549413,0.527259747
6.652334795382355,0.123592213,0.526382683,0.841216878,6.3166258065e-4,0.841216878,6.3166258121e-4,-0.124382586,0.526196481
6.652348542447696,0.125984072,0.518801466,0.845537729,-6.20E-03,0.845537729,-6.20E-03,-0.118354098,0.520595606
6.652365262409398,0.128639596,0.509837605,0.85047689,-0.014332849,0.85047689,-0.014332849,-0.111381451,0.513885035
6.652382374473263,0.131091418,0.500947592,0.855196661,-0.022441348,0.855196661,-0.022441348,-0.104629878,0.50713674
6.652399887834534,0.1333452,0.492137568,0.85970114,-0.0305228,0.85970114,-0.0305228,-0.09809741,0.500359106
6.652417811904092,0.135406751,0.48341327,0.863994673,-0.03857012,0.863994673,-0.03857012,-0.091781743,0.49356022
6.652436156313516,0.13728199,0.47478004,0.86808182,-0.046576586,0.86808182,-0.046576586,-0.085680272,0.486747876
6.652454930920253,0.138976924,0.466242835,0.871967329,-0.054535836,0.871967329,-0.054535836,-0.079790116,0.479929563
6.652474145812922,0.140497621,0.457806241,0.875656107,-0.062441857,0.875656107,-0.062441857,-0.074108155,0.473112467
6.652493811316729,0.141850182,0.449474489,0.879153193,-0.070288985,0.879153193,-0.070288985,-0.068631052,0.466303472
6.652500000000001,0.142236244,0.446913861,0.880199026,-0.072708494,0.880199026,-0.072708494,-0.066974404,0.464195624
6.652513937999019,0.143040361,0.441251078,0.882460871,-0.078070991,0.882460871,-0.078070991,-0.06335561,0.459509484
6.652534536674954,0.144074312,0.433142212,0.885584121,-0.085780444,0.885584121,-0.085780444,-0.058279408,0.452739054
6.652555618413322,0.144958375,0.425152506,0.888528952,-0.093411665,0.888528952,-0.093411665,-0.05339902,0.445999259
6.652577194542489,0.145698768,0.417285771,0.891300491,-0.100959293,0.891300491,-0.100959293,-0.048710793,0.439296704
6.652599276656481,0.14630169,0.409545557,0.893903914,-0.108418226,0.893903914,-0.108418226,-0.044210961,0.432637755
6.652621876621221,0.146773301,0.401935191,0.896344416,-0.115783593,0.896344416,-0.115783593,-0.039895676,0.426028552
6.652645006580897,0.1471197,0.39445781,0.898627185,-0.123050726,0.898627185,-0.123050726,-0.035761045,0.419475037
6.652668678964498,0.147346909,0.387116408,0.900757368,-0.130215118,0.900757368,-0.130215118,-0.031803172,0.412982977
6.652692906492481,0.147460851,0.379913878,0.902740043,-0.137272389,0.902740043,-0.137272389,-0.028018196,0.406558001
6.652717702183614,0.147467331,0.372853079,0.90458018,-0.144218223,0.90458018,-0.144218223,-0.024402343,0.400205642
6.652743079361972,0.147372005,0.365936899,0.906282599,-0.151048318,0.906282599,-0.151048318,-0.020951983,0.393931381
6.652769051664094,0.147180357,0.359168345,0.907851918,-0.157758305,0.907851918,-0.157758305,-0.017663696,0.387740708
6.652795633046308,0.146897652,0.352550641,0.909292491,-0.164343662,0.909292491,-0.164343662,-0.014534358,0.381639186
6.652822837792239,0.146528884,0.346087363,0.910608318,-0.17079961,0.910608318,-0.17079961,-0.011561251,0.37563253
6.652850680520475,0.146078699,0.339782626,0.911802929,-0.177120969,0.911802929,-0.177120969,-8.74E-03,0.369726688
6.652879176192430,0.145551305,0.333641463,0.912879216,-0.183301921,0.912879216,-0.183301921,-6.08E-03,0.363927932
6.652908340120378,0.144952592,0.327670465,0.91384029,-0.189335346,0.91384029,-0.189335346,-3.56E-03,0.358242942
6.652938187975684,0.144285171,0.321870591,0.91468783,-0.19521694,0.91468783,-0.19521694,-1.20E-03,0.352678862
6.652968735797224,0.143547235,0.316251462,0.915419482,-0.200938281,0.915419482,-0.200938281,0.00100609,0.347243307
6.653000000000000,0.142739055,0.310823133,0.916032871,-0.206490027,0.916032871,-0.206490027,0.003052156,0.341944236
6.653077128031878,0.140522812,0.298771889,0.916979889,-0.218925539,0.916979889,-0.218925539,0.007216197,0.329964497
6.653152488768568,0.13800077,0.288734591,0.917103321,-0.229459576,0.917103321,-0.229459576,0.010076475,0.319640899
6.653226122705493,0.135045153,0.280306209,0.916382406,-0.238523673,0.916382406,-0.238523673,0.011724371,0.310543565
6.653298069410174,0.131608333,0.272027084,0.915149581,-0.247565985,0.915149581,-0.247565985,0.012863175,0.301334425
6.653368367543487,0.130928836,0.252659576,0.919511292,-0.266798954,0.919511292,-0.266798954,0.022153977,0.283554903
6.653437054880444,0.126442598,0.229549748,0.920290676,-0.290208843,0.920290676,-0.290208843,0.029926728,0.260668982
6.653500000000000,0.125257601,0.222119801,0.919943395,-0.297151315,0.919943395,-0.297151315,0.032656145,0.253651041
6.653504168330486,0.1251675,0.22181371,0.919925604,-0.297470786,0.919925604,-0.297470786,0.032731635,0.253331171
6.653569743957322,0.123534064,0.217382499,0.919632228,-0.302357617,0.919632228,-0.302357617,0.033528848,0.248459818
6.653633816998303,0.121813815,0.213178144,0.91930263,-0.307110467,0.91930263,-0.307110467,0.034131721,0.243722977
6.653696421883359,0.12013639,0.209093532,0.918940105,-0.311707967,0.918940105,-0.311707967,0.034711496,0.239128347
6.653757592253499,0.118527282,0.205168108,0.918553342,-0.316100737,0.918553342,-0.316100737,0.035271027,0.234725509
6.653817360978893,0.11699112,0.201429601,0.918150077,-0.320266521,0.918150077,-0.320266521,0.03580038,0.230538829
6.653875760176525,0.115527069,0.197889078,0.917736599,-0.324200719,0.917736599,-0.324200719,0.036293179,0.226575068
6.653932821227462,0.114132475,0.194546958,0.917317888,-0.327908345,0.917317888,-0.327908345,0.036747005,0.222831089
6.653988574793711,0.112803998,0.191397202,0.91689785,-0.33139931,0.91689785,-0.33139931,0.037162031,0.219298521
6.654000000000001,0.112535932,0.190765964,0.916810686,-0.332098702,0.916810686,-0.332098702,0.037243547,0.218589947
6.654043050834695,0.111538496,0.188430727,0.916479513,-0.334685777,0.916479513,-0.334685777,0.03753991,0.21596647
6.654096278623355,0.110332642,0.185637091,0.91606521,-0.337780691,0.91606521,-0.337780691,0.037883039,0.21282302
6.654148286761876,0.109183186,0.183005332,0.915656723,-0.340696969,0.915656723,-0.340696969,0.038194128,0.209856085
6.654199103197060,0.108087015,0.180524587,0.915255392,-0.343447066,0.915255392,-0.343447066,0.038475941,0.207053884
6.654248755235343,0.107041162,0.178184408,0.914862206,-0.346042755,0.914862206,-0.346042755,0.038731159,0.204405186
6.654297269557464,0.106042819,0.175974926,0.914477882,-0.348495032,0.914477882,-0.348495032,0.038962306,0.201899434
6.654344672232810,0.105089334,0.173886916,0.914102915,-0.350814092,0.914102915,-0.350814092,0.039171714,0.199526787
6.654390988733415,0.104178209,0.171911823,0.913737624,-0.353009342,0.913737624,-0.353009342,0.039361512,0.197278122
6.654436243947654,0.103307096,0.170041738,0.913382196,-0.355089438,0.913382196,-0.355089438,0.039533632,0.195145009
6.654480462193614,0.102473793,0.168269379,0.913036705,-0.357062337,0.913036705,-0.357062337,0.039689816,0.193119674
6.654500000000001,0.102111111,0.167503003,0.912884698,-0.357915901,0.912884698,-0.357915901,0.039755229,0.192242775
6.654523667232167,0.101676231,0.166588045,0.912701145,-0.358935341,0.912701145,-0.358935341,0.039831629,0.191194955
6.654565882279729,0.100912472,0.164991575,0.912375439,-0.360715157,0.912375439,-0.360715157,0.039960477,0.189364258
6.654607130020741,0.100180701,0.163474311,0.912059462,-0.362407944,0.912059462,-0.362407944,0.040077619,0.187621511
6.654647432619858,0.099479215,0.162031047,0.911753051,-0.364019361,0.911753051,-0.364019361,0.040184187,0.185961119
6.654686811733860,0.098806419,0.160656998,0.91145601,-0.365554613,0.91145601,-0.365554613,0.04028119,0.184377927
6.654725288523284,0.09816082,0.15934776,0.911168124,-0.367018491,0.911168124,-0.367018491,0.040369536,0.182867176
6.654762883663804,0.097541016,0.158099276,0.910889163,-0.368415409,0.910889163,-0.368415409,0.040450038,0.181424476
6.654799617357335,0.096945692,0.156907803,0.910618885,-0.369749438,0.910618885,-0.369749438,0.040523426,0.180045767
6.654835509342886,0.096373615,0.155769889,0.910357043,-0.371024339,0.910357043,-0.371024339,0.040590355,0.178727293
6.654870578907175,0.095823629,0.154682344,0.910103385,-0.372243587,0.910103385,-0.372243587,0.040651416,0.177465576
6.654904844894986,0.095294648,0.153642214,0.90985766,-0.3734104,0.90985766,-0.3734104,0.040707138,0.17625739
6.654938325719299,0.09478565,0.152646768,0.909619618,-0.374527761,0.909619618,-0.374527761,0.040758003,0.175099741
6.654971039371180,0.094295677,0.15169347,0.909389011,-0.375598436,0.909389011,-0.375598436,0.04080444,0.17398985
6.655000000000000,0.093867874,0.150865062,0.909186506,-0.376529347,0.909186506,-0.376529347,0.040842978,0.173024355
6.655003003429456,0.093823825,0.15077997,0.909165593,-0.376624996,0.909165593,-0.376624996,0.04084684,0.172925127
6.655034235070151,0.093369244,0.149904081,0.908949127,-0.377609831,0.908949127,-0.377609831,0.040885556,0.171903165
6.655064751075729,0.092931136,0.14906377,0.908739379,-0.378555167,0.908739379,-0.378555167,0.040920907,0.170921718
6.655094567844095,0.092508744,0.148257144,0.908536121,-0.379463077,0.908536121,-0.379463077,0.040953182,0.169978688
6.655123701397424,0.092101358,0.147482437,0.908339132,-0.380335498,0.908339132,-0.380335498,0.040982643,0.169072119
6.655152167390758,0.091708306,0.146738003,0.908148197,-0.381174236,0.908148197,-0.381174236,0.041009529,0.168200179
6.655179981120423,0.091328954,0.1460223,0.907963108,-0.381980983,0.907963108,-0.381980983,0.041034055,0.167361155
6.655207157532249,0.090962703,0.14533389,0.907783665,-0.38275732,0.907783665,-0.38275732,0.041056419,0.166553441
6.655233711229601,0.090608987,0.144671425,0.907609674,-0.38350473,0.907609674,-0.38350473,0.0410768,0.16577553
6.655259656481223,0.090267269,0.144033642,0.907440945,-0.384224603,0.907440945,-0.384224603,0.041095361,0.165026009
6.655285007228913,0.089937043,0.143419355,0.9072773,-0.384918245,0.9072773,-0.384918245,0.041112252,0.164303548
6.655309777095004,0.089617827,0.142827453,0.907118563,-0.38558688,0.907118563,-0.38558688,0.041127608,0.163606899
6.655333979389694,0.089309167,0.14225689,0.906964567,-0.386231663,0.906964567,-0.386231663,0.041141555,0.162934886
6.655357627118192,0.089010629,0.141706683,0.906815149,-0.386853679,0.906815149,-0.386853679,0.041154206,0.1622864
6.655380732987709,0.088721805,0.141175905,0.906670154,-0.387453951,0.906670154,-0.387453951,0.041165665,0.161660397
6.655403309414284,0.088442305,0.140663686,0.906529431,-0.388033443,0.906529431,-0.388033443,0.041176028,0.16105589
6.655425368529461,0.088171758,0.140169202,0.906392837,-0.388593065,0.906392837,-0.388593065,0.041185383,0.16047195
6.655446922186802,0.087909814,0.139691678,0.906260232,-0.389133676,0.906260232,-0.389133676,0.041193809,0.159907696
6.655467981968259,0.087656137,0.139230381,0.906131483,-0.389656089,0.906131483,-0.389656089,0.041201382,0.159362296
6.655488559190399,0.08741041,0.138784617,0.906006461,-0.390161071,0.906006461,-0.390161071,0.041208168,0.158834963
6.655500000000000,0.087274692,0.138538868,0.905937281,-0.390439535,0.905937281,-0.390439535,0.041211685,0.158544119
6.655508664910482,0.087172329,0.138353731,0.905885042,-0.390649351,0.905885042,-0.390649351,0.041214229,0.158324949
6.655528309932405,0.086941606,0.137937104,0.905767108,-0.391121616,0.905767108,-0.391121616,0.041219624,0.157831549
6.655547504812507,0.086717965,0.137534148,0.905652543,-0.391578521,0.905652543,-0.391578521,0.041224406,0.157354092
6.655566259865242,0.086501144,0.137144306,0.905541237,-0.392020683,0.905541237,-0.392020683,0.041228622,0.15689194
6.655584585168719,0.086290893,0.13676705,0.905433084,-0.392448693,0.905433084,-0.392448693,0.041232317,0.156444489
6.655602490570121,0.086086973,0.136401879,0.905327981,-0.392863107,0.905327981,-0.392863107,0.041235534,0.156011165
6.655619985690993,0.085889158,0.136048317,0.905225831,-0.393264458,0.905225831,-0.393264458,0.041238309,0.155591421
6.655637079932417,0.085697229,0.13570591,0.905126539,-0.393653249,0.905126539,-0.393653249,0.041240679,0.155184737
6.655653782480056,0.08551098,0.135374228,0.905030012,-0.394029961,0.905030012,-0.394029961,0.041242676,0.154790619
6.655670102309100,0.085330211,0.13505286,0.904936165,-0.394395051,0.904936165,-0.394395051,0.041244329,0.154408595
6.655686048189080,0.085154734,0.134741415,0.904844912,-0.394748954,0.904844912,-0.394748954,0.041245667,0.154038214
6.655701628688585,0.084984366,0.134439519,0.904756172,-0.395092085,0.904756172,-0.395092085,0.041246715,0.15367905
6.655716852179864,0.08481893,0.134146816,0.904669867,-0.395424838,0.904669867,-0.395424838,0.041247497,0.153330692
6.655731726843328,0.084658259,0.133862967,0.904585922,-0.395747591,0.904585922,-0.395747591,0.041248035,0.15299275
6.655746260671942,0.084502191,0.133587649,0.904504264,-0.396060704,0.904504264,-0.396060704,0.041248349,0.152664851
6.655760461475522,0.084350569,0.133320553,0.904424823,-0.396364521,0.904424823,-0.396364521,0.041248458,0.152346639
6.655774336884933,0.084203244,0.133061386,0.904347531,-0.396659372,0.904347531,-0.396659372,0.041248379,0.152037772
6.655787894356188,0.084060075,0.132809867,0.904272323,-0.396945572,0.904272323,-0.396945572,0.041248128,0.151737926
6.655801141174453,0.083920924,0.132565728,0.904199135,-0.397223423,0.904199135,-0.397223423,0.041247721,0.151446787
6.655814084457965,0.083785661,0.132328712,0.904127907,-0.397493212,0.904127907,-0.397493212,0.041247171,0.151164058
6.655826731161852,0.083654159,0.132098574,0.90405858,-0.397755217,0.90405858,-0.397755217,0.04124649,0.150889451
6.655839088081878,0.083526299,0.131875078,0.903991096,-0.398009701,0.903991096,-0.398009701,0.041245691,0.150622694
6.655851161858088,0.083401963,0.131657999,0.903925402,-0.39825692,0.903925402,-0.39825692,0.041244785,0.150363523
6.655862958978378,0.083281041,0.13144712,0.903861444,-0.398497115,0.903861444,-0.398497115,0.041243782,0.150111685
6.655874485781982,0.083163426,0.131242235,0.903799171,-0.39873052,0.903799171,-0.39873052,0.041242691,0.14986694
6.655885748462880,0.083049014,0.131043144,0.903738534,-0.398957358,0.903738534,-0.398957358,0.041241521,0.149629054
6.655896753073121,0.082937706,0.130849657,0.903679485,-0.399177845,0.903679485,-0.399177845,0.04124028,0.149397805
6.655907505526083,0.082829406,0.13066159,0.903621977,-0.399392187,0.903621977,-0.399392187,0.041238975,0.149172979
6.655918011599643,0.082724022,0.130478768,0.903565968,-0.399600581,0.903565968,-0.399600581,0.041237614,0.14895437
6.655928276939286,0.082621466,0.130301021,0.903511413,-0.399803218,0.903511413,-0.399803218,0.041236203,0.148741779
6.655938307061136,0.082521651,0.130128187,0.903458271,-0.400000281,0.903458271,-0.400000281,0.041234748,0.148535017
6.655948107354925,0.082424495,0.129960109,0.903406501,-0.400191947,0.903406501,-0.400191947,0.041233254,0.148333901
6.655957683086884,0.082329918,0.129796637,0.903356065,-0.400378383,0.903356065,-0.400378383,0.041231727,0.148138255
6.655967039402573,0.082237844,0.129637628,0.903306925,-0.400559754,0.903306925,-0.400559754,0.04123017,0.147947908
6.655976181329651,0.082148198,0.12948294,0.903259044,-0.400736216,0.903259044,-0.400736216,0.04122859,0.147762698
6.655985113780570,0.08206091,0.129332442,0.903212388,-0.400907921,0.903212388,-0.400907921,0.041226988,0.147582467
6.655993841555225,0.081975908,0.129186003,0.903166922,-0.401075013,0.903166922,-0.401075013,0.041225371,0.147407064
6.656000000000001,0.081916101,0.129083036,0.903134912,-0.401192514,0.903134912,-0.401192514,0.041224197,0.14728371
6.656002369343522,0.081893128,0.1290435,0.903122612,-0.401237632,0.903122612,-0.401237632,0.041223739,0.147236342
6.656010701727905,0.081812504,0.128904813,0.903079428,-0.401395915,0.903079428,-0.401395915,0.041222098,0.147070162
6.656018843185820,0.081733975,0.128769826,0.903037337,-0.401549992,0.903037337,-0.401549992,0.041220449,0.146908386
6.656026798092114,0.081657479,0.128638428,0.902996311,-0.401699987,0.902996311,-0.401699987,0.041218796,0.146750885
6.656034570721390,0.08158296,0.128510512,0.902956318,-0.401846023,0.902956318,-0.401846023,0.041217141,0.14659753
6.656042165250305,0.081510359,0.128385974,0.902917333,-0.401988216,0.902917333,-0.401988216,0.041215486,0.146448202
6.656049585759813,0.081439624,0.128264714,0.902879326,-0.402126679,0.902879326,-0.402126679,0.041213833,0.146302781
6.656056836237356,0.081370702,0.128146637,0.902842273,-0.402261522,0.902842273,-0.402261522,0.041212184,0.146161153
6.656063920579013,0.081303541,0.128031649,0.902806145,-0.402392849,0.902806145,-0.402392849,0.041210542,0.14602321
6.656070842591582,0.081238092,0.127919659,0.90277092,-0.402520763,0.90277092,-0.402520763,0.041208907,0.145888844
6.656077605994639,0.081174308,0.127810582,0.902736573,-0.402645361,0.902736573,-0.402645361,0.041207281,0.145757953
6.656084214422529,0.081112142,0.127704333,0.90270308,-0.402766739,0.90270308,-0.402766739,0.041205665,0.145630438
6.656090671426319,0.08105155,0.127600831,0.902670418,-0.402884989,0.902670418,-0.402884989,0.041204061,0.145506203
6.656096980475708,0.080992489,0.127499997,0.902638566,-0.403000199,0.902638566,-0.403000199,0.04120247,0.145385155
6.656103144960891,0.080934916,0.127401757,0.902607501,-0.403112456,0.902607501,-0.403112456,0.041200893,0.145267204
6.656109168194383,0.08087879,0.127306036,0.902577204,-0.403221842,0.902577204,-0.403221842,0.04119933,0.145152263
6.656115053412794,0.080824073,0.127212763,0.902547654,-0.403328438,0.902547654,-0.403328438,0.041197783,0.145040249
6.656120803778571,0.080770726,0.127121871,0.902518831,-0.403432322,0.902518831,-0.403432322,0.041196251,0.14493108
6.656126422381701,0.080718712,0.127033292,0.902490716,-0.403533569,0.902490716,-0.403533569,0.041194737,0.144824677
6.656131912241363,0.080667996,0.126946963,0.902463292,-0.403632252,0.902463292,-0.403632252,0.04119324,0.144720964
6.656137276307557,0.080618542,0.12686282,0.902436539,-0.403728441,0.902436539,-0.403728441,0.041191761,0.144619866
6.656142517462689,0.080570317,0.126780804,0.90241044,-0.403822206,0.90241044,-0.403822206,0.0411903,0.144521313
6.656147638523116,0.080523288,0.126700856,0.902384979,-0.403913612,0.902384979,-0.403913612,0.041188858,0.144425236
6.656152642240661,0.080477423,0.12662292,0.902360139,-0.404002724,0.902360139,-0.404002724,0.041187436,0.144331566
6.656157531304095,0.080432691,0.126546941,0.902335904,-0.404089603,0.902335904,-0.404089603,0.041186032,0.144240239
6.656162308340578,0.080389063,0.126472866,0.902312259,-0.404174311,0.902312259,-0.404174311,0.041184649,0.144151191
6.656166975917071,0.08034651,0.126400643,0.902289188,-0.404256906,0.902289188,-0.404256906,0.041183285,0.144064361
6.656171536541718,0.080305002,0.126330222,0.902266677,-0.404337444,0.902266677,-0.404337444,0.041181941,0.143979691
6.656175992665188,0.080264514,0.126261556,0.902244711,-0.40441598,0.902244711,-0.40441598,0.041180617,0.143897122
6.656180346682000,0.080225018,0.126194596,0.902223276,-0.404492569,0.902223276,-0.404492569,0.041179313,0.143816598
6.656184600931805,0.080186489,0.126129298,0.90220236,-0.404567261,0.90220236,-0.404567261,0.04117803,0.143738065
6.656188757700642,0.080148901,0.126065617,0.902181948,-0.404640106,0.902181948,-0.404640106,0.041176767,0.143661471
6.656192819222169,0.08011223,0.12600351,0.902162029,-0.404711155,0.902162029,-0.404711155,0.041175524,0.143586764
6.656196787678863,0.080076453,0.125942936,0.902142589,-0.404780453,0.902142589,-0.404780453,0.041174302,0.143513895
6.656200665203190,0.080041546,0.125883855,0.902123617,-0.404848047,0.902123617,-0.404848047,0.0411731,0.143442816
6.656204453878756,0.080007487,0.125826227,0.902105101,-0.404913982,0.902105101,-0.404913982,0.041171918,0.14337348
6.656208155741422,0.079974255,0.125770014,0.902087029,-0.404978301,0.902087029,-0.404978301,0.041170756,0.143305842
6.656211772780400,0.079941828,0.12571518,0.902069391,-0.405041045,0.902069391,-0.405041045,0.041169614,0.143239857
6.656215306939324,0.079910185,0.125661688,0.902052175,-0.405102256,0.902052175,-0.405102256,0.041168491,0.143175484
6.656218760117287,0.079879308,0.125609503,0.902035371,-0.405161973,0.902035371,-0.405161973,0.041167389,0.143112679
6.656222134169870,0.079849176,0.125558592,0.902018969,-0.405220235,0.902018969,-0.405220235,0.041166306,0.143051403
6.656225430910137,0.079819771,0.125508922,0.902002958,-0.405277079,0.902002958,-0.405277079,0.041165242,0.142991616
6.656228652109603,0.079791073,0.125460461,0.90198733,-0.405332543,0.90198733,-0.405332543,0.041164198,0.142933281
6.656231799499196,0.079763067,0.125413178,0.901972074,-0.40538666,0.901972074,-0.40538666,0.041163172,0.14287636
6.656234874770178,0.079735733,0.125367042,0.901957182,-0.405439466,0.901957182,-0.405439466,0.041162166,0.142820817
6.656237879575059,0.079709056,0.125322025,0.901942644,-0.405490993,0.901942644,-0.405490993,0.041161178,0.142766617
6.656240815528487,0.079683018,0.125278098,0.901928451,-0.405541275,0.901928451,-0.405541275,0.041160209,0.142713726
6.656243684208106,0.079657604,0.125235232,0.901914596,-0.405590343,0.901914596,-0.405590343,0.041159257,0.142662112
6.656246487155416,0.079632798,0.125193402,0.90190107,-0.405638228,0.90190107,-0.405638228,0.041158324,0.14261174
6.656249225876592,0.079608585,0.125152581,0.901887864,-0.405684959,0.901887864,-0.405684959,0.041157409,0.142562581
6.656251901843298,0.07958495,0.125112743,0.901874972,-0.405730567,0.901874972,-0.405730567,0.041156511,0.142514604
6.656254516493477,0.079561879,0.125073864,0.901862384,-0.405775078,0.901862384,-0.405775078,0.04115563,0.142467778
6.656257071232122,0.079539359,0.125035919,0.901850095,-0.40581852,0.901850095,-0.40581852,0.041154767,0.142422076
6.656259567432033,0.079517374,0.124998886,0.901838096,-0.405860921,0.901838096,-0.405860921,0.04115392,0.142377469
6.656262006434554,0.079495913,0.12496274,0.901826381,-0.405902306,0.901826381,-0.405902306,0.04115309,0.14233393
6.656264389550295,0.079474962,0.124927461,0.901814942,-0.405942701,0.901814942,-0.405942701,0.041152276,0.142291432
6.656266718059833,0.079454509,0.124893026,0.901803774,-0.405982129,0.901803774,-0.405982129,0.041151478,0.142249949
6.656268993214403,0.079434541,0.124859414,0.901792868,-0.406020617,0.901792868,-0.406020617,0.041150696,0.142209457
6.656271216236568,0.079415047,0.124826606,0.90178222,-0.406058185,0.90178222,-0.406058185,0.04114993,0.14216993
6.656273388320879,0.079396015,0.12479458,0.901771822,-0.406094859,0.901771822,-0.406094859,0.041149179,0.142131344
6.656275510634517,0.079377433,0.124763318,0.901761669,-0.406130658,0.901761669,-0.406130658,0.041148443,0.142093677
6.656277584317915,0.079359291,0.124732801,0.901751755,-0.406165606,0.901751755,-0.406165606,0.041147723,0.142056906
6.656279610485377,0.079341579,0.12470301,0.901742074,-0.406199723,0.901742074,-0.406199723,0.041147016,0.142021008
6.656281590225671,0.079324284,0.124673927,0.901732621,-0.40623303,0.901732621,-0.40623303,0.041146324,0.141985963
6.656283524602620,0.079307398,0.124645536,0.901723389,-0.406265545,0.901723389,-0.406265545,0.041145647,0.141951749
6.656285414655671,0.079290911,0.124617818,0.901714374,-0.40629729,0.901714374,-0.40629729,0.041144983,0.141918346
6.656287261400452,0.079274812,0.124590758,0.901705571,-0.406328282,0.901705571,-0.406328282,0.041144333,0.141885734
6.656289065829318,0.079259092,0.124564339,0.901696974,-0.406358541,0.901696974,-0.406358541,0.041143696,0.141853894
6.656290828911889,0.079243743,0.124538546,0.901688578,-0.406388083,0.901688578,-0.406388083,0.041143072,0.141822807
6.656292551595563,0.079228755,0.124513363,0.901680379,-0.406416927,0.901680379,-0.406416927,0.041142462,0.141792455
6.656294234806032,0.079214119,0.124488776,0.901672372,-0.40644509,0.901672372,-0.40644509,0.041141864,0.141762819
6.656295879447778,0.079199828,0.12446477,0.901664552,-0.406472587,0.901664552,-0.406472587,0.041141278,0.141733883
6.656297486404556,0.079185872,0.124441331,0.901656915,-0.406499436,0.901656915,-0.406499436,0.041140705,0.141705629
6.656299056539869,0.079172244,0.124418445,0.901649457,-0.406525652,0.901649457,-0.406525652,0.041140144,0.141678042
6.656300590697440,0.079158935,0.124396098,0.901642173,-0.40655125,0.901642173,-0.40655125,0.041139595,0.141651103
6.656302089701653,0.079145939,0.124374278,0.901635059,-0.406576245,0.901635059,-0.406576245,0.041139057,0.141624799
6.656303554358005,0.079133247,0.124352972,0.901628111,-0.406600652,0.901628111,-0.406600652,0.041138531,0.141599114
6.656304985453534,0.079120853,0.124332168,0.901621325,-0.406624484,0.901621325,-0.406624484,0.041138015,0.141574033
6.656306383757248,0.079108749,0.124311853,0.901614697,-0.406647757,0.901614697,-0.406647757,0.041137511,0.141549541
6.656307750020530,0.079096928,0.124292015,0.901608224,-0.406670483,0.901608224,-0.406670483,0.041137017,0.141525624
6.656309084977548,0.079085384,0.124272644,0.901601902,-0.406692675,0.901601902,-0.406692675,0.041136534,0.141502268
6.656310389345648,0.07907411,0.124253727,0.901595727,-0.406714347,0.901595727,-0.406714347,0.041136062,0.14147946
6.656311663825735,0.079063099,0.124235255,0.901589696,-0.40673551,0.901589696,-0.40673551,0.041135599,0.141457187
6.656312909102660,0.079052345,0.124217215,0.901583805,-0.406756177,0.901583805,-0.406756177,0.041135146,0.141435435
6.656314125845577,0.079041843,0.124199599,0.901578051,-0.40677636,0.901578051,-0.40677636,0.041134703,0.141414193
6.656315314708307,0.079031585,0.124182395,0.901572431,-0.406796071,0.901572431,-0.406796071,0.04113427,0.141393449
6.656316476329692,0.079021567,0.124165594,0.901566942,-0.40681532,0.901566942,-0.40681532,0.041133846,0.141373189
6.656317611333932,0.079011783,0.124149186,0.90156158,-0.406834119,0.90156158,-0.406834119,0.041133431,0.141353404
6.656318720330929,0.079002227,0.124133163,0.901556343,-0.406852478,0.901556343,-0.406852478,0.041133025,0.141334081
6.656319803916606,0.078992893,0.124117514,0.901551228,-0.406870408,0.901551228,-0.406870408,0.041132628,0.141315209
6.656320862673234,0.078983777,0.12410223,0.901546232,-0.40688792,0.901546232,-0.40688792,0.041132239,0.141296778
6.656321897169740,0.078974873,0.124087304,0.901541351,-0.406905022,0.901541351,-0.406905022,0.041131859,0.141278777
6.656322907962014,0.078966176,0.124072726,0.901536584,-0.406921726,0.901536584,-0.406921726,0.041131488,0.141261197
6.656323895593212,0.078957682,0.124058489,0.901531927,-0.406938039,0.901531927,-0.406938039,0.041131124,0.141244026
6.656324860594038,0.078949385,0.124044584,0.901527378,-0.406953972,0.901527378,-0.406953972,0.041130768,0.141227255
6.656325803483043,0.078941281,0.124031003,0.901522935,-0.406969534,0.901522935,-0.406969534,0.04113042,0.141210876
6.656326724766892,0.078933365,0.124017738,0.901518595,-0.406984733,0.901518595,-0.406984733,0.04113008,0.141194878
6.656327624940640,0.078925634,0.124004783,0.901514356,-0.406999578,0.901514356,-0.406999578,0.041129747,0.141179252
6.656328504487999,0.078918082,0.12399213,0.901510214,-0.407014078,0.901510214,-0.407014078,0.041129421,0.141163991
6.656329363881600,0.078910705,0.123979771,0.901506169,-0.40702824,0.901506169,-0.40702824,0.041129102,0.141149084
6.656330203583239,0.0789035,0.1239677,0.901502217,-0.407042072,0.901502217,-0.407042072,0.041128791,0.141134524
6.656331024044134,0.078896462,0.123955909,0.901498357,-0.407055583,0.901498357,-0.407055583,0.041128486,0.141120303
6.656331825705165,0.078889587,0.123944393,0.901494586,-0.40706878,0.901494586,-0.40706878,0.041128188,0.141106412
6.656332608997107,0.078882871,0.123933145,0.901490903,-0.407081669,0.901490903,-0.407081669,0.041127897,0.141092844
6.656333374340866,0.078876312,0.123922159,0.901487304,-0.40709426,0.901487304,-0.40709426,0.041127612,0.141079592
6.656334122147701,0.078869904,0.123911427,0.901483789,-0.407106558,0.901483789,-0.407106558,0.041127333,0.141066647
6.656334852819451,0.078863645,0.123900945,0.901480355,-0.40711857,0.901480355,-0.40711857,0.041127061,0.141054002
6.656335566748744,0.078857531,0.123890706,0.901477001,-0.407130303,0.901477001,-0.407130303,0.041126794,0.141041651
6.656336264319215,0.078851558,0.123880705,0.901473724,-0.407141765,0.901473724,-0.407141765,0.041126534,0.141029587
6.656336945905706,0.078845724,0.123870936,0.901470523,-0.40715296,0.901470523,-0.40715296,0.041126279,0.141017802
6.656337611874470,0.078840025,0.123861394,0.901467396,-0.407163895,0.901467396,-0.407163895,0.04112603,0.141006291
6.656338262583369,0.078834458,0.123852073,0.901464341,-0.407174577,0.901464341,-0.407174577,0.041125786,0.140995047
6.656338898382064,0.078829019,0.123842968,0.901461356,-0.407185012,0.901461356,-0.407185012,0.041125548,0.140984063
6.656339519612203,0.078823707,0.123834075,0.901458441,-0.407195204,0.901458441,-0.407195204,0.041125315,0.140973334
6.656340126607608,0.078818517,0.123825387,0.901455593,-0.407205161,0.901455593,-0.407205161,0.041125087,0.140962853
6.656340719694451,0.078813447,0.123816901,0.901452811,-0.407214887,0.901452811,-0.407214887,0.041124865,0.140952615
6.656341299191428,0.078808495,0.123808611,0.901450092,-0.407224387,0.901450092,-0.407224387,0.041124647,0.140942614
6.656341865409937,0.078803657,0.123800513,0.901447437,-0.407233668,0.901447437,-0.407233668,0.041124434,0.140932844
6.656342418654236,0.078798931,0.123792603,0.901444843,-0.407242734,0.901444843,-0.407242734,0.041124226,0.140923301
6.656342959221615,0.078794314,0.123784876,0.901442309,-0.40725159,0.901442309,-0.40725159,0.041124022,0.140913978
6.656343487402547,0.078789803,0.123777327,0.901439833,-0.407260241,0.901439833,-0.407260241,0.041123824,0.140904871
6.656344003480855,0.078785397,0.123769954,0.901437414,-0.407268692,0.901437414,-0.407268692,0.041123629,0.140895975
6.656344507733856,0.078781093,0.12376275,0.901435051,-0.407276948,0.901435051,-0.407276948,0.041123439,0.140887284
6.656345000432511,0.078776888,0.123755714,0.901432743,-0.407285012,0.901432743,-0.407285012,0.041123253,0.140878795
6.656345481841575,0.07877278,0.12374884,0.901430487,-0.407292891,0.901430487,-0.407292891,0.041123071,0.140870501
6.656345952219735,0.078768767,0.123742125,0.901428284,-0.407300587,0.901428284,-0.407300587,0.041122894,0.140862399
6.656346411819750,0.078764847,0.123735565,0.901426132,-0.407308105,0.901426132,-0.407308105,0.04112272,0.140854484
6.656346860888589,0.078761017,0.123729157,0.901424029,-0.40731545,0.901424029,-0.40731545,0.04112255,0.140846753
6.656347299667561,0.078757275,0.123722897,0.901421975,-0.407322625,0.901421975,-0.407322625,0.041122384,0.140839199
6.656347728392446,0.07875362,0.123716781,0.901419967,-0.407329634,0.901419967,-0.407329634,0.041122222,0.14083182
6.656348147293620,0.078750049,0.123710807,0.901418007,-0.407336482,0.901418007,-0.407336482,0.041122064,0.140824612
6.656348556596183,0.07874656,0.123704971,0.901416091,-0.407343171,0.901416091,-0.407343171,0.041121909,0.14081757
6.656348956520075,0.078743152,0.123699269,0.901414219,-0.407349706,0.901414219,-0.407349706,0.041121757,0.14081069
6.656349347280196,0.078739822,0.123693699,0.901412391,-0.407356091,0.901412391,-0.407356091,0.041121609,0.140803969
6.656349729086524,0.078736569,0.123688258,0.901410605,-0.407362328,0.901410605,-0.407362328,0.041121464,0.140797403
6.656350102144224,0.078733391,0.123682942,0.901408859,-0.407368421,0.901408859,-0.407368421,0.041121323,0.140790989
6.656350466653760,0.078730286,0.123677748,0.901407154,-0.407374373,0.901407154,-0.407374373,0.041121184,0.140784723
6.656350822811001,0.078727253,0.123672675,0.901405489,-0.407380188,0.901405489,-0.407380188,0.041121049,0.140778601
6.656351170807333,0.07872429,0.123667718,0.901403861,-0.407385869,0.901403861,-0.407385869,0.041120917,0.14077262
6.656351510829751,0.078721395,0.123662876,0.901402271,-0.407391419,0.901402271,-0.407391419,0.041120788,0.140766777
6.656351843060968,0.078718566,0.123658146,0.901400718,-0.407396842,0.901400718,-0.407396842,0.041120662,0.140761069
6.656352167679510,0.078715803,0.123653524,0.9013992,-0.407402139,0.9013992,-0.407402139,0.041120538,0.140755492
6.656352484859813,0.078713103,0.123649009,0.901397717,-0.407407314,0.901397717,-0.407407314,0.041120417,0.140750044
6.656352794772315,0.078710466,0.123644598,0.901396269,-0.40741237,0.901396269,-0.40741237,0.0411203,0.140744722
6.656353097583547,0.078707889,0.123640289,0.901394853,-0.407417309,0.901394853,-0.407417309,0.041120184,0.140739522
6.656353393456228,0.078705372,0.123636079,0.90139347,-0.407422135,0.90139347,-0.407422135,0.041120072,0.140734441
6.656353682549345,0.078702912,0.123631966,0.901392119,-0.407426849,0.901392119,-0.407426849,0.041119962,0.140729478
6.656353965018245,0.07870051,0.123627948,0.901390799,-0.407431455,0.901390799,-0.407431455,0.041119854,0.140724629
6.656354241014713,0.078698162,0.123624022,0.90138951,-0.407435955,0.90138951,-0.407435955,0.041119749,0.140719892
6.656354510687058,0.078695868,0.123620187,0.90138825,-0.407440351,0.90138825,-0.407440351,0.041119646,0.140715264
6.656354774180188,0.078693628,0.12361644,0.901387019,-0.407444646,0.901387019,-0.407444646,0.041119546,0.140710742
6.656355031635692,0.078691438,0.12361278,0.901385816,-0.407448842,0.901385816,-0.407448842,0.041119447,0.140706325
6.656355283191917,0.078689299,0.123609203,0.901384641,-0.407452941,0.901384641,-0.407452941,0.041119351,0.140702009
6.656355528984036,0.07868721,0.123605709,0.901383493,-0.407456946,0.901383493,-0.407456946,0.041119258,0.140697793
6.656355769144128,0.078685168,0.123602296,0.901382372,-0.407460859,0.901382372,-0.407460859,0.041119166,0.140693673
6.656356003801242,0.078683174,0.12359896,0.901381276,-0.407464682,0.901381276,-0.407464682,0.041119076,0.140689648
6.656356233081473,0.078681225,0.123595702,0.901380205,-0.407468417,0.901380205,-0.407468417,0.041118989,0.140685716
6.656356457108026,0.078679321,0.123592519,0.901379159,-0.407472066,0.901379159,-0.407472066,0.041118903,0.140681875
6.656356676001283,0.078677461,0.123589409,0.901378137,-0.407475631,0.901378137,-0.407475631,0.04111882,0.140678121
6.656356889878866,0.078675643,0.12358637,0.901377139,-0.407479114,0.901377139,-0.407479114,0.041118738,0.140674455
6.656357098855706,0.078673867,0.123583402,0.901376163,-0.407482517,0.901376163,-0.407482517,0.041118658,0.140670872
6.656357303044095,0.078672133,0.123580501,0.90137521,-0.407485842,0.90137521,-0.407485842,0.04111858,0.140667372
6.656357502553754,0.078670438,0.123577667,0.901374279,-0.40748909,0.901374279,-0.40748909,0.041118504,0.140663952
6.656357697491893,0.078668782,0.123574899,0.901373369,-0.407492264,0.901373369,-0.407492264,0.041118429,0.140660611
6.656357887963259,0.078667164,0.123572194,0.90137248,-0.407495364,0.90137248,-0.407495364,0.041118356,0.140657347
6.656358074070206,0.078665583,0.123569551,0.901371611,-0.407498393,0.901371611,-0.407498393,0.041118285,0.140654158
6.656358255912738,0.078664038,0.12356697,0.901370763,-0.407501353,0.901370763,-0.407501353,0.041118215,0.140651042
6.656358433588570,0.078662529,0.123564447,0.901369934,-0.407504245,0.901369934,-0.407504245,0.041118147,0.140647998
6.656358607193176,0.078661055,0.123561983,0.901369123,-0.40750707,0.901369123,-0.40750707,0.041118081,0.140645023
6.656358776819843,0.078659615,0.123559575,0.901368332,-0.40750983,0.901368332,-0.40750983,0.041118016,0.140642117
6.656358942559720,0.078658207,0.123557222,0.901367559,-0.407512527,0.901367559,-0.407512527,0.041117952,0.140639278
6.656359104501870,0.078656832,0.123554924,0.901366803,-0.407515161,0.901366803,-0.407515161,0.04111789,0.140636504
6.656359262733313,0.078655489,0.123552678,0.901366065,-0.407517735,0.901366065,-0.407517735,0.04111783,0.140633794
6.656359417339074,0.078654176,0.123550484,0.901365344,-0.407520251,0.901365344,-0.407520251,0.041117771,0.140631146
6.656359568402230,0.078652894,0.12354834,0.901364639,-0.407522708,0.901364639,-0.407522708,0.041117713,0.140628559
6.656359716003959,0.078651641,0.123546246,0.90136395,-0.407525109,0.90136395,-0.407525109,0.041117656,0.140626032
6.656359860223573,0.078650417,0.1235442,0.901363278,-0.407527454,0.901363278,-0.407527454,0.041117601,0.140623562
6.656360001138570,0.078649221,0.123542201,0.90136262,-0.407529746,0.90136262,-0.407529746,0.041117547,0.140621149
6.656360138824671,0.078648052,0.123540247,0.901361978,-0.407531985,0.901361978,-0.407531985,0.041117494,0.140618792
6.656360273355862,0.07864691,0.123538339,0.901361351,-0.407534173,0.901361351,-0.407534173,0.041117442,0.140616489
6.656360404804434,0.078645795,0.123536474,0.901360738,-0.40753631,0.901360738,-0.40753631,0.041117392,0.140614238
6.656360533241022,0.078644705,0.123534652,0.901360139,-0.407538399,0.901360139,-0.407538399,0.041117343,0.14061204
6.656360658734642,0.07864364,0.123532872,0.901359553,-0.407540439,0.901359553,-0.407540439,0.041117295,0.140609892
6.656360781352729,0.078642599,0.123531133,0.901358982,-0.407542433,0.901358982,-0.407542433,0.041117247,0.140607793
6.656360901161169,0.078641583,0.123529434,0.901358423,-0.40754438,0.901358423,-0.40754438,0.041117202,0.140605742
6.656361018224346,0.078640589,0.123527774,0.901357877,-0.407546283,0.901357877,-0.407546283,0.041117157,0.140603739
6.656361132605161,0.078639619,0.123526152,0.901357344,-0.407548143,0.901357344,-0.407548143,0.041117113,0.140601781
6.656361244365080,0.078638671,0.123524568,0.901356823,-0.407549959,0.901356823,-0.407549959,0.04111707,0.140599868
6.656361353564155,0.078637744,0.123523019,0.901356314,-0.407551734,0.901356314,-0.407551734,0.041117028,0.140598
6.656361460261066,0.078636839,0.123521506,0.901355816,-0.407553468,0.901355816,-0.407553468,0.041116987,0.140596174
6.656361564513147,0.078635955,0.123520028,0.90135533,-0.407555163,0.90135533,-0.407555163,0.041116947,0.14059439
6.656361666376418,0.078635091,0.123518584,0.901354855,-0.407556818,0.901354855,-0.407556818,0.041116908,0.140592647
6.656361765905615,0.078634246,0.123517173,0.901354391,-0.407558436,0.901354391,-0.407558436,0.041116869,0.140590944
6.656361863154223,0.078633422,0.123515795,0.901353938,-0.407560016,0.901353938,-0.407560016,0.041116832,0.14058928
6.656361958174496,0.078632616,0.123514448,0.901353495,-0.40756156,0.901353495,-0.40756156,0.041116796,0.140587655
6.656362051017496,0.078631828,0.123513132,0.901353062,-0.407563069,0.901353062,-0.407563069,0.04111676,0.140586066
6.656362141733110,0.078631059,0.123511846,0.901352639,-0.407564543,0.901352639,-0.407564543,0.041116725,0.140584515
6.656362230370086,0.078630307,0.12351059,0.901352226,-0.407565983,0.901352226,-0.407565983,0.041116691,0.140582998
6.656362316976054,0.078629573,0.123509362,0.901351822,-0.40756739,0.901351822,-0.40756739,0.041116658,0.140581517
6.656362401597550,0.078628855,0.123508163,0.901351428,-0.407568765,0.901351428,-0.407568765,0.041116625,0.140580069
6.656362484280050,0.078628154,0.123506991,0.901351043,-0.407570108,0.901351043,-0.407570108,0.041116593,0.140578655
6.656362565067980,0.078627469,0.123505846,0.901350666,-0.407571421,0.901350666,-0.407571421,0.041116562,0.140577273
6.656362644004751,0.078626799,0.123504727,0.901350298,-0.407572703,0.901350298,-0.407572703,0.041116532,0.140575923
6.656362721132790,0.078626145,0.123503635,0.901349939,-0.407573956,0.901349939,-0.407573956,0.041116502,0.140574604
6.656362793090034,0.078625535,0.123502615,0.901349603,-0.407575125,0.901349603,-0.407575125,0.041116475,0.140573374
6.656362866734757,0.078624911,0.123501571,0.90134926,-0.407576321,0.90134926,-0.407576321,0.041116446,0.140572114
6.656362942106533,0.078624272,0.123500503,0.901348909,-0.407577545,0.901348909,-0.407577545,0.041116417,0.140570825
6.656363019245862,0.078623618,0.12349941,0.901348549,-0.407578798,0.901348549,-0.407578798,0.041116388,0.140569506
6.656363098194198,0.078622948,0.123498292,0.901348181,-0.407580081,0.901348181,-0.407580081,0.041116357,0.140568156
6.656363178993962,0.078622263,0.123497147,0.901347805,-0.407581393,0.901347805,-0.407581393,0.041116326,0.140566774
6.656363261688572,0.078621562,0.123495976,0.90134742,-0.407582736,0.90134742,-0.407582736,0.041116294,0.14056536
6.656363346322466,0.078620845,0.123494777,0.901347025,-0.40758411,0.901347025,-0.40758411,0.041116262,0.140563913
6.656363432941119,0.07862011,0.12349355,0.901346622,-0.407585517,0.901346622,-0.407585517,0.041116228,0.140562432
6.656363521591080,0.078619359,0.123492294,0.901346209,-0.407586957,0.901346209,-0.407586957,0.041116194,0.140560917
6.656363612319983,0.07861859,0.123491009,0.901345786,-0.40758843,0.901345786,-0.40758843,0.041116159,0.140559365
6.656363705176583,0.078617803,0.123489693,0.901345353,-0.407589938,0.901345353,-0.407589938,0.041116124,0.140557778
6.656363800210776,0.078616997,0.123488347,0.90134491,-0.407591481,0.90134491,-0.407591481,0.041116087,0.140556153
6.656363897473629,0.078616173,0.12348697,0.901344457,-0.40759306,0.901344457,-0.40759306,0.04111605,0.140554491
6.656363997017406,0.078615329,0.12348556,0.901343994,-0.407594676,0.901343994,-0.407594676,0.041116011,0.140552789
6.656364098895599,0.078614466,0.123484117,0.901343519,-0.40759633,0.901343519,-0.40759633,0.041115972,0.140551048
6.656364203162951,0.078613582,0.12348264,0.901343033,-0.407598023,0.901343033,-0.407598023,0.041115932,0.140549265
6.656364309875491,0.078612678,0.123481129,0.901342536,-0.407599755,0.901342536,-0.407599755,0.041115891,0.140547442
6.656364419090563,0.078611752,0.123479583,0.901342027,-0.407601528,0.901342027,-0.407601528,0.041115849,0.140545575
6.656364530866853,0.078610805,0.123478,0.901341507,-0.407603343,0.901341507,-0.407603343,0.041115806,0.140543665
6.656364645264423,0.078609835,0.12347638,0.901340974,-0.407605199,0.901340974,-0.407605199,0.041115762,0.14054171
6.656364762344747,0.078608843,0.123474723,0.901340428,-0.4076071,0.901340428,-0.4076071,0.041115717,0.140539709
6.656364882170739,0.078607828,0.123473026,0.90133987,-0.407609044,0.90133987,-0.407609044,0.04111567,0.140537662
6.656365004806786,0.078606789,0.12347129,0.901339299,-0.407611035,0.901339299,-0.407611035,0.041115623,0.140535566
6.656365130318788,0.078605726,0.123469514,0.901338715,-0.407613072,0.901338715,-0.407613072,0.041115575,0.140533422
6.656365258774191,0.078604637,0.123467695,0.901338116,-0.407615156,0.901338116,-0.407615156,0.041115525,0.140531227
6.656365390242018,0.078603524,0.123465834,0.901337504,-0.407617289,0.901337504,-0.407617289,0.041115475,0.140528981
6.656365524792916,0.078602384,0.12346393,0.901336878,-0.407619472,0.901336878,-0.407619472,0.041115423,0.140526682
6.656365662499186,0.078601217,0.123461981,0.901336236,-0.407621707,0.901336236,-0.407621707,0.041115369,0.14052433
6.656365803434825,0.078600024,0.123459987,0.90133558,-0.407623993,0.90133558,-0.407623993,0.041115315,0.140521923
6.656365947675567,0.078598802,0.123457945,0.901334908,-0.407626333,0.901334908,-0.407626333,0.041115259,0.140519459
6.656366095298917,0.078597552,0.123455857,0.901334221,-0.407628728,0.901334221,-0.407628728,0.041115203,0.140516938
6.656366246384202,0.078596272,0.123453719,0.901333518,-0.407631178,0.901333518,-0.407631178,0.041115144,0.140514358
6.656366401012611,0.078594963,0.123451531,0.901332798,-0.407633686,0.901332798,-0.407633686,0.041115085,0.140511717
6.656366559267231,0.078593623,0.123449292,0.901332061,-0.407636253,0.901332061,-0.407636253,0.041115023,0.140509015
6.656366721233103,0.078592251,0.123447001,0.901331307,-0.40763888,0.901331307,-0.40763888,0.041114961,0.140506249
6.656366886997260,0.078590848,0.123444656,0.901330536,-0.407641568,0.901330536,-0.407641568,0.041114897,0.140503419
6.656367056648775,0.078589411,0.123442257,0.901329746,-0.407644319,0.901329746,-0.407644319,0.041114831,0.140500523
6.656367230278811,0.078587941,0.123439801,0.901328938,-0.407647134,0.901328938,-0.407647134,0.041114764,0.140497559
6.656367407980669,0.078586437,0.123437288,0.901328111,-0.407650015,0.901328111,-0.407650015,0.041114696,0.140494525
6.656367589849839,0.078584897,0.123434716,0.901327264,-0.407652963,0.901327264,-0.407652963,0.041114625,0.140491421
6.656367775984047,0.078583322,0.123432084,0.901326398,-0.407655981,0.901326398,-0.407655981,0.041114553,0.140488244
6.656367966483316,0.07858171,0.123429391,0.901325512,-0.407659069,0.901325512,-0.407659069,0.04111448,0.140484993
6.656368161450009,0.07858006,0.123426635,0.901324604,-0.407662228,0.901324604,-0.407662228,0.041114404,0.140481666
6.656368360988895,0.078578371,0.123423814,0.901323676,-0.407665462,0.901323676,-0.407665462,0.041114327,0.140478261
6.656368565207194,0.078576643,0.123420927,0.901322726,-0.407668772,0.901322726,-0.407668772,0.041114248,0.140474777
6.656368774214645,0.078574874,0.123417973,0.901321753,-0.407672158,0.901321753,-0.407672158,0.041114167,0.140471211
6.656368988123559,0.078573065,0.12341495,0.901320758,-0.407675624,0.901320758,-0.407675624,0.041114085,0.140467562
6.656369207048880,0.078571213,0.123411857,0.90131974,-0.407679171,0.90131974,-0.407679171,0.041114,0.140463828
6.656369431108250,0.078569317,0.123408691,0.901318698,-0.4076828,0.901318698,-0.4076828,0.041113913,0.140460006
6.656369660422068,0.078567377,0.123405451,0.901317631,-0.407686515,0.901317631,-0.407686515,0.041113824,0.140456096
6.656369895113556,0.078565392,0.123402135,0.90131654,-0.407690316,0.90131654,-0.407690316,0.041113733,0.140452094
6.656370135308828,0.078563361,0.123398742,0.901315423,-0.407694205,0.901315423,-0.407694205,0.04111364,0.140447998
6.656370381136952,0.078561282,0.12339527,0.901314279,-0.407698186,0.901314279,-0.407698186,0.041113545,0.140443807
6.656370632730026,0.078559155,0.123391717,0.90131311,-0.40770226,0.90131311,-0.40770226,0.041113447,0.140439518
6.656370890223244,0.078556978,0.123388081,0.901311912,-0.407706428,0.901311912,-0.407706428,0.041113348,0.140435129
6.656371153754972,0.07855475,0.12338436,0.901310687,-0.407710694,0.901310687,-0.407710694,0.041113245,0.140430637
6.656371423466819,0.07855247,0.123380553,0.901309433,-0.407715059,0.901309433,-0.407715059,0.041113141,0.140426041
6.656371699503717,0.078550137,0.123376656,0.90130815,-0.407719527,0.90130815,-0.407719527,0.041113034,0.140421337
6.656371982013995,0.078547749,0.123372669,0.901306837,-0.407724098,0.901306837,-0.407724098,0.041112924,0.140416524
6.656372271149460,0.078545306,0.123368588,0.901305493,-0.407728776,0.901305493,-0.407728776,0.041112812,0.140411598
6.656372567065483,0.078542805,0.123364413,0.901304118,-0.407733564,0.901304118,-0.407733564,0.041112697,0.140406558
6.656372869921072,0.078540246,0.12336014,0.901302711,-0.407738463,0.901302711,-0.407738463,0.041112579,0.1404014
6.656373179878972,0.078537628,0.123355767,0.901301271,-0.407743476,0.901301271,-0.407743476,0.041112459,0.140396121
6.656373497105736,0.078534948,0.123351293,0.901299797,-0.407748606,0.901299797,-0.407748606,0.041112335,0.14039072
6.656373821771830,0.078532206,0.123346714,0.901298289,-0.407753856,0.901298289,-0.407753856,0.041112209,0.140385192
6.656374154051714,0.0785294,0.123342028,0.901296745,-0.407759228,0.901296745,-0.407759228,0.04111208,0.140379536
6.656374494123940,0.078526528,0.123337234,0.901295166,-0.407764725,0.901295166,-0.407764725,0.041111947,0.140373748
6.656374842171249,0.07852359,0.123332327,0.901293549,-0.40777035,0.901293549,-0.40777035,0.041111812,0.140367825
6.656375198380663,0.078520582,0.123327307,0.901291895,-0.407776107,0.901291895,-0.407776107,0.041111673,0.140361764
6.656375562943594,0.078517505,0.123322169,0.901290202,-0.407781997,0.901290202,-0.407781997,0.041111531,0.140355562
6.656375936055940,0.078514356,0.123316912,0.90128847,-0.407788025,0.90128847,-0.407788025,0.041111386,0.140349215
6.656376317918197,0.078511134,0.123311532,0.901286697,-0.407794193,0.901286697,-0.407794193,0.041111237,0.14034272
6.656376708735559,0.078507836,0.123306027,0.901284883,-0.407800504,0.901284883,-0.407800504,0.041111084,0.140336075
6.656377108718035,0.078504462,0.123300394,0.901283027,-0.407806963,0.901283027,-0.407806963,0.041110928,0.140329274
6.656377518080554,0.078501009,0.12329463,0.901281127,-0.407813572,0.901281127,-0.407813572,0.041110769,0.140322315
6.656377937043092,0.078497475,0.123288731,0.901279183,-0.407820335,0.901279183,-0.407820335,0.041110605,0.140315194
6.656378365830778,0.07849386,0.123282696,0.901277194,-0.407827255,0.901277194,-0.407827255,0.041110438,0.140307908
6.656378804674025,0.07849016,0.12327652,0.901275158,-0.407834336,0.901275158,-0.407834336,0.041110266,0.140300452
6.656379253808646,0.078486374,0.123270201,0.901273075,-0.407841582,0.901273075,-0.407841582,0.04111009,0.140292822
6.656379713475987,0.078482499,0.123263734,0.901270944,-0.407848996,0.901270944,-0.407848996,0.041109911,0.140285015
6.656380183923051,0.078478535,0.123257118,0.901268762,-0.407856583,0.901268762,-0.407856583,0.041109726,0.140277027
6.656380665402633,0.078474478,0.123250347,0.90126653,-0.407864346,0.90126653,-0.407864346,0.041109538,0.140268853
6.656381158173462,0.078470327,0.123243419,0.901264246,-0.407872289,0.901264246,-0.407872289,0.041109345,0.140260488
6.656381662500327,0.078466079,0.123236331,0.901261908,-0.407880417,0.901261908,-0.407880417,0.041109147,0.14025193
6.656382178654233,0.078461733,0.123229077,0.901259516,-0.407888734,0.901259516,-0.407888734,0.041108945,0.140243172
6.656382706912537,0.078457285,0.123221655,0.901257068,-0.407897244,0.901257068,-0.407897244,0.041108738,0.140234212
6.656383247559099,0.078452734,0.123214061,0.901254564,-0.407905952,0.901254564,-0.407905952,0.041108525,0.140225043
6.656383800884440,0.078448077,0.123206291,0.901252001,-0.407914861,0.901252001,-0.407914861,0.041108308,0.140215661
6.656384367185892,0.078443312,0.12319834,0.901249378,-0.407923978,0.901249378,-0.407923978,0.041108085,0.140206061
6.656384946767758,0.078438436,0.123190205,0.901246694,-0.407933306,0.901246694,-0.407933306,0.041107858,0.140196239
6.656385539941480,0.078433446,0.123181882,0.901243948,-0.407942851,0.901243948,-0.407942851,0.041107624,0.140186188
6.656386147025801,0.078428341,0.123173365,0.901241138,-0.407952617,0.901241138,-0.407952617,0.041107385,0.140175905
6.656386768346942,0.078423118,0.123164651,0.901238263,-0.407962609,0.901238263,-0.407962609,0.04110714,0.140165383
6.656387404238772,0.078417773,0.123155735,0.90123532,-0.407972833,0.90123532,-0.407972833,0.04110689,0.140154617
6.656388055042990,0.078412304,0.123146612,0.901232309,-0.407983294,0.901232309,-0.407983294,0.041106633,0.140143601
6.656388721109310,0.078406708,0.123137278,0.901229229,-0.407993997,0.901229229,-0.407993997,0.04110637,0.14013233
6.656389402795643,0.078400982,0.123127728,0.901226076,-0.408004948,0.901226076,-0.408004948,0.041106101,0.140120799
6.656390100468299,0.078395123,0.123117957,0.90122285,-0.408016153,0.90122285,-0.408016153,0.041105825,0.140109
6.656390814502173,0.078389129,0.12310796,0.90121955,-0.408027617,0.90121955,-0.408027617,0.041105543,0.140096928
6.656391545280956,0.078382995,0.123097732,0.901216172,-0.408039346,0.901216172,-0.408039346,0.041105254,0.140084576
6.656392293197333,0.078376719,0.123087267,0.901212717,-0.408051347,0.901212717,-0.408051347,0.041104958,0.140071939
6.656393058653204,0.078370298,0.12307656,0.90120918,-0.408063625,0.90120918,-0.408063625,0.041104654,0.140059009
6.656393842059886,0.078363728,0.123065606,0.901205562,-0.408076187,0.901205562,-0.408076187,0.041104344,0.140045781
6.656394643838349,0.078357006,0.123054399,0.90120186,-0.408089039,0.90120186,-0.408089039,0.041104025,0.140032246
6.656395464419430,0.078350128,0.123042933,0.901198072,-0.408102189,0.901198072,-0.408102189,0.041103699,0.140018399
6.656396304244073,0.078343091,0.123031202,0.901194196,-0.408115641,0.901194196,-0.408115641,0.041103365,0.140004232
6.656397163763562,0.078335892,0.123019201,0.90119023,-0.408129405,0.90119023,-0.408129405,0.041103024,0.139989738
6.656398043439762,0.078328525,0.123006922,0.901186172,-0.408143486,0.901186172,-0.408143486,0.041102673,0.139974909
6.656398943745373,0.078320989,0.122994361,0.901182021,-0.408157892,0.901182021,-0.408157892,0.041102314,0.139959738
6.656399865164176,0.078313278,0.12298151,0.901177772,-0.40817263,0.901177772,-0.40817263,0.041101947,0.139944218
6.656400808191301,0.078305389,0.122968363,0.901173426,-0.408187708,0.901173426,-0.408187708,0.04110157,0.139928339
6.656401773333487,0.078297318,0.122954913,0.901168979,-0.408203133,0.901168979,-0.408203133,0.041101185,0.139912094
6.656402761109358,0.07828906,0.122941154,0.901164428,-0.408218914,0.901164428,-0.408218914,0.04110079,0.139895475
6.656403772049698,0.078280611,0.122927078,0.901159773,-0.408235058,0.901159773,-0.408235058,0.041100385,0.139878474
6.656404806697742,0.078271968,0.122912678,0.901155009,-0.408251573,0.901155009,-0.408251573,0.04109997,0.139861081
6.656405865609462,0.078263126,0.122897947,0.901150136,-0.408268468,0.901150136,-0.408268468,0.041099546,0.139843288
6.656406949353869,0.078254079,0.122882878,0.90114515,-0.408285752,0.90114515,-0.408285752,0.04109911,0.139825085
6.656408058513318,0.078244824,0.122867463,0.901140048,-0.408303433,0.901140048,-0.408303433,0.041098665,0.139806464
6.656409193683820,0.078235355,0.122851694,0.901134829,-0.40832152,0.901134829,-0.40832152,0.041098208,0.139787416
6.656410355475365,0.078225669,0.122835563,0.901129489,-0.408340022,0.901129489,-0.408340022,0.04109774,0.13976793
6.656411544512246,0.07821576,0.122819062,0.901124025,-0.408358949,0.901124025,-0.408358949,0.04109726,0.139747996
6.656412761433398,0.078205622,0.122802182,0.901118436,-0.40837831,0.901118436,-0.40837831,0.041096769,0.139727605
6.656414006892738,0.078195252,0.122784916,0.901112717,-0.408398115,0.901112717,-0.408398115,0.041096266,0.139706747
6.656415281559520,0.078184643,0.122767255,0.901106867,-0.408418373,0.901106867,-0.408418373,0.04109575,0.13968541
6.656416586118690,0.07817379,0.12274919,0.901100881,-0.408439096,0.901100881,-0.408439096,0.041095222,0.139663585
6.656417921271260,0.078162688,0.122730711,0.901094758,-0.408460292,0.901094758,-0.408460292,0.04109468,0.13964126
6.656419287734679,0.078151331,0.12271181,0.901088494,-0.408481974,0.901088494,-0.408481974,0.041094125,0.139618424
6.656420686243225,0.078139713,0.122692478,0.901082085,-0.408504151,0.901082085,-0.408504151,0.041093557,0.139595066
6.656422117548389,0.078127829,0.122672704,0.901075528,-0.408526835,0.901075528,-0.408526835,0.041092974,0.139571174
6.656423582419291,0.078115673,0.122652479,0.901068821,-0.408550036,0.901068821,-0.408550036,0.041092377,0.139546736
6.656425081643086,0.078103238,0.122631792,0.90106196,-0.408573767,0.90106196,-0.408573767,0.041091765,0.13952174
6.656426616025388,0.078090518,0.122610635,0.90105494,-0.40859804,0.90105494,-0.40859804,0.041091138,0.139496175
6.656428186390705,0.078077507,0.122588995,0.901047759,-0.408622865,0.901047759,-0.408622865,0.041090495,0.139470026
6.656429793582878,0.078064199,0.122566864,0.901040414,-0.408648256,0.901040414,-0.408648256,0.041089836,0.139443281
6.656431438465539,0.078050586,0.122544229,0.901032899,-0.408674224,0.901032899,-0.408674224,0.041089161,0.139415928
6.656433121922575,0.078036663,0.12252108,0.901025213,-0.408700783,0.901025213,-0.408700783,0.041088469,0.139387952
6.656434844858598,0.078022422,0.122497405,0.90101735,-0.408727946,0.90101735,-0.408727946,0.04108776,0.139359341
6.656436608199435,0.078007855,0.122473193,0.901009306,-0.408755725,0.901009306,-0.408755725,0.041087033,0.139330079
6.656438412892624,0.077992957,0.122448432,0.901001078,-0.408784135,0.901001078,-0.408784135,0.041086288,0.139300153
6.656440259907925,0.077977719,0.12242311,0.900992662,-0.408813189,0.900992662,-0.408813189,0.041085524,0.139269547
6.656442150237841,0.077962134,0.122397216,0.900984053,-0.408842901,0.900984053,-0.408842901,0.04108474,0.139238249
6.656444084898149,0.077946194,0.122370735,0.900975248,-0.408873285,0.900975248,-0.408873285,0.041083938,0.139206241
6.656446064928446,0.077929892,0.122343657,0.90096624,-0.408904357,0.90096624,-0.408904357,0.041083115,0.139173509
6.656448091392711,0.07791322,0.122315967,0.900957027,-0.408936131,0.900957027,-0.408936131,0.041082271,0.139140037
6.656450165379874,0.077896169,0.122287652,0.900947604,-0.408968623,0.900947604,-0.408968623,0.041081406,0.139105808
6.656452288004400,0.077878731,0.1222587,0.900937966,-0.409001847,0.900937966,-0.409001847,0.041080519,0.139070807
6.656454460406890,0.077860898,0.122229095,0.900928108,-0.40903582,0.900928108,-0.40903582,0.04107961,0.139035016
6.656456683754696,0.077842661,0.122198825,0.900918025,-0.409070559,0.900918025,-0.409070559,0.041078677,0.138998419
6.656458959242543,0.077824011,0.122167875,0.900907712,-0.409106078,0.900907712,-0.409106078,0.041077721,0.138960998
6.656461288093174,0.077804939,0.12213623,0.900897165,-0.409142396,0.900897165,-0.409142396,0.041076741,0.138922736
6.656463671558006,0.077785436,0.122103875,0.900886378,-0.40917953,0.900886378,-0.40917953,0.041075736,0.138883614
6.656466110917806,0.077765493,0.122070796,0.900875345,-0.409217496,0.900875345,-0.409217496,0.041074705,0.138843614
6.656468607483375,0.0777451,0.122036976,0.900864063,-0.409256313,0.900864063,-0.409256313,0.041073648,0.138802716
6.656471162596252,0.077724248,0.1220024,0.900852524,-0.409295999,0.900852524,-0.409295999,0.041072564,0.138760903
6.656473777629439,0.077702926,0.121967053,0.900840723,-0.409336572,0.900840723,-0.409336572,0.041071452,0.138718155
6.656476453988136,0.077681125,0.121930917,0.900828655,-0.409378051,0.900828655,-0.409378051,0.041070311,0.13867445
6.656479193110495,0.077658833,0.121893976,0.900816314,-0.409420455,0.900816314,-0.409420455,0.041069142,0.138629771
6.656481996468395,0.077636041,0.121856214,0.900803693,-0.409463804,0.900803693,-0.409463804,0.041067942,0.138584095
6.656484865568235,0.077612738,0.121817612,0.900790788,-0.409508118,0.900790788,-0.409508118,0.041066712,0.138537401
6.656487801951737,0.077588913,0.121778154,0.90077759,-0.409553416,0.90077759,-0.409553416,0.04106545,0.138489669
6.656490807196779,0.077564555,0.121737821,0.900764095,-0.40959972,0.900764095,-0.40959972,0.041064155,0.138440876
6.656493882918243,0.077539653,0.121696596,0.900750296,-0.409647051,0.900750296,-0.409647051,0.041062827,0.138391001
6.656497030768882,0.077514194,0.121654459,0.900736186,-0.409695429,0.900736186,-0.409695429,0.041061464,0.13834002
6.656500000000000,0.077490206,0.121614765,0.900722889,-0.409741005,0.900722889,-0.409741005,0.041060176,0.138291992
6.656500252440208,0.077488168,0.121611392,0.900721759,-0.409744878,0.900721759,-0.409744878,0.041060066,0.138287912
6.656503549663398,0.077461561,0.121567376,0.900707007,-0.409795418,0.900707007,-0.409795418,0.041058632,0.138234651
6.656506924210231,0.077434363,0.121522391,0.900691925,-0.409847072,0.900691925,-0.409847072,0.04105716,0.138180215
6.656510377894035,0.077406561,0.121476418,0.900676503,-0.409899863,0.900676503,-0.409899863,0.041055651,0.138124579
6.656513912570661,0.077378141,0.121429436,0.900660737,-0.409953816,0.900660737,-0.409953816,0.041054101,0.138067719
6.656517530139483,0.077349091,0.121381424,0.900644617,-0.410008952,0.900644617,-0.410008952,0.041052512,0.13800961
6.656521232544420,0.077319399,0.121332362,0.900628137,-0.410065297,0.900628137,-0.410065297,0.041050881,0.137950225
6.656525021774971,0.07728905,0.121282229,0.900611289,-0.410122874,0.900611289,-0.410122874,0.041049207,0.137889539
6.656528899867300,0.077258031,0.121231003,0.900594064,-0.41018171,0.900594064,-0.41018171,0.041047489,0.137827527
6.656532868905314,0.077226328,0.121178662,0.900576457,-0.410241829,0.900576457,-0.410241829,0.041045726,0.13776416
6.656536931021795,0.077193928,0.121125184,0.900558457,-0.410303256,0.900558457,-0.410303256,0.041043916,0.137699412
6.656541088399537,0.077160816,0.121070545,0.900540057,-0.410366019,0.900540057,-0.410366019,0.041042059,0.137633255
6.656545343272528,0.077126976,0.121014725,0.900521249,-0.410430144,0.900521249,-0.410430144,0.041040153,0.13756566
6.656549697927141,0.077092396,0.120957698,0.900502024,-0.410495657,0.900502024,-0.410495657,0.041038196,0.1374966
6.656554154703368,0.077057059,0.120899441,0.900482373,-0.410562586,0.900482373,-0.410562586,0.041036188,0.137426045
6.656558715996080,0.07702095,0.12083993,0.900462287,-0.410630959,0.900462287,-0.410630959,0.041034126,0.137353966
6.656563384256305,0.076984054,0.120779141,0.900441759,-0.410700805,0.900441759,-0.410700805,0.04103201,0.137280333
6.656568161992555,0.076946354,0.12071705,0.900420777,-0.410772151,0.900420777,-0.410772151,0.041029837,0.137205115
6.656573051772167,0.076907836,0.12065363,0.900399334,-0.410845028,0.900399334,-0.410845028,0.041027607,0.137128282
6.656578056222684,0.076868482,0.120588856,0.900377419,-0.410919464,0.900377419,-0.410919464,0.041025316,0.137049802
6.656583178033272,0.076828277,0.120522703,0.900355023,-0.41099549,0.900355023,-0.41099549,0.041022965,0.136969644
6.656588419956157,0.076787202,0.120455144,0.900332137,-0.411073135,0.900332137,-0.411073135,0.041020551,0.136887775
6.656593784808110,0.076745242,0.120386154,0.90030875,-0.411152431,0.90030875,-0.411152431,0.041018072,0.136804162
6.656599275471955,0.076702379,0.120315704,0.900284852,-0.411233409,0.900284852,-0.411233409,0.041015526,0.136718774
6.656604894898129,0.076658595,0.120243767,0.900260432,-0.411316101,0.900260432,-0.411316101,0.041012912,0.136631576
6.656610646106252,0.076613872,0.120170317,0.900235482,-0.411400538,0.900235482,-0.411400538,0.041010228,0.136542534
6.656616532186762,0.076568193,0.120095326,0.900209989,-0.411486753,0.900209989,-0.411486753,0.041007471,0.136451613
6.656622556302571,0.076521539,0.120018764,0.900183943,-0.411574779,0.900183943,-0.411574779,0.04100464,0.13635878
6.656628721690762,0.076473891,0.119940603,0.900157333,-0.41166465,0.900157333,-0.41166465,0.041001732,0.136263998
6.656635031664336,0.076425231,0.119860815,0.900130149,-0.411756397,0.900130149,-0.411756397,0.040998746,0.136167232
6.656641489613983,0.076375539,0.11977937,0.900102378,-0.411850057,0.900102378,-0.411850057,0.040995679,0.136068447
6.656648099009911,0.076324796,0.119696239,0.900074009,-0.411945663,0.900074009,-0.411945663,0.040992528,0.135967604
6.656654863403709,0.076272983,0.119611391,0.900045031,-0.41204325,0.900045031,-0.41204325,0.040989292,0.135864668
6.656661786430252,0.07622008,0.119524797,0.900015432,-0.412142853,0.900015432,-0.412142853,0.040985968,0.1357596
6.656668871809662,0.076166066,0.119436426,0.8999852,-0.412244508,0.8999852,-0.412244508,0.040982554,0.135652364
6.656676123349295,0.076110921,0.119346247,0.899954322,-0.41234825,0.899954322,-0.41234825,0.040979046,0.135542922
6.656683544945800,0.076054624,0.119254229,0.899922788,-0.412454116,0.899922788,-0.412454116,0.040975443,0.135431234
6.656691140587203,0.075997156,0.119160342,0.899890583,-0.412562143,0.899890583,-0.412562143,0.040971741,0.135317261
6.656698914355056,0.075938494,0.119064552,0.899857696,-0.412672367,0.899857696,-0.412672367,0.040967938,0.135200965
6.656706870426627,0.075878618,0.118966829,0.899824113,-0.412784825,0.899824113,-0.412784825,0.040964031,0.135082307
6.656715013077148,0.075817506,0.118867141,0.899789822,-0.412899555,0.899789822,-0.412899555,0.040960016,0.134961245
6.656723346682106,0.075755135,0.118765455,0.89975481,-0.413016595,0.89975481,-0.413016595,0.040955892,0.13483774
6.656731875719601,0.075691486,0.118661739,0.899719064,-0.413135982,0.899719064,-0.413135982,0.040951655,0.134711752
6.656740604772747,0.075626534,0.118555959,0.899682569,-0.413257756,0.899682569,-0.413257756,0.040947301,0.13458324
6.656749538532141,0.075560258,0.118448084,0.899645313,-0.413381954,0.899645313,-0.413381954,0.040942827,0.134452162
6.656758681798379,0.075492636,0.11833808,0.899607281,-0.413508616,0.899607281,-0.413508616,0.040938231,0.134318478
6.656768039484632,0.075423644,0.118225913,0.89956846,-0.41363778,0.89956846,-0.41363778,0.040933508,0.134182145
6.656777616619297,0.07535326,0.118111552,0.899528836,-0.413769485,0.899528836,-0.413769485,0.040928655,0.134043123
6.656787418348687,0.07528146,0.117994961,0.899488395,-0.413903771,0.899488395,-0.413903771,0.040923668,0.133901369
6.656797449939805,0.075208222,0.117876108,0.899447122,-0.414040677,0.899447122,-0.414040677,0.040918544,0.133756841
6.656807716783172,0.075133522,0.117754959,0.899405003,-0.414180243,0.899405003,-0.414180243,0.040913279,0.133609497
6.656818224395720,0.075057337,0.117631481,0.899362024,-0.414322508,0.899362024,-0.414322508,0.040907868,0.133459295
6.656828978423761,0.074979642,0.117505639,0.899318169,-0.414467513,0.899318169,-0.414467513,0.040902309,0.133306192
6.656839984646019,0.074900415,0.117377401,0.899273424,-0.414615296,0.899273424,-0.414615296,0.040896596,0.133150146
6.656851248976736,0.074819631,0.117246732,0.899227774,-0.414765898,0.899227774,-0.414765898,0.040890725,0.132991114
6.656862777468850,0.074737267,0.117113598,0.899181204,-0.414919358,0.899181204,-0.414919358,0.040884692,0.132829054
6.656874576317247,0.074653298,0.116977967,0.8991337,-0.415075716,0.8991337,-0.415075716,0.040878494,0.132663923
6.656886651862090,0.074567701,0.116839805,0.899085244,-0.415235012,0.899085244,-0.415235012,0.040872124,0.132495679
6.656899010592226,0.074480451,0.116699079,0.899035824,-0.415397286,0.899035824,-0.415397286,0.040865579,0.13232428
6.656911659148672,0.074391524,0.116555755,0.898985422,-0.415562576,0.898985422,-0.415562576,0.040858853,0.132149683
6.656924604328187,0.074300896,0.1164098,0.898934024,-0.415730922,0.898934024,-0.415730922,0.040851943,0.131971846
6.656937853086919,0.074208543,0.116261183,0.898881614,-0.415902363,0.898881614,-0.415902363,0.040844842,0.131790728
6.656951412544146,0.07411444,0.116109869,0.898828176,-0.416076938,0.898828176,-0.416076938,0.040837546,0.131606286
6.656965289986103,0.074018565,0.115955828,0.898773695,-0.416254685,0.898773695,-0.416254685,0.040830049,0.131418481
6.656979492869896,0.073920892,0.115799027,0.898718156,-0.416435642,0.898718156,-0.416435642,0.040822347,0.131227269
6.656994028827505,0.073821397,0.115639435,0.898661542,-0.416619848,0.898661542,-0.416619848,0.040814433,0.131032612
6.657000000000000,0.073780663,0.115574135,0.898638352,-0.416695227,0.898638352,-0.416695227,0.040811174,0.130952952
6.657008905669890,0.073720058,0.115477021,0.898603838,-0.416807339,0.898603838,-0.416807339,0.040806303,0.130834469
6.657024131391191,0.073616849,0.115311753,0.898545028,-0.416998152,0.898545028,-0.416998152,0.040797951,0.130632799
6.657039714173013,0.073511748,0.115143603,0.898485097,-0.417192325,0.898485097,-0.417192325,0.04078937,0.130427564
6.657055662388833,0.073404732,0.11497254,0.898424029,-0.417389892,0.898424029,-0.417389892,0.040780555,0.130218726
6.657071984608496,0.073295776,0.114798535,0.898361808,-0.41759089,0.898361808,-0.41759089,0.040771501,0.130006245
6.657088689602817,0.073184858,0.11462156,0.898298418,-0.417795352,0.898298418,-0.417795352,0.0407622,0.129790085
6.657105786348298,0.073071955,0.114441586,0.898233845,-0.418003313,0.898233845,-0.418003313,0.040752647,0.129570209
6.657123284031952,0.072957046,0.114258588,0.898168073,-0.418214806,0.898168073,-0.418214806,0.040742835,0.129346582
6.657141192056236,0.072840106,0.114072538,0.898101086,-0.418429864,0.898101086,-0.418429864,0.040732759,0.129119166
6.657159520044104,0.072721116,0.11388341,0.898032869,-0.418648517,0.898032869,-0.418648517,0.04072241,0.12888793
6.657178277844181,0.072600053,0.113691181,0.897963407,-0.418870797,0.897963407,-0.418870797,0.040711784,0.128652839
6.657197475536055,0.072476896,0.113495826,0.897892685,-0.419096734,0.897892685,-0.419096734,0.040700872,0.128413861
6.657217123435689,0.072351624,0.113297322,0.897820689,-0.419326355,0.897820689,-0.419326355,0.040689669,0.128170965
6.657237232100969,0.072224218,0.113095648,0.897747403,-0.41955969,0.897747403,-0.41955969,0.040678167,0.12792412
6.657257812337373,0.072094658,0.112890782,0.897672814,-0.419796764,0.897672814,-0.419796764,0.04066636,0.127673299
6.657278875203783,0.071962924,0.112682704,0.897596906,-0.420037602,0.897596906,-0.420037602,0.040654239,0.127418472
6.657300432018422,0.071828998,0.112471396,0.897519667,-0.420282229,0.897519667,-0.420282229,0.040641799,0.127159614
6.657322494364940,0.071692861,0.112256841,0.897441081,-0.420530668,0.897441081,-0.420530668,0.040629032,0.126896699
6.657345074098635,0.071554497,0.112039022,0.897361137,-0.420782939,0.897361137,-0.420782939,0.040615929,0.126629705
6.657368183352826,0.071413888,0.111817923,0.89727982,-0.421039064,0.89727982,-0.421039064,0.040602485,0.126358608
6.657391834545374,0.071271018,0.111593532,0.897197117,-0.421299059,0.897197117,-0.421299059,0.040588691,0.126083389
6.657416040385349,0.071125872,0.111365837,0.897113017,-0.421562944,0.897113017,-0.421562944,0.040574541,0.125804028
6.657440813879866,0.070978436,0.111134825,0.897027507,-0.421830732,0.897027507,-0.421830732,0.040560025,0.125520508
6.657466168341072,0.070828695,0.110900489,0.896940574,-0.422102437,0.896940574,-0.422102437,0.040545138,0.125232814
6.657492117393298,0.070676637,0.110662821,0.896852209,-0.422378072,0.896852209,-0.422378072,0.04052987,0.124940932
6.657500000000001,0.070630683,0.110591052,0.896825486,-0.422461318,0.896825486,-0.422461318,0.040525227,0.124852774
6.657518674980381,0.07052225,0.110421814,0.896762399,-0.422657647,0.896762399,-0.422657647,0.040514215,0.124644851
6.657545855373158,0.070365521,0.110177463,0.896671135,-0.422941169,0.896671135,-0.422941169,0.040498165,0.12434456
6.657573673177131,0.070206442,0.109929767,0.896578406,-0.423228646,0.896578406,-0.423228646,0.040481711,0.124040053
6.657602143340320,0.070045003,0.109678724,0.896484202,-0.423520081,0.896484202,-0.423520081,0.040464847,0.123731323
6.657631281161292,0.069881195,0.109424336,0.896388515,-0.423815478,0.896388515,-0.423815478,0.040447564,0.123418367
6.657661102297383,0.069715012,0.109166604,0.896291336,-0.424114836,0.896291336,-0.424114836,0.040429854,0.123101183
6.657691622773112,0.069546447,0.108905533,0.896192658,-0.424418153,0.896192658,-0.424418153,0.040411711,0.122779773
6.657722858988791,0.069375496,0.108641131,0.896092472,-0.424725426,0.896092472,-0.424725426,0.040393126,0.122454141
6.657754827729337,0.069202156,0.108373405,0.895990773,-0.425036649,0.895990773,-0.425036649,0.040374091,0.122124291
6.657787546173294,0.069026422,0.108102367,0.895887554,-0.425351812,0.895887554,-0.425351812,0.0403546,0.121790233
6.657821031902062,0.068848295,0.107828028,0.895782809,-0.425670906,0.895782809,-0.425670906,0.040334644,0.121451977
6.657855302909343,0.068667775,0.107550404,0.895676535,-0.425993915,0.895676535,-0.425993915,0.040314216,0.121109536
6.657890377610815,0.068484863,0.107269512,0.895568728,-0.426320826,0.895568728,-0.426320826,0.040293309,0.120762926
6.657926274854021,0.068299561,0.106985371,0.895459383,-0.426651619,0.895459383,-0.426651619,0.040271916,0.120412167
6.657963013928504,0.068111874,0.106698003,0.895348499,-0.426986274,0.895348499,-0.426986274,0.040250029,0.120057279
6.658000000000000,0.067924898,0.106412152,0.895237903,-0.427319267,0.895237903,-0.427319267,0.040228008,0.119704121
6.658000614576167,0.067921808,0.106407431,0.895236074,-0.427324767,0.895236074,-0.427324767,0.040227642,0.119698287
6.658039097001884,0.067729369,0.106113681,0.895122107,-0.427667073,0.895122107,-0.427667073,0.040204748,0.119335217
6.658078481884354,0.067534567,0.105816781,0.895006599,-0.428013162,0.895006599,-0.428013162,0.040181339,0.1189681
6.658118790387217,0.067337411,0.105516763,0.894889549,-0.428363005,0.894889549,-0.428363005,0.04015741,0.118596968
6.658160044170425,0.067137914,0.105213659,0.894770961,-0.428716566,0.894770961,-0.428716566,0.040132955,0.118221857
6.658202265401878,0.066936087,0.104907505,0.894650836,-0.429073809,0.894650836,-0.429073809,0.040107966,0.117842806
6.658245476769343,0.066731947,0.104598338,0.894529178,-0.429434695,0.894529178,-0.429434695,0.04008244,0.117459856
6.658289701492636,0.06652551,0.104286199,0.894405993,-0.429799181,0.894405993,-0.429799181,0.040056368,0.117073051
6.658334963336108,0.066316794,0.103971131,0.894281284,-0.430167223,0.894281284,-0.430167223,0.040029748,0.11668244
6.658381286621408,0.066105819,0.103653178,0.89415506,-0.430538773,0.89415506,-0.430538773,0.040002572,0.116288072
6.658428696240557,0.065892606,0.103332388,0.894027327,-0.43091378,0.894027327,-0.43091378,0.039974838,0.115890003
6.658477217669323,0.065677178,0.103008811,0.893898094,-0.431292191,0.893898094,-0.431292191,0.039946539,0.115488287
6.658500000000000,0.065576986,0.102858505,0.89383793,-0.431468018,0.89383793,-0.431468018,0.039933284,0.115301621
6.658526876980909,0.065459562,0.102682499,0.893767371,-0.43167395,0.893767371,-0.43167395,0.039917672,0.115082986
6.658577700859965,0.065239782,0.102353507,0.893635169,-0.432058997,0.893635169,-0.432058997,0.039888234,0.114674162
6.658629716616923,0.065017869,0.102021892,0.893501499,-0.432447272,0.893501499,-0.432447272,0.03985822,0.114261881
6.658682952202682,0.064793851,0.101687714,0.893366375,-0.432838709,0.893366375,-0.432838709,0.039827628,0.113846211
6.658737436223616,0.064567762,0.101351034,0.89322981,-0.433233241,0.89322981,-0.433233241,0.039796454,0.113427225
6.658793197956953,0.064339634,0.101011916,0.893091819,-0.433630798,0.893091819,-0.433630798,0.039764697,0.113004998
6.658850267366507,0.064109503,0.100670428,0.892952419,-0.434031308,0.892952419,-0.434031308,0.039732355,0.112579606
6.658908675118774,0.063877407,0.100326636,0.892811627,-0.434434696,0.892811627,-0.434434696,0.039699426,0.112151132
6.658968452599419,0.063643383,0.099980613,0.892669461,-0.434840884,0.892669461,-0.434840884,0.039665908,0.111719658
6.659000000000001,0.063521285,0.099800329,0.892595207,-0.435052588,0.892595207,-0.435052588,0.039648296,0.111494765
6.659029631930132,0.063407474,0.099632431,0.892525941,-0.435249791,0.892525941,-0.435249791,0.039631803,0.11128527
6.659092245985895,0.06316972,0.099282165,0.892381087,-0.435661337,0.892381087,-0.435661337,0.039597109,0.110848059
6.659156328412647,0.062930167,0.098929893,0.89223492,-0.436075434,0.89223492,-0.436075434,0.039561826,0.110408116
6.659221913645362,0.06268886,0.098575693,0.892087464,-0.436491997,0.892087464,-0.436491997,0.039525957,0.109965535
6.659289036926551,0.062445847,0.098219647,0.891938742,-0.436910936,0.891938742,-0.436910936,0.039489501,0.109520413
6.659357734325206,0.062201176,0.097861837,0.891788779,-0.43733216,0.891788779,-0.43733216,0.039452462,0.109072851
6.659428042756176,0.061954899,0.097502348,0.891637601,-0.437755573,0.891637601,-0.437755573,0.039414841,0.10862295
6.659500000000000,0.061707066,0.097141268,0.891485234,-0.438181081,0.891485234,-0.438181081,0.039376641,0.108170815
6.660000000000000,0.060094577,0.094808335,0.890488096,-0.440935799,0.890488096,-0.440935799,0.039119849,0.105243703
6.660500000000001,0.058652263,0.09274526,0.889587539,-0.443380413,0.889587539,-0.443380413,0.038878284,0.102646612
6.661000000000000,0.057354774,0.090907977,0.888770206,-0.445564938,0.888770206,-0.445564938,0.038651658,0.10032689
6.661500000000000,0.056181526,0.089261493,0.888025038,-0.447529205,0.888025038,-0.447529205,0.038439331,0.098242498
6.662000000000001,0.055115637,0.087777673,0.887342815,-0.449305323,0.887342815,-0.449305323,0.03824049,0.096359467
6.662500000000001,0.054143136,0.086433643,0.8867158,-0.45091946,0.8867158,-0.45091946,0.038054251,0.094650054
6.663000000000000,0.053252362,0.085210619,0.886137452,-0.452393154,0.886137452,-0.452393154,0.037879724,0.093091383
6.663500000000000,0.052433515,0.084093029,0.885602213,-0.453744291,0.885602213,-0.453744291,0.037716044,0.09166442
6.664000000000001,0.051678291,0.08306786,0.885105333,-0.454987849,0.885105333,-0.454987849,0.03756239,0.090353204
6.664500000000000,0.050979616,0.082124154,0.884642724,-0.456136465,0.884642724,-0.456136465,0.037417997,0.089144248
6.665000000000000,0.050331424,0.081252615,0.884210858,-0.457200871,0.884210858,-0.457200871,0.037282154,0.08802608
6.665500000000001,0.049728482,0.080445309,0.883806669,-0.458190243,0.883806669,-0.458190243,0.03715421,0.086988882
6.666000000000000,0.049166257,0.079695422,0.883427483,-0.459112473,0.883427483,-0.459112473,0.037033564,0.0860242
6.666500000000000,0.048640799,0.078997069,0.883070957,-0.459974383,0.883070957,-0.459974383,0.036919671,0.085124716
6.667000000000001,0.048148652,0.078345142,0.882735032,-0.460781903,0.882735032,-0.460781903,0.03681203,0.084284064
6.667500000000000,0.047686779,0.077735188,0.882417888,-0.46154021,0.882417888,-0.46154021,0.036710185,0.083496681
6.668000000000000,0.047252502,0.077163303,0.882117912,-0.462253847,0.882117912,-0.462253847,0.036613719,0.082757682
6.668500000000001,0.046843448,0.076626052,0.881833671,-0.462926811,0.881833671,-0.462926811,0.036522253,0.082062762
6.669000000000000,0.046457508,0.076120402,0.881563886,-0.46356264,0.881563886,-0.46356264,0.036435439,0.081408111
6.669500000000000,0.046092802,0.075643664,0.881307411,-0.464164471,0.881307411,-0.464164471,0.036352959,0.080790347
6.670000000000001,0.045747648,0.075193444,0.88106322,-0.4647351,0.88106322,-0.4647351,0.036274523,0.080206455
6.670500000000001,0.045420536,0.074767607,0.880830388,-0.465277021,0.880830388,-0.465277021,0.036199864,0.079653739
6.671000000000000,0.04511011,0.074364239,0.88060808,-0.465792474,0.88060808,-0.465792474,0.036128737,0.079129784
6.671500000000000,0.044815142,0.073981622,0.880395541,-0.466283467,0.880395541,-0.466283467,0.036060918,0.078632416
6.672000000000001,0.044534527,0.073618208,0.880192087,-0.466751814,0.880192087,-0.466751814,0.035996201,0.078159675
6.672500000000000,0.044267257,0.073272602,0.879997095,-0.467199152,0.879997095,-0.467199152,0.035934395,0.07770979
6.673000000000000,0.044012421,0.072943536,0.879809999,-0.467626965,0.879809999,-0.467626965,0.035875324,0.077281153
6.673500000000001,0.043769187,0.072629865,0.87963028,-0.468036599,0.87963028,-0.468036599,0.035818827,0.076872307
6.674000000000000,0.043536794,0.072330542,0.879457466,-0.468429281,0.879457466,-0.468429281,0.035764755,0.076481923
6.674500000000000,0.043314549,0.072044616,0.879291122,-0.468806129,0.879291122,-0.468806129,0.035712968,0.076108788
6.675000000000001,0.043101815,0.071771218,0.879130851,-0.469168165,0.879130851,-0.469168165,0.035663338,0.075751795
6.675500000000000,0.042898007,0.071509552,0.878976285,-0.469516324,0.878976285,-0.469516324,0.035615746,0.075409928
6.676000000000000,0.042702589,0.071258887,0.878827089,-0.469851466,0.878827089,-0.469851466,0.035570081,0.075082254
6.676500000000001,0.042515064,0.071018553,0.878682949,-0.47017438,0.878682949,-0.47017438,0.03552624,0.074767917
6.677000000000000,0.042334976,0.070787932,0.878543579,-0.470485792,0.878543579,-0.470485792,0.035484128,0.074466127
6.677500000000000,0.042161902,0.070566456,0.878408711,-0.470786374,0.878408711,-0.470786374,0.035443655,0.074176156
6.678000000000001,0.041995451,0.070353599,0.878278099,-0.471076743,0.878278099,-0.471076743,0.035404738,0.073897331
6.678500000000001,0.041835261,0.070148875,0.878151513,-0.471357474,0.878151513,-0.471357474,0.035367298,0.073629029
6.679000000000000,0.041680995,0.069951834,0.87802874,-0.471629097,0.87802874,-0.471629097,0.035331264,0.073370672
6.679500000000000,0.04153234,0.069762058,0.877909583,-0.471892104,0.877909583,-0.471892104,0.035296566,0.073121726
6.680000000000001,0.041389005,0.06957916,0.877793855,-0.472146954,0.877793855,-0.472146954,0.03526314,0.07288169
6.680500000000000,0.041250718,0.069402779,0.877681385,-0.472394071,0.877681385,-0.472394071,0.035230928,0.072650103
6.681000000000000,0.041117227,0.069232578,0.877572011,-0.472633854,0.877572011,-0.472633854,0.035199873,0.072426532
6.681500000000001,0.040988294,0.069068245,0.877465582,-0.472866672,0.877465582,-0.472866672,0.035169921,0.072210574
6.682000000000000,0.040863699,0.068909487,0.877361958,-0.47309287,0.877361958,-0.47309287,0.035141023,0.072001853
6.682500000000000,0.040743234,0.068756031,0.877261007,-0.473312771,0.877261007,-0.473312771,0.035113132,0.071800016
6.683000000000001,0.040626704,0.068607621,0.877162603,-0.473526679,0.877162603,-0.473526679,0.035086205,0.071604734
6.683500000000000,0.040513928,0.068464018,0.877066631,-0.473734876,0.877066631,-0.473734876,0.035060199,0.071415699
6.684000000000000,0.040404735,0.068324996,0.876972981,-0.473937628,0.876972981,-0.473937628,0.035035075,0.07123262
6.684500000000001,0.040298963,0.068190345,0.87688155,-0.474135185,0.87688155,-0.474135185,0.035010797,0.071055225
6.685000000000000,0.040196461,0.068059868,0.876792242,-0.47432778,0.876792242,-0.47432778,0.034987328,0.070883258
6.685500000000000,0.040097086,0.067933376,0.876704963,-0.474515636,0.876704963,-0.474515636,0.034964637,0.07071648
6.686000000000001,0.040000705,0.067810696,0.876619629,-0.474698959,0.876619629,-0.474698959,0.034942692,0.070554663
6.686500000000001,0.039907189,0.067691662,0.876536158,-0.474877945,0.876536158,-0.474877945,0.034921463,0.070397593
6.687000000000000,0.03981642,0.067576117,0.876454472,-0.475052778,0.876454472,-0.475052778,0.034900921,0.070245069
6.687500000000000,0.039728284,0.067463916,0.876374499,-0.475223634,0.876374499,-0.475223634,0.034881041,0.0700969
6.688000000000001,0.039642674,0.067354918,0.87629617,-0.475390677,0.87629617,-0.475390677,0.034861796,0.069952908
6.688500000000000,0.039559489,0.067248993,0.87621942,-0.475554063,0.87621942,-0.475554063,0.034843163,0.069812921
6.689000000000000,0.039478632,0.067146016,0.876144186,-0.475713938,0.876144186,-0.475713938,0.034825119,0.069676779
6.689500000000001,0.039400013,0.06704587,0.87607041,-0.475870442,0.87607041,-0.475870442,0.034807643,0.069544329
6.690000000000000,0.039323546,0.066948444,0.875998037,-0.476023709,0.875998037,-0.476023709,0.034790712,0.069415427
6.690500000000000,0.039249148,0.06685363,0.875927014,-0.476173862,0.875927014,-0.476173862,0.034774308,0.069289936
6.691000000000001,0.039176742,0.06676133,0.875857289,-0.476321021,0.875857289,-0.476321021,0.034758412,0.069167726
6.691500000000000,0.039106253,0.066671448,0.875788816,-0.4764653,0.875788816,-0.4764653,0.034743007,0.069048672
6.692000000000000,0.039037612,0.066583893,0.875721548,-0.476606805,0.875721548,-0.476606805,0.034728074,0.068932659
6.692500000000001,0.038970751,0.066498579,0.875655444,-0.476745639,0.875655444,-0.476745639,0.034713597,0.068819573
6.693000000000001,0.038905606,0.066415426,0.87559046,-0.476881898,0.87559046,-0.476881898,0.034699562,0.068709309
6.693500000000000,0.038842118,0.066334353,0.875526558,-0.477015676,0.875526558,-0.477015676,0.034685953,0.068601765
6.694000000000001,0.038780227,0.066255289,0.875463701,-0.477147061,0.875463701,-0.477147061,0.034672756,0.068496846
6.694500000000001,0.038719879,0.066178161,0.875401852,-0.477276136,0.875401852,-0.477276136,0.034659957,0.068394459
6.695000000000000,0.038661021,0.066102902,0.875340978,-0.477402981,0.875340978,-0.477402981,0.034647544,0.068294516
6.695500000000000,0.038603603,0.066029448,0.875281045,-0.477527674,0.875281045,-0.477527674,0.034635504,0.068196934
6.696000000000001,0.038547576,0.065957738,0.875222023,-0.477650287,0.875222023,-0.477650287,0.034623825,0.068101633
6.696500000000000,0.038492895,0.065887713,0.875163881,-0.47777089,0.875163881,-0.47777089,0.034612496,0.068008537
6.697000000000000,0.038439515,0.065819317,0.875106591,-0.477889549,0.875106591,-0.477889549,0.034601505,0.067917572
6.697500000000001,0.038387395,0.065752496,0.875050126,-0.478006328,0.875050126,-0.478006328,0.034590843,0.06782867
6.698000000000000,0.038336494,0.065687198,0.874994459,-0.478121289,0.874994459,-0.478121289,0.034580499,0.067741762
6.698500000000000,0.038286774,0.065623376,0.874939566,-0.478234489,0.874939566,-0.478234489,0.034570464,0.067656786
6.699000000000001,0.038238197,0.065560981,0.874885421,-0.478345985,0.874885421,-0.478345985,0.034560728,0.067573679
6.699500000000000,0.038190728,0.06549997,0.874832003,-0.47845583,0.874832003,-0.47845583,0.034551282,0.067492384
6.700000000000000,0.038144333,0.065440298,0.874779289,-0.478564075,0.874779289,-0.478564075,0.034542119,0.067412844
6.700500000000001,0.03809898,0.065381924,0.874727257,-0.47867077,0.874727257,-0.47867077,0.034533229,0.067335005
6.701000000000001,0.038054637,0.065324809,0.874675888,-0.478775961,0.874675888,-0.478775961,0.034524604,0.067258815
6.701500000000000,0.038011275,0.065268914,0.874625162,-0.478879695,0.874625162,-0.478879695,0.034516238,0.067184226
6.702000000000001,0.037968863,0.065214203,0.87457506,-0.478982015,0.87457506,-0.478982015,0.034508123,0.067111188
6.702500000000001,0.037927375,0.065160642,0.874525563,-0.479082962,0.874525563,-0.479082962,0.034500252,0.067039657
6.703000000000000,0.037886784,0.065108195,0.874476655,-0.479182576,0.874476655,-0.479182576,0.034492617,0.066969587
6.703500000000000,0.037847063,0.065056831,0.874428318,-0.479280897,0.874428318,-0.479280897,0.034485213,0.066900938
6.704000000000001,0.03780819,0.065006519,0.874380537,-0.479377962,0.874380537,-0.479377962,0.034478034,0.066833668
6.704500000000000,0.037770139,0.064957228,0.874333296,-0.479473805,0.874333296,-0.479473805,0.034471072,0.066767738
6.705000000000000,0.037732887,0.064908929,0.874286579,-0.479568463,0.874286579,-0.479568463,0.034464323,0.06670311
6.705500000000001,0.037696413,0.064861596,0.874240374,-0.479661966,0.874240374,-0.479661966,0.034457781,0.066639748
6.706000000000000,0.037660696,0.0648152,0.874194665,-0.479754349,0.874194665,-0.479754349,0.034451439,0.066577618
6.706500000000000,0.037625715,0.064769717,0.874149439,-0.47984564,0.874149439,-0.47984564,0.034445294,0.066516684
6.707000000000001,0.037591449,0.064725121,0.874104683,-0.479935871,0.874104683,-0.479935871,0.03443934,0.066456916
6.707500000000000,0.037557881,0.064681388,0.874060386,-0.480025069,0.874060386,-0.480025069,0.034433571,0.066398281
6.708000000000000,0.037524992,0.064638496,0.874016534,-0.480113262,0.874016534,-0.480113262,0.034427984,0.06634075
6.708500000000001,0.037492764,0.064596422,0.873973117,-0.480200477,0.873973117,-0.480200477,0.034422573,0.066284292
6.709000000000001,0.037461179,0.064555145,0.873930122,-0.480286738,0.873930122,-0.480286738,0.034417335,0.066228881
6.709500000000000,0.037430222,0.064514643,0.87388754,-0.480372072,0.87388754,-0.480372072,0.034412265,0.066174489
6.710000000000001,0.037399877,0.064474897,0.87384536,-0.480456501,0.87384536,-0.480456501,0.034407358,0.06612109
6.710500000000001,0.037370127,0.064435887,0.873803571,-0.48054005,0.873803571,-0.48054005,0.034402612,0.066068658
6.711000000000000,0.037340958,0.064397595,0.873762164,-0.480622739,0.873762164,-0.480622739,0.034398021,0.066017169
6.711500000000000,0.037312356,0.064360003,0.87372113,-0.480704591,0.87372113,-0.480704591,0.034393583,0.065966599
6.712000000000001,0.037284307,0.064323093,0.873680459,-0.480785627,0.873680459,-0.480785627,0.034389293,0.065916926
6.712500000000000,0.037256797,0.064286848,0.873640142,-0.480865867,0.873640142,-0.480865867,0.034385149,0.065868127
6.713000000000000,0.037229813,0.064251252,0.873600171,-0.480945329,0.873600171,-0.480945329,0.034381146,0.065820182
6.713500000000001,0.037203342,0.064216289,0.873560537,-0.481024034,0.873560537,-0.481024034,0.034377281,0.065773068
6.714000000000000,0.037177372,0.064181943,0.873521233,-0.481101999,0.873521233,-0.481101999,0.034373552,0.065726767
6.714500000000000,0.037151892,0.064148201,0.873482251,-0.481179243,0.873482251,-0.481179243,0.034369954,0.065681258
6.715000000000001,0.03712689,0.064115047,0.873443583,-0.481255781,0.873443583,-0.481255781,0.034366486,0.065636524
6.715500000000000,0.037102354,0.064082468,0.873405222,-0.481331631,0.873405222,-0.481331631,0.034363144,0.065592545
6.716000000000000,0.037078274,0.064050451,0.87336716,-0.481406809,0.87336716,-0.481406809,0.034359925,0.065549305
6.716500000000001,0.03705464,0.064018981,0.873329391,-0.48148133,0.873329391,-0.48148133,0.034356827,0.065506785
6.717000000000001,0.037031441,0.063988047,0.873291909,-0.481555209,0.873291909,-0.481555209,0.034353847,0.06546497
6.717500000000000,0.037008668,0.063957636,0.873254707,-0.481628462,0.873254707,-0.481628462,0.034350982,0.065423844
6.718000000000001,0.036986311,0.063927737,0.873217778,-0.481701102,0.873217778,-0.481701102,0.034348231,0.065383391
6.718500000000001,0.03696436,0.063898338,0.873181116,-0.481773143,0.873181116,-0.481773143,0.034345589,0.065343595
6.719000000000000,0.036942807,0.063869427,0.873144716,-0.481844598,0.873144716,-0.481844598,0.034343056,0.065304443
6.719500000000000,0.036921644,0.063840994,0.873108572,-0.48191548,0.873108572,-0.48191548,0.034340628,0.065265919
6.720000000000001,0.03690086,0.063813029,0.873072678,-0.481985803,0.873072678,-0.481985803,0.034338304,0.06522801
6.720500000000000,0.03688045,0.06378552,0.873037029,-0.482055577,0.873037029,-0.482055577,0.034336081,0.065190704
6.721000000000000,0.036860403,0.063758459,0.873001619,-0.482124816,0.873001619,-0.482124816,0.034333957,0.065153985
6.721500000000001,0.036840713,0.063731836,0.872966444,-0.482193529,0.872966444,-0.482193529,0.034331931,0.065117843
6.722000000000000,0.036821372,0.06370564,0.872931499,-0.48226173,0.872931499,-0.48226173,0.03433,0.065082265
6.722500000000000,0.036802373,0.063679863,0.872896778,-0.482329428,0.872896778,-0.482329428,0.034328162,0.065047238
6.723000000000001,0.036783709,0.063654497,0.872862277,-0.482396634,0.872862277,-0.482396634,0.034326415,0.065012751
6.723500000000000,0.036765372,0.063629532,0.872827991,-0.482463359,0.872827991,-0.482463359,0.034324758,0.064978794
6.724000000000000,0.036747356,0.063604961,0.872793917,-0.482529611,0.872793917,-0.482529611,0.034323189,0.064945354
6.724500000000001,0.036729654,0.063580774,0.872760049,-0.482595402,0.872760049,-0.482595402,0.034321705,0.064912421
6.725000000000001,0.036712261,0.063556965,0.872726384,-0.482660741,0.872726384,-0.482660741,0.034320306,0.064879985
6.725500000000000,0.036695169,0.063533525,0.872692917,-0.482725636,0.872692917,-0.482725636,0.03431899,0.064848036
6.726000000000000,0.036678373,0.063510447,0.872659644,-0.482790097,0.872659644,-0.482790097,0.034317754,0.064816564
6.726500000000001,0.036661867,0.063487724,0.872626562,-0.482854132,0.872626562,-0.482854132,0.034316598,0.064785559
6.727000000000000,0.036645645,0.063465348,0.872593667,-0.48291775,0.872593667,-0.48291775,0.03431552,0.064755013
6.727500000000000,0.036629702,0.063443314,0.872560955,-0.482980959,0.872560955,-0.482980959,0.034314518,0.064724915
6.728000000000001,0.036614032,0.063421613,0.872528422,-0.483043767,0.872528422,-0.483043767,0.034313592,0.064695257
6.728500000000000,0.03659863,0.063400239,0.872496066,-0.483106182,0.872496066,-0.483106182,0.034312739,0.064666031
6.729000000000000,0.03658349,0.063379187,0.872463882,-0.483168212,0.872463882,-0.483168212,0.034311958,0.064637228
6.729500000000001,0.036568609,0.063358449,0.872431867,-0.483229864,0.872431867,-0.483229864,0.034311248,0.06460884
6.730000000000000,0.03655398,0.063338021,0.872400018,-0.483291145,0.872400018,-0.483291145,0.034310607,0.064580859
6.730500000000000,0.036539599,0.063317895,0.872368333,-0.483352062,0.872368333,-0.483352062,0.034310035,0.064553277
6.731000000000001,0.036525461,0.063298066,0.872336807,-0.483412622,0.872336807,-0.483412622,0.03430953,0.064526087
6.731500000000000,0.036511562,0.063278529,0.872305438,-0.483472832,0.872305438,-0.483472832,0.034309091,0.064499281
6.732000000000000,0.036497898,0.063259278,0.872274223,-0.483532699,0.872274223,-0.483532699,0.034308716,0.064472853
6.732500000000001,0.036484464,0.063240307,0.872243159,-0.483592228,0.872243159,-0.483592228,0.034308405,0.064446794
6.733000000000001,0.036471256,0.063221612,0.872212244,-0.483651426,0.872212244,-0.483651426,0.034308156,0.064421099
6.733500000000000,0.036458269,0.063203188,0.872181474,-0.483710299,0.872181474,-0.483710299,0.034307968,0.064395761
6.734000000000000,0.0364455,0.063185029,0.872150847,-0.483768854,0.872150847,-0.483768854,0.03430784,0.064370773
6.734500000000001,0.036432946,0.063167131,0.87212036,-0.483827095,0.87212036,-0.483827095,0.034307772,0.064346128
6.735000000000000,0.036420601,0.063149489,0.872090012,-0.483885028,0.872090012,-0.483885028,0.034307761,0.064321822
6.735500000000000,0.036408463,0.063132098,0.872059798,-0.483942659,0.872059798,-0.483942659,0.034307808,0.064297846
6.736000000000001,0.036396527,0.063114954,0.872029716,-0.483999992,0.872029716,-0.483999992,0.034307911,0.064274197
6.736500000000000,0.03638479,0.063098052,0.871999763,-0.484057033,0.871999763,-0.484057033,0.034308068,0.064250867
6.737000000000000,0.036373249,0.063081389,0.87196994,-0.484113788,0.87196994,-0.484113788,0.03430828,0.064227852
6.737500000000001,0.0363619,0.063064959,0.871940243,-0.484170262,0.871940243,-0.484170262,0.034308546,0.064205145
6.738000000000000,0.036350741,0.06304876,0.87191067,-0.48422646,0.87191067,-0.48422646,0.034308863,0.064182742
6.738500000000000,0.036339767,0.063032786,0.871881219,-0.484282386,0.871881219,-0.484282386,0.034309232,0.064160637
6.739000000000001,0.036328975,0.063017035,0.871851889,-0.484338045,0.871851889,-0.484338045,0.034309652,0.064138825
6.739500000000000,0.036318362,0.063001501,0.871822676,-0.484393444,0.871822676,-0.484393444,0.034310121,0.0641173
6.740000000000000,0.036307922,0.062986178,0.871793577,-0.484448588,0.871793577,-0.484448588,0.034310638,0.064096053
6.740500000000001,0.036297653,0.062971064,0.87176459,-0.484503482,0.87176459,-0.484503482,0.034311201,0.064075081
6.741000000000001,0.036287551,0.062956155,0.871735713,-0.48455813,0.871735713,-0.48455813,0.034311811,0.064054379
6.741500000000000,0.036277615,0.062941447,0.871706944,-0.484612537,0.871706944,-0.484612537,0.034312466,0.064033942
6.742000000000000,0.03626784,0.062926937,0.871678282,-0.484666706,0.871678282,-0.484666706,0.034313166,0.064013766
6.742500000000001,0.036258226,0.062912621,0.871649724,-0.48472064,0.871649724,-0.48472064,0.03431391,0.063993847
6.743000000000000,0.036248768,0.062898498,0.87162127,-0.484774345,0.87162127,-0.484774345,0.034314698,0.06397418
6.743500000000000,0.036239464,0.062884562,0.871592917,-0.484827824,0.871592917,-0.484827824,0.034315528,0.063954762
6.744000000000001,0.036230313,0.062870812,0.871564663,-0.484881079,0.871564663,-0.484881079,0.034316399,0.063935587
6.744500000000000,0.036221311,0.062857244,0.871536507,-0.484934116,0.871536507,-0.484934116,0.034317312,0.063916654
6.745000000000000,0.036212456,0.062843856,0.871508448,-0.484986937,0.871508448,-0.484986937,0.034318266,0.063897956
6.745500000000001,0.036203746,0.062830643,0.871480484,-0.485039547,0.871480484,-0.485039547,0.03431926,0.063879491
6.746000000000000,0.036195179,0.062817605,0.871452613,-0.485091947,0.871452613,-0.485091947,0.034320293,0.063861255
6.746500000000000,0.036186751,0.062804737,0.871424834,-0.485144142,0.871424834,-0.485144142,0.034321365,0.063843245
6.747000000000001,0.036178462,0.062792038,0.871397146,-0.485196135,0.871397146,-0.485196135,0.034322475,0.063825456
6.747500000000000,0.036170309,0.062779504,0.871369546,-0.485247929,0.871369546,-0.485247929,0.034323623,0.063807886
6.748000000000000,0.036162289,0.062767133,0.871342034,-0.485299527,0.871342034,-0.485299527,0.034324808,0.06379053
6.748500000000001,0.036154401,0.062754922,0.871314609,-0.485350932,0.871314609,-0.485350932,0.034326029,0.063773386
6.749000000000001,0.036146643,0.06274287,0.871287268,-0.485402147,0.871287268,-0.485402147,0.034327286,0.063756451
6.749500000000000,0.036139013,0.062730972,0.871260011,-0.485453175,0.871260011,-0.485453175,0.034328579,0.06373972
6.750000000000000,0.036131509,0.062719228,0.871232836,-0.485504019,0.871232836,-0.485504019,0.034329906,0.063723191
6.750500000000001,0.036124128,0.062707635,0.871205743,-0.485554682,0.871205743,-0.485554682,0.034331268,0.063706861
6.751000000000000,0.03611687,0.06269619,0.871178729,-0.485605165,0.871178729,-0.485605165,0.034332664,0.063690728
6.751500000000000,0.036109732,0.062684891,0.871151794,-0.485655473,0.871151794,-0.485655473,0.034334093,0.063674787
6.752000000000001,0.036102712,0.062673737,0.871124936,-0.485705608,0.871124936,-0.485705608,0.034335555,0.063659036
6.752500000000000,0.036095809,0.062662724,0.871098155,-0.485755571,0.871098155,-0.485755571,0.034337049,0.063643472
6.753000000000000,0.036089021,0.062651851,0.871071448,-0.485805367,0.871071448,-0.485805367,0.034338576,0.063628093
6.753500000000001,0.036082347,0.062641116,0.871044816,-0.485854997,0.871044816,-0.485854997,0.034340134,0.063612895
6.754000000000000,0.036075784,0.062630516,0.871018257,-0.485904463,0.871018257,-0.485904463,0.034341723,0.063597876
6.754500000000000,0.036069331,0.06262005,0.870991769,-0.485953768,0.870991769,-0.485953768,0.034343342,0.063583034
6.755000000000001,0.036062987,0.062609716,0.870965353,-0.486002915,0.870965353,-0.486002915,0.034344992,0.063568366
6.755500000000001,0.036056749,0.062599512,0.870939006,-0.486051905,0.870939006,-0.486051905,0.034346672,0.063553869
6.756000000000000,0.036050617,0.062589436,0.870912727,-0.486100741,0.870912727,-0.486100741,0.034348381,0.063539541
6.756500000000001,0.036044589,0.062579485,0.870886517,-0.486149425,0.870886517,-0.486149425,0.034350118,0.063525379
6.757000000000001,0.036038663,0.06256966,0.870860373,-0.48619796,0.870860373,-0.48619796,0.034351885,0.063511381
6.757500000000000,0.036032838,0.062559956,0.870834296,-0.486246347,0.870834296,-0.486246347,0.034353679,0.063497546
6.758000000000000,0.036027113,0.062550373,0.870808283,-0.486294588,0.870808283,-0.486294588,0.034355502,0.063483869
6.758500000000001,0.036021486,0.06254091,0.870782334,-0.486342685,0.870782334,-0.486342685,0.034357351,0.06347035
6.759000000000000,0.036015956,0.062531564,0.870756448,-0.486390641,0.870756448,-0.486390641,0.034359228,0.063456986
6.759500000000000,0.036010521,0.062522334,0.870730624,-0.486438458,0.870730624,-0.486438458,0.034361131,0.063443774
6.760000000000001,0.036005181,0.062513217,0.870704862,-0.486486137,0.870704862,-0.486486137,0.034363061,0.063430714
6.760500000000000,0.035999933,0.062504214,0.87067916,-0.48653368,0.87067916,-0.48653368,0.034365017,0.063417802
6.761000000000000,0.035994777,0.062495321,0.870653518,-0.486581089,0.870653518,-0.486581089,0.034366998,0.063405036
6.761500000000001,0.035989711,0.062486538,0.870627934,-0.486628366,0.870627934,-0.486628366,0.034369004,0.063392416
6.762000000000000,0.035984735,0.062477863,0.870602409,-0.486675513,0.870602409,-0.486675513,0.034371036,0.063379937
6.762500000000000,0.035979846,0.062469295,0.87057694,-0.486722531,0.87057694,-0.486722531,0.034373091,0.0633676
6.763000000000001,0.035975044,0.062460831,0.870551528,-0.486769422,0.870551528,-0.486769422,0.034375172,0.063355401
6.763500000000001,0.035970328,0.062452472,0.870526172,-0.486816189,0.870526172,-0.486816189,0.034377276,0.063343339
6.764000000000000,0.035965697,0.062444214,0.87050087,-0.486862831,0.87050087,-0.486862831,0.034379404,0.063331413
6.764500000000001,0.035961148,0.062436058,0.870475623,-0.486909352,0.870475623,-0.486909352,0.034381555,0.063319619
6.765000000000001,0.035956682,0.062428001,0.870450429,-0.486955753,0.870450429,-0.486955753,0.034383729,0.063307957
6.765500000000000,0.035952298,0.062420042,0.870425287,-0.487002035,0.870425287,-0.487002035,0.034385926,0.063296425
6.766000000000000,0.035947993,0.062412181,0.870400198,-0.4870482,0.870400198,-0.4870482,0.034388146,0.063285021
6.766500000000001,0.035943767,0.062404415,0.87037516,-0.48709425,0.87037516,-0.48709425,0.034390387,0.063273744
6.767000000000000,0.03593962,0.062396743,0.870350173,-0.487140185,0.870350173,-0.487140185,0.034392651,0.063262591
6.767500000000000,0.03593555,0.062389165,0.870325235,-0.487186008,0.870325235,-0.487186008,0.034394936,0.063251561
6.768000000000001,0.035931555,0.062381678,0.870300347,-0.487231719,0.870300347,-0.487231719,0.034397243,0.063240653
6.768500000000000,0.035927636,0.062374283,0.870275507,-0.487277321,0.870275507,-0.487277321,0.03439957,0.063229864
6.769000000000000,0.035923791,0.062366977,0.870250716,-0.487322815,0.870250716,-0.487322815,0.034401919,0.063219195
6.769500000000001,0.03592002,0.06235976,0.870225972,-0.487368201,0.870225972,-0.487368201,0.034404288,0.063208642
6.770000000000000,0.03591632,0.06235263,0.870201274,-0.487413482,0.870201274,-0.487413482,0.034406677,0.063198204
6.770500000000000,0.035912692,0.062345586,0.870176623,-0.487458659,0.870176623,-0.487458659,0.034409087,0.063187881
6.771000000000001,0.035909135,0.062338627,0.870152017,-0.487503732,0.870152017,-0.487503732,0.034411516,0.06317767
6.771500000000001,0.035905647,0.062331753,0.870127457,-0.487548704,0.870127457,-0.487548704,0.034413965,0.06316757
6.772000000000000,0.035902228,0.062324961,0.87010294,-0.487593576,0.87010294,-0.487593576,0.034416433,0.06315758
6.772500000000001,0.035898877,0.062318252,0.870078468,-0.487638348,0.870078468,-0.487638348,0.034418921,0.063147698
6.773000000000001,0.035895593,0.062311624,0.870054039,-0.487683022,0.870054039,-0.487683022,0.034421427,0.063137924
6.773500000000000,0.035892375,0.062305075,0.870029653,-0.4877276,0.870029653,-0.4877276,0.034423952,0.063128255
6.774000000000000,0.035889223,0.062298606,0.870005308,-0.487772081,0.870005308,-0.487772081,0.034426495,0.06311869
6.774500000000001,0.035886136,0.062292214,0.869981006,-0.487816469,0.869981006,-0.487816469,0.034429057,0.063109229
6.775000000000000,0.035883112,0.0622859,0.869956745,-0.487860763,0.869956745,-0.487860763,0.034431636,0.063099869
6.775500000000000,0.035880152,0.062279662,0.869932524,-0.487904965,0.869932524,-0.487904965,0.034434234,0.06309061
6.776000000000001,0.035877254,0.062273499,0.869908344,-0.487949075,0.869908344,-0.487949075,0.034436849,0.06308145
6.776500000000000,0.035874417,0.06226741,0.869884203,-0.487993096,0.869884203,-0.487993096,0.034439481,0.063072389
6.777000000000000,0.035871642,0.062261395,0.869860101,-0.488037028,0.869860101,-0.488037028,0.034442131,0.063063425
6.777500000000001,0.035868927,0.062255452,0.869836038,-0.488080872,0.869836038,-0.488080872,0.034444798,0.063054556
6.778000000000000,0.035866271,0.062249581,0.869812014,-0.488124629,0.869812014,-0.488124629,0.034447481,0.063045783
6.778500000000000,0.035863674,0.062243781,0.869788027,-0.488168301,0.869788027,-0.488168301,0.034450181,0.063037103
6.779000000000001,0.035861135,0.06223805,0.869764077,-0.488211887,0.869764077,-0.488211887,0.034452897,0.063028515
6.779500000000001,0.035858653,0.062232389,0.869740165,-0.48825539,0.869740165,-0.48825539,0.03445563,0.063020019
6.780000000000000,0.035856229,0.062226796,0.869716288,-0.48829881,0.869716288,-0.48829881,0.034458379,0.063011613
6.780500000000001,0.03585386,0.062221271,0.869692448,-0.488342148,0.869692448,-0.488342148,0.034461143,0.063003296
6.781000000000001,0.035851547,0.062215812,0.869668643,-0.488385405,0.869668643,-0.488385405,0.034463924,0.062995068
6.781500000000000,0.035849288,0.06221042,0.869644873,-0.488428582,0.869644873,-0.488428582,0.03446672,0.062986927
6.782000000000000,0.035847084,0.062205092,0.869621138,-0.48847168,0.869621138,-0.48847168,0.034469531,0.062978872
6.782500000000001,0.035844934,0.062199829,0.869597438,-0.488514699,0.869597438,-0.488514699,0.034472357,0.062970903
6.783000000000000,0.035842836,0.06219463,0.869573771,-0.488557642,0.869573771,-0.488557642,0.034475198,0.062963017
6.783500000000000,0.035840791,0.062189494,0.869550138,-0.488600508,0.869550138,-0.488600508,0.034478055,0.062955215
6.784000000000001,0.035838797,0.06218442,0.869526537,-0.488643298,0.869526537,-0.488643298,0.034480925,0.062947495
6.784500000000000,0.035836855,0.062179407,0.86950297,-0.488686013,0.86950297,-0.488686013,0.034483811,0.062939857
6.785000000000000,0.035834964,0.062174456,0.869479435,-0.488728655,0.869479435,-0.488728655,0.034486711,0.062932299
6.785500000000001,0.035833122,0.062169564,0.869455932,-0.488771224,0.869455932,-0.488771224,0.034489625,0.062924821
6.786000000000000,0.03583133,0.062164732,0.86943246,-0.48881372,0.86943246,-0.48881372,0.034492553,0.062917421
6.786500000000000,0.035829587,0.062159959,0.86940902,-0.488856145,0.86940902,-0.488856145,0.034495495,0.062910099
6.787000000000001,0.035827893,0.062155244,0.86938561,-0.488898499,0.86938561,-0.488898499,0.03449845,0.062902854
6.787500000000001,0.035826246,0.062150587,0.869362231,-0.488940783,0.869362231,-0.488940783,0.03450142,0.062895686
6.788000000000000,0.035824647,0.062145986,0.869338882,-0.488982998,0.869338882,-0.488982998,0.034504402,0.062888592
6.788500000000001,0.035823094,0.062141442,0.869315563,-0.489025145,0.869315563,-0.489025145,0.034507398,0.062881573
6.789000000000001,0.035821588,0.062136953,0.869292274,-0.489067224,0.869292274,-0.489067224,0.034510408,0.062874627
6.789500000000000,0.035820128,0.06213252,0.869269013,-0.489109236,0.869269013,-0.489109236,0.03451343,0.062867755
6.790000000000000,0.035818713,0.06212814,0.869245782,-0.489151182,0.869245782,-0.489151182,0.034516465,0.062860954
6.790500000000001,0.035817343,0.062123815,0.869222579,-0.489193062,0.869222579,-0.489193062,0.034519513,0.062854225
6.791000000000000,0.035816018,0.062119543,0.869199404,-0.489234877,0.869199404,-0.489234877,0.034522574,0.062847565
6.791500000000000,0.035814736,0.062115323,0.869176257,-0.489276629,0.869176257,-0.489276629,0.034525647,0.062840976
6.792000000000001,0.035813498,0.062111156,0.869153138,-0.489318317,0.869153138,-0.489318317,0.034528733,0.062834456
6.792500000000000,0.035812303,0.06210704,0.869130045,-0.489359942,0.869130045,-0.489359942,0.034531831,0.062828004
6.793000000000000,0.035811151,0.062102975,0.86910698,-0.489401505,0.86910698,-0.489401505,0.03453494,0.062821619
6.793500000000001,0.03581004,0.062098961,0.869083942,-0.489443007,0.869083942,-0.489443007,0.034538062,0.062815301
6.794000000000000,0.035808972,0.062094997,0.869060929,-0.489484447,0.869060929,-0.489484447,0.034541196,0.062809049
6.794500000000000,0.035807944,0.062091081,0.869037943,-0.489525828,0.869037943,-0.489525828,0.034544342,0.062802863
6.795000000000001,0.035806958,0.062087215,0.869014983,-0.489567149,0.869014983,-0.489567149,0.034547499,0.062796741
6.795500000000001,0.035806011,0.062083397,0.868992048,-0.489608411,0.868992048,-0.489608411,0.034550668,0.062790683
6.796000000000000,0.035805105,0.062079628,0.868969139,-0.489649615,0.868969139,-0.489649615,0.034553848,0.062784689
6.796500000000000,0.035804238,0.062075905,0.868946254,-0.489690761,0.868946254,-0.489690761,0.03455704,0.062778757
6.797000000000001,0.035803411,0.062072229,0.868923394,-0.489731849,0.868923394,-0.489731849,0.034560243,0.062772887
6.797500000000000,0.035802622,0.0620686,0.868900558,-0.489772882,0.868900558,-0.489772882,0.034563456,0.062767079
6.798000000000000,0.035801872,0.062065016,0.868877747,-0.489813858,0.868877747,-0.489813858,0.034566681,0.062761331
6.798500000000001,0.035801159,0.062061478,0.86885496,-0.489854778,0.86885496,-0.489854778,0.034569917,0.062755643
6.799000000000000,0.035800485,0.062057985,0.868832196,-0.489895644,0.868832196,-0.489895644,0.034573163,0.062750015
6.799500000000000,0.035799847,0.062054536,0.868809455,-0.489936456,0.868809455,-0.489936456,0.03457642,0.062744446
6.800000000000001,0.035799247,0.062051132,0.868786738,-0.489977214,0.868786738,-0.489977214,0.034579688,0.062738935
6.800500000000000,0.035798682,0.062047771,0.868764044,-0.490017918,0.868764044,-0.490017918,0.034582966,0.062733482
6.801000000000000,0.035798154,0.062044453,0.868741372,-0.49005857,0.868741372,-0.49005857,0.034586254,0.062728086
6.801500000000001,0.035797662,0.062041178,0.868718723,-0.490099169,0.868718723,-0.490099169,0.034589553,0.062722747
6.802000000000000,0.035797205,0.062037945,0.868696096,-0.490139717,0.868696096,-0.490139717,0.034592862,0.062717464
6.802500000000000,0.035796783,0.062034754,0.86867349,-0.490180214,0.86867349,-0.490180214,0.034596181,0.062712236
6.803000000000001,0.035796396,0.062031604,0.868650907,-0.49022066,0.868650907,-0.49022066,0.03459951,0.062707062
6.803500000000001,0.035796043,0.062028496,0.868628345,-0.490261056,0.868628345,-0.490261056,0.034602848,0.062701944
6.804000000000000,0.035795725,0.062025428,0.868605804,-0.490301402,0.868605804,-0.490301402,0.034606197,0.062696879
6.804500000000000,0.03579544,0.0620224,0.868583285,-0.490341699,0.868583285,-0.490341699,0.034609555,0.062691867
6.805000000000001,0.035795188,0.062019412,0.868560786,-0.490381947,0.868560786,-0.490381947,0.034612923,0.062686908
6.805500000000000,0.03579497,0.062016464,0.868538308,-0.490422147,0.868538308,-0.490422147,0.0346163,0.062682001
6.806000000000000,0.035794784,0.062013555,0.86851585,-0.490462299,0.86851585,-0.490462299,0.034619687,0.062677146
6.806500000000001,0.035794631,0.062010684,0.868493413,-0.490502404,0.868493413,-0.490502404,0.034623083,0.062672342
6.807000000000000,0.03579451,0.062007852,0.868470995,-0.490542462,0.868470995,-0.490542462,0.034626488,0.062667589
6.807500000000000,0.03579442,0.062005057,0.868448597,-0.490582473,0.868448597,-0.490582473,0.034629903,0.062662886
6.808000000000001,0.035794363,0.0620023,0.868426219,-0.490622438,0.868426219,-0.490622438,0.034633326,0.062658233
6.808500000000000,0.035794336,0.06199958,0.86840386,-0.490662358,0.86840386,-0.490662358,0.034636759,0.062653629
6.809000000000000,0.035794341,0.061996897,0.868381521,-0.490702233,0.868381521,-0.490702233,0.0346402,0.062649074
6.809500000000001,0.035794376,0.061994251,0.8683592,-0.490742063,0.8683592,-0.490742063,0.03464365,0.062644567
6.810000000000000,0.035794441,0.061991641,0.868336898,-0.490781848,0.868336898,-0.490781848,0.034647109,0.062640108
6.810500000000000,0.035794536,0.061989066,0.868314615,-0.49082159,0.868314615,-0.49082159,0.034650577,0.062635697
6.811000000000001,0.035794662,0.061986527,0.86829235,-0.490861288,0.86829235,-0.490861288,0.034654053,0.062631332
6.811500000000001,0.035794816,0.061984023,0.868270104,-0.490900943,0.868270104,-0.490900943,0.034657538,0.062627014
6.812000000000000,0.035795,0.061981554,0.868247876,-0.490940555,0.868247876,-0.490940555,0.034661031,0.062622742
6.812500000000000,0.035795213,0.061979119,0.868225665,-0.490980125,0.868225665,-0.490980125,0.034664533,0.062618516
6.813000000000001,0.035795455,0.061976718,0.868203472,-0.491019653,0.868203472,-0.491019653,0.034668042,0.062614335
6.813500000000000,0.035795725,0.061974351,0.868181297,-0.49105914,0.868181297,-0.49105914,0.03467156,0.062610198
6.814000000000000,0.035796024,0.061972018,0.868159139,-0.491098586,0.868159139,-0.491098586,0.034675087,0.062606106
6.814500000000001,0.03579635,0.061969718,0.868136998,-0.49113799,0.868136998,-0.49113799,0.034678621,0.062602058
6.815000000000000,0.035796704,0.06196745,0.868114875,-0.491177354,0.868114875,-0.491177354,0.034682163,0.062598054
6.815500000000000,0.035797085,0.061965216,0.868092768,-0.491216679,0.868092768,-0.491216679,0.034685713,0.062594092
6.816000000000001,0.035797494,0.061963013,0.868070678,-0.491255963,0.868070678,-0.491255963,0.034689272,0.062590174
6.816500000000000,0.035797929,0.061960843,0.868048604,-0.491295208,0.868048604,-0.491295208,0.034692837,0.062586298
6.817000000000000,0.035798391,0.061958704,0.868026547,-0.491334414,0.868026547,-0.491334414,0.034696411,0.062582464
6.817500000000001,0.03579888,0.061956596,0.868004506,-0.491373582,0.868004506,-0.491373582,0.034699992,0.062578671
6.818000000000001,0.035799395,0.06195452,0.867982481,-0.491412711,0.867982481,-0.491412711,0.034703581,0.06257492
6.818500000000000,0.035799936,0.061952474,0.867960471,-0.491451802,0.867960471,-0.491451802,0.034707178,0.062571209
6.819000000000001,0.035800502,0.061950459,0.867938478,-0.491490856,0.867938478,-0.491490856,0.034710781,0.062567539
6.819500000000001,0.035801094,0.061948475,0.8679165,-0.491529872,0.8679165,-0.491529872,0.034714393,0.062563909
6.820000000000000,0.035801712,0.06194652,0.867894538,-0.491568852,0.867894538,-0.491568852,0.034718011,0.062560319
6.820500000000000,0.035802354,0.061944595,0.867872591,-0.491607795,0.867872591,-0.491607795,0.034721637,0.062556768
6.821000000000001,0.035803022,0.061942699,0.867850659,-0.491646701,0.867850659,-0.491646701,0.03472527,0.062553256
6.821500000000000,0.035803714,0.061940833,0.867828742,-0.491685571,0.867828742,-0.491685571,0.034728911,0.062549783
6.822000000000000,0.03580443,0.061938995,0.86780684,-0.491724406,0.86780684,-0.491724406,0.034732558,0.062546349
6.822500000000001,0.035805171,0.061937186,0.867784953,-0.491763205,0.867784953,-0.491763205,0.034736212,0.062542952
6.823000000000000,0.035805936,0.061935406,0.86776308,-0.49180197,0.86776308,-0.49180197,0.034739874,0.062539593
6.823500000000000,0.035806724,0.061933654,0.867741221,-0.491840699,0.867741221,-0.491840699,0.034743542,0.062536271
6.824000000000001,0.035807537,0.06193193,0.867719377,-0.491879394,0.867719377,-0.491879394,0.034747217,0.062532987
6.824500000000000,0.035808372,0.061930233,0.867697548,-0.491918055,0.867697548,-0.491918055,0.034750899,0.062529739
6.825000000000000,0.035809231,0.061928564,0.867675732,-0.491956681,0.867675732,-0.491956681,0.034754588,0.062526527
6.825500000000001,0.035810113,0.061926922,0.86765393,-0.491995275,0.86765393,-0.491995275,0.034758284,0.062523352
6.826000000000001,0.035811017,0.061925307,0.867632142,-0.492033834,0.867632142,-0.492033834,0.034761986,0.062520212
6.826500000000000,0.035811945,0.061923718,0.867610367,-0.492072361,0.867610367,-0.492072361,0.034765694,0.062517108
6.827000000000001,0.035812894,0.061922157,0.867588606,-0.492110855,0.867588606,-0.492110855,0.03476941,0.062514039
6.827500000000001,0.035813866,0.061920621,0.867566859,-0.492149317,0.867566859,-0.492149317,0.034773131,0.062511004
6.828000000000000,0.03581486,0.061919112,0.867545124,-0.492187746,0.867545124,-0.492187746,0.03477686,0.062508005
6.828500000000000,0.035815876,0.061917628,0.867523403,-0.492226143,0.867523403,-0.492226143,0.034780594,0.062505039
6.829000000000001,0.035816914,0.06191617,0.867501695,-0.492264509,0.867501695,-0.492264509,0.034784335,0.062502108
6.829500000000000,0.035817973,0.061914737,0.86748,-0.492302843,0.86748,-0.492302843,0.034788082,0.06249921
6.830000000000000,0.035819053,0.06191333,0.867458317,-0.492341146,0.867458317,-0.492341146,0.034791836,0.062496345
6.830500000000001,0.035820155,0.061911947,0.867436647,-0.492379418,0.867436647,-0.492379418,0.034795595,0.062493514
6.831000000000000,0.035821277,0.061910589,0.86741499,-0.492417659,0.86741499,-0.492417659,0.034799361,0.062490716
6.831500000000000,0.035822421,0.061909256,0.867393345,-0.49245587,0.867393345,-0.49245587,0.034803133,0.06248795
6.832000000000001,0.035823585,0.061907947,0.867371713,-0.49249405,0.867371713,-0.49249405,0.034806911,0.062485216
6.832500000000000,0.035824769,0.061906662,0.867350093,-0.492532201,0.867350093,-0.492532201,0.034810694,0.062482514
6.833000000000000,0.035825974,0.061905401,0.867328484,-0.492570322,0.867328484,-0.492570322,0.034814484,0.062479844
6.833500000000001,0.035827199,0.061904164,0.867306888,-0.492608413,0.867306888,-0.492608413,0.03481828,0.062477206
6.834000000000001,0.035828444,0.061902951,0.867285304,-0.492646476,0.867285304,-0.492646476,0.034822081,0.062474598
6.834500000000000,0.035829709,0.06190176,0.867263731,-0.492684509,0.867263731,-0.492684509,0.034825889,0.062472022
6.835000000000001,0.035830993,0.061900593,0.867242171,-0.492722513,0.867242171,-0.492722513,0.034829702,0.062469476
6.835500000000001,0.035832297,0.061899449,0.867220621,-0.492760489,0.867220621,-0.492760489,0.034833521,0.062466961
6.836000000000000,0.03583362,0.061898327,0.867199083,-0.492798437,0.867199083,-0.492798437,0.034837345,0.062464476
6.836500000000000,0.035834963,0.061897229,0.867177557,-0.492836357,0.867177557,-0.492836357,0.034841175,0.062462021
6.837000000000001,0.035836324,0.061896152,0.867156042,-0.492874248,0.867156042,-0.492874248,0.034845011,0.062459596
6.837500000000000,0.035837705,0.061895098,0.867134538,-0.492912112,0.867134538,-0.492912112,0.034848852,0.0624572
6.838000000000000,0.035839104,0.061894065,0.867113045,-0.492949949,0.867113045,-0.492949949,0.034852699,0.062454833
6.838500000000001,0.035840522,0.061893055,0.867091563,-0.492987758,0.867091563,-0.492987758,0.034856551,0.062452496
6.839000000000000,0.035841958,0.061892066,0.867070091,-0.493025541,0.867070091,-0.493025541,0.034860409,0.062450187
6.839500000000000,0.035843412,0.061891099,0.867048631,-0.493063297,0.867048631,-0.493063297,0.034864272,0.062447906
6.840000000000001,0.035844885,0.061890153,0.867027181,-0.493101026,0.867027181,-0.493101026,0.03486814,0.062445654
6.840500000000000,0.035846376,0.061889228,0.867005742,-0.493138728,0.867005742,-0.493138728,0.034872014,0.06244343
6.841000000000000,0.035847884,0.061888324,0.866984313,-0.493176405,0.866984313,-0.493176405,0.034875893,0.062441234
6.841500000000001,0.035849411,0.061887441,0.866962895,-0.493214055,0.866962895,-0.493214055,0.034879777,0.062439065
6.842000000000001,0.035850955,0.061886578,0.866941487,-0.49325168,0.866941487,-0.49325168,0.034883667,0.062436924
6.842500000000000,0.035852516,0.061885736,0.866920089,-0.49328928,0.866920089,-0.49328928,0.034887561,0.06243481
6.843000000000001,0.035854095,0.061884915,0.866898701,-0.493326853,0.866898701,-0.493326853,0.034891461,0.062432723
6.843500000000001,0.035855691,0.061884113,0.866877324,-0.493364402,0.866877324,-0.493364402,0.034895365,0.062430663
6.844000000000000,0.035857304,0.061883332,0.866855956,-0.493401926,0.866855956,-0.493401926,0.034899275,0.062428629
6.844500000000000,0.035858934,0.06188257,0.866834598,-0.493439425,0.866834598,-0.493439425,0.03490319,0.062426621
6.845000000000001,0.03586058,0.061881828,0.86681325,-0.493476899,0.86681325,-0.493476899,0.03490711,0.06242464
6.845500000000000,0.035862244,0.061881105,0.866791911,-0.493514349,0.866791911,-0.493514349,0.034911034,0.062422685
6.846000000000000,0.035863924,0.061880402,0.866770582,-0.493551774,0.866770582,-0.493551774,0.034914964,0.062420755
6.846500000000001,0.03586562,0.061879718,0.866749263,-0.493589176,0.866749263,-0.493589176,0.034918898,0.062418851
6.847000000000000,0.035867333,0.061879053,0.866727953,-0.493626553,0.866727953,-0.493626553,0.034922838,0.062416972
6.847500000000000,0.035869062,0.061878407,0.866706652,-0.493663907,0.866706652,-0.493663907,0.034926782,0.062415118
6.848000000000001,0.035870807,0.06187778,0.866685361,-0.493701238,0.866685361,-0.493701238,0.03493073,0.06241329
6.848500000000000,0.035872568,0.061877172,0.866664079,-0.493738545,0.866664079,-0.493738545,0.034934684,0.062411485
6.849000000000000,0.035874345,0.061876582,0.866642806,-0.493775828,0.866642806,-0.493775828,0.034938642,0.062409706
6.849500000000001,0.035876137,0.06187601,0.866621541,-0.493813089,0.866621541,-0.493813089,0.034942605,0.062407951
6.850000000000001,0.035877945,0.061875456,0.866600286,-0.493850327,0.866600286,-0.493850327,0.034946572,0.06240622
6.850500000000000,0.035879769,0.061874921,0.86657904,-0.493887542,0.86657904,-0.493887542,0.034950544,0.062404513
6.851000000000001,0.035881608,0.061874403,0.866557803,-0.493924735,0.866557803,-0.493924735,0.034954521,0.06240283
6.851500000000001,0.035883462,0.061873903,0.866536574,-0.493961905,0.866536574,-0.493961905,0.034958502,0.06240117
6.852000000000000,0.035885331,0.061873421,0.866515354,-0.493999054,0.866515354,-0.493999054,0.034962488,0.062399534
6.852500000000000,0.035887216,0.061872957,0.866494142,-0.49403618,0.866494142,-0.49403618,0.034966478,0.062397921
6.853000000000001,0.035889115,0.061872509,0.866472939,-0.494073284,0.866472939,-0.494073284,0.034970473,0.062396331
6.853500000000000,0.035891029,0.061872079,0.866451745,-0.494110367,0.866451745,-0.494110367,0.034974471,0.062394765
6.854000000000000,0.035892958,0.061871666,0.866430559,-0.494147428,0.866430559,-0.494147428,0.034978475,0.062393221
6.854500000000001,0.035894901,0.061871271,0.866409381,-0.494184467,0.866409381,-0.494184467,0.034982482,0.062391699
6.855000000000000,0.035896859,0.061870892,0.866388211,-0.494221486,0.866388211,-0.494221486,0.034986494,0.0623902
6.855500000000000,0.035898831,0.061870529,0.866367049,-0.494258483,0.866367049,-0.494258483,0.034990511,0.062388723
6.856000000000001,0.035900818,0.061870184,0.866345896,-0.494295459,0.866345896,-0.494295459,0.034994531,0.062387268
6.856500000000000,0.035902819,0.061869854,0.86632475,-0.494332415,0.86632475,-0.494332415,0.034998556,0.062385836
6.857000000000000,0.035904833,0.061869542,0.866303613,-0.49436935,0.866303613,-0.49436935,0.035002585,0.062384424
6.857500000000001,0.035906862,0.061869245,0.866282483,-0.494406264,0.866282483,-0.494406264,0.035006618,0.062383035
6.858000000000001,0.035908905,0.061868965,0.866261361,-0.494443158,0.866261361,-0.494443158,0.035010655,0.062381667
6.858500000000000,0.035910961,0.0618687,0.866240247,-0.494480032,0.866240247,-0.494480032,0.035014697,0.06238032
6.859000000000000,0.035913032,0.061868452,0.86621914,-0.494516885,0.86621914,-0.494516885,0.035018742,0.062378994
6.859500000000001,0.035915115,0.061868219,0.866198042,-0.494553719,0.866198042,-0.494553719,0.035022792,0.06237769
6.860000000000000,0.035917213,0.061868002,0.86617695,-0.494590533,0.86617695,-0.494590533,0.035026846,0.062376406
6.860500000000000,0.035919323,0.0618678,0.866155866,-0.494627327,0.866155866,-0.494627327,0.035030903,0.062375143
6.861000000000001,0.035921447,0.061867614,0.86613479,-0.494664102,0.86613479,-0.494664102,0.035034965,0.0623739
6.861500000000000,0.035923584,0.061867443,0.866113721,-0.494700857,0.866113721,-0.494700857,0.03503903,0.062372677
6.862000000000000,0.035925735,0.061867287,0.866092659,-0.494737593,0.866092659,-0.494737593,0.0350431,0.062371475
6.862500000000001,0.035927898,0.061867147,0.866071604,-0.49477431,0.866071604,-0.49477431,0.035047173,0.062370293
6.863000000000000,0.035930074,0.061867021,0.866050557,-0.494811008,0.866050557,-0.494811008,0.03505125,0.062369131
6.863500000000000,0.035932263,0.061866911,0.866029517,-0.494847687,0.866029517,-0.494847687,0.035055331,0.062367989
6.864000000000001,0.035934465,0.061866815,0.866008484,-0.494884348,0.866008484,-0.494884348,0.035059416,0.062366866
6.864500000000000,0.03593668,0.061866733,0.865987457,-0.494920989,0.865987457,-0.494920989,0.035063505,0.062365763
6.865000000000000,0.035938907,0.061866667,0.865966438,-0.494957613,0.865966438,-0.494957613,0.035067598,0.062364679
6.865500000000001,0.035941147,0.061866614,0.865945426,-0.494994218,0.865945426,-0.494994218,0.035071694,0.062363614
6.866000000000001,0.035943399,0.061866576,0.86592442,-0.495030804,0.86592442,-0.495030804,0.035075794,0.062362569
6.866500000000000,0.035945663,0.061866553,0.865903421,-0.495067373,0.865903421,-0.495067373,0.035079898,0.062361542
6.867000000000000,0.03594794,0.061866543,0.865882429,-0.495103923,0.865882429,-0.495103923,0.035084005,0.062360534
6.867500000000001,0.035950229,0.061866548,0.865861444,-0.495140456,0.865861444,-0.495140456,0.035088116,0.062359545
6.868000000000000,0.03595253,0.061866566,0.865840465,-0.495176971,0.865840465,-0.495176971,0.035092231,0.062358574
6.868500000000000,0.035954842,0.061866599,0.865819493,-0.495213468,0.865819493,-0.495213468,0.035096349,0.062357622
6.869000000000001,0.035957167,0.061866645,0.865798527,-0.495249948,0.865798527,-0.495249948,0.035100471,0.062356688
6.869500000000000,0.035959504,0.061866704,0.865777568,-0.49528641,0.865777568,-0.49528641,0.035104597,0.062355773
6.870000000000000,0.035961852,0.061866778,0.865756615,-0.495322855,0.865756615,-0.495322855,0.035108726,0.062354875
6.870500000000001,0.035964213,0.061866864,0.865735668,-0.495359283,0.865735668,-0.495359283,0.035112858,0.062353995
6.871000000000000,0.035966584,0.061866964,0.865714728,-0.495395693,0.865714728,-0.495395693,0.035116994,0.062353133
6.871500000000000,0.035968968,0.061867078,0.865693794,-0.495432087,0.865693794,-0.495432087,0.035121134,0.062352289
6.872000000000001,0.035971362,0.061867204,0.865672866,-0.495468464,0.865672866,-0.495468464,0.035125277,0.062351462
6.872500000000000,0.035973768,0.061867344,0.865651944,-0.495504824,0.865651944,-0.495504824,0.035129423,0.062350653
6.873000000000000,0.035976186,0.061867497,0.865631028,-0.495541168,0.865631028,-0.495541168,0.035133573,0.062349861
6.873500000000001,0.035978614,0.061867662,0.865610118,-0.495577495,0.865610118,-0.495577495,0.035137727,0.062349086
6.874000000000001,0.035981054,0.061867841,0.865589215,-0.495613806,0.865589215,-0.495613806,0.035141883,0.062348328
6.874500000000000,0.035983505,0.061868032,0.865568317,-0.4956501,0.865568317,-0.4956501,0.035146043,0.062347588
6.875000000000000,0.035985967,0.061868236,0.865547425,-0.495686378,0.865547425,-0.495686378,0.035150207,0.062346864
6.875500000000001,0.03598844,0.061868452,0.865526539,-0.49572264,0.865526539,-0.49572264,0.035154373,0.062346156
6.876000000000000,0.035990924,0.061868681,0.865505659,-0.495758886,0.865505659,-0.495758886,0.035158543,0.062345466
6.876500000000000,0.035993418,0.061868922,0.865484784,-0.495795117,0.865484784,-0.495795117,0.035162716,0.062344792
6.877000000000001,0.035995923,0.061869175,0.865463915,-0.495831331,0.865463915,-0.495831331,0.035166893,0.062344134
6.877500000000000,0.035998439,0.061869441,0.865443052,-0.49586753,0.865443052,-0.49586753,0.035171073,0.062343492
6.878000000000000,0.036000966,0.061869719,0.865422195,-0.495903713,0.865422195,-0.495903713,0.035175256,0.062342867
6.878500000000001,0.036003503,0.061870009,0.865401343,-0.49593988,0.865401343,-0.49593988,0.035179442,0.062342258
6.879000000000000,0.03600605,0.061870311,0.865380496,-0.495976033,0.865380496,-0.495976033,0.035183631,0.062341664
6.879500000000000,0.036008608,0.061870625,0.865359655,-0.496012169,0.865359655,-0.496012169,0.035187824,0.062341087
6.880000000000001,0.036011176,0.06187095,0.865338819,-0.496048291,0.865338819,-0.496048291,0.035192019,0.062340525
6.880500000000001,0.036013755,0.061871287,0.865317989,-0.496084398,0.865317989,-0.496084398,0.035196218,0.062339979
6.881000000000000,0.036016343,0.061871636,0.865297164,-0.496120489,0.865297164,-0.496120489,0.03520042,0.062339448
6.881500000000001,0.036018942,0.061871997,0.865276345,-0.496156566,0.865276345,-0.496156566,0.035204625,0.062338933
6.882000000000001,0.036021551,0.061872369,0.86525553,-0.496192628,0.86525553,-0.496192628,0.035208833,0.062338433
6.882500000000000,0.03602417,0.061872753,0.865234721,-0.496228675,0.865234721,-0.496228675,0.035213044,0.062337949
6.883000000000000,0.036026798,0.061873147,0.865213917,-0.496264707,0.865213917,-0.496264707,0.035217258,0.062337479
6.883500000000001,0.036029437,0.061873553,0.865193118,-0.496300725,0.865193118,-0.496300725,0.035221475,0.062337024
6.884000000000000,0.036032085,0.061873971,0.865172324,-0.496336729,0.865172324,-0.496336729,0.035225695,0.062336585
6.884500000000000,0.036034743,0.061874399,0.865151536,-0.496372718,0.865151536,-0.496372718,0.035229918,0.06233616
6.885000000000001,0.036037411,0.061874839,0.865130752,-0.496408693,0.865130752,-0.496408693,0.035234144,0.06233575
6.885500000000000,0.036040089,0.061875289,0.865109973,-0.496444653,0.865109973,-0.496444653,0.035238373,0.062335354
6.886000000000000,0.036042776,0.06187575,0.865089199,-0.4964806,0.865089199,-0.4964806,0.035242605,0.062334974
6.886500000000001,0.036045473,0.061876223,0.86506843,-0.496516532,0.86506843,-0.496516532,0.03524684,0.062334607
6.887000000000000,0.036048179,0.061876706,0.865047666,-0.49655245,0.865047666,-0.49655245,0.035251078,0.062334255
6.887500000000000,0.036050894,0.061877199,0.865026907,-0.496588355,0.865026907,-0.496588355,0.035255319,0.062333917
6.888000000000001,0.036053619,0.061877703,0.865006152,-0.496624246,0.865006152,-0.496624246,0.035259562,0.062333593
6.888500000000001,0.036056353,0.061878218,0.864985402,-0.496660123,0.864985402,-0.496660123,0.035263809,0.062333284
6.889000000000000,0.036059096,0.061878744,0.864964657,-0.496695986,0.864964657,-0.496695986,0.035268058,0.062332988
6.889500000000001,0.036061849,0.061879279,0.864943917,-0.496731836,0.864943917,-0.496731836,0.03527231,0.062332706
6.890000000000001,0.03606461,0.061879825,0.864923181,-0.496767673,0.864923181,-0.496767673,0.035276565,0.062332438
6.890500000000000,0.036067381,0.061880382,0.86490245,-0.496803496,0.86490245,-0.496803496,0.035280822,0.062332184
6.891000000000000,0.036070161,0.061880948,0.864881723,-0.496839306,0.864881723,-0.496839306,0.035285083,0.062331943
6.891500000000001,0.036072949,0.061881525,0.864861001,-0.496875103,0.864861001,-0.496875103,0.035289346,0.062331716
6.892000000000000,0.036075747,0.061882112,0.864840283,-0.496910886,0.864840283,-0.496910886,0.035293612,0.062331502
6.892500000000000,0.036078553,0.061882709,0.864819569,-0.496946657,0.864819569,-0.496946657,0.03529788,0.062331302
6.893000000000001,0.036081368,0.061883315,0.86479886,-0.496982414,0.86479886,-0.496982414,0.035302152,0.062331115
6.893500000000000,0.036084192,0.061883932,0.864778156,-0.497018159,0.864778156,-0.497018159,0.035306426,0.062330941
6.894000000000000,0.036087024,0.061884559,0.864757456,-0.49705389,0.864757456,-0.49705389,0.035310702,0.06233078
6.894500000000001,0.036089866,0.061885195,0.86473676,-0.497089609,0.86473676,-0.497089609,0.035314982,0.062330633
6.895000000000000,0.036092715,0.061885841,0.864716068,-0.497125316,0.864716068,-0.497125316,0.035319264,0.062330498
6.895500000000000,0.036095574,0.061886497,0.86469538,-0.497161009,0.86469538,-0.497161009,0.035323548,0.062330376
6.896000000000001,0.03609844,0.061887162,0.864674697,-0.497196691,0.864674697,-0.497196691,0.035327835,0.062330267
6.896500000000001,0.036101315,0.061887837,0.864654018,-0.497232359,0.864654018,-0.497232359,0.035332125,0.062330171
6.897000000000000,0.036104199,0.061888521,0.864633343,-0.497268016,0.864633343,-0.497268016,0.035336418,0.062330087
6.897500000000001,0.036107091,0.061889214,0.864612672,-0.49730366,0.864612672,-0.49730366,0.035340713,0.062330015
6.898000000000001,0.036109991,0.061889917,0.864592005,-0.497339291,0.864592005,-0.497339291,0.03534501,0.062329957
6.898500000000000,0.036112899,0.06189063,0.864571342,-0.497374911,0.864571342,-0.497374911,0.035349311,0.06232991
6.899000000000000,0.036115816,0.061891351,0.864550683,-0.497410518,0.864550683,-0.497410518,0.035353613,0.062329876
6.899500000000001,0.036118741,0.061892082,0.864530028,-0.497446114,0.864530028,-0.497446114,0.035357919,0.062329854
6.900000000000000,0.036121674,0.061892821,0.864509377,-0.497481697,0.864509377,-0.497481697,0.035362226,0.062329845
6.900500000000000,0.036124614,0.06189357,0.86448873,-0.497517269,0.86448873,-0.497517269,0.035366537,0.062329847
6.901000000000001,0.036127563,0.061894328,0.864468087,-0.497552828,0.864468087,-0.497552828,0.035370849,0.062329862
6.901500000000000,0.03613052,0.061895095,0.864447448,-0.497588376,0.864447448,-0.497588376,0.035375164,0.062329888
6.902000000000000,0.036133485,0.06189587,0.864426812,-0.497623913,0.864426812,-0.497623913,0.035379482,0.062329926
6.902500000000001,0.036136457,0.061896655,0.86440618,-0.497659437,0.86440618,-0.497659437,0.035383802,0.062329976
6.903000000000000,0.036139438,0.061897448,0.864385552,-0.49769495,0.864385552,-0.49769495,0.035388125,0.062330038
6.903500000000000,0.036142426,0.06189825,0.864364928,-0.497730452,0.864364928,-0.497730452,0.03539245,0.062330111
6.904000000000001,0.036145422,0.061899061,0.864344307,-0.497765942,0.864344307,-0.497765942,0.035396777,0.062330196
6.904500000000001,0.036148425,0.06189988,0.86432369,-0.49780142,0.86432369,-0.49780142,0.035401107,0.062330293
6.905000000000000,0.036151437,0.061900708,0.864303077,-0.497836888,0.864303077,-0.497836888,0.035405439,0.062330401
6.905500000000001,0.036154455,0.061901544,0.864282467,-0.497872344,0.864282467,-0.497872344,0.035409774,0.06233052
6.906000000000001,0.036157482,0.061902389,0.864261861,-0.497907789,0.864261861,-0.497907789,0.035414111,0.062330651
6.906500000000000,0.036160516,0.061903242,0.864241258,-0.497943223,0.864241258,-0.497943223,0.03541845,0.062330792
6.907000000000000,0.036163557,0.061904104,0.864220659,-0.497978645,0.864220659,-0.497978645,0.035422791,0.062330945
6.907500000000001,0.036166606,0.061904974,0.864200063,-0.498014057,0.864200063,-0.498014057,0.035427135,0.06233111
6.908000000000000,0.036169662,0.061905852,0.864179471,-0.498049458,0.864179471,-0.498049458,0.035431481,0.062331285
6.908500000000000,0.036172725,0.061906739,0.864158882,-0.498084848,0.864158882,-0.498084848,0.03543583,0.062331471
6.909000000000001,0.036175796,0.061907633,0.864138297,-0.498120227,0.864138297,-0.498120227,0.035440181,0.062331668
6.909500000000000,0.036178874,0.061908536,0.864117715,-0.498155595,0.864117715,-0.498155595,0.035444534,0.062331876
6.910000000000000,0.036181959,0.061909446,0.864097136,-0.498190953,0.864097136,-0.498190953,0.035448889,0.062332094
6.910500000000001,0.036185052,0.061910365,0.864076561,-0.498226299,0.864076561,-0.498226299,0.035453247,0.062332324
6.911000000000000,0.036188151,0.061911292,0.864055989,-0.498261636,0.864055989,-0.498261636,0.035457607,0.062332563
6.911500000000000,0.036191258,0.061912226,0.86403542,-0.498296961,0.86403542,-0.498296961,0.035461969,0.062332814
6.912000000000001,0.036194372,0.061913169,0.864014854,-0.498332277,0.864014854,-0.498332277,0.035466333,0.062333075
6.912500000000001,0.036197493,0.061914119,0.863994292,-0.498367582,0.863994292,-0.498367582,0.0354707,0.062333347
6.913000000000000,0.03620062,0.061915077,0.863973733,-0.498402876,0.863973733,-0.498402876,0.035475068,0.062333628
6.913500000000001,0.036203755,0.061916043,0.863953177,-0.49843816,0.863953177,-0.49843816,0.035479439,0.062333921
6.914000000000001,0.036206897,0.061917017,0.863932624,-0.498473434,0.863932624,-0.498473434,0.035483812,0.062334223
6.914500000000000,0.036210045,0.061917998,0.863912075,-0.498508698,0.863912075,-0.498508698,0.035488188,0.062334536
6.915000000000000,0.0362132,0.061918987,0.863891528,-0.498543951,0.863891528,-0.498543951,0.035492565,0.062334859
6.915500000000001,0.036216362,0.061919983,0.863870984,-0.498579195,0.863870984,-0.498579195,0.035496945,0.062335192
6.916000000000000,0.036219531,0.061920987,0.863850444,-0.498614428,0.863850444,-0.498614428,0.035501326,0.062335535
6.916500000000000,0.036222707,0.061921998,0.863829906,-0.498649652,0.863829906,-0.498649652,0.03550571,0.062335888
6.917000000000001,0.036225889,0.061923017,0.863809372,-0.498684865,0.863809372,-0.498684865,0.035510096,0.062336251
6.917500000000000,0.036229078,0.061924043,0.86378884,-0.498720069,0.86378884,-0.498720069,0.035514484,0.062336623
6.918000000000000,0.036232274,0.061925076,0.863768312,-0.498755262,0.863768312,-0.498755262,0.035518874,0.062337006
6.918500000000001,0.036235476,0.061926117,0.863747786,-0.498790446,0.863747786,-0.498790446,0.035523266,0.062337398
6.919000000000000,0.036238684,0.061927165,0.863727263,-0.498825621,0.863727263,-0.498825621,0.035527661,0.0623378
6.919500000000000,0.036241899,0.06192822,0.863706743,-0.498860785,0.863706743,-0.498860785,0.035532057,0.062338212
6.920000000000001,0.036245121,0.061929282,0.863686226,-0.49889594,0.863686226,-0.49889594,0.035536456,0.062338633
6.920500000000001,0.036248349,0.061930351,0.863665712,-0.498931085,0.863665712,-0.498931085,0.035540856,0.062339064
6.921000000000000,0.036251584,0.061931428,0.8636452,-0.498966221,0.8636452,-0.498966221,0.035545259,0.062339504
6.921500000000001,0.036254824,0.061932511,0.863624692,-0.499001348,0.863624692,-0.499001348,0.035549663,0.062339953
6.922000000000001,0.036258072,0.061933602,0.863604186,-0.499036464,0.863604186,-0.499036464,0.03555407,0.062340412
6.922500000000000,0.036261325,0.061934699,0.863583682,-0.499071572,0.863583682,-0.499071572,0.035558478,0.062340881
6.923000000000000,0.036264585,0.061935804,0.863563182,-0.49910667,0.863563182,-0.49910667,0.035562889,0.062341358
6.923500000000001,0.036267851,0.061936915,0.863542684,-0.499141759,0.863542684,-0.499141759,0.035567301,0.062341845
6.924000000000000,0.036271123,0.061938033,0.863522189,-0.499176838,0.863522189,-0.499176838,0.035571716,0.062342341
6.924500000000000,0.036274401,0.061939158,0.863501696,-0.499211909,0.863501696,-0.499211909,0.035576132,0.062342846
6.925000000000001,0.036277686,0.06194029,0.863481207,-0.49924697,0.863481207,-0.49924697,0.035580551,0.06234336
6.925500000000000,0.036280976,0.061941428,0.863460719,-0.499282022,0.863460719,-0.499282022,0.035584971,0.062343883
6.926000000000000,0.036284273,0.061942573,0.863440235,-0.499317065,0.863440235,-0.499317065,0.035589393,0.062344415
6.926500000000001,0.036287576,0.061943725,0.863419753,-0.499352099,0.863419753,-0.499352099,0.035593818,0.062344956
6.927000000000000,0.036290885,0.061944883,0.863399273,-0.499387124,0.863399273,-0.499387124,0.035598244,0.062345505
6.927500000000000,0.036294199,0.061946048,0.863378796,-0.499422141,0.863378796,-0.499422141,0.035602672,0.062346064
6.928000000000001,0.03629752,0.06194722,0.863358321,-0.499457148,0.863358321,-0.499457148,0.035607102,0.062346631
6.928500000000001,0.036300847,0.061948398,0.863337849,-0.499492146,0.863337849,-0.499492146,0.035611534,0.062347207
6.929000000000000,0.036304179,0.061949582,0.86331738,-0.499527136,0.86331738,-0.499527136,0.035615968,0.062347792
6.929500000000000,0.036307517,0.061950773,0.863296912,-0.499562117,0.863296912,-0.499562117,0.035620403,0.062348385
6.930000000000001,0.036310862,0.06195197,0.863276448,-0.499597089,0.863276448,-0.499597089,0.035624841,0.062348986
6.930500000000000,0.036314212,0.061953174,0.863255985,-0.499632053,0.863255985,-0.499632053,0.03562928,0.062349597
6.931000000000000,0.036317567,0.061954383,0.863235525,-0.499667007,0.863235525,-0.499667007,0.035633721,0.062350215
6.931500000000001,0.036320929,0.0619556,0.863215068,-0.499701954,0.863215068,-0.499701954,0.035638165,0.062350842
6.932000000000000,0.036324296,0.061956822,0.863194612,-0.499736892,0.863194612,-0.499736892,0.03564261,0.062351478
6.932500000000000,0.036327669,0.061958051,0.863174159,-0.499771821,0.863174159,-0.499771821,0.035647056,0.062352122
6.933000000000001,0.036331047,0.061959285,0.863153709,-0.499806742,0.863153709,-0.499806742,0.035651505,0.062352774
6.933500000000000,0.036334432,0.061960526,0.86313326,-0.499841654,0.86313326,-0.499841654,0.035655955,0.062353434
6.934000000000000,0.036337821,0.061961773,0.863112814,-0.499876558,0.863112814,-0.499876558,0.035660408,0.062354103
6.934500000000001,0.036341217,0.061963026,0.86309237,-0.499911454,0.86309237,-0.499911454,0.035664862,0.062354779
6.935000000000000,0.036344618,0.061964286,0.863071929,-0.499946341,0.863071929,-0.499946341,0.035669317,0.062355464
6.935500000000000,0.036348024,0.061965551,0.863051489,-0.499981221,0.863051489,-0.499981221,0.035673775,0.062356157
6.936000000000001,0.036351436,0.061966822,0.863031052,-0.500016092,0.863031052,-0.500016092,0.035678234,0.062356857
6.936500000000001,0.036354853,0.061968099,0.863010617,-0.500050955,0.863010617,-0.500050955,0.035682696,0.062357566
6.937000000000000,0.036358276,0.061969382,0.862990184,-0.500085809,0.862990184,-0.500085809,0.035687158,0.062358283
6.937500000000000,0.036361704,0.061970671,0.862969753,-0.500120656,0.862969753,-0.500120656,0.035691623,0.062359007
6.938000000000001,0.036365138,0.061971965,0.862949324,-0.500155494,0.862949324,-0.500155494,0.035696089,0.06235974
6.938500000000000,0.036368577,0.061973266,0.862928898,-0.500190325,0.862928898,-0.500190325,0.035700558,0.06236048
6.939000000000000,0.036372021,0.061974572,0.862908473,-0.500225147,0.862908473,-0.500225147,0.035705027,0.062361228
6.939500000000001,0.036375471,0.061975884,0.86288805,-0.500259962,0.86288805,-0.500259962,0.035709499,0.062361983
6.940000000000000,0.036378925,0.061977202,0.86286763,-0.500294769,0.86286763,-0.500294769,0.035713972,0.062362746
6.940500000000000,0.036382385,0.061978525,0.862847212,-0.500329568,0.862847212,-0.500329568,0.035718447,0.062363517
6.941000000000001,0.036385851,0.061979854,0.862826795,-0.500364359,0.862826795,-0.500364359,0.035722924,0.062364296
6.941500000000000,0.036389321,0.061981189,0.862806381,-0.500399142,0.862806381,-0.500399142,0.035727402,0.062365082
6.942000000000000,0.036392797,0.061982529,0.862785968,-0.500433917,0.862785968,-0.500433917,0.035731883,0.062365875
6.942500000000001,0.036396278,0.061983875,0.862765558,-0.500468685,0.862765558,-0.500468685,0.035736364,0.062366676
6.943000000000001,0.036399764,0.061985227,0.862745149,-0.500503445,0.862745149,-0.500503445,0.035740848,0.062367484
6.943500000000000,0.036403255,0.061986583,0.862724743,-0.500538198,0.862724743,-0.500538198,0.035745333,0.0623683
6.944000000000001,0.036406751,0.061987946,0.862704338,-0.500572942,0.862704338,-0.500572942,0.03574982,0.062369123
6.944500000000001,0.036410252,0.061989314,0.862683935,-0.50060768,0.862683935,-0.50060768,0.035754308,0.062369954
6.945000000000000,0.036413758,0.061990687,0.862663534,-0.500642409,0.862663534,-0.500642409,0.035758798,0.062370791
6.945500000000000,0.036417269,0.061992065,0.862643135,-0.500677131,0.862643135,-0.500677131,0.03576329,0.062371636
6.946000000000001,0.036420785,0.061993449,0.862622738,-0.500711846,0.862622738,-0.500711846,0.035767783,0.062372488
6.946500000000000,0.036424307,0.061994839,0.862602343,-0.500746553,0.862602343,-0.500746553,0.035772278,0.062373347
6.947000000000000,0.036427833,0.061996233,0.862581949,-0.500781253,0.862581949,-0.500781253,0.035776775,0.062374214
6.947500000000001,0.036431363,0.061997633,0.862561557,-0.500815946,0.862561557,-0.500815946,0.035781273,0.062375087
6.948000000000000,0.036434899,0.061999038,0.862541167,-0.500850631,0.862541167,-0.500850631,0.035785772,0.062375967
6.948500000000000,0.03643844,0.062000448,0.862520779,-0.500885309,0.862520779,-0.500885309,0.035790274,0.062376855
6.949000000000001,0.036441985,0.062001864,0.862500393,-0.500919979,0.862500393,-0.500919979,0.035794777,0.062377749
6.949500000000000,0.036445536,0.062003285,0.862480008,-0.500954643,0.862480008,-0.500954643,0.035799281,0.062378651
6.950000000000000,0.036449091,0.06200471,0.862459625,-0.500989299,0.862459625,-0.500989299,0.035803787,0.062379559
6.950500000000001,0.036452651,0.062006141,0.862439244,-0.501023948,0.862439244,-0.501023948,0.035808295,0.062380474
6.951000000000001,0.036456215,0.062007577,0.862418864,-0.50105859,0.862418864,-0.50105859,0.035812804,0.062381396
6.951500000000000,0.036459785,0.062009018,0.862398486,-0.501093225,0.862398486,-0.501093225,0.035817315,0.062382324
6.952000000000001,0.036463359,0.062010464,0.86237811,-0.501127852,0.86237811,-0.501127852,0.035821828,0.06238326
6.952500000000001,0.036466937,0.062011915,0.862357735,-0.501162473,0.862357735,-0.501162473,0.035826341,0.062384202
6.953000000000000,0.036470521,0.062013371,0.862337362,-0.501197086,0.862337362,-0.501197086,0.035830857,0.062385151
6.953500000000000,0.036474109,0.062014832,0.862316991,-0.501231693,0.862316991,-0.501231693,0.035835374,0.062386106
6.954000000000001,0.036477702,0.062016298,0.862296621,-0.501266293,0.862296621,-0.501266293,0.035839892,0.062387068
6.954500000000000,0.036481299,0.062017769,0.862276253,-0.501300886,0.862276253,-0.501300886,0.035844412,0.062388037
6.955000000000000,0.036484901,0.062019244,0.862255886,-0.501335471,0.862255886,-0.501335471,0.035848934,0.062389012
6.955500000000001,0.036488507,0.062020725,0.862235521,-0.50137005,0.862235521,-0.50137005,0.035853457,0.062389994
6.956000000000000,0.036492118,0.06202221,0.862215158,-0.501404623,0.862215158,-0.501404623,0.035857982,0.062390982
6.956500000000000,0.036495733,0.0620237,0.862194796,-0.501439188,0.862194796,-0.501439188,0.035862508,0.062391976
6.957000000000001,0.036499353,0.062025195,0.862174435,-0.501473747,0.862174435,-0.501473747,0.035867035,0.062392977
6.957500000000000,0.036502977,0.062026695,0.862154076,-0.501508299,0.862154076,-0.501508299,0.035871564,0.062393985
6.958000000000000,0.036506606,0.062028199,0.862133719,-0.501542844,0.862133719,-0.501542844,0.035876095,0.062394998
6.958500000000001,0.036510239,0.062029708,0.862113363,-0.501577382,0.862113363,-0.501577382,0.035880627,0.062396019
6.959000000000001,0.036513877,0.062031222,0.862093008,-0.501611914,0.862093008,-0.501611914,0.03588516,0.062397045
6.959500000000000,0.036517519,0.06203274,0.862072655,-0.501646439,0.862072655,-0.501646439,0.035889695,0.062398077
6.960000000000001,0.036521165,0.062034263,0.862052303,-0.501680958,0.862052303,-0.501680958,0.035894231,0.062399116
6.960500000000001,0.036524816,0.06203579,0.862031953,-0.50171547,0.862031953,-0.50171547,0.035898769,0.062400161
6.961000000000000,0.036528471,0.062037323,0.862011604,-0.501749976,0.862011604,-0.501749976,0.035903308,0.062401212
6.961500000000000,0.03653213,0.062038859,0.861991257,-0.501784475,0.861991257,-0.501784475,0.035907849,0.062402269
6.962000000000001,0.036535794,0.0620404,0.861970911,-0.501818967,0.861970911,-0.501818967,0.035912391,0.062403333
6.962500000000000,0.036539462,0.062041946,0.861950566,-0.501853453,0.861950566,-0.501853453,0.035916935,0.062404402
6.963000000000000,0.036543134,0.062043496,0.861930223,-0.501887933,0.861930223,-0.501887933,0.03592148,0.062405477
6.963500000000001,0.03654681,0.062045051,0.861909881,-0.501922406,0.861909881,-0.501922406,0.035926026,0.062406559
6.964000000000000,0.036550491,0.06204661,0.86188954,-0.501956873,0.86188954,-0.501956873,0.035930574,0.062407646
6.964500000000000,0.036554176,0.062048173,0.861869201,-0.501991334,0.861869201,-0.501991334,0.035935123,0.062408739
6.965000000000001,0.036557865,0.062049741,0.861848863,-0.502025788,0.861848863,-0.502025788,0.035939674,0.062409839
6.965500000000000,0.036561558,0.062051313,0.861828526,-0.502060236,0.861828526,-0.502060236,0.035944226,0.062410944
6.966000000000000,0.036565255,0.06205289,0.861808191,-0.502094678,0.861808191,-0.502094678,0.035948779,0.062412055
6.966500000000001,0.036568957,0.062054471,0.861787857,-0.502129113,0.861787857,-0.502129113,0.035953334,0.062413171
6.967000000000001,0.036572662,0.062056056,0.861767524,-0.502163543,0.861767524,-0.502163543,0.03595789,0.062414294
6.967500000000000,0.036576372,0.062057646,0.861747192,-0.502197966,0.861747192,-0.502197966,0.035962448,0.062415422
6.968000000000001,0.036580085,0.062059239,0.861726862,-0.502232383,0.861726862,-0.502232383,0.035967007,0.062416556
6.968500000000001,0.036583803,0.062060837,0.861706533,-0.502266793,0.861706533,-0.502266793,0.035971567,0.062417696
6.969000000000000,0.036587525,0.062062439,0.861686205,-0.502301198,0.861686205,-0.502301198,0.035976129,0.062418841
6.969500000000000,0.03659125,0.062064046,0.861665878,-0.502335597,0.861665878,-0.502335597,0.035980692,0.062419992
6.970000000000001,0.03659498,0.062065656,0.861645553,-0.502369989,0.861645553,-0.502369989,0.035985256,0.062421149
6.970500000000000,0.036598714,0.062067271,0.861625228,-0.502404376,0.861625228,-0.502404376,0.035989822,0.062422311
6.971000000000000,0.036602451,0.06206889,0.861604905,-0.502438756,0.861604905,-0.502438756,0.035994389,0.062423479
6.971500000000001,0.036606193,0.062070513,0.861584583,-0.502473131,0.861584583,-0.502473131,0.035998957,0.062424652
6.972000000000000,0.036609938,0.06207214,0.861564262,-0.502507499,0.861564262,-0.502507499,0.036003527,0.062425831
6.972500000000000,0.036613688,0.062073771,0.861543942,-0.502541862,0.861543942,-0.502541862,0.036008098,0.062427016
6.973000000000001,0.036617441,0.062075406,0.861523623,-0.502576219,0.861523623,-0.502576219,0.03601267,0.062428205
6.973500000000000,0.036621198,0.062077045,0.861503306,-0.50261057,0.861503306,-0.50261057,0.036017244,0.062429401
6.974000000000000,0.036624959,0.062078688,0.861482989,-0.502644915,0.861482989,-0.502644915,0.036021819,0.062430601
6.974500000000001,0.036628724,0.062080336,0.861462674,-0.502679254,0.861462674,-0.502679254,0.036026395,0.062431807
6.975000000000001,0.036632493,0.062081987,0.86144236,-0.502713587,0.86144236,-0.502713587,0.036030973,0.062433019
6.975500000000000,0.036636265,0.062083642,0.861422046,-0.502747915,0.861422046,-0.502747915,0.036035552,0.062434235
6.976000000000001,0.036640042,0.062085301,0.861401734,-0.502782237,0.861401734,-0.502782237,0.036040132,0.062435457
6.976500000000001,0.036643822,0.062086964,0.861381423,-0.502816553,0.861381423,-0.502816553,0.036044713,0.062436685
6.977000000000000,0.036647606,0.06208863,0.861361113,-0.502850863,0.861361113,-0.502850863,0.036049296,0.062437917
6.977500000000000,0.036651393,0.062090301,0.861340804,-0.502885168,0.861340804,-0.502885168,0.03605388,0.062439155
6.978000000000001,0.036655184,0.062091976,0.861320496,-0.502919467,0.861320496,-0.502919467,0.036058465,0.062440398
6.978500000000000,0.036658979,0.062093654,0.861300189,-0.50295376,0.861300189,-0.50295376,0.036063052,0.062441646
6.979000000000000,0.036662778,0.062095336,0.861279883,-0.502988048,0.861279883,-0.502988048,0.03606764,0.062442899
6.979500000000001,0.036666581,0.062097022,0.861259577,-0.50302233,0.861259577,-0.50302233,0.036072229,0.062444157
6.980000000000000,0.036670387,0.062098712,0.861239273,-0.503056606,0.861239273,-0.503056606,0.036076819,0.062445421
6.980500000000000,0.036674196,0.062100405,0.86121897,-0.503090877,0.86121897,-0.503090877,0.036081411,0.062446689
6.981000000000001,0.03667801,0.062102103,0.861198668,-0.503125143,0.861198668,-0.503125143,0.036086004,0.062447963
6.981500000000000,0.036681827,0.062103804,0.861178366,-0.503159402,0.861178366,-0.503159402,0.036090598,0.062449242
6.982000000000000,0.036685647,0.062105508,0.861158066,-0.503193657,0.861158066,-0.503193657,0.036095193,0.062450525
6.982500000000001,0.036689471,0.062107217,0.861137767,-0.503227906,0.861137767,-0.503227906,0.03609979,0.062451814
6.983000000000001,0.036693299,0.062108929,0.861117468,-0.503262149,0.861117468,-0.503262149,0.036104387,0.062453107
6.983500000000000,0.036697131,0.062110644,0.86109717,-0.503296387,0.86109717,-0.503296387,0.036108987,0.062454406
6.984000000000001,0.036700965,0.062112364,0.861076874,-0.50333062,0.861076874,-0.50333062,0.036113587,0.062455709
6.984500000000001,0.036704804,0.062114087,0.861056578,-0.503364847,0.861056578,-0.503364847,0.036118188,0.062457017
6.985000000000000,0.036708646,0.062115813,0.861036283,-0.503399069,0.861036283,-0.503399069,0.036122791,0.06245833
6.985500000000000,0.036712491,0.062117543,0.861015989,-0.503433286,0.861015989,-0.503433286,0.036127395,0.062459648
6.986000000000001,0.03671634,0.062119277,0.860995695,-0.503467497,0.860995695,-0.503467497,0.036132,0.062460971
6.986500000000000,0.036720192,0.062121014,0.860975403,-0.503501703,0.860975403,-0.503501703,0.036136606,0.062462299
6.987000000000000,0.036724048,0.062122755,0.860955111,-0.503535903,0.860955111,-0.503535903,0.036141214,0.062463631
6.987500000000001,0.036727907,0.062124499,0.86093482,-0.503570099,0.86093482,-0.503570099,0.036145823,0.062464968
6.988000000000000,0.03673177,0.062126247,0.86091453,-0.503604289,0.86091453,-0.503604289,0.036150432,0.06246631
6.988500000000000,0.036735636,0.062127998,0.860894241,-0.503638474,0.860894241,-0.503638474,0.036155043,0.062467656
6.989000000000001,0.036739506,0.062129753,0.860873953,-0.503672653,0.860873953,-0.503672653,0.036159656,0.062469007
6.989500000000000,0.036743379,0.062131511,0.860853665,-0.503706828,0.860853665,-0.503706828,0.036164269,0.062470363
6.990000000000000,0.036747255,0.062133272,0.860833378,-0.503740997,0.860833378,-0.503740997,0.036168884,0.062471724
6.990500000000001,0.036751135,0.062135037,0.860813092,-0.503775161,0.860813092,-0.503775161,0.0361735,0.062473089
6.991000000000001,0.036755018,0.062136806,0.860792807,-0.50380932,0.860792807,-0.50380932,0.036178117,0.062474458
6.991500000000000,0.036758904,0.062138577,0.860772522,-0.503843474,0.860772522,-0.503843474,0.036182735,0.062475832
6.992000000000000,0.036762794,0.062140353,0.860752238,-0.503877623,0.860752238,-0.503877623,0.036187354,0.062477211
6.992500000000001,0.036766686,0.062142131,0.860731955,-0.503911767,0.860731955,-0.503911767,0.036191974,0.062478594
6.993000000000000,0.036770583,0.062143913,0.860711673,-0.503945906,0.860711673,-0.503945906,0.036196596,0.062479982
6.993500000000000,0.036774482,0.062145698,0.860691391,-0.503980039,0.860691391,-0.503980039,0.036201219,0.062481374
6.994000000000001,0.036778385,0.062147486,0.86067111,-0.504014168,0.86067111,-0.504014168,0.036205843,0.062482771
6.994500000000000,0.036782291,0.062149278,0.86065083,-0.504048292,0.86065083,-0.504048292,0.036210468,0.062484172
6.995000000000000,0.0367862,0.062151073,0.86063055,-0.504082411,0.86063055,-0.504082411,0.036215094,0.062485578
6.995500000000001,0.036790113,0.062152871,0.860610271,-0.504116524,0.860610271,-0.504116524,0.036219721,0.062486988
6.996000000000000,0.036794029,0.062154672,0.860589993,-0.504150633,0.860589993,-0.504150633,0.036224349,0.062488402
6.996500000000000,0.036797948,0.062156477,0.860569715,-0.504184737,0.860569715,-0.504184737,0.036228979,0.062489821
6.997000000000001,0.03680187,0.062158285,0.860549438,-0.504218836,0.860549438,-0.504218836,0.03623361,0.062491244
6.997500000000000,0.036805795,0.062160096,0.860529162,-0.50425293,0.860529162,-0.50425293,0.036238241,0.062492671
6.998000000000000,0.036809724,0.06216191,0.860508886,-0.50428702,0.860508886,-0.50428702,0.036242874,0.062494103
6.998500000000001,0.036813655,0.062163727,0.860488611,-0.504321104,0.860488611,-0.504321104,0.036247508,0.062495539
6.999000000000001,0.03681759,0.062165548,0.860468337,-0.504355184,0.860468337,-0.504355184,0.036252143,0.062496979
6.999500000000000,0.036821528,0.062167372,0.860448063,-0.504389258,0.860448063,-0.504389258,0.03625678,0.062498424
7.000000000000000,0.036825469,0.062169198,0.86042779,-0.504423328,0.86042779,-0.504423328,0.036261417,0.062499872
