Frequency (GHz),RE[S11],IM[S11],RE[S12],IM[S12],RE[S21],IM[S21],RE[S22],IM[S22]
8.400000000000000,0.009754277,0.039070859,0.969461527,-0.241914593,0.969461527,-0.241914593,0.009745372,0.039073081
8.400200000000000,0.009754508,0.039070866,0.969459894,-0.241921124,0.969459894,-0.241921124,0.009745698,0.039073064
8.400400000000001,0.009754738,0.03907087,0.969458261,-0.241927659,0.969458261,-0.241927659,0.009746024,0.039073045
8.400600000000001,0.009754967,0.039070871,0.969456627,-0.241934196,0.969456627,-0.241934196,0.009746349,0.039073022
8.400800000000000,0.009755195,0.039070869,0.969454993,-0.241940737,0.969454993,-0.241940737,0.009746674,0.039072996
8.401000000000000,0.009755423,0.039070863,0.969453358,-0.241947281,0.969453358,-0.241947281,0.009746998,0.039072966
8.401200000000001,0.009755649,0.039070855,0.969451722,-0.241953828,0.969451722,-0.241953828,0.009747321,0.039072933
8.401400000000001,0.009755875,0.039070843,0.969450085,-0.241960379,0.969450085,-0.241960379,0.009747645,0.039072897
8.401600000000000,0.0097561,0.039070828,0.969448447,-0.241966933,0.969448447,-0.241966933,0.009747967,0.039072857
8.401800000000000,0.009756324,0.039070809,0.969446809,-0.24197349,0.969446809,-0.24197349,0.00974829,0.039072814
8.402000000000001,0.009756547,0.039070787,0.96944517,-0.241980051,0.96944517,-0.241980051,0.009748611,0.039072768
8.402200000000001,0.009756769,0.039070762,0.969443531,-0.241986615,0.969443531,-0.241986615,0.009748932,0.039072718
8.402400000000000,0.009756991,0.039070734,0.96944189,-0.241993183,0.96944189,-0.241993183,0.009749253,0.039072665
8.402600000000001,0.009757211,0.039070702,0.969440249,-0.241999753,0.969440249,-0.241999753,0.009749573,0.039072608
8.402800000000001,0.009757431,0.039070667,0.969438607,-0.242006328,0.969438607,-0.242006328,0.009749893,0.039072548
8.403000000000000,0.009757649,0.039070628,0.969436964,-0.242012905,0.969436964,-0.242012905,0.009750212,0.039072485
8.403200000000000,0.009757867,0.039070586,0.969435321,-0.242019486,0.969435321,-0.242019486,0.009750531,0.039072418
8.403400000000001,0.009758084,0.039070541,0.969433677,-0.242026071,0.969433677,-0.242026071,0.009750849,0.039072347
8.403600000000001,0.0097583,0.039070492,0.969432032,-0.242032659,0.969432032,-0.242032659,0.009751166,0.039072273
8.403800000000000,0.009758515,0.039070439,0.969430386,-0.242039251,0.969430386,-0.242039251,0.009751483,0.039072195
8.404000000000000,0.009758729,0.039070383,0.969428739,-0.242045846,0.969428739,-0.242045846,0.009751799,0.039072114
8.404200000000001,0.009758942,0.039070324,0.969427092,-0.242052444,0.969427092,-0.242052444,0.009752115,0.039072029
8.404400000000001,0.009759154,0.039070261,0.969425444,-0.242059047,0.969425444,-0.242059047,0.009752431,0.03907194
8.404600000000000,0.009759365,0.039070195,0.969423795,-0.242065653,0.969423795,-0.242065653,0.009752746,0.039071848
8.404800000000000,0.009759576,0.039070125,0.969422145,-0.242072262,0.969422145,-0.242072262,0.00975306,0.039071752
8.405000000000001,0.009759785,0.039070051,0.969420495,-0.242078875,0.969420495,-0.242078875,0.009753373,0.039071652
8.405200000000001,0.009759993,0.039069974,0.969418844,-0.242085492,0.969418844,-0.242085492,0.009753687,0.039071549
8.405400000000000,0.009760201,0.039069893,0.969417191,-0.242092112,0.969417191,-0.242092112,0.009753999,0.039071442
8.405600000000000,0.009760407,0.039069808,0.969415539,-0.242098736,0.969415539,-0.242098736,0.009754311,0.039071331
8.405800000000001,0.009760613,0.03906972,0.969413885,-0.242105364,0.969413885,-0.242105364,0.009754623,0.039071216
8.406000000000001,0.009760817,0.039069628,0.96941223,-0.242111996,0.96941223,-0.242111996,0.009754933,0.039071098
8.406200000000000,0.009761021,0.039069533,0.969410575,-0.242118631,0.969410575,-0.242118631,0.009755244,0.039070976
8.406400000000000,0.009761223,0.039069433,0.969408919,-0.24212527,0.969408919,-0.24212527,0.009755553,0.03907085
8.406600000000001,0.009761425,0.03906933,0.969407261,-0.242131913,0.969407261,-0.242131913,0.009755863,0.03907072
8.406800000000000,0.009761625,0.039069224,0.969405604,-0.24213856,0.969405604,-0.24213856,0.009756171,0.039070586
8.407000000000000,0.009761824,0.039069113,0.969403945,-0.242145211,0.969403945,-0.242145211,0.009756479,0.039070448
8.407200000000001,0.009762023,0.039068998,0.969402285,-0.242151865,0.969402285,-0.242151865,0.009756786,0.039070306
8.407400000000001,0.00976222,0.03906888,0.969400625,-0.242158524,0.969400625,-0.242158524,0.009757093,0.039070161
8.407600000000000,0.009762417,0.039068758,0.969398963,-0.242165186,0.969398963,-0.242165186,0.009757399,0.039070011
8.407800000000000,0.009762612,0.039068632,0.969397301,-0.242171852,0.969397301,-0.242171852,0.009757705,0.039069858
8.408000000000001,0.009762807,0.039068502,0.969395638,-0.242178522,0.969395638,-0.242178522,0.00975801,0.0390697
8.408200000000001,0.009763,0.039068368,0.969393974,-0.242185196,0.969393974,-0.242185196,0.009758314,0.039069539
8.408400000000000,0.009763192,0.03906823,0.969392309,-0.242191875,0.969392309,-0.242191875,0.009758618,0.039069373
8.408600000000000,0.009763383,0.039068088,0.969390644,-0.242198557,0.969390644,-0.242198557,0.009758921,0.039069203
8.408800000000001,0.009763573,0.039067942,0.969388977,-0.242205243,0.969388977,-0.242205243,0.009759224,0.039069029
8.409000000000001,0.009763762,0.039067792,0.96938731,-0.242211933,0.96938731,-0.242211933,0.009759526,0.039068851
8.409200000000000,0.00976395,0.039067639,0.969385641,-0.242218628,0.969385641,-0.242218628,0.009759827,0.039068669
8.409400000000000,0.009764137,0.039067481,0.969383972,-0.242225326,0.969383972,-0.242225326,0.009760127,0.039068483
8.409600000000001,0.009764323,0.039067318,0.969382302,-0.242232029,0.969382302,-0.242232029,0.009760427,0.039068292
8.409800000000001,0.009764508,0.039067152,0.969380631,-0.242238736,0.969380631,-0.242238736,0.009760727,0.039068097
8.410000000000000,0.009764691,0.039066982,0.969378958,-0.242245447,0.969378958,-0.242245447,0.009761026,0.039067898
8.410200000000000,0.009764874,0.039066807,0.969377286,-0.242252162,0.969377286,-0.242252162,0.009761324,0.039067695
8.410400000000001,0.009765055,0.039066629,0.969375612,-0.242258882,0.969375612,-0.242258882,0.009761621,0.039067487
8.410600000000001,0.009765235,0.039066446,0.969373937,-0.242265606,0.969373937,-0.242265606,0.009761918,0.039067275
8.410800000000000,0.009765414,0.039066259,0.969372261,-0.242272334,0.969372261,-0.242272334,0.009762214,0.039067059
8.411000000000001,0.009765592,0.039066067,0.969370584,-0.242279066,0.969370584,-0.242279066,0.009762509,0.039066838
8.411200000000001,0.009765769,0.039065871,0.969368907,-0.242285803,0.969368907,-0.242285803,0.009762804,0.039066613
8.411400000000000,0.009765945,0.039065671,0.969367228,-0.242292544,0.969367228,-0.242292544,0.009763098,0.039066383
8.411600000000000,0.009766119,0.039065467,0.969365548,-0.24229929,0.969365548,-0.24229929,0.009763392,0.039066149
8.411800000000001,0.009766293,0.039065258,0.969363868,-0.24230604,0.969363868,-0.24230604,0.009763684,0.03906591
8.412000000000001,0.009766465,0.039065045,0.969362186,-0.242312794,0.969362186,-0.242312794,0.009763976,0.039065667
8.412200000000000,0.009766636,0.039064827,0.969360504,-0.242319553,0.969360504,-0.242319553,0.009764268,0.039065419
8.412400000000000,0.009766806,0.039064605,0.96935882,-0.242326317,0.96935882,-0.242326317,0.009764558,0.039065167
8.412600000000001,0.009766974,0.039064379,0.969357136,-0.242333085,0.969357136,-0.242333085,0.009764848,0.03906491
8.412800000000001,0.009767142,0.039064148,0.96935545,-0.242339857,0.96935545,-0.242339857,0.009765138,0.039064649
8.413000000000000,0.009767308,0.039063912,0.969353764,-0.242346634,0.969353764,-0.242346634,0.009765426,0.039064383
8.413200000000000,0.009767473,0.039063672,0.969352076,-0.242353416,0.969352076,-0.242353416,0.009765714,0.039064112
8.413400000000001,0.009767637,0.039063427,0.969350388,-0.242360202,0.969350388,-0.242360202,0.009766001,0.039063836
8.413600000000001,0.009767799,0.039063178,0.969348698,-0.242366993,0.969348698,-0.242366993,0.009766288,0.039063556
8.413800000000000,0.00976796,0.039062924,0.969347008,-0.242373789,0.969347008,-0.242373789,0.009766574,0.039063271
8.414000000000000,0.00976812,0.039062666,0.969345316,-0.24238059,0.969345316,-0.24238059,0.009766859,0.039062981
8.414200000000001,0.009768279,0.039062402,0.969343623,-0.242387395,0.969343623,-0.242387395,0.009767143,0.039062686
8.414400000000001,0.009768437,0.039062134,0.96934193,-0.242394205,0.96934193,-0.242394205,0.009767426,0.039062387
8.414600000000000,0.009768593,0.039061861,0.969340235,-0.24240102,0.969340235,-0.24240102,0.009767709,0.039062082
8.414800000000001,0.009768748,0.039061584,0.969338539,-0.24240784,0.969338539,-0.24240784,0.009767991,0.039061773
8.415000000000001,0.009768902,0.039061301,0.969336842,-0.242414664,0.969336842,-0.242414664,0.009768273,0.039061459
8.415200000000000,0.009769054,0.039061014,0.969335144,-0.242421494,0.969335144,-0.242421494,0.009768553,0.039061139
8.415400000000000,0.009769205,0.039060722,0.969333445,-0.242428328,0.969333445,-0.242428328,0.009768833,0.039060815
8.415600000000001,0.009769355,0.039060425,0.969331745,-0.242435168,0.969331745,-0.242435168,0.009769112,0.039060486
8.415800000000001,0.009769503,0.039060123,0.969330044,-0.242442012,0.969330044,-0.242442012,0.00976939,0.039060151
8.416000000000000,0.00976965,0.039059816,0.969328342,-0.242448861,0.969328342,-0.242448861,0.009769668,0.039059812
8.416200000000000,0.009769796,0.039059504,0.969326638,-0.242455716,0.969326638,-0.242455716,0.009769944,0.039059467
8.416400000000001,0.009769941,0.039059187,0.969324934,-0.242462576,0.969324934,-0.242462576,0.00977022,0.039059117
8.416600000000001,0.009770084,0.039058865,0.969323228,-0.24246944,0.969323228,-0.24246944,0.009770495,0.039058762
8.416800000000000,0.009770225,0.039058538,0.969321522,-0.24247631,0.969321522,-0.24247631,0.00977077,0.039058402
8.417000000000000,0.009770366,0.039058205,0.969319814,-0.242483185,0.969319814,-0.242483185,0.009771043,0.039058036
8.417200000000001,0.009770505,0.039057868,0.969318105,-0.242490066,0.969318105,-0.242490066,0.009771316,0.039057665
8.417400000000001,0.009770642,0.039057525,0.969316395,-0.242496951,0.969316395,-0.242496951,0.009771588,0.039057289
8.417600000000000,0.009770779,0.039057178,0.969314683,-0.242503842,0.969314683,-0.242503842,0.009771859,0.039056907
8.417800000000000,0.009770913,0.039056824,0.969312971,-0.242510739,0.969312971,-0.242510739,0.009772129,0.03905652
8.418000000000001,0.009771047,0.039056466,0.969311257,-0.24251764,0.969311257,-0.24251764,0.009772399,0.039056128
8.418200000000001,0.009771179,0.039056102,0.969309542,-0.242524547,0.969309542,-0.242524547,0.009772668,0.03905573
8.418400000000000,0.009771309,0.039055733,0.969307826,-0.24253146,0.969307826,-0.24253146,0.009772935,0.039055326
8.418600000000000,0.009771438,0.039055359,0.969306109,-0.242538378,0.969306109,-0.242538378,0.009773202,0.039054917
8.418800000000001,0.009771566,0.039054979,0.969304391,-0.242545301,0.969304391,-0.242545301,0.009773469,0.039054503
8.419000000000000,0.009771692,0.039054593,0.969302671,-0.24255223,0.969302671,-0.24255223,0.009773734,0.039054083
8.419200000000000,0.009771817,0.039054203,0.96930095,-0.242559164,0.96930095,-0.242559164,0.009773998,0.039053657
8.419400000000001,0.00977194,0.039053806,0.969299228,-0.242566105,0.969299228,-0.242566105,0.009774262,0.039053225
8.419600000000001,0.009772062,0.039053404,0.969297505,-0.24257305,0.969297505,-0.24257305,0.009774524,0.039052788
8.419800000000000,0.009772182,0.039052996,0.969295781,-0.242580002,0.969295781,-0.242580002,0.009774786,0.039052345
8.420000000000000,0.009772301,0.039052583,0.969294055,-0.242586959,0.969294055,-0.242586959,0.009775047,0.039051896
8.420200000000001,0.009772418,0.039052164,0.969292328,-0.242593922,0.969292328,-0.242593922,0.009775307,0.039051441
8.420400000000001,0.009772534,0.03905174,0.9692906,-0.242600891,0.9692906,-0.242600891,0.009775566,0.039050981
8.420600000000000,0.009772648,0.039051309,0.96928887,-0.242607865,0.96928887,-0.242607865,0.009775825,0.039050514
8.420800000000000,0.00977276,0.039050873,0.96928714,-0.242614846,0.96928714,-0.242614846,0.009776082,0.039050042
8.421000000000001,0.009772871,0.039050431,0.969285408,-0.242621832,0.969285408,-0.242621832,0.009776338,0.039049563
8.421200000000001,0.009772981,0.039049983,0.969283674,-0.242628825,0.969283674,-0.242628825,0.009776594,0.039049079
8.421400000000000,0.009773089,0.039049529,0.96928194,-0.242635823,0.96928194,-0.242635823,0.009776848,0.039048588
8.421600000000000,0.009773195,0.03904907,0.969280204,-0.242642827,0.969280204,-0.242642827,0.009777102,0.039048091
8.421800000000001,0.0097733,0.039048604,0.969278466,-0.242649838,0.969278466,-0.242649838,0.009777355,0.039047589
8.422000000000001,0.009773403,0.039048132,0.969276728,-0.242656854,0.969276728,-0.242656854,0.009777607,0.03904708
8.422200000000000,0.009773504,0.039047654,0.969274988,-0.242663877,0.969274988,-0.242663877,0.009777858,0.039046564
8.422400000000000,0.009773604,0.03904717,0.969273247,-0.242670906,0.969273247,-0.242670906,0.009778107,0.039046043
8.422600000000001,0.009773702,0.03904668,0.969271504,-0.242677941,0.969271504,-0.242677941,0.009778356,0.039045515
8.422800000000001,0.009773799,0.039046184,0.96926976,-0.242684982,0.96926976,-0.242684982,0.009778604,0.039044981
8.423000000000000,0.009773893,0.039045681,0.969268015,-0.24269203,0.969268015,-0.24269203,0.009778851,0.03904444
8.423200000000001,0.009773987,0.039045172,0.969266268,-0.242699084,0.969266268,-0.242699084,0.009779097,0.039043893
8.423400000000001,0.009774078,0.039044657,0.96926452,-0.242706145,0.96926452,-0.242706145,0.009779342,0.039043339
8.423600000000000,0.009774168,0.039044136,0.96926277,-0.242713212,0.96926277,-0.242713212,0.009779586,0.039042779
8.423800000000000,0.009774256,0.039043608,0.96926102,-0.242720285,0.96926102,-0.242720285,0.009779829,0.039042212
8.424000000000001,0.009774342,0.039043073,0.969259267,-0.242727365,0.969259267,-0.242727365,0.009780071,0.039041639
8.424200000000001,0.009774427,0.039042533,0.969257513,-0.242734451,0.969257513,-0.242734451,0.009780312,0.039041059
8.424400000000000,0.009774509,0.039041985,0.969255758,-0.242741545,0.969255758,-0.242741545,0.009780552,0.039040472
8.424600000000000,0.009774591,0.039041431,0.969254002,-0.242748645,0.969254002,-0.242748645,0.009780791,0.039039878
8.424800000000001,0.00977467,0.039040871,0.969252244,-0.242755751,0.969252244,-0.242755751,0.009781029,0.039039278
8.425000000000001,0.009774747,0.039040303,0.969250484,-0.242762864,0.969250484,-0.242762864,0.009781266,0.039038671
8.425200000000000,0.009774823,0.039039729,0.969248723,-0.242769985,0.969248723,-0.242769985,0.009781502,0.039038057
8.425400000000000,0.009774897,0.039039149,0.96924696,-0.242777112,0.96924696,-0.242777112,0.009781737,0.039037435
8.425600000000001,0.009774969,0.039038561,0.969245196,-0.242784246,0.969245196,-0.242784246,0.00978197,0.039036807
8.425800000000001,0.009775039,0.039037967,0.969243431,-0.242791386,0.969243431,-0.242791386,0.009782203,0.039036172
8.426000000000000,0.009775107,0.039037365,0.969241664,-0.242798534,0.969241664,-0.242798534,0.009782434,0.03903553
8.426200000000000,0.009775174,0.039036757,0.969239895,-0.242805689,0.969239895,-0.242805689,0.009782665,0.03903488
8.426400000000001,0.009775239,0.039036142,0.969238125,-0.242812851,0.969238125,-0.242812851,0.009782894,0.039034224
8.426600000000001,0.009775301,0.039035519,0.969236354,-0.242820021,0.969236354,-0.242820021,0.009783123,0.03903356
8.426800000000000,0.009775362,0.03903489,0.969234581,-0.242827197,0.969234581,-0.242827197,0.00978335,0.039032889
8.427000000000001,0.009775421,0.039034253,0.969232806,-0.242834381,0.969232806,-0.242834381,0.009783576,0.03903221
8.427200000000001,0.009775478,0.039033609,0.969231029,-0.242841572,0.969231029,-0.242841572,0.009783801,0.039031524
8.427400000000000,0.009775533,0.039032958,0.969229252,-0.24284877,0.969229252,-0.24284877,0.009784024,0.039030831
8.427600000000000,0.009775586,0.0390323,0.969227472,-0.242855976,0.969227472,-0.242855976,0.009784247,0.03903013
8.427800000000001,0.009775637,0.039031634,0.969225691,-0.242863189,0.969225691,-0.242863189,0.009784468,0.039029421
8.428000000000001,0.009775686,0.039030961,0.969223908,-0.24287041,0.969223908,-0.24287041,0.009784689,0.039028705
8.428200000000000,0.009775733,0.03903028,0.969222124,-0.242877638,0.969222124,-0.242877638,0.009784908,0.039027981
8.428400000000000,0.009775779,0.039029592,0.969220338,-0.242884874,0.969220338,-0.242884874,0.009785126,0.03902725
8.428600000000001,0.009775822,0.039028896,0.96921855,-0.242892118,0.96921855,-0.242892118,0.009785342,0.03902651
8.428800000000001,0.009775863,0.039028193,0.969216761,-0.242899369,0.969216761,-0.242899369,0.009785558,0.039025763
8.429000000000000,0.009775902,0.039027482,0.96921497,-0.242906628,0.96921497,-0.242906628,0.009785772,0.039025008
8.429200000000000,0.009775938,0.039026763,0.969213177,-0.242913895,0.969213177,-0.242913895,0.009785986,0.039024245
8.429400000000001,0.009775973,0.039026036,0.969211383,-0.24292117,0.969211383,-0.24292117,0.009786197,0.039023474
8.429600000000001,0.009776006,0.039025302,0.969209586,-0.242928453,0.969209586,-0.242928453,0.009786408,0.039022695
8.429800000000000,0.009776036,0.03902456,0.969207788,-0.242935744,0.969207788,-0.242935744,0.009786618,0.039021907
8.430000000000000,0.009776065,0.039023809,0.969205989,-0.242943043,0.969205989,-0.242943043,0.009786826,0.039021112
8.430200000000001,0.009776091,0.039023051,0.969204187,-0.24295035,0.969204187,-0.24295035,0.009787033,0.039020308
8.430400000000001,0.009776115,0.039022284,0.969202384,-0.242957665,0.969202384,-0.242957665,0.009787238,0.039019496
8.430600000000000,0.009776137,0.03902151,0.969200579,-0.242964989,0.969200579,-0.242964989,0.009787443,0.039018676
8.430800000000001,0.009776157,0.039020727,0.969198773,-0.242972321,0.969198773,-0.242972321,0.009787646,0.039017847
8.431000000000001,0.009776174,0.039019936,0.969196964,-0.242979661,0.969196964,-0.242979661,0.009787848,0.039017009
8.431200000000000,0.009776189,0.039019137,0.969195154,-0.24298701,0.969195154,-0.24298701,0.009788048,0.039016164
8.431400000000000,0.009776202,0.039018329,0.969193342,-0.242994367,0.969193342,-0.242994367,0.009788247,0.039015309
8.431600000000001,0.009776213,0.039017513,0.969191528,-0.243001733,0.969191528,-0.243001733,0.009788445,0.039014446
8.431800000000001,0.009776222,0.039016688,0.969189712,-0.243009107,0.969189712,-0.243009107,0.009788642,0.039013574
8.432000000000000,0.009776228,0.039015854,0.969187894,-0.243016491,0.969187894,-0.243016491,0.009788837,0.039012693
8.432200000000000,0.009776232,0.039015012,0.969186074,-0.243023883,0.969186074,-0.243023883,0.009789031,0.039011803
8.432400000000001,0.009776233,0.039014162,0.969184253,-0.243031283,0.969184253,-0.243031283,0.009789223,0.039010904
8.432600000000001,0.009776232,0.039013302,0.969182429,-0.243038693,0.969182429,-0.243038693,0.009789414,0.039009997
8.432800000000000,0.009776229,0.039012434,0.969180604,-0.243046112,0.969180604,-0.243046112,0.009789604,0.03900908
8.433000000000000,0.009776223,0.039011557,0.969178777,-0.243053539,0.969178777,-0.243053539,0.009789792,0.039008154
8.433200000000001,0.009776215,0.03901067,0.969176947,-0.243060976,0.969176947,-0.243060976,0.009789979,0.039007219
8.433400000000001,0.009776205,0.039009775,0.969175116,-0.243068422,0.969175116,-0.243068422,0.009790165,0.039006274
8.433600000000000,0.009776192,0.039008871,0.969173283,-0.243075878,0.969173283,-0.243075878,0.009790349,0.03900532
8.433800000000000,0.009776176,0.039007957,0.969171447,-0.243083342,0.969171447,-0.243083342,0.009790531,0.039004357
8.434000000000001,0.009776158,0.039007034,0.96916961,-0.243090816,0.96916961,-0.243090816,0.009790712,0.039003384
8.434200000000001,0.009776138,0.039006102,0.969167771,-0.243098299,0.969167771,-0.243098299,0.009790892,0.039002402
8.434400000000000,0.009776115,0.039005161,0.969165929,-0.243105792,0.969165929,-0.243105792,0.00979107,0.039001409
8.434600000000000,0.00977609,0.03900421,0.969164086,-0.243113295,0.969164086,-0.243113295,0.009791247,0.039000408
8.434800000000001,0.009776061,0.039003249,0.96916224,-0.243120807,0.96916224,-0.243120807,0.009791422,0.038999396
8.435000000000000,0.009776031,0.039002279,0.969160393,-0.243128329,0.969160393,-0.243128329,0.009791596,0.038998374
8.435200000000000,0.009775998,0.039001299,0.969158543,-0.243135861,0.969158543,-0.243135861,0.009791768,0.038997343
8.435400000000001,0.009775962,0.039000309,0.969156691,-0.243143403,0.969156691,-0.243143403,0.009791938,0.038996301
8.435600000000001,0.009775923,0.03899931,0.969154837,-0.243150955,0.969154837,-0.243150955,0.009792107,0.038995249
8.435800000000000,0.009775882,0.0389983,0.969152981,-0.243158516,0.969152981,-0.243158516,0.009792275,0.038994188
8.436000000000000,0.009775838,0.038997281,0.969151123,-0.243166088,0.969151123,-0.243166088,0.009792441,0.038993115
8.436200000000001,0.009775792,0.038996251,0.969149262,-0.243173671,0.969149262,-0.243173671,0.009792605,0.038992033
8.436400000000001,0.009775742,0.038995212,0.969147399,-0.243181263,0.969147399,-0.243181263,0.009792768,0.03899094
8.436600000000000,0.00977569,0.038994162,0.969145534,-0.243188866,0.969145534,-0.243188866,0.009792929,0.038989836
8.436800000000000,0.009775635,0.038993101,0.969143667,-0.24319648,0.969143667,-0.24319648,0.009793089,0.038988722
8.437000000000001,0.009775578,0.038992031,0.969141798,-0.243204104,0.969141798,-0.243204104,0.009793246,0.038987597
8.437200000000001,0.009775517,0.038990949,0.969139926,-0.243211738,0.969139926,-0.243211738,0.009793403,0.038986461
8.437400000000000,0.009775454,0.038989858,0.969138052,-0.243219384,0.969138052,-0.243219384,0.009793557,0.038985314
8.437600000000000,0.009775388,0.038988755,0.969136175,-0.24322704,0.969136175,-0.24322704,0.00979371,0.038984157
8.437800000000001,0.009775319,0.038987642,0.969134296,-0.243234707,0.969134296,-0.243234707,0.009793861,0.038982988
8.438000000000001,0.009775247,0.038986518,0.969132415,-0.243242385,0.969132415,-0.243242385,0.009794011,0.038981808
8.438200000000000,0.009775172,0.038985383,0.969130532,-0.243250074,0.969130532,-0.243250074,0.009794158,0.038980617
8.438400000000000,0.009775094,0.038984237,0.969128646,-0.243257775,0.969128646,-0.243257775,0.009794304,0.038979415
8.438600000000001,0.009775013,0.03898308,0.969126757,-0.243265486,0.969126757,-0.243265486,0.009794449,0.038978201
8.438800000000001,0.009774929,0.038981912,0.969124867,-0.243273209,0.969124867,-0.243273209,0.009794591,0.038976976
8.439000000000000,0.009774842,0.038980732,0.969122973,-0.243280944,0.969122973,-0.243280944,0.009794732,0.038975739
8.439200000000001,0.009774752,0.038979541,0.969121078,-0.24328869,0.969121078,-0.24328869,0.009794871,0.03897449
8.439400000000001,0.009774659,0.038978339,0.969119179,-0.243296447,0.969119179,-0.243296447,0.009795008,0.03897323
8.439600000000000,0.009774563,0.038977125,0.969117279,-0.243304217,0.969117279,-0.243304217,0.009795143,0.038971958
8.439800000000000,0.009774464,0.038975899,0.969115375,-0.243311998,0.969115375,-0.243311998,0.009795277,0.038970673
8.440000000000001,0.009774361,0.038974661,0.96911347,-0.243319791,0.96911347,-0.243319791,0.009795408,0.038969377
8.440200000000001,0.009774255,0.038973412,0.969111561,-0.243327596,0.969111561,-0.243327596,0.009795538,0.038968068
8.440400000000000,0.009774146,0.038972151,0.96910965,-0.243335414,0.96910965,-0.243335414,0.009795666,0.038966747
8.440600000000000,0.009774034,0.038970877,0.969107736,-0.243343243,0.969107736,-0.243343243,0.009795792,0.038965414
8.440800000000001,0.009773919,0.038969592,0.96910582,-0.243351085,0.96910582,-0.243351085,0.009795916,0.038964068
8.441000000000001,0.0097738,0.038968294,0.969103901,-0.24335894,0.969103901,-0.24335894,0.009796038,0.03896271
8.441200000000000,0.009773678,0.038966984,0.96910198,-0.243366807,0.96910198,-0.243366807,0.009796158,0.038961339
8.441400000000000,0.009773553,0.038965661,0.969100055,-0.243374686,0.969100055,-0.243374686,0.009796276,0.038959954
8.441600000000001,0.009773424,0.038964326,0.969098128,-0.243382579,0.969098128,-0.243382579,0.009796393,0.038958558
8.441800000000001,0.009773292,0.038962978,0.969096198,-0.243390484,0.969096198,-0.243390484,0.009796507,0.038957147
8.442000000000000,0.009773156,0.038961617,0.969094266,-0.243398402,0.969094266,-0.243398402,0.009796619,0.038955724
8.442200000000000,0.009773017,0.038960244,0.96909233,-0.243406334,0.96909233,-0.243406334,0.009796729,0.038954288
8.442400000000001,0.009772874,0.038958857,0.969090392,-0.243414279,0.969090392,-0.243414279,0.009796837,0.038952838
8.442600000000001,0.009772728,0.038957457,0.969088451,-0.243422236,0.969088451,-0.243422236,0.009796943,0.038951374
8.442800000000000,0.009772578,0.038956044,0.969086507,-0.243430208,0.969086507,-0.243430208,0.009797047,0.038949897
8.443000000000001,0.009772425,0.038954617,0.96908456,-0.243438193,0.96908456,-0.243438193,0.009797149,0.038948407
8.443200000000001,0.009772268,0.038953178,0.96908261,-0.243446192,0.96908261,-0.243446192,0.009797248,0.038946902
8.443400000000000,0.009772107,0.038951724,0.969080657,-0.243454204,0.969080657,-0.243454204,0.009797346,0.038945383
8.443600000000000,0.009771943,0.038950257,0.969078701,-0.24346223,0.969078701,-0.24346223,0.009797441,0.038943851
8.443800000000001,0.009771774,0.038948776,0.969076742,-0.243470271,0.969076742,-0.243470271,0.009797535,0.038942304
8.444000000000001,0.009771603,0.03894728,0.96907478,-0.243478325,0.96907478,-0.243478325,0.009797626,0.038940742
8.444200000000000,0.009771427,0.038945771,0.969072816,-0.243486394,0.969072816,-0.243486394,0.009797714,0.038939166
8.444400000000000,0.009771247,0.038944248,0.969070848,-0.243494478,0.969070848,-0.243494478,0.009797801,0.038937576
8.444600000000001,0.009771064,0.03894271,0.969068876,-0.243502576,0.969068876,-0.243502576,0.009797885,0.038935971
8.444800000000001,0.009770877,0.038941158,0.969066902,-0.243510688,0.969066902,-0.243510688,0.009797967,0.038934351
8.445000000000000,0.009770686,0.038939591,0.969064925,-0.243518816,0.969064925,-0.243518816,0.009798047,0.038932716
8.445200000000000,0.00977049,0.03893801,0.969062944,-0.243526958,0.969062944,-0.243526958,0.009798124,0.038931065
8.445400000000001,0.009770291,0.038936413,0.96906096,-0.243535115,0.96906096,-0.243535115,0.009798199,0.0389294
8.445600000000001,0.009770088,0.038934802,0.969058973,-0.243543288,0.969058973,-0.243543288,0.009798271,0.038927719
8.445800000000000,0.009769881,0.038933175,0.969056983,-0.243551476,0.969056983,-0.243551476,0.009798342,0.038926022
8.446000000000000,0.009769669,0.038931533,0.969054989,-0.24355968,0.969054989,-0.24355968,0.009798409,0.03892431
8.446200000000001,0.009769454,0.038929876,0.969052992,-0.243567899,0.969052992,-0.243567899,0.009798475,0.038922582
8.446400000000001,0.009769234,0.038928203,0.969050991,-0.243576134,0.969050991,-0.243576134,0.009798538,0.038920838
8.446600000000000,0.00976901,0.038926515,0.969048988,-0.243584385,0.969048988,-0.243584385,0.009798598,0.038919078
8.446800000000000,0.009768782,0.038924811,0.96904698,-0.243592652,0.96904698,-0.243592652,0.009798656,0.038917301
8.447000000000001,0.009768549,0.03892309,0.96904497,-0.243600935,0.96904497,-0.243600935,0.009798711,0.038915508
8.447200000000000,0.009768312,0.038921354,0.969042955,-0.243609235,0.969042955,-0.243609235,0.009798764,0.038913698
8.447400000000000,0.009768071,0.038919601,0.969040937,-0.243617551,0.969040937,-0.243617551,0.009798814,0.038911872
8.447600000000001,0.009767825,0.038917832,0.969038916,-0.243625884,0.969038916,-0.243625884,0.009798862,0.038910029
8.447800000000001,0.009767575,0.038916046,0.969036891,-0.243634233,0.969036891,-0.243634233,0.009798907,0.038908169
8.448000000000000,0.00976732,0.038914244,0.969034862,-0.2436426,0.969034862,-0.2436426,0.00979895,0.038906291
8.448200000000000,0.009767061,0.038912424,0.96903283,-0.243650984,0.96903283,-0.243650984,0.009798989,0.038904396
8.448400000000001,0.009766797,0.038910588,0.969030794,-0.243659385,0.969030794,-0.243659385,0.009799026,0.038902484
8.448600000000001,0.009766528,0.038908734,0.969028754,-0.243667804,0.969028754,-0.243667804,0.009799061,0.038900554
8.448800000000000,0.009766255,0.038906863,0.969026711,-0.24367624,0.969026711,-0.24367624,0.009799092,0.038898605
8.449000000000000,0.009765977,0.038904974,0.969024664,-0.243684694,0.969024664,-0.243684694,0.009799121,0.038896639
8.449200000000001,0.009765694,0.038903068,0.969022612,-0.243693166,0.969022612,-0.243693166,0.009799147,0.038894655
8.449400000000001,0.009765407,0.038901143,0.969020557,-0.243701656,0.969020557,-0.243701656,0.00979917,0.038892652
8.449600000000000,0.009765114,0.038899201,0.969018498,-0.243710165,0.969018498,-0.243710165,0.00979919,0.038890631
8.449800000000000,0.009764817,0.03889724,0.969016435,-0.243718692,0.969016435,-0.243718692,0.009799207,0.038888591
8.450000000000001,0.009764514,0.038895261,0.969014368,-0.243727238,0.969014368,-0.243727238,0.009799222,0.038886532
8.450200000000001,0.009764207,0.038893264,0.969012298,-0.243735803,0.969012298,-0.243735803,0.009799233,0.038884454
8.450400000000000,0.009763895,0.038891247,0.969010222,-0.243744387,0.969010222,-0.243744387,0.009799242,0.038882356
8.450600000000000,0.009763577,0.038889212,0.969008143,-0.24375299,0.969008143,-0.24375299,0.009799247,0.038880239
8.450800000000001,0.009763254,0.038887157,0.96900606,-0.243761612,0.96900606,-0.243761612,0.00979925,0.038878102
8.451000000000001,0.009762926,0.038885083,0.969003972,-0.243770254,0.969003972,-0.243770254,0.009799249,0.038875946
8.451200000000000,0.009762593,0.03888299,0.969001881,-0.243778916,0.969001881,-0.243778916,0.009799246,0.038873769
8.451400000000001,0.009762254,0.038880877,0.968999785,-0.243787598,0.968999785,-0.243787598,0.009799239,0.038871572
8.451600000000001,0.00976191,0.038878744,0.968997684,-0.2437963,0.968997684,-0.2437963,0.009799229,0.038869355
8.451800000000000,0.009761561,0.038876591,0.96899558,-0.243805023,0.96899558,-0.243805023,0.009799216,0.038867116
8.452000000000000,0.009761206,0.038874417,0.968993471,-0.243813766,0.968993471,-0.243813766,0.009799199,0.038864857
8.452200000000001,0.009760846,0.038872223,0.968991357,-0.243822531,0.968991357,-0.243822531,0.00979918,0.038862577
8.452400000000001,0.00976048,0.038870008,0.968989239,-0.243831316,0.968989239,-0.243831316,0.009799157,0.038860276
8.452600000000000,0.009760108,0.038867772,0.968987116,-0.243840122,0.968987116,-0.243840122,0.009799131,0.038857953
8.452800000000000,0.009759731,0.038865515,0.968984989,-0.24384895,0.968984989,-0.24384895,0.009799101,0.038855608
8.453000000000001,0.009759347,0.038863237,0.968982857,-0.2438578,0.968982857,-0.2438578,0.009799068,0.038853241
8.453200000000001,0.009758958,0.038860937,0.968980721,-0.243866671,0.968980721,-0.243866671,0.009799032,0.038850852
8.453400000000000,0.009758564,0.038858616,0.968978579,-0.243875565,0.968978579,-0.243875565,0.009798992,0.038848441
8.453600000000000,0.009758163,0.038856272,0.968976433,-0.243884481,0.968976433,-0.243884481,0.009798948,0.038846006
8.453800000000001,0.009757756,0.038853906,0.968974282,-0.24389342,0.968974282,-0.24389342,0.009798902,0.038843549
8.454000000000001,0.009757343,0.038851517,0.968972127,-0.243902381,0.968972127,-0.243902381,0.009798851,0.038841069
8.454200000000000,0.009756924,0.038849106,0.968969966,-0.243911366,0.968969966,-0.243911366,0.009798797,0.038838566
8.454400000000000,0.009756499,0.038846672,0.9689678,-0.243920374,0.9689678,-0.243920374,0.009798739,0.038836039
8.454600000000001,0.009756067,0.038844215,0.96896563,-0.243929405,0.96896563,-0.243929405,0.009798678,0.038833488
8.454800000000001,0.009755629,0.038841734,0.968963454,-0.24393846,0.968963454,-0.24393846,0.009798613,0.038830913
8.455000000000000,0.009755185,0.038839229,0.968961273,-0.24394754,0.968961273,-0.24394754,0.009798544,0.038828313
8.455200000000001,0.009754734,0.038836701,0.968959087,-0.243956643,0.968959087,-0.243956643,0.009798471,0.038825689
8.455400000000001,0.009754277,0.038834148,0.968956895,-0.243965772,0.968956895,-0.243965772,0.009798395,0.03882304
8.455600000000000,0.009753813,0.038831571,0.968954699,-0.243974925,0.968954699,-0.243974925,0.009798314,0.038820366
8.455800000000000,0.009753342,0.038828969,0.968952497,-0.243984103,0.968952497,-0.243984103,0.00979823,0.038817666
8.456000000000001,0.009752865,0.038826342,0.968950289,-0.243993306,0.968950289,-0.243993306,0.009798142,0.038814941
8.456200000000001,0.00975238,0.03882369,0.968948076,-0.244002536,0.968948076,-0.244002536,0.009798049,0.038812189
8.456400000000000,0.009751889,0.038821012,0.968945858,-0.244011791,0.968945858,-0.244011791,0.009797953,0.038809412
8.456600000000000,0.009751391,0.038818309,0.968943634,-0.244021072,0.968943634,-0.244021072,0.009797852,0.038806608
8.456800000000001,0.009750886,0.038815579,0.968941404,-0.24403038,0.968941404,-0.24403038,0.009797748,0.038803777
8.457000000000001,0.009750374,0.038812823,0.968939169,-0.244039715,0.968939169,-0.244039715,0.009797639,0.038800919
8.457200000000000,0.009749854,0.03881004,0.968936927,-0.244049076,0.968936927,-0.244049076,0.009797526,0.038798033
8.457400000000000,0.009749327,0.038807231,0.96893468,-0.244058465,0.96893468,-0.244058465,0.009797409,0.03879512
8.457600000000001,0.009748793,0.038804394,0.968932427,-0.244067882,0.968932427,-0.244067882,0.009797287,0.038792179
8.457800000000001,0.009748252,0.038801529,0.968930168,-0.244077327,0.968930168,-0.244077327,0.009797161,0.038789209
8.458000000000000,0.009747703,0.038798637,0.968927903,-0.2440868,0.968927903,-0.2440868,0.00979703,0.038786211
8.458200000000000,0.009747146,0.038795716,0.968925632,-0.244096302,0.968925632,-0.244096302,0.009796896,0.038783183
8.458400000000001,0.009746581,0.038792767,0.968923355,-0.244105832,0.968923355,-0.244105832,0.009796756,0.038780127
8.458600000000001,0.009746009,0.03878979,0.968921072,-0.244115392,0.968921072,-0.244115392,0.009796612,0.03877704
8.458800000000000,0.009745429,0.038786783,0.968918782,-0.244124982,0.968918782,-0.244124982,0.009796463,0.038773924
8.459000000000001,0.009744841,0.038783746,0.968916485,-0.244134601,0.968916485,-0.244134601,0.00979631,0.038770778
8.459200000000001,0.009744244,0.03878068,0.968914183,-0.244144251,0.968914183,-0.244144251,0.009796152,0.0387676
8.459400000000000,0.00974364,0.038777584,0.968911873,-0.244153931,0.968911873,-0.244153931,0.009795989,0.038764392
8.459600000000000,0.009743027,0.038774457,0.968909558,-0.244163642,0.968909558,-0.244163642,0.009795821,0.038761153
8.459800000000001,0.009742406,0.038771299,0.968907235,-0.244173385,0.968907235,-0.244173385,0.009795648,0.038757881
8.460000000000001,0.009741777,0.03876811,0.968904906,-0.244183159,0.968904906,-0.244183159,0.009795471,0.038754578
8.460200000000000,0.009741139,0.038764889,0.96890257,-0.244192965,0.96890257,-0.244192965,0.009795288,0.038751242
8.460400000000000,0.009740492,0.038761637,0.968900226,-0.244202804,0.968900226,-0.244202804,0.0097951,0.038747873
8.460600000000001,0.009739837,0.038758352,0.968897876,-0.244212676,0.968897876,-0.244212676,0.009794907,0.038744471
8.460800000000001,0.009739172,0.038755034,0.968895519,-0.24422258,0.968895519,-0.24422258,0.009794709,0.038741036
8.461000000000000,0.009738499,0.038751684,0.968893155,-0.244232519,0.968893155,-0.244232519,0.009794506,0.038737566
8.461200000000000,0.009737817,0.0387483,0.968890783,-0.244242491,0.968890783,-0.244242491,0.009794297,0.038734062
8.461400000000001,0.009737126,0.038744882,0.968888404,-0.244252498,0.968888404,-0.244252498,0.009794083,0.038730523
8.461600000000001,0.009736425,0.03874143,0.968886018,-0.244262539,0.968886018,-0.244262539,0.009793863,0.038726949
8.461800000000000,0.009735715,0.038737943,0.968883624,-0.244272616,0.968883624,-0.244272616,0.009793638,0.038723339
8.462000000000000,0.009734995,0.038734421,0.968881222,-0.244282729,0.968881222,-0.244282729,0.009793407,0.038719693
8.462200000000001,0.009734266,0.038730863,0.968878813,-0.244292877,0.968878813,-0.244292877,0.009793171,0.038716011
8.462400000000001,0.009733527,0.03872727,0.968876396,-0.244303062,0.968876396,-0.244303062,0.009792929,0.038712292
8.462600000000000,0.009732778,0.03872364,0.968873971,-0.244313284,0.968873971,-0.244313284,0.009792681,0.038708535
8.462800000000000,0.009732019,0.038719973,0.968871538,-0.244323543,0.968871538,-0.244323543,0.009792427,0.03870474
8.463000000000001,0.00973125,0.038716269,0.968869097,-0.244333841,0.968869097,-0.244333841,0.009792167,0.038700907
8.463200000000001,0.009730471,0.038712528,0.968866648,-0.244344176,0.968866648,-0.244344176,0.009791902,0.038697035
8.463400000000000,0.009729681,0.038708748,0.968864191,-0.24435455,0.968864191,-0.24435455,0.00979163,0.038693124
8.463600000000001,0.009728881,0.038704929,0.968861725,-0.244364964,0.968861725,-0.244364964,0.009791352,0.038689173
8.463800000000001,0.009728071,0.038701071,0.96885925,-0.244375418,0.96885925,-0.244375418,0.009791068,0.038685181
8.464000000000000,0.009727249,0.038697174,0.968856767,-0.244385911,0.968856767,-0.244385911,0.009790777,0.038681149
8.464200000000000,0.009726417,0.038693236,0.968854276,-0.244396446,0.968854276,-0.244396446,0.00979048,0.038677076
8.464400000000001,0.009725574,0.038689257,0.968851775,-0.244407022,0.968851775,-0.244407022,0.009790176,0.03867296
8.464600000000001,0.009724719,0.038685238,0.968849266,-0.244417639,0.968849266,-0.244417639,0.009789866,0.038668803
8.464800000000000,0.009723853,0.038681177,0.968846747,-0.244428299,0.968846747,-0.244428299,0.00978955,0.038664602
8.465000000000000,0.009722976,0.038677073,0.96884422,-0.244439002,0.96884422,-0.244439002,0.009789226,0.038660358
8.465200000000001,0.009722087,0.038672927,0.968841683,-0.244449749,0.968841683,-0.244449749,0.009788896,0.03865607
8.465400000000001,0.009721187,0.038668737,0.968839136,-0.244460539,0.968839136,-0.244460539,0.009788559,0.038651738
8.465600000000000,0.009720274,0.038664504,0.96883658,-0.244471374,0.96883658,-0.244471374,0.009788215,0.03864736
8.465800000000000,0.00971935,0.038660225,0.968834015,-0.244482254,0.968834015,-0.244482254,0.009787863,0.038642936
8.466000000000001,0.009718413,0.038655902,0.96883144,-0.24449318,0.96883144,-0.24449318,0.009787505,0.038638466
8.466200000000001,0.009717464,0.038651534,0.968828854,-0.244504153,0.968828854,-0.244504153,0.009787139,0.038633949
8.466400000000000,0.009716502,0.038647118,0.968826259,-0.244515172,0.968826259,-0.244515172,0.009786766,0.038629385
8.466600000000000,0.009715527,0.038642657,0.968823654,-0.244526239,0.968823654,-0.244526239,0.009786385,0.038624772
8.466800000000001,0.00971454,0.038638147,0.968821038,-0.244537354,0.968821038,-0.244537354,0.009785997,0.038620111
8.467000000000001,0.009713539,0.03863359,0.968818412,-0.244548518,0.968818412,-0.244548518,0.009785601,0.0386154
8.467200000000000,0.009712526,0.038628983,0.968815775,-0.244559732,0.968815775,-0.244559732,0.009785197,0.038610639
8.467400000000001,0.009711499,0.038624327,0.968813128,-0.244570996,0.968813128,-0.244570996,0.009784785,0.038605827
8.467600000000001,0.009710458,0.038619621,0.968810469,-0.24458231,0.968810469,-0.24458231,0.009784365,0.038600963
8.467800000000000,0.009709403,0.038614865,0.9688078,-0.244593677,0.9688078,-0.244593677,0.009783938,0.038596047
8.468000000000000,0.009708335,0.038610057,0.968805119,-0.244605095,0.968805119,-0.244605095,0.009783502,0.038591078
8.468200000000001,0.009707252,0.038605196,0.968802427,-0.244616567,0.968802427,-0.244616567,0.009783057,0.038586056
8.468400000000001,0.009706155,0.038600283,0.968799724,-0.244628092,0.968799724,-0.244628092,0.009782604,0.038580979
8.468600000000000,0.009705044,0.038595316,0.968797009,-0.244639672,0.968797009,-0.244639672,0.009782143,0.038575847
8.468800000000000,0.009703917,0.038590295,0.968794282,-0.244651307,0.968794282,-0.244651307,0.009781673,0.038570659
8.469000000000001,0.009702776,0.038585218,0.968791543,-0.244662998,0.968791543,-0.244662998,0.009781194,0.038565414
8.469200000000001,0.00970162,0.038580086,0.968788792,-0.244674746,0.968788792,-0.244674746,0.009780706,0.038560112
8.469400000000000,0.009700448,0.038574897,0.968786029,-0.244686551,0.968786029,-0.244686551,0.009780209,0.038554751
8.469600000000000,0.00969926,0.03856965,0.968783253,-0.244698415,0.968783253,-0.244698415,0.009779702,0.038549331
8.469800000000001,0.009698057,0.038564345,0.968780465,-0.244710338,0.968780465,-0.244710338,0.009779187,0.038543852
8.470000000000001,0.009696837,0.038558981,0.968777664,-0.244722322,0.968777664,-0.244722322,0.009778662,0.038538311
8.470200000000000,0.009695601,0.038553556,0.968774849,-0.244734366,0.968774849,-0.244734366,0.009778127,0.038532708
8.470400000000000,0.009694349,0.038548071,0.968772022,-0.244746472,0.968772022,-0.244746472,0.009777583,0.038527043
8.470600000000001,0.00969308,0.038542524,0.968769181,-0.244758641,0.968769181,-0.244758641,0.009777028,0.038521314
8.470800000000001,0.009691793,0.038536914,0.968766326,-0.244770874,0.968766326,-0.244770874,0.009776464,0.038515521
8.471000000000000,0.00969049,0.038531241,0.968763458,-0.244783171,0.968763458,-0.244783171,0.009775889,0.038509663
8.471200000000001,0.009689169,0.038525503,0.968760575,-0.244795534,0.968760575,-0.244795534,0.009775304,0.038503738
8.471400000000001,0.00968783,0.0385197,0.968757679,-0.244807963,0.968757679,-0.244807963,0.009774709,0.038497745
8.471600000000000,0.009686473,0.03851383,0.968754768,-0.24482046,0.968754768,-0.24482046,0.009774103,0.038491684
8.471800000000000,0.009685098,0.038507893,0.968751842,-0.244833025,0.968751842,-0.244833025,0.009773486,0.038485554
8.472000000000001,0.009683704,0.038501887,0.968748901,-0.24484566,0.968748901,-0.24484566,0.009772858,0.038479353
8.472200000000001,0.009682291,0.038495811,0.968745945,-0.244858366,0.968745945,-0.244858366,0.009772219,0.038473081
8.472400000000000,0.009680859,0.038489665,0.968742974,-0.244871143,0.968742974,-0.244871143,0.009771568,0.038466736
8.472600000000000,0.009679407,0.038483448,0.968739987,-0.244883993,0.968739987,-0.244883993,0.009770906,0.038460318
8.472800000000001,0.009677936,0.038477157,0.968736985,-0.244896917,0.968736985,-0.244896917,0.009770233,0.038453824
8.473000000000001,0.009676444,0.038470793,0.968733966,-0.244909916,0.968733966,-0.244909916,0.009769547,0.038447255
8.473200000000000,0.009674932,0.038464353,0.968730931,-0.244922992,0.968730931,-0.244922992,0.00976885,0.038440608
8.473400000000000,0.0096734,0.038457838,0.96872788,-0.244936144,0.96872788,-0.244936144,0.00976814,0.038433883
8.473600000000001,0.009671846,0.038451244,0.968724812,-0.244949376,0.968724812,-0.244949376,0.009767418,0.038427078
8.473800000000001,0.009670271,0.038444573,0.968721726,-0.244962687,0.968721726,-0.244962687,0.009766683,0.038420193
8.474000000000000,0.009668674,0.038437821,0.968718623,-0.244976079,0.968718623,-0.244976079,0.009765935,0.038413225
8.474200000000000,0.009667055,0.038430988,0.968715503,-0.244989554,0.968715503,-0.244989554,0.009765175,0.038406174
8.474400000000001,0.009665414,0.038424073,0.968712364,-0.245003113,0.968712364,-0.245003113,0.009764401,0.038399037
8.474600000000001,0.009663749,0.038417074,0.968709208,-0.245016757,0.968709208,-0.245016757,0.009763613,0.038391815
8.474800000000000,0.009662062,0.03840999,0.968706033,-0.245030487,0.968706033,-0.245030487,0.009762812,0.038384505
8.475000000000000,0.009660351,0.038402819,0.968702839,-0.245044305,0.968702839,-0.245044305,0.009761997,0.038377106
8.475200000000001,0.009658616,0.03839556,0.968699626,-0.245058212,0.968699626,-0.245058212,0.009761168,0.038369617
8.475400000000000,0.009656857,0.038388212,0.968696393,-0.245072211,0.968696393,-0.245072211,0.009760324,0.038362036
8.475600000000000,0.009655073,0.038380773,0.968693141,-0.245086301,0.968693141,-0.245086301,0.009759466,0.038354361
8.475800000000001,0.009653263,0.038373242,0.968689868,-0.245100486,0.968689868,-0.245100486,0.009758593,0.038346591
8.476000000000001,0.009651428,0.038365617,0.968686575,-0.245114765,0.968686575,-0.245114765,0.009757705,0.038338725
8.476200000000000,0.009649568,0.038357896,0.968683262,-0.245129142,0.968683262,-0.245129142,0.009756801,0.03833076
8.476400000000000,0.00964768,0.038350078,0.968679927,-0.245143618,0.968679927,-0.245143618,0.009755882,0.038322695
8.476600000000001,0.009645766,0.038342161,0.96867657,-0.245158193,0.96867657,-0.245158193,0.009754947,0.038314529
8.476800000000001,0.009643824,0.038334144,0.968673192,-0.245172871,0.968673192,-0.245172871,0.009753996,0.038306259
8.477000000000000,0.009641855,0.038326025,0.968669792,-0.245187653,0.968669792,-0.245187653,0.009753028,0.038297885
8.477200000000000,0.009639857,0.038317801,0.968666369,-0.24520254,0.968666369,-0.24520254,0.009752043,0.038289403
8.477400000000001,0.00963783,0.038309472,0.968662922,-0.245217535,0.968662922,-0.245217535,0.009751042,0.038280812
8.477600000000001,0.009635774,0.038301035,0.968659453,-0.245232639,0.968659453,-0.245232639,0.009750023,0.038272111
8.477800000000000,0.009633688,0.038292489,0.968655959,-0.245247855,0.968655959,-0.245247855,0.009748986,0.038263297
8.478000000000000,0.009631571,0.038283831,0.968652441,-0.245263183,0.968652441,-0.245263183,0.009747932,0.038254368
8.478200000000001,0.009629424,0.03827506,0.968648899,-0.245278627,0.968648899,-0.245278627,0.009746859,0.038245323
8.478400000000001,0.009627245,0.038266173,0.968645331,-0.245294188,0.968645331,-0.245294188,0.009745767,0.038236159
8.478600000000000,0.009625034,0.038257169,0.968641738,-0.245309869,0.968641738,-0.245309869,0.009744657,0.038226874
8.478800000000000,0.00962279,0.038248044,0.968638118,-0.245325671,0.968638118,-0.245325671,0.009743527,0.038217465
8.479000000000001,0.009620513,0.038238798,0.968634472,-0.245341597,0.968634472,-0.245341597,0.009742377,0.038207932
8.479200000000001,0.009618202,0.038229428,0.968630799,-0.24535765,0.968630799,-0.24535765,0.009741208,0.03819827
8.479400000000000,0.009615857,0.038219932,0.968627098,-0.24537383,0.968627098,-0.24537383,0.009740018,0.038188479
8.479600000000001,0.009613476,0.038210306,0.96862337,-0.245390142,0.96862337,-0.245390142,0.009738807,0.038178555
8.479800000000001,0.00961106,0.038200549,0.968619612,-0.245406587,0.968619612,-0.245406587,0.009737575,0.038168496
8.480000000000000,0.009608607,0.038190659,0.968615826,-0.245423167,0.968615826,-0.245423167,0.009736321,0.038158299
8.480200000000000,0.009606116,0.038180633,0.968612009,-0.245439886,0.968612009,-0.245439886,0.009735046,0.038147962
8.480400000000001,0.009603588,0.038170467,0.968608163,-0.245456746,0.968608163,-0.245456746,0.009733748,0.038137483
8.480600000000001,0.009601021,0.03816016,0.968604285,-0.24547375,0.968604285,-0.24547375,0.009732427,0.038126858
8.480800000000000,0.009598415,0.038149709,0.968600376,-0.2454909,0.968600376,-0.2454909,0.009731082,0.038116085
8.481000000000000,0.009595769,0.038139111,0.968596435,-0.2455082,0.968596435,-0.2455082,0.009729714,0.03810516
8.481200000000001,0.009593081,0.038128363,0.968592461,-0.245525651,0.968592461,-0.245525651,0.009728322,0.038094081
8.481400000000001,0.009590352,0.038117462,0.968588454,-0.245543258,0.968588454,-0.245543258,0.009726905,0.038082845
8.481600000000000,0.00958758,0.038106406,0.968584412,-0.245561024,0.968584412,-0.245561024,0.009725462,0.038071449
8.481800000000000,0.009584765,0.03809519,0.968580336,-0.245578951,0.968580336,-0.245578951,0.009723994,0.038059889
8.482000000000001,0.009581905,0.038083812,0.968576225,-0.245597043,0.968576225,-0.245597043,0.0097225,0.038048162
8.482200000000001,0.009579,0.038072268,0.968572077,-0.245615302,0.968572077,-0.245615302,0.009720979,0.038036265
8.482400000000000,0.009576049,0.038060556,0.968567893,-0.245633734,0.968567893,-0.245633734,0.00971943,0.038024194
8.482600000000000,0.009573051,0.038048672,0.96856367,-0.24565234,0.96856367,-0.24565234,0.009717854,0.038011946
8.482800000000001,0.009570004,0.038036611,0.96855941,-0.245671125,0.96855941,-0.245671125,0.009716249,0.037999517
8.483000000000001,0.009566908,0.038024371,0.968555109,-0.245690093,0.968555109,-0.245690093,0.009714614,0.037986903
8.483200000000000,0.009563762,0.038011948,0.968550769,-0.245709246,0.968550769,-0.245709246,0.00971295,0.037974101
8.483400000000001,0.009560565,0.037999338,0.968546388,-0.24572859,0.968546388,-0.24572859,0.009711256,0.037961106
8.483600000000001,0.009557316,0.037986536,0.968541965,-0.245748128,0.968541965,-0.245748128,0.009709531,0.037947914
8.483800000000000,0.009554013,0.037973539,0.9685375,-0.245767864,0.9685375,-0.245767864,0.009707774,0.037934522
8.484000000000000,0.009550655,0.037960343,0.96853299,-0.245787803,0.96853299,-0.245787803,0.009705984,0.037920924
8.484200000000001,0.009547241,0.037946943,0.968528437,-0.245807949,0.968528437,-0.245807949,0.009704162,0.037907117
8.484400000000001,0.009543771,0.037933335,0.968523837,-0.245828306,0.968523837,-0.245828306,0.009702305,0.037893096
8.484600000000000,0.009540242,0.037919514,0.968519191,-0.24584888,0.968519191,-0.24584888,0.009700414,0.037878856
8.484800000000000,0.009536653,0.037905476,0.968514497,-0.245869674,0.968514497,-0.245869674,0.009698488,0.037864392
8.485000000000001,0.009533004,0.037891215,0.968509754,-0.245890695,0.968509754,-0.245890695,0.009696525,0.037849699
8.485200000000001,0.009529292,0.037876726,0.968504962,-0.245911946,0.968504962,-0.245911946,0.009694525,0.037834772
8.485400000000000,0.009525516,0.037862006,0.968500119,-0.245933434,0.968500119,-0.245933434,0.009692488,0.037819606
8.485600000000000,0.009521675,0.037847047,0.968495223,-0.245955163,0.968495223,-0.245955163,0.009690412,0.037804195
8.485800000000001,0.009517767,0.037831845,0.968490274,-0.245977139,0.968490274,-0.245977139,0.009688296,0.037788534
8.486000000000001,0.009513791,0.037816394,0.96848527,-0.245999369,0.96848527,-0.245999369,0.009686139,0.037772617
8.486200000000000,0.009509745,0.037800688,0.968480211,-0.246021857,0.968480211,-0.246021857,0.009683941,0.037756437
8.486400000000000,0.009505627,0.037784722,0.968475094,-0.24604461,0.968475094,-0.24604461,0.009681701,0.037739989
8.486600000000001,0.009501435,0.037768488,0.968469919,-0.246067635,0.968469919,-0.246067635,0.009679417,0.037723267
8.486800000000001,0.009497169,0.037751981,0.968464683,-0.246090937,0.968464683,-0.246090937,0.009677088,0.037706263
8.487000000000000,0.009492826,0.037735194,0.968459386,-0.246114524,0.968459386,-0.246114524,0.009674713,0.037688971
8.487200000000001,0.009488404,0.037718121,0.968454026,-0.246138402,0.968454026,-0.246138402,0.009672292,0.037671384
8.487400000000001,0.009483901,0.037700753,0.968448602,-0.246162579,0.968448602,-0.246162579,0.009669823,0.037653495
8.487600000000000,0.009479315,0.037683084,0.968443111,-0.246187061,0.968443111,-0.246187061,0.009667304,0.037635295
8.487800000000000,0.009474644,0.037665107,0.968437552,-0.246211858,0.968437552,-0.246211858,0.009664735,0.037616778
8.488000000000001,0.009469886,0.037646813,0.968431924,-0.246236975,0.968431924,-0.246236975,0.009662114,0.037597936
8.488200000000001,0.009465039,0.037628194,0.968426224,-0.246262423,0.968426224,-0.246262423,0.00965944,0.03757876
8.488400000000000,0.009460101,0.037609243,0.968420451,-0.246288208,0.968420451,-0.246288208,0.009656712,0.037559241
8.488600000000000,0.009455068,0.037589951,0.968414603,-0.24631434,0.968414603,-0.24631434,0.009653927,0.037539371
8.488800000000001,0.009449939,0.037570308,0.968408678,-0.246340828,0.968408678,-0.246340828,0.009651086,0.037519141
8.489000000000001,0.009444711,0.037550306,0.968402674,-0.246367681,0.968402674,-0.246367681,0.009648185,0.037498541
8.489200000000000,0.009439381,0.037529935,0.968396588,-0.246394909,0.968396588,-0.246394909,0.009645224,0.037477561
8.489400000000000,0.009433946,0.037509186,0.968390419,-0.246422522,0.968390419,-0.246422522,0.009642201,0.037456192
8.489600000000001,0.009428405,0.037488047,0.968384164,-0.24645053,0.968384164,-0.24645053,0.009639113,0.037434422
8.489800000000001,0.009422753,0.037466508,0.96837782,-0.246478944,0.96837782,-0.246478944,0.009635961,0.037412241
8.490000000000000,0.009416988,0.037444559,0.968371387,-0.246507776,0.968371387,-0.246507776,0.00963274,0.037389637
8.490200000000000,0.009411107,0.037422188,0.96836486,-0.246537036,0.96836486,-0.246537036,0.009629451,0.0373666
8.490400000000001,0.009405106,0.037399384,0.968358237,-0.246566736,0.968358237,-0.246566736,0.00962609,0.037343116
8.490600000000001,0.009398981,0.037376133,0.968351516,-0.24659689,0.968351516,-0.24659689,0.009622655,0.037319173
8.490800000000000,0.00939273,0.037352423,0.968344693,-0.24662751,0.968344693,-0.24662751,0.009619146,0.037294757
8.491000000000000,0.009386349,0.037328242,0.968337766,-0.24665861,0.968337766,-0.24665861,0.009615558,0.037269857
8.491200000000001,0.009379833,0.037303575,0.968330732,-0.246690202,0.968330732,-0.246690202,0.00961189,0.037244456
8.491400000000001,0.00937318,0.037278408,0.968323587,-0.246722303,0.968323587,-0.246722303,0.00960814,0.037218541
8.491600000000000,0.009366383,0.037252727,0.968316329,-0.246754927,0.968316329,-0.246754927,0.009604305,0.037192097
8.491800000000001,0.009359441,0.037226515,0.968308952,-0.246788089,0.968308952,-0.246788089,0.009600383,0.037165107
8.492000000000001,0.009352347,0.037199757,0.968301455,-0.246821807,0.968301455,-0.246821807,0.00959637,0.037137554
8.492200000000000,0.009345097,0.037172436,0.968293834,-0.246856096,0.968293834,-0.246856096,0.009592265,0.037109423
8.492400000000000,0.009337687,0.037144535,0.968286083,-0.246890974,0.968286083,-0.246890974,0.009588063,0.037080695
8.492600000000001,0.009330111,0.037116036,0.9682782,-0.246926461,0.9682782,-0.246926461,0.009583763,0.037051351
8.492800000000001,0.009322364,0.03708692,0.96827018,-0.246962574,0.96827018,-0.246962574,0.00957936,0.037021371
8.493000000000000,0.00931444,0.037057167,0.968262019,-0.246999335,0.968262019,-0.246999335,0.009574852,0.036990737
8.493200000000000,0.009306334,0.037026757,0.968253712,-0.247036763,0.968253712,-0.247036763,0.009570235,0.036959426
8.493400000000001,0.00929804,0.036995668,0.968245254,-0.247074881,0.968245254,-0.247074881,0.009565505,0.036927416
8.493600000000001,0.009289551,0.036963878,0.96823664,-0.247113711,0.96823664,-0.247113711,0.009560659,0.036894686
8.493800000000000,0.009280862,0.036931364,0.968227865,-0.247153278,0.968227865,-0.247153278,0.009555693,0.036861209
8.494000000000000,0.009271964,0.036898102,0.968218924,-0.247193604,0.968218924,-0.247193604,0.009550603,0.036826963
8.494200000000001,0.009262852,0.036864065,0.96820981,-0.247234717,0.96820981,-0.247234717,0.009545384,0.036791919
8.494400000000001,0.009253516,0.036829228,0.968200518,-0.247276644,0.968200518,-0.247276644,0.009540031,0.036756052
8.494600000000000,0.009243951,0.036793562,0.968191041,-0.247319413,0.968191041,-0.247319413,0.009534541,0.036719332
8.494800000000000,0.009234146,0.036757039,0.968181373,-0.247363053,0.968181373,-0.247363053,0.009528907,0.036681729
8.495000000000001,0.009224095,0.036719627,0.968171507,-0.247407596,0.968171507,-0.247407596,0.009523126,0.036643212
8.495200000000001,0.009213787,0.036681295,0.968161436,-0.247453074,0.968161436,-0.247453074,0.009517191,0.036603748
8.495400000000000,0.009203214,0.03664201,0.968151152,-0.247499521,0.968151152,-0.247499521,0.009511096,0.036563302
8.495600000000001,0.009192365,0.036601735,0.968140646,-0.247546973,0.968140646,-0.247546973,0.009504837,0.036521838
8.495800000000001,0.009181229,0.036560434,0.968129912,-0.247595467,0.968129912,-0.247595467,0.009498405,0.036479317
8.496000000000000,0.009169797,0.036518069,0.968118938,-0.247645044,0.968118938,-0.247645044,0.009491795,0.036435701
8.496200000000000,0.009158056,0.036474598,0.968107718,-0.247695745,0.968107718,-0.247695745,0.009485,0.036390947
8.496400000000001,0.009145994,0.036429978,0.96809624,-0.247747612,0.96809624,-0.247747612,0.009478013,0.03634501
8.496600000000001,0.009133599,0.036384165,0.968084494,-0.247800693,0.968084494,-0.247800693,0.009470825,0.036297844
8.496800000000000,0.009120856,0.03633711,0.96807247,-0.247855035,0.96807247,-0.247855035,0.009463428,0.036249401
8.497000000000000,0.009107752,0.036288763,0.968060156,-0.24791069,0.968060156,-0.24791069,0.009455814,0.036199628
8.497200000000001,0.009094272,0.036239073,0.96804754,-0.247967711,0.96804754,-0.247967711,0.009447974,0.03614847
8.497400000000001,0.009080399,0.036187981,0.968034609,-0.248026155,0.968034609,-0.248026155,0.009439897,0.036095872
8.497600000000000,0.009066117,0.036135431,0.96802135,-0.248086082,0.96802135,-0.248086082,0.009431575,0.03604177
8.497800000000000,0.009051409,0.036081359,0.968007748,-0.248147556,0.968007748,-0.248147556,0.009422995,0.035986103
8.498000000000001,0.009036255,0.036025699,0.967993788,-0.248210643,0.967993788,-0.248210643,0.009414147,0.035928801
8.498200000000001,0.009020635,0.035968383,0.967979454,-0.248275414,0.967979454,-0.248275414,0.009405019,0.035869792
8.498400000000000,0.009004529,0.035909335,0.96796473,-0.248341945,0.96796473,-0.248341945,0.009395597,0.035809001
8.498600000000000,0.008987914,0.035848477,0.967949597,-0.248410315,0.967949597,-0.248410315,0.009385868,0.035746347
8.498800000000001,0.008970766,0.035785726,0.967934035,-0.248480608,0.967934035,-0.248480608,0.009375817,0.035681744
8.499000000000001,0.00895306,0.035720994,0.967918025,-0.248552916,0.967918025,-0.248552916,0.00936543,0.035615101
8.499200000000000,0.008934769,0.035654187,0.967901545,-0.248627332,0.967901545,-0.248627332,0.009354689,0.035546321
8.499400000000001,0.008915865,0.035585205,0.967884571,-0.24870396,0.967884571,-0.24870396,0.009343577,0.035475301
8.499600000000001,0.008896316,0.035513941,0.967867079,-0.248782907,0.967867079,-0.248782907,0.009332075,0.035401932
8.499800000000000,0.00887609,0.035440281,0.967849043,-0.248864288,0.967849043,-0.248864288,0.009320164,0.035326096
8.500000000000000,0.008855152,0.035364105,0.967830434,-0.248948228,0.967830434,-0.248948228,0.009307821,0.035247668
8.500200000000001,0.008833465,0.035285282,0.967811222,-0.249034857,0.967811222,-0.249034857,0.009295025,0.035166514
8.500400000000001,0.008810988,0.035203674,0.967791375,-0.249124318,0.967791375,-0.249124318,0.00928175,0.035082493
8.500600000000000,0.00878768,0.035119133,0.967770857,-0.24921676,0.967770857,-0.24921676,0.00926797,0.03499545
8.500800000000000,0.008763493,0.035031498,0.967749633,-0.249312346,0.967749633,-0.249312346,0.009253657,0.034905221
8.501000000000001,0.008738378,0.0349406,0.967727661,-0.24941125,0.967727661,-0.24941125,0.009238781,0.034811631
8.501200000000001,0.008712283,0.034846253,0.967704899,-0.249513659,0.967704899,-0.249513659,0.009223308,0.03471449
8.501400000000000,0.008685148,0.034748261,0.9676813,-0.249619775,0.9676813,-0.249619775,0.009207203,0.034613593
8.501600000000000,0.008656913,0.034646409,0.967656813,-0.249729813,0.967656813,-0.249729813,0.009190428,0.034508721
8.501800000000001,0.008627509,0.034540468,0.967631384,-0.249844009,0.967631384,-0.249844009,0.009172941,0.034399636
8.502000000000001,0.008596866,0.034430187,0.967604955,-0.249962616,0.967604955,-0.249962616,0.009154698,0.034286081
8.502200000000000,0.008564902,0.034315298,0.967577462,-0.250085909,0.967577462,-0.250085909,0.00913565,0.034167779
8.502400000000000,0.008531534,0.034195507,0.967548834,-0.250214184,0.967548834,-0.250214184,0.009115744,0.034044427
8.502600000000001,0.008496666,0.034070497,0.967518996,-0.250347766,0.967518996,-0.250347766,0.009094921,0.033915697
8.502800000000001,0.008460199,0.033939922,0.967487866,-0.250487005,0.967487866,-0.250487005,0.00907312,0.033781234
8.503000000000000,0.00842202,0.033803404,0.967455353,-0.250632287,0.967455353,-0.250632287,0.00905027,0.033640647
8.503200000000000,0.008382008,0.033660531,0.967421358,-0.250784031,0.967421358,-0.250784031,0.009026296,0.033493512
8.503400000000001,0.00834003,0.033510851,0.967385773,-0.250942695,0.967385773,-0.250942695,0.009001115,0.033339363
8.503600000000000,0.008295938,0.03335387,0.967348479,-0.251108782,0.967348479,-0.251108782,0.008974635,0.03317769
8.503800000000000,0.008249571,0.033189044,0.967309344,-0.251282847,0.967309344,-0.251282847,0.008946756,0.033007932
8.504000000000001,0.008200751,0.033015772,0.967268222,-0.2514655,0.967268222,-0.2514655,0.008917366,0.032829469
8.504200000000001,0.008149279,0.032833393,0.967224952,-0.251657414,0.967224952,-0.251657414,0.008886341,0.03264162
8.504400000000000,0.008094935,0.032641172,0.967179355,-0.251859336,0.967179355,-0.251859336,0.008853543,0.032443626
8.504600000000000,0.008037476,0.032438297,0.967131232,-0.252072094,0.967131232,-0.252072094,0.008818818,0.032234648
8.504800000000001,0.007976629,0.032223859,0.967080359,-0.25229661,0.967080359,-0.25229661,0.008781995,0.03201375
8.505000000000001,0.007912086,0.031996845,0.967026487,-0.252533916,0.967026487,-0.252533916,0.00874288,0.031779887
8.505200000000000,0.007843504,0.031756123,0.966969334,-0.252785165,0.966969334,-0.252785165,0.008701256,0.031531889
8.505400000000000,0.007770495,0.031500416,0.966908583,-0.253051655,0.966908583,-0.253051655,0.008656877,0.031268438
8.505600000000001,0.00769262,0.031228286,0.966843873,-0.253334851,0.966843873,-0.253334851,0.008609465,0.030988052
8.505800000000001,0.007609379,0.030938105,0.966774797,-0.253636408,0.966774797,-0.253636408,0.008558702,0.030689047
8.506000000000000,0.007520203,0.030628023,0.966700886,-0.25395821,0.966700886,-0.25395821,0.008504226,0.030369514
8.506200000000000,0.007424438,0.030295926,0.966621603,-0.254302409,0.966621603,-0.254302409,0.008445617,0.03002727
8.506400000000001,0.007321331,0.029939392,0.96653633,-0.25467147,0.96653633,-0.25467147,0.008382394,0.029659813
8.506600000000001,0.007210011,0.02955563,0.966444349,-0.255068235,0.966444349,-0.255068235,0.008313996,0.029264261
8.506800000000000,0.007089462,0.029141408,0.966344823,-0.255495994,0.966344823,-0.255495994,0.008239769,0.028837272
8.507000000000000,0.006958494,0.02869296,0.966236772,-0.255958582,0.966236772,-0.255958582,0.008158944,0.028374957
8.507200000000001,0.006815705,0.028205876,0.966119036,-0.25646049,0.966119036,-0.25646049,0.008070611,0.027872755
8.507400000000001,0.00665943,0.027674954,0.965990238,-0.257007016,0.965990238,-0.257007016,0.007973685,0.027325288
8.507600000000000,0.006487677,0.027094018,0.965848728,-0.257604453,0.965848728,-0.257604453,0.007866864,0.026726169
8.507800000000001,0.006298042,0.026455675,0.965692511,-0.25826033,0.965692511,-0.25826033,0.007748571,0.026067751
8.508000000000001,0.006087602,0.02575101,0.965519155,-0.258983733,0.965519155,-0.258983733,0.007616875,0.025340806
8.508200000000000,0.005852762,0.02496917,0.965325666,-0.25978572,0.965325666,-0.25978572,0.007469396,0.024534103
8.508400000000000,0.005589059,0.024096824,0.965108319,-0.260679882,0.965108319,-0.260679882,0.007303158,0.023633834
8.508600000000001,0.00529089,0.023117433,0.964862426,-0.261683079,0.964862426,-0.261683079,0.007114408,0.022622866
8.508800000000001,0.004951152,0.022010294,0.964582025,-0.262816424,0.964582025,-0.262816424,0.006898351,0.021479741
8.509000000000000,0.004560787,0.020749362,0.964259492,-0.264106492,0.964259492,-0.264106492,0.006648827,0.020177431
8.509200000000000,0.00410856,0.019302308,0.963885384,-0.265586247,0.963885384,-0.265586247,0.00635822,0.018682438
8.509400000000001,0.003585623,0.017634839,0.963452697,-0.267290474,0.963452697,-0.267290474,0.006021524,0.016959556
8.509600000000001,0.002872656,0.015455392,0.962858392,-0.269517636,0.962858392,-0.269517636,0.005551998,0.014704415
8.509800000000000,0.002126554,0.01313942,0.96223845,-0.271883246,0.96223845,-0.271883246,0.005064573,0.012309286
8.510000000000000,0.00116779,0.010253604,0.961437332,-0.274830917,0.961437332,-0.274830917,0.004428157,0.009321617
8.510200000000001,-5.54E-05,0.00665465,0.960411202,-0.278506916,0.960411202,-0.278506916,0.003607002,0.005592609
8.510400000000001,-1.66E-03,0.002058528,0.959056604,-0.283202102,0.959056604,-0.283202102,0.002513725,8.2543491301e-4
8.510600000000000,-3.86E-03,-4.01E-03,0.9571917,-0.289401226,0.9571917,-0.289401226,9.9327350088e-4,-5.48E-03
8.510800000000000,-7.04E-03,-0.012376283,0.954472451,-0.297958992,0.954472451,-0.297958992,-1.25E-03,-0.014183397
8.511000000000001,-0.012020272,-0.024653488,0.950168363,-0.310528097,0.950168363,-0.310528097,-4.86E-03,-0.026993923
8.511200000000001,-0.020834116,-0.044374,0.942441159,-0.330758717,0.942441159,-0.330758717,-0.011466869,-0.047661538
8.511400000000000,-0.040083808,-0.08103748,0.925211256,-0.368523918,0.925211256,-0.368523918,-0.026610849,-0.086403967
8.511600000000001,-0.105674905,-0.169889376,0.864504036,-0.461088037,0.864504036,-0.461088037,-0.082221058,-0.182398681
8.511800000000001,-0.850325548,-0.155914916,0.11853876,-0.488453025,0.11853876,-0.488453025,-0.827203239,-0.251192761
8.511824881550405,-0.968749193,0.212483286,-0.020429385,-0.126362526,-0.020429385,-0.126362526,-0.986369137,0.103442064
8.511830096940644,-0.95228217,0.303109482,-8.98E-03,-0.034759279,-8.98E-03,-0.034759279,-0.979999423,0.195749444
8.511849192970299,-0.76979028,0.569081208,0.15885641,0.241536868,0.15885641,0.241536868,-0.827363018,0.481564327
8.511872947323528,-0.453465686,0.667603908,0.469736574,0.357699891,0.469736574,0.357699891,-0.52253612,0.615112611
8.511896157374601,-0.344957603,0.651792284,0.578610864,0.347951693,0.578610864,0.347951693,-0.412537628,0.611523487
8.511918835595537,-0.164954735,0.562376359,0.764519039,0.268404635,0.764519039,0.268404635,-0.22277336,0.542080071
8.511940994172582,-0.090821439,0.491111754,0.842666221,0.201203171,0.842666221,0.201203171,-0.140842247,0.479168855
8.511962645012742,-0.048944292,0.43375336,0.887757892,0.146127731,0.887757892,0.146127731,-0.092660104,0.426557909
8.511983799750194,-0.023616697,0.388165587,0.91563458,0.101912585,0.91563458,0.101912585,-0.062308322,0.383859296
8.512000000000000,-0.01049765,0.359005989,0.930381873,0.073459803,0.930381873,0.073459803,-0.045970566,0.356205304
8.512004469752524,-7.56E-03,0.351709151,0.933727575,0.066320703,0.933727575,0.066320703,-0.042226054,0.349246958
8.512024666126855,0.003002721,0.322182371,0.945936191,0.037358368,0.945936191,0.037358368,-0.028400482,0.320942231
8.512044399725793,0.010154946,0.297926596,0.954440068,0.01348155,0.954440068,0.01348155,-0.018564674,0.297520986
8.512063681153274,0.015110306,0.277724939,0.960520413,-6.46E-03,0.960520413,-6.46E-03,-0.011372623,0.277903094
8.512082520770260,0.0186046,0.260685176,0.964963097,-0.023318843,0.964963097,-0.023318843,-5.99E-03,0.261279557
8.512100928700301,0.021100838,0.246147061,0.968268117,-0.037729451,0.968268117,-0.037729451,-1.88E-03,0.247042661
8.512118914834980,0.022899674,0.23361566,0.970763823,-0.050170604,0.970763823,-0.050170604,0.001305422,0.234731694
8.512136488839225,0.024201727,0.222714746,0.972671868,-0.061007663,0.972671868,-0.061007663,0.003816658,0.223993337
8.512153660156503,0.025144072,0.213154335,0.974145524,-0.07052321,0.974145524,-0.07052321,0.00581982,0.214553314
8.512170438013900,0.025822331,0.204707943,0.975293057,-0.078938583,0.975293057,-0.078938583,0.007435537,0.206196138
8.512186831427067,0.026304429,0.197196475,0.976192385,-0.086429237,0.976192385,-0.086429237,0.008751527,0.198750555
8.512200000000000,0.02658837,0.191630468,0.976785431,-0.091983924,0.976785431,-0.091983924,0.009653504,0.193225225
8.512202849205082,0.026639401,0.190476669,0.976900531,-0.093135815,0.976900531,-0.093135815,0.009832663,0.192078987
8.512218499955164,0.026863146,0.184432702,0.97745985,-0.099172229,0.97745985,-0.099172229,0.010727654,0.186069792
8.512233792087313,0.02700228,0.178970012,0.977902228,-0.104631633,0.977902228,-0.104631633,0.011473581,0.180631517
8.512248733818826,0.027076758,0.17401069,0.978251961,-0.109590885,0.978251961,-0.109590885,0.012099025,0.1756886
8.512263333178705,0.02710169,0.169490008,0.978527761,-0.11411392,0.978527761,-0.11411392,0.012626261,0.171178099
8.512277598011982,0.027088614,0.165353775,0.978744184,-0.118254328,0.978744184,-0.118254328,0.013072832,0.167047193
8.512291535983927,0.027046411,0.161556294,0.978912656,-0.122057346,0.978912656,-0.122057346,0.013452682,0.163251247
8.512305154584169,0.026981963,0.158058774,0.979042215,-0.125561411,0.979042215,-0.125561411,0.01377699,0.159752298
8.512318461130727,0.026900631,0.154828084,0.979140066,-0.128799382,0.979140066,-0.128799382,0.014054792,0.156517864
8.512331462773929,0.026806614,0.151835761,0.979211993,-0.131799508,0.979211993,-0.131799508,0.014293443,0.153519999
8.512344166500267,0.026703217,0.149057225,0.979262665,-0.134586203,0.979262665,-0.134586203,0.014498972,0.150734527
8.512356579136142,0.026593043,0.146471139,0.979295875,-0.137180677,0.979295875,-0.137180677,0.014676351,0.148140437
8.512368707351539,0.026478156,0.144058897,0.979314717,-0.139601433,0.979314717,-0.139601433,0.014829706,0.145719381
8.512380557663610,0.026360186,0.1418042,0.979321732,-0.141864693,0.979321732,-0.141864693,0.014962478,0.143455271
8.512392136440170,0.026240429,0.139692714,0.979319009,-0.143984729,0.979319009,-0.143984729,0.015077551,0.141333937
8.512400000000001,0.026156986,0.138307525,0.979312337,-0.145375807,0.979312337,-0.145375807,0.015148172,0.139941745
8.512403449903127,0.02611991,0.13771178,0.979308277,-0.145974153,0.979308277,-0.145974153,0.015177357,0.139342857
8.512414504131817,0.02599944,0.135850182,0.979290972,-0.147844144,0.979290972,-0.147844144,0.01526395,0.137470922
8.512425305066282,0.025879658,0.134097942,0.979268286,-0.149604651,0.979268286,-0.149604651,0.015339079,0.135708243
8.512435858510450,0.025761067,0.13244616,0.979241217,-0.151264553,0.979241217,-0.151264553,0.015404234,0.134045989
8.512446170135261,0.025644058,0.130886869,0.979210598,-0.152831802,0.979210598,-0.152831802,0.01546069,0.132476251
8.512456245481712,0.025528934,0.12941292,0.979177129,-0.154313536,0.979177129,-0.154313536,0.015509545,0.130991923
8.512466089963834,0.025415922,0.128017874,0.979141396,-0.155716184,0.979141396,-0.155716184,0.015551741,0.129586605
8.512475708871603,0.025305196,0.126695921,0.979103894,-0.157045552,0.979103894,-0.157045552,0.015588096,0.128254514
8.512485107373781,0.025196879,0.125441806,0.979065039,-0.158306893,0.979065039,-0.158306893,0.015619319,0.126990417
8.512494290520696,0.025091057,0.12425076,0.97902518,-0.159504974,0.97902518,-0.159504974,0.015646024,0.125789563
8.512503263246950,0.024987785,0.123118448,0.978984615,-0.160644129,0.978984615,-0.160644129,0.015668748,0.12464763
8.512512030374078,0.024887092,0.122040921,0.978943592,-0.161728311,0.978943592,-0.161728311,0.01568796,0.123560679
8.512520596613136,0.02478899,0.121014572,0.97890232,-0.162761126,0.97890232,-0.162761126,0.01570407,0.122525111
8.512528966567228,0.02469347,0.120036105,0.978860977,-0.163745876,0.978860977,-0.163745876,0.015717438,0.121537631
8.512537144733987,0.024600514,0.119102493,0.978819711,-0.164685589,0.978819711,-0.164685589,0.015728382,0.12059522
8.512545135507985,0.024510093,0.118210962,0.978778647,-0.165583045,0.978778647,-0.165583045,0.01573718,0.119695101
8.512552943183101,0.024422168,0.117358956,0.978737888,-0.166440802,0.978737888,-0.166440802,0.015744078,0.11883472
8.512560571954822,0.024336696,0.116544122,0.978697522,-0.167261219,0.978697522,-0.167261219,0.015749294,0.118011723
8.512568025922503,0.024253628,0.115764287,0.978657621,-0.168046472,0.978657621,-0.168046472,0.015753021,0.117223934
8.512575309091568,0.024172912,0.115017442,0.978618242,-0.168798575,0.978618242,-0.168798575,0.01575543,0.116469343
8.512582425375658,0.024094493,0.114301729,0.978579436,-0.169519391,0.978579436,-0.169519391,0.015756673,0.115746088
8.512589378598742,0.024018314,0.113615423,0.97854124,-0.170210649,0.97854124,-0.170210649,0.015756885,0.115052441
8.512596172497160,0.023944317,0.112956924,0.978503686,-0.170873953,0.978503686,-0.170873953,0.015756185,0.114386797
8.512600000000001,0.023902824,0.112591081,0.978482438,-0.171242489,0.978482438,-0.171242489,0.015755414,0.114016943
8.512602810721647,0.023872445,0.112324742,0.978466797,-0.171510798,0.978466797,-0.171510798,0.015754682,0.113747665
8.512609296839283,0.023802638,0.111717494,0.978430593,-0.172122572,0.978430593,-0.172122572,0.01575247,0.113133654
8.512615634335408,0.023734838,0.111133887,0.978395086,-0.172710572,0.978395086,-0.172710572,0.015749635,0.112543468
8.512621826615506,0.023668988,0.110572716,0.978360286,-0.173276006,0.978360286,-0.173276006,0.015746253,0.111975899
8.512627877007025,0.02360503,0.110032856,0.978326199,-0.173820004,0.978326199,-0.173820004,0.015742392,0.111429815
8.512633788761169,0.023542909,0.109513252,0.978292825,-0.174343625,0.978292825,-0.174343625,0.015738114,0.110904159
8.512639565054648,0.023482569,0.109012918,0.978260166,-0.174847859,0.978260166,-0.174847859,0.015733473,0.11039794
8.512645208991376,0.023423957,0.10853093,0.978228218,-0.175333633,0.978228218,-0.175333633,0.015728518,0.109910228
8.512650723604146,0.023367019,0.108066421,0.978196977,-0.175801819,0.978196977,-0.175801819,0.015723293,0.109440152
8.512656111856263,0.023311706,0.107618574,0.978166437,-0.176253236,0.978166437,-0.176253236,0.015717838,0.108986892
8.512661376643125,0.023257966,0.107186625,0.978136591,-0.176688652,0.978136591,-0.176688652,0.015712187,0.108549678
8.512666520793790,0.023205751,0.106769851,0.978107429,-0.177108794,0.978107429,-0.177108794,0.015706372,0.108127784
8.512671547072490,0.023155015,0.106367573,0.978078943,-0.177514343,0.978078943,-0.177514343,0.015700422,0.107720527
8.512676458180117,0.023105711,0.105979152,0.978051122,-0.177905943,0.978051122,-0.177905943,0.015694363,0.107327263
8.512681256755677,0.023057795,0.105603982,0.978023956,-0.178284201,0.978023956,-0.178284201,0.015688217,0.106947383
8.512685945377704,0.023011224,0.105241493,0.977997433,-0.17864969,0.977997433,-0.17864969,0.015682004,0.106580312
8.512690526565653,0.022965956,0.104891145,0.97797154,-0.179002953,0.97797154,-0.179002953,0.015675744,0.106225508
8.512695002781243,0.022921952,0.104552429,0.977946267,-0.179344504,0.977946267,-0.179344504,0.015669452,0.105882456
8.512699376429786,0.022879171,0.104224861,0.977921601,-0.179674826,0.977921601,-0.179674826,0.015663143,0.10555067
8.512703649861487,0.022837577,0.103907984,0.97789753,-0.179994381,0.97789753,-0.179994381,0.01565683,0.10522969
8.512707825372688,0.022797133,0.103601364,0.97787404,-0.180303604,0.97787404,-0.180303604,0.015650526,0.104919078
8.512711905207123,0.022757803,0.10330459,0.977851121,-0.180602909,0.977851121,-0.180602909,0.01564424,0.104618419
8.512715891557106,0.022719553,0.10301727,0.977828758,-0.18089269,0.977828758,-0.18089269,0.015637982,0.104327319
8.512719786564718,0.022682351,0.102739035,0.97780694,-0.181173319,0.97780694,-0.181173319,0.015631761,0.104045405
8.512723592322962,0.022646165,0.102469531,0.977785654,-0.181445151,0.977785654,-0.181445151,0.015625583,0.103772321
8.512727310876876,0.022610963,0.102208423,0.977764889,-0.181708523,0.977764889,-0.181708523,0.015619455,0.103507729
8.512730944224645,0.022576716,0.101955391,0.977744631,-0.181963757,0.977744631,-0.181963757,0.015613383,0.103251306
8.512734494318661,0.022543395,0.101710132,0.97772487,-0.182211159,0.97772487,-0.182211159,0.015607371,0.103002745
8.512737963066582,0.022510973,0.101472356,0.977705592,-0.182451021,0.977705592,-0.182451021,0.015601426,0.102761756
8.512741352332359,0.022479422,0.101241787,0.977686788,-0.182683619,0.977686788,-0.182683619,0.015595549,0.102528057
8.512744663937227,0.022448716,0.10101816,0.977668445,-0.18290922,0.977668445,-0.18290922,0.015589745,0.102301385
8.512747899660690,0.022418831,0.100801225,0.977650551,-0.183128076,0.977650551,-0.183128076,0.015584016,0.102081484
8.512751061241479,0.022389742,0.100590742,0.977633097,-0.183340429,0.977633097,-0.183340429,0.015578365,0.101868113
8.512754150378484,0.022361425,0.100386481,0.977616072,-0.183546511,0.977616072,-0.183546511,0.015572793,0.10166104
8.512757168731666,0.022333859,0.100188223,0.977599464,-0.183746542,0.977599464,-0.183746542,0.015567304,0.101460042
8.512760117922950,0.02230702,0.099995757,0.977583264,-0.183940733,0.977583264,-0.183940733,0.015561897,0.101264909
8.512762999537097,0.022280888,0.099808884,0.977567461,-0.184129286,0.977567461,-0.184129286,0.015556575,0.101075438
8.512765815122556,0.022255442,0.099627411,0.977552045,-0.184312394,0.977552045,-0.184312394,0.015551337,0.100891434
8.512768566192292,0.022230662,0.099451154,0.977537008,-0.184490244,0.977537008,-0.184490244,0.015546185,0.100712712
8.512771254224607,0.02220653,0.099279937,0.977522338,-0.184663013,0.977522338,-0.184663013,0.015541119,0.100539094
8.512773880663925,0.022183026,0.09911359,0.977508028,-0.18483087,0.977508028,-0.18483087,0.01553614,0.100370408
8.512776446921578,0.022160132,0.098951952,0.977494068,-0.184993979,0.977494068,-0.184993979,0.015531246,0.10020649
8.512778954376550,0.022137832,0.098794868,0.97748045,-0.185152497,0.97748045,-0.185152497,0.015526439,0.100047185
8.512781404376238,0.022116109,0.098642187,0.977467164,-0.185306575,0.977467164,-0.185306575,0.015521718,0.09989234
8.512783798237157,0.022094945,0.098493767,0.977454203,-0.185456355,0.977454203,-0.185456355,0.015517083,0.099741811
8.512786137245662,0.022074326,0.09834947,0.977441558,-0.185601977,0.977441558,-0.185601977,0.015512533,0.099595459
8.512788422658627,0.022054235,0.098209164,0.977429221,-0.185743575,0.977429221,-0.185743575,0.015508067,0.099453149
8.512790655704128,0.022034659,0.098072721,0.977417185,-0.185881276,0.977417185,-0.185881276,0.015503686,0.099314755
8.512792837582102,0.022015583,0.09794002,0.977405442,-0.186015203,0.977405442,-0.186015203,0.015499388,0.099180151
8.512794969464995,0.021996993,0.097810943,0.977393985,-0.186145476,0.977393985,-0.186145476,0.015495172,0.099049219
8.512797052498380,0.021978875,0.097685376,0.977382806,-0.186272207,0.977382806,-0.186272207,0.015491038,0.098921844
8.512799087801582,0.021961217,0.097563211,0.977371898,-0.186395507,0.977371898,-0.186395507,0.015486985,0.098797917
8.512800000000000,0.021953317,0.097508625,0.977367015,-0.1864506,0.977367015,-0.1864506,0.015485164,0.098742543
8.512801076468286,0.021944006,0.097444343,0.977361256,-0.186515482,0.977361256,-0.186515482,0.015483011,0.098677331
8.512803019567105,0.021927229,0.09732867,0.977350871,-0.186632232,0.977350871,-0.186632232,0.015479117,0.098559984
8.512804918142175,0.021910876,0.097216097,0.977340738,-0.186745857,0.977340738,-0.186745857,0.0154753,0.098445777
8.512806773213704,0.021894933,0.097106528,0.97733085,-0.186856451,0.97733085,-0.186856451,0.01547156,0.098334616
8.512808585778521,0.021879391,0.096999873,0.977321201,-0.186964104,0.977321201,-0.186964104,0.015467896,0.098226409
8.512810356810615,0.021864239,0.096896046,0.977311785,-0.187068906,0.977311785,-0.187068906,0.015464306,0.098121067
8.512812087261659,0.021849465,0.096794962,0.977302596,-0.18717094,0.977302596,-0.18717094,0.01546079,0.098018507
8.512813778061521,0.02183506,0.096696539,0.977293629,-0.187270289,0.977293629,-0.187270289,0.015457346,0.097918644
8.512815430118756,0.021821013,0.0966007,0.977284878,-0.187367031,0.977284878,-0.187367031,0.015453973,0.097821401
8.512817044321107,0.021807316,0.096507368,0.977276338,-0.187461243,0.977276338,-0.187461243,0.015450671,0.0977267
8.512818621535970,0.021793959,0.096416472,0.977268003,-0.187552998,0.977268003,-0.187552998,0.015447437,0.097634468
8.512820162610872,0.021780933,0.09632794,0.977259868,-0.187642368,0.977259868,-0.187642368,0.015444271,0.097544633
8.512821668373912,0.02176823,0.096241703,0.977251929,-0.187729421,0.977251929,-0.187729421,0.015441171,0.097457126
8.512823139634222,0.02175584,0.096157697,0.97724418,-0.187814224,0.97724418,-0.187814224,0.015438137,0.097371881
8.512824577182387,0.021743755,0.096075857,0.977236617,-0.187896841,0.977236617,-0.187896841,0.015435167,0.097288832
8.512825981790881,0.021731968,0.095996122,0.977229235,-0.187977333,0.977229235,-0.187977333,0.01543226,0.097207918
8.512827354214480,0.021720471,0.095918433,0.97722203,-0.188055762,0.97722203,-0.188055762,0.015429415,0.097129078
8.512828695190656,0.021709255,0.095842731,0.977214997,-0.188132185,0.977214997,-0.188132185,0.015426631,0.097052253
8.512830005439993,0.021698315,0.095768961,0.977208132,-0.188206659,0.977208132,-0.188206659,0.015423906,0.096977388
8.512831285666557,0.021687642,0.095697069,0.977201431,-0.188279237,0.977201431,-0.188279237,0.01542124,0.096904428
8.512832536558284,0.02167723,0.095627003,0.97719489,-0.188349973,0.97719489,-0.188349973,0.015418632,0.096833319
8.512833758787346,0.021667072,0.095558712,0.977188504,-0.188418917,0.977188504,-0.188418917,0.015416079,0.096764011
8.512834953010513,0.021657162,0.095492147,0.977182271,-0.188486119,0.977182271,-0.188486119,0.015413582,0.096696454
8.512836119869508,0.021647492,0.095427261,0.977176186,-0.188551627,0.977176186,-0.188551627,0.015411139,0.0966306
8.512837259991343,0.021638058,0.095364008,0.977170246,-0.188615487,0.977170246,-0.188615487,0.01540875,0.096566402
8.512838373988673,0.021628852,0.095302343,0.977164447,-0.188677743,0.977164447,-0.188677743,0.015406412,0.096503815
8.512839462460107,0.02161987,0.095242224,0.977158785,-0.18873844,0.977158785,-0.18873844,0.015404125,0.096442796
8.512840525990541,0.021611105,0.095183608,0.977153258,-0.18879762,0.977153258,-0.18879762,0.015401889,0.096383302
8.512841565151463,0.021602552,0.095126455,0.977147862,-0.188855323,0.977147862,-0.188855323,0.015399701,0.096325292
8.512842580501278,0.021594205,0.095070725,0.977142594,-0.188911589,0.977142594,-0.188911589,0.015397561,0.096268726
8.512843572585583,0.02158606,0.095016381,0.977137451,-0.188966457,0.977137451,-0.188966457,0.015395468,0.096213566
8.512844541937481,0.021578111,0.094963386,0.977132429,-0.189019964,0.977132429,-0.189019964,0.015393422,0.096159774
8.512845489077858,0.021570353,0.094911703,0.977127527,-0.189072146,0.977127527,-0.189072146,0.01539142,0.096107313
8.512846414515664,0.021562782,0.094861298,0.97712274,-0.189123038,0.97712274,-0.189123038,0.015389463,0.096056149
8.512847318748186,0.021555393,0.094812137,0.977118066,-0.189172674,0.977118066,-0.189172674,0.015387549,0.096006248
8.512848202261317,0.02154818,0.094764188,0.977113502,-0.189221087,0.977113502,-0.189221087,0.015385677,0.095957575
8.512849065529819,0.021541141,0.094717418,0.977109046,-0.18926831,0.977109046,-0.18926831,0.015383847,0.0959101
8.512849909017572,0.02153427,0.094671797,0.977104695,-0.189314373,0.977104695,-0.189314373,0.015382057,0.09586379
8.512850733177826,0.021527564,0.094627294,0.977100447,-0.189359307,0.977100447,-0.189359307,0.015380307,0.095818614
8.512851538453448,0.021521017,0.094583881,0.977096299,-0.189403142,0.977096299,-0.189403142,0.015378596,0.095774545
8.512852325277159,0.021514627,0.094541529,0.977092248,-0.189445905,0.977092248,-0.189445905,0.015376923,0.095731552
8.512853094071758,0.02150839,0.094500211,0.977088292,-0.189487624,0.977088292,-0.189487624,0.015375287,0.095689608
8.512853845250364,0.021502301,0.094459899,0.97708443,-0.189528327,0.97708443,-0.189528327,0.015373688,0.095648686
8.512854579216624,0.021496356,0.094420569,0.977080658,-0.189568039,0.977080658,-0.189568039,0.015372124,0.09560876
8.512855296364938,0.021490554,0.094382195,0.977076975,-0.189606787,0.977076975,-0.189606787,0.015370595,0.095569804
8.512855997080671,0.021484889,0.094344753,0.977073378,-0.189644594,0.977073378,-0.189644594,0.015369101,0.095531793
8.512856681740351,0.021479359,0.094308218,0.977069866,-0.189681484,0.977069866,-0.189681484,0.01536764,0.095494704
8.512857350711888,0.02147396,0.094272567,0.977066436,-0.189717482,0.977066436,-0.189717482,0.015366211,0.095458511
8.512858004354754,0.021468689,0.094237779,0.977063087,-0.18975261,0.977063087,-0.18975261,0.015364815,0.095423194
8.512858643020188,0.021463542,0.09420383,0.977059816,-0.189786889,0.977059816,-0.189786889,0.01536345,0.095388729
8.512859267051379,0.021458518,0.094170701,0.977056621,-0.189820342,0.977056621,-0.189820342,0.015362115,0.095355096
8.512859876783653,0.021453612,0.094138369,0.977053501,-0.189852989,0.977053501,-0.189852989,0.015360811,0.095322272
8.512860472544652,0.021448823,0.094106816,0.977050454,-0.189884851,0.977050454,-0.189884851,0.015359535,0.095290238
8.512861054654511,0.021444146,0.094076021,0.977047479,-0.189915947,0.977047479,-0.189915947,0.015358289,0.095258974
8.512861623426030,0.02143958,0.094045965,0.977044573,-0.189946296,0.977044573,-0.189946296,0.01535707,0.09522846
8.512862179164841,0.021435122,0.094016631,0.977041735,-0.189975918,0.977041735,-0.189975918,0.015355879,0.095198678
8.512862722169572,0.021430769,0.093987999,0.977038963,-0.190004829,0.977038963,-0.190004829,0.015354715,0.095169609
8.512863252732007,0.021426518,0.093960052,0.977036256,-0.190033049,0.977036256,-0.190033049,0.015353577,0.095141236
8.512863771137249,0.021422368,0.093932774,0.977033612,-0.190060595,0.977033612,-0.190060595,0.015352465,0.095113541
8.512864277663866,0.021418315,0.093906148,0.977031029,-0.190087482,0.977031029,-0.190087482,0.015351377,0.095086508
8.512864772584040,0.021414357,0.093880156,0.977028507,-0.190113728,0.977028507,-0.190113728,0.015350315,0.095060119
8.512865256163717,0.021410492,0.093854785,0.977026044,-0.190139348,0.977026044,-0.190139348,0.015349276,0.09503436
8.512865728662755,0.021406719,0.093830018,0.977023638,-0.190164358,0.977023638,-0.190164358,0.015348261,0.095009214
8.512866190335052,0.021403033,0.09380584,0.977021288,-0.190188773,0.977021288,-0.190188773,0.015347268,0.094984666
8.512866641428687,0.021399435,0.093782238,0.977018993,-0.190212607,0.977018993,-0.190212607,0.015346298,0.094960702
8.512867082186059,0.02139592,0.093759196,0.977016751,-0.190235875,0.977016751,-0.190235875,0.01534535,0.094937308
8.512867512844013,0.021392488,0.093736701,0.977014561,-0.190258591,0.977014561,-0.190258591,0.015344424,0.094914468
8.512867933633963,0.021389137,0.09371474,0.977012423,-0.190280768,0.977012423,-0.190280768,0.015343518,0.09489217
8.512868344782021,0.021385863,0.093693299,0.977010334,-0.190302419,0.977010334,-0.190302419,0.015342633,0.094870401
8.512868746509122,0.021382667,0.093672366,0.977008293,-0.190323558,0.977008293,-0.190323558,0.015341768,0.094849147
8.512869139031134,0.021379545,0.093651928,0.9770063,-0.190344197,0.9770063,-0.190344197,0.015340923,0.094828396
8.512869522558979,0.021376496,0.093631974,0.977004353,-0.190364347,0.977004353,-0.190364347,0.015340096,0.094808135
8.512869897298751,0.021373519,0.093612491,0.977002452,-0.190384021,0.977002452,-0.190384021,0.015339289,0.094788354
8.512870263451815,0.021370611,0.093593468,0.977000595,-0.190403231,0.977000595,-0.190403231,0.015338499,0.094769039
8.512870621214928,0.021367771,0.093574895,0.97699878,-0.190421988,0.97699878,-0.190421988,0.015337728,0.09475018
8.512870970780332,0.021364997,0.093556759,0.976997008,-0.190440302,0.976997008,-0.190440302,0.015336974,0.094731766
8.512871312335868,0.021362288,0.09353905,0.976995277,-0.190458185,0.976995277,-0.190458185,0.015336238,0.094713785
8.512871646065076,0.021359642,0.093521759,0.976993586,-0.190475647,0.976993586,-0.190475647,0.015335518,0.094696228
8.512871972147282,0.021357058,0.093504875,0.976991934,-0.190492697,0.976991934,-0.190492697,0.015334814,0.094679084
8.512872290757713,0.021354534,0.093488388,0.976990321,-0.190509347,0.976990321,-0.190509347,0.015334126,0.094662343
8.512872602067572,0.021352068,0.093472288,0.976988745,-0.190525605,0.976988745,-0.190525605,0.015333454,0.094645996
8.512872906244144,0.02134966,0.093456566,0.976987205,-0.190541482,0.976987205,-0.190541482,0.015332797,0.094630033
8.512873203450878,0.021347309,0.093441214,0.976985701,-0.190556985,0.976985701,-0.190556985,0.015332155,0.094614444
8.512873493847483,0.021345012,0.093426222,0.976984232,-0.190572125,0.976984232,-0.190572125,0.015331528,0.094599222
8.512873777590000,0.021342768,0.093411582,0.976982797,-0.19058691,0.976982797,-0.19058691,0.015330915,0.094584356
8.512874054830903,0.021340576,0.093397285,0.976981395,-0.190601348,0.976981395,-0.190601348,0.015330316,0.094569839
8.512874325719165,0.021338436,0.093383323,0.976980025,-0.190615448,0.976980025,-0.190615448,0.015329731,0.094555661
8.512874590400354,0.021336345,0.093369687,0.976978688,-0.190629218,0.976978688,-0.190629218,0.015329159,0.094541816
8.512874849016695,0.021334303,0.093356371,0.976977381,-0.190642665,0.976977381,-0.190642665,0.015328599,0.094528295
8.512875101707158,0.021332308,0.093343367,0.976976104,-0.190655798,0.976976104,-0.190655798,0.015328053,0.09451509
8.512875348607523,0.021330359,0.093330666,0.976974857,-0.190668624,0.976974857,-0.190668624,0.015327519,0.094502194
8.512875589850466,0.021328456,0.093318263,0.976973639,-0.19068115,0.976973639,-0.19068115,0.015326997,0.094489599
8.512875825565621,0.021326597,0.093306149,0.976972448,-0.190693383,0.976972448,-0.190693383,0.015326488,0.094477299
8.512876055879650,0.021324781,0.093294318,0.976971286,-0.190705331,0.976971286,-0.190705331,0.015325989,0.094465285
8.512876280916311,0.021323007,0.093282763,0.97697015,-0.190717,0.97697015,-0.190717,0.015325502,0.094453552
8.512876500796532,0.021321274,0.093271478,0.97696904,-0.190728397,0.97696904,-0.190728397,0.015325026,0.094442093
8.512876715638464,0.021319582,0.093260456,0.976967957,-0.190739528,0.976967957,-0.190739528,0.015324561,0.094430901
8.512876925557554,0.021317928,0.093249691,0.976966898,-0.190750399,0.976966898,-0.190750399,0.015324107,0.09441997
8.512877130666604,0.021316313,0.093239177,0.976965863,-0.190761017,0.976965863,-0.190761017,0.015323663,0.094409293
8.512877331075828,0.021314735,0.093228908,0.976964853,-0.190771388,0.976964853,-0.190771388,0.015323229,0.094398866
8.512877526892918,0.021313194,0.093218878,0.976963865,-0.190781517,0.976963865,-0.190781517,0.015322805,0.094388681
8.512877718223097,0.021311689,0.093209081,0.976962901,-0.190791411,0.976962901,-0.190791411,0.015322391,0.094378733
8.512877905169178,0.021310218,0.093199512,0.976961959,-0.190801074,0.976961959,-0.190801074,0.015321986,0.094369016
8.512878087831616,0.021308781,0.093190166,0.976961038,-0.190810513,0.976961038,-0.190810513,0.01532159,0.094359526
8.512878266308567,0.021307378,0.093181038,0.976960139,-0.190819732,0.976960139,-0.190819732,0.015321204,0.094350256
8.512878440695934,0.021306007,0.093172121,0.97695926,-0.190828737,0.97695926,-0.190828737,0.015320826,0.094341202
8.512878611087427,0.021304668,0.093163412,0.976958402,-0.190837533,0.976958402,-0.190837533,0.015320457,0.094332358
8.512878777574606,0.021303359,0.093154904,0.976957563,-0.190846124,0.976957563,-0.190846124,0.015320096,0.094323719
8.512878940246933,0.021302081,0.093146595,0.976956744,-0.190854516,0.976956744,-0.190854516,0.015319743,0.094315281
8.512879099191821,0.021300833,0.093138478,0.976955944,-0.190862713,0.976955944,-0.190862713,0.015319399,0.094307039
8.512879254494679,0.021299613,0.09313055,0.976955162,-0.190870719,0.976955162,-0.190870719,0.015319062,0.094298988
8.512879406238962,0.021298422,0.093122806,0.976954398,-0.19087854,0.976954398,-0.19087854,0.015318733,0.094291124
8.512879554506210,0.021297258,0.093115241,0.976953652,-0.19088618,0.976953652,-0.19088618,0.015318412,0.094283443
8.512879699376093,0.02129612,0.093107852,0.976952923,-0.190893642,0.976952923,-0.190893642,0.015318098,0.094275939
8.512879840926457,0.02129501,0.093100634,0.976952211,-0.190900932,0.976952211,-0.190900932,0.015317791,0.094268609
8.512879979233368,0.021293924,0.093093583,0.976951515,-0.190908052,0.976951515,-0.190908052,0.015317491,0.09426145
8.512880114371145,0.021292864,0.093086696,0.976950835,-0.190915008,0.976950835,-0.190915008,0.015317198,0.094254456
8.512880246412402,0.021291828,0.093079968,0.976950171,-0.190921802,0.976950171,-0.190921802,0.015316911,0.094247624
8.512880375428095,0.021290817,0.093073396,0.976949522,-0.19092844,0.976949522,-0.19092844,0.015316631,0.09424095
8.512880501487551,0.021289828,0.093066976,0.976948888,-0.190934923,0.976948888,-0.190934923,0.015316358,0.094234431
8.512880624658505,0.021288862,0.093060705,0.976948268,-0.190941256,0.976948268,-0.190941256,0.015316091,0.094228063
8.512880745007148,0.021287919,0.093054579,0.976947663,-0.190947443,0.976947663,-0.190947443,0.01531583,0.094221842
8.512880862598148,0.021286997,0.093048595,0.976947072,-0.190953487,0.976947072,-0.190953487,0.015315575,0.094215765
8.512880977494692,0.021286097,0.093042749,0.976946494,-0.190959391,0.976946494,-0.190959391,0.015315325,0.094209829
8.512881089758523,0.021285217,0.093037038,0.97694593,-0.190965158,0.97694593,-0.190965158,0.015315082,0.094204029
8.512881199449962,0.021284358,0.093031459,0.976945379,-0.190970792,0.976945379,-0.190970792,0.015314844,0.094198364
8.512881306627959,0.021283518,0.09302601,0.97694484,-0.190976296,0.97694484,-0.190976296,0.015314611,0.09419283
8.512881411350099,0.021282698,0.093020686,0.976944314,-0.190981673,0.976944314,-0.190981673,0.015314384,0.094187424
8.512881513672660,0.021281897,0.093015485,0.9769438,-0.190986925,0.9769438,-0.190986925,0.015314162,0.094182143
8.512881613650622,0.021281114,0.093010404,0.976943297,-0.190992056,0.976943297,-0.190992056,0.015313945,0.094176983
8.512881711337712,0.021280349,0.093005441,0.976942807,-0.190997068,0.976942807,-0.190997068,0.015313733,0.094171943
8.512881806786421,0.021279602,0.093000593,0.976942327,-0.191001965,0.976942327,-0.191001965,0.015313526,0.09416702
8.512881900048036,0.021278872,0.092995856,0.976941859,-0.191006749,0.976941859,-0.191006749,0.015313323,0.094162209
8.512881991172678,0.021278158,0.092991229,0.976941401,-0.191011422,0.976941401,-0.191011422,0.015313125,0.09415751
8.512882080209307,0.021277462,0.092986708,0.976940954,-0.191015987,0.976940954,-0.191015987,0.015312932,0.09415292
8.512882167205770,0.021276781,0.092982292,0.976940517,-0.191020447,0.976940517,-0.191020447,0.015312743,0.094148435
8.512882252208817,0.021276116,0.092977978,0.97694009,-0.191024805,0.97694009,-0.191024805,0.015312558,0.094144054
8.512882335264120,0.021275466,0.092973763,0.976939673,-0.191029061,0.976939673,-0.191029061,0.015312378,0.094139774
8.512882416416312,0.021274831,0.092969645,0.976939266,-0.19103322,0.976939266,-0.19103322,0.015312202,0.094135593
8.512882495709000,0.021274211,0.092965623,0.976938868,-0.191037282,0.976938868,-0.191037282,0.01531203,0.094131508
8.512882573184793,0.021273605,0.092961693,0.976938479,-0.191041251,0.976938479,-0.191041251,0.015311861,0.094127517
8.512882648885322,0.021273013,0.092957854,0.976938099,-0.191045128,0.976938099,-0.191045128,0.015311697,0.094123618
8.512882722851266,0.021272434,0.092954103,0.976937727,-0.191048916,0.976937727,-0.191048916,0.015311536,0.09411981
8.512882795122369,0.021271869,0.092950439,0.976937365,-0.191052617,0.976937365,-0.191052617,0.015311379,0.094116089
8.512882865737469,0.021271317,0.092946859,0.97693701,-0.191056232,0.97693701,-0.191056232,0.015311226,0.094112453
8.512882934734508,0.021270778,0.092943362,0.976936664,-0.191059764,0.976936664,-0.191059764,0.015311076,0.094108902
8.512883002150565,0.021270251,0.092939945,0.976936326,-0.191063215,0.976936326,-0.191063215,0.01531093,0.094105432
8.512883068021864,0.021269736,0.092936607,0.976935995,-0.191066586,0.976935995,-0.191066586,0.015310787,0.094102042
8.512883132383802,0.021269233,0.092933346,0.976935672,-0.191069879,0.976935672,-0.191069879,0.015310647,0.094098731
8.512883195270966,0.021268741,0.09293016,0.976935357,-0.191073097,0.976935357,-0.191073097,0.01531051,0.094095495
8.512883256717146,0.021268261,0.092927047,0.976935048,-0.191076241,0.976935048,-0.191076241,0.015310377,0.094092334
8.512883316755362,0.021267792,0.092924006,0.976934747,-0.191079312,0.976934747,-0.191079312,0.015310246,0.094089246
8.512883375417875,0.021267334,0.092921035,0.976934453,-0.191082312,0.976934453,-0.191082312,0.015310119,0.094086229
8.512883432736208,0.021266886,0.092918133,0.976934165,-0.191085243,0.976934165,-0.191085243,0.015309994,0.094083282
8.512883488741160,0.021266448,0.092915297,0.976933884,-0.191088107,0.976933884,-0.191088107,0.015309873,0.094080402
8.512883543462827,0.021266021,0.092912527,0.97693361,-0.191090905,0.97693361,-0.191090905,0.015309754,0.094077589
8.512883596930614,0.021265603,0.09290982,0.976933342,-0.191093639,0.976933342,-0.191093639,0.015309638,0.09407484
8.512883649173249,0.021265195,0.092907176,0.97693308,-0.19109631,0.97693308,-0.19109631,0.015309524,0.094072155
8.512883700218810,0.021264797,0.092904592,0.976932823,-0.191098919,0.976932823,-0.191098919,0.015309413,0.094069531
8.512883750094723,0.021264407,0.092902068,0.976932573,-0.191101468,0.976932573,-0.191101468,0.015309305,0.094066968
8.512883798827790,0.021264026,0.092899602,0.976932329,-0.191103958,0.976932329,-0.191103958,0.015309199,0.094064463
8.512883846444199,0.021263655,0.092897193,0.97693209,-0.191106392,0.97693209,-0.191106392,0.015309095,0.094062017
8.512883892969535,0.021263291,0.092894839,0.976931857,-0.191108769,0.976931857,-0.191108769,0.015308994,0.094059626
8.512883938428800,0.021262936,0.092892539,0.976931629,-0.191111092,0.976931629,-0.191111092,0.015308896,0.094057291
8.512883982846422,0.02126259,0.092890292,0.976931406,-0.191113361,0.976931406,-0.191113361,0.015308799,0.094055009
8.512884026246265,0.021262251,0.092888097,0.976931189,-0.191115578,0.976931189,-0.191115578,0.015308705,0.09405278
8.512884068651656,0.02126192,0.092885952,0.976930976,-0.191117744,0.976930976,-0.191117744,0.015308612,0.094050602
8.512884110085379,0.021261596,0.092883857,0.976930768,-0.19111986,0.976930768,-0.19111986,0.015308522,0.094048474
8.512884150569697,0.02126128,0.09288181,0.976930565,-0.191121928,0.976930565,-0.191121928,0.015308434,0.094046395
8.512884190126366,0.021260971,0.092879809,0.976930367,-0.191123948,0.976930367,-0.191123948,0.015308348,0.094044364
8.512884228776642,0.02126067,0.092877855,0.976930173,-0.191125921,0.976930173,-0.191125921,0.015308264,0.094042379
8.512884266541295,0.021260375,0.092875946,0.976929984,-0.19112785,0.976929984,-0.19112785,0.015308182,0.09404044
8.512884303440616,0.021260087,0.092874081,0.976929799,-0.191129733,0.976929799,-0.191129733,0.015308102,0.094038546
8.512884339494434,0.021259806,0.092872258,0.976929618,-0.191131574,0.976929618,-0.191131574,0.015308024,0.094036695
8.512884374722123,0.021259531,0.092870477,0.976929442,-0.191133372,0.976929442,-0.191133372,0.015307947,0.094034887
8.512884409142613,0.021259262,0.092868738,0.976929269,-0.191135129,0.976929269,-0.191135129,0.015307872,0.09403312
8.512884442774398,0.021259,0.092867038,0.976929101,-0.191136846,0.976929101,-0.191136846,0.015307799,0.094031394
8.512884475635550,0.021258743,0.092865377,0.976928936,-0.191138523,0.976928936,-0.191138523,0.015307728,0.094029708
8.512884507743731,0.021258493,0.092863755,0.976928775,-0.191140162,0.976928775,-0.191140162,0.015307658,0.09402806
8.512884539116191,0.021258248,0.092862169,0.976928618,-0.191141763,0.976928618,-0.191141763,0.01530759,0.09402645
8.512884569769790,0.021258009,0.092860621,0.976928464,-0.191143327,0.976928464,-0.191143327,0.015307523,0.094024877
8.512884599720998,0.021257775,0.092859107,0.976928314,-0.191144856,0.976928314,-0.191144856,0.015307458,0.09402334
8.512884628985910,0.021257547,0.092857629,0.976928167,-0.191146349,0.976928167,-0.191146349,0.015307394,0.094021839
8.512884657580255,0.021257324,0.092856184,0.976928024,-0.191147808,0.976928024,-0.191147808,0.015307332,0.094020372
8.512884685519392,0.021257106,0.092854773,0.976927884,-0.191149233,0.976927884,-0.191149233,0.015307272,0.094018939
8.512884712818339,0.021256893,0.092853394,0.976927747,-0.191150626,0.976927747,-0.191150626,0.015307212,0.094017538
8.512884739491765,0.021256685,0.092852047,0.976927614,-0.191151987,0.976927614,-0.191151987,0.015307154,0.09401617
8.512884765554000,0.021256482,0.09285073,0.976927483,-0.191153316,0.976927483,-0.191153316,0.015307098,0.094014833
8.512884791019051,0.021256283,0.092849444,0.976927355,-0.191154615,0.976927355,-0.191154615,0.015307042,0.094013527
8.512884815900593,0.021256089,0.092848187,0.976927231,-0.191155884,0.976927231,-0.191155884,0.015306988,0.094012251
8.512884836891436,0.021255925,0.092847127,0.976927125,-0.191156955,0.976927125,-0.191156955,0.015306942,0.094011174
8.512884858374536,0.021255758,0.092846043,0.976927018,-0.19115805,0.976927018,-0.19115805,0.015306896,0.094010073
8.512884880361440,0.021255586,0.092844932,0.976926908,-0.191159172,0.976926908,-0.191159172,0.015306848,0.094008945
8.512884902863963,0.021255411,0.092843796,0.976926795,-0.191160319,0.976926795,-0.191160319,0.015306799,0.094007791
8.512884925894195,0.021255231,0.092842633,0.97692668,-0.191161494,0.97692668,-0.191161494,0.015306749,0.09400661
8.512884949464512,0.021255047,0.092841443,0.976926561,-0.191162696,0.976926561,-0.191162696,0.015306698,0.094005402
8.512884973587580,0.021254859,0.092840225,0.976926441,-0.191163926,0.976926441,-0.191163926,0.015306645,0.094004165
8.512884998276363,0.021254667,0.092838979,0.976926317,-0.191165184,0.976926317,-0.191165184,0.015306592,0.094002899
8.512885023544124,0.02125447,0.092837703,0.97692619,-0.191166473,0.97692619,-0.191166473,0.015306537,0.094001604
8.512885049404444,0.021254268,0.092836398,0.976926061,-0.191167791,0.976926061,-0.191167791,0.01530648,0.094000278
8.512885075871218,0.021254062,0.092835062,0.976925928,-0.19116914,0.976925928,-0.19116914,0.015306423,0.093998921
8.512885102958668,0.02125385,0.092833694,0.976925793,-0.191170521,0.976925793,-0.191170521,0.015306364,0.093997533
8.512885130681349,0.021253634,0.092832295,0.976925654,-0.191171934,0.976925654,-0.191171934,0.015306304,0.093996112
8.512885159054159,0.021253413,0.092830863,0.976925512,-0.191173381,0.976925512,-0.191173381,0.015306242,0.093994657
8.512885188092342,0.021253187,0.092829398,0.976925366,-0.191174861,0.976925366,-0.191174861,0.015306179,0.093993169
8.512885217811506,0.021252955,0.092827898,0.976925217,-0.191176375,0.976925217,-0.191176375,0.015306114,0.093991646
8.512885248227617,0.021252718,0.092826363,0.976925065,-0.191177926,0.976925065,-0.191177926,0.015306048,0.093990087
8.512885279357022,0.021252475,0.092824792,0.976924909,-0.191179512,0.976924909,-0.191179512,0.01530598,0.093988492
8.512885311216445,0.021252227,0.092823185,0.976924749,-0.191181136,0.976924749,-0.191181136,0.015305911,0.09398686
8.512885343823008,0.021251973,0.09282154,0.976924586,-0.191182797,0.976924586,-0.191182797,0.01530584,0.093985189
8.512885377194232,0.021251713,0.092819856,0.976924419,-0.191184497,0.976924419,-0.191184497,0.015305767,0.093983479
8.512885411348051,0.021251446,0.092818133,0.976924248,-0.191186237,0.976924248,-0.191186237,0.015305693,0.09398173
8.512885446302814,0.021251174,0.09281637,0.976924073,-0.191188018,0.976924073,-0.191188018,0.015305617,0.093979939
8.512885482077307,0.021250895,0.092814565,0.976923894,-0.191189841,0.976923894,-0.191189841,0.015305539,0.093978107
8.512885518690753,0.02125061,0.092812719,0.97692371,-0.191191706,0.97692371,-0.191191706,0.01530546,0.093976231
8.512885556162825,0.021250318,0.092810829,0.976923523,-0.191193614,0.976923523,-0.191193614,0.015305378,0.093974312
8.512885594513660,0.021250019,0.092808895,0.976923331,-0.191195567,0.976923331,-0.191195567,0.015305295,0.093972348
8.512885633763867,0.021249713,0.092806916,0.976923134,-0.191197566,0.976923134,-0.191197566,0.015305209,0.093970338
8.512885673934536,0.0212494,0.09280489,0.976922933,-0.191199612,0.976922933,-0.191199612,0.015305122,0.093968281
8.512885715047252,0.02124908,0.092802817,0.976922727,-0.191201705,0.976922727,-0.191201705,0.015305033,0.093966176
8.512885757124108,0.021248752,0.092800696,0.976922516,-0.191203848,0.976922516,-0.191203848,0.015304941,0.093964022
8.512885800187716,0.021248417,0.092798525,0.976922301,-0.19120604,0.976922301,-0.19120604,0.015304847,0.093961817
8.512885844261213,0.021248073,0.092796304,0.97692208,-0.191208284,0.97692208,-0.191208284,0.015304752,0.093959561
8.512885889368283,0.021247722,0.09279403,0.976921854,-0.19121058,0.976921854,-0.19121058,0.015304653,0.093957252
8.512885935533166,0.021247362,0.092791704,0.976921623,-0.19121293,0.976921623,-0.19121293,0.015304553,0.09395489
8.512885982780668,0.021246994,0.092789323,0.976921387,-0.191215334,0.976921387,-0.191215334,0.01530445,0.093952472
8.512886031136178,0.021246618,0.092786886,0.976921145,-0.191217795,0.976921145,-0.191217795,0.015304345,0.093949997
8.512886080625680,0.021246232,0.092784393,0.976920897,-0.191220313,0.976920897,-0.191220313,0.015304237,0.093947465
8.512886131275767,0.021245838,0.092781841,0.976920644,-0.19122289,0.976920644,-0.19122289,0.015304127,0.093944874
8.512886183113658,0.021245434,0.09277923,0.976920384,-0.191225528,0.976920384,-0.191225528,0.015304014,0.093942222
8.512886236167205,0.021245021,0.092776558,0.976920119,-0.191228226,0.976920119,-0.191228226,0.015303899,0.093939508
8.512886290464918,0.021244599,0.092773823,0.976919847,-0.191230988,0.976919847,-0.191230988,0.015303781,0.093936731
8.512886346035975,0.021244166,0.092771025,0.976919569,-0.191233815,0.976919569,-0.191233815,0.01530366,0.093933889
8.512886402910235,0.021243723,0.092768161,0.976919284,-0.191236707,0.976919284,-0.191236707,0.015303536,0.093930981
8.512886461118264,0.02124327,0.09276523,0.976918993,-0.191239667,0.976918993,-0.191239667,0.015303409,0.093928005
8.512886520691335,0.021242806,0.092762231,0.976918695,-0.191242695,0.976918695,-0.191242695,0.01530328,0.093924959
8.512886581661464,0.021242332,0.092759162,0.97691839,-0.191245795,0.97691839,-0.191245795,0.015303147,0.093921843
8.512886644061410,0.021241846,0.092756022,0.976918078,-0.191248967,0.976918078,-0.191248967,0.015303011,0.093918653
8.512886707924707,0.021241349,0.092752808,0.976917758,-0.191252213,0.976917758,-0.191252213,0.015302872,0.093915389
8.512886773285672,0.021240841,0.092749519,0.976917431,-0.191255534,0.976917431,-0.191255534,0.01530273,0.093912049
8.512886840179426,0.02124032,0.092746154,0.976917097,-0.191258933,0.976917097,-0.191258933,0.015302584,0.093908632
8.512886908641915,0.021239788,0.09274271,0.976916754,-0.191262411,0.976916754,-0.191262411,0.015302435,0.093905134
8.512886978709927,0.021239243,0.092739185,0.976916404,-0.191265971,0.976916404,-0.191265971,0.015302283,0.093901555
8.512887050421114,0.021238685,0.092735579,0.976916045,-0.191269613,0.976916045,-0.191269613,0.015302127,0.093897892
8.512887123814009,0.021238114,0.092731888,0.976915678,-0.19127334,0.976915678,-0.19127334,0.015301967,0.093894145
8.512887198928052,0.02123753,0.092728112,0.976915302,-0.191277155,0.976915302,-0.191277155,0.015301803,0.093890309
8.512887275803605,0.021236932,0.092724247,0.976914918,-0.191281058,0.976914918,-0.191281058,0.015301636,0.093886385
8.512887354481977,0.02123632,0.092720293,0.976914525,-0.191285052,0.976914525,-0.191285052,0.015301465,0.093882369
8.512887435005448,0.021235694,0.092716246,0.976914122,-0.191289139,0.976914122,-0.191289139,0.01530129,0.093878259
8.512887517417285,0.021235054,0.092712105,0.97691371,-0.191293321,0.97691371,-0.191293321,0.01530111,0.093874054
8.512887601761772,0.021234398,0.092707868,0.976913288,-0.1912976,0.976913288,-0.1912976,0.015300926,0.09386975
8.512887688084236,0.021233727,0.092703532,0.976912857,-0.19130198,0.976912857,-0.19130198,0.015300738,0.093865347
8.512887776431059,0.021233041,0.092699095,0.976912415,-0.191306461,0.976912415,-0.191306461,0.015300546,0.093860841
8.512887866849715,0.021232338,0.092694554,0.976911963,-0.191311046,0.976911963,-0.191311046,0.015300349,0.09385623
8.512887959388792,0.021231619,0.092689908,0.976911501,-0.191315739,0.976911501,-0.191315739,0.015300148,0.093851512
8.512888054098015,0.021230883,0.092685154,0.976911028,-0.19132054,0.976911028,-0.19132054,0.015299941,0.093846684
8.512888151028278,0.02123013,0.09268029,0.976910543,-0.191325453,0.976910543,-0.191325453,0.01529973,0.093841743
8.512888250231667,0.02122936,0.092675312,0.976910048,-0.191330481,0.976910048,-0.191330481,0.015299514,0.093836688
8.512888351761488,0.021228571,0.092670218,0.976909541,-0.191335625,0.976909541,-0.191335625,0.015299293,0.093831515
8.512888455672300,0.021227764,0.092665006,0.976909021,-0.191340889,0.976909021,-0.191340889,0.015299067,0.093826222
8.512888562019938,0.021226939,0.092659673,0.97690849,-0.191346275,0.97690849,-0.191346275,0.015298835,0.093820806
8.512888670861550,0.021226094,0.092654216,0.976907947,-0.191351787,0.976907947,-0.191351787,0.015298598,0.093815264
8.512888782255622,0.021225229,0.092648632,0.97690739,-0.191357426,0.97690739,-0.191357426,0.015298355,0.093809593
8.512888896262011,0.021224344,0.092642919,0.976906821,-0.191363197,0.976906821,-0.191363197,0.015298107,0.09380379
8.512889012941979,0.021223439,0.092637072,0.976906239,-0.191369102,0.976906239,-0.191369102,0.015297853,0.093797853
8.512889132358227,0.021222512,0.09263109,0.976905642,-0.191375143,0.976905642,-0.191375143,0.015297592,0.093791777
8.512889254574922,0.021221564,0.092624969,0.976905032,-0.191381325,0.976905032,-0.191381325,0.015297326,0.093785561
8.512889379657738,0.021220594,0.092618706,0.976904408,-0.191387651,0.976904408,-0.191387651,0.015297054,0.0937792
8.512889507673886,0.021219601,0.092612298,0.976903769,-0.191394123,0.976903769,-0.191394123,0.015296775,0.093772692
8.512889638692162,0.021218585,0.09260574,0.976903115,-0.191400746,0.976903115,-0.191400746,0.015296489,0.093766033
8.512889772782964,0.021217546,0.092599031,0.976902446,-0.191407522,0.976902446,-0.191407522,0.015296197,0.093759219
8.512889910018348,0.021216482,0.092592167,0.976901761,-0.191414455,0.976901761,-0.191414455,0.015295898,0.093752247
8.512890050472059,0.021215393,0.092585143,0.976901061,-0.191421549,0.976901061,-0.191421549,0.015295591,0.093745114
8.512890194219569,0.02121428,0.092577956,0.976900344,-0.191428808,0.976900344,-0.191428808,0.015295278,0.093737815
8.512890341338123,0.02121314,0.092570603,0.97689961,-0.191436234,0.97689961,-0.191436234,0.015294957,0.093730348
8.512890491906774,0.021211974,0.092563079,0.976898859,-0.191443833,0.976898859,-0.191443833,0.015294629,0.093722707
8.512890646006433,0.02121078,0.092555382,0.976898091,-0.191451607,0.976898091,-0.191451607,0.015294293,0.093714889
8.512890803719902,0.021209559,0.092547506,0.976897305,-0.191459562,0.976897305,-0.191459562,0.015293949,0.093706891
8.512890965131934,0.021208309,0.092539448,0.9768965,-0.1914677,0.9768965,-0.1914677,0.015293597,0.093698707
8.512891130329262,0.021207031,0.092531203,0.976895677,-0.191476027,0.976895677,-0.191476027,0.015293237,0.093690334
8.512891299400655,0.021205722,0.092522768,0.976894834,-0.191484547,0.976894834,-0.191484547,0.015292868,0.093681767
8.512891472436964,0.021204384,0.092514138,0.976893972,-0.191493263,0.976893972,-0.191493263,0.015292491,0.093673002
8.512891649531173,0.021203014,0.092505308,0.97689309,-0.191502181,0.97689309,-0.191502181,0.015292104,0.093664035
8.512891830778443,0.021201612,0.092496275,0.976892187,-0.191511305,0.976892187,-0.191511305,0.015291709,0.09365486
8.512892016276167,0.021200178,0.092487032,0.976891263,-0.191520639,0.976891263,-0.191520639,0.015291304,0.093645473
8.512892206124025,0.021198711,0.092477577,0.976890318,-0.19153019,0.976890318,-0.19153019,0.01529089,0.09363587
8.512892400424033,0.021197209,0.092467903,0.97688935,-0.19153996,0.97688935,-0.19153996,0.015290466,0.093626045
8.512892599280596,0.021195673,0.092458006,0.97688836,-0.191549956,0.97688836,-0.191549956,0.015290032,0.093615994
8.512892802800572,0.021194101,0.09244788,0.976887347,-0.191560183,0.976887347,-0.191560183,0.015289588,0.09360571
8.512893011093324,0.021192492,0.092437522,0.976886311,-0.191570645,0.976886311,-0.191570645,0.015289133,0.09359519
8.512893224270778,0.021190846,0.092426924,0.97688525,-0.191581349,0.97688525,-0.191581349,0.015288667,0.093584427
8.512893442447485,0.021189163,0.092416083,0.976884165,-0.191592299,0.976884165,-0.191592299,0.015288191,0.093573416
8.512893665740688,0.02118744,0.092404991,0.976883055,-0.191603501,0.976883055,-0.191603501,0.015287704,0.093562151
8.512893894270368,0.021185677,0.092393645,0.976881918,-0.191614961,0.976881918,-0.191614961,0.015287204,0.093550627
8.512894128159331,0.021183873,0.092382038,0.976880755,-0.191626684,0.976880755,-0.191626684,0.015286694,0.093538839
8.512894367533256,0.021182028,0.092370163,0.976879566,-0.191638677,0.976879566,-0.191638677,0.015286171,0.093526779
8.512894612520773,0.021180139,0.092358016,0.976878348,-0.191650946,0.976878348,-0.191650946,0.015285636,0.093514442
8.512894863253527,0.021178208,0.09234559,0.976877102,-0.191663497,0.976877102,-0.191663497,0.015285088,0.093501821
8.512895119866249,0.021176231,0.092332878,0.976875828,-0.191676335,0.976875828,-0.191676335,0.015284527,0.093488911
8.512895382496833,0.021174209,0.092319875,0.976874524,-0.191689469,0.976874524,-0.191689469,0.015283953,0.093475704
8.512895651286403,0.02117214,0.092306574,0.976873189,-0.191702904,0.976873189,-0.191702904,0.015283366,0.093462194
8.512895926379395,0.021170023,0.092292967,0.976871823,-0.191716647,0.976871823,-0.191716647,0.015282765,0.093448375
8.512896207923632,0.021167857,0.092279049,0.976870426,-0.191730704,0.976870426,-0.191730704,0.015282149,0.093434239
8.512896496070400,0.021165641,0.092264812,0.976868997,-0.191745084,0.976868997,-0.191745084,0.015281519,0.093419779
8.512896790974541,0.021163375,0.092250249,0.976867534,-0.191759793,0.976867534,-0.191759793,0.015280874,0.093404988
8.512897092794518,0.021161055,0.092235353,0.976866037,-0.191774838,0.976866037,-0.191774838,0.015280214,0.093389858
8.512897401692518,0.021158683,0.092220117,0.976864506,-0.191790227,0.976864506,-0.191790227,0.015279539,0.093374383
8.512897717834530,0.021156255,0.092204532,0.976862939,-0.191805968,0.976862939,-0.191805968,0.015278847,0.093358554
8.512898041390430,0.021153772,0.092188592,0.976861336,-0.191822069,0.976861336,-0.191822069,0.01527814,0.093342364
8.512898372534087,0.021151231,0.092172287,0.976859695,-0.191838537,0.976859695,-0.191838537,0.015277415,0.093325804
8.512898711443439,0.021148632,0.092155611,0.976858017,-0.19185538,0.976858017,-0.19185538,0.015276673,0.093308866
8.512899058300601,0.021145973,0.092138555,0.9768563,-0.191872608,0.9768563,-0.191872608,0.015275914,0.093291543
8.512899413291960,0.021143253,0.092121111,0.976854543,-0.191890228,0.976854543,-0.191890228,0.015275137,0.093273824
8.512899776608272,0.021140471,0.092103269,0.976852746,-0.191908248,0.976852746,-0.191908248,0.015274342,0.093255703
8.512900148444764,0.021137624,0.092085022,0.976850906,-0.191926679,0.976850906,-0.191926679,0.015273528,0.093237169
8.512900529001246,0.021134712,0.092066359,0.976849025,-0.191945529,0.976849025,-0.191945529,0.015272694,0.093218214
8.512900918482211,0.021131733,0.092047273,0.9768471,-0.191964807,0.9768471,-0.191964807,0.015271841,0.093198828
8.512901317096951,0.021128686,0.092027754,0.97684513,-0.191984522,0.97684513,-0.191984522,0.015270968,0.093179002
8.512901725059658,0.021125568,0.092007793,0.976843115,-0.192004685,0.976843115,-0.192004685,0.015270074,0.093158727
8.512902142589557,0.02112238,0.091987379,0.976841054,-0.192025304,0.976841054,-0.192025304,0.01526916,0.093137992
8.512902569911008,0.021119118,0.091966503,0.976838944,-0.19204639,0.976838944,-0.19204639,0.015268223,0.093116787
8.512903007253636,0.021115781,0.091945154,0.976836787,-0.192067954,0.976836787,-0.192067954,0.015267265,0.093095103
8.512903454852443,0.021112368,0.091923323,0.976834579,-0.192090004,0.976834579,-0.192090004,0.015266283,0.093072929
8.512903912947955,0.021108877,0.091900999,0.976832321,-0.192112553,0.976832321,-0.192112553,0.015265279,0.093050253
8.512904381786329,0.021105307,0.091878172,0.97683001,-0.192135611,0.97683001,-0.192135611,0.015264251,0.093027066
8.512904861619496,0.021101654,0.09185483,0.976827647,-0.192159188,0.976827647,-0.192159188,0.015263198,0.093003356
8.512905352705300,0.021097918,0.091830962,0.976825228,-0.192183297,0.976825228,-0.192183297,0.015262121,0.092979112
8.512905855307624,0.021094097,0.091806557,0.976822755,-0.192207948,0.976822755,-0.192207948,0.015261018,0.092954323
8.512906369696546,0.021090189,0.091781604,0.976820224,-0.192233153,0.976820224,-0.192233153,0.015259889,0.092928976
8.512906896148476,0.021086191,0.09175609,0.976817635,-0.192258924,0.976817635,-0.192258924,0.015258734,0.09290306
8.512907434946301,0.021082103,0.091730004,0.976814987,-0.192285274,0.976814987,-0.192285274,0.015257551,0.092876562
8.512907986379552,0.021077921,0.091703333,0.976812278,-0.192312214,0.976812278,-0.192312214,0.01525634,0.09284947
8.512908550744541,0.021073644,0.091676065,0.976809507,-0.192339757,0.976809507,-0.192339757,0.015255101,0.092821772
8.512909128344532,0.021069271,0.091648188,0.976806672,-0.192367917,0.976806672,-0.192367917,0.015253832,0.092793454
8.512909719489901,0.021064797,0.091619688,0.976803772,-0.192396705,0.976803772,-0.192396705,0.015252533,0.092764503
8.512910324498302,0.021060222,0.091590552,0.976800806,-0.192426136,0.976800806,-0.192426136,0.015251204,0.092734906
8.512910943694841,0.021055544,0.091560766,0.976797772,-0.192456223,0.976797772,-0.192456223,0.015249843,0.09270465
8.512911577412245,0.021050759,0.091530318,0.976794668,-0.192486979,0.976794668,-0.192486979,0.015248449,0.09267372
8.512912225991043,0.021045866,0.091499193,0.976791494,-0.19251842,0.976791494,-0.19251842,0.015247023,0.092642102
8.512912889779754,0.021040862,0.091467377,0.976788246,-0.192550559,0.976788246,-0.192550559,0.015245564,0.092609782
8.512913569135067,0.021035745,0.091434855,0.976784925,-0.19258341,0.976784925,-0.19258341,0.015244069,0.092576744
8.512914264422037,0.021030513,0.091401613,0.976781528,-0.192616989,0.976781528,-0.192616989,0.015242539,0.092542975
8.512914976014278,0.021025162,0.091367636,0.976778053,-0.192651311,0.976778053,-0.192651311,0.015240974,0.092508459
8.512915704294169,0.021019691,0.091332908,0.976774499,-0.192686391,0.976774499,-0.192686391,0.015239371,0.092473181
8.512916449653053,0.021014096,0.091297415,0.976770864,-0.192722245,0.976770864,-0.192722245,0.01523773,0.092437124
8.512917212491454,0.021008376,0.09126114,0.976767146,-0.192758889,0.976767146,-0.192758889,0.01523605,0.092400272
8.512917993219284,0.021002527,0.091224067,0.976763344,-0.192796339,0.976763344,-0.192796339,0.01523433,0.09236261
8.512918792256071,0.020996547,0.091186181,0.976759455,-0.192834611,0.976759455,-0.192834611,0.01523257,0.092324121
8.512919610031183,0.020990432,0.091147464,0.976755478,-0.192873722,0.976755478,-0.192873722,0.015230768,0.092284788
8.512920446984053,0.020984181,0.091107899,0.976751411,-0.19291369,0.976751411,-0.19291369,0.015228924,0.092244593
8.512921303564422,0.020977789,0.09106747,0.976747251,-0.192954531,0.976747251,-0.192954531,0.015227035,0.09220352
8.512922180232579,0.020971254,0.091026158,0.976742997,-0.192996264,0.976742997,-0.192996264,0.015225103,0.09216155
8.512923077459600,0.020964574,0.090983947,0.976738647,-0.193038905,0.976738647,-0.193038905,0.015223124,0.092118665
8.512923995727620,0.020957744,0.090940819,0.976734198,-0.193082474,0.976734198,-0.193082474,0.015221098,0.092074848
8.512924935530071,0.020950762,0.090896754,0.976729649,-0.193126989,0.976729649,-0.193126989,0.015219025,0.09203008
8.512925897371963,0.020943625,0.090851734,0.976724997,-0.193172469,0.976724997,-0.193172469,0.015216902,0.091984341
8.512926881770142,0.020936329,0.090805741,0.97672024,-0.193218932,0.97672024,-0.193218932,0.01521473,0.091937612
8.512927889253580,0.020928871,0.090758756,0.976715376,-0.193266399,0.976715376,-0.193266399,0.015212505,0.091889875
8.512928920363654,0.020921248,0.090710758,0.976710402,-0.193314888,0.976710402,-0.193314888,0.015210229,0.091841108
8.512929975654435,0.020913456,0.090661729,0.976705316,-0.19336442,0.976705316,-0.19336442,0.015207898,0.091791293
8.512931055692986,0.020905491,0.090611648,0.976700116,-0.193415015,0.976700116,-0.193415015,0.015205512,0.091740409
8.512932161059675,0.020897351,0.090560494,0.9766948,-0.193466693,0.9766948,-0.193466693,0.01520307,0.091688435
8.512933292348471,0.020889031,0.090508248,0.976689364,-0.193519476,0.976689364,-0.193519476,0.01520057,0.091635349
8.512934450167279,0.020880528,0.090454888,0.976683806,-0.193573384,0.976683806,-0.193573384,0.01519801,0.091581132
8.512935635138259,0.020871838,0.090400393,0.976678124,-0.19362844,0.976678124,-0.19362844,0.01519539,0.09152576
8.512936847898160,0.020862957,0.090344742,0.976672315,-0.193684664,0.976672315,-0.193684664,0.015192709,0.091469213
8.512938089098663,0.020853881,0.090287913,0.976666377,-0.193742079,0.976666377,-0.193742079,0.015189964,0.091411468
8.512939359406731,0.020844607,0.090229883,0.976660306,-0.193800706,0.976660306,-0.193800706,0.015187154,0.091352503
8.512940659504974,0.02083513,0.090170631,0.976654099,-0.19386057,0.976654099,-0.19386057,0.015184277,0.091292295
8.512941990092001,0.020825447,0.090110134,0.976647755,-0.193921692,0.976647755,-0.193921692,0.015181333,0.091230821
8.512943351882811,0.020815553,0.090048369,0.97664127,-0.193984095,0.97664127,-0.193984095,0.015178319,0.091168057
8.512944745609168,0.020805444,0.089985313,0.976634641,-0.194047804,0.976634641,-0.194047804,0.015175233,0.09110398
8.512946172019998,0.020795115,0.089920942,0.976627866,-0.194112842,0.976627866,-0.194112842,0.015172075,0.091038567
8.512947631881786,0.020784563,0.089855232,0.97662094,-0.194179232,0.97662094,-0.194179232,0.015168843,0.090971792
8.512949125978999,0.020773783,0.089788161,0.976613862,-0.194246999,0.976613862,-0.194246999,0.015165534,0.090903633
8.512950655114494,0.02076277,0.089719703,0.976606628,-0.194316168,0.976606628,-0.194316168,0.015162147,0.090834063
8.512952220109961,0.02075152,0.089649833,0.976599234,-0.194386763,0.976599234,-0.194386763,0.01515868,0.090763058
8.512953821806354,0.020740029,0.089578529,0.976591678,-0.19445881,0.976591678,-0.19445881,0.015155132,0.090690592
8.512955461064355,0.020728291,0.089505763,0.976583956,-0.194532333,0.976583956,-0.194532333,0.0151515,0.090616641
8.512957138764824,0.020716302,0.089431512,0.976576066,-0.194607359,0.976576066,-0.194607359,0.015147782,0.090541179
8.512958855809281,0.020704057,0.089355749,0.976568002,-0.194683912,0.976568002,-0.194683912,0.015143977,0.09046418
8.512960613120388,0.020691552,0.08927845,0.976559763,-0.194762019,0.976559763,-0.194762019,0.015140083,0.090385617
8.512962411642444,0.020678781,0.089199588,0.976551344,-0.194841706,0.976551344,-0.194841706,0.015136097,0.090305465
8.512964252341893,0.020665739,0.089119137,0.976542742,-0.194922999,0.976542742,-0.194922999,0.015132017,0.090223696
8.512966136207844,0.020652422,0.089037071,0.976533954,-0.195005925,0.976533954,-0.195005925,0.015127842,0.090140284
8.512968064252597,0.020638824,0.088953363,0.976524975,-0.195090511,0.976524975,-0.195090511,0.015123568,0.090055203
8.512970037512199,0.02062494,0.088867988,0.976515802,-0.195176784,0.976515802,-0.195176784,0.015119195,0.089968424
8.512972057046985,0.020610764,0.088780918,0.976506432,-0.195264769,0.976506432,-0.195264769,0.015114719,0.089879921
8.512974123942168,0.020596292,0.088692126,0.97649686,-0.195354496,0.97649686,-0.195354496,0.015110138,0.089789667
8.512976239308397,0.020581519,0.088601586,0.976487082,-0.195445991,0.976487082,-0.195445991,0.015105451,0.089697633
8.512978404282377,0.020566438,0.088509271,0.976477095,-0.195539281,0.976477095,-0.195539281,0.015100653,0.089603792
8.512980620027465,0.020551044,0.088415152,0.976466895,-0.195634395,0.976466895,-0.195634395,0.015095744,0.089508117
8.512982887734299,0.020535331,0.088319204,0.976456477,-0.195731359,0.976456477,-0.195731359,0.015090721,0.089410579
8.512985208621446,0.020519295,0.088221397,0.976445837,-0.195830202,0.976445837,-0.195830202,0.01508558,0.089311151
8.512987583936042,0.020502929,0.088121706,0.976434972,-0.195930951,0.976434972,-0.195930951,0.01508032,0.089209804
8.512990014954472,0.020486228,0.088020103,0.976423877,-0.196033635,0.976423877,-0.196033635,0.015074938,0.089106511
8.512992502983057,0.020469186,0.08791656,0.976412548,-0.19613828,0.976412548,-0.19613828,0.01506943,0.089001243
8.512995049358747,0.020451797,0.087811049,0.97640098,-0.196244916,0.97640098,-0.196244916,0.015063796,0.088893973
8.512997655449851,0.020434056,0.087703544,0.97638917,-0.196353569,0.97638917,-0.196353569,0.01505803,0.088784672
8.513000000000000,0.020418142,0.08760724,0.97637857,-0.196450903,0.97637857,-0.196450903,0.015052845,0.088686757
8.513000322656762,0.020415956,0.087594017,0.976377113,-0.196464267,0.976377113,-0.196464267,0.015052132,0.088673312
8.513003052412715,0.020397491,0.08748244,0.976364804,-0.196577039,0.976364804,-0.196577039,0.015046098,0.088559866
8.513005846184559,0.020378657,0.087368786,0.976352239,-0.196691912,0.976352239,-0.196691912,0.015039924,0.088444305
8.513008705473537,0.020359445,0.087253029,0.976339414,-0.196808913,0.976339414,-0.196808913,0.015033609,0.088326602
8.513011631816100,0.020339852,0.087135141,0.976326324,-0.196928069,0.976326324,-0.196928069,0.015027149,0.08820673
8.513014626784733,0.02031987,0.087015095,0.976312964,-0.197049409,0.976312964,-0.197049409,0.015020541,0.08808466
8.513017691988795,0.020299494,0.086892866,0.976299331,-0.197172958,0.976299331,-0.197172958,0.015013781,0.087960365
8.513020829075385,0.020278717,0.086768425,0.976285418,-0.197298745,0.976285418,-0.197298745,0.015006868,0.08783382
8.513024039730233,0.020257533,0.086641748,0.976271222,-0.197426794,0.976271222,-0.197426794,0.014999797,0.087704995
8.513027325678598,0.020235937,0.086512808,0.976256738,-0.197557134,0.976256738,-0.197557134,0.014992565,0.087573866
8.513030688686198,0.020213922,0.08638158,0.976241961,-0.197689789,0.976241961,-0.197689789,0.01498517,0.087440406
8.513034130560159,0.020191481,0.086248039,0.976226886,-0.197824785,0.976226886,-0.197824785,0.014977607,0.08730459
8.513037653149990,0.02016861,0.086112159,0.976211509,-0.197962148,0.976211509,-0.197962148,0.014969874,0.08716639
8.513041258348567,0.020145301,0.085973916,0.976195824,-0.198101902,0.976195824,-0.198101902,0.014961966,0.087025783
8.513044948093160,0.020121549,0.085833287,0.976179828,-0.198244073,0.976179828,-0.198244073,0.014953882,0.086882744
8.513048724366470,0.020097347,0.085690247,0.976163515,-0.198388683,0.976163515,-0.198388683,0.014945616,0.086737248
8.513052589197697,0.02007269,0.085544773,0.97614688,-0.198535757,0.97614688,-0.198535757,0.014937166,0.086589273
8.513056544663620,0.020047571,0.085396844,0.976129918,-0.198685317,0.976129918,-0.198685317,0.014928528,0.086438794
8.513060592889728,0.020021984,0.085246436,0.976112626,-0.198837386,0.976112626,-0.198837386,0.014919699,0.086285789
8.513064736051353,0.019995924,0.08509353,0.976094997,-0.198991985,0.976094997,-0.198991985,0.014910674,0.086130236
8.513068976374843,0.019969384,0.084938103,0.976077027,-0.199149136,0.976077027,-0.199149136,0.014901451,0.085972114
8.513073316138753,0.019942359,0.084780136,0.976058712,-0.199308859,0.976058712,-0.199308859,0.014892025,0.085811402
8.513077757675074,0.019914842,0.084619611,0.976040045,-0.199471174,0.976040045,-0.199471174,0.014882393,0.085648081
8.513082303370483,0.019886828,0.084456507,0.976021024,-0.199636099,0.976021024,-0.199636099,0.014872552,0.085482131
8.513086955667633,0.019858312,0.084290808,0.976001643,-0.199803653,0.976001643,-0.199803653,0.014862497,0.085313534
8.513091717066455,0.019829287,0.084122497,0.975981896,-0.199973853,0.975981896,-0.199973853,0.014852224,0.085142272
8.513096590125508,0.019799748,0.083951557,0.975961781,-0.200146715,0.975961781,-0.200146715,0.014841731,0.084968329
8.513101577463351,0.01976969,0.083777975,0.975941291,-0.200322255,0.975941291,-0.200322255,0.014831013,0.08479169
8.513106681759950,0.019739107,0.083601735,0.975920423,-0.200500487,0.975920423,-0.200500487,0.014820067,0.08461234
8.513111905758125,0.019707994,0.083422825,0.975899171,-0.200681424,0.975899171,-0.200681424,0.014808888,0.084430265
8.513117252265012,0.019676346,0.083241233,0.975877532,-0.200865079,0.975877532,-0.200865079,0.014797473,0.084245452
8.513122724153581,0.019644158,0.083056948,0.975855501,-0.201051463,0.975855501,-0.201051463,0.014785818,0.084057891
8.513125046837215,0.019630557,0.082979195,0.975846185,-0.201130103,0.975846185,-0.201130103,0.01478088,0.083978754
8.513128324364175,0.019611426,0.08286996,0.975833074,-0.201240586,0.975833074,-0.201240586,0.01477392,0.083867571
8.513134055906093,0.019578144,0.082680261,0.975810245,-0.201432458,0.975810245,-0.201432458,0.014761775,0.083674484
8.513139921859201,0.019544307,0.082487843,0.975787013,-0.201627085,0.975787013,-0.201627085,0.014749379,0.08347862
8.513145925375598,0.019509913,0.082292701,0.975763371,-0.201824473,0.975763371,-0.201824473,0.014736728,0.083279975
8.513152069681297,0.019474956,0.08209483,0.975739316,-0.202024629,0.975739316,-0.202024629,0.014723818,0.083078542
8.513158358077971,0.019439432,0.081894226,0.975714845,-0.202227556,0.975714845,-0.202227556,0.014710647,0.082874318
8.513164793944716,0.019403338,0.081690888,0.975689954,-0.202433255,0.975689954,-0.202433255,0.01469721,0.082667301
8.513171380739871,0.01936667,0.081484815,0.975664638,-0.202641728,0.975664638,-0.202641728,0.014683504,0.08245749
8.513178122002884,0.019329425,0.081276008,0.975638895,-0.202852974,0.975638895,-0.202852974,0.014669526,0.082244885
8.513185021356199,0.019291599,0.08106447,0.975612722,-0.203066991,0.975612722,-0.203066991,0.014655272,0.082029489
8.513192082507214,0.01925319,0.080850204,0.975586114,-0.203283774,0.975586114,-0.203283774,0.014640738,0.081811305
8.513199309250270,0.019214194,0.080633217,0.975559069,-0.20350332,0.975559069,-0.20350332,0.014625921,0.081590338
8.513200000000001,0.019210483,0.080612597,0.975556494,-0.203524183,0.975556494,-0.203524183,0.014624508,0.08156934
8.513206705468688,0.01917461,0.080413515,0.975531585,-0.20372562,0.975531585,-0.20372562,0.014610819,0.081366596
8.513214275136862,0.019134435,0.080191108,0.975503657,-0.203950665,0.975503657,-0.203950665,0.014595427,0.081140088
8.513222022322383,0.019093667,0.079966006,0.975475285,-0.204178447,0.975475285,-0.204178447,0.014579744,0.080910823
8.513229951188237,0.019052306,0.079738221,0.975446465,-0.204408951,0.975446465,-0.204408951,0.014563765,0.080678814
8.513238065995035,0.019010348,0.079507769,0.975417196,-0.204642165,0.975417196,-0.204642165,0.014547488,0.080444075
8.513246371103302,0.018967795,0.079274664,0.975387475,-0.204878072,0.975387475,-0.204878072,0.014530911,0.080206621
8.513254870975826,0.018924643,0.079038924,0.9753573,-0.205116656,0.9753573,-0.205116656,0.01451403,0.079966471
8.513263570180051,0.018880895,0.078800569,0.975326672,-0.205357896,0.975326672,-0.205357896,0.014496844,0.079723644
8.513272473390533,0.018836549,0.078559621,0.975295587,-0.205601771,0.975295587,-0.205601771,0.014479349,0.079478161
8.513281585391450,0.018791605,0.078316102,0.975264045,-0.205848259,0.975264045,-0.205848259,0.014461543,0.079230045
8.513290911079176,0.018746065,0.078070039,0.975232046,-0.206097333,0.975232046,-0.206097333,0.014443425,0.078979323
8.513300455464911,0.01869993,0.077821457,0.975199588,-0.206348968,0.975199588,-0.206348968,0.014424992,0.07872602
8.513310223677372,0.0186532,0.077570387,0.975166672,-0.206603133,0.975166672,-0.206603133,0.014406243,0.078470166
8.513320220965552,0.018605878,0.077316859,0.975133298,-0.206859799,0.975133298,-0.206859799,0.014387175,0.078211793
8.513330452701537,0.018557967,0.077060906,0.975099465,-0.207118931,0.975099465,-0.207118931,0.014367789,0.077950933
8.513340924383392,0.018509467,0.076802563,0.975065175,-0.207380496,0.975065175,-0.207380496,0.014348081,0.077687622
8.513351641638128,0.018460384,0.076541867,0.975030429,-0.207644456,0.975030429,-0.207644456,0.014328051,0.077421897
8.513362610224704,0.018410719,0.076278857,0.974995227,-0.207910772,0.974995227,-0.207910772,0.014307699,0.077153796
8.513373836037140,0.018360477,0.076013573,0.974959571,-0.208179404,0.974959571,-0.208179404,0.014287023,0.076883362
8.513385325107675,0.018309662,0.075746058,0.974923463,-0.208450309,0.974923463,-0.208450309,0.014266023,0.076610636
8.513397083610011,0.018258279,0.075476357,0.974886906,-0.208723441,0.974886906,-0.208723441,0.014244699,0.076335665
8.513400000000001,0.018245631,0.075410094,0.9748779,-0.20879055,0.9748779,-0.20879055,0.014239437,0.076268105
8.513409117862633,0.018206332,0.075204517,0.974849901,-0.208998756,0.974849901,-0.208998756,0.014223051,0.076058496
8.513421434332198,0.018153829,0.074930586,0.974812452,-0.209276203,0.974812452,-0.209276203,0.014201078,0.075779176
8.513434039637016,0.018100773,0.074654614,0.974774561,-0.209555732,0.974774561,-0.209555732,0.014178782,0.075497758
8.513446940550599,0.018047173,0.074376653,0.974736233,-0.209837291,0.974736233,-0.209837291,0.014156163,0.075214294
8.513460144005315,0.017993035,0.074096758,0.974697471,-0.210120826,0.974697471,-0.210120826,0.014133222,0.074928839
8.513473657096096,0.017938366,0.073814984,0.974658279,-0.21040628,0.974658279,-0.21040628,0.01410996,0.074641449
8.513487487084262,0.017883174,0.07353139,0.974618662,-0.210693595,0.974618662,-0.210693595,0.014086378,0.074352183
8.513501641401415,0.017827467,0.073246034,0.974578624,-0.210982713,0.974578624,-0.210982713,0.014062478,0.074061102
8.513516127653443,0.017771255,0.072958978,0.974538172,-0.211273572,0.974538172,-0.211273572,0.014038263,0.073768266
8.513530953624596,0.017714545,0.072670284,0.97449731,-0.211566107,0.97449731,-0.211566107,0.014013733,0.07347374
8.513546127281673,0.017657349,0.072380016,0.974456045,-0.211860256,0.974456045,-0.211860256,0.013988893,0.073177589
8.513561656778307,0.017599676,0.072088241,0.974414383,-0.212155952,0.974414383,-0.212155952,0.013963743,0.072879881
8.513577550459342,0.017541536,0.071795026,0.97437233,-0.212453126,0.97437233,-0.212453126,0.013938289,0.072580682
8.513593816865315,0.017482941,0.07150044,0.974329895,-0.21275171,0.974329895,-0.21275171,0.013912532,0.072280064
8.513600000000000,0.017460905,0.071389892,0.974313922,-0.212863764,0.974313922,-0.212863764,0.013902819,0.072167247
8.513610464737052,0.017423902,0.071204553,0.974287083,-0.213051633,0.974287083,-0.213051633,0.013886477,0.071978098
8.513627503020361,0.017364431,0.070907437,0.974243904,-0.213352823,0.974243904,-0.213352823,0.013860127,0.071674856
8.513644940870838,0.017304539,0.070609164,0.974200365,-0.213655207,0.974200365,-0.213655207,0.013833486,0.071370413
8.513662787658788,0.017244241,0.070309809,0.974156475,-0.21395871,0.974156475,-0.21395871,0.013806559,0.071064843
8.513681052974260,0.017183548,0.070009446,0.974112242,-0.214263256,0.974112242,-0.214263256,0.013779351,0.070758224
8.513699746632202,0.017122475,0.069708152,0.974067676,-0.21456877,0.974067676,-0.21456877,0.013751867,0.070450634
8.513718878677734,0.017061035,0.069406005,0.974022786,-0.214875173,0.974022786,-0.214875173,0.013724111,0.07014215
8.513738459391545,0.016999242,0.069103081,0.973977582,-0.215182386,0.973977582,-0.215182386,0.01369609,0.069832852
8.513758499295419,0.016937111,0.068799461,0.973932075,-0.215490331,0.973932075,-0.215490331,0.01366781,0.06952282
8.513779009157883,0.016874658,0.068495223,0.973886274,-0.215798926,0.973886274,-0.215798926,0.013639275,0.069212137
8.513800000000000,0.016811896,0.068190449,0.97384019,-0.216108091,0.97384019,-0.216108091,0.013610493,0.068900883
8.514000000000001,0.016267059,0.065583906,0.973437786,-0.218753309,0.973437786,-0.218753309,0.013356285,0.066238022
8.514200000000001,0.01580364,0.063419557,0.97309231,-0.220951491,0.97309231,-0.220951491,0.013134225,0.064025678
8.514400000000000,0.015404928,0.061593762,0.972792789,-0.222807284,0.972792789,-0.222807284,0.012939145,0.062158522
8.514600000000000,0.015058418,0.060032907,0.9725308,-0.224395048,0.9725308,-0.224395048,0.012766743,0.060561672
8.514800000000001,0.014754595,0.05868327,0.9722998,-0.225769071,0.9722998,-0.225769071,0.012613486,0.059180438
8.515000000000001,0.014486099,0.05750473,0.972094654,-0.226969913,0.972094654,-0.226969913,0.012476486,0.057973945
8.515200000000000,0.014247156,0.056466718,0.971911281,-0.228028484,0.971911281,-0.228028484,0.012353375,0.056911034
8.515400000000001,0.014033178,0.055545538,0.971746403,-0.228968754,0.971746403,-0.228968754,0.012242206,0.055967537
8.515600000000001,0.013840472,0.054722535,0.971597363,-0.229809594,0.971597363,-0.229809594,0.012141364,0.055124421
8.515800000000000,0.013666038,0.053982825,0.971461982,-0.230566067,0.971461982,-0.230566067,0.012049508,0.054366491
8.516000000000000,0.013507409,0.053314388,0.971338461,-0.231250338,0.971338461,-0.231250338,0.011965513,0.053681473
8.516200000000001,0.013362544,0.052707408,0.971225302,-0.231872343,0.971225302,-0.231872343,0.011888429,0.053059341
8.516400000000001,0.013229736,0.052153795,0.971121246,-0.232440274,0.971121246,-0.232440274,0.011817453,0.052491828
8.516600000000000,0.013107549,0.051646817,0.971025229,-0.232960947,0.971025229,-0.232960947,0.011751898,0.051972054
8.516800000000000,0.012994765,0.051180828,0.970936346,-0.233440077,0.970936346,-0.233440077,0.011691176,0.051494247
8.517000000000001,0.012890345,0.050751061,0.970853823,-0.233882497,0.970853823,-0.233882497,0.01163478,0.051053531
8.517200000000001,0.012793399,0.050353457,0.970776992,-0.234292315,0.970776992,-0.234292315,0.01158227,0.050645756
8.517400000000000,0.012703156,0.049984543,0.970705277,-0.23467305,0.970705277,-0.23467305,0.011533265,0.05026737
8.517600000000000,0.012618948,0.049641329,0.970638174,-0.235027731,0.970638174,-0.235027731,0.01148743,0.049915312
8.517800000000001,0.012540195,0.049321227,0.970575247,-0.235358981,0.970575247,-0.235358981,0.011444472,0.049586933
8.518000000000001,0.012466385,0.049021983,0.970516108,-0.235669084,0.970516108,-0.235669084,0.011404131,0.049279928
8.518200000000000,0.012397072,0.048741629,0.970460421,-0.235960033,0.970460421,-0.235960033,0.011366181,0.048992282
8.518400000000000,0.012331859,0.048478435,0.970407884,-0.236233582,0.970407884,-0.236233582,0.011330417,0.048722223
8.518600000000001,0.012270396,0.048230878,0.970358231,-0.236491274,0.970358231,-0.236491274,0.01129666,0.048468193
8.518800000000001,0.01221237,0.04799761,0.970311225,-0.236734478,0.970311225,-0.236734478,0.011264747,0.048228809
8.519000000000000,0.012157505,0.047777431,0.970266655,-0.236964406,0.970266655,-0.236964406,0.011234534,0.048002845
8.519200000000000,0.012105551,0.047569275,0.97022433,-0.237182142,0.97022433,-0.237182142,0.011205891,0.047789206
8.519400000000001,0.012056283,0.047372186,0.97018408,-0.237388653,0.97018408,-0.237388653,0.011178702,0.047586916
8.519600000000001,0.012009502,0.047185308,0.970145751,-0.237584807,0.970145751,-0.237584807,0.011152859,0.047395096
8.519800000000000,0.011965025,0.047007872,0.970109203,-0.237771385,0.970109203,-0.237771385,0.011128268,0.047212959
8.520000000000001,0.011922689,0.046839182,0.970074311,-0.237949092,0.970074311,-0.237949092,0.011104842,0.047039791
8.520200000000001,0.011882342,0.046678611,0.970040961,-0.238118564,0.970040961,-0.238118564,0.011082501,0.04687495
8.520400000000000,0.011843852,0.046525589,0.970009048,-0.238280378,0.970009048,-0.238280378,0.011061174,0.046717851
8.520600000000000,0.011807092,0.046379598,0.969978478,-0.238435059,0.969978478,-0.238435059,0.011040793,0.046567966
8.520800000000001,0.011771952,0.046240169,0.969949163,-0.238583085,0.969949163,-0.238583085,0.0110213,0.04642481
8.521000000000001,0.011738327,0.04610687,0.969921025,-0.238724891,0.969921025,-0.238724891,0.011002639,0.046287943
8.521200000000000,0.011706123,0.045979309,0.96989399,-0.238860877,0.96989399,-0.238860877,0.010984759,0.046156963
8.521400000000000,0.011675253,0.045857125,0.969867991,-0.238991408,0.969867991,-0.238991408,0.010967613,0.046031499
8.521600000000001,0.011645637,0.045739987,0.969842966,-0.239116818,0.969842966,-0.239116818,0.010951158,0.045911212
8.521800000000001,0.011617201,0.045627592,0.96981886,-0.239237418,0.96981886,-0.239237418,0.010935354,0.045795792
8.522000000000000,0.011589878,0.045519659,0.969795619,-0.23935349,0.969795619,-0.23935349,0.010920165,0.04568495
8.522200000000000,0.011563603,0.04541593,0.969773194,-0.239465297,0.969773194,-0.239465297,0.010905557,0.045578421
8.522400000000001,0.01153832,0.045316166,0.96975154,-0.239573082,0.96975154,-0.239573082,0.010891497,0.04547596
8.522600000000001,0.011513973,0.045220145,0.969730617,-0.239677069,0.969730617,-0.239677069,0.010877956,0.045377341
8.522800000000000,0.011490513,0.045127662,0.969710384,-0.239777465,0.969710384,-0.239777465,0.010864908,0.045282354
8.523000000000000,0.011467894,0.045038528,0.969690806,-0.239874464,0.969690806,-0.239874464,0.010852326,0.045190802
8.523200000000001,0.011446071,0.044952564,0.969671849,-0.239968245,0.969671849,-0.239968245,0.010840187,0.045102505
8.523400000000001,0.011425004,0.044869608,0.969653482,-0.240058976,0.969653482,-0.240058976,0.010828469,0.045017293
8.523600000000000,0.011404655,0.044789504,0.969635675,-0.240146811,0.969635675,-0.240146811,0.010817151,0.044935009
8.523800000000001,0.011384989,0.044712111,0.969618401,-0.240231897,0.969618401,-0.240231897,0.010806214,0.044855507
8.524000000000001,0.011365973,0.044637293,0.969601635,-0.240314369,0.969601635,-0.240314369,0.010795639,0.04477865
8.524200000000000,0.011347577,0.044564927,0.969585352,-0.240394353,0.969585352,-0.240394353,0.01078541,0.044704307
8.524400000000000,0.01132977,0.044494894,0.969569529,-0.240471969,0.969569529,-0.240471969,0.010775511,0.044632361
8.524600000000001,0.011312526,0.044427086,0.969554147,-0.240547329,0.969554147,-0.240547329,0.010765926,0.044562697
8.524800000000001,0.011295819,0.044361398,0.969539184,-0.240620535,0.969539184,-0.240620535,0.010756642,0.044495211
8.525000000000000,0.011279625,0.044297735,0.969524622,-0.240691688,0.969524622,-0.240691688,0.010747645,0.044429803
8.525200000000000,0.011263922,0.044236006,0.969510443,-0.240760878,0.969510443,-0.240760878,0.010738923,0.04436638
8.525400000000001,0.011248687,0.044176124,0.969496631,-0.240828193,0.969496631,-0.240828193,0.010730464,0.044304853
8.525600000000001,0.011233902,0.044118009,0.969483171,-0.240893715,0.969483171,-0.240893715,0.010722257,0.044245141
8.525800000000000,0.011219547,0.044061586,0.969470047,-0.24095752,0.969470047,-0.24095752,0.010714292,0.044187165
8.526000000000000,0.011205604,0.044006782,0.969457245,-0.241019682,0.969457245,-0.241019682,0.010706558,0.044130852
8.526200000000001,0.011192056,0.04395353,0.969444753,-0.241080269,0.969444753,-0.241080269,0.010699046,0.044076131
8.526400000000001,0.011178888,0.043901766,0.969432557,-0.241139346,0.969432557,-0.241139346,0.010691747,0.044022939
8.526600000000000,0.011166083,0.04385143,0.969420647,-0.241196974,0.969420647,-0.241196974,0.010684653,0.043971212
8.526800000000000,0.011153628,0.043802463,0.96940901,-0.241253212,0.96940901,-0.241253212,0.010677756,0.043920891
8.527000000000001,0.011141509,0.043754812,0.969397636,-0.241308114,0.969397636,-0.241308114,0.010671048,0.043871922
8.527200000000001,0.011129714,0.043708426,0.969386516,-0.241361733,0.969386516,-0.241361733,0.010664522,0.043824251
8.527400000000000,0.011118228,0.043663255,0.969375638,-0.241414118,0.969375638,-0.241414118,0.010658172,0.043777828
8.527600000000001,0.011107043,0.043619254,0.969364996,-0.241465316,0.969364996,-0.241465316,0.01065199,0.043732606
8.527800000000001,0.011096145,0.043576378,0.969354579,-0.241515373,0.969354579,-0.241515373,0.01064597,0.043688539
8.528000000000000,0.011085524,0.043534586,0.969344379,-0.241564329,0.969344379,-0.241564329,0.010640108,0.043645585
8.528200000000000,0.011075171,0.043493837,0.96933439,-0.241612226,0.96933439,-0.241612226,0.010634396,0.043603703
8.528400000000001,0.011065077,0.043454095,0.969324602,-0.241659102,0.969324602,-0.241659102,0.01062883,0.043562854
8.528600000000001,0.01105523,0.043415322,0.96931501,-0.241704993,0.96931501,-0.241704993,0.010623405,0.043523001
8.528800000000000,0.011045625,0.043377486,0.969305605,-0.241749935,0.969305605,-0.241749935,0.010618115,0.043484109
8.529000000000000,0.01103625,0.043340552,0.969296383,-0.24179396,0.969296383,-0.24179396,0.010612957,0.043446143
8.529200000000001,0.0110271,0.043304489,0.969287337,-0.2418371,0.969287337,-0.2418371,0.010607925,0.043409074
8.529400000000001,0.011018167,0.043269269,0.96927846,-0.241879386,0.96927846,-0.241879386,0.010603016,0.043372868
8.529600000000000,0.011009442,0.043234862,0.969269747,-0.241920846,0.969269747,-0.241920846,0.010598225,0.043337498
8.529800000000000,0.01100092,0.043201242,0.969261193,-0.241961508,0.969261193,-0.241961508,0.010593549,0.043302936
8.530000000000001,0.010992593,0.043168382,0.969252793,-0.242001399,0.969252793,-0.242001399,0.010588984,0.043269154
8.530200000000001,0.010984456,0.043136257,0.969244541,-0.242040543,0.969244541,-0.242040543,0.010584526,0.043236128
8.530400000000000,0.010976502,0.043104844,0.969236433,-0.242078964,0.969236433,-0.242078964,0.010580172,0.043203832
8.530600000000000,0.010968726,0.043074119,0.969228465,-0.242116686,0.969228465,-0.242116686,0.010575919,0.043172244
8.530800000000001,0.010961122,0.043044062,0.969220632,-0.242153731,0.969220632,-0.242153731,0.010571763,0.043141341
8.531000000000001,0.010953684,0.043014651,0.969212929,-0.242190121,0.969212929,-0.242190121,0.010567702,0.043111101
8.531200000000000,0.010946408,0.042985866,0.969205353,-0.242225874,0.969205353,-0.242225874,0.010563733,0.043081505
8.531400000000000,0.010939289,0.042957688,0.969197901,-0.242261012,0.969197901,-0.242261012,0.010559853,0.043052532
8.531600000000001,0.010932321,0.042930099,0.969190568,-0.242295552,0.969190568,-0.242295552,0.010556059,0.043024164
8.531800000000000,0.010925501,0.04290308,0.96918335,-0.242329513,0.96918335,-0.242329513,0.010552349,0.042996382
8.532000000000000,0.010918825,0.042876616,0.969176245,-0.242362911,0.969176245,-0.242362911,0.01054872,0.042969168
8.532200000000001,0.010912287,0.042850688,0.969169249,-0.242395764,0.969169249,-0.242395764,0.01054517,0.042942507
8.532400000000001,0.010905884,0.042825283,0.969162359,-0.242428088,0.969162359,-0.242428088,0.010541697,0.042916381
8.532600000000000,0.010899612,0.042800384,0.969155573,-0.242459897,0.969155573,-0.242459897,0.010538298,0.042890776
8.532800000000000,0.010893467,0.042775977,0.969148886,-0.242491206,0.969148886,-0.242491206,0.010534972,0.042865677
8.533000000000001,0.010887447,0.042752049,0.969142296,-0.24252203,0.969142296,-0.24252203,0.010531716,0.042841068
8.533200000000001,0.010881546,0.042728586,0.969135802,-0.242552382,0.969135802,-0.242552382,0.010528529,0.042816938
8.533400000000000,0.010875763,0.042705574,0.969129399,-0.242582275,0.969129399,-0.242582275,0.010525408,0.042793271
8.533600000000000,0.010870093,0.042683002,0.969123085,-0.242611722,0.969123085,-0.242611722,0.010522353,0.042770056
8.533800000000001,0.010864535,0.042660857,0.969116859,-0.242640736,0.969116859,-0.242640736,0.01051936,0.042747279
8.534000000000001,0.010859084,0.042639128,0.969110717,-0.242669327,0.969110717,-0.242669327,0.010516429,0.04272493
8.534200000000000,0.010853738,0.042617803,0.969104658,-0.242697507,0.969104658,-0.242697507,0.010513557,0.042702996
8.534400000000000,0.010848494,0.042596873,0.96909868,-0.242725288,0.96909868,-0.242725288,0.010510744,0.042681467
8.534600000000001,0.01084335,0.042576326,0.969092779,-0.242752679,0.969092779,-0.242752679,0.010507988,0.042660332
8.534800000000001,0.010838303,0.042556153,0.969086955,-0.242779691,0.969086955,-0.242779691,0.010505287,0.042639581
8.535000000000000,0.01083335,0.042536343,0.969081205,-0.242806334,0.969081205,-0.242806334,0.010502639,0.042619203
8.535200000000000,0.010828489,0.042516888,0.969075527,-0.242832617,0.969075527,-0.242832617,0.010500045,0.04259919
8.535400000000001,0.010823718,0.042497778,0.96906992,-0.242858549,0.96906992,-0.242858549,0.010497501,0.042579531
8.535600000000001,0.010819034,0.042479005,0.969064382,-0.24288414,0.969064382,-0.24288414,0.010495007,0.042560218
8.535800000000000,0.010814436,0.04246056,0.969058911,-0.242909397,0.969058911,-0.242909397,0.010492562,0.042541243
8.536000000000001,0.010809921,0.042442435,0.969053506,-0.242934329,0.969053506,-0.242934329,0.010490165,0.042522596
8.536200000000001,0.010805487,0.042424623,0.969048164,-0.242958945,0.969048164,-0.242958945,0.010487814,0.04250427
8.536400000000000,0.010801132,0.042407115,0.969042884,-0.242983251,0.969042884,-0.242983251,0.010485508,0.042486256
8.536600000000000,0.010796855,0.042389904,0.969037666,-0.243007255,0.969037666,-0.243007255,0.010483246,0.042468549
8.536800000000001,0.010792653,0.042372984,0.969032507,-0.243030965,0.969032507,-0.243030965,0.010481028,0.042451139
8.537000000000001,0.010788525,0.042356347,0.969027405,-0.243054387,0.969027405,-0.243054387,0.010478851,0.04243402
8.537200000000000,0.010784469,0.042339986,0.969022361,-0.243077529,0.969022361,-0.243077529,0.010476716,0.042417185
8.537400000000000,0.010780483,0.042323895,0.969017371,-0.243100396,0.969017371,-0.243100396,0.010474621,0.042400627
8.537600000000001,0.010776565,0.042308067,0.969012436,-0.243122996,0.969012436,-0.243122996,0.010472565,0.04238434
8.537800000000001,0.010772715,0.042292497,0.969007554,-0.243145335,0.969007554,-0.243145335,0.010470548,0.042368318
8.538000000000000,0.010768931,0.042277179,0.969002723,-0.243167418,0.969002723,-0.243167418,0.010468568,0.042352554
8.538200000000000,0.01076521,0.042262107,0.968997943,-0.243189251,0.968997943,-0.243189251,0.010466624,0.042337043
8.538400000000001,0.010761552,0.042247275,0.968993211,-0.24321084,0.968993211,-0.24321084,0.010464717,0.042321779
8.538600000000001,0.010757956,0.042232679,0.968988529,-0.243232191,0.968988529,-0.243232191,0.010462844,0.042306757
8.538800000000000,0.010754419,0.042218312,0.968983893,-0.243253308,0.968983893,-0.243253308,0.010461006,0.04229197
8.539000000000000,0.010750941,0.042204169,0.968979303,-0.243274198,0.968979303,-0.243274198,0.010459201,0.042277414
8.539200000000001,0.010747521,0.042190247,0.968974759,-0.243294864,0.968974759,-0.243294864,0.01045743,0.042263084
8.539400000000001,0.010744156,0.042176539,0.968970258,-0.243315312,0.968970258,-0.243315312,0.01045569,0.042248975
8.539600000000000,0.010740846,0.042163042,0.968965801,-0.243335546,0.968965801,-0.243335546,0.010453982,0.042235082
8.539800000000001,0.01073759,0.04214975,0.968961386,-0.243355572,0.968961386,-0.243355572,0.010452304,0.0422214
8.540000000000001,0.010734387,0.04213666,0.968957013,-0.243375393,0.968957013,-0.243375393,0.010450657,0.042207925
8.540200000000000,0.010731235,0.042123767,0.96895268,-0.243395013,0.96895268,-0.243395013,0.010449039,0.042194653
8.540400000000000,0.010728133,0.042111067,0.968948387,-0.243414438,0.968948387,-0.243414438,0.01044745,0.042181579
8.540600000000001,0.010725081,0.042098557,0.968944132,-0.243433671,0.968944132,-0.243433671,0.010445889,0.0421687
8.540800000000001,0.010722077,0.042086231,0.968939916,-0.243452716,0.968939916,-0.243452716,0.010444356,0.04215601
8.541000000000000,0.010719121,0.042074086,0.968935737,-0.243471577,0.968935737,-0.243471577,0.01044285,0.042143507
8.541200000000000,0.010716211,0.042062119,0.968931595,-0.243490258,0.968931595,-0.243490258,0.010441371,0.042131186
8.541400000000001,0.010713346,0.042050326,0.968927488,-0.243508762,0.968927488,-0.243508762,0.010439918,0.042119043
8.541600000000001,0.010710526,0.042038703,0.968923416,-0.243527093,0.968923416,-0.243527093,0.01043849,0.042107076
8.541800000000000,0.01070775,0.042027248,0.968919379,-0.243545255,0.968919379,-0.243545255,0.010437087,0.042095281
8.542000000000000,0.010705016,0.042015956,0.968915376,-0.24356325,0.968915376,-0.24356325,0.010435709,0.042083654
8.542200000000001,0.010702325,0.042004824,0.968911405,-0.243581082,0.968911405,-0.243581082,0.010434355,0.042072191
8.542400000000001,0.010699674,0.04199385,0.968907467,-0.243598755,0.968907467,-0.243598755,0.010433025,0.04206089
8.542600000000000,0.010697064,0.041983031,0.968903561,-0.243616271,0.968903561,-0.243616271,0.010431718,0.042049748
8.542800000000000,0.010694494,0.041972362,0.968899686,-0.243633633,0.968899686,-0.243633633,0.010430433,0.042038761
8.543000000000001,0.010691962,0.041961842,0.968895841,-0.243650845,0.968895841,-0.243650845,0.010429171,0.042027927
8.543200000000001,0.010689469,0.041951467,0.968892027,-0.243667909,0.968892027,-0.243667909,0.01042793,0.042017242
8.543400000000000,0.010687013,0.041941235,0.968888242,-0.243684828,0.968888242,-0.243684828,0.010426711,0.042006703
8.543600000000001,0.010684593,0.041931143,0.968884485,-0.243701605,0.968884485,-0.243701605,0.010425513,0.041996309
8.543800000000001,0.01068221,0.041921188,0.968880758,-0.243718243,0.968880758,-0.243718243,0.010424336,0.041986055
8.544000000000000,0.010679861,0.041911369,0.968877058,-0.243734743,0.968877058,-0.243734743,0.010423179,0.041975941
8.544200000000000,0.010677548,0.041901681,0.968873385,-0.243751109,0.968873385,-0.243751109,0.010422042,0.041965962
8.544400000000001,0.010675268,0.041892124,0.968869739,-0.243767344,0.968869739,-0.243767344,0.010420925,0.041956117
8.544600000000001,0.010673022,0.041882694,0.968866119,-0.243783448,0.968866119,-0.243783448,0.010419826,0.041946402
8.544800000000000,0.010670809,0.041873389,0.968862525,-0.243799426,0.968862525,-0.243799426,0.010418747,0.041936817
8.545000000000000,0.010668628,0.041864208,0.968858957,-0.243815279,0.968858957,-0.243815279,0.010417686,0.041927358
8.545200000000001,0.010666478,0.041855147,0.968855413,-0.243831009,0.968855413,-0.243831009,0.010416643,0.041918022
8.545400000000001,0.01066436,0.041846204,0.968851894,-0.243846619,0.968851894,-0.243846619,0.010415618,0.041908809
8.545600000000000,0.010662272,0.041837378,0.968848399,-0.24386211,0.968848399,-0.24386211,0.01041461,0.041899715
8.545800000000000,0.010660215,0.041828666,0.968844928,-0.243877486,0.968844928,-0.243877486,0.01041362,0.041890739
8.546000000000001,0.010658186,0.041820067,0.96884148,-0.243892747,0.96884148,-0.243892747,0.010412647,0.041881878
8.546200000000001,0.010656187,0.041811579,0.968838054,-0.243907896,0.968838054,-0.243907896,0.010411691,0.041873131
8.546400000000000,0.010654216,0.041803198,0.968834652,-0.243922935,0.968834652,-0.243922935,0.01041075,0.041864496
8.546600000000000,0.010652273,0.041794925,0.968831271,-0.243937866,0.968831271,-0.243937866,0.010409826,0.041855969
8.546800000000001,0.010650358,0.041786756,0.968827911,-0.24395269,0.968827911,-0.24395269,0.010408918,0.041847551
8.547000000000001,0.01064847,0.04177869,0.968824573,-0.24396741,0.968824573,-0.24396741,0.010408025,0.041839238
8.547200000000000,0.010646608,0.041770726,0.968821256,-0.243982026,0.968821256,-0.243982026,0.010407148,0.04183103
8.547400000000000,0.010644772,0.041762861,0.96881796,-0.243996542,0.96881796,-0.243996542,0.010406285,0.041822924
8.547600000000001,0.010642962,0.041755094,0.968814684,-0.244010958,0.968814684,-0.244010958,0.010405437,0.041814918
8.547800000000001,0.010641178,0.041747423,0.968811428,-0.244025277,0.968811428,-0.244025277,0.010404604,0.041807011
8.548000000000000,0.010639418,0.041739847,0.968808191,-0.244039499,0.968808191,-0.244039499,0.010403785,0.041799202
8.548200000000001,0.010637682,0.041732364,0.968804973,-0.244053627,0.968804973,-0.244053627,0.010402981,0.041791488
8.548400000000001,0.010635971,0.041724972,0.968801775,-0.244067662,0.968801775,-0.244067662,0.01040219,0.041783868
8.548600000000000,0.010634284,0.041717671,0.968798595,-0.244081606,0.968798595,-0.244081606,0.010401412,0.041776341
8.548800000000000,0.010632619,0.041710458,0.968795433,-0.244095459,0.968795433,-0.244095459,0.010400648,0.041768905
8.549000000000001,0.010630978,0.041703333,0.96879229,-0.244109224,0.96879229,-0.244109224,0.010399897,0.041761558
8.549200000000001,0.010629359,0.041696293,0.968789164,-0.244122902,0.968789164,-0.244122902,0.01039916,0.0417543
8.549400000000000,0.010627762,0.041689337,0.968786056,-0.244136494,0.968786056,-0.244136494,0.010398435,0.041747128
8.549600000000000,0.010626187,0.041682465,0.968782965,-0.244150002,0.968782965,-0.244150002,0.010397722,0.041740042
8.549800000000001,0.010624634,0.041675675,0.968779891,-0.244163427,0.968779891,-0.244163427,0.010397022,0.04173304
8.550000000000001,0.010623102,0.041668964,0.968776833,-0.24417677,0.968776833,-0.24417677,0.010396334,0.04172612
8.550200000000000,0.01062159,0.041662334,0.968773792,-0.244190032,0.968773792,-0.244190032,0.010395658,0.041719282
8.550400000000000,0.010620099,0.041655781,0.968770767,-0.244203216,0.968770767,-0.244203216,0.010394994,0.041712524
8.550600000000001,0.010618629,0.041649305,0.968767758,-0.244216321,0.968767758,-0.244216321,0.010394342,0.041705845
8.550800000000001,0.010617178,0.041642904,0.968764764,-0.24422935,0.968764764,-0.24422935,0.010393701,0.041699243
8.551000000000000,0.010615746,0.041636578,0.968761786,-0.244242303,0.968761786,-0.244242303,0.010393071,0.041692718
8.551200000000000,0.010614334,0.041630325,0.968758824,-0.244255181,0.968758824,-0.244255181,0.010392452,0.041686269
8.551400000000001,0.010612941,0.041624145,0.968755876,-0.244267987,0.968755876,-0.244267987,0.010391844,0.041679893
8.551600000000001,0.010611567,0.041618035,0.968752943,-0.24428072,0.968752943,-0.24428072,0.010391247,0.041673591
8.551800000000000,0.010610211,0.041611996,0.968750024,-0.244293382,0.968750024,-0.244293382,0.010390661,0.04166736
8.552000000000001,0.010608874,0.041606025,0.968747119,-0.244305974,0.968747119,-0.244305974,0.010390085,0.041661201
8.552200000000001,0.010607554,0.041600122,0.968744229,-0.244318497,0.968744229,-0.244318497,0.010389519,0.041655111
8.552400000000000,0.010606252,0.041594287,0.968741353,-0.244330952,0.968741353,-0.244330952,0.010388964,0.04164909
8.552600000000000,0.010604967,0.041588517,0.96873849,-0.24434334,0.96873849,-0.24434334,0.010388419,0.041643137
8.552800000000001,0.010603699,0.041582813,0.968735641,-0.244355662,0.968735641,-0.244355662,0.010387883,0.04163725
8.553000000000001,0.010602448,0.041577172,0.968732805,-0.244367919,0.968732805,-0.244367919,0.010387357,0.04163143
8.553200000000000,0.010601214,0.041571594,0.968729982,-0.244380112,0.968729982,-0.244380112,0.010386841,0.041625674
8.553400000000000,0.010599996,0.041566079,0.968727172,-0.244392242,0.968727172,-0.244392242,0.010386334,0.041619982
8.553600000000001,0.010598794,0.041560625,0.968724374,-0.244404309,0.968724374,-0.244404309,0.010385836,0.041614353
8.553800000000001,0.010597608,0.041555232,0.96872159,-0.244416315,0.96872159,-0.244416315,0.010385348,0.041608787
8.554000000000000,0.010596438,0.041549898,0.968718817,-0.244428261,0.968718817,-0.244428261,0.010384869,0.041603281
8.554200000000000,0.010595284,0.041544623,0.968716057,-0.244440147,0.968716057,-0.244440147,0.010384398,0.041597836
8.554400000000001,0.010594144,0.041539405,0.968713309,-0.244451974,0.968713309,-0.244451974,0.010383937,0.041592451
8.554600000000001,0.01059302,0.041534245,0.968710572,-0.244463743,0.968710572,-0.244463743,0.010383484,0.041587124
8.554800000000000,0.01059191,0.041529141,0.968707848,-0.244475455,0.968707848,-0.244475455,0.010383039,0.041581855
8.555000000000000,0.010590815,0.041524093,0.968705134,-0.24448711,0.968705134,-0.24448711,0.010382603,0.041576642
8.555200000000001,0.010589735,0.041519099,0.968702432,-0.24449871,0.968702432,-0.24449871,0.010382176,0.041571487
8.555400000000001,0.010588669,0.041514159,0.968699742,-0.244510256,0.968699742,-0.244510256,0.010381756,0.041566386
8.555600000000000,0.010587617,0.041509273,0.968697062,-0.244521747,0.968697062,-0.244521747,0.010381345,0.041561341
8.555800000000001,0.010586578,0.041504439,0.968694393,-0.244533184,0.968694393,-0.244533184,0.010380942,0.041556349
8.556000000000001,0.010585554,0.041499657,0.968691735,-0.24454457,0.968691735,-0.24454457,0.010380546,0.041551411
8.556200000000000,0.010584542,0.041494926,0.968689088,-0.244555903,0.968689088,-0.244555903,0.010380159,0.041546525
8.556400000000000,0.010583544,0.041490246,0.968686451,-0.244567185,0.968686451,-0.244567185,0.010379779,0.041541691
8.556600000000001,0.01058256,0.041485615,0.968683824,-0.244578416,0.968683824,-0.244578416,0.010379406,0.041536908
8.556800000000001,0.010581588,0.041481033,0.968681208,-0.244589598,0.968681208,-0.244589598,0.010379041,0.041532176
8.557000000000000,0.010580629,0.0414765,0.968678601,-0.24460073,0.968678601,-0.24460073,0.010378684,0.041527493
8.557200000000000,0.010579682,0.041472014,0.968676005,-0.244611814,0.968676005,-0.244611814,0.010378333,0.041522859
8.557400000000001,0.010578748,0.041467576,0.968673418,-0.24462285,0.968673418,-0.24462285,0.01037799,0.041518274
8.557600000000001,0.010577826,0.041463184,0.968670841,-0.244633839,0.968670841,-0.244633839,0.010377654,0.041513737
8.557800000000000,0.010576917,0.041458838,0.968668274,-0.244644781,0.968668274,-0.244644781,0.010377325,0.041509247
8.558000000000000,0.010576019,0.041454538,0.968665716,-0.244655677,0.968665716,-0.244655677,0.010377003,0.041504803
8.558200000000001,0.010575133,0.041450282,0.968663167,-0.244666528,0.968663167,-0.244666528,0.010376687,0.041500405
8.558400000000001,0.010574259,0.04144607,0.968660627,-0.244677334,0.968660627,-0.244677334,0.010376379,0.041496053
8.558600000000000,0.010573396,0.041441902,0.968658097,-0.244688095,0.968658097,-0.244688095,0.010376077,0.041491746
8.558800000000000,0.010572545,0.041437777,0.968655575,-0.244698813,0.968655575,-0.244698813,0.010375781,0.041487483
8.559000000000001,0.010571705,0.041433695,0.968653062,-0.244709488,0.968653062,-0.244709488,0.010375492,0.041483263
8.559200000000001,0.010570875,0.041429654,0.968650558,-0.24472012,0.968650558,-0.24472012,0.01037521,0.041479087
8.559400000000000,0.010570057,0.041425655,0.968648062,-0.24473071,0.968648062,-0.24473071,0.010374933,0.041474953
8.559600000000000,0.01056925,0.041421697,0.968645575,-0.244741258,0.968645575,-0.244741258,0.010374663,0.041470862
8.559800000000001,0.010568453,0.041417779,0.968643097,-0.244751765,0.968643097,-0.244751765,0.0103744,0.041466811
8.560000000000000,0.010567667,0.041413901,0.968640626,-0.244762232,0.968640626,-0.244762232,0.010374142,0.041462802
8.560200000000000,0.010566891,0.041410062,0.968638164,-0.244772659,0.968638164,-0.244772659,0.01037389,0.041458833
8.560400000000001,0.010566126,0.041406263,0.96863571,-0.244783046,0.96863571,-0.244783046,0.010373644,0.041454905
8.560600000000001,0.010565371,0.041402502,0.968633264,-0.244793395,0.968633264,-0.244793395,0.010373404,0.041451015
8.560800000000000,0.010564625,0.041398778,0.968630826,-0.244803704,0.968630826,-0.244803704,0.01037317,0.041447165
8.561000000000000,0.01056389,0.041395093,0.968628395,-0.244813976,0.968628395,-0.244813976,0.010372941,0.041443354
8.561200000000001,0.010563164,0.041391444,0.968625972,-0.24482421,0.968625972,-0.24482421,0.010372719,0.04143958
8.561400000000001,0.010562448,0.041387832,0.968623557,-0.244834407,0.968623557,-0.244834407,0.010372501,0.041435844
8.561600000000000,0.010561742,0.041384256,0.968621149,-0.244844567,0.968621149,-0.244844567,0.01037229,0.041432145
8.561800000000000,0.010561045,0.041380716,0.968618749,-0.244854691,0.968618749,-0.244854691,0.010372083,0.041428483
8.562000000000001,0.010560357,0.041377211,0.968616356,-0.244864779,0.968616356,-0.244864779,0.010371883,0.041424857
8.562200000000001,0.010559679,0.041373741,0.96861397,-0.244874831,0.96861397,-0.244874831,0.010371687,0.041421267
8.562400000000000,0.01055901,0.041370305,0.968611592,-0.244884849,0.968611592,-0.244884849,0.010371497,0.041417712
8.562600000000000,0.010558349,0.041366904,0.96860922,-0.244894832,0.96860922,-0.244894832,0.010371312,0.041414193
8.562800000000001,0.010557698,0.041363536,0.968606856,-0.244904781,0.968606856,-0.244904781,0.010371132,0.041410708
8.563000000000001,0.010557055,0.041360201,0.968604498,-0.244914696,0.968604498,-0.244914696,0.010370957,0.041407257
8.563200000000000,0.010556421,0.041356899,0.968602148,-0.244924577,0.968602148,-0.244924577,0.010370787,0.04140384
8.563400000000000,0.010555796,0.04135363,0.968599804,-0.244934426,0.968599804,-0.244934426,0.010370622,0.041400456
8.563600000000001,0.010555179,0.041350393,0.968597466,-0.244944242,0.968597466,-0.244944242,0.010370462,0.041397105
8.563800000000001,0.010554571,0.041347187,0.968595135,-0.244954026,0.968595135,-0.244954026,0.010370307,0.041393787
8.564000000000000,0.010553971,0.041344013,0.968592811,-0.244963778,0.968592811,-0.244963778,0.010370157,0.041390501
8.564200000000001,0.010553379,0.04134087,0.968590493,-0.244973498,0.968590493,-0.244973498,0.010370011,0.041387247
8.564400000000001,0.010552795,0.041337758,0.968588182,-0.244983188,0.968588182,-0.244983188,0.01036987,0.041384025
8.564600000000000,0.010552219,0.041334676,0.968585877,-0.244992846,0.968585877,-0.244992846,0.010369734,0.041380833
8.564800000000000,0.010551651,0.041331624,0.968583578,-0.245002474,0.968583578,-0.245002474,0.010369602,0.041377673
8.565000000000001,0.010551091,0.041328601,0.968581285,-0.245012072,0.968581285,-0.245012072,0.010369475,0.041374543
8.565200000000001,0.010550539,0.041325608,0.968578998,-0.24502164,0.968578998,-0.24502164,0.010369352,0.041371443
8.565400000000000,0.010549994,0.041322644,0.968576718,-0.245031179,0.968576718,-0.245031179,0.010369234,0.041368372
8.565600000000000,0.010549457,0.041319708,0.968574443,-0.245040689,0.968574443,-0.245040689,0.01036912,0.041365331
8.565800000000001,0.010548927,0.041316801,0.968572174,-0.24505017,0.968572174,-0.24505017,0.010369011,0.04136232
8.566000000000001,0.010548405,0.041313921,0.968569911,-0.245059622,0.968569911,-0.245059622,0.010368905,0.041359337
8.566200000000000,0.01054789,0.04131107,0.968567654,-0.245069047,0.968567654,-0.245069047,0.010368804,0.041356382
8.566400000000000,0.010547383,0.041308246,0.968565402,-0.245078443,0.968565402,-0.245078443,0.010368708,0.041353456
8.566600000000001,0.010546882,0.041305448,0.968563156,-0.245087812,0.968563156,-0.245087812,0.010368615,0.041350558
8.566800000000001,0.010546389,0.041302678,0.968560916,-0.245097154,0.968560916,-0.245097154,0.010368526,0.041347687
8.567000000000000,0.010545902,0.041299934,0.968558681,-0.245106469,0.968558681,-0.245106469,0.010368442,0.041344843
8.567200000000000,0.010545423,0.041297217,0.968556451,-0.245115757,0.968556451,-0.245115757,0.010368361,0.041342026
8.567400000000001,0.01054495,0.041294525,0.968554227,-0.245125019,0.968554227,-0.245125019,0.010368285,0.041339236
8.567600000000001,0.010544485,0.041291859,0.968552009,-0.245134255,0.968552009,-0.245134255,0.010368212,0.041336472
8.567800000000000,0.010544026,0.041289218,0.968549795,-0.245143465,0.968549795,-0.245143465,0.010368143,0.041333735
8.568000000000001,0.010543573,0.041286603,0.968547587,-0.24515265,0.968547587,-0.24515265,0.010368079,0.041331023
8.568200000000001,0.010543127,0.041284012,0.968545384,-0.245161809,0.968545384,-0.245161809,0.010368018,0.041328337
8.568400000000000,0.010542688,0.041281446,0.968543186,-0.245170943,0.968543186,-0.245170943,0.01036796,0.041325676
8.568600000000000,0.010542255,0.041278904,0.968540993,-0.245180053,0.968540993,-0.245180053,0.010367907,0.04132304
8.568800000000001,0.010541829,0.041276387,0.968538805,-0.245189138,0.968538805,-0.245189138,0.010367857,0.041320428
8.569000000000001,0.010541409,0.041273893,0.968536622,-0.245198199,0.968536622,-0.245198199,0.010367811,0.041317842
8.569200000000000,0.010540995,0.041271423,0.968534444,-0.245207236,0.968534444,-0.245207236,0.010367768,0.041315279
8.569400000000000,0.010540587,0.041268976,0.96853227,-0.245216249,0.96853227,-0.245216249,0.010367729,0.04131274
8.569600000000001,0.010540185,0.041266552,0.968530102,-0.245225239,0.968530102,-0.245225239,0.010367693,0.041310225
8.569800000000001,0.01053979,0.04126415,0.968527938,-0.245234206,0.968527938,-0.245234206,0.010367661,0.041307734
8.570000000000000,0.0105394,0.041261772,0.968525779,-0.24524315,0.968525779,-0.24524315,0.010367633,0.041305266
8.570200000000000,0.010539016,0.041259416,0.968523625,-0.245252071,0.968523625,-0.245252071,0.010367608,0.04130282
8.570400000000001,0.010538639,0.041257082,0.968521475,-0.245260969,0.968521475,-0.245260969,0.010367586,0.041300398
8.570600000000001,0.010538267,0.04125477,0.96851933,-0.245269846,0.96851933,-0.245269846,0.010367568,0.041297998
8.570800000000000,0.0105379,0.041252479,0.968517189,-0.2452787,0.968517189,-0.2452787,0.010367553,0.04129562
8.571000000000000,0.01053754,0.04125021,0.968515053,-0.245287532,0.968515053,-0.245287532,0.010367541,0.041293265
8.571200000000001,0.010537185,0.041247963,0.968512921,-0.245296343,0.968512921,-0.245296343,0.010367532,0.041290931
8.571400000000001,0.010536835,0.041245736,0.968510793,-0.245305133,0.968510793,-0.245305133,0.010367527,0.041288619
8.571600000000000,0.010536492,0.04124353,0.96850867,-0.245313901,0.96850867,-0.245313901,0.010367525,0.041286328
8.571800000000001,0.010536153,0.041241345,0.968506551,-0.245322648,0.968506551,-0.245322648,0.010367526,0.041284058
8.572000000000001,0.01053582,0.04123918,0.968504436,-0.245331375,0.968504436,-0.245331375,0.010367531,0.04128181
8.572200000000000,0.010535493,0.041237036,0.968502326,-0.245340081,0.968502326,-0.245340081,0.010367538,0.041279582
8.572400000000000,0.01053517,0.041234911,0.968500219,-0.245348767,0.968500219,-0.245348767,0.010367548,0.041277375
8.572600000000001,0.010534853,0.041232806,0.968498117,-0.245357433,0.968498117,-0.245357433,0.010367562,0.041275188
8.572800000000001,0.010534541,0.041230721,0.968496019,-0.245366078,0.968496019,-0.245366078,0.010367578,0.041273021
8.573000000000000,0.010534235,0.041228656,0.968493925,-0.245374704,0.968493925,-0.245374704,0.010367598,0.041270874
8.573200000000000,0.010533933,0.041226609,0.968491835,-0.245383311,0.968491835,-0.245383311,0.01036762,0.041268747
8.573400000000001,0.010533637,0.041224582,0.968489748,-0.245391898,0.968489748,-0.245391898,0.010367645,0.04126664
8.573600000000001,0.010533345,0.041222573,0.968487666,-0.245400466,0.968487666,-0.245400466,0.010367674,0.041264552
8.573800000000000,0.010533058,0.041220583,0.968485588,-0.245409015,0.968485588,-0.245409015,0.010367705,0.041262483
8.574000000000000,0.010532777,0.041218612,0.968483513,-0.245417545,0.968483513,-0.245417545,0.010367739,0.041260433
8.574200000000001,0.0105325,0.041216659,0.968481442,-0.245426056,0.968481442,-0.245426056,0.010367776,0.041258402
8.574400000000001,0.010532228,0.041214724,0.968479375,-0.245434549,0.968479375,-0.245434549,0.010367815,0.04125639
8.574600000000000,0.010531961,0.041212807,0.968477312,-0.245443024,0.968477312,-0.245443024,0.010367857,0.041254396
8.574800000000000,0.010531698,0.041210908,0.968475253,-0.245451481,0.968475253,-0.245451481,0.010367902,0.04125242
8.575000000000001,0.01053144,0.041209026,0.968473197,-0.24545992,0.968473197,-0.24545992,0.01036795,0.041250463
8.575200000000001,0.010531187,0.041207162,0.968471144,-0.245468341,0.968471144,-0.245468341,0.010368001,0.041248523
8.575400000000000,0.010530938,0.041205315,0.968469096,-0.245476745,0.968469096,-0.245476745,0.010368054,0.041246601
8.575600000000000,0.010530694,0.041203486,0.968467051,-0.245485131,0.968467051,-0.245485131,0.01036811,0.041244697
8.575800000000001,0.010530455,0.041201673,0.968465009,-0.245493499,0.968465009,-0.245493499,0.010368168,0.04124281
8.576000000000001,0.01053022,0.041199877,0.968462971,-0.245501851,0.968462971,-0.245501851,0.010368229,0.041240941
8.576200000000000,0.010529989,0.041198098,0.968460936,-0.245510186,0.968460936,-0.245510186,0.010368292,0.041239089
8.576400000000001,0.010529763,0.041196335,0.968458905,-0.245518504,0.968458905,-0.245518504,0.010368358,0.041237253
8.576600000000001,0.010529541,0.041194589,0.968456877,-0.245526806,0.968456877,-0.245526806,0.010368427,0.041235435
8.576800000000000,0.010529323,0.041192859,0.968454852,-0.245535091,0.968454852,-0.245535091,0.010368498,0.041233633
8.577000000000000,0.01052911,0.041191145,0.968452831,-0.245543359,0.968452831,-0.245543359,0.010368572,0.041231848
8.577200000000001,0.0105289,0.041189446,0.968450813,-0.245551612,0.968450813,-0.245551612,0.010368648,0.041230079
8.577400000000001,0.010528695,0.041187764,0.968448799,-0.245559848,0.968448799,-0.245559848,0.010368726,0.041228326
8.577600000000000,0.010528494,0.041186097,0.968446787,-0.245568069,0.968446787,-0.245568069,0.010368807,0.041226589
8.577800000000000,0.010528298,0.041184446,0.968444779,-0.245576274,0.968444779,-0.245576274,0.01036889,0.041224868
8.578000000000001,0.010528105,0.04118281,0.968442774,-0.245584463,0.968442774,-0.245584463,0.010368975,0.041223163
8.578200000000001,0.010527916,0.041181189,0.968440772,-0.245592637,0.968440772,-0.245592637,0.010369063,0.041221473
8.578400000000000,0.010527732,0.041179583,0.968438773,-0.245600796,0.968438773,-0.245600796,0.010369154,0.041219799
8.578600000000000,0.010527551,0.041177992,0.968436778,-0.245608939,0.968436778,-0.245608939,0.010369246,0.041218141
8.578800000000001,0.010527374,0.041176416,0.968434785,-0.245617068,0.968434785,-0.245617068,0.010369341,0.041216497
8.579000000000001,0.010527201,0.041174855,0.968432796,-0.245625181,0.968432796,-0.245625181,0.010369438,0.041214869
8.579200000000000,0.010527032,0.041173308,0.968430809,-0.24563328,0.968430809,-0.24563328,0.010369537,0.041213255
8.579400000000000,0.010526867,0.041171775,0.968428826,-0.245641364,0.968428826,-0.245641364,0.010369639,0.041211656
8.579600000000001,0.010526706,0.041170257,0.968426845,-0.245649434,0.968426845,-0.245649434,0.010369742,0.041210072
8.579800000000001,0.010526548,0.041168753,0.968424867,-0.245657489,0.968424867,-0.245657489,0.010369848,0.041208503
8.580000000000000,0.010526394,0.041167263,0.968422893,-0.24566553,0.968422893,-0.24566553,0.010369956,0.041206948
8.580200000000001,0.010526244,0.041165787,0.968420921,-0.245673557,0.968420921,-0.245673557,0.010370066,0.041205407
8.580400000000001,0.010526098,0.041164325,0.968418952,-0.24568157,0.968418952,-0.24568157,0.010370179,0.04120388
8.580600000000000,0.010525955,0.041162876,0.968416985,-0.245689569,0.968416985,-0.245689569,0.010370293,0.041202367
8.580800000000000,0.010525815,0.041161441,0.968415022,-0.245697554,0.968415022,-0.245697554,0.01037041,0.041200869
8.581000000000001,0.01052568,0.041160019,0.968413061,-0.245705526,0.968413061,-0.245705526,0.010370528,0.041199384
8.581200000000001,0.010525547,0.04115861,0.968411103,-0.245713484,0.968411103,-0.245713484,0.010370649,0.041197912
8.581400000000000,0.010525419,0.041157215,0.968409148,-0.245721429,0.968409148,-0.245721429,0.010370771,0.041196455
8.581600000000000,0.010525293,0.041155833,0.968407196,-0.24572936,0.968407196,-0.24572936,0.010370896,0.04119501
8.581800000000001,0.010525172,0.041154463,0.968405246,-0.245737279,0.968405246,-0.245737279,0.010371023,0.041193579
8.582000000000001,0.010525053,0.041153107,0.968403299,-0.245745184,0.968403299,-0.245745184,0.010371151,0.041192162
8.582200000000000,0.010524938,0.041151763,0.968401355,-0.245753076,0.968401355,-0.245753076,0.010371282,0.041190757
8.582400000000000,0.010524826,0.041150432,0.968399413,-0.245760956,0.968399413,-0.245760956,0.010371414,0.041189365
8.582600000000001,0.010524718,0.041149114,0.968397474,-0.245768822,0.968397474,-0.245768822,0.010371549,0.041187986
8.582800000000001,0.010524613,0.041147808,0.968395537,-0.245776676,0.968395537,-0.245776676,0.010371685,0.04118662
8.583000000000000,0.010524511,0.041146514,0.968393603,-0.245784518,0.968393603,-0.245784518,0.010371824,0.041185267
8.583200000000000,0.010524413,0.041145232,0.968391671,-0.245792347,0.968391671,-0.245792347,0.010371964,0.041183926
8.583400000000001,0.010524318,0.041143963,0.968389742,-0.245800164,0.968389742,-0.245800164,0.010372106,0.041182598
8.583600000000001,0.010524226,0.041142705,0.968387815,-0.245807969,0.968387815,-0.245807969,0.01037225,0.041181282
8.583800000000000,0.010524137,0.04114146,0.968385891,-0.245815761,0.968385891,-0.245815761,0.010372395,0.041179978
8.584000000000001,0.010524051,0.041140226,0.96838397,-0.245823542,0.96838397,-0.245823542,0.010372543,0.041178686
8.584200000000001,0.010523968,0.041139004,0.96838205,-0.24583131,0.96838205,-0.24583131,0.010372692,0.041177406
8.584400000000000,0.010523889,0.041137793,0.968380133,-0.245839067,0.968380133,-0.245839067,0.010372844,0.041176139
8.584600000000000,0.010523812,0.041136594,0.968378219,-0.245846812,0.968378219,-0.245846812,0.010372996,0.041174883
8.584800000000001,0.010523739,0.041135407,0.968376307,-0.245854546,0.968376307,-0.245854546,0.010373151,0.041173638
8.585000000000001,0.010523668,0.041134231,0.968374397,-0.245862268,0.968374397,-0.245862268,0.010373308,0.041172406
8.585200000000000,0.010523601,0.041133066,0.968372489,-0.245869979,0.968372489,-0.245869979,0.010373466,0.041171185
8.585400000000000,0.010523536,0.041131912,0.968370584,-0.245877678,0.968370584,-0.245877678,0.010373626,0.041169975
8.585600000000001,0.010523475,0.041130769,0.968368681,-0.245885366,0.968368681,-0.245885366,0.010373787,0.041168777
8.585800000000001,0.010523416,0.041129637,0.968366781,-0.245893043,0.968366781,-0.245893043,0.010373951,0.04116759
8.586000000000000,0.01052336,0.041128516,0.968364882,-0.245900709,0.968364882,-0.245900709,0.010374116,0.041166415
8.586200000000000,0.010523307,0.041127406,0.968362986,-0.245908364,0.968362986,-0.245908364,0.010374282,0.04116525
8.586400000000001,0.010523257,0.041126307,0.968361092,-0.245916008,0.968361092,-0.245916008,0.010374451,0.041164096
8.586600000000001,0.01052321,0.041125218,0.968359201,-0.245923641,0.968359201,-0.245923641,0.010374621,0.041162954
8.586800000000000,0.010523166,0.04112414,0.968357311,-0.245931263,0.968357311,-0.245931263,0.010374792,0.041161822
8.587000000000000,0.010523124,0.041123072,0.968355424,-0.245938875,0.968355424,-0.245938875,0.010374965,0.0411607
8.587200000000001,0.010523085,0.041122014,0.968353538,-0.245946477,0.968353538,-0.245946477,0.01037514,0.04115959
8.587400000000001,0.010523049,0.041120967,0.968351655,-0.245954067,0.968351655,-0.245954067,0.010375317,0.04115849
8.587600000000000,0.010523016,0.04111993,0.968349774,-0.245961648,0.968349774,-0.245961648,0.010375495,0.0411574
8.587800000000000,0.010522985,0.041118903,0.968347895,-0.245969218,0.968347895,-0.245969218,0.010375674,0.041156321
8.588000000000001,0.010522957,0.041117886,0.968346018,-0.245976778,0.968346018,-0.245976778,0.010375855,0.041155253
8.588200000000001,0.010522932,0.041116879,0.968344144,-0.245984328,0.968344144,-0.245984328,0.010376038,0.041154194
8.588400000000000,0.010522909,0.041115882,0.968342271,-0.245991868,0.968342271,-0.245991868,0.010376222,0.041153146
8.588600000000001,0.010522889,0.041114895,0.9683404,-0.245999398,0.9683404,-0.245999398,0.010376408,0.041152107
8.588800000000001,0.010522871,0.041113917,0.968338531,-0.246006918,0.968338531,-0.246006918,0.010376595,0.041151079
8.589000000000000,0.010522856,0.04111295,0.968336665,-0.246014428,0.968336665,-0.246014428,0.010376784,0.041150061
8.589200000000000,0.010522844,0.041111991,0.9683348,-0.246021929,0.9683348,-0.246021929,0.010376974,0.041149052
8.589400000000001,0.010522834,0.041111043,0.968332937,-0.24602942,0.968332937,-0.24602942,0.010377165,0.041148053
8.589600000000001,0.010522827,0.041110103,0.968331076,-0.246036901,0.968331076,-0.246036901,0.010377358,0.041147064
8.589800000000000,0.010522822,0.041109173,0.968329217,-0.246044373,0.968329217,-0.246044373,0.010377553,0.041146085
8.590000000000000,0.010522819,0.041108252,0.96832736,-0.246051835,0.96832736,-0.246051835,0.010377749,0.041145115
8.590200000000001,0.010522819,0.041107341,0.968325505,-0.246059288,0.968325505,-0.246059288,0.010377946,0.041144154
8.590400000000001,0.010522822,0.041106439,0.968323652,-0.246066732,0.968323652,-0.246066732,0.010378145,0.041143203
8.590600000000000,0.010522827,0.041105545,0.9683218,-0.246074166,0.9683218,-0.246074166,0.010378345,0.041142262
8.590800000000000,0.010522834,0.041104661,0.968319951,-0.246081591,0.968319951,-0.246081591,0.010378547,0.041141329
8.591000000000001,0.010522844,0.041103786,0.968318103,-0.246089007,0.968318103,-0.246089007,0.01037875,0.041140406
8.591200000000001,0.010522856,0.041102919,0.968316257,-0.246096415,0.968316257,-0.246096415,0.010378954,0.041139492
8.591400000000000,0.01052287,0.041102062,0.968314413,-0.246103813,0.968314413,-0.246103813,0.01037916,0.041138586
8.591600000000000,0.010522887,0.041101213,0.968312571,-0.246111202,0.968312571,-0.246111202,0.010379367,0.04113769
8.591800000000001,0.010522906,0.041100372,0.968310731,-0.246118583,0.968310731,-0.246118583,0.010379576,0.041136803
8.592000000000001,0.010522927,0.041099541,0.968308892,-0.246125954,0.968308892,-0.246125954,0.010379785,0.041135925
8.592200000000000,0.010522951,0.041098718,0.968307055,-0.246133317,0.968307055,-0.246133317,0.010379997,0.041135055
8.592400000000001,0.010522976,0.041097903,0.96830522,-0.246140672,0.96830522,-0.246140672,0.010380209,0.041134194
8.592600000000001,0.010523005,0.041097097,0.968303387,-0.246148018,0.968303387,-0.246148018,0.010380423,0.041133342
8.592800000000000,0.010523035,0.041096299,0.968301555,-0.246155355,0.968301555,-0.246155355,0.010380638,0.041132498
8.593000000000000,0.010523067,0.041095509,0.968299725,-0.246162684,0.968299725,-0.246162684,0.010380854,0.041131663
8.593200000000001,0.010523102,0.041094728,0.968297897,-0.246170005,0.968297897,-0.246170005,0.010381072,0.041130836
8.593400000000001,0.010523139,0.041093955,0.96829607,-0.246177317,0.96829607,-0.246177317,0.01038129,0.041130018
8.593600000000000,0.010523178,0.041093189,0.968294245,-0.246184621,0.968294245,-0.246184621,0.010381511,0.041129208
8.593800000000000,0.010523219,0.041092432,0.968292422,-0.246191917,0.968292422,-0.246191917,0.010381732,0.041128406
8.594000000000001,0.010523263,0.041091683,0.9682906,-0.246199205,0.9682906,-0.246199205,0.010381954,0.041127613
8.594200000000001,0.010523308,0.041090942,0.96828878,-0.246206484,0.96828878,-0.246206484,0.010382178,0.041126827
8.594400000000000,0.010523356,0.041090209,0.968286962,-0.246213756,0.968286962,-0.246213756,0.010382403,0.04112605
8.594600000000000,0.010523405,0.041089483,0.968285145,-0.24622102,0.968285145,-0.24622102,0.01038263,0.041125281
8.594800000000001,0.010523457,0.041088766,0.96828333,-0.246228276,0.96828333,-0.246228276,0.010382857,0.041124519
8.595000000000001,0.010523511,0.041088056,0.968281516,-0.246235524,0.968281516,-0.246235524,0.010383086,0.041123766
8.595200000000000,0.010523567,0.041087353,0.968279704,-0.246242764,0.968279704,-0.246242764,0.010383316,0.041123021
8.595400000000000,0.010523625,0.041086659,0.968277893,-0.246249997,0.968277893,-0.246249997,0.010383547,0.041122283
8.595600000000001,0.010523684,0.041085971,0.968276085,-0.246257221,0.968276085,-0.246257221,0.010383779,0.041121553
8.595800000000001,0.010523746,0.041085292,0.968274277,-0.246264439,0.968274277,-0.246264439,0.010384012,0.041120831
8.596000000000000,0.01052381,0.041084619,0.968272471,-0.246271648,0.968272471,-0.246271648,0.010384247,0.041120116
8.596200000000001,0.010523876,0.041083955,0.968270667,-0.24627885,0.968270667,-0.24627885,0.010384482,0.041119409
8.596400000000001,0.010523944,0.041083297,0.968268864,-0.246286045,0.968268864,-0.246286045,0.010384719,0.04111871
8.596600000000000,0.010524013,0.041082647,0.968267063,-0.246293232,0.968267063,-0.246293232,0.010384957,0.041118018
8.596800000000000,0.010524085,0.041082004,0.968265263,-0.246300412,0.968265263,-0.246300412,0.010385196,0.041117333
8.597000000000001,0.010524159,0.041081368,0.968263465,-0.246307585,0.968263465,-0.246307585,0.010385436,0.041116656
8.597200000000001,0.010524234,0.041080739,0.968261668,-0.246314751,0.968261668,-0.246314751,0.010385677,0.041115986
8.597400000000000,0.010524311,0.041080117,0.968259872,-0.246321909,0.968259872,-0.246321909,0.01038592,0.041115323
8.597600000000000,0.010524391,0.041079502,0.968258078,-0.24632906,0.968258078,-0.24632906,0.010386163,0.041114668
8.597800000000001,0.010524472,0.041078895,0.968256286,-0.246336204,0.968256286,-0.246336204,0.010386408,0.04111402
8.598000000000001,0.010524555,0.041078294,0.968254494,-0.246343341,0.968254494,-0.246343341,0.010386653,0.041113379
8.598200000000000,0.010524639,0.0410777,0.968252705,-0.246350471,0.968252705,-0.246350471,0.0103869,0.041112745
8.598400000000000,0.010524726,0.041077113,0.968250916,-0.246357594,0.968250916,-0.246357594,0.010387148,0.041112118
8.598600000000001,0.010524814,0.041076533,0.968249129,-0.24636471,0.968249129,-0.24636471,0.010387397,0.041111498
8.598800000000001,0.010524905,0.041075959,0.968247344,-0.246371819,0.968247344,-0.246371819,0.010387647,0.041110884
8.599000000000000,0.010524997,0.041075392,0.96824556,-0.246378922,0.96824556,-0.246378922,0.010387897,0.041110278
8.599200000000000,0.01052509,0.041074832,0.968243777,-0.246386017,0.968243777,-0.246386017,0.010388149,0.041109679
8.599400000000001,0.010525186,0.041074278,0.968241995,-0.246393106,0.968241995,-0.246393106,0.010388402,0.041109086
8.599600000000001,0.010525283,0.041073731,0.968240215,-0.246400189,0.968240215,-0.246400189,0.010388656,0.0411085
8.599800000000000,0.010525382,0.04107319,0.968238436,-0.246407265,0.968238436,-0.246407265,0.010388911,0.041107921
8.600000000000001,0.010525483,0.041072656,0.968236659,-0.246414334,0.968236659,-0.246414334,0.010389167,0.041107348
