Frequency (GHz),RE[S11],IM[S11],RE[S12],IM[S12],RE[S21],IM[S21],RE[S22],IM[S22]
5.800000000000001,0.004743396,0.02580315,0.982201478,-0.185989123,0.982201478,-0.185989123,0.005018866,0.025750988
5.800100000000000,0.004743124,0.025802086,0.982200615,-0.185993837,0.982200615,-0.185993837,0.005018978,0.025749849
5.800200000000000,0.00474285,0.025801017,0.982199751,-0.185998555,0.982199751,-0.185998555,0.00501909,0.025748706
5.800300000000000,0.004742575,0.025799944,0.982198886,-0.186003279,0.982198886,-0.186003279,0.005019202,0.025747558
5.800400000000001,0.004742299,0.025798866,0.98219802,-0.186008006,0.98219802,-0.186008006,0.005019313,0.025746406
5.800500000000000,0.004742021,0.025797784,0.982197154,-0.186012738,0.982197154,-0.186012738,0.005019424,0.025745249
5.800600000000000,0.004741742,0.025796697,0.982196287,-0.186017475,0.982196287,-0.186017475,0.005019536,0.025744087
5.800700000000000,0.004741462,0.025795607,0.982195419,-0.186022216,0.982195419,-0.186022216,0.005019646,0.025742921
5.800800000000001,0.00474118,0.025794511,0.98219455,-0.186026962,0.98219455,-0.186026962,0.005019757,0.02574175
5.800900000000000,0.004740897,0.025793411,0.98219368,-0.186031713,0.98219368,-0.186031713,0.005019868,0.025740574
5.801000000000000,0.004740613,0.025792307,0.98219281,-0.186036468,0.98219281,-0.186036468,0.005019978,0.025739393
5.801100000000000,0.004740327,0.025791198,0.982191939,-0.186041228,0.982191939,-0.186041228,0.005020088,0.025738208
5.801200000000001,0.00474004,0.025790085,0.982191067,-0.186045992,0.982191067,-0.186045992,0.005020198,0.025737018
5.801300000000000,0.004739752,0.025788967,0.982190194,-0.186050762,0.982190194,-0.186050762,0.005020308,0.025735824
5.801400000000000,0.004739462,0.025787844,0.982189321,-0.186055536,0.982189321,-0.186055536,0.005020418,0.025734624
5.801500000000001,0.004739171,0.025786717,0.982188447,-0.186060314,0.982188447,-0.186060314,0.005020527,0.02573342
5.801600000000001,0.004738878,0.025785585,0.982187572,-0.186065098,0.982187572,-0.186065098,0.005020636,0.02573221
5.801700000000000,0.004738585,0.025784449,0.982186696,-0.186069886,0.982186696,-0.186069886,0.005020745,0.025730996
5.801800000000000,0.00473829,0.025783307,0.982185819,-0.186074679,0.982185819,-0.186074679,0.005020854,0.025729777
5.801900000000001,0.004737993,0.025782162,0.982184942,-0.186079477,0.982184942,-0.186079477,0.005020963,0.025728553
5.802000000000000,0.004737695,0.025781011,0.982184063,-0.18608428,0.982184063,-0.18608428,0.005021071,0.025727325
5.802100000000000,0.004737396,0.025779856,0.982183184,-0.186089087,0.982183184,-0.186089087,0.005021179,0.025726091
5.802200000000000,0.004737095,0.025778696,0.982182304,-0.1860939,0.982182304,-0.1860939,0.005021287,0.025724852
5.802300000000001,0.004736793,0.025777531,0.982181424,-0.186098717,0.982181424,-0.186098717,0.005021395,0.025723608
5.802400000000000,0.004736489,0.025776362,0.982180542,-0.18610354,0.982180542,-0.18610354,0.005021503,0.025722359
5.802500000000000,0.004736184,0.025775187,0.98217966,-0.186108367,0.98217966,-0.186108367,0.00502161,0.025721106
5.802600000000000,0.004735878,0.025774008,0.982178776,-0.1861132,0.982178776,-0.1861132,0.005021717,0.025719847
5.802700000000001,0.00473557,0.025772824,0.982177892,-0.186118037,0.982177892,-0.186118037,0.005021824,0.025718583
5.802800000000000,0.00473526,0.025771635,0.982177007,-0.186122879,0.982177007,-0.186122879,0.005021931,0.025717314
5.802900000000000,0.00473495,0.025770441,0.982176122,-0.186127727,0.982176122,-0.186127727,0.005022038,0.025716039
5.803000000000000,0.004734637,0.025769243,0.982175235,-0.186132579,0.982175235,-0.186132579,0.005022144,0.02571476
5.803100000000001,0.004734324,0.025768039,0.982174347,-0.186137437,0.982174347,-0.186137437,0.00502225,0.025713475
5.803200000000000,0.004734009,0.02576683,0.982173459,-0.1861423,0.982173459,-0.1861423,0.005022356,0.025712185
5.803300000000000,0.004733692,0.025765617,0.98217257,-0.186147168,0.98217257,-0.186147168,0.005022462,0.02571089
5.803400000000001,0.004733374,0.025764398,0.98217168,-0.186152041,0.98217168,-0.186152041,0.005022567,0.02570959
5.803500000000001,0.004733054,0.025763174,0.982170789,-0.186156919,0.982170789,-0.186156919,0.005022673,0.025708284
5.803600000000000,0.004732733,0.025761946,0.982169897,-0.186161802,0.982169897,-0.186161802,0.005022778,0.025706973
5.803700000000000,0.00473241,0.025760712,0.982169004,-0.186166691,0.982169004,-0.186166691,0.005022883,0.025705657
5.803800000000001,0.004732086,0.025759473,0.982168111,-0.186171585,0.982168111,-0.186171585,0.005022987,0.025704335
5.803900000000001,0.004731761,0.025758229,0.982167216,-0.186176484,0.982167216,-0.186176484,0.005023092,0.025703009
5.804000000000000,0.004731434,0.02575698,0.982166321,-0.186181389,0.982166321,-0.186181389,0.005023196,0.025701676
5.804100000000000,0.004731105,0.025755725,0.982165425,-0.186186299,0.982165425,-0.186186299,0.0050233,0.025700338
5.804200000000001,0.004730775,0.025754466,0.982164527,-0.186191214,0.982164527,-0.186191214,0.005023404,0.025698995
5.804300000000000,0.004730443,0.025753201,0.982163629,-0.186196135,0.982163629,-0.186196135,0.005023508,0.025697646
5.804400000000000,0.00473011,0.025751931,0.98216273,-0.186201061,0.98216273,-0.186201061,0.005023611,0.025696292
5.804500000000000,0.004729775,0.025750656,0.98216183,-0.186205993,0.98216183,-0.186205993,0.005023714,0.025694932
5.804600000000001,0.004729438,0.025749375,0.98216093,-0.18621093,0.98216093,-0.18621093,0.005023817,0.025693567
5.804700000000000,0.0047291,0.025748089,0.982160028,-0.186215872,0.982160028,-0.186215872,0.00502392,0.025692196
5.804800000000000,0.004728761,0.025746798,0.982159125,-0.18622082,0.982159125,-0.18622082,0.005024022,0.025690819
5.804900000000000,0.004728419,0.025745501,0.982158222,-0.186225774,0.982158222,-0.186225774,0.005024125,0.025689437
5.805000000000001,0.004728076,0.025744199,0.982157317,-0.186230733,0.982157317,-0.186230733,0.005024227,0.025688049
5.805100000000000,0.004727732,0.025742892,0.982156412,-0.186235697,0.982156412,-0.186235697,0.005024328,0.025686656
5.805200000000000,0.004727386,0.025741579,0.982155505,-0.186240668,0.982155505,-0.186240668,0.00502443,0.025685257
5.805300000000001,0.004727038,0.025740261,0.982154598,-0.186245644,0.982154598,-0.186245644,0.005024531,0.025683852
5.805400000000001,0.004726689,0.025738937,0.98215369,-0.186250625,0.98215369,-0.186250625,0.005024632,0.025682441
5.805500000000000,0.004726338,0.025737607,0.98215278,-0.186255613,0.98215278,-0.186255613,0.005024733,0.025681024
5.805600000000000,0.004725986,0.025736273,0.98215187,-0.186260606,0.98215187,-0.186260606,0.005024834,0.025679602
5.805700000000001,0.004725631,0.025734932,0.982150959,-0.186265604,0.982150959,-0.186265604,0.005024934,0.025678174
5.805800000000001,0.004725276,0.025733586,0.982150047,-0.186270609,0.982150047,-0.186270609,0.005025035,0.02567674
5.805900000000000,0.004724918,0.025732234,0.982149134,-0.186275619,0.982149134,-0.186275619,0.005025134,0.0256753
5.806000000000000,0.004724559,0.025730877,0.98214822,-0.186280635,0.98214822,-0.186280635,0.005025234,0.025673854
5.806100000000001,0.004724198,0.025729514,0.982147304,-0.186285658,0.982147304,-0.186285658,0.005025334,0.025672402
5.806200000000000,0.004723835,0.025728145,0.982146388,-0.186290685,0.982146388,-0.186290685,0.005025433,0.025670944
5.806300000000000,0.004723471,0.025726771,0.982145471,-0.186295719,0.982145471,-0.186295719,0.005025532,0.025669481
5.806400000000000,0.004723105,0.02572539,0.982144553,-0.186300759,0.982144553,-0.186300759,0.005025631,0.025668011
5.806500000000001,0.004722738,0.025724004,0.982143634,-0.186305805,0.982143634,-0.186305805,0.005025729,0.025666535
5.806600000000000,0.004722368,0.025722613,0.982142714,-0.186310857,0.982142714,-0.186310857,0.005025827,0.025665053
5.806700000000000,0.004721997,0.025721215,0.982141793,-0.186315915,0.982141793,-0.186315915,0.005025925,0.025663564
5.806800000000000,0.004721624,0.025719811,0.982140871,-0.186320978,0.982140871,-0.186320978,0.005026023,0.02566207
5.806900000000001,0.004721249,0.025718402,0.982139948,-0.186326048,0.982139948,-0.186326048,0.00502612,0.025660569
5.807000000000000,0.004720873,0.025716987,0.982139024,-0.186331124,0.982139024,-0.186331124,0.005026218,0.025659063
5.807100000000000,0.004720495,0.025715565,0.982138098,-0.186336207,0.982138098,-0.186336207,0.005026315,0.02565755
5.807200000000001,0.004720115,0.025714138,0.982137172,-0.186341295,0.982137172,-0.186341295,0.005026411,0.02565603
5.807300000000001,0.004719733,0.025712705,0.982136245,-0.18634639,0.982136245,-0.18634639,0.005026508,0.025654505
5.807400000000000,0.00471935,0.025711265,0.982135317,-0.18635149,0.982135317,-0.18635149,0.005026604,0.025652973
5.807500000000000,0.004718964,0.02570982,0.982134387,-0.186356598,0.982134387,-0.186356598,0.0050267,0.025651434
5.807600000000001,0.004718577,0.025708368,0.982133457,-0.186361711,0.982133457,-0.186361711,0.005026796,0.02564989
5.807700000000001,0.004718188,0.025706911,0.982132525,-0.186366831,0.982132525,-0.186366831,0.005026891,0.025648339
5.807800000000000,0.004717798,0.025705447,0.982131593,-0.186371957,0.982131593,-0.186371957,0.005026986,0.025646781
5.807900000000000,0.004717405,0.025703977,0.982130659,-0.186377089,0.982130659,-0.186377089,0.005027081,0.025645217
5.808000000000001,0.004717011,0.025702501,0.982129725,-0.186382228,0.982129725,-0.186382228,0.005027176,0.025643646
5.808100000000000,0.004716614,0.025701018,0.982128789,-0.186387373,0.982128789,-0.186387373,0.00502727,0.025642069
5.808200000000000,0.004716216,0.025699529,0.982127852,-0.186392525,0.982127852,-0.186392525,0.005027364,0.025640485
5.808300000000000,0.004715816,0.025698034,0.982126914,-0.186397684,0.982126914,-0.186397684,0.005027458,0.025638895
5.808400000000001,0.004715414,0.025696533,0.982125975,-0.186402848,0.982125975,-0.186402848,0.005027552,0.025637298
5.808500000000000,0.004715011,0.025695025,0.982125035,-0.18640802,0.982125035,-0.18640802,0.005027645,0.025635694
5.808600000000000,0.004714605,0.025693511,0.982124094,-0.186413198,0.982124094,-0.186413198,0.005027738,0.025634083
5.808700000000000,0.004714197,0.02569199,0.982123151,-0.186418383,0.982123151,-0.186418383,0.005027831,0.025632466
5.808800000000001,0.004713788,0.025690463,0.982122208,-0.186423574,0.982122208,-0.186423574,0.005027923,0.025630842
5.808900000000000,0.004713376,0.02568893,0.982121263,-0.186428772,0.982121263,-0.186428772,0.005028016,0.025629211
5.809000000000000,0.004712963,0.02568739,0.982120317,-0.186433977,0.982120317,-0.186433977,0.005028108,0.025627573
5.809100000000000,0.004712548,0.025685843,0.982119371,-0.186439189,0.982119371,-0.186439189,0.005028199,0.025625929
5.809200000000001,0.00471213,0.02568429,0.982118422,-0.186444407,0.982118422,-0.186444407,0.005028291,0.025624277
5.809300000000000,0.004711711,0.02568273,0.982117473,-0.186449632,0.982117473,-0.186449632,0.005028382,0.025622619
5.809400000000000,0.00471129,0.025681163,0.982116523,-0.186454864,0.982116523,-0.186454864,0.005028472,0.025620953
5.809500000000001,0.004710867,0.02567959,0.982115572,-0.186460104,0.982115572,-0.186460104,0.005028563,0.025619281
5.809600000000001,0.004710441,0.02567801,0.982114619,-0.18646535,0.982114619,-0.18646535,0.005028653,0.025617601
5.809700000000000,0.004710014,0.025676423,0.982113665,-0.186470603,0.982113665,-0.186470603,0.005028743,0.025615915
5.809800000000000,0.004709585,0.025674829,0.98211271,-0.186475863,0.98211271,-0.186475863,0.005028833,0.025614221
5.809900000000001,0.004709154,0.025673229,0.982111754,-0.18648113,0.982111754,-0.18648113,0.005028922,0.02561252
5.810000000000000,0.00470872,0.025671622,0.982110796,-0.186486404,0.982110796,-0.186486404,0.005029011,0.025610812
5.810100000000000,0.004708285,0.025670007,0.982109838,-0.186491685,0.982109838,-0.186491685,0.0050291,0.025609096
5.810200000000000,0.004707848,0.025668386,0.982108878,-0.186496974,0.982108878,-0.186496974,0.005029188,0.025607373
5.810300000000001,0.004707408,0.025666758,0.982107917,-0.186502269,0.982107917,-0.186502269,0.005029277,0.025605643
5.810400000000000,0.004706967,0.025665123,0.982106955,-0.186507572,0.982106955,-0.186507572,0.005029365,0.025603906
5.810500000000000,0.004706523,0.025663481,0.982105992,-0.186512882,0.982105992,-0.186512882,0.005029452,0.025602161
5.810600000000000,0.004706077,0.025661831,0.982105027,-0.1865182,0.982105027,-0.1865182,0.005029539,0.025600409
5.810700000000001,0.004705629,0.025660175,0.982104061,-0.186523524,0.982104061,-0.186523524,0.005029626,0.025598649
5.810800000000000,0.004705179,0.025658512,0.982103094,-0.186528857,0.982103094,-0.186528857,0.005029713,0.025596882
5.810900000000000,0.004704727,0.025656841,0.982102126,-0.186534196,0.982102126,-0.186534196,0.005029799,0.025595107
5.811000000000000,0.004704273,0.025655163,0.982101156,-0.186539543,0.982101156,-0.186539543,0.005029885,0.025593325
5.811100000000001,0.004703817,0.025653478,0.982100185,-0.186544898,0.982100185,-0.186544898,0.005029971,0.025591535
5.811200000000000,0.004703358,0.025651785,0.982099213,-0.18655026,0.982099213,-0.18655026,0.005030057,0.025589737
5.811300000000000,0.004702897,0.025650085,0.98209824,-0.18655563,0.98209824,-0.18655563,0.005030142,0.025587932
5.811400000000001,0.004702434,0.025648378,0.982097265,-0.186561007,0.982097265,-0.186561007,0.005030227,0.025586119
5.811500000000001,0.004701969,0.025646664,0.982096289,-0.186566392,0.982096289,-0.186566392,0.005030311,0.025584298
5.811600000000000,0.004701502,0.025644941,0.982095312,-0.186571785,0.982095312,-0.186571785,0.005030395,0.025582469
5.811700000000000,0.004701032,0.025643212,0.982094333,-0.186577185,0.982094333,-0.186577185,0.005030479,0.025580633
5.811800000000001,0.004700561,0.025641475,0.982093354,-0.186582593,0.982093354,-0.186582593,0.005030563,0.025578788
5.811900000000001,0.004700086,0.02563973,0.982092372,-0.186588009,0.982092372,-0.186588009,0.005030646,0.025576936
5.812000000000000,0.00469961,0.025637978,0.98209139,-0.186593433,0.98209139,-0.186593433,0.005030729,0.025575076
5.812100000000000,0.004699132,0.025636218,0.982090406,-0.186598865,0.982090406,-0.186598865,0.005030811,0.025573207
5.812200000000001,0.004698651,0.02563445,0.982089421,-0.186604304,0.982089421,-0.186604304,0.005030893,0.025571331
5.812300000000000,0.004698168,0.025632675,0.982088435,-0.186609752,0.982088435,-0.186609752,0.005030975,0.025569446
5.812400000000000,0.004697682,0.025630892,0.982087447,-0.186615207,0.982087447,-0.186615207,0.005031057,0.025567553
5.812500000000000,0.004697194,0.025629101,0.982086458,-0.186620671,0.982086458,-0.186620671,0.005031138,0.025565652
5.812600000000001,0.004696704,0.025627302,0.982085467,-0.186626143,0.982085467,-0.186626143,0.005031219,0.025563743
5.812700000000000,0.004696212,0.025625495,0.982084475,-0.186631623,0.982084475,-0.186631623,0.005031299,0.025561826
5.812800000000000,0.004695717,0.025623681,0.982083482,-0.186637111,0.982083482,-0.186637111,0.00503138,0.0255599
5.812900000000000,0.00469522,0.025621858,0.982082487,-0.186642608,0.982082487,-0.186642608,0.005031459,0.025557966
5.813000000000001,0.00469472,0.025620027,0.982081491,-0.186648112,0.982081491,-0.186648112,0.005031539,0.025556023
5.813100000000000,0.004694218,0.025618189,0.982080494,-0.186653625,0.982080494,-0.186653625,0.005031618,0.025554072
5.813200000000000,0.004693714,0.025616342,0.982079495,-0.186659147,0.982079495,-0.186659147,0.005031697,0.025552112
5.813300000000001,0.004693207,0.025614487,0.982078495,-0.186664676,0.982078495,-0.186664676,0.005031775,0.025550144
5.813400000000001,0.004692698,0.025612624,0.982077493,-0.186670215,0.982077493,-0.186670215,0.005031853,0.025548168
5.813500000000000,0.004692186,0.025610752,0.98207649,-0.186675761,0.98207649,-0.186675761,0.005031931,0.025546182
5.813600000000000,0.004691672,0.025608873,0.982075486,-0.186681317,0.982075486,-0.186681317,0.005032009,0.025544188
5.813700000000001,0.004691155,0.025606985,0.98207448,-0.186686881,0.98207448,-0.186686881,0.005032086,0.025542185
5.813800000000001,0.004690636,0.025605088,0.982073472,-0.186692453,0.982073472,-0.186692453,0.005032162,0.025540174
5.813900000000000,0.004690114,0.025603183,0.982072463,-0.186698034,0.982072463,-0.186698034,0.005032239,0.025538153
5.814000000000000,0.00468959,0.02560127,0.982071453,-0.186703624,0.982071453,-0.186703624,0.005032315,0.025536124
5.814100000000001,0.004689064,0.025599348,0.982070441,-0.186709223,0.982070441,-0.186709223,0.00503239,0.025534086
5.814200000000000,0.004688535,0.025597418,0.982069428,-0.186714831,0.982069428,-0.186714831,0.005032465,0.025532039
5.814300000000000,0.004688003,0.025595479,0.982068413,-0.186720447,0.982068413,-0.186720447,0.00503254,0.025529982
5.814400000000000,0.004687468,0.025593532,0.982067397,-0.186726072,0.982067397,-0.186726072,0.005032615,0.025527917
5.814500000000001,0.004686932,0.025591575,0.982066379,-0.186731707,0.982066379,-0.186731707,0.005032689,0.025525842
5.814600000000000,0.004686392,0.02558961,0.98206536,-0.18673735,0.98206536,-0.18673735,0.005032762,0.025523759
5.814700000000000,0.00468585,0.025587637,0.982064339,-0.186743003,0.982064339,-0.186743003,0.005032836,0.025521666
5.814800000000000,0.004685305,0.025585654,0.982063317,-0.186748664,0.982063317,-0.186748664,0.005032909,0.025519564
5.814900000000001,0.004684758,0.025583662,0.982062293,-0.186754335,0.982062293,-0.186754335,0.005032981,0.025517452
5.815000000000000,0.004684208,0.025581662,0.982061267,-0.186760015,0.982061267,-0.186760015,0.005033054,0.025515332
5.815100000000000,0.004683655,0.025579652,0.98206024,-0.186765704,0.98206024,-0.186765704,0.005033125,0.025513201
5.815200000000000,0.0046831,0.025577634,0.982059212,-0.186771403,0.982059212,-0.186771403,0.005033197,0.025511061
5.815300000000001,0.004682542,0.025575606,0.982058182,-0.186777111,0.982058182,-0.186777111,0.005033268,0.025508912
5.815400000000000,0.004681981,0.02557357,0.98205715,-0.186782828,0.98205715,-0.186782828,0.005033338,0.025506753
5.815500000000000,0.004681417,0.025571524,0.982056117,-0.186788555,0.982056117,-0.186788555,0.005033409,0.025504585
5.815600000000001,0.004680851,0.025569469,0.982055082,-0.186794292,0.982055082,-0.186794292,0.005033478,0.025502407
5.815700000000001,0.004680282,0.025567404,0.982054045,-0.186800038,0.982054045,-0.186800038,0.005033548,0.025500219
5.815800000000000,0.00467971,0.02556533,0.982053007,-0.186805793,0.982053007,-0.186805793,0.005033617,0.025498021
5.815900000000000,0.004679136,0.025563247,0.982051968,-0.186811559,0.982051968,-0.186811559,0.005033686,0.025495813
5.816000000000001,0.004678558,0.025561155,0.982050926,-0.186817334,0.982050926,-0.186817334,0.005033754,0.025493595
5.816100000000000,0.004677978,0.025559052,0.982049883,-0.186823119,0.982049883,-0.186823119,0.005033822,0.025491368
5.816200000000000,0.004677395,0.025556941,0.982048839,-0.186828914,0.982048839,-0.186828914,0.005033889,0.02548913
5.816300000000000,0.004676809,0.025554819,0.982047792,-0.186834718,0.982047792,-0.186834718,0.005033956,0.025486883
5.816400000000001,0.00467622,0.025552689,0.982046744,-0.186840533,0.982046744,-0.186840533,0.005034022,0.025484625
5.816500000000000,0.004675628,0.025550548,0.982045694,-0.186846358,0.982045694,-0.186846358,0.005034089,0.025482357
5.816600000000000,0.004675034,0.025548397,0.982044643,-0.186852192,0.982044643,-0.186852192,0.005034154,0.025480079
5.816700000000000,0.004674436,0.025546237,0.98204359,-0.186858037,0.98204359,-0.186858037,0.00503422,0.02547779
5.816800000000001,0.004673836,0.025544067,0.982042535,-0.186863893,0.982042535,-0.186863893,0.005034284,0.025475491
5.816900000000000,0.004673232,0.025541887,0.982041479,-0.186869758,0.982041479,-0.186869758,0.005034349,0.025473182
5.817000000000000,0.004672626,0.025539697,0.98204042,-0.186875634,0.98204042,-0.186875634,0.005034413,0.025470862
5.817100000000000,0.004672017,0.025537497,0.98203936,-0.18688152,0.98203936,-0.18688152,0.005034476,0.025468531
5.817200000000001,0.004671404,0.025535286,0.982038299,-0.186887417,0.982038299,-0.186887417,0.005034539,0.02546619
5.817300000000000,0.004670789,0.025533066,0.982037235,-0.186893324,0.982037235,-0.186893324,0.005034602,0.025463839
5.817400000000000,0.00467017,0.025530835,0.98203617,-0.186899241,0.98203617,-0.186899241,0.005034664,0.025461476
5.817500000000001,0.004669549,0.025528594,0.982035103,-0.186905169,0.982035103,-0.186905169,0.005034726,0.025459103
5.817600000000001,0.004668924,0.025526343,0.982034034,-0.186911108,0.982034034,-0.186911108,0.005034787,0.025456719
5.817700000000000,0.004668297,0.025524081,0.982032963,-0.186917058,0.982032963,-0.186917058,0.005034848,0.025454324
5.817800000000000,0.004667666,0.025521809,0.982031891,-0.186923019,0.982031891,-0.186923019,0.005034909,0.025451918
5.817900000000001,0.004667032,0.025519526,0.982030817,-0.18692899,0.982030817,-0.18692899,0.005034969,0.025449501
5.818000000000001,0.004666395,0.025517233,0.98202974,-0.186934972,0.98202974,-0.186934972,0.005035028,0.025447072
5.818100000000000,0.004665755,0.025514929,0.982028662,-0.186940966,0.982028662,-0.186940966,0.005035087,0.025444633
5.818200000000000,0.004665111,0.025512614,0.982027583,-0.18694697,0.982027583,-0.18694697,0.005035146,0.025442182
5.818300000000001,0.004664464,0.025510289,0.982026501,-0.186952985,0.982026501,-0.186952985,0.005035204,0.02543972
5.818400000000000,0.004663815,0.025507953,0.982025417,-0.186959012,0.982025417,-0.186959012,0.005035262,0.025437247
5.818500000000000,0.004663161,0.025505605,0.982024332,-0.18696505,0.982024332,-0.18696505,0.005035319,0.025434762
5.818600000000000,0.004662505,0.025503247,0.982023245,-0.186971099,0.982023245,-0.186971099,0.005035375,0.025432266
5.818700000000001,0.004661845,0.025500878,0.982022155,-0.18697716,0.982022155,-0.18697716,0.005035432,0.025429758
5.818800000000000,0.004661182,0.025498498,0.982021064,-0.186983232,0.982021064,-0.186983232,0.005035487,0.025427238
5.818900000000000,0.004660516,0.025496106,0.982019971,-0.186989316,0.982019971,-0.186989316,0.005035542,0.025424707
5.819000000000000,0.004659846,0.025493704,0.982018876,-0.186995411,0.982018876,-0.186995411,0.005035597,0.025422164
5.819100000000001,0.004659173,0.02549129,0.982017779,-0.187001518,0.982017779,-0.187001518,0.005035651,0.025419609
5.819200000000000,0.004658497,0.025488864,0.98201668,-0.187007637,0.98201668,-0.187007637,0.005035705,0.025417042
5.819300000000000,0.004657817,0.025486427,0.982015579,-0.187013767,0.982015579,-0.187013767,0.005035758,0.025414463
5.819400000000001,0.004657134,0.025483979,0.982014476,-0.18701991,0.982014476,-0.18701991,0.005035811,0.025411872
5.819500000000001,0.004656447,0.025481519,0.982013371,-0.187026064,0.982013371,-0.187026064,0.005035863,0.025409269
5.819600000000000,0.004655757,0.025479048,0.982012264,-0.18703223,0.982012264,-0.18703223,0.005035915,0.025406654
5.819700000000000,0.004655064,0.025476564,0.982011155,-0.187038409,0.982011155,-0.187038409,0.005035966,0.025404026
5.819800000000001,0.004654366,0.025474069,0.982010044,-0.187044599,0.982010044,-0.187044599,0.005036017,0.025401386
5.819900000000001,0.004653666,0.025471562,0.982008931,-0.187050802,0.982008931,-0.187050802,0.005036067,0.025398734
5.820000000000000,0.004652962,0.025469043,0.982007815,-0.187057017,0.982007815,-0.187057017,0.005036117,0.025396069
5.820100000000000,0.004652254,0.025466513,0.982006698,-0.187063245,0.982006698,-0.187063245,0.005036166,0.025393391
5.820200000000001,0.004651542,0.02546397,0.982005579,-0.187069485,0.982005579,-0.187069485,0.005036215,0.025390701
5.820300000000000,0.004650827,0.025461415,0.982004457,-0.187075737,0.982004457,-0.187075737,0.005036263,0.025387998
5.820400000000000,0.004650109,0.025458847,0.982003334,-0.187082003,0.982003334,-0.187082003,0.00503631,0.025385282
5.820500000000000,0.004649387,0.025456268,0.982002208,-0.187088281,0.982002208,-0.187088281,0.005036357,0.025382554
5.820600000000001,0.004648661,0.025453676,0.98200108,-0.187094571,0.98200108,-0.187094571,0.005036404,0.025379812
5.820700000000000,0.004647931,0.025451071,0.98199995,-0.187100875,0.98199995,-0.187100875,0.00503645,0.025377057
5.820800000000000,0.004647197,0.025448454,0.981998818,-0.187107191,0.981998818,-0.187107191,0.005036495,0.025374289
5.820900000000000,0.00464646,0.025445825,0.981997683,-0.187113521,0.981997683,-0.187113521,0.00503654,0.025371508
5.821000000000001,0.004645719,0.025443183,0.981996547,-0.187119863,0.981996547,-0.187119863,0.005036584,0.025368714
5.821100000000000,0.004644975,0.025440528,0.981995408,-0.187126219,0.981995408,-0.187126219,0.005036628,0.025365906
5.821200000000000,0.004644226,0.02543786,0.981994267,-0.187132588,0.981994267,-0.187132588,0.005036671,0.025363084
5.821300000000000,0.004643474,0.025435179,0.981993124,-0.18713897,0.981993124,-0.18713897,0.005036714,0.02536025
5.821400000000001,0.004642717,0.025432485,0.981991978,-0.187145366,0.981991978,-0.187145366,0.005036756,0.025357401
5.821500000000000,0.004641957,0.025429778,0.98199083,-0.187151775,0.98199083,-0.187151775,0.005036797,0.025354539
5.821600000000000,0.004641193,0.025427058,0.98198968,-0.187158198,0.98198968,-0.187158198,0.005036838,0.025351663
5.821700000000001,0.004640425,0.025424325,0.981988528,-0.187164635,0.981988528,-0.187164635,0.005036878,0.025348772
5.821800000000001,0.004639653,0.025421579,0.981987373,-0.187171085,0.981987373,-0.187171085,0.005036918,0.025345868
5.821900000000000,0.004638877,0.025418819,0.981986216,-0.187177549,0.981986216,-0.187177549,0.005036957,0.02534295
5.822000000000000,0.004638097,0.025416045,0.981985057,-0.187184027,0.981985057,-0.187184027,0.005036996,0.025340018
5.822100000000001,0.004637313,0.025413258,0.981983895,-0.187190519,0.981983895,-0.187190519,0.005037033,0.025337072
5.822200000000000,0.004636525,0.025410457,0.981982731,-0.187197026,0.981982731,-0.187197026,0.005037071,0.025334111
5.822300000000000,0.004635732,0.025407643,0.981981565,-0.187203546,0.981981565,-0.187203546,0.005037107,0.025331135
5.822400000000000,0.004634936,0.025404814,0.981980396,-0.187210081,0.981980396,-0.187210081,0.005037144,0.025328145
5.822500000000001,0.004634135,0.025401972,0.981979225,-0.18721663,0.981979225,-0.18721663,0.005037179,0.025325141
5.822600000000000,0.004633331,0.025399116,0.981978051,-0.187223194,0.981978051,-0.187223194,0.005037214,0.025322122
5.822700000000000,0.004632522,0.025396245,0.981976875,-0.187229772,0.981976875,-0.187229772,0.005037248,0.025319088
5.822800000000000,0.004631708,0.025393361,0.981975696,-0.187236365,0.981975696,-0.187236365,0.005037282,0.025316039
5.822900000000001,0.004630891,0.025390462,0.981974515,-0.187242972,0.981974515,-0.187242972,0.005037315,0.025312975
5.823000000000000,0.004630069,0.025387548,0.981973331,-0.187249595,0.981973331,-0.187249595,0.005037347,0.025309895
5.823100000000000,0.004629243,0.02538462,0.981972145,-0.187256232,0.981972145,-0.187256232,0.005037379,0.025306801
5.823200000000000,0.004628413,0.025381678,0.981970957,-0.187262885,0.981970957,-0.187262885,0.00503741,0.025303692
5.823300000000001,0.004627578,0.025378721,0.981969765,-0.187269553,0.981969765,-0.187269553,0.00503744,0.025300567
5.823400000000000,0.004626739,0.025375749,0.981968572,-0.187276235,0.981968572,-0.187276235,0.00503747,0.025297426
5.823500000000000,0.004625895,0.025372762,0.981967375,-0.187282934,0.981967375,-0.187282934,0.005037499,0.02529427
5.823600000000001,0.004625047,0.025369761,0.981966176,-0.187289647,0.981966176,-0.187289647,0.005037528,0.025291098
5.823700000000001,0.004624195,0.025366744,0.981964975,-0.187296377,0.981964975,-0.187296377,0.005037555,0.02528791
5.823800000000000,0.004623338,0.025363712,0.981963771,-0.187303122,0.981963771,-0.187303122,0.005037583,0.025284707
5.823900000000000,0.004622476,0.025360665,0.981962564,-0.187309882,0.981962564,-0.187309882,0.005037609,0.025281487
5.824000000000001,0.00462161,0.025357602,0.981961354,-0.187316659,0.981961354,-0.187316659,0.005037635,0.025278252
5.824100000000000,0.004620739,0.025354524,0.981960142,-0.187323451,0.981960142,-0.187323451,0.00503766,0.025275
5.824200000000000,0.004619863,0.025351431,0.981958927,-0.18733026,0.981958927,-0.18733026,0.005037684,0.025271731
5.824300000000000,0.004618983,0.025348321,0.98195771,-0.187337085,0.98195771,-0.187337085,0.005037708,0.025268447
5.824400000000001,0.004618098,0.025345196,0.981956489,-0.187343926,0.981956489,-0.187343926,0.005037731,0.025265145
5.824500000000000,0.004617209,0.025342055,0.981955266,-0.187350783,0.981955266,-0.187350783,0.005037753,0.025261827
5.824600000000000,0.004616315,0.025338898,0.98195404,-0.187357657,0.98195404,-0.187357657,0.005037775,0.025258493
5.824700000000000,0.004615415,0.025335725,0.981952812,-0.187364548,0.981952812,-0.187364548,0.005037796,0.025255141
5.824800000000001,0.004614511,0.025332536,0.98195158,-0.187371455,0.98195158,-0.187371455,0.005037816,0.025251772
5.824900000000000,0.004613603,0.025329331,0.981950346,-0.187378379,0.981950346,-0.187378379,0.005037835,0.025248386
5.825000000000000,0.004612689,0.025326109,0.981949109,-0.187385321,0.981949109,-0.187385321,0.005037854,0.025244983
5.825100000000000,0.00461177,0.02532287,0.981947869,-0.187392279,0.981947869,-0.187392279,0.005037872,0.025241563
5.825200000000001,0.004610847,0.025319615,0.981946626,-0.187399254,0.981946626,-0.187399254,0.005037889,0.025238125
5.825300000000000,0.004609918,0.025316343,0.98194538,-0.187406247,0.98194538,-0.187406247,0.005037906,0.02523467
5.825400000000000,0.004608984,0.025313055,0.981944131,-0.187413257,0.981944131,-0.187413257,0.005037922,0.025231196
5.825500000000001,0.004608045,0.025309749,0.98194288,-0.187420285,0.98194288,-0.187420285,0.005037937,0.025227705
5.825600000000001,0.004607102,0.025306426,0.981941625,-0.18742733,0.981941625,-0.18742733,0.005037951,0.025224196
5.825700000000000,0.004606153,0.025303086,0.981940367,-0.187434393,0.981940367,-0.187434393,0.005037964,0.025220669
5.825800000000000,0.004605198,0.025299729,0.981939107,-0.187441474,0.981939107,-0.187441474,0.005037977,0.025217124
5.825900000000001,0.004604239,0.025296354,0.981937843,-0.187448573,0.981937843,-0.187448573,0.005037989,0.02521356
5.826000000000001,0.004603274,0.025292961,0.981936576,-0.187455691,0.981936576,-0.187455691,0.005038,0.025209978
5.826100000000000,0.004602304,0.025289551,0.981935306,-0.187462826,0.981935306,-0.187462826,0.00503801,0.025206378
5.826200000000000,0.004601329,0.025286123,0.981934033,-0.18746998,0.981934033,-0.18746998,0.00503802,0.025202758
5.826300000000001,0.004600349,0.025282677,0.981932757,-0.187477153,0.981932757,-0.187477153,0.005038029,0.02519912
5.826400000000000,0.004599363,0.025279213,0.981931478,-0.187484344,0.981931478,-0.187484344,0.005038037,0.025195463
5.826500000000000,0.004598371,0.025275731,0.981930196,-0.187491554,0.981930196,-0.187491554,0.005038044,0.025191787
5.826600000000000,0.004597374,0.02527223,0.98192891,-0.187498782,0.98192891,-0.187498782,0.00503805,0.025188091
5.826700000000001,0.004596372,0.025268711,0.981927621,-0.18750603,0.981927621,-0.18750603,0.005038056,0.025184376
5.826800000000000,0.004595364,0.025265174,0.981926329,-0.187513298,0.981926329,-0.187513298,0.00503806,0.025180642
5.826900000000000,0.00459435,0.025261617,0.981925034,-0.187520584,0.981925034,-0.187520584,0.005038064,0.025176888
5.827000000000000,0.004593331,0.025258042,0.981923736,-0.18752789,0.981923736,-0.18752789,0.005038067,0.025173114
5.827100000000001,0.004592306,0.025254448,0.981922434,-0.187535216,0.981922434,-0.187535216,0.005038069,0.02516932
5.827200000000000,0.004591276,0.025250835,0.981921129,-0.187542561,0.981921129,-0.187542561,0.005038071,0.025165506
5.827300000000000,0.004590239,0.025247202,0.98191982,-0.187549926,0.98191982,-0.187549926,0.005038071,0.025161672
5.827400000000001,0.004589197,0.02524355,0.981918508,-0.187557311,0.981918508,-0.187557311,0.005038071,0.025157817
5.827500000000001,0.004588149,0.025239879,0.981917193,-0.187564717,0.981917193,-0.187564717,0.005038069,0.025153942
5.827600000000000,0.004587096,0.025236187,0.981915874,-0.187572142,0.981915874,-0.187572142,0.005038067,0.025150046
5.827700000000000,0.004586036,0.025232476,0.981914552,-0.187579589,0.981914552,-0.187579589,0.005038064,0.02514613
5.827800000000001,0.00458497,0.025228745,0.981913227,-0.187587055,0.981913227,-0.187587055,0.00503806,0.025142192
5.827900000000001,0.004583898,0.025224994,0.981911898,-0.187594543,0.981911898,-0.187594543,0.005038055,0.025138234
5.828000000000000,0.004582821,0.025221223,0.981910565,-0.187602051,0.981910565,-0.187602051,0.00503805,0.025134254
5.828100000000000,0.004581737,0.025217431,0.981909229,-0.187609581,0.981909229,-0.187609581,0.005038043,0.025130253
5.828200000000001,0.004580647,0.025213619,0.981907889,-0.187617132,0.981907889,-0.187617132,0.005038035,0.02512623
5.828300000000000,0.004579551,0.025209786,0.981906546,-0.187624704,0.981906546,-0.187624704,0.005038027,0.025122185
5.828400000000000,0.004578448,0.025205932,0.981905199,-0.187632298,0.981905199,-0.187632298,0.005038018,0.025118119
5.828500000000000,0.004577339,0.025202057,0.981903848,-0.187639913,0.981903848,-0.187639913,0.005038007,0.02511403
5.828600000000001,0.004576224,0.025198161,0.981902494,-0.18764755,0.981902494,-0.18764755,0.005037996,0.02510992
5.828700000000000,0.004575103,0.025194244,0.981901136,-0.187655209,0.981901136,-0.187655209,0.005037984,0.025105786
5.828800000000000,0.004573975,0.025190305,0.981899774,-0.187662891,0.981899774,-0.187662891,0.00503797,0.025101631
5.828900000000000,0.004572841,0.025186345,0.981898409,-0.187670595,0.981898409,-0.187670595,0.005037956,0.025097452
5.829000000000001,0.0045717,0.025182363,0.981897039,-0.187678321,0.981897039,-0.187678321,0.005037941,0.025093251
5.829100000000000,0.004570553,0.025178359,0.981895666,-0.18768607,0.981895666,-0.18768607,0.005037925,0.025089027
5.829200000000000,0.004569399,0.025174332,0.981894289,-0.187693842,0.981894289,-0.187693842,0.005037908,0.025084779
5.829300000000000,0.004568238,0.025170284,0.981892908,-0.187701636,0.981892908,-0.187701636,0.005037889,0.025080508
5.829400000000001,0.004567071,0.025166213,0.981891524,-0.187709454,0.981891524,-0.187709454,0.00503787,0.025076214
5.829500000000000,0.004565897,0.025162119,0.981890135,-0.187717296,0.981890135,-0.187717296,0.00503785,0.025071896
5.829600000000000,0.004564716,0.025158003,0.981888742,-0.187725161,0.981888742,-0.187725161,0.005037829,0.025067553
5.829700000000001,0.004563528,0.025153863,0.981887346,-0.187733049,0.981887346,-0.187733049,0.005037806,0.025063187
5.829800000000001,0.004562333,0.025149701,0.981885945,-0.187740962,0.981885945,-0.187740962,0.005037783,0.025058796
5.829900000000000,0.004561132,0.025145515,0.98188454,-0.187748898,0.98188454,-0.187748898,0.005037759,0.025054381
5.830000000000000,0.004559923,0.025141305,0.981883131,-0.187756859,0.981883131,-0.187756859,0.005037733,0.025049942
5.830100000000001,0.004558707,0.025137072,0.981881718,-0.187764845,0.981881718,-0.187764845,0.005037707,0.025045477
5.830200000000000,0.004557484,0.025132815,0.981880301,-0.187772855,0.981880301,-0.187772855,0.005037679,0.025040987
5.830300000000000,0.004556254,0.025128535,0.98187888,-0.187780889,0.98187888,-0.187780889,0.005037651,0.025036472
5.830400000000000,0.004555017,0.025124229,0.981877454,-0.187788949,0.981877454,-0.187788949,0.005037621,0.025031932
5.830500000000001,0.004553772,0.0251199,0.981876025,-0.187797034,0.981876025,-0.187797034,0.00503759,0.025027366
5.830600000000000,0.00455252,0.025115546,0.981874591,-0.187805145,0.981874591,-0.187805145,0.005037558,0.025022774
5.830700000000000,0.004551261,0.025111167,0.981873152,-0.187813281,0.981873152,-0.187813281,0.005037525,0.025018156
5.830800000000000,0.004549994,0.025106763,0.981871709,-0.187821442,0.981871709,-0.187821442,0.005037491,0.025013512
5.830900000000001,0.004548719,0.025102334,0.981870262,-0.18782963,0.981870262,-0.18782963,0.005037456,0.025008842
5.831000000000000,0.004547437,0.025097879,0.981868811,-0.187837844,0.981868811,-0.187837844,0.005037419,0.025004145
5.831100000000000,0.004546148,0.025093399,0.981867355,-0.187846085,0.981867355,-0.187846085,0.005037382,0.024999421
5.831200000000000,0.00454485,0.025088893,0.981865894,-0.187854352,0.981865894,-0.187854352,0.005037343,0.02499467
5.831300000000001,0.004543545,0.025084361,0.981864429,-0.187862646,0.981864429,-0.187862646,0.005037303,0.024989891
5.831400000000000,0.004542232,0.025079803,0.98186296,-0.187870967,0.98186296,-0.187870967,0.005037262,0.024985085
5.831500000000000,0.004540911,0.025075219,0.981861485,-0.187879315,0.981861485,-0.187879315,0.005037219,0.024980252
5.831600000000001,0.004539582,0.025070608,0.981860007,-0.18788769,0.981860007,-0.18788769,0.005037176,0.02497539
5.831700000000001,0.004538245,0.02506597,0.981858523,-0.187896094,0.981858523,-0.187896094,0.005037131,0.024970501
5.831800000000000,0.0045369,0.025061305,0.981857035,-0.187904525,0.981857035,-0.187904525,0.005037085,0.024965583
5.831900000000000,0.004535547,0.025056613,0.981855542,-0.187912984,0.981855542,-0.187912984,0.005037038,0.024960636
5.832000000000001,0.004534186,0.025051894,0.981854044,-0.187921472,0.981854044,-0.187921472,0.005036989,0.02495566
5.832100000000001,0.004532816,0.025047147,0.981852542,-0.187929989,0.981852542,-0.187929989,0.00503694,0.024950656
5.832200000000000,0.004531438,0.025042371,0.981851034,-0.187938534,0.981851034,-0.187938534,0.005036889,0.024945622
5.832300000000000,0.004530052,0.025037568,0.981849522,-0.187947108,0.981849522,-0.187947108,0.005036836,0.024940559
5.832400000000001,0.004528656,0.025032737,0.981848003,-0.187955712,0.981848003,-0.187955712,0.005036782,0.024935465
5.832500000000000,0.004527253,0.025027876,0.98184648,-0.187964344,0.98184648,-0.187964344,0.005036727,0.024930342
5.832600000000000,0.00452584,0.025022987,0.981844952,-0.187973007,0.981844952,-0.187973007,0.005036671,0.024925189
5.832700000000000,0.004524419,0.025018069,0.981843419,-0.1879817,0.981843419,-0.1879817,0.005036613,0.024920005
5.832800000000001,0.004522989,0.025013122,0.98184188,-0.187990423,0.98184188,-0.187990423,0.005036554,0.02491479
5.832900000000000,0.00452155,0.025008145,0.981840336,-0.187999176,0.981840336,-0.187999176,0.005036493,0.024909544
5.833000000000000,0.004520103,0.025003138,0.981838787,-0.188007961,0.981838787,-0.188007961,0.005036431,0.024904267
5.833100000000000,0.004518646,0.024998102,0.981837233,-0.188016776,0.981837233,-0.188016776,0.005036368,0.024898959
5.833200000000001,0.00451718,0.024993035,0.981835674,-0.188025622,0.981835674,-0.188025622,0.005036303,0.024893618
5.833300000000000,0.004515705,0.024987937,0.981834109,-0.1880345,0.981834109,-0.1880345,0.005036237,0.024888246
5.833400000000000,0.004514221,0.024982809,0.981832539,-0.18804341,0.981832539,-0.18804341,0.00503617,0.024882841
5.833500000000001,0.004512727,0.02497765,0.981830963,-0.188052352,0.981830963,-0.188052352,0.005036101,0.024877403
5.833600000000001,0.004511224,0.024972459,0.981829382,-0.188061327,0.981829382,-0.188061327,0.005036031,0.024871933
5.833700000000000,0.004509712,0.024967237,0.981827796,-0.188070333,0.981827796,-0.188070333,0.005035959,0.02486643
5.833800000000000,0.00450819,0.024961982,0.981826203,-0.188079373,0.981826203,-0.188079373,0.005035886,0.024860893
5.833900000000001,0.004506659,0.024956696,0.981824606,-0.188088446,0.981824606,-0.188088446,0.005035811,0.024855322
5.834000000000001,0.004505117,0.024951378,0.981823002,-0.188097553,0.981823002,-0.188097553,0.005035735,0.024849717
5.834100000000000,0.004503566,0.024946026,0.981821393,-0.188106693,0.981821393,-0.188106693,0.005035657,0.024844078
5.834200000000000,0.004502005,0.024940642,0.981819778,-0.188115867,0.981819778,-0.188115867,0.005035578,0.024838405
5.834300000000001,0.004500435,0.024935225,0.981818157,-0.188125075,0.981818157,-0.188125075,0.005035497,0.024832696
5.834400000000000,0.004498854,0.024929774,0.98181653,-0.188134318,0.98181653,-0.188134318,0.005035415,0.024826953
5.834500000000000,0.004497262,0.024924289,0.981814898,-0.188143596,0.981814898,-0.188143596,0.005035331,0.024821174
5.834600000000000,0.004495661,0.02491877,0.981813259,-0.18815291,0.981813259,-0.18815291,0.005035246,0.024815359
5.834700000000001,0.00449405,0.024913217,0.981811615,-0.188162258,0.981811615,-0.188162258,0.005035159,0.024809508
5.834800000000000,0.004492428,0.024907629,0.981809964,-0.188171643,0.981809964,-0.188171643,0.005035071,0.02480362
5.834900000000000,0.004490795,0.024902007,0.981808307,-0.188181063,0.981808307,-0.188181063,0.00503498,0.024797696
5.835000000000000,0.004489152,0.024896348,0.981806644,-0.188190521,0.981806644,-0.188190521,0.005034889,0.024791735
5.835100000000001,0.004487498,0.024890655,0.981804975,-0.188200014,0.981804975,-0.188200014,0.005034795,0.024785736
5.835200000000000,0.004485834,0.024884925,0.9818033,-0.188209545,0.9818033,-0.188209545,0.0050347,0.0247797
5.835300000000000,0.004484158,0.024879159,0.981801618,-0.188219114,0.981801618,-0.188219114,0.005034603,0.024773626
5.835400000000000,0.004482472,0.024873357,0.98179993,-0.18822872,0.98179993,-0.18822872,0.005034505,0.024767513
5.835500000000001,0.004480774,0.024867517,0.981798235,-0.188238364,0.981798235,-0.188238364,0.005034405,0.024761361
5.835600000000000,0.004479065,0.024861641,0.981796534,-0.188248047,0.981796534,-0.188248047,0.005034303,0.024755171
5.835700000000000,0.004477346,0.024855727,0.981794826,-0.188257768,0.981794826,-0.188257768,0.0050342,0.024748941
5.835800000000001,0.004475614,0.024849775,0.981793112,-0.188267529,0.981793112,-0.188267529,0.005034094,0.024742671
5.835900000000001,0.004473871,0.024843785,0.98179139,-0.188277329,0.98179139,-0.188277329,0.005033987,0.024736361
5.836000000000000,0.004472117,0.024837756,0.981789662,-0.188287168,0.981789662,-0.188287168,0.005033878,0.024730011
5.836100000000000,0.004470351,0.024831689,0.981787928,-0.188297048,0.981787928,-0.188297048,0.005033768,0.02472362
5.836200000000001,0.004468573,0.024825582,0.981786186,-0.188306969,0.981786186,-0.188306969,0.005033655,0.024717187
5.836300000000000,0.004466784,0.024819436,0.981784438,-0.18831693,0.981784438,-0.18831693,0.005033541,0.024710713
5.836400000000000,0.004464982,0.024813249,0.981782682,-0.188326933,0.981782682,-0.188326933,0.005033425,0.024704197
5.836500000000000,0.004463168,0.024807023,0.981780919,-0.188336977,0.981780919,-0.188336977,0.005033307,0.024697639
5.836600000000001,0.004461342,0.024800755,0.981779149,-0.188347064,0.981779149,-0.188347064,0.005033187,0.024691038
5.836700000000000,0.004459503,0.024794447,0.981777372,-0.188357193,0.981777372,-0.188357193,0.005033065,0.024684393
5.836800000000000,0.004457653,0.024788097,0.981775588,-0.188367365,0.981775588,-0.188367365,0.005032941,0.024677705
5.836900000000000,0.004455789,0.024781705,0.981773796,-0.188377579,0.981773796,-0.188377579,0.005032815,0.024670974
5.837000000000001,0.004453913,0.024775271,0.981771997,-0.188387838,0.981771997,-0.188387838,0.005032688,0.024664197
5.837100000000000,0.004452024,0.024768794,0.981770191,-0.188398141,0.981770191,-0.188398141,0.005032558,0.024657377
5.837200000000000,0.004450122,0.024762275,0.981768377,-0.188408488,0.981768377,-0.188408488,0.005032426,0.02465051
5.837300000000000,0.004448207,0.024755711,0.981766555,-0.188418879,0.981766555,-0.188418879,0.005032293,0.024643599
5.837400000000001,0.004446279,0.024749104,0.981764725,-0.188429317,0.981764725,-0.188429317,0.005032157,0.024636641
5.837500000000000,0.004444337,0.024742453,0.981762888,-0.188439799,0.981762888,-0.188439799,0.005032019,0.024629637
5.837600000000000,0.004442383,0.024735757,0.981761043,-0.188450328,0.981761043,-0.188450328,0.005031879,0.024622585
5.837700000000001,0.004440414,0.024729017,0.98175919,-0.188460904,0.98175919,-0.188460904,0.005031737,0.024615487
5.837800000000001,0.004438432,0.02472223,0.981757329,-0.188471527,0.981757329,-0.188471527,0.005031593,0.024608341
5.837900000000000,0.004436436,0.024715398,0.98175546,-0.188482197,0.98175546,-0.188482197,0.005031447,0.024601146
5.838000000000000,0.004434426,0.024708519,0.981753583,-0.188492915,0.981753583,-0.188492915,0.005031298,0.024593903
5.838100000000001,0.004432402,0.024701593,0.981751697,-0.188503681,0.981751697,-0.188503681,0.005031148,0.02458661
5.838200000000001,0.004430364,0.02469462,0.981749804,-0.188514496,0.981749804,-0.188514496,0.005030995,0.024579268
5.838300000000000,0.004428311,0.0246876,0.981747901,-0.188525361,0.981747901,-0.188525361,0.00503084,0.024571875
5.838400000000000,0.004426244,0.024680531,0.981745991,-0.188536275,0.981745991,-0.188536275,0.005030683,0.024564432
5.838500000000001,0.004424163,0.024673413,0.981744072,-0.18854724,0.981744072,-0.18854724,0.005030523,0.024556938
5.838600000000000,0.004422066,0.024666246,0.981742144,-0.188558255,0.981742144,-0.188558255,0.005030361,0.024549392
5.838700000000000,0.004419955,0.02465903,0.981740207,-0.188569322,0.981740207,-0.188569322,0.005030197,0.024541795
5.838800000000000,0.004417828,0.024651764,0.981738262,-0.18858044,0.981738262,-0.18858044,0.00503003,0.024534144
5.838900000000001,0.004415686,0.024644446,0.981736307,-0.188591611,0.981736307,-0.188591611,0.005029861,0.02452644
5.839000000000000,0.004413529,0.024637078,0.981734344,-0.188602835,0.981734344,-0.188602835,0.00502969,0.024518683
5.839100000000000,0.004411356,0.024629658,0.981732371,-0.188614112,0.981732371,-0.188614112,0.005029516,0.024510871
5.839200000000000,0.004409168,0.024622186,0.98173039,-0.188625442,0.98173039,-0.188625442,0.00502934,0.024503004
5.839300000000001,0.004406964,0.024614662,0.981728399,-0.188636828,0.981728399,-0.188636828,0.005029161,0.024495083
5.839400000000000,0.004404743,0.024607084,0.981726399,-0.188648268,0.981726399,-0.188648268,0.00502898,0.024487105
5.839500000000000,0.004402507,0.024599452,0.981724389,-0.188659763,0.981724389,-0.188659763,0.005028796,0.024479071
5.839600000000001,0.004400254,0.024591766,0.981722369,-0.188671315,0.981722369,-0.188671315,0.00502861,0.02447098
5.839700000000001,0.004397985,0.024584025,0.981720341,-0.188682923,0.981720341,-0.188682923,0.005028421,0.024462831
5.839800000000000,0.004395699,0.024576229,0.981718302,-0.188694589,0.981718302,-0.188694589,0.00502823,0.024454624
5.839900000000000,0.004393396,0.024568377,0.981716253,-0.188706312,0.981716253,-0.188706312,0.005028036,0.024446358
5.840000000000001,0.004391076,0.024560469,0.981714195,-0.188718094,0.981714195,-0.188718094,0.005027839,0.024438033
5.840100000000001,0.004388739,0.024552503,0.981712126,-0.188729935,0.981712126,-0.188729935,0.005027639,0.024429648
5.840200000000000,0.004386384,0.02454448,0.981710047,-0.188741835,0.981710047,-0.188741835,0.005027437,0.024421202
5.840300000000000,0.004384012,0.024536398,0.981707958,-0.188753796,0.981707958,-0.188753796,0.005027232,0.024412696
5.840400000000001,0.004381622,0.024528258,0.981705859,-0.188765817,0.981705859,-0.188765817,0.005027024,0.024404127
5.840500000000000,0.004379214,0.024520058,0.981703749,-0.1887779,0.981703749,-0.1887779,0.005026814,0.024395496
5.840600000000000,0.004376788,0.024511798,0.981701628,-0.188790045,0.981701628,-0.188790045,0.0050266,0.024386801
5.840700000000000,0.004374344,0.024503477,0.981699497,-0.188802252,0.981699497,-0.188802252,0.005026384,0.024378043
5.840800000000001,0.004371881,0.024495094,0.981697355,-0.188814524,0.981697355,-0.188814524,0.005026164,0.02436922
5.840900000000000,0.0043694,0.02448665,0.981695201,-0.188826859,0.981695201,-0.188826859,0.005025942,0.024360332
5.841000000000000,0.0043669,0.024478143,0.981693037,-0.188839259,0.981693037,-0.188839259,0.005025717,0.024351378
5.841100000000000,0.00436438,0.024469573,0.981690862,-0.188851724,0.981690862,-0.188851724,0.005025489,0.024342358
5.841200000000001,0.004361841,0.024460938,0.981688675,-0.188864256,0.981688675,-0.188864256,0.005025258,0.02433327
5.841300000000000,0.004359283,0.024452239,0.981686477,-0.188876854,0.981686477,-0.188876854,0.005025023,0.024324115
5.841400000000000,0.004356705,0.024443475,0.981684267,-0.18888952,0.981684267,-0.18888952,0.005024786,0.02431489
5.841500000000001,0.004354107,0.024434644,0.981682046,-0.188902255,0.981682046,-0.188902255,0.005024545,0.024305596
5.841600000000001,0.004351489,0.024425746,0.981679813,-0.188915058,0.981679813,-0.188915058,0.005024301,0.024296232
5.841700000000000,0.00434885,0.024416781,0.981677568,-0.188927932,0.981677568,-0.188927932,0.005024054,0.024286797
5.841800000000000,0.004346191,0.024407748,0.981675311,-0.188940875,0.981675311,-0.188940875,0.005023804,0.02427729
5.841900000000001,0.004343511,0.024398645,0.981673041,-0.188953891,0.981673041,-0.188953891,0.00502355,0.024267711
5.842000000000001,0.004340809,0.024389473,0.981670759,-0.188966978,0.981670759,-0.188966978,0.005023294,0.024258058
5.842100000000000,0.004338087,0.02438023,0.981668465,-0.188980138,0.981668465,-0.188980138,0.005023033,0.024248331
5.842200000000000,0.004335343,0.024370916,0.981666158,-0.188993372,0.981666158,-0.188993372,0.005022769,0.024238529
5.842300000000001,0.004332577,0.02436153,0.981663839,-0.189006681,0.981663839,-0.189006681,0.005022502,0.024228651
5.842400000000000,0.004329789,0.02435207,0.981661506,-0.189020065,0.981661506,-0.189020065,0.005022232,0.024218697
5.842500000000000,0.004326979,0.024342537,0.98165916,-0.189033525,0.98165916,-0.189033525,0.005021957,0.024208665
5.842600000000000,0.004324146,0.024332929,0.981656802,-0.189047062,0.981656802,-0.189047062,0.00502168,0.024198555
5.842700000000001,0.004321291,0.024323246,0.981654429,-0.189060677,0.981654429,-0.189060677,0.005021398,0.024188365
5.842800000000000,0.004318412,0.024313487,0.981652044,-0.189074371,0.981652044,-0.189074371,0.005021113,0.024178095
5.842900000000000,0.00431551,0.02430365,0.981649644,-0.189088145,0.981649644,-0.189088145,0.005020824,0.024167745
5.843000000000000,0.004312585,0.024293735,0.981647231,-0.189101999,0.981647231,-0.189101999,0.005020532,0.024157312
5.843100000000001,0.004309636,0.024283742,0.981644804,-0.189115935,0.981644804,-0.189115935,0.005020235,0.024146796
5.843200000000000,0.004306662,0.024273668,0.981642363,-0.189129954,0.981642363,-0.189129954,0.005019935,0.024136196
5.843300000000000,0.004303664,0.024263514,0.981639907,-0.189144056,0.981639907,-0.189144056,0.005019631,0.024125511
5.843400000000000,0.004300641,0.024253278,0.981637437,-0.189158242,0.981637437,-0.189158242,0.005019323,0.024114741
5.843500000000001,0.004297594,0.024242959,0.981634952,-0.189172514,0.981634952,-0.189172514,0.00501901,0.024103884
5.843600000000000,0.004294521,0.024232557,0.981632452,-0.189186872,0.981632452,-0.189186872,0.005018694,0.024092938
5.843700000000000,0.004291422,0.02422207,0.981629937,-0.189201317,0.981629937,-0.189201317,0.005018374,0.024081904
5.843800000000001,0.004288298,0.024211498,0.981627408,-0.189215851,0.981627408,-0.189215851,0.00501805,0.02407078
5.843900000000001,0.004285147,0.024200838,0.981624862,-0.189230475,0.981624862,-0.189230475,0.005017721,0.024059565
5.844000000000000,0.00428197,0.024190092,0.981622301,-0.189245189,0.981622301,-0.189245189,0.005017388,0.024048258
5.844100000000000,0.004278766,0.024179256,0.981619725,-0.189259994,0.981619725,-0.189259994,0.005017051,0.024036857
5.844200000000001,0.004275535,0.024168331,0.981617132,-0.189274893,0.981617132,-0.189274893,0.005016709,0.024025363
5.844300000000000,0.004272276,0.024157315,0.981614524,-0.189289885,0.981614524,-0.189289885,0.005016363,0.024013773
5.844400000000000,0.00426899,0.024146207,0.981611899,-0.189304972,0.981611899,-0.189304972,0.005016013,0.024002086
5.844500000000000,0.004265675,0.024135006,0.981609257,-0.189320156,0.981609257,-0.189320156,0.005015658,0.023990301
5.844600000000001,0.004262332,0.024123711,0.981606599,-0.189335436,0.981606599,-0.189335436,0.005015299,0.023978418
5.844700000000000,0.00425896,0.024112321,0.981603924,-0.189350815,0.981603924,-0.189350815,0.005014934,0.023966434
5.844800000000000,0.004255558,0.024100834,0.981601231,-0.189366294,0.981601231,-0.189366294,0.005014565,0.02395435
5.844900000000000,0.004252128,0.02408925,0.981598522,-0.189381874,0.981598522,-0.189381874,0.005014192,0.023942162
5.845000000000001,0.004248667,0.024077566,0.981595794,-0.189397555,0.981595794,-0.189397555,0.005013813,0.02392987
5.845100000000000,0.004245175,0.024065783,0.981593049,-0.189413341,0.981593049,-0.189413341,0.00501343,0.023917474
5.845200000000000,0.004241654,0.024053898,0.981590286,-0.189429231,0.981590286,-0.189429231,0.005013041,0.023904971
5.845300000000000,0.004238101,0.024041911,0.981587505,-0.189445226,0.981587505,-0.189445226,0.005012648,0.02389236
5.845400000000001,0.004234516,0.02402982,0.981584705,-0.18946133,0.981584705,-0.18946133,0.005012249,0.02387964
5.845500000000000,0.0042309,0.024017623,0.981581886,-0.189477542,0.981581886,-0.189477542,0.005011846,0.023866809
5.845600000000000,0.004227251,0.02400532,0.981579048,-0.189493864,0.981579048,-0.189493864,0.005011437,0.023853866
5.845700000000001,0.004223569,0.02399291,0.981576191,-0.189510297,0.981576191,-0.189510297,0.005011022,0.02384081
5.845800000000001,0.004219855,0.02398039,0.981573315,-0.189526844,0.981573315,-0.189526844,0.005010603,0.023827639
5.845900000000000,0.004216107,0.023967759,0.981570419,-0.189543504,0.981570419,-0.189543504,0.005010178,0.023814352
5.846000000000000,0.004212324,0.023955016,0.981567503,-0.189560281,0.981567503,-0.189560281,0.005009747,0.023800947
5.846100000000001,0.004208508,0.02394216,0.981564567,-0.189577175,0.981564567,-0.189577175,0.005009311,0.023787423
5.846200000000001,0.004204656,0.023929188,0.98156161,-0.189594188,0.98156161,-0.189594188,0.005008869,0.023773777
5.846300000000000,0.004200769,0.023916101,0.981558632,-0.189611321,0.981558632,-0.189611321,0.005008421,0.02376001
5.846400000000000,0.004196846,0.023902895,0.981555633,-0.189628576,0.981555633,-0.189628576,0.005007967,0.023746118
5.846500000000001,0.004192887,0.023889569,0.981552613,-0.189645955,0.981552613,-0.189645955,0.005007508,0.0237321
5.846600000000000,0.004188891,0.023876123,0.981549571,-0.189663458,0.981549571,-0.189663458,0.005007042,0.023717956
5.846700000000000,0.004184858,0.023862553,0.981546508,-0.189681089,0.981546508,-0.189681089,0.005006571,0.023703682
5.846800000000000,0.004180787,0.023848859,0.981543422,-0.189698849,0.981543422,-0.189698849,0.005006093,0.023689277
5.846900000000001,0.004176678,0.023835039,0.981540313,-0.189716738,0.981540313,-0.189716738,0.005005609,0.02367474
5.847000000000000,0.004172529,0.023821092,0.981537182,-0.18973476,0.981537182,-0.18973476,0.005005119,0.023660068
5.847100000000000,0.004168342,0.023807015,0.981534028,-0.189752915,0.981534028,-0.189752915,0.005004622,0.023645261
5.847200000000000,0.004164114,0.023792806,0.98153085,-0.189771207,0.98153085,-0.189771207,0.005004118,0.023630315
5.847300000000001,0.004159846,0.023778465,0.981527648,-0.189789635,0.981527648,-0.189789635,0.005003608,0.02361523
5.847400000000000,0.004155537,0.023763988,0.981524422,-0.189808203,0.981524422,-0.189808203,0.005003091,0.023600003
5.847500000000000,0.004151187,0.023749375,0.981521172,-0.189826913,0.981521172,-0.189826913,0.005002568,0.023584632
5.847600000000001,0.004146794,0.023734624,0.981517896,-0.189845765,0.981517896,-0.189845765,0.005002037,0.023569115
5.847700000000001,0.004142358,0.023719731,0.981514596,-0.189864763,0.981514596,-0.189864763,0.005001499,0.02355345
5.847800000000000,0.00413788,0.023704697,0.98151127,-0.189883908,0.98151127,-0.189883908,0.005000954,0.023537636
5.847900000000000,0.004133357,0.023689517,0.981507918,-0.189903202,0.981507918,-0.189903202,0.005000402,0.02352167
5.848000000000001,0.004128789,0.023674191,0.98150454,-0.189922648,0.98150454,-0.189922648,0.004999843,0.02350555
5.848100000000001,0.004124176,0.023658717,0.981501135,-0.189942248,0.981501135,-0.189942248,0.004999276,0.023489273
5.848200000000000,0.004119518,0.023643092,0.981497704,-0.189962003,0.981497704,-0.189962003,0.004998701,0.023472838
5.848300000000000,0.004114812,0.023627314,0.981494244,-0.189981916,0.981494244,-0.189981916,0.004998119,0.023456242
5.848400000000001,0.00411006,0.023611381,0.981490757,-0.19000199,0.981490757,-0.19000199,0.004997529,0.023439484
5.848500000000000,0.004105259,0.02359529,0.981487242,-0.190022226,0.981487242,-0.190022226,0.004996931,0.02342256
5.848600000000000,0.00410041,0.02357904,0.981483698,-0.190042627,0.981483698,-0.190042627,0.004996324,0.023405468
5.848700000000000,0.004095512,0.023562629,0.981480125,-0.190063196,0.981480125,-0.190063196,0.00499571,0.023388205
5.848800000000001,0.004090563,0.023546052,0.981476522,-0.190083934,0.981476522,-0.190083934,0.004995087,0.023370771
5.848900000000000,0.004085564,0.023529309,0.981472889,-0.190104844,0.981472889,-0.190104844,0.004994456,0.02335316
5.849000000000000,0.004080512,0.023512397,0.981469226,-0.19012593,0.981469226,-0.19012593,0.004993816,0.023335372
5.849100000000000,0.004075409,0.023495314,0.981465532,-0.190147192,0.981465532,-0.190147192,0.004993167,0.023317404
5.849200000000001,0.004070252,0.023478055,0.981461807,-0.190168635,0.981461807,-0.190168635,0.00499251,0.023299252
5.849300000000000,0.004065042,0.023460621,0.98145805,-0.190190261,0.98145805,-0.190190261,0.004991843,0.023280914
5.849400000000000,0.004059776,0.023443006,0.98145426,-0.190212072,0.98145426,-0.190212072,0.004991168,0.023262387
5.849500000000000,0.004054455,0.02342521,0.981450438,-0.190234072,0.981450438,-0.190234072,0.004990483,0.023243669
5.849600000000001,0.004049078,0.023407228,0.981446582,-0.190256263,0.981446582,-0.190256263,0.004989788,0.023224756
5.849700000000000,0.004043643,0.023389058,0.981442693,-0.190278648,0.981442693,-0.190278648,0.004989084,0.023205646
5.849800000000000,0.004038149,0.023370698,0.981438769,-0.19030123,0.981438769,-0.19030123,0.00498837,0.023186335
5.849900000000001,0.004032597,0.023352144,0.98143481,-0.190324013,0.98143481,-0.190324013,0.004987646,0.023166821
5.850000000000001,0.004026984,0.023333393,0.981430815,-0.190346998,0.981430815,-0.190346998,0.004986912,0.023147099
5.850100000000000,0.00402131,0.023314443,0.981426785,-0.190370191,0.981426785,-0.190370191,0.004986168,0.023127167
5.850200000000000,0.004015575,0.023295289,0.981422718,-0.190393593,0.981422718,-0.190393593,0.004985413,0.023107022
5.850300000000001,0.004009776,0.02327593,0.981418613,-0.190417208,0.981418613,-0.190417208,0.004984647,0.023086661
5.850400000000000,0.004003913,0.023256361,0.981414471,-0.19044104,0.981414471,-0.19044104,0.004983871,0.023066079
5.850500000000000,0.003997985,0.023236579,0.98141029,-0.190465091,0.98141029,-0.190465091,0.004983084,0.023045273
5.850600000000000,0.003991991,0.023216581,0.981406071,-0.190489366,0.981406071,-0.190489366,0.004982285,0.02302424
5.850700000000001,0.003985929,0.023196363,0.981401811,-0.190513868,0.981401811,-0.190513868,0.004981475,0.023002975
5.850800000000000,0.003979799,0.023175922,0.981397511,-0.190538601,0.981397511,-0.190538601,0.004980653,0.022981476
5.850900000000000,0.0039736,0.023155255,0.98139317,-0.190563568,0.98139317,-0.190563568,0.00497982,0.022959739
5.851000000000000,0.00396733,0.023134356,0.981388787,-0.190588774,0.981388787,-0.190588774,0.004978974,0.022937759
5.851100000000001,0.003960988,0.023113223,0.981384362,-0.190614222,0.981384362,-0.190614222,0.004978117,0.022915532
5.851200000000000,0.003954573,0.023091852,0.981379893,-0.190639916,0.981379893,-0.190639916,0.004977246,0.022893055
5.851300000000000,0.003948084,0.023070239,0.981375381,-0.190665861,0.981375381,-0.190665861,0.004976363,0.022870323
5.851400000000000,0.003941519,0.02304838,0.981370823,-0.190692061,0.981370823,-0.190692061,0.004975467,0.022847331
5.851500000000001,0.003934878,0.02302627,0.981366221,-0.190718519,0.981366221,-0.190718519,0.004974558,0.022824077
5.851600000000000,0.003928158,0.023003905,0.981361572,-0.190745241,0.981361572,-0.190745241,0.004973636,0.022800554
5.851700000000000,0.003921359,0.022981281,0.981356876,-0.19077223,0.981356876,-0.19077223,0.0049727,0.022776759
5.851800000000001,0.003914479,0.022958393,0.981352132,-0.190799492,0.981352132,-0.190799492,0.00497175,0.022752686
5.851900000000001,0.003907516,0.022935238,0.981347339,-0.190827031,0.981347339,-0.190827031,0.004970786,0.022728332
5.852000000000000,0.00390047,0.02291181,0.981342497,-0.190854852,0.981342497,-0.190854852,0.004969807,0.022703691
5.852100000000000,0.003893339,0.022888104,0.981337604,-0.19088296,0.981337604,-0.19088296,0.004968814,0.022678757
5.852200000000001,0.00388612,0.022864116,0.981332659,-0.19091136,0.981332659,-0.19091136,0.004967805,0.022653527
5.852300000000001,0.003878814,0.02283984,0.981327663,-0.190940057,0.981327663,-0.190940057,0.004966782,0.022627994
5.852400000000000,0.003871417,0.022815272,0.981322613,-0.190969057,0.981322613,-0.190969057,0.004965742,0.022602154
5.852500000000000,0.003863929,0.022790407,0.981317509,-0.190998364,0.981317509,-0.190998364,0.004964687,0.022576001
5.852600000000001,0.003856347,0.022765238,0.981312349,-0.191027984,0.981312349,-0.191027984,0.004963616,0.022549528
5.852700000000000,0.003848671,0.022739761,0.981307133,-0.191057924,0.981307133,-0.191057924,0.004962528,0.022522731
5.852800000000000,0.003840898,0.022713969,0.98130186,-0.191088188,0.98130186,-0.191088188,0.004961424,0.022495604
5.852900000000000,0.003833026,0.022687858,0.981296528,-0.191118783,0.981296528,-0.191118783,0.004960302,0.022468139
5.853000000000001,0.003825054,0.022661421,0.981291137,-0.191149715,0.981291137,-0.191149715,0.004959162,0.022440332
5.853100000000000,0.00381698,0.022634652,0.981285685,-0.19118099,0.981285685,-0.19118099,0.004958005,0.022412176
5.853200000000000,0.003808802,0.022607544,0.981280171,-0.191212615,0.981280171,-0.191212615,0.004956829,0.022383664
5.853300000000000,0.003800517,0.022580093,0.981274595,-0.191244596,0.981274595,-0.191244596,0.004955635,0.02235479
5.853400000000001,0.003792124,0.02255229,0.981268953,-0.191276939,0.981268953,-0.191276939,0.004954422,0.022325546
5.853500000000000,0.003783621,0.02252413,0.981263247,-0.191309653,0.981263247,-0.191309653,0.00495319,0.022295926
5.853600000000000,0.003775005,0.022495606,0.981257473,-0.191342743,0.981257473,-0.191342743,0.004951937,0.022265923
5.853700000000001,0.003766275,0.02246671,0.981251632,-0.191376217,0.981251632,-0.191376217,0.004950665,0.022235528
5.853800000000001,0.003757427,0.022437435,0.98124572,-0.191410083,0.98124572,-0.191410083,0.004949371,0.022204735
5.853900000000000,0.003748461,0.022407774,0.981239738,-0.191444349,0.981239738,-0.191444349,0.004948057,0.022173536
5.854000000000000,0.003739372,0.022377719,0.981233684,-0.191479021,0.981233684,-0.191479021,0.004946721,0.022141922
5.854100000000001,0.00373016,0.022347263,0.981227556,-0.191514108,0.981227556,-0.191514108,0.004945363,0.022109886
5.854200000000001,0.003720821,0.022316398,0.981221352,-0.191549619,0.981221352,-0.191549619,0.004943982,0.022077419
5.854300000000000,0.003711353,0.022285114,0.981215071,-0.191585562,0.981215071,-0.191585562,0.004942579,0.022044512
5.854400000000000,0.003701752,0.022253405,0.981208712,-0.191621946,0.981208712,-0.191621946,0.004941152,0.022011156
5.854500000000001,0.003692018,0.022221261,0.981202273,-0.191658779,0.981202273,-0.191658779,0.004939701,0.021977343
5.854600000000000,0.003682146,0.022188672,0.981195752,-0.191696072,0.981195752,-0.191696072,0.004938225,0.021943063
5.854700000000000,0.003672133,0.022155631,0.981189148,-0.191733832,0.981189148,-0.191733832,0.004936725,0.021908306
5.854800000000000,0.003661977,0.022122128,0.981182458,-0.191772071,0.981182458,-0.191772071,0.004935198,0.021873062
5.854900000000001,0.003651675,0.022088153,0.981175681,-0.191810798,0.981175681,-0.191810798,0.004933645,0.021837322
5.855000000000000,0.003641224,0.022053696,0.981168815,-0.191850023,0.981168815,-0.191850023,0.004932066,0.021801074
5.855100000000000,0.00363062,0.022018746,0.981161858,-0.191889757,0.981161858,-0.191889757,0.004930459,0.021764308
5.855200000000000,0.00361986,0.021983294,0.981154807,-0.191930011,0.981154807,-0.191930011,0.004928823,0.021727013
5.855300000000001,0.00360894,0.021947328,0.981147662,-0.191970797,0.981147662,-0.191970797,0.004927159,0.021689177
5.855400000000000,0.003597857,0.021910838,0.981140419,-0.192012125,0.981140419,-0.192012125,0.004925466,0.021650788
5.855500000000000,0.003586608,0.021873811,0.981133077,-0.192054007,0.981133077,-0.192054007,0.004923742,0.021611835
5.855600000000001,0.003575189,0.021836236,0.981125634,-0.192096457,0.981125634,-0.192096457,0.004921987,0.021572306
5.855700000000001,0.003563595,0.021798101,0.981118086,-0.192139486,0.981118086,-0.192139486,0.0049202,0.021532186
5.855800000000000,0.003551823,0.021759394,0.981110432,-0.192183107,0.981110432,-0.192183107,0.004918381,0.021491463
5.855900000000000,0.003539869,0.021720101,0.981102669,-0.192227334,0.981102669,-0.192227334,0.004916529,0.021450124
5.856000000000001,0.003527728,0.021680208,0.981094795,-0.19227218,0.981094795,-0.19227218,0.004914642,0.021408153
5.856100000000001,0.003515397,0.021639703,0.981086806,-0.192317661,0.981086806,-0.192317661,0.004912721,0.021365538
5.856200000000000,0.00350287,0.021598571,0.981078701,-0.192363789,0.981078701,-0.192363789,0.004910763,0.021322262
5.856300000000000,0.003490144,0.021556798,0.981070476,-0.192410582,0.981070476,-0.192410582,0.004908769,0.021278311
5.856400000000001,0.003477212,0.021514367,0.981062129,-0.192458053,0.981062129,-0.192458053,0.004906737,0.021233668
5.856500000000000,0.003464071,0.021471265,0.981053656,-0.19250622,0.981053656,-0.19250622,0.004904666,0.021188318
5.856600000000000,0.003450715,0.021427474,0.981045055,-0.192555099,0.981045055,-0.192555099,0.004902556,0.021142242
5.856700000000000,0.00343714,0.021382979,0.981036322,-0.192604708,0.981036322,-0.192604708,0.004900405,0.021095424
5.856800000000001,0.003423338,0.021337761,0.981027454,-0.192655063,0.981027454,-0.192655063,0.004898212,0.021047845
5.856900000000000,0.003409306,0.021291803,0.981018448,-0.192706183,0.981018448,-0.192706183,0.004895976,0.020999488
5.857000000000000,0.003395036,0.021245088,0.981009299,-0.192758088,0.981009299,-0.192758088,0.004893697,0.020950331
5.857100000000000,0.003380524,0.021197595,0.981000005,-0.192810797,0.981000005,-0.192810797,0.004891371,0.020900356
5.857200000000001,0.003365763,0.021149305,0.980990562,-0.19286433,0.980990562,-0.19286433,0.004889,0.020849542
5.857300000000000,0.003350746,0.021100198,0.980980966,-0.192918709,0.980980966,-0.192918709,0.00488658,0.020797866
5.857400000000000,0.003335466,0.021050253,0.980971212,-0.192973955,0.980971212,-0.192973955,0.004884112,0.020745308
5.857500000000000,0.003319918,0.020999447,0.980961297,-0.19303009,0.980961297,-0.19303009,0.004881593,0.020691844
5.857600000000001,0.003304093,0.020947759,0.980951216,-0.193087139,0.980951216,-0.193087139,0.004879022,0.020637449
5.857700000000000,0.003287984,0.020895164,0.980940964,-0.193145126,0.980940964,-0.193145126,0.004876398,0.0205821
5.857800000000000,0.003271584,0.020841639,0.980930538,-0.193204076,0.980930538,-0.193204076,0.00487372,0.020525771
5.857900000000001,0.003254884,0.020787157,0.980919933,-0.193264015,0.980919933,-0.193264015,0.004870985,0.020468434
5.858000000000001,0.003237877,0.020731693,0.980909143,-0.19332497,0.980909143,-0.19332497,0.004868192,0.020410062
5.858100000000000,0.003220553,0.020675219,0.980898163,-0.193386971,0.980898163,-0.193386971,0.00486534,0.020350626
5.858200000000000,0.003202904,0.020617706,0.980886988,-0.193450046,0.980886988,-0.193450046,0.004862427,0.020290095
5.858300000000001,0.003184921,0.020559124,0.980875612,-0.193514226,0.980875612,-0.193514226,0.004859451,0.020228439
5.858400000000000,0.003166594,0.020499443,0.98086403,-0.193579544,0.98086403,-0.193579544,0.004856411,0.020165625
5.858500000000000,0.003147912,0.02043863,0.980852236,-0.193646034,0.980852236,-0.193646034,0.004853305,0.020101618
5.858600000000000,0.003128867,0.020376649,0.980840224,-0.193713731,0.980840224,-0.193713731,0.004850132,0.020036382
5.858700000000001,0.003109446,0.020313467,0.980827987,-0.193782671,0.980827987,-0.193782671,0.004846889,0.01996988
5.858800000000000,0.003089639,0.020249044,0.98081552,-0.193852894,0.98081552,-0.193852894,0.004843575,0.019902071
5.858900000000000,0.003069434,0.020183341,0.980802815,-0.193924441,0.980802815,-0.193924441,0.004840189,0.019832916
5.859000000000000,0.00304882,0.020116317,0.980789866,-0.193997354,0.980789866,-0.193997354,0.00483673,0.019762369
5.859100000000001,0.003027783,0.020047926,0.980776666,-0.194071681,0.980776666,-0.194071681,0.004833195,0.019690384
5.859200000000000,0.003006312,0.019978121,0.980763209,-0.19414747,0.980763209,-0.19414747,0.004829586,0.019616911
5.859300000000000,0.002984393,0.019906851,0.980749487,-0.194224772,0.980749487,-0.194224772,0.004825901,0.019541898
5.859400000000000,0.002962013,0.019834062,0.980735494,-0.194303645,0.980735494,-0.194303645,0.004822141,0.019465288
5.859500000000001,0.002939159,0.019759694,0.980721225,-0.194384149,0.980721225,-0.194384149,0.004818308,0.019387019
5.859600000000000,0.002915817,0.019683683,0.980706675,-0.194466349,0.980706675,-0.194466349,0.004814405,0.019307026
5.859700000000000,0.002891977,0.019605956,0.98069184,-0.19455032,0.98069184,-0.19455032,0.004810439,0.019225235
5.859800000000001,0.002867625,0.019526434,0.980676719,-0.194636141,0.980676719,-0.194636141,0.004806417,0.019141566
5.859900000000001,0.002842755,0.019445023,0.980661214,-0.194723885,0.980661214,-0.194723885,0.004802354,0.019055928
5.860000000000000,0.002817362,0.019361616,0.980645114,-0.194813612,0.980645114,-0.194813612,0.004798274,0.018968217
5.860100000000000,0.002791451,0.019276092,0.980628614,-0.194905479,0.980628614,-0.194905479,0.004794209,0.018878315
5.860200000000001,0.00276504,0.019188303,0.98061169,-0.194999617,0.98061169,-0.194999617,0.004790216,0.018786082
5.860300000000001,0.002738173,0.019098067,0.980594311,-0.195096183,0.980594311,-0.195096183,0.004786381,0.018691354
5.860400000000000,0.002710939,0.019005157,0.980576444,-0.195195358,0.980576444,-0.195195358,0.004782847,0.018593933
5.860500000000000,0.002683509,0.018909285,0.980558048,-0.195297352,0.980558048,-0.195297352,0.00477985,0.018493587
5.860600000000001,0.00265621,0.0188101,0.980539079,-0.195402386,0.980539079,-0.195402386,0.004777798,0.018390058
5.860700000000000,0.002629673,0.018707204,0.980519505,-0.195510623,0.980519505,-0.195510623,0.0047774,0.018283128
5.860800000000000,0.002605111,0.018600302,0.980499341,-0.195621936,0.980499341,-0.195621936,0.004779913,0.018172831
5.860900000000000,0.002584823,0.018489805,0.980478785,-0.195735186,0.980478785,-0.195735186,0.004787476,0.018060173
5.861000000000001,0.002572628,0.018378913,0.98045859,-0.195846133,0.98045859,-0.195846133,0.004803021,0.017949267
5.861100000000000,0.002570712,0.018278152,0.980440668,-0.195944253,0.980440668,-0.195944253,0.004826092,0.017850905
5.861200000000000,0.002577691,0.018200611,0.980427171,-0.196017809,0.980427171,-0.196017809,0.00485212,0.01777743
5.861300000000000,0.002530585,0.01816227,0.980417283,-0.196072656,0.980417283,-0.196072656,0.004815807,0.017727734
5.861400000000001,0.002469479,0.018064289,0.980396454,-0.196187664,0.980396454,-0.196187664,0.004780526,0.017616448
5.861500000000000,0.002417543,0.017951118,0.980373529,-0.196313796,0.980373529,-0.196313796,0.004757919,0.017492838
5.861600000000000,0.002369457,0.017830981,0.980349601,-0.196445142,0.980349601,-0.196445142,0.004740776,0.017363484
5.861700000000001,0.002323445,0.017706558,0.980325025,-0.196579789,0.980325025,-0.196579789,0.004726711,0.017230518
5.861800000000001,0.00227845,0.01757873,0.980299887,-0.196717265,0.980299887,-0.196717265,0.004714475,0.017094516
5.861900000000000,0.002233769,0.017447702,0.980274182,-0.196857609,0.980274182,-0.196857609,0.004703333,0.016955491
5.862000000000000,0.002188927,0.017313427,0.980247871,-0.197001021,0.980247871,-0.197001021,0.004692834,0.016813273
5.862100000000001,0.002143589,0.017175762,0.980220909,-0.197147743,0.980220909,-0.197147743,0.004682688,0.016667633
5.862200000000001,0.002097513,0.017034526,0.980193247,-0.197298023,0.980193247,-0.197298023,0.004672702,0.016518335
5.862300000000000,0.002050512,0.016889525,0.980164837,-0.197452103,0.980164837,-0.197452103,0.004662743,0.016365137
5.862400000000000,0.002002437,0.016740553,0.980135633,-0.197610222,0.980135633,-0.197610222,0.004652715,0.016207802
5.862500000000001,0.001953159,0.016587399,0.980105587,-0.197772619,0.980105587,-0.197772619,0.004642547,0.016046093
5.862600000000000,0.001902564,0.016429846,0.980074649,-0.197939531,0.980074649,-0.197939531,0.004632179,0.015879767
5.862700000000000,0.001850547,0.016267668,0.980042771,-0.198111203,0.980042771,-0.198111203,0.004621564,0.015708579
5.862800000000000,0.001797006,0.016100631,0.9800099,-0.198287885,0.9800099,-0.198287885,0.00461066,0.015532273
5.862900000000001,0.001741842,0.015928489,0.979975984,-0.198469838,0.979975984,-0.198469838,0.004599431,0.015350585
5.863000000000000,0.001684952,0.015750983,0.979940963,-0.198657333,0.979940963,-0.198657333,0.00458784,0.015163238
5.863100000000000,0.001626234,0.015567843,0.97990478,-0.198850657,0.97990478,-0.198850657,0.004575855,0.014969939
5.863200000000000,0.001565581,0.015378781,0.979867371,-0.199050112,0.979867371,-0.199050112,0.004563443,0.014770382
5.863300000000001,0.001502882,0.015183491,0.979828667,-0.199256014,0.979828667,-0.199256014,0.004550569,0.014564241
5.863400000000000,0.00143802,0.014981651,0.979788597,-0.199468703,0.979788597,-0.199468703,0.004537202,0.014351171
5.863500000000000,0.001370871,0.014772914,0.979747084,-0.199688537,0.979747084,-0.199688537,0.004523303,0.014130804
5.863600000000000,0.001301302,0.014556914,0.979704045,-0.199915901,0.979704045,-0.199915901,0.004508837,0.01390275
5.863700000000001,0.001229174,0.014333257,0.979659393,-0.200151204,0.979659393,-0.200151204,0.004493763,0.01366659
5.863800000000000,0.001154337,0.014101522,0.979613031,-0.200394883,0.979613031,-0.200394883,0.004478039,0.013421875
5.863900000000000,0.00107663,0.013861257,0.979564858,-0.200647409,0.979564858,-0.200647409,0.004461619,0.013168127
5.864000000000001,9.9587919662e-4,0.013611978,0.979514763,-0.200909286,0.979514763,-0.200909286,0.004444455,0.012904827
5.864100000000001,9.1189936759e-4,0.013353164,0.979462626,-0.201181057,0.979462626,-0.201181057,0.004426492,0.012631423
5.864200000000000,8.2448911612e-4,0.013084253,0.979408318,-0.201463305,0.979408318,-0.201463305,0.004407674,0.012347316
5.864300000000000,7.3343097384e-4,0.012804638,0.979351698,-0.201756663,0.979351698,-0.201756663,0.004387937,0.01205186
5.864400000000001,6.3848925360e-4,0.012513665,0.979292613,-0.20206181,0.979292613,-0.20206181,0.004367214,0.011744358
5.864500000000000,5.3940801948e-4,0.012210625,0.979230898,-0.202379486,0.979230898,-0.202379486,0.00434543,0.011424055
5.864600000000000,4.3590879605e-4,0.011894748,0.979166371,-0.20271049,0.979166371,-0.20271049,0.004322502,0.011090131
5.864700000000000,3.2766031777e-4,0.011565165,0.97909871,-0.203055707,0.97909871,-0.203055707,0.004298322,0.010741658
5.864800000000001,2.1435603076e-4,0.011220999,0.979027823,-0.203416072,0.979027823,-0.203416072,0.004272808,0.010377701
5.864900000000000,9.5632524181e-5,0.010861259,0.97895347,-0.203792618,0.97895347,-0.203792618,0.004245848,0.009997203
5.865000000000000,-2.89E-05,0.01048486,0.978875389,-0.204186472,0.978875389,-0.204186472,0.004217322,0.009599008
5.865100000000000,-1.60E-04,0.010090618,0.978793291,-0.204598869,0.978793291,-0.204598869,0.004187095,0.009181851
5.865200000000001,-2.97E-04,0.009677231,0.978706855,-0.205031165,0.978706855,-0.205031165,0.004155015,0.008744343
5.865300000000000,-4.42E-04,0.009243271,0.978615726,-0.205484848,0.978615726,-0.205484848,0.004120913,0.008284956
5.865400000000000,-5.95E-04,0.00878716,0.97851951,-0.205961562,0.97851951,-0.205961562,0.004084602,0.007802006
5.865500000000000,-7.56E-04,0.008307159,0.97841777,-0.206463122,0.97841777,-0.206463122,0.00404587,0.007293632
5.865600000000001,-9.26E-04,0.007801338,0.978310014,-0.206991539,0.978310014,-0.206991539,0.004004476,0.006757769
5.865700000000000,-1.11E-03,0.007267556,0.978195693,-0.207549046,0.978195693,-0.207549046,0.003960152,0.006192125
5.865800000000000,-1.30E-03,0.006703426,0.978074189,-0.208138135,0.978074189,-0.208138135,0.003912591,0.005594145
5.865900000000001,-1.50E-03,0.00610628,0.977944805,-0.208761589,0.977944805,-0.208761589,0.003861444,0.004960969
5.866000000000001,-1.72E-03,0.005473128,0.977806753,-0.20942253,0.977806753,-0.20942253,0.003806312,0.004289391
5.866100000000000,-1.95E-03,0.0048006,0.977659135,-0.210124478,0.977659135,-0.210124478,0.003746739,0.003575797
5.866200000000000,-2.20E-03,0.004084884,0.977500932,-0.210871413,0.977500932,-0.210871413,0.003682203,0.002816095
5.866300000000001,-2.46E-03,0.003321637,0.977330977,-0.211667873,0.977330977,-0.211667873,0.003612105,0.002005623
5.866400000000001,-2.75E-03,0.002505861,0.977147951,-0.212519077,0.977147951,-0.212519077,0.003535781,0.001139019
5.866500000000000,-3.05E-03,0.001631672,0.976950419,-0.213431159,0.976950419,-0.213431159,0.003452561,2.0999374309e-4
5.866600000000000,-3.38E-03,6.9170959296e-4,0.97673727,-0.214411702,0.97673727,-0.214411702,0.003362275,-7.89E-04
5.866604587239252,-3.40E-03,6.4687074691e-4,0.976726985,-0.214458436,0.976726985,-0.214458436,0.003357992,-8.37E-04
5.866609069367488,-3.41E-03,6.0290511842e-4,0.976716896,-0.214504256,0.976716896,-0.214504256,0.003353799,-8.84E-04
5.866613448793198,-3.43E-03,5.5979867811e-4,0.976707002,-0.214549176,0.976707002,-0.214549176,0.003349695,-9.29E-04
5.866617727869686,-3.44E-03,5.1753751464e-4,0.976697297,-0.214593212,0.976697297,-0.214593212,0.003345678,-9.74E-04
5.866621908896333,-3.46E-03,4.7610784456e-4,0.976687781,-0.214636377,0.976687781,-0.214636377,0.003341749,-1.02E-03
5.866625994119832,-3.47E-03,4.3549601845e-4,0.976678449,-0.214678686,0.976678449,-0.214678686,0.003337906,-1.06E-03
5.866629985735395,-3.49E-03,3.9568852668e-4,0.9766693,-0.214720153,0.9766693,-0.214720153,0.003334148,-1.10E-03
5.866633885887935,-3.50E-03,3.5667200486e-4,0.976660329,-0.214760792,0.976660329,-0.214760792,0.003330475,-1.15E-03
5.866637696673216,-3.51E-03,3.1843323896e-4,0.976651535,-0.214800615,0.976651535,-0.214800615,0.003326885,-1.19E-03
5.866641420138980,-3.53E-03,2.8095917016e-4,0.976642915,-0.214839638,0.976642915,-0.214839638,0.003323378,-1.23E-03
5.866645058286047,-3.54E-03,2.4423689936e-4,0.976634465,-0.214877872,0.976634465,-0.214877872,0.003319953,-1.26E-03
5.866648613069392,-3.55E-03,2.0825369139e-4,0.976626184,-0.214915332,0.976626184,-0.214915332,0.003316609,-1.30E-03
5.866652086399195,-3.57E-03,1.7299697901e-4,0.976618067,-0.214952031,0.976618067,-0.214952031,0.003313345,-1.34E-03
5.866655480141862,-3.58E-03,1.3845436658e-4,0.976610114,-0.214987981,0.976610114,-0.214987981,0.00331016,-1.38E-03
5.866658796121038,-3.59E-03,1.0461363327e-4,0.976602321,-0.215023195,0.976602321,-0.215023195,0.003307053,-1.41E-03
5.866662036118577,-3.60E-03,7.1462736135e-5,0.976594685,-0.215057686,0.976594685,-0.215057686,0.003304024,-1.45E-03
5.866665201875508,-3.61E-03,3.8989812652e-5,0.976587204,-0.215091466,0.976587204,-0.215091466,0.003301071,-1.48E-03
5.866668295092962,-3.62E-03,7.1831827938e-6,0.976579875,-0.215124547,0.976579875,-0.215124547,0.003298193,-1.52E-03
5.866671317433096,-3.63E-03,-2.40E-05,0.976572696,-0.215156941,0.976572696,-0.215156941,0.003295389,-1.55E-03
5.866674270519976,-3.64E-03,-5.45E-05,0.976565664,-0.21518866,0.976565664,-0.21518866,0.003292658,-1.58E-03
5.866677155940456,-3.65E-03,-8.44E-05,0.976558778,-0.215219716,0.976558778,-0.215219716,0.00329,-1.61E-03
5.866679975245029,-3.66E-03,-1.14E-04,0.976552033,-0.21525012,0.976552033,-0.21525012,0.003287413,-1.64E-03
5.866682729948662,-3.67E-03,-1.42E-04,0.976545429,-0.215279884,0.976545429,-0.215279884,0.003284895,-1.67E-03
5.866685421531606,-3.68E-03,-1.70E-04,0.976538963,-0.215309018,0.976538963,-0.215309018,0.003282446,-1.70E-03
5.866688051440195,-3.69E-03,-1.98E-04,0.976532632,-0.215337533,0.976532632,-0.215337533,0.003280064,-1.73E-03
5.866690621087624,-3.70E-03,-2.25E-04,0.976526435,-0.215365441,0.976526435,-0.215365441,0.003277748,-1.76E-03
5.866693131854701,-3.71E-03,-2.51E-04,0.976520368,-0.215392752,0.976520368,-0.215392752,0.003275497,-1.79E-03
5.866695585090600,-3.72E-03,-2.77E-04,0.97651443,-0.215419476,0.97651443,-0.215419476,0.003273309,-1.82E-03
5.866697982113578,-3.73E-03,-3.02E-04,0.976508618,-0.215445624,0.976508618,-0.215445624,0.003271183,-1.84E-03
5.866700000000001,-3.74E-03,-3.23E-04,0.976503719,-0.215467662,0.976503719,-0.215467662,0.003269403,-1.87E-03
5.866700324211686,-3.74E-03,-3.27E-04,0.976502931,-0.215471206,0.976502931,-0.215471206,0.003269117,-1.87E-03
5.866702612643459,-3.74E-03,-3.51E-04,0.976497366,-0.215496231,0.976497366,-0.215496231,0.00326711,-1.90E-03
5.866704848638597,-3.75E-03,-3.74E-04,0.976491921,-0.215520711,0.976491921,-0.215520711,0.00326516,-1.92E-03
5.866707033398622,-3.76E-03,-3.97E-04,0.976486594,-0.215544655,0.976486594,-0.215544655,0.003263265,-1.95E-03
5.866709168097524,-3.77E-03,-4.20E-04,0.976481383,-0.215568072,0.976481383,-0.215568072,0.003261424,-1.97E-03
5.866711253882393,-3.78E-03,-4.42E-04,0.976476286,-0.215590972,0.976476286,-0.215590972,0.003259634,-1.99E-03
5.866713291874035,-3.78E-03,-4.64E-04,0.9764713,-0.215613365,0.9764713,-0.215613365,0.003257894,-2.02E-03
5.866715283167573,-3.79E-03,-4.85E-04,0.976466425,-0.21563526,0.976466425,-0.21563526,0.003256202,-2.04E-03
5.866717228833038,-3.80E-03,-5.05E-04,0.976461657,-0.215656666,0.976461657,-0.215656666,0.003254557,-2.06E-03
5.866719129915943,-3.80E-03,-5.26E-04,0.976456995,-0.215677594,0.976456995,-0.215677594,0.003252955,-2.08E-03
5.866720987437840,-3.81E-03,-5.45E-04,0.976452436,-0.215698051,0.976452436,-0.215698051,0.003251396,-2.10E-03
5.866722802396879,-3.82E-03,-5.65E-04,0.97644798,-0.215718047,0.97644798,-0.215718047,0.003249877,-2.12E-03
5.866724575768335,-3.82E-03,-5.84E-04,0.976443623,-0.215737592,0.976443623,-0.215737592,0.003248396,-2.14E-03
5.866726308505138,-3.83E-03,-6.02E-04,0.976439364,-0.215756694,0.976439364,-0.215756694,0.003246952,-2.16E-03
5.866728001538381,-3.84E-03,-6.20E-04,0.976435201,-0.215775362,0.976435201,-0.215775362,0.003245542,-2.18E-03
5.866729655777823,-3.84E-03,-6.38E-04,0.976431132,-0.215793605,0.976431132,-0.215793605,0.003244165,-2.20E-03
5.866731272112379,-3.85E-03,-6.55E-04,0.976427156,-0.215811433,0.976427156,-0.215811433,0.003242818,-2.22E-03
5.866732851410590,-3.85E-03,-6.72E-04,0.976423269,-0.215828853,0.976423269,-0.215828853,0.003241501,-2.24E-03
5.866734394521100,-3.86E-03,-6.88E-04,0.976419471,-0.215845874,0.976419471,-0.215845874,0.00324021,-2.25E-03
5.866735902273108,-3.86E-03,-7.04E-04,0.976415759,-0.215862506,0.976415759,-0.215862506,0.003238945,-2.27E-03
5.866737375476809,-3.87E-03,-7.20E-04,0.976412131,-0.215878756,0.976412131,-0.215878756,0.003237704,-2.29E-03
5.866738814923836,-3.87E-03,-7.35E-04,0.976408587,-0.215894634,0.976408587,-0.215894634,0.003236486,-2.30E-03
5.866740221387682,-3.88E-03,-7.50E-04,0.976405123,-0.215910147,0.976405123,-0.215910147,0.003235288,-2.32E-03
5.866741595624118,-3.88E-03,-7.65E-04,0.976401738,-0.215925304,0.976401738,-0.215925304,0.00323411,-2.33E-03
5.866742938371595,-3.89E-03,-7.79E-04,0.976398431,-0.215940113,0.976398431,-0.215940113,0.00323295,-2.35E-03
5.866744250351644,-3.89E-03,-7.93E-04,0.976395199,-0.215954582,0.976395199,-0.215954582,0.003231807,-2.36E-03
5.866745532269262,-3.90E-03,-8.07E-04,0.97639204,-0.215968719,0.97639204,-0.215968719,0.003230681,-2.38E-03
5.866746784813297,-3.90E-03,-8.20E-04,0.976388954,-0.215982532,0.976388954,-0.215982532,0.003229569,-2.39E-03
5.866748008656804,-3.91E-03,-8.33E-04,0.976385938,-0.215996029,0.976385938,-0.215996029,0.003228472,-2.41E-03
5.866749204457425,-3.91E-03,-8.46E-04,0.976382991,-0.216009217,0.976382991,-0.216009217,0.003227389,-2.42E-03
5.866750372857726,-3.92E-03,-8.58E-04,0.976380111,-0.216022104,0.976380111,-0.216022104,0.003226318,-2.43E-03
5.866751514485554,-3.92E-03,-8.70E-04,0.976377296,-0.216034696,0.976377296,-0.216034696,0.00322526,-2.45E-03
5.866752629954365,-3.92E-03,-8.82E-04,0.976374545,-0.216047002,0.976374545,-0.216047002,0.003224213,-2.46E-03
5.866753719863564,-3.93E-03,-8.94E-04,0.976371856,-0.216059027,0.976371856,-0.216059027,0.003223178,-2.47E-03
5.866754784798817,-3.93E-03,-9.05E-04,0.976369228,-0.21607078,0.976369228,-0.21607078,0.003222153,-2.48E-03
5.866755825332372,-3.93E-03,-9.16E-04,0.97636666,-0.216082266,0.97636666,-0.216082266,0.00322114,-2.49E-03
5.866756842023364,-3.94E-03,-9.27E-04,0.976364149,-0.216093492,0.976364149,-0.216093492,0.003220137,-2.51E-03
5.866757835418117,-3.94E-03,-9.37E-04,0.976361695,-0.216104464,0.976361695,-0.216104464,0.003219145,-2.52E-03
5.866758806050435,-3.95E-03,-9.48E-04,0.976359296,-0.216115189,0.976359296,-0.216115189,0.003218162,-2.53E-03
5.866759754441893,-3.95E-03,-9.58E-04,0.976356951,-0.216125672,0.976356951,-0.216125672,0.003217191,-2.54E-03
5.866760681102112,-3.95E-03,-9.68E-04,0.976354659,-0.21613592,0.976354659,-0.21613592,0.003216229,-2.55E-03
5.866761586529038,-3.96E-03,-9.77E-04,0.976352417,-0.216145938,0.976352417,-0.216145938,0.003215278,-2.56E-03
5.866762471209205,-3.96E-03,-9.87E-04,0.976350226,-0.216155731,0.976350226,-0.216155731,0.003214337,-2.57E-03
5.866763335618001,-3.96E-03,-9.96E-04,0.976348084,-0.216165306,0.976348084,-0.216165306,0.003213407,-2.58E-03
5.866764180219918,-3.97E-03,-1.00E-03,0.976345989,-0.216174666,0.976345989,-0.216174666,0.003212487,-2.59E-03
5.866765005468808,-3.97E-03,-1.01E-03,0.976343941,-0.216183817,0.976343941,-0.216183817,0.003211579,-2.60E-03
5.866765811808121,-3.97E-03,-1.02E-03,0.976341938,-0.216192765,0.976341938,-0.216192765,0.003210681,-2.61E-03
5.866766599671148,-3.98E-03,-1.03E-03,0.97633998,-0.216201514,0.97633998,-0.216201514,0.003209794,-2.62E-03
5.866767369481252,-3.98E-03,-1.04E-03,0.976338065,-0.216210068,0.976338065,-0.216210068,0.003208918,-2.63E-03
5.866768121652091,-3.98E-03,-1.05E-03,0.976336193,-0.216218432,0.976336193,-0.216218432,0.003208054,-2.63E-03
5.866768856587850,-3.98E-03,-1.05E-03,0.976334362,-0.21622661,0.976334362,-0.21622661,0.003207201,-2.64E-03
5.866769574683448,-3.99E-03,-1.06E-03,0.976332571,-0.216234607,0.976332571,-0.216234607,0.003206359,-2.65E-03
5.866770276324757,-3.99E-03,-1.07E-03,0.976330821,-0.216242427,0.976330821,-0.216242427,0.00320553,-2.66E-03
5.866770961888808,-3.99E-03,-1.08E-03,0.976329108,-0.216250074,0.976329108,-0.216250074,0.003204712,-2.67E-03
5.866771631743990,-4.00E-03,-1.08E-03,0.976327434,-0.216257551,0.976327434,-0.216257551,0.003203906,-2.67E-03
5.866772286250255,-4.00E-03,-1.09E-03,0.976325796,-0.216264863,0.976325796,-0.216264863,0.003203112,-2.68E-03
5.866772925759303,-4.00E-03,-1.10E-03,0.976324195,-0.216272014,0.976324195,-0.216272014,0.00320233,-2.69E-03
5.866773550614779,-4.00E-03,-1.10E-03,0.976322629,-0.216279006,0.976322629,-0.216279006,0.003201561,-2.70E-03
5.866774161152450,-4.01E-03,-1.11E-03,0.976321098,-0.216285843,0.976321098,-0.216285843,0.003200803,-2.70E-03
5.866774757700391,-4.01E-03,-1.12E-03,0.9763196,-0.21629253,0.9763196,-0.21629253,0.003200058,-2.71E-03
5.866775340579161,-4.01E-03,-1.12E-03,0.976318135,-0.216299068,0.976318135,-0.216299068,0.003199325,-2.72E-03
5.866775910101972,-4.01E-03,-1.13E-03,0.976316703,-0.216305462,0.976316703,-0.216305462,0.003198605,-2.72E-03
5.866776466574859,-4.01E-03,-1.14E-03,0.976315302,-0.216311714,0.976315302,-0.216311714,0.003197896,-2.73E-03
5.866777010296846,-4.02E-03,-1.14E-03,0.976313932,-0.216317828,0.976313932,-0.216317828,0.0031972,-2.74E-03
5.866777541560104,-4.02E-03,-1.15E-03,0.976312593,-0.216323807,0.976312593,-0.216323807,0.003196516,-2.74E-03
5.866778060650109,-4.02E-03,-1.15E-03,0.976311283,-0.216329654,0.976311283,-0.216329654,0.003195844,-2.75E-03
5.866778567845797,-4.02E-03,-1.16E-03,0.976310002,-0.216335371,0.976310002,-0.216335371,0.003195185,-2.75E-03
5.866779063419711,-4.02E-03,-1.16E-03,0.976308749,-0.216340961,0.976308749,-0.216340961,0.003194537,-2.76E-03
5.866779547638153,-4.03E-03,-1.17E-03,0.976307524,-0.216346428,0.976307524,-0.216346428,0.003193901,-2.76E-03
5.866780020761316,-4.03E-03,-1.17E-03,0.976306326,-0.216351773,0.976306326,-0.216351773,0.003193277,-2.77E-03
5.866780483043437,-4.03E-03,-1.18E-03,0.976305155,-0.216357,0.976305155,-0.216357,0.003192665,-2.77E-03
5.866780934732923,-4.03E-03,-1.18E-03,0.976304009,-0.216362111,0.976304009,-0.216362111,0.003192065,-2.78E-03
5.866781376072494,-4.03E-03,-1.19E-03,0.976302889,-0.216367109,0.976302889,-0.216367109,0.003191476,-2.79E-03
5.866781807299304,-4.04E-03,-1.19E-03,0.976301794,-0.216371995,0.976301794,-0.216371995,0.003190899,-2.79E-03
5.866782228645076,-4.04E-03,-1.20E-03,0.976300723,-0.216376773,0.976300723,-0.216376773,0.003190333,-2.80E-03
5.866782640336221,-4.04E-03,-1.20E-03,0.976299675,-0.216381445,0.976299675,-0.216381445,0.003189778,-2.80E-03
5.866783042593964,-4.04E-03,-1.21E-03,0.976298651,-0.216386013,0.976298651,-0.216386013,0.003189234,-2.80E-03
5.866783435634459,-4.04E-03,-1.21E-03,0.97629765,-0.216390479,0.97629765,-0.216390479,0.003188702,-2.81E-03
5.866783819668909,-4.04E-03,-1.21E-03,0.976296671,-0.216394846,0.976296671,-0.216394846,0.00318818,-2.81E-03
5.866784194903675,-4.05E-03,-1.22E-03,0.976295714,-0.216399115,0.976295714,-0.216399115,0.003187668,-2.82E-03
5.866784561540391,-4.05E-03,-1.22E-03,0.976294778,-0.21640329,0.976294778,-0.21640329,0.003187167,-2.82E-03
5.866784919776073,-4.05E-03,-1.23E-03,0.976293863,-0.216407371,0.976293863,-0.216407371,0.003186676,-2.83E-03
5.866785269803219,-4.05E-03,-1.23E-03,0.976292968,-0.216411361,0.976292968,-0.216411361,0.003186196,-2.83E-03
5.866785611809918,-4.05E-03,-1.23E-03,0.976292094,-0.216415262,0.976292094,-0.216415262,0.003185725,-2.83E-03
5.866785945979951,-4.05E-03,-1.24E-03,0.976291239,-0.216419076,0.976291239,-0.216419076,0.003185265,-2.84E-03
5.866786272492881,-4.05E-03,-1.24E-03,0.976290402,-0.216422805,0.976290402,-0.216422805,0.003184814,-2.84E-03
5.866786591524164,-4.06E-03,-1.24E-03,0.976289585,-0.21642645,0.976289585,-0.21642645,0.003184372,-2.85E-03
5.866786903245234,-4.06E-03,-1.25E-03,0.976288786,-0.216430014,0.976288786,-0.216430014,0.00318394,-2.85E-03
5.866787207823593,-4.06E-03,-1.25E-03,0.976288004,-0.216433497,0.976288004,-0.216433497,0.003183517,-2.85E-03
5.866787505422909,-4.06E-03,-1.25E-03,0.976287241,-0.216436903,0.976287241,-0.216436903,0.003183103,-2.86E-03
5.866787796203099,-4.06E-03,-1.26E-03,0.976286494,-0.216440233,0.976286494,-0.216440233,0.003182698,-2.86E-03
5.866788080320413,-4.06E-03,-1.26E-03,0.976285764,-0.216443488,0.976285764,-0.216443488,0.003182302,-2.86E-03
5.866788357927524,-4.06E-03,-1.26E-03,0.97628505,-0.21644667,0.97628505,-0.21644667,0.003181914,-2.87E-03
5.866788629173605,-4.06E-03,-1.27E-03,0.976284352,-0.21644978,0.976284352,-0.21644978,0.003181535,-2.87E-03
5.866788894204412,-4.07E-03,-1.27E-03,0.97628367,-0.216452821,0.97628367,-0.216452821,0.003181164,-2.87E-03
5.866789153162360,-4.07E-03,-1.27E-03,0.976283004,-0.216455793,0.976283004,-0.216455793,0.0031808,-2.88E-03
5.866789406186600,-4.07E-03,-1.28E-03,0.976282352,-0.216458698,0.976282352,-0.216458698,0.003180445,-2.88E-03
5.866789653413098,-4.07E-03,-1.28E-03,0.976281715,-0.216461539,0.976281715,-0.216461539,0.003180098,-2.88E-03
5.866789894974700,-4.07E-03,-1.28E-03,0.976281092,-0.216464315,0.976281092,-0.216464315,0.003179758,-2.88E-03
5.866790131001212,-4.07E-03,-1.28E-03,0.976280483,-0.216467029,0.976280483,-0.216467029,0.003179426,-2.89E-03
5.866790361619462,-4.07E-03,-1.29E-03,0.976279888,-0.216469681,0.976279888,-0.216469681,0.003179101,-2.89E-03
5.866790586953377,-4.07E-03,-1.29E-03,0.976279306,-0.216472274,0.976279306,-0.216472274,0.003178783,-2.89E-03
5.866790807124037,-4.07E-03,-1.29E-03,0.976278738,-0.216474809,0.976278738,-0.216474809,0.003178472,-2.89E-03
5.866791022249754,-4.07E-03,-1.29E-03,0.976278182,-0.216477286,0.976278182,-0.216477286,0.003178168,-2.90E-03
5.866791232446127,-4.08E-03,-1.30E-03,0.976277639,-0.216479708,0.976277639,-0.216479708,0.003177871,-2.90E-03
5.866791437826105,-4.08E-03,-1.30E-03,0.976277108,-0.216482075,0.976277108,-0.216482075,0.003177581,-2.90E-03
5.866791638500051,-4.08E-03,-1.30E-03,0.976276589,-0.216484388,0.976276589,-0.216484388,0.003177296,-2.90E-03
5.866791834575796,-4.08E-03,-1.30E-03,0.976276081,-0.216486649,0.976276081,-0.216486649,0.003177019,-2.91E-03
5.866792026158704,-4.08E-03,-1.30E-03,0.976275585,-0.216488859,0.976275585,-0.216488859,0.003176747,-2.91E-03
5.866792213351722,-4.08E-03,-1.31E-03,0.976275101,-0.21649102,0.976275101,-0.21649102,0.003176482,-2.91E-03
5.866792396255440,-4.08E-03,-1.31E-03,0.976274627,-0.216493131,0.976274627,-0.216493131,0.003176222,-2.91E-03
5.866792574968141,-4.08E-03,-1.31E-03,0.976274164,-0.216495195,0.976274164,-0.216495195,0.003175968,-2.92E-03
5.866792749585858,-4.08E-03,-1.31E-03,0.976273711,-0.216497211,0.976273711,-0.216497211,0.00317572,-2.92E-03
5.866792920202421,-4.08E-03,-1.31E-03,0.976273269,-0.216499183,0.976273269,-0.216499183,0.003175477,-2.92E-03
5.866793086909514,-4.08E-03,-1.32E-03,0.976272836,-0.21650111,0.976272836,-0.21650111,0.00317524,-2.92E-03
5.866793249796715,-4.08E-03,-1.32E-03,0.976272414,-0.216502993,0.976272414,-0.216502993,0.003175009,-2.92E-03
5.866793408951555,-4.08E-03,-1.32E-03,0.976272001,-0.216504833,0.976272001,-0.216504833,0.003174782,-2.93E-03
5.866793564459554,-4.09E-03,-1.32E-03,0.976271597,-0.216506632,0.976271597,-0.216506632,0.003174561,-2.93E-03
5.866793716404276,-4.09E-03,-1.32E-03,0.976271203,-0.21650839,0.976271203,-0.21650839,0.003174344,-2.93E-03
5.866793864867370,-4.09E-03,-1.32E-03,0.976270817,-0.216510108,0.976270817,-0.216510108,0.003174133,-2.93E-03
5.866794009928612,-4.09E-03,-1.33E-03,0.97627044,-0.216511787,0.97627044,-0.216511787,0.003173926,-2.93E-03
5.866794151665952,-4.09E-03,-1.33E-03,0.976270072,-0.216513428,0.976270072,-0.216513428,0.003173724,-2.93E-03
5.866794290155553,-4.09E-03,-1.33E-03,0.976269712,-0.216515032,0.976269712,-0.216515032,0.003173526,-2.94E-03
5.866794425471832,-4.09E-03,-1.33E-03,0.97626936,-0.2165166,0.97626936,-0.2165166,0.003173333,-2.94E-03
5.866794557687504,-4.09E-03,-1.33E-03,0.976269016,-0.216518132,0.976269016,-0.216518132,0.003173144,-2.94E-03
5.866794686873614,-4.09E-03,-1.33E-03,0.97626868,-0.216519629,0.97626868,-0.216519629,0.00317296,-2.94E-03
5.866794813099582,-4.09E-03,-1.33E-03,0.976268352,-0.216521092,0.976268352,-0.216521092,0.003172779,-2.94E-03
5.866794936433235,-4.09E-03,-1.34E-03,0.976268031,-0.216522522,0.976268031,-0.216522522,0.003172603,-2.94E-03
5.866795056940846,-4.09E-03,-1.34E-03,0.976267717,-0.21652392,0.976267717,-0.21652392,0.003172431,-2.94E-03
5.866795174687172,-4.09E-03,-1.34E-03,0.97626741,-0.216525285,0.97626741,-0.216525285,0.003172263,-2.95E-03
5.866795289735484,-4.09E-03,-1.34E-03,0.976267111,-0.21652662,0.976267111,-0.21652662,0.003172098,-2.95E-03
5.866795402147605,-4.09E-03,-1.34E-03,0.976266818,-0.216527925,0.976266818,-0.216527925,0.003171938,-2.95E-03
5.866795511983937,-4.09E-03,-1.34E-03,0.976266532,-0.216529199,0.976266532,-0.216529199,0.00317178,-2.95E-03
5.866795619303502,-4.09E-03,-1.34E-03,0.976266252,-0.216530445,0.976266252,-0.216530445,0.003171627,-2.95E-03
5.866795724163971,-4.09E-03,-1.34E-03,0.976265979,-0.216531662,0.976265979,-0.216531662,0.003171477,-2.95E-03
5.866795826621690,-4.09E-03,-1.35E-03,0.976265712,-0.216532852,0.976265712,-0.216532852,0.00317133,-2.95E-03
5.866795926731714,-4.10E-03,-1.35E-03,0.976265451,-0.216534015,0.976265451,-0.216534015,0.003171187,-2.96E-03
5.866796024547839,-4.10E-03,-1.35E-03,0.976265196,-0.216535151,0.976265196,-0.216535151,0.003171047,-2.96E-03
5.866796120122626,-4.10E-03,-1.35E-03,0.976264947,-0.216536261,0.976264947,-0.216536261,0.00317091,-2.96E-03
5.866796213507433,-4.10E-03,-1.35E-03,0.976264703,-0.216537346,0.976264703,-0.216537346,0.003170776,-2.96E-03
5.866796304752441,-4.10E-03,-1.35E-03,0.976264465,-0.216538407,0.976264465,-0.216538407,0.003170646,-2.96E-03
5.866796393906680,-4.10E-03,-1.35E-03,0.976264232,-0.216539443,0.976264232,-0.216539443,0.003170518,-2.96E-03
5.866796481018057,-4.10E-03,-1.35E-03,0.976264005,-0.216540456,0.976264005,-0.216540456,0.003170393,-2.96E-03
5.866796566133383,-4.10E-03,-1.35E-03,0.976263783,-0.216541445,0.976263783,-0.216541445,0.003170271,-2.96E-03
5.866796649298395,-4.10E-03,-1.36E-03,0.976263566,-0.216542412,0.976263566,-0.216542412,0.003170152,-2.96E-03
5.866796730557781,-4.10E-03,-1.36E-03,0.976263354,-0.216543357,0.976263354,-0.216543357,0.003170036,-2.96E-03
5.866796809955209,-4.10E-03,-1.36E-03,0.976263146,-0.216544281,0.976263146,-0.216544281,0.003169922,-2.97E-03
5.866796887533339,-4.10E-03,-1.36E-03,0.976262944,-0.216545183,0.976262944,-0.216545183,0.003169811,-2.97E-03
5.866796963333861,-4.10E-03,-1.36E-03,0.976262746,-0.216546065,0.976262746,-0.216546065,0.003169702,-2.97E-03
5.866797037397506,-4.10E-03,-1.36E-03,0.976262552,-0.216546927,0.976262552,-0.216546927,0.003169596,-2.97E-03
5.866797109764073,-4.10E-03,-1.36E-03,0.976262363,-0.216547769,0.976262363,-0.216547769,0.003169492,-2.97E-03
5.866797180472448,-4.10E-03,-1.36E-03,0.976262178,-0.216548592,0.976262178,-0.216548592,0.00316939,-2.97E-03
5.866797249560626,-4.10E-03,-1.36E-03,0.976261998,-0.216549396,0.976261998,-0.216549396,0.003169291,-2.97E-03
5.866797317065734,-4.10E-03,-1.36E-03,0.976261821,-0.216550182,0.976261821,-0.216550182,0.003169195,-2.97E-03
5.866797383024043,-4.10E-03,-1.36E-03,0.976261649,-0.21655095,0.976261649,-0.21655095,0.0031691,-2.97E-03
5.866797447470997,-4.10E-03,-1.36E-03,0.976261481,-0.2165517,0.976261481,-0.2165517,0.003169007,-2.97E-03
5.866797510441228,-4.10E-03,-1.36E-03,0.976261316,-0.216552433,0.976261316,-0.216552433,0.003168917,-2.97E-03
5.866797571968573,-4.10E-03,-1.37E-03,0.976261155,-0.21655315,0.976261155,-0.21655315,0.003168829,-2.97E-03
5.866797632086094,-4.10E-03,-1.37E-03,0.976260998,-0.21655385,0.976260998,-0.21655385,0.003168743,-2.98E-03
5.866797690826093,-4.10E-03,-1.37E-03,0.976260844,-0.216554534,0.976260844,-0.216554534,0.003168658,-2.98E-03
5.866797748220137,-4.10E-03,-1.37E-03,0.976260694,-0.216555203,0.976260694,-0.216555203,0.003168576,-2.98E-03
5.866797804299066,-4.10E-03,-1.37E-03,0.976260547,-0.216555856,0.976260547,-0.216555856,0.003168495,-2.98E-03
5.866797859093015,-4.10E-03,-1.37E-03,0.976260404,-0.216556495,0.976260404,-0.216556495,0.003168417,-2.98E-03
5.866797912631427,-4.10E-03,-1.37E-03,0.976260264,-0.216557118,0.976260264,-0.216557118,0.00316834,-2.98E-03
5.866797964943072,-4.10E-03,-1.37E-03,0.976260127,-0.216557728,0.976260127,-0.216557728,0.003168265,-2.98E-03
5.866798016056058,-4.10E-03,-1.37E-03,0.976259993,-0.216558324,0.976259993,-0.216558324,0.003168191,-2.98E-03
5.866798065997853,-4.10E-03,-1.37E-03,0.976259863,-0.216558906,0.976259863,-0.216558906,0.00316812,-2.98E-03
5.866798114795292,-4.10E-03,-1.37E-03,0.976259735,-0.216559475,0.976259735,-0.216559475,0.00316805,-2.98E-03
5.866798162474597,-4.10E-03,-1.37E-03,0.97625961,-0.21656003,0.97625961,-0.21656003,0.003167981,-2.98E-03
5.866798209061389,-4.10E-03,-1.37E-03,0.976259488,-0.216560574,0.976259488,-0.216560574,0.003167914,-2.98E-03
5.866798254580701,-4.11E-03,-1.37E-03,0.976259369,-0.216561104,0.976259369,-0.216561104,0.003167849,-2.98E-03
5.866798299056992,-4.11E-03,-1.37E-03,0.976259253,-0.216561623,0.976259253,-0.216561623,0.003167785,-2.98E-03
5.866798342514163,-4.11E-03,-1.37E-03,0.976259139,-0.21656213,0.976259139,-0.21656213,0.003167723,-2.98E-03
5.866798384975567,-4.11E-03,-1.37E-03,0.976259028,-0.216562625,0.976259028,-0.216562625,0.003167662,-2.98E-03
5.866798426464019,-4.11E-03,-1.37E-03,0.976258919,-0.216563109,0.976258919,-0.216563109,0.003167602,-2.98E-03
5.866798467001813,-4.11E-03,-1.38E-03,0.976258813,-0.216563581,0.976258813,-0.216563581,0.003167544,-2.99E-03
5.866798506610733,-4.11E-03,-1.38E-03,0.976258709,-0.216564043,0.976258709,-0.216564043,0.003167487,-2.99E-03
5.866798545312063,-4.11E-03,-1.38E-03,0.976258608,-0.216564495,0.976258608,-0.216564495,0.003167432,-2.99E-03
5.866798583126600,-4.11E-03,-1.38E-03,0.976258509,-0.216564936,0.976258509,-0.216564936,0.003167377,-2.99E-03
5.866798620074662,-4.11E-03,-1.38E-03,0.976258412,-0.216565367,0.976258412,-0.216565367,0.003167324,-2.99E-03
5.866798656176103,-4.11E-03,-1.38E-03,0.976258317,-0.216565788,0.976258317,-0.216565788,0.003167272,-2.99E-03
5.866798691450325,-4.11E-03,-1.38E-03,0.976258225,-0.2165662,0.976258225,-0.2165662,0.003167222,-2.99E-03
5.866798725916279,-4.11E-03,-1.38E-03,0.976258135,-0.216566602,0.976258135,-0.216566602,0.003167172,-2.99E-03
5.866798759592489,-4.11E-03,-1.38E-03,0.976258046,-0.216566995,0.976258046,-0.216566995,0.003167124,-2.99E-03
5.866798792497049,-4.11E-03,-1.38E-03,0.97625796,-0.216567379,0.97625796,-0.216567379,0.003167076,-2.99E-03
5.866798824647641,-4.11E-03,-1.38E-03,0.976257876,-0.216567754,0.976257876,-0.216567754,0.00316703,-2.99E-03
5.866798856061541,-4.11E-03,-1.38E-03,0.976257794,-0.21656812,0.976257794,-0.21656812,0.003166985,-2.99E-03
5.866798886755630,-4.11E-03,-1.38E-03,0.976257713,-0.216568479,0.976257713,-0.216568479,0.003166941,-2.99E-03
5.866798916746402,-4.11E-03,-1.38E-03,0.976257635,-0.216568829,0.976257635,-0.216568829,0.003166898,-2.99E-03
5.866798946049970,-4.11E-03,-1.38E-03,0.976257558,-0.216569171,0.976257558,-0.216569171,0.003166856,-2.99E-03
5.866798974682084,-4.11E-03,-1.38E-03,0.976257483,-0.216569505,0.976257483,-0.216569505,0.003166815,-2.99E-03
5.866799002658127,-4.11E-03,-1.38E-03,0.976257409,-0.216569831,0.976257409,-0.216569831,0.003166774,-2.99E-03
5.866799029993133,-4.11E-03,-1.38E-03,0.976257338,-0.216570151,0.976257338,-0.216570151,0.003166735,-2.99E-03
5.866799056701791,-4.11E-03,-1.38E-03,0.976257268,-0.216570462,0.976257268,-0.216570462,0.003166697,-2.99E-03
5.866799082798453,-4.11E-03,-1.38E-03,0.976257199,-0.216570767,0.976257199,-0.216570767,0.003166659,-2.99E-03
5.866799108297140,-4.11E-03,-1.38E-03,0.976257133,-0.216571065,0.976257133,-0.216571065,0.003166623,-2.99E-03
5.866799133211557,-4.11E-03,-1.38E-03,0.976257067,-0.216571356,0.976257067,-0.216571356,0.003166587,-2.99E-03
5.866799157555089,-4.11E-03,-1.38E-03,0.976257003,-0.21657164,0.976257003,-0.21657164,0.003166552,-2.99E-03
5.866799181340820,-4.11E-03,-1.38E-03,0.976256941,-0.216571918,0.976256941,-0.216571918,0.003166518,-2.99E-03
5.866799204581529,-4.11E-03,-1.38E-03,0.97625688,-0.216572189,0.97625688,-0.216572189,0.003166484,-2.99E-03
5.866799227289706,-4.11E-03,-1.38E-03,0.976256821,-0.216572454,0.976256821,-0.216572454,0.003166452,-2.99E-03
5.866799249477552,-4.11E-03,-1.38E-03,0.976256762,-0.216572713,0.976256762,-0.216572713,0.00316642,-2.99E-03
5.866799271156991,-4.11E-03,-1.38E-03,0.976256705,-0.216572966,0.976256705,-0.216572966,0.003166389,-2.99E-03
5.866799292339672,-4.11E-03,-1.38E-03,0.97625665,-0.216573214,0.97625665,-0.216573214,0.003166358,-3.00E-03
5.866799313036977,-4.11E-03,-1.38E-03,0.976256596,-0.216573455,0.976256596,-0.216573455,0.003166328,-3.00E-03
5.866799333260029,-4.11E-03,-1.38E-03,0.976256543,-0.216573692,0.976256543,-0.216573692,0.003166299,-3.00E-03
5.866799353019695,-4.11E-03,-1.39E-03,0.976256491,-0.216573922,0.976256491,-0.216573922,0.003166271,-3.00E-03
5.866799372326591,-4.11E-03,-1.39E-03,0.97625644,-0.216574148,0.97625644,-0.216574148,0.003166243,-3.00E-03
5.866799391191093,-4.11E-03,-1.39E-03,0.976256391,-0.216574368,0.976256391,-0.216574368,0.003166216,-3.00E-03
5.866799409623338,-4.11E-03,-1.39E-03,0.976256342,-0.216574584,0.976256342,-0.216574584,0.00316619,-3.00E-03
5.866799427633230,-4.11E-03,-1.39E-03,0.976256295,-0.216574794,0.976256295,-0.216574794,0.003166164,-3.00E-03
5.866799445230448,-4.11E-03,-1.39E-03,0.976256249,-0.216574999,0.976256249,-0.216574999,0.003166138,-3.00E-03
5.866799462424447,-4.11E-03,-1.39E-03,0.976256204,-0.2165752,0.976256204,-0.2165752,0.003166114,-3.00E-03
5.866799479224467,-4.11E-03,-1.39E-03,0.97625616,-0.216575397,0.97625616,-0.216575397,0.00316609,-3.00E-03
5.866799495639534,-4.11E-03,-1.39E-03,0.976256117,-0.216575588,0.976256117,-0.216575588,0.003166066,-3.00E-03
5.866799511678470,-4.11E-03,-1.39E-03,0.976256075,-0.216575776,0.976256075,-0.216575776,0.003166043,-3.00E-03
5.866799527349893,-4.11E-03,-1.39E-03,0.976256033,-0.216575959,0.976256033,-0.216575959,0.00316602,-3.00E-03
5.866799542662224,-4.11E-03,-1.39E-03,0.976255993,-0.216576138,0.976255993,-0.216576138,0.003165998,-3.00E-03
5.866799557623692,-4.11E-03,-1.39E-03,0.976255954,-0.216576313,0.976255954,-0.216576313,0.003165977,-3.00E-03
5.866799572242336,-4.11E-03,-1.39E-03,0.976255916,-0.216576483,0.976255916,-0.216576483,0.003165956,-3.00E-03
5.866799586526012,-4.11E-03,-1.39E-03,0.976255878,-0.21657665,0.976255878,-0.21657665,0.003165935,-3.00E-03
5.866799600482395,-4.11E-03,-1.39E-03,0.976255842,-0.216576813,0.976255842,-0.216576813,0.003165915,-3.00E-03
5.866799614118984,-4.11E-03,-1.39E-03,0.976255806,-0.216576973,0.976255806,-0.216576973,0.003165896,-3.00E-03
5.866799627443107,-4.11E-03,-1.39E-03,0.976255771,-0.216577128,0.976255771,-0.216577128,0.003165877,-3.00E-03
5.866799640461924,-4.11E-03,-1.39E-03,0.976255737,-0.21657728,0.976255737,-0.21657728,0.003165858,-3.00E-03
5.866799653182430,-4.11E-03,-1.39E-03,0.976255703,-0.216577429,0.976255703,-0.216577429,0.00316584,-3.00E-03
5.866799665611462,-4.11E-03,-1.39E-03,0.976255671,-0.216577574,0.976255671,-0.216577574,0.003165822,-3.00E-03
5.866799677755697,-4.11E-03,-1.39E-03,0.976255639,-0.216577716,0.976255639,-0.216577716,0.003165804,-3.00E-03
5.866799689621662,-4.11E-03,-1.39E-03,0.976255608,-0.216577855,0.976255608,-0.216577855,0.003165787,-3.00E-03
5.866799701215734,-4.11E-03,-1.39E-03,0.976255577,-0.21657799,0.976255577,-0.21657799,0.00316577,-3.00E-03
5.866799712544141,-4.11E-03,-1.39E-03,0.976255547,-0.216578123,0.976255547,-0.216578123,0.003165754,-3.00E-03
5.866799723612972,-4.11E-03,-1.39E-03,0.976255518,-0.216578252,0.976255518,-0.216578252,0.003165738,-3.00E-03
5.866799734428174,-4.11E-03,-1.39E-03,0.97625549,-0.216578379,0.97625549,-0.216578379,0.003165723,-3.00E-03
5.866799744995558,-4.11E-03,-1.39E-03,0.976255462,-0.216578502,0.976255462,-0.216578502,0.003165708,-3.00E-03
5.866799755320804,-4.11E-03,-1.39E-03,0.976255435,-0.216578623,0.976255435,-0.216578623,0.003165693,-3.00E-03
5.866799765409460,-4.11E-03,-1.39E-03,0.976255409,-0.216578741,0.976255409,-0.216578741,0.003165678,-3.00E-03
5.866799775266945,-4.11E-03,-1.39E-03,0.976255383,-0.216578856,0.976255383,-0.216578856,0.003165664,-3.00E-03
5.866799784898559,-4.11E-03,-1.39E-03,0.976255358,-0.216578968,0.976255358,-0.216578968,0.00316565,-3.00E-03
5.866799794309475,-4.11E-03,-1.39E-03,0.976255333,-0.216579078,0.976255333,-0.216579078,0.003165637,-3.00E-03
5.866799803504753,-4.11E-03,-1.39E-03,0.976255309,-0.216579186,0.976255309,-0.216579186,0.003165623,-3.00E-03
5.866799812489330,-4.11E-03,-1.39E-03,0.976255285,-0.216579291,0.976255285,-0.216579291,0.003165611,-3.00E-03
5.866799821268038,-4.11E-03,-1.39E-03,0.976255262,-0.216579393,0.976255262,-0.216579393,0.003165598,-3.00E-03
5.866799829845593,-4.11E-03,-1.39E-03,0.97625524,-0.216579494,0.97625524,-0.216579494,0.003165586,-3.00E-03
5.866799838226603,-4.11E-03,-1.39E-03,0.976255218,-0.216579592,0.976255218,-0.216579592,0.003165574,-3.00E-03
5.866799846415573,-4.11E-03,-1.39E-03,0.976255196,-0.216579687,0.976255196,-0.216579687,0.003165562,-3.00E-03
5.866799854416902,-4.11E-03,-1.39E-03,0.976255175,-0.216579781,0.976255175,-0.216579781,0.00316555,-3.00E-03
5.866799862234890,-4.11E-03,-1.39E-03,0.976255155,-0.216579872,0.976255155,-0.216579872,0.003165539,-3.00E-03
5.866799869873739,-4.11E-03,-1.39E-03,0.976255135,-0.216579962,0.976255135,-0.216579962,0.003165528,-3.00E-03
5.866799877337552,-4.11E-03,-1.39E-03,0.976255115,-0.216580049,0.976255115,-0.216580049,0.003165517,-3.00E-03
5.866799884630342,-4.11E-03,-1.39E-03,0.976255096,-0.216580134,0.976255096,-0.216580134,0.003165507,-3.00E-03
5.866799891756026,-4.11E-03,-1.39E-03,0.976255077,-0.216580217,0.976255077,-0.216580217,0.003165497,-3.00E-03
5.866799898718433,-4.11E-03,-1.39E-03,0.976255059,-0.216580299,0.976255059,-0.216580299,0.003165487,-3.00E-03
5.866799905521306,-4.11E-03,-1.39E-03,0.976255041,-0.216580378,0.976255041,-0.216580378,0.003165477,-3.00E-03
5.866799912168299,-4.11E-03,-1.39E-03,0.976255023,-0.216580456,0.976255023,-0.216580456,0.003165467,-3.00E-03
5.866799918662984,-4.11E-03,-1.39E-03,0.976255006,-0.216580532,0.976255006,-0.216580532,0.003165458,-3.00E-03
5.866799925008851,-4.11E-03,-1.39E-03,0.97625499,-0.216580606,0.97625499,-0.216580606,0.003165449,-3.00E-03
5.866799931209311,-4.11E-03,-1.39E-03,0.976254974,-0.216580679,0.976254974,-0.216580679,0.00316544,-3.00E-03
5.866799937267695,-4.11E-03,-1.39E-03,0.976254958,-0.216580749,0.976254958,-0.216580749,0.003165431,-3.00E-03
5.866799943187258,-4.11E-03,-1.39E-03,0.976254942,-0.216580819,0.976254942,-0.216580819,0.003165423,-3.00E-03
5.866799948971181,-4.11E-03,-1.39E-03,0.976254927,-0.216580886,0.976254927,-0.216580886,0.003165414,-3.00E-03
5.866799954622573,-4.11E-03,-1.39E-03,0.976254912,-0.216580952,0.976254912,-0.216580952,0.003165406,-3.00E-03
5.866799960144471,-4.11E-03,-1.39E-03,0.976254898,-0.216581017,0.976254898,-0.216581017,0.003165398,-3.00E-03
5.866799965539840,-4.11E-03,-1.39E-03,0.976254883,-0.21658108,0.976254883,-0.21658108,0.00316539,-3.00E-03
5.866799970811581,-4.11E-03,-1.39E-03,0.97625487,-0.216581142,0.97625487,-0.216581142,0.003165383,-3.00E-03
5.866799975962527,-4.11E-03,-1.39E-03,0.976254856,-0.216581202,0.976254856,-0.216581202,0.003165375,-3.00E-03
5.866799980995444,-4.11E-03,-1.39E-03,0.976254843,-0.216581261,0.976254843,-0.216581261,0.003165368,-3.00E-03
5.866799985913040,-4.11E-03,-1.39E-03,0.97625483,-0.216581318,0.97625483,-0.216581318,0.003165361,-3.00E-03
5.866799990717954,-4.11E-03,-1.39E-03,0.976254817,-0.216581374,0.976254817,-0.216581374,0.003165354,-3.00E-03
5.866799995412769,-4.11E-03,-1.39E-03,0.976254805,-0.216581429,0.976254805,-0.216581429,0.003165348,-3.00E-03
5.866800000000000,-4.11E-03,-1.39E-03,0.976254793,-0.216581483,0.976254793,-0.216581483,0.003165341,-3.00E-03
5.866800004587239,-4.11E-03,-1.39E-03,0.976254781,-0.216581536,0.976254781,-0.216581536,0.003165334,-3.00E-03
5.866800009282056,-4.11E-03,-1.39E-03,0.976254769,-0.216581591,0.976254769,-0.216581591,0.003165328,-3.00E-03
5.866800014086969,-4.11E-03,-1.39E-03,0.976254756,-0.216581648,0.976254756,-0.216581648,0.003165321,-3.00E-03
5.866800019004565,-4.11E-03,-1.39E-03,0.976254743,-0.216581705,0.976254743,-0.216581705,0.003165314,-3.00E-03
5.866800024037483,-4.11E-03,-1.39E-03,0.97625473,-0.216581764,0.97625473,-0.216581764,0.003165306,-3.00E-03
5.866800029188428,-4.11E-03,-1.39E-03,0.976254716,-0.216581824,0.976254716,-0.216581824,0.003165299,-3.00E-03
5.866800034460169,-4.11E-03,-1.39E-03,0.976254702,-0.216581886,0.976254702,-0.216581886,0.003165291,-3.00E-03
5.866800039855539,-4.11E-03,-1.39E-03,0.976254688,-0.216581949,0.976254688,-0.216581949,0.003165284,-3.00E-03
5.866800045377436,-4.11E-03,-1.39E-03,0.976254674,-0.216582013,0.976254674,-0.216582013,0.003165276,-3.00E-03
5.866800051028828,-4.11E-03,-1.39E-03,0.976254659,-0.216582079,0.976254659,-0.216582079,0.003165268,-3.00E-03
5.866800056812751,-4.11E-03,-1.39E-03,0.976254644,-0.216582147,0.976254644,-0.216582147,0.003165259,-3.00E-03
5.866800062732315,-4.11E-03,-1.39E-03,0.976254628,-0.216582216,0.976254628,-0.216582216,0.003165251,-3.00E-03
5.866800068790698,-4.11E-03,-1.39E-03,0.976254612,-0.216582287,0.976254612,-0.216582287,0.003165242,-3.00E-03
5.866800074991158,-4.11E-03,-1.39E-03,0.976254596,-0.21658236,0.976254596,-0.21658236,0.003165233,-3.00E-03
5.866800081337025,-4.11E-03,-1.39E-03,0.976254579,-0.216582434,0.976254579,-0.216582434,0.003165224,-3.00E-03
5.866800087831710,-4.11E-03,-1.39E-03,0.976254562,-0.21658251,0.976254562,-0.21658251,0.003165215,-3.00E-03
5.866800094478703,-4.11E-03,-1.39E-03,0.976254545,-0.216582588,0.976254545,-0.216582588,0.003165205,-3.00E-03
5.866800101281576,-4.11E-03,-1.39E-03,0.976254527,-0.216582667,0.976254527,-0.216582667,0.003165195,-3.00E-03
5.866800108243984,-4.11E-03,-1.39E-03,0.976254509,-0.216582748,0.976254509,-0.216582748,0.003165185,-3.00E-03
5.866800115369667,-4.11E-03,-1.39E-03,0.97625449,-0.216582832,0.97625449,-0.216582832,0.003165175,-3.00E-03
5.866800122662457,-4.11E-03,-1.39E-03,0.976254471,-0.216582917,0.976254471,-0.216582917,0.003165165,-3.01E-03
5.866800130126270,-4.11E-03,-1.39E-03,0.976254451,-0.216583004,0.976254451,-0.216583004,0.003165154,-3.01E-03
5.866800137765119,-4.11E-03,-1.39E-03,0.976254431,-0.216583094,0.976254431,-0.216583094,0.003165143,-3.01E-03
5.866800145583107,-4.11E-03,-1.39E-03,0.976254411,-0.216583185,0.976254411,-0.216583185,0.003165132,-3.01E-03
5.866800153584437,-4.11E-03,-1.39E-03,0.97625439,-0.216583279,0.97625439,-0.216583279,0.00316512,-3.01E-03
5.866800161773407,-4.11E-03,-1.39E-03,0.976254368,-0.216583374,0.976254368,-0.216583374,0.003165108,-3.01E-03
5.866800170154416,-4.11E-03,-1.39E-03,0.976254346,-0.216583472,0.976254346,-0.216583472,0.003165096,-3.01E-03
5.866800178731971,-4.11E-03,-1.39E-03,0.976254324,-0.216583573,0.976254324,-0.216583573,0.003165084,-3.01E-03
5.866800187510679,-4.11E-03,-1.39E-03,0.9762543,-0.216583675,0.9762543,-0.216583675,0.003165071,-3.01E-03
5.866800196495257,-4.11E-03,-1.39E-03,0.976254277,-0.216583781,0.976254277,-0.216583781,0.003165058,-3.01E-03
5.866800205690534,-4.11E-03,-1.39E-03,0.976254253,-0.216583888,0.976254253,-0.216583888,0.003165045,-3.01E-03
5.866800215101450,-4.11E-03,-1.39E-03,0.976254228,-0.216583998,0.976254228,-0.216583998,0.003165032,-3.01E-03
5.866800224733064,-4.11E-03,-1.39E-03,0.976254203,-0.216584111,0.976254203,-0.216584111,0.003165018,-3.01E-03
5.866800234590550,-4.11E-03,-1.39E-03,0.976254177,-0.216584226,0.976254177,-0.216584226,0.003165004,-3.01E-03
5.866800244679205,-4.11E-03,-1.39E-03,0.97625415,-0.216584344,0.97625415,-0.216584344,0.003164989,-3.01E-03
5.866800255004451,-4.11E-03,-1.40E-03,0.976254123,-0.216584465,0.976254123,-0.216584465,0.003164974,-3.01E-03
5.866800265571836,-4.11E-03,-1.40E-03,0.976254095,-0.216584588,0.976254095,-0.216584588,0.003164959,-3.01E-03
5.866800276387037,-4.11E-03,-1.40E-03,0.976254067,-0.216584715,0.976254067,-0.216584715,0.003164944,-3.01E-03
5.866800287455868,-4.11E-03,-1.40E-03,0.976254038,-0.216584844,0.976254038,-0.216584844,0.003164928,-3.01E-03
5.866800298784275,-4.11E-03,-1.40E-03,0.976254008,-0.216584977,0.976254008,-0.216584977,0.003164911,-3.01E-03
5.866800310378347,-4.11E-03,-1.40E-03,0.976253978,-0.216585113,0.976253978,-0.216585113,0.003164895,-3.01E-03
5.866800322244312,-4.11E-03,-1.40E-03,0.976253947,-0.216585251,0.976253947,-0.216585251,0.003164878,-3.01E-03
5.866800334388548,-4.11E-03,-1.40E-03,0.976253915,-0.216585393,0.976253915,-0.216585393,0.00316486,-3.01E-03
5.866800346817579,-4.11E-03,-1.40E-03,0.976253882,-0.216585539,0.976253882,-0.216585539,0.003164842,-3.01E-03
5.866800359538085,-4.11E-03,-1.40E-03,0.976253849,-0.216585688,0.976253849,-0.216585688,0.003164824,-3.01E-03
5.866800372556902,-4.11E-03,-1.40E-03,0.976253814,-0.21658584,0.976253814,-0.21658584,0.003164805,-3.01E-03
5.866800385881025,-4.11E-03,-1.40E-03,0.976253779,-0.216585996,0.976253779,-0.216585996,0.003164786,-3.01E-03
5.866800399517615,-4.11E-03,-1.40E-03,0.976253744,-0.216586155,0.976253744,-0.216586155,0.003164766,-3.01E-03
5.866800413473998,-4.11E-03,-1.40E-03,0.976253707,-0.216586319,0.976253707,-0.216586319,0.003164746,-3.01E-03
5.866800427757673,-4.11E-03,-1.40E-03,0.976253669,-0.216586486,0.976253669,-0.216586486,0.003164726,-3.01E-03
5.866800442376317,-4.11E-03,-1.40E-03,0.976253631,-0.216586657,0.976253631,-0.216586657,0.003164705,-3.01E-03
5.866800457337785,-4.11E-03,-1.40E-03,0.976253592,-0.216586832,0.976253592,-0.216586832,0.003164683,-3.01E-03
5.866800472650116,-4.11E-03,-1.40E-03,0.976253551,-0.216587011,0.976253551,-0.216587011,0.003164661,-3.01E-03
5.866800488321539,-4.11E-03,-1.40E-03,0.97625351,-0.216587194,0.97625351,-0.216587194,0.003164639,-3.01E-03
5.866800504360475,-4.11E-03,-1.40E-03,0.976253468,-0.216587382,0.976253468,-0.216587382,0.003164616,-3.01E-03
5.866800520775542,-4.11E-03,-1.40E-03,0.976253425,-0.216587574,0.976253425,-0.216587574,0.003164592,-3.01E-03
5.866800537575562,-4.11E-03,-1.40E-03,0.976253381,-0.216587771,0.976253381,-0.216587771,0.003164568,-3.01E-03
5.866800554769561,-4.12E-03,-1.40E-03,0.976253336,-0.216587972,0.976253336,-0.216587972,0.003164543,-3.01E-03
5.866800572366778,-4.12E-03,-1.40E-03,0.976253289,-0.216588178,0.976253289,-0.216588178,0.003164518,-3.01E-03
5.866800590376672,-4.12E-03,-1.40E-03,0.976253242,-0.216588388,0.976253242,-0.216588388,0.003164492,-3.01E-03
5.866800608808917,-4.12E-03,-1.40E-03,0.976253193,-0.216588604,0.976253193,-0.216588604,0.003164465,-3.01E-03
5.866800627673419,-4.12E-03,-1.40E-03,0.976253144,-0.216588825,0.976253144,-0.216588825,0.003164438,-3.01E-03
5.866800646980314,-4.12E-03,-1.40E-03,0.976253093,-0.216589051,0.976253093,-0.216589051,0.003164411,-3.01E-03
5.866800666739980,-4.12E-03,-1.40E-03,0.976253041,-0.216589282,0.976253041,-0.216589282,0.003164382,-3.01E-03
5.866800686963032,-4.12E-03,-1.40E-03,0.976252988,-0.216589519,0.976252988,-0.216589519,0.003164353,-3.01E-03
5.866800707660338,-4.12E-03,-1.40E-03,0.976252934,-0.216589761,0.976252934,-0.216589761,0.003164323,-3.01E-03
5.866800728843019,-4.12E-03,-1.40E-03,0.976252878,-0.216590009,0.976252878,-0.216590009,0.003164293,-3.01E-03
5.866800750522457,-4.12E-03,-1.40E-03,0.976252821,-0.216590263,0.976252821,-0.216590263,0.003164262,-3.01E-03
5.866800772710303,-4.12E-03,-1.40E-03,0.976252763,-0.216590523,0.976252763,-0.216590523,0.00316423,-3.01E-03
5.866800795418480,-4.12E-03,-1.40E-03,0.976252703,-0.216590788,0.976252703,-0.216590788,0.003164197,-3.01E-03
5.866800818659190,-4.12E-03,-1.40E-03,0.976252642,-0.21659106,0.976252642,-0.21659106,0.003164164,-3.01E-03
5.866800842444920,-4.12E-03,-1.40E-03,0.976252579,-0.216591339,0.976252579,-0.216591339,0.003164129,-3.01E-03
5.866800866788452,-4.12E-03,-1.40E-03,0.976252515,-0.216591624,0.976252515,-0.216591624,0.003164094,-3.01E-03
5.866800891702868,-4.12E-03,-1.40E-03,0.97625245,-0.216591916,0.97625245,-0.216591916,0.003164059,-3.01E-03
5.866800917201557,-4.12E-03,-1.40E-03,0.976252383,-0.216592214,0.976252383,-0.216592214,0.003164022,-3.01E-03
5.866800943298218,-4.12E-03,-1.40E-03,0.976252314,-0.21659252,0.976252314,-0.21659252,0.003163984,-3.01E-03
5.866800970006876,-4.12E-03,-1.40E-03,0.976252244,-0.216592832,0.976252244,-0.216592832,0.003163946,-3.02E-03
5.866800997341882,-4.12E-03,-1.40E-03,0.976252172,-0.216593152,0.976252172,-0.216593152,0.003163907,-3.02E-03
5.866801025317926,-4.12E-03,-1.40E-03,0.976252098,-0.21659348,0.976252098,-0.21659348,0.003163866,-3.02E-03
5.866801053950040,-4.12E-03,-1.40E-03,0.976252023,-0.216593815,0.976252023,-0.216593815,0.003163825,-3.02E-03
5.866801083253608,-4.12E-03,-1.40E-03,0.976251946,-0.216594159,0.976251946,-0.216594159,0.003163783,-3.02E-03
5.866801113244380,-4.12E-03,-1.40E-03,0.976251867,-0.21659451,0.976251867,-0.21659451,0.00316374,-3.02E-03
5.866801143938468,-4.12E-03,-1.40E-03,0.976251786,-0.216594869,0.976251786,-0.216594869,0.003163696,-3.02E-03
5.866801175352369,-4.12E-03,-1.41E-03,0.976251704,-0.216595237,0.976251704,-0.216595237,0.003163651,-3.02E-03
5.866801207502960,-4.12E-03,-1.41E-03,0.976251619,-0.216595614,0.976251619,-0.216595614,0.003163604,-3.02E-03
5.866801240407520,-4.12E-03,-1.41E-03,0.976251533,-0.216595999,0.976251533,-0.216595999,0.003163557,-3.02E-03
5.866801274083731,-4.12E-03,-1.41E-03,0.976251444,-0.216596394,0.976251444,-0.216596394,0.003163509,-3.02E-03
5.866801308549685,-4.12E-03,-1.41E-03,0.976251353,-0.216596797,0.976251353,-0.216596797,0.003163459,-3.02E-03
5.866801343823906,-4.12E-03,-1.41E-03,0.97625126,-0.216597211,0.97625126,-0.216597211,0.003163408,-3.02E-03
5.866801379925348,-4.12E-03,-1.41E-03,0.976251165,-0.216597634,0.976251165,-0.216597634,0.003163356,-3.02E-03
5.866801416873409,-4.12E-03,-1.41E-03,0.976251068,-0.216598067,0.976251068,-0.216598067,0.003163303,-3.02E-03
5.866801454687946,-4.12E-03,-1.41E-03,0.976250969,-0.21659851,0.976250969,-0.21659851,0.003163249,-3.02E-03
5.866801493389276,-4.12E-03,-1.41E-03,0.976250867,-0.216598963,0.976250867,-0.216598963,0.003163193,-3.02E-03
5.866801532998196,-4.12E-03,-1.41E-03,0.976250762,-0.216599427,0.976250762,-0.216599427,0.003163136,-3.02E-03
5.866801573535990,-4.12E-03,-1.41E-03,0.976250656,-0.216599903,0.976250656,-0.216599903,0.003163078,-3.02E-03
5.866801615024442,-4.12E-03,-1.41E-03,0.976250547,-0.216600389,0.976250547,-0.216600389,0.003163018,-3.02E-03
5.866801657485846,-4.12E-03,-1.41E-03,0.976250435,-0.216600887,0.976250435,-0.216600887,0.003162957,-3.02E-03
5.866801700943017,-4.12E-03,-1.41E-03,0.97625032,-0.216601396,0.97625032,-0.216601396,0.003162895,-3.02E-03
5.866801745419309,-4.12E-03,-1.41E-03,0.976250203,-0.216601917,0.976250203,-0.216601917,0.003162831,-3.02E-03
5.866801790938621,-4.12E-03,-1.41E-03,0.976250083,-0.216602451,0.976250083,-0.216602451,0.003162765,-3.02E-03
5.866801837525413,-4.12E-03,-1.41E-03,0.976249961,-0.216602997,0.976249961,-0.216602997,0.003162698,-3.03E-03
5.866801885204718,-4.12E-03,-1.41E-03,0.976249835,-0.216603556,0.976249835,-0.216603556,0.00316263,-3.03E-03
5.866801934002156,-4.12E-03,-1.41E-03,0.976249706,-0.216604128,0.976249706,-0.216604128,0.003162559,-3.03E-03
5.866801983943951,-4.12E-03,-1.41E-03,0.976249575,-0.216604714,0.976249575,-0.216604714,0.003162488,-3.03E-03
5.866802035056938,-4.12E-03,-1.41E-03,0.97624944,-0.216605314,0.97624944,-0.216605314,0.003162414,-3.03E-03
5.866802087368582,-4.12E-03,-1.42E-03,0.976249302,-0.216605927,0.976249302,-0.216605927,0.003162339,-3.03E-03
5.866802140906994,-4.12E-03,-1.42E-03,0.976249161,-0.216606555,0.976249161,-0.216606555,0.003162262,-3.03E-03
5.866802195700943,-4.12E-03,-1.42E-03,0.976249017,-0.216607198,0.976249017,-0.216607198,0.003162183,-3.03E-03
5.866802251779872,-4.12E-03,-1.42E-03,0.976248869,-0.216607856,0.976248869,-0.216607856,0.003162102,-3.03E-03
5.866802309173917,-4.12E-03,-1.42E-03,0.976248718,-0.216608529,0.976248718,-0.216608529,0.00316202,-3.03E-03
5.866802367913916,-4.12E-03,-1.42E-03,0.976248563,-0.216609218,0.976248563,-0.216609218,0.003161935,-3.03E-03
5.866802428031436,-4.12E-03,-1.42E-03,0.976248405,-0.216609924,0.976248405,-0.216609924,0.003161849,-3.03E-03
5.866802489558781,-4.12E-03,-1.42E-03,0.976248242,-0.216610646,0.976248242,-0.216610646,0.00316176,-3.03E-03
5.866802552529012,-4.12E-03,-1.42E-03,0.976248076,-0.216611385,0.976248076,-0.216611385,0.00316167,-3.03E-03
5.866802616975967,-4.12E-03,-1.42E-03,0.976247906,-0.216612142,0.976247906,-0.216612142,0.003161577,-3.03E-03
5.866802682934276,-4.12E-03,-1.42E-03,0.976247732,-0.216612916,0.976247732,-0.216612916,0.003161482,-3.04E-03
5.866802750439382,-4.12E-03,-1.42E-03,0.976247554,-0.216613708,0.976247554,-0.216613708,0.003161385,-3.04E-03
5.866802819527561,-4.12E-03,-1.42E-03,0.976247372,-0.21661452,0.976247372,-0.21661452,0.003161286,-3.04E-03
5.866802890235936,-4.13E-03,-1.42E-03,0.976247186,-0.21661535,0.976247186,-0.21661535,0.003161184,-3.04E-03
5.866802962602503,-4.13E-03,-1.43E-03,0.976246995,-0.2166162,0.976246995,-0.2166162,0.00316108,-3.04E-03
5.866803036666148,-4.13E-03,-1.43E-03,0.976246799,-0.21661707,0.976246799,-0.21661707,0.003160973,-3.04E-03
5.866803112466671,-4.13E-03,-1.43E-03,0.976246599,-0.21661796,0.976246599,-0.21661796,0.003160864,-3.04E-03
5.866803190044801,-4.13E-03,-1.43E-03,0.976246394,-0.216618872,0.976246394,-0.216618872,0.003160753,-3.04E-03
5.866803269442228,-4.13E-03,-1.43E-03,0.976246185,-0.216619804,0.976246185,-0.216619804,0.003160638,-3.04E-03
5.866803350701614,-4.13E-03,-1.43E-03,0.97624597,-0.216620759,0.97624597,-0.216620759,0.003160522,-3.04E-03
5.866803433866626,-4.13E-03,-1.43E-03,0.976245751,-0.216621737,0.976245751,-0.216621737,0.003160402,-3.04E-03
5.866803518981953,-4.13E-03,-1.43E-03,0.976245526,-0.216622737,0.976245526,-0.216622737,0.003160279,-3.05E-03
5.866803606093330,-4.13E-03,-1.43E-03,0.976245296,-0.216623761,0.976245296,-0.216623761,0.003160154,-3.05E-03
5.866803695247569,-4.13E-03,-1.43E-03,0.97624506,-0.216624809,0.97624506,-0.216624809,0.003160026,-3.05E-03
5.866803786492576,-4.13E-03,-1.43E-03,0.976244819,-0.216625882,0.976244819,-0.216625882,0.003159895,-3.05E-03
5.866803879877382,-4.13E-03,-1.44E-03,0.976244573,-0.21662698,0.976244573,-0.21662698,0.00315976,-3.05E-03
5.866803975452170,-4.13E-03,-1.44E-03,0.97624432,-0.216628104,0.97624432,-0.216628104,0.003159623,-3.05E-03
5.866804073268295,-4.13E-03,-1.44E-03,0.976244062,-0.216629255,0.976244062,-0.216629255,0.003159482,-3.05E-03
5.866804173378319,-4.13E-03,-1.44E-03,0.976243797,-0.216630433,0.976243797,-0.216630433,0.003159338,-3.05E-03
5.866804275836038,-4.13E-03,-1.44E-03,0.976243526,-0.216631638,0.976243526,-0.216631638,0.003159191,-3.05E-03
5.866804380696506,-4.13E-03,-1.44E-03,0.976243249,-0.216632872,0.976243249,-0.216632872,0.00315904,-3.06E-03
5.866804488016073,-4.13E-03,-1.44E-03,0.976242965,-0.216634136,0.976242965,-0.216634136,0.003158886,-3.06E-03
5.866804597852405,-4.13E-03,-1.44E-03,0.976242674,-0.216635429,0.976242674,-0.216635429,0.003158728,-3.06E-03
5.866804710264525,-4.13E-03,-1.44E-03,0.976242377,-0.216636752,0.976242377,-0.216636752,0.003158567,-3.06E-03
5.866804825312837,-4.13E-03,-1.45E-03,0.976242072,-0.216638107,0.976242072,-0.216638107,0.003158401,-3.06E-03
5.866804943059163,-4.13E-03,-1.45E-03,0.976241761,-0.216639494,0.976241761,-0.216639494,0.003158232,-3.06E-03
5.866805063566774,-4.13E-03,-1.45E-03,0.976241442,-0.216640913,0.976241442,-0.216640913,0.003158059,-3.06E-03
5.866805186900427,-4.13E-03,-1.45E-03,0.976241115,-0.216642367,0.976241115,-0.216642367,0.003157881,-3.07E-03
5.866805313126394,-4.14E-03,-1.45E-03,0.976240781,-0.216643854,0.976240781,-0.216643854,0.0031577,-3.07E-03
5.866805442312505,-4.14E-03,-1.45E-03,0.976240439,-0.216645377,0.976240439,-0.216645377,0.003157514,-3.07E-03
5.866805574528176,-4.14E-03,-1.45E-03,0.976240089,-0.216646935,0.976240089,-0.216646935,0.003157324,-3.07E-03
5.866805709844456,-4.14E-03,-1.46E-03,0.97623973,-0.216648531,0.97623973,-0.216648531,0.00315713,-3.07E-03
5.866805848334057,-4.14E-03,-1.46E-03,0.976239363,-0.216650164,0.976239363,-0.216650164,0.003156931,-3.07E-03
5.866805990071398,-4.14E-03,-1.46E-03,0.976238987,-0.216651836,0.976238987,-0.216651836,0.003156727,-3.08E-03
5.866806135132640,-4.14E-03,-1.46E-03,0.976238603,-0.216653547,0.976238603,-0.216653547,0.003156519,-3.08E-03
5.866806283595733,-4.14E-03,-1.46E-03,0.976238209,-0.216655299,0.976238209,-0.216655299,0.003156306,-3.08E-03
5.866806435540456,-4.14E-03,-1.46E-03,0.976237806,-0.216657092,0.976237806,-0.216657092,0.003156088,-3.08E-03
5.866806591048455,-4.14E-03,-1.47E-03,0.976237393,-0.216658928,0.976237393,-0.216658928,0.003155864,-3.08E-03
5.866806750203295,-4.14E-03,-1.47E-03,0.976236971,-0.216660807,0.976236971,-0.216660807,0.003155636,-3.08E-03
5.866806913090495,-4.14E-03,-1.47E-03,0.976236539,-0.216662731,0.976236539,-0.216662731,0.003155402,-3.09E-03
5.866807079797588,-4.14E-03,-1.47E-03,0.976236096,-0.216664701,0.976236096,-0.216664701,0.003155163,-3.09E-03
5.866807250414151,-4.14E-03,-1.47E-03,0.976235643,-0.216666717,0.976235643,-0.216666717,0.003154918,-3.09E-03
5.866807425031868,-4.14E-03,-1.48E-03,0.976235179,-0.21666878,0.976235179,-0.21666878,0.003154667,-3.09E-03
5.866807603744570,-4.15E-03,-1.48E-03,0.976234704,-0.216670893,0.976234704,-0.216670893,0.003154411,-3.09E-03
5.866807786648288,-4.15E-03,-1.48E-03,0.976234218,-0.216673056,0.976234218,-0.216673056,0.003154149,-3.10E-03
5.866807973841305,-4.15E-03,-1.48E-03,0.97623372,-0.21667527,0.97623372,-0.21667527,0.00315388,-3.10E-03
5.866808165424213,-4.15E-03,-1.48E-03,0.976233211,-0.216677536,0.976233211,-0.216677536,0.003153606,-3.10E-03
5.866808361499959,-4.15E-03,-1.49E-03,0.976232689,-0.216679857,0.976232689,-0.216679857,0.003153325,-3.10E-03
5.866808562173904,-4.15E-03,-1.49E-03,0.976232155,-0.216682232,0.976232155,-0.216682232,0.003153037,-3.11E-03
5.866808767553882,-4.15E-03,-1.49E-03,0.976231608,-0.216684664,0.976231608,-0.216684664,0.003152743,-3.11E-03
5.866808977750255,-4.15E-03,-1.49E-03,0.976231049,-0.216687153,0.976231049,-0.216687153,0.003152442,-3.11E-03
5.866809192875972,-4.15E-03,-1.50E-03,0.976230476,-0.216689701,0.976230476,-0.216689701,0.003152133,-3.11E-03
5.866809413046633,-4.15E-03,-1.50E-03,0.976229889,-0.216692311,0.976229889,-0.216692311,0.003151818,-3.12E-03
5.866809638380547,-4.15E-03,-1.50E-03,0.976229289,-0.216694982,0.976229289,-0.216694982,0.003151496,-3.12E-03
5.866809868998798,-4.16E-03,-1.50E-03,0.976228674,-0.216697716,0.976228674,-0.216697716,0.003151166,-3.12E-03
5.866810105025309,-4.16E-03,-1.51E-03,0.976228044,-0.216700515,0.976228044,-0.216700515,0.003150828,-3.12E-03
5.866810346586911,-4.16E-03,-1.51E-03,0.9762274,-0.216703381,0.9762274,-0.216703381,0.003150482,-3.13E-03
5.866810593813409,-4.16E-03,-1.51E-03,0.97622674,-0.216706316,0.97622674,-0.216706316,0.003150129,-3.13E-03
5.866810846837650,-4.16E-03,-1.51E-03,0.976226065,-0.21670932,0.976226065,-0.21670932,0.003149767,-3.13E-03
5.866811105795597,-4.16E-03,-1.52E-03,0.976225373,-0.216712395,0.976225373,-0.216712395,0.003149397,-3.14E-03
5.866811370826404,-4.16E-03,-1.52E-03,0.976224665,-0.216715543,0.976224665,-0.216715543,0.003149019,-3.14E-03
5.866811642072485,-4.16E-03,-1.52E-03,0.97622394,-0.216718767,0.97622394,-0.216718767,0.003148631,-3.14E-03
5.866811919679597,-4.16E-03,-1.53E-03,0.976223198,-0.216722067,0.976223198,-0.216722067,0.003148235,-3.15E-03
5.866812203796910,-4.17E-03,-1.53E-03,0.976222438,-0.216725446,0.976222438,-0.216725446,0.00314783,-3.15E-03
5.866812494577101,-4.17E-03,-1.53E-03,0.97622166,-0.216728905,0.97622166,-0.216728905,0.003147415,-3.15E-03
5.866812792176415,-4.17E-03,-1.54E-03,0.976220863,-0.216732447,0.976220863,-0.216732447,0.003146991,-3.16E-03
5.866813096754775,-4.17E-03,-1.54E-03,0.976220048,-0.216736073,0.976220048,-0.216736073,0.003146557,-3.16E-03
5.866813408475845,-4.17E-03,-1.54E-03,0.976219213,-0.216739786,0.976219213,-0.216739786,0.003146112,-3.16E-03
5.866813727507128,-4.17E-03,-1.55E-03,0.976218358,-0.216743587,0.976218358,-0.216743587,0.003145658,-3.17E-03
5.866814054020059,-4.17E-03,-1.55E-03,0.976217482,-0.216747479,0.976217482,-0.216747479,0.003145194,-3.17E-03
5.866814388190090,-4.17E-03,-1.55E-03,0.976216586,-0.216751463,0.976216586,-0.216751463,0.003144718,-3.18E-03
5.866814730196790,-4.18E-03,-1.56E-03,0.976215668,-0.216755543,0.976215668,-0.216755543,0.003144232,-3.18E-03
5.866815080223937,-4.18E-03,-1.56E-03,0.976214728,-0.21675972,0.976214728,-0.21675972,0.003143735,-3.19E-03
5.866815438459618,-4.18E-03,-1.57E-03,0.976213766,-0.216763997,0.976213766,-0.216763997,0.003143226,-3.19E-03
5.866815805096334,-4.18E-03,-1.57E-03,0.976212781,-0.216768377,0.976212781,-0.216768377,0.003142706,-3.19E-03
5.866816180331101,-4.18E-03,-1.57E-03,0.976211772,-0.21677286,0.976211772,-0.21677286,0.003142173,-3.20E-03
5.866816564365551,-4.18E-03,-1.58E-03,0.976210739,-0.216777451,0.976210739,-0.216777451,0.003141629,-3.20E-03
5.866816957406045,-4.19E-03,-1.58E-03,0.976209681,-0.216782152,0.976209681,-0.216782152,0.003141072,-3.21E-03
5.866817359663788,-4.19E-03,-1.59E-03,0.976208598,-0.216786965,0.976208598,-0.216786965,0.003140503,-3.21E-03
5.866817771354933,-4.19E-03,-1.59E-03,0.976207489,-0.216791893,0.976207489,-0.216791893,0.00313992,-3.22E-03
5.866818192700705,-4.19E-03,-1.60E-03,0.976206353,-0.21679694,0.976206353,-0.21679694,0.003139325,-3.22E-03
5.866818623927515,-4.19E-03,-1.60E-03,0.97620519,-0.216802107,0.97620519,-0.216802107,0.003138715,-3.23E-03
5.866819065267086,-4.19E-03,-1.61E-03,0.976203999,-0.216807398,0.976203999,-0.216807398,0.003138092,-3.23E-03
5.866819516956573,-4.20E-03,-1.61E-03,0.97620278,-0.216812815,0.97620278,-0.216812815,0.003137455,-3.24E-03
5.866819979238693,-4.20E-03,-1.62E-03,0.976201531,-0.216818363,0.976201531,-0.216818363,0.003136803,-3.24E-03
5.866820452361857,-4.20E-03,-1.62E-03,0.976200252,-0.216824043,0.976200252,-0.216824043,0.003136137,-3.25E-03
5.866820936580297,-4.20E-03,-1.63E-03,0.976198943,-0.21682986,0.976198943,-0.21682986,0.003135455,-3.26E-03
5.866821432154213,-4.21E-03,-1.63E-03,0.976197602,-0.216835816,0.976197602,-0.216835816,0.003134758,-3.26E-03
5.866821939349901,-4.21E-03,-1.64E-03,0.976196228,-0.216841916,0.976196228,-0.216841916,0.003134046,-3.27E-03
5.866822458439906,-4.21E-03,-1.65E-03,0.976194822,-0.216848161,0.976194822,-0.216848161,0.003133317,-3.28E-03
5.866822989703164,-4.21E-03,-1.65E-03,0.976193382,-0.216854557,0.976193382,-0.216854557,0.003132572,-3.28E-03
5.866823533425150,-4.21E-03,-1.66E-03,0.976191907,-0.216861106,0.976191907,-0.216861106,0.00313181,-3.29E-03
5.866824089898038,-4.22E-03,-1.66E-03,0.976190396,-0.216867813,0.976190396,-0.216867813,0.003131031,-3.30E-03
5.866824659420848,-4.22E-03,-1.67E-03,0.976188849,-0.216874681,0.976188849,-0.216874681,0.003130234,-3.30E-03
5.866825242299618,-4.22E-03,-1.68E-03,0.976187265,-0.216881714,0.976187265,-0.216881714,0.00312942,-3.31E-03
5.866825838847559,-4.22E-03,-1.68E-03,0.976185643,-0.216888917,0.976185643,-0.216888917,0.003128587,-3.32E-03
5.866826449385230,-4.23E-03,-1.69E-03,0.976183981,-0.216896292,0.976183981,-0.216896292,0.003127735,-3.32E-03
5.866827074240706,-4.23E-03,-1.70E-03,0.976182279,-0.216903846,0.976182279,-0.216903846,0.003126864,-3.33E-03
5.866827713749754,-4.23E-03,-1.71E-03,0.976180536,-0.216911581,0.976180536,-0.216911581,0.003125974,-3.34E-03
5.866828368256019,-4.24E-03,-1.71E-03,0.976178751,-0.216919503,0.976178751,-0.216919503,0.003125064,-3.35E-03
5.866829038111201,-4.24E-03,-1.72E-03,0.976176923,-0.216927616,0.976176923,-0.216927616,0.003124134,-3.36E-03
5.866829723675252,-4.24E-03,-1.73E-03,0.976175051,-0.216935925,0.976175051,-0.216935925,0.003123182,-3.36E-03
5.866830425316561,-4.24E-03,-1.74E-03,0.976173133,-0.216944434,0.976173133,-0.216944434,0.00312221,-3.37E-03
5.866831143412159,-4.25E-03,-1.75E-03,0.976171169,-0.216953148,0.976171169,-0.216953148,0.003121216,-3.38E-03
5.866831878347918,-4.25E-03,-1.75E-03,0.976169157,-0.216962073,0.976169157,-0.216962073,0.003120199,-3.39E-03
5.866832630518757,-4.25E-03,-1.76E-03,0.976167096,-0.216971213,0.976167096,-0.216971213,0.00311916,-3.40E-03
5.866833400328860,-4.26E-03,-1.77E-03,0.976164985,-0.216980575,0.976164985,-0.216980575,0.003118097,-3.41E-03
5.866834188191889,-4.26E-03,-1.78E-03,0.976162823,-0.216990163,0.976162823,-0.216990163,0.003117011,-3.42E-03
5.866834994531202,-4.26E-03,-1.79E-03,0.976160609,-0.216999983,0.976160609,-0.216999983,0.003115901,-3.43E-03
5.866835819780092,-4.27E-03,-1.80E-03,0.97615834,-0.217010041,0.97615834,-0.217010041,0.003114766,-3.44E-03
5.866836664382009,-4.27E-03,-1.81E-03,0.976156017,-0.217020342,0.976156017,-0.217020342,0.003113605,-3.45E-03
5.866837528790804,-4.28E-03,-1.82E-03,0.976153637,-0.217030893,0.976153637,-0.217030893,0.003112418,-3.46E-03
5.866838413470972,-4.28E-03,-1.83E-03,0.976151199,-0.2170417,0.976151199,-0.2170417,0.003111206,-3.47E-03
5.866839318897897,-4.28E-03,-1.84E-03,0.976148701,-0.217052769,0.976148701,-0.217052769,0.003109965,-3.48E-03
5.866840245558116,-4.29E-03,-1.85E-03,0.976146143,-0.217064106,0.976146143,-0.217064106,0.003108698,-3.50E-03
5.866841193949574,-4.29E-03,-1.86E-03,0.976143522,-0.217075719,0.976143522,-0.217075719,0.003107402,-3.51E-03
5.866842164581892,-4.30E-03,-1.87E-03,0.976140837,-0.217087615,0.976140837,-0.217087615,0.003106077,-3.52E-03
5.866843157976644,-4.30E-03,-1.89E-03,0.976138087,-0.217099799,0.976138087,-0.217099799,0.003104722,-3.53E-03
5.866844174667637,-4.30E-03,-1.90E-03,0.976135269,-0.21711228,0.976135269,-0.21711228,0.003103337,-3.54E-03
5.866845215201193,-4.31E-03,-1.91E-03,0.976132383,-0.217125065,0.976132383,-0.217125065,0.003101921,-3.56E-03
5.866846280136445,-4.31E-03,-1.92E-03,0.976129425,-0.217138162,0.976129425,-0.217138162,0.003100473,-3.57E-03
5.866847370045644,-4.32E-03,-1.94E-03,0.976126395,-0.217151577,0.976126395,-0.217151577,0.003098992,-3.58E-03
5.866848485514456,-4.32E-03,-1.95E-03,0.976123291,-0.21716532,0.976123291,-0.21716532,0.003097479,-3.60E-03
5.866849627142284,-4.33E-03,-1.96E-03,0.976120111,-0.217179399,0.976120111,-0.217179399,0.003095931,-3.61E-03
5.866850795542585,-4.33E-03,-1.98E-03,0.976116852,-0.217193821,0.976116852,-0.217193821,0.003094348,-3.63E-03
5.866851991343204,-4.34E-03,-1.99E-03,0.976113514,-0.217208596,0.976113514,-0.217208596,0.00309273,-3.64E-03
5.866853215186713,-4.34E-03,-2.00E-03,0.976110093,-0.217223733,0.976110093,-0.217223733,0.003091075,-3.66E-03
5.866854467730747,-4.35E-03,-2.02E-03,0.976106588,-0.21723924,0.976106588,-0.21723924,0.003089382,-3.67E-03
5.866855749648366,-4.35E-03,-2.03E-03,0.976102996,-0.217255128,0.976102996,-0.217255128,0.003087652,-3.69E-03
5.866857061628415,-4.36E-03,-2.05E-03,0.976099316,-0.217271405,0.976099316,-0.217271405,0.003085881,-3.71E-03
5.866858404375891,-4.37E-03,-2.07E-03,0.976095544,-0.217288082,0.976095544,-0.217288082,0.003084071,-3.72E-03
5.866859778612327,-4.37E-03,-2.08E-03,0.97609168,-0.217305169,0.97609168,-0.217305169,0.003082219,-3.74E-03
5.866861185076173,-4.38E-03,-2.10E-03,0.976087719,-0.217322676,0.976087719,-0.217322676,0.003080325,-3.76E-03
5.866862624523201,-4.38E-03,-2.12E-03,0.976083661,-0.217340614,0.976083661,-0.217340614,0.003078387,-3.78E-03
5.866864097726902,-4.39E-03,-2.13E-03,0.976079501,-0.217358994,0.976079501,-0.217358994,0.003076405,-3.80E-03
5.866865605478909,-4.40E-03,-2.15E-03,0.976075238,-0.217377828,0.976075238,-0.217377828,0.003074377,-3.82E-03
5.866867148589420,-4.40E-03,-2.17E-03,0.97607087,-0.217397127,0.97607087,-0.217397127,0.003072303,-3.84E-03
5.866868727887631,-4.41E-03,-2.19E-03,0.976066392,-0.217416904,0.976066392,-0.217416904,0.00307018,-3.86E-03
5.866870344222185,-4.42E-03,-2.21E-03,0.976061802,-0.217437169,0.976061802,-0.217437169,0.003068008,-3.88E-03
5.866871998461629,-4.43E-03,-2.23E-03,0.976057098,-0.217457938,0.976057098,-0.217457938,0.003065786,-3.90E-03
5.866873691494871,-4.43E-03,-2.25E-03,0.976052276,-0.217479221,0.976052276,-0.217479221,0.003063511,-3.92E-03
5.866875424231675,-4.44E-03,-2.27E-03,0.976047334,-0.217501034,0.976047334,-0.217501034,0.003061183,-3.94E-03
5.866877197603131,-4.45E-03,-2.29E-03,0.976042267,-0.217523389,0.976042267,-0.217523389,0.003058801,-3.96E-03
5.866879012562169,-4.46E-03,-2.31E-03,0.976037073,-0.217546301,0.976037073,-0.217546301,0.003056362,-3.99E-03
5.866880870084067,-4.47E-03,-2.34E-03,0.976031748,-0.217569784,0.976031748,-0.217569784,0.003053865,-4.01E-03
5.866882771166971,-4.47E-03,-2.36E-03,0.976026289,-0.217593854,0.976026289,-0.217593854,0.00305131,-4.04E-03
5.866884716832436,-4.48E-03,-2.38E-03,0.976020692,-0.217618527,0.976020692,-0.217618527,0.003048693,-4.06E-03
5.866886708125974,-4.49E-03,-2.41E-03,0.976014953,-0.217643817,0.976014953,-0.217643817,0.003046014,-4.09E-03
5.866888746117616,-4.50E-03,-2.43E-03,0.976009069,-0.217669742,0.976009069,-0.217669742,0.003043271,-4.11E-03
5.866890831902485,-4.51E-03,-2.46E-03,0.976003036,-0.217696319,0.976003036,-0.217696319,0.003040461,-4.14E-03
5.866892966601387,-4.52E-03,-2.48E-03,0.975996849,-0.217723564,0.975996849,-0.217723564,0.003037584,-4.17E-03
5.866895151361413,-4.53E-03,-2.51E-03,0.975990504,-0.217751497,0.975990504,-0.217751497,0.003034636,-4.20E-03
5.866897387356550,-4.54E-03,-2.54E-03,0.975983998,-0.217780135,0.975983998,-0.217780135,0.003031617,-4.23E-03
5.866899675788324,-4.55E-03,-2.56E-03,0.975977325,-0.217809497,0.975977325,-0.217809497,0.003028524,-4.26E-03
5.866900000000000,-4.55E-03,-2.57E-03,0.975976378,-0.217813662,0.975976378,-0.217813662,0.003028086,-4.26E-03
5.866902017886432,-4.56E-03,-2.59E-03,0.97597048,-0.217839604,0.97597048,-0.217839604,0.003025355,-4.29E-03
5.866904414909409,-4.57E-03,-2.62E-03,0.97596346,-0.217870476,0.97596346,-0.217870476,0.003022108,-4.32E-03
5.866906868145308,-4.58E-03,-2.65E-03,0.97595626,-0.217902133,0.97595626,-0.217902133,0.003018781,-4.35E-03
5.866909378912386,-4.59E-03,-2.68E-03,0.975948873,-0.217934596,0.975948873,-0.217934596,0.003015371,-4.38E-03
5.866911948559814,-4.60E-03,-2.72E-03,0.975941296,-0.21796789,0.975941296,-0.21796789,0.003011876,-4.42E-03
5.866914578468403,-4.62E-03,-2.75E-03,0.975933521,-0.218002035,0.975933521,-0.218002035,0.003008293,-4.45E-03
5.866917270051347,-4.63E-03,-2.78E-03,0.975925467,-0.218037039,0.975925467,-0.218037039,0.003004621,-4.49E-03
5.866920024754981,-4.64E-03,-2.82E-03,0.975917202,-0.218072942,0.975917202,-0.218072942,0.003000855,-4.52E-03
5.866922844059554,-4.65E-03,-2.85E-03,0.975908725,-0.218109771,0.975908725,-0.218109771,0.002996994,-4.56E-03
5.866925729480033,-4.67E-03,-2.89E-03,0.97590003,-0.218147552,0.97590003,-0.218147552,0.002993034,-4.60E-03
5.866928682566913,-4.68E-03,-2.93E-03,0.975891111,-0.218186312,0.975891111,-0.218186312,0.002988973,-4.64E-03
5.866931704907047,-4.70E-03,-2.96E-03,0.975881961,-0.218226078,0.975881961,-0.218226078,0.002984808,-4.68E-03
5.866934798124501,-4.71E-03,-3.00E-03,0.975872574,-0.21826688,0.975872574,-0.21826688,0.002980535,-4.72E-03
5.866937963881432,-4.72E-03,-3.04E-03,0.975862942,-0.218308746,0.975862942,-0.218308746,0.002976151,-4.77E-03
5.866941203878971,-4.74E-03,-3.08E-03,0.975853059,-0.218351707,0.975853059,-0.218351707,0.002971653,-4.81E-03
5.866944519858147,-4.75E-03,-3.13E-03,0.975842916,-0.218395795,0.975842916,-0.218395795,0.002967038,-4.85E-03
5.866947913600814,-4.77E-03,-3.17E-03,0.975832506,-0.218441042,0.975832506,-0.218441042,0.0029623,-4.90E-03
5.866951386930617,-4.79E-03,-3.21E-03,0.975821821,-0.218487483,0.975821821,-0.218487483,0.002957438,-4.95E-03
5.866954941713962,-4.80E-03,-3.26E-03,0.975810853,-0.218535151,0.975810853,-0.218535151,0.002952446,-5.00E-03
5.866958579861029,-4.82E-03,-3.31E-03,0.975799592,-0.218584083,0.975799592,-0.218584083,0.002947321,-5.05E-03
5.866962303326793,-4.84E-03,-3.35E-03,0.975788031,-0.218634317,0.975788031,-0.218634317,0.002942058,-5.10E-03
5.866966114112074,-4.86E-03,-3.40E-03,0.975776159,-0.21868589,0.975776159,-0.21868589,0.002936654,-5.15E-03
5.866970014264615,-4.87E-03,-3.45E-03,0.975763967,-0.218738843,0.975763967,-0.218738843,0.002931102,-5.21E-03
5.866974005880178,-4.89E-03,-3.51E-03,0.975751445,-0.218793218,0.975751445,-0.218793218,0.002925398,-5.26E-03
5.866978091103676,-4.91E-03,-3.56E-03,0.975738582,-0.218849056,0.975738582,-0.218849056,0.002919537,-5.32E-03
5.866982272130323,-4.93E-03,-3.62E-03,0.975725368,-0.218906403,0.975725368,-0.218906403,0.002913514,-5.38E-03
5.866986551206812,-4.95E-03,-3.67E-03,0.975711791,-0.218965305,0.975711791,-0.218965305,0.002907322,-5.44E-03
5.866990930632521,-4.98E-03,-3.73E-03,0.97569784,-0.219025808,0.97569784,-0.219025808,0.002900957,-5.50E-03
5.866995412760756,-5.00E-03,-3.79E-03,0.975683502,-0.219087964,0.975683502,-0.219087964,0.002894411,-5.56E-03
5.867000000000000,-5.02E-03,-3.85E-03,0.975668764,-0.219151822,0.975668764,-0.219151822,0.002887679,-5.63E-03
5.867100000000001,-5.53E-03,-5.25E-03,0.97533044,-0.220609031,0.97533044,-0.220609031,0.002731883,-7.12E-03
5.867200000000000,-6.10E-03,-6.77E-03,0.974955466,-0.222203304,0.974955466,-0.222203304,0.002556523,-8.75E-03
5.867300000000000,-6.73E-03,-8.45E-03,0.974537261,-0.223955322,0.974537261,-0.223955322,0.002357678,-0.010539262
5.867400000000000,-7.43E-03,-0.010303005,0.974067877,-0.22588991,0.974067877,-0.22588991,0.002130511,-0.012520131
5.867500000000001,-8.22E-03,-0.012357856,0.973537435,-0.228037287,0.973537435,-0.228037287,0.00186893,-0.014720456
5.867600000000000,-9.11E-03,-0.014650885,0.97293345,-0.230434663,0.97293345,-0.230434663,0.001565113,-0.017178833
5.867700000000000,-0.010123076,-0.017225979,0.972239885,-0.23312841,0.972239885,-0.23312841,0.001208842,-0.019943426
5.867718681553827,-0.010328949,-0.017742562,0.972098792,-0.23366899,0.972098792,-0.23366899,0.00113544,-0.020498511
5.867736935042533,-0.010535441,-0.018259035,0.971957073,-0.234209523,0.971957073,-0.234209523,0.001061407,-0.021053642
5.867754770274713,-0.010742497,-0.018775259,0.971814765,-0.234749863,0.971814765,-0.234749863,9.8676159795e-4,-0.021608669
5.867772196834206,-0.01095006,-0.019291095,0.971671907,-0.235289864,0.971671907,-0.235289864,9.1152520331e-4,-0.022163442
5.867789224085250,-0.011158073,-0.019806404,0.971528538,-0.235829381,0.971528538,-0.235829381,8.3571860365e-4,-0.022717812
5.867800000000001,-0.011292464,-0.020138459,0.971435701,-0.23617705,0.971435701,-0.23617705,7.8652689433e-4,-0.023075126
5.867805861177515,-0.011366478,-0.020321044,0.971384535,-0.236368231,0.971384535,-0.236368231,7.5936353144e-4,-0.023271628
5.867822117051014,-0.011575218,-0.02083488,0.971240093,-0.236906307,0.971240093,-0.236906307,6.8248231261e-4,-0.023824744
5.867838000440912,-0.011784235,-0.021347776,0.971095256,-0.237443466,0.971095256,-0.237443466,6.0509783328e-4,-0.02437701
5.867853519882218,-0.011993471,-0.021859595,0.970950065,-0.237979566,0.970950065,-0.237979566,5.2723351411e-4,-0.02492828
5.867868683714375,-0.012202868,-0.022370204,0.970804563,-0.238514466,0.970804563,-0.238514466,4.4891327985e-4,-0.025478407
5.867883500085732,-0.012412366,-0.022879468,0.97065879,-0.239048027,0.97065879,-0.239048027,3.7016152900e-4,-0.026027248
5.867897976957932,-0.012621907,-0.023387256,0.970512789,-0.23958011,0.970512789,-0.23958011,2.9100310146e-4,-0.026574659
5.867900000000001,-0.012651579,-0.023459036,0.970492098,-0.239655329,0.970492098,-0.239655329,2.7976226021e-4,-0.026652052
5.867912122110186,-0.012831432,-0.023893438,0.970366603,-0.240110578,0.970366603,-0.240110578,2.1146324636e-4,-0.027120497
5.867925943143454,-0.013040882,-0.024397884,0.970220274,-0.240639296,0.970220274,-0.240639296,1.3156758827e-4,-0.027664624
5.867939447484528,-0.013250198,-0.024900468,0.970073845,-0.241166131,0.970073845,-0.241166131,5.1342092971e-5,-0.0282069
5.867952642390025,-0.013459323,-0.025401064,0.969927359,-0.241690951,0.969927359,-0.241690951,-2.92E-05,-0.028747189
5.867965534950287,-0.013668197,-0.025899551,0.969780859,-0.242213627,0.969780859,-0.242213627,-1.10E-04,-0.029285357
5.867978132093188,-0.013876763,-0.026395807,0.969634387,-0.242734032,0.969634387,-0.242734032,-1.91E-04,-0.029821271
5.867990440587856,-0.014084964,-0.026889714,0.969487987,-0.243252042,0.969487987,-0.243252042,-2.72E-04,-0.030354802
5.868000000000000,-0.014249762,-0.027279618,0.969371975,-0.243661022,0.969371975,-0.243661022,-3.37E-04,-0.030776096
5.868002467048315,-0.014292741,-0.027381155,0.9693417,-0.243767533,0.9693417,-0.243767533,-3.54E-04,-0.030885823
5.868014217937039,-0.014500039,-0.027870018,0.969195569,-0.244280386,0.969195569,-0.244280386,-4.35E-04,-0.031414208
5.868025699568417,-0.0147068,-0.028356191,0.969049637,-0.244790484,0.969049637,-0.244790484,-5.17E-04,-0.031939836
5.868036918112155,-0.014912971,-0.028839566,0.968903945,-0.245297712,0.968903945,-0.245297712,-5.99E-04,-0.032462587
5.868047879596587,-0.015118496,-0.029320037,0.968758534,-0.245801959,0.968758534,-0.245801959,-6.81E-04,-0.032982345
5.868058589911915,-0.015323321,-0.029797503,0.968613447,-0.246303116,0.968613447,-0.246303116,-7.63E-04,-0.033498996
5.868069054813374,-0.015527393,-0.030271862,0.968468723,-0.246801078,0.968468723,-0.246801078,-8.45E-04,-0.034012429
5.868079279924324,-0.015730659,-0.030743018,0.968324404,-0.247295741,0.968324404,-0.247295741,-9.27E-04,-0.034522537
5.868089270739272,-0.015933067,-0.031210878,0.968180528,-0.247787006,0.968180528,-0.247787006,-1.01E-03,-0.035029215
5.868099032626830,-0.016134568,-0.031675351,0.968037135,-0.248274776,0.968037135,-0.248274776,-1.09E-03,-0.035532364
5.868100000000000,-0.016154741,-0.03172178,0.968022771,-0.248323538,0.968022771,-0.248323538,-1.10E-03,-0.035582667
5.868108570832590,-0.016335112,-0.032136349,0.967894264,-0.24875896,0.967894264,-0.24875896,-1.17E-03,-0.036031884
5.868117890481947,-0.01653465,-0.032593787,0.967751953,-0.249239466,0.967751953,-0.249239466,-1.26E-03,-0.036527682
5.868126996582856,-0.016733135,-0.033047585,0.967610238,-0.249716208,0.967610238,-0.249716208,-1.34E-03,-0.037019667
5.868135894028521,-0.01693052,-0.033497665,0.967469157,-0.250189104,0.967469157,-0.250189104,-1.42E-03,-0.037507751
5.868144587600024,-0.01712676,-0.033943952,0.967328745,-0.250658073,0.967328745,-0.250658073,-1.50E-03,-0.03799185
5.868153081968893,-0.017321811,-0.034386374,0.967189037,-0.25112304,0.967189037,-0.25112304,-1.58E-03,-0.038471884
5.868161381699614,-0.01751563,-0.034824864,0.967050069,-0.25158393,0.967050069,-0.25158393,-1.66E-03,-0.038947775
5.868169491252085,-0.017708176,-0.035259357,0.966911872,-0.252040676,0.966911872,-0.252040676,-1.74E-03,-0.039419451
5.868177414984009,-0.017899409,-0.035689792,0.96677448,-0.25249321,0.96677448,-0.25249321,-1.82E-03,-0.039886841
5.868185157153238,-0.01808929,-0.03611611,0.966637925,-0.252941472,0.966637925,-0.252941472,-1.90E-03,-0.04034988
5.868192721920062,-0.01827778,-0.036538258,0.966502237,-0.2533854,0.966502237,-0.2533854,-1.98E-03,-0.040808503
5.868200000000001,-0.018461954,-0.036949732,0.966369529,-0.253818157,0.966369529,-0.253818157,-2.06E-03,-0.041255643
5.868200113349441,-0.018464844,-0.036956182,0.966367446,-0.253824941,0.966367446,-0.253824941,-2.06E-03,-0.041262653
5.868207335413191,-0.018650447,-0.037369836,0.966233581,-0.254260042,0.966233581,-0.254260042,-2.14E-03,-0.041712274
5.868214391992121,-0.018834555,-0.037779174,0.96610067,-0.254690654,0.96610067,-0.254690654,-2.22E-03,-0.042157313
5.868221286878114,-0.019017136,-0.038184155,0.965968739,-0.255116732,0.965968739,-0.255116732,-2.30E-03,-0.042597722
5.868228023776167,-0.019198159,-0.03858474,0.965837816,-0.255538235,0.965837816,-0.255538235,-2.38E-03,-0.043033455
5.868234606306384,-0.019377596,-0.038980894,0.965707925,-0.255955123,0.965707925,-0.255955123,-2.45E-03,-0.043464473
5.868241038005913,-0.019555417,-0.039372585,0.965579089,-0.256367361,0.965579089,-0.256367361,-2.53E-03,-0.043890735
5.868247322330858,-0.019731597,-0.039759785,0.965451333,-0.256774918,0.965451333,-0.256774918,-2.61E-03,-0.044312207
5.868253462658129,-0.01990611,-0.040142467,0.965324677,-0.257177764,0.965324677,-0.257177764,-2.68E-03,-0.044728858
5.868259462287257,-0.020078932,-0.040520608,0.965199142,-0.257575875,0.965199142,-0.257575875,-2.76E-03,-0.04514066
5.868265324442169,-0.020250042,-0.040894189,0.965074749,-0.257969227,0.965074749,-0.257969227,-2.83E-03,-0.045547587
5.868271052272921,-0.020419419,-0.041263192,0.964951517,-0.258357802,0.964951517,-0.258357802,-2.91E-03,-0.045949618
5.868276648857387,-0.020587042,-0.041627604,0.964829462,-0.258741583,0.964829462,-0.258741583,-2.98E-03,-0.046346735
5.868282117202916,-0.020752894,-0.041987413,0.964708602,-0.259120556,0.964708602,-0.259120556,-3.05E-03,-0.046738921
5.868287460247947,-0.020916958,-0.04234261,0.964588953,-0.259494712,0.964588953,-0.259494712,-3.13E-03,-0.047126165
5.868292680863591,-0.021079218,-0.04269319,0.964470529,-0.259864042,0.964470529,-0.259864042,-3.20E-03,-0.047508456
5.868297781855166,-0.021239661,-0.04303915,0.964353344,-0.260228542,0.964353344,-0.260228542,-3.27E-03,-0.047885788
5.868300000000001,-0.021310023,-0.043190654,0.964301925,-0.260388177,0.964301925,-0.260388177,-3.30E-03,-0.048051056
5.868302765963714,-0.021398273,-0.043380488,0.96423741,-0.260588209,0.96423741,-0.260588209,-3.34E-03,-0.048258158
5.868307635867468,-0.021555043,-0.043717207,0.96412274,-0.260943044,0.96412274,-0.260943044,-3.41E-03,-0.048625563
5.868312394183290,-0.021709962,-0.04404931,0.964009344,-0.261293051,0.964009344,-0.261293051,-3.48E-03,-0.048988007
5.868317043468084,-0.021863019,-0.044376805,0.963897232,-0.261638234,0.963897232,-0.261638234,-3.55E-03,-0.049345492
5.868321586220163,-0.022014208,-0.0446997,0.963786413,-0.261978601,0.963786413,-0.261978601,-3.62E-03,-0.049698026
5.868326024880594,-0.022163521,-0.045018006,0.963676895,-0.262314164,0.963676895,-0.262314164,-3.68E-03,-0.050045617
5.868330361834513,-0.022310955,-0.045331736,0.963568684,-0.262644933,0.963568684,-0.262644933,-3.75E-03,-0.050388278
5.868334599412399,-0.022456503,-0.045640906,0.963461786,-0.262970925,0.963461786,-0.262970925,-3.81E-03,-0.050726022
5.868338739891333,-0.022600164,-0.045945533,0.963356208,-0.263292156,0.963356208,-0.263292156,-3.88E-03,-0.051058865
5.868342785496221,-0.022741936,-0.046245635,0.963251953,-0.263608644,0.963251953,-0.263608644,-3.94E-03,-0.051386825
5.868346738400986,-0.022881817,-0.046541235,0.963149024,-0.263920412,0.963149024,-0.263920412,-4.01E-03,-0.051709923
5.868350600729738,-0.023019809,-0.046832354,0.963047424,-0.264227481,0.963047424,-0.264227481,-4.07E-03,-0.052028181
5.868354374557918,-0.023155912,-0.047119017,0.962947156,-0.264529876,0.962947156,-0.264529876,-4.13E-03,-0.052341623
5.868358061913407,-0.023290128,-0.04740125,0.962848219,-0.264827623,0.962848219,-0.264827623,-4.19E-03,-0.052650275
5.868361664777624,-0.023422461,-0.047679081,0.962750615,-0.265120751,0.962750615,-0.265120751,-4.25E-03,-0.052954164
5.868365185086582,-0.023552915,-0.047952539,0.962654342,-0.26540929,0.962654342,-0.26540929,-4.31E-03,-0.053253322
5.868368624731936,-0.023681495,-0.048221654,0.962559401,-0.265693269,0.962559401,-0.265693269,-4.37E-03,-0.053547777
5.868371985561993,-0.023808207,-0.048486459,0.962465787,-0.265972722,0.962465787,-0.265972722,-4.43E-03,-0.053837563
5.868375269382711,-0.023933058,-0.048746986,0.9623735,-0.266247683,0.9623735,-0.266247683,-4.49E-03,-0.054122715
5.868378477958665,-0.024056055,-0.049003269,0.962282536,-0.266518187,0.962282536,-0.266518187,-4.55E-03,-0.054403266
5.868381613013996,-0.024177207,-0.049255346,0.96219289,-0.26678427,0.96219289,-0.26678427,-4.60E-03,-0.054679255
5.868384676233343,-0.024296522,-0.049503251,0.962104559,-0.26704597,0.962104559,-0.26704597,-4.66E-03,-0.054950719
5.868387669262738,-0.024414011,-0.049747022,0.962017537,-0.267303325,0.962017537,-0.267303325,-4.71E-03,-0.055217697
5.868390593710498,-0.024529685,-0.049986699,0.961931818,-0.267556377,0.961931818,-0.267556377,-4.77E-03,-0.055480229
5.868393451148090,-0.024643553,-0.05022232,0.961847397,-0.267805164,0.961847397,-0.267805164,-4.82E-03,-0.055738357
5.868396243110969,-0.024755629,-0.050453925,0.961764267,-0.268049729,0.961764267,-0.268049729,-4.87E-03,-0.055992122
5.868398971099410,-0.024865924,-0.050681557,0.96168242,-0.268290114,0.96168242,-0.268290114,-4.92E-03,-0.056241568
5.868400000000000,-0.024907727,-0.050767756,0.961651389,-0.268381147,0.961651389,-0.268381147,-4.94E-03,-0.056336037
5.868401636579308,-0.024974451,-0.050905256,0.961601848,-0.268526363,0.961601848,-0.268526363,-4.97E-03,-0.05648674
5.868404240982971,-0.025081225,-0.051125064,0.961522544,-0.268758519,0.961522544,-0.268758519,-5.02E-03,-0.05672768
5.868406785709888,-0.025186258,-0.051341026,0.9614445,-0.268986627,0.9614445,-0.268986627,-5.07E-03,-0.056964436
5.868409272127477,-0.025289566,-0.051553184,0.961367704,-0.269210732,0.961367704,-0.269210732,-5.12E-03,-0.057197052
5.868411701571826,-0.025391163,-0.051761582,0.96129215,-0.26943088,0.96129215,-0.26943088,-5.17E-03,-0.057425577
5.868414075348409,-0.025491065,-0.051966266,0.961217826,-0.269647117,0.961217826,-0.269647117,-5.21E-03,-0.057650056
5.868416394732784,-0.025589287,-0.052167279,0.961144722,-0.26985949,0.961144722,-0.26985949,-5.26E-03,-0.057870537
5.868418660971282,-0.025685845,-0.052364667,0.961072829,-0.270068046,0.961072829,-0.270068046,-5.31E-03,-0.058087069
5.868420875281678,-0.025780757,-0.052558475,0.961002135,-0.270272832,0.961002135,-0.270272832,-5.35E-03,-0.058299701
5.868423038853839,-0.025874039,-0.05274875,0.960932629,-0.270473896,0.960932629,-0.270473896,-5.40E-03,-0.05850848
5.868425152850373,-0.025965707,-0.052935536,0.960864301,-0.270671285,0.960864301,-0.270671285,-5.44E-03,-0.058713456
5.868427218407242,-0.02605578,-0.053118882,0.960797137,-0.270865049,0.960797137,-0.270865049,-5.48E-03,-0.058914679
5.868429236634385,-0.026144275,-0.053298832,0.960731127,-0.271055236,0.960731127,-0.271055236,-5.52E-03,-0.059112197
5.868431208616303,-0.02623121,-0.053475432,0.960666259,-0.271241893,0.960666259,-0.271241893,-5.56E-03,-0.059306061
5.868433135412650,-0.026316602,-0.053648731,0.960602519,-0.271425069,0.960602519,-0.271425069,-5.61E-03,-0.059496321
5.868435018058799,-0.02640047,-0.053818773,0.960539897,-0.271604814,0.960539897,-0.271604814,-5.65E-03,-0.059683026
5.868436857566398,-0.026482833,-0.053985606,0.960478379,-0.271781174,0.960478379,-0.271781174,-5.68E-03,-0.059866226
5.868438654923914,-0.026563709,-0.054149276,0.960417952,-0.2719542,0.960417952,-0.2719542,-5.72E-03,-0.060045971
5.868440411097166,-0.026643117,-0.054309829,0.960358604,-0.27212394,0.960358604,-0.27212394,-5.76E-03,-0.060222311
5.868442127029839,-0.026721076,-0.054467311,0.960300321,-0.272290441,0.960300321,-0.272290441,-5.80E-03,-0.060395295
5.868443803643999,-0.026797603,-0.054621769,0.960243091,-0.272453753,0.960243091,-0.272453753,-5.83E-03,-0.060564974
5.868445441840582,-0.026872719,-0.054773248,0.9601869,-0.272613923,0.9601869,-0.272613923,-5.87E-03,-0.060731397
5.868447042499880,-0.026946443,-0.054921795,0.960131735,-0.272770999,0.960131735,-0.272770999,-5.91E-03,-0.060894613
5.868448606482014,-0.027018793,-0.055067454,0.960077583,-0.27292503,0.960077583,-0.27292503,-5.94E-03,-0.061054672
5.868450134627396,-0.027089788,-0.055210272,0.96002443,-0.273076062,0.96002443,-0.273076062,-5.97E-03,-0.061211622
5.868451627757183,-0.027159448,-0.055350293,0.959972263,-0.273224143,0.959972263,-0.273224143,-6.01E-03,-0.061365512
5.868453086673713,-0.027227792,-0.055487561,0.959921068,-0.27336932,0.959921068,-0.27336932,-6.04E-03,-0.061516391
5.868454512160944,-0.027294839,-0.055622123,0.959870832,-0.273511639,0.959870832,-0.273511639,-6.07E-03,-0.061664306
5.868455904984865,-0.027360607,-0.055754021,0.959821542,-0.273651148,0.959821542,-0.273651148,-6.10E-03,-0.061809306
5.868457265893918,-0.027425116,-0.0558833,0.959773183,-0.273787891,0.959773183,-0.273787891,-6.14E-03,-0.061951438
5.868458595619392,-0.027488385,-0.056010003,0.959725743,-0.273921916,0.959725743,-0.273921916,-6.17E-03,-0.06209075
5.868459894875821,-0.027550432,-0.056134174,0.959679207,-0.274053267,0.959679207,-0.274053267,-6.20E-03,-0.062227287
5.868461164361368,-0.027611277,-0.056255855,0.959633563,-0.274181988,0.959633563,-0.274181988,-6.23E-03,-0.062361097
5.868462404758194,-0.027670938,-0.056375088,0.959588796,-0.274308126,0.959588796,-0.274308126,-6.25E-03,-0.062492226
5.868463616732834,-0.027729434,-0.056491916,0.959544895,-0.274431723,0.959544895,-0.274431723,-6.28E-03,-0.062620719
5.868464800936547,-0.027786783,-0.05660638,0.959501844,-0.274552824,0.959501844,-0.274552824,-6.31E-03,-0.062746621
5.868465958005669,-0.027843004,-0.056718521,0.959459632,-0.274671472,0.959459632,-0.274671472,-6.34E-03,-0.062869977
5.868467088561958,-0.027898115,-0.05682838,0.959418245,-0.27478771,0.959418245,-0.27478771,-6.36E-03,-0.062990831
5.868468193212922,-0.027952133,-0.056935998,0.959377669,-0.274901579,0.959377669,-0.274901579,-6.39E-03,-0.063109228
5.868469272552152,-0.028005078,-0.057041415,0.959337892,-0.275013123,0.959337892,-0.275013123,-6.42E-03,-0.06322521
5.868470327159633,-0.028056968,-0.057144669,0.959298901,-0.275122383,0.959298901,-0.275122383,-6.44E-03,-0.06333882
5.868471357602065,-0.028107818,-0.057245799,0.959260682,-0.275229399,0.959260682,-0.275229399,-6.47E-03,-0.063450102
5.868472364433159,-0.028157649,-0.057344845,0.959223224,-0.275334212,0.959223224,-0.275334212,-6.49E-03,-0.063559096
5.868473348193943,-0.028206475,-0.057441844,0.959186513,-0.275436862,0.959186513,-0.275436862,-6.51E-03,-0.063665844
5.868474309413042,-0.028254316,-0.057536833,0.959150538,-0.275537389,0.959150538,-0.275537389,-6.54E-03,-0.063770388
5.868475248606972,-0.028301188,-0.057629851,0.959115284,-0.275635832,0.959115284,-0.275635832,-6.56E-03,-0.063872766
5.868476166280415,-0.028347109,-0.057720932,0.959080741,-0.275732229,0.959080741,-0.275732229,-6.58E-03,-0.06397302
5.868477062926485,-0.028392093,-0.057810114,0.959046896,-0.275826618,0.959046896,-0.275826618,-6.60E-03,-0.064071189
5.868477939026999,-0.028436159,-0.057897432,0.959013736,-0.275919036,0.959013736,-0.275919036,-6.63E-03,-0.064167311
5.868478795052734,-0.028479323,-0.057982921,0.95898125,-0.276009522,0.95898125,-0.276009522,-6.65E-03,-0.064261425
5.868479631463678,-0.028521601,-0.058066616,0.958949427,-0.27609811,0.958949427,-0.27609811,-6.67E-03,-0.064353569
5.868480448709282,-0.028563008,-0.058148551,0.958918253,-0.276184838,0.958918253,-0.276184838,-6.69E-03,-0.064443779
5.868481247228695,-0.028603561,-0.058228758,0.958887718,-0.27626974,0.958887718,-0.27626974,-6.71E-03,-0.064532093
5.868482027451005,-0.028643276,-0.058307273,0.95885781,-0.276352852,0.95885781,-0.276352852,-6.73E-03,-0.064618547
5.868482789795468,-0.028682167,-0.058384127,0.958828519,-0.276434208,0.958828519,-0.276434208,-6.75E-03,-0.064703176
5.868483534671734,-0.028720249,-0.058459351,0.958799831,-0.276513841,0.958799831,-0.276513841,-6.76E-03,-0.064786016
5.868484262480065,-0.028757539,-0.058532979,0.958771738,-0.276591786,0.958771738,-0.276591786,-6.78E-03,-0.0648671
5.868484973611552,-0.02879405,-0.058605041,0.958744227,-0.276668075,0.958744227,-0.276668075,-6.80E-03,-0.064946464
5.868485668448324,-0.028829798,-0.058675568,0.958717288,-0.27674274,0.958717288,-0.27674274,-6.82E-03,-0.065024141
5.868486347363755,-0.028864796,-0.05874459,0.958690911,-0.276815814,0.958690911,-0.276815814,-6.83E-03,-0.065100163
5.868487010722664,-0.028899059,-0.058812137,0.958665084,-0.276887327,0.958665084,-0.276887327,-6.85E-03,-0.065174564
5.868487658881508,-0.028932601,-0.058878237,0.958639797,-0.27695731,0.958639797,-0.27695731,-6.87E-03,-0.065247375
5.868488292188580,-0.028965436,-0.05894292,0.958615041,-0.277025795,0.958615041,-0.277025795,-6.88E-03,-0.065318627
5.868488910984190,-0.028997577,-0.059006214,0.958590806,-0.27709281,0.958590806,-0.27709281,-6.90E-03,-0.065388353
5.868489515600849,-0.029029037,-0.059068147,0.95856708,-0.277158385,0.95856708,-0.277158385,-6.92E-03,-0.065456581
5.868490106363453,-0.029059831,-0.059128746,0.958543855,-0.277222549,0.958543855,-0.277222549,-6.93E-03,-0.065523343
5.868490683589449,-0.02908997,-0.059188038,0.958521121,-0.27728533,0.958521121,-0.27728533,-6.94E-03,-0.065588667
5.868491247589011,-0.029119468,-0.059246049,0.958498869,-0.277346757,0.958498869,-0.277346757,-6.96E-03,-0.065652582
5.868491798665209,-0.029148337,-0.059302806,0.958477088,-0.277406856,0.958477088,-0.277406856,-6.97E-03,-0.065715118
5.868492337114165,-0.029176589,-0.059358333,0.958455771,-0.277465654,0.958455771,-0.277465654,-6.99E-03,-0.065776301
5.868492863225216,-0.029204237,-0.059412656,0.958434907,-0.277523179,0.958434907,-0.277523179,-7.00E-03,-0.06583616
5.868493377281072,-0.029231293,-0.0594658,0.958414488,-0.277579455,0.958414488,-0.277579455,-7.01E-03,-0.065894721
5.868493879557962,-0.029257769,-0.059517789,0.958394505,-0.277634509,0.958394505,-0.277634509,-7.03E-03,-0.065952011
5.868494370325788,-0.029283675,-0.059568646,0.95837495,-0.277688366,0.95837495,-0.277688366,-7.04E-03,-0.066008055
5.868494849848265,-0.029309024,-0.059618394,0.958355814,-0.277741049,0.958355814,-0.277741049,-7.05E-03,-0.066062881
5.868495318383067,-0.029333827,-0.059667058,0.958337089,-0.277792585,0.958337089,-0.277792585,-7.06E-03,-0.066116511
5.868495776181962,-0.029358095,-0.059714658,0.958318766,-0.277842995,0.958318766,-0.277842995,-7.08E-03,-0.066168972
5.868496223490952,-0.029381838,-0.059761218,0.958300838,-0.277892304,0.958300838,-0.277892304,-7.09E-03,-0.066220288
5.868496660550399,-0.029405067,-0.059806759,0.958283296,-0.277940534,0.958283296,-0.277940534,-7.10E-03,-0.066270482
5.868497087595160,-0.029427793,-0.059851302,0.958266133,-0.277987709,0.958266133,-0.277987709,-7.11E-03,-0.066319577
5.868497504854709,-0.029450026,-0.059894868,0.958249341,-0.278033849,0.958249341,-0.278033849,-7.12E-03,-0.066367597
5.868497912553262,-0.029471776,-0.059937477,0.958232912,-0.278078977,0.958232912,-0.278078977,-7.13E-03,-0.066414564
5.868498310909898,-0.029493053,-0.05997915,0.95821684,-0.278123113,0.95821684,-0.278123113,-7.14E-03,-0.0664605
5.868498700138675,-0.029513866,-0.060019906,0.958201116,-0.278166279,0.958201116,-0.278166279,-7.15E-03,-0.066505426
5.868499080448748,-0.029534226,-0.060059765,0.958185734,-0.278208496,0.958185734,-0.278208496,-7.16E-03,-0.066549365
5.868499452044477,-0.029554141,-0.060098745,0.958170687,-0.278249782,0.958170687,-0.278249782,-7.17E-03,-0.066592336
5.868499815125541,-0.029573621,-0.060136865,0.958155967,-0.278290158,0.958155967,-0.278290158,-7.18E-03,-0.06663436
5.868500000000000,-0.029583548,-0.060156288,0.958148466,-0.278310731,0.958148466,-0.278310731,-7.19E-03,-0.066655772
5.868500169887043,-0.029592675,-0.060174144,0.958141568,-0.278329643,0.958141568,-0.278329643,-7.19E-03,-0.066675457
5.868500516519616,-0.029611312,-0.060210599,0.958127484,-0.278368256,0.958127484,-0.278368256,-7.20E-03,-0.066715647
5.868500855209525,-0.029629541,-0.060246248,0.958113708,-0.278406016,0.958113708,-0.278406016,-7.21E-03,-0.06675495
5.868501186138767,-0.029647369,-0.060281108,0.958100233,-0.27844294,0.958100233,-0.27844294,-7.22E-03,-0.066793383
5.868501509485166,-0.029664806,-0.060315195,0.958087053,-0.278479047,0.958087053,-0.278479047,-7.23E-03,-0.066830966
5.868501825422475,-0.029681859,-0.060348527,0.958074162,-0.278514354,0.958074162,-0.278514354,-7.24E-03,-0.066867716
5.868502134120464,-0.029698537,-0.06038112,0.958061554,-0.278548878,0.958061554,-0.278548878,-7.24E-03,-0.066903652
5.868502435745015,-0.029714848,-0.060412989,0.958049224,-0.278582635,0.958049224,-0.278582635,-7.25E-03,-0.066938791
5.868502730458204,-0.029730799,-0.06044415,0.958037164,-0.278615643,0.958037164,-0.278615643,-7.26E-03,-0.06697315
5.868503018418399,-0.029746398,-0.060474618,0.95802537,-0.278647918,0.95802537,-0.278647918,-7.27E-03,-0.067006745
5.868503299780336,-0.029761652,-0.060504408,0.958013835,-0.278679474,0.958013835,-0.278679474,-7.28E-03,-0.067039594
5.868503574695205,-0.02977657,-0.060533535,0.958002555,-0.278710329,0.958002555,-0.278710329,-7.28E-03,-0.067071712
5.868503843310735,-0.029791157,-0.060562013,0.957991524,-0.278740496,0.957991524,-0.278740496,-7.29E-03,-0.067103115
5.868504105771264,-0.029805421,-0.060589856,0.957980737,-0.278769991,0.957980737,-0.278769991,-7.30E-03,-0.067133818
5.868504362217831,-0.029819369,-0.060617078,0.957970188,-0.278798828,0.957970188,-0.278798828,-7.30E-03,-0.067163837
5.868504612788235,-0.029833008,-0.060643693,0.957959873,-0.278827022,0.957959873,-0.278827022,-7.31E-03,-0.067193187
5.868504857617123,-0.029846345,-0.060669713,0.957949786,-0.278854587,0.957949786,-0.278854587,-7.32E-03,-0.067221881
5.868505096836055,-0.029859385,-0.060695151,0.957939923,-0.278881536,0.957939923,-0.278881536,-7.32E-03,-0.067249935
5.868505330573575,-0.029872135,-0.060720021,0.957930278,-0.278907882,0.957930278,-0.278907882,-7.33E-03,-0.067277362
5.868505558955283,-0.029884602,-0.060744334,0.957920847,-0.278933639,0.957920847,-0.278933639,-7.34E-03,-0.067304176
5.868505782103902,-0.029896791,-0.060768104,0.957911626,-0.27895882,0.957911626,-0.27895882,-7.34E-03,-0.06733039
5.868506000139341,-0.029908709,-0.06079134,0.95790261,-0.278983437,0.95790261,-0.278983437,-7.35E-03,-0.067356017
5.868506213178763,-0.029920361,-0.060814056,0.957893795,-0.279007502,0.957893795,-0.279007502,-7.35E-03,-0.06738107
5.868506421336646,-0.029931753,-0.060836263,0.957885176,-0.279031029,0.957885176,-0.279031029,-7.36E-03,-0.067405562
5.868506624724843,-0.029942892,-0.060857972,0.957876748,-0.279054027,0.957876748,-0.279054027,-7.37E-03,-0.067429505
5.868506823452647,-0.029953781,-0.060879193,0.957868509,-0.27907651,0.957868509,-0.27907651,-7.37E-03,-0.067452911
5.868507017626844,-0.029964427,-0.060899938,0.957860453,-0.279098488,0.957860453,-0.279098488,-7.38E-03,-0.067475792
5.868507207351776,-0.029974836,-0.060920217,0.957852577,-0.279119972,0.957852577,-0.279119972,-7.38E-03,-0.067498159
5.868507392729390,-0.029985011,-0.060940041,0.957844877,-0.279140974,0.957844877,-0.279140974,-7.39E-03,-0.067520023
5.868507573859303,-0.029994959,-0.060959418,0.957837349,-0.279161503,0.957837349,-0.279161503,-7.39E-03,-0.067541397
5.868507750838843,-0.030004684,-0.06097836,0.957829989,-0.279181571,0.957829989,-0.279181571,-7.40E-03,-0.067562289
5.868507923763111,-0.030014191,-0.060996876,0.957822794,-0.279201188,0.957822794,-0.279201188,-7.40E-03,-0.067582712
5.868508092725031,-0.030023485,-0.061014974,0.95781576,-0.279220363,0.95781576,-0.279220363,-7.41E-03,-0.067602676
5.868508257815394,-0.030032571,-0.061032665,0.957808884,-0.279239106,0.957808884,-0.279239106,-7.41E-03,-0.06762219
5.868508419122911,-0.030041453,-0.061049958,0.957802161,-0.279257427,0.957802161,-0.279257427,-7.41E-03,-0.067641264
5.868508576734262,-0.030050135,-0.06106686,0.95779559,-0.279275336,0.95779559,-0.279275336,-7.42E-03,-0.067659909
5.868508730734141,-0.030058623,-0.061083382,0.957789165,-0.27929284,0.957789165,-0.27929284,-7.42E-03,-0.067678134
5.868508881205299,-0.030066919,-0.061099531,0.957782885,-0.27930995,0.957782885,-0.27930995,-7.43E-03,-0.067695947
5.868509028228593,-0.03007503,-0.061115315,0.957776746,-0.279326674,0.957776746,-0.279326674,-7.43E-03,-0.067713359
5.868509171883027,-0.030082957,-0.061130744,0.957770744,-0.27934302,0.957770744,-0.27934302,-7.43E-03,-0.067730379
5.868509312245795,-0.030090707,-0.061145824,0.957764878,-0.279358998,0.957764878,-0.279358998,-7.44E-03,-0.067747014
5.868509449392319,-0.030098282,-0.061160563,0.957759143,-0.279374614,0.957759143,-0.279374614,-7.44E-03,-0.067763273
5.868509583396298,-0.030105687,-0.061174969,0.957753538,-0.279389878,0.957753538,-0.279389878,-7.45E-03,-0.067779165
5.868509714329738,-0.030112924,-0.06118905,0.957748058,-0.279404797,0.957748058,-0.279404797,-7.45E-03,-0.067794698
5.868509842262998,-0.030119999,-0.061202812,0.957742702,-0.279419379,0.957742702,-0.279419379,-7.45E-03,-0.06780988
5.868509967264822,-0.030126914,-0.061216263,0.957737467,-0.279433631,0.957737467,-0.279433631,-7.46E-03,-0.067824719
5.868510089402381,-0.030133674,-0.06122941,0.957732349,-0.27944756,0.957732349,-0.27944756,-7.46E-03,-0.067839222
5.868510208741307,-0.03014028,-0.061242259,0.957727347,-0.279461175,0.957727347,-0.279461175,-7.46E-03,-0.067853398
5.868510325345725,-0.030146738,-0.061254818,0.957722457,-0.279474481,0.957722457,-0.279474481,-7.47E-03,-0.067867252
5.868510439278296,-0.03015305,-0.061267092,0.957717678,-0.279487486,0.957717678,-0.279487486,-7.47E-03,-0.067880793
5.868510550600239,-0.030159219,-0.061279088,0.957713007,-0.279500197,0.957713007,-0.279500197,-7.47E-03,-0.067894027
5.868510659371376,-0.030165249,-0.061290812,0.957708441,-0.279512619,0.957708441,-0.279512619,-7.48E-03,-0.067906962
5.868510765650154,-0.030171143,-0.061302271,0.957703978,-0.279524761,0.957703978,-0.279524761,-7.48E-03,-0.067919603
5.868510869493682,-0.030176903,-0.06131347,0.957699616,-0.279536627,0.957699616,-0.279536627,-7.48E-03,-0.067931958
5.868510970957763,-0.030182533,-0.061324415,0.957695353,-0.279548224,0.957695353,-0.279548224,-7.48E-03,-0.067944034
5.868511070096917,-0.030188036,-0.061335111,0.957691185,-0.279559558,0.957691185,-0.279559558,-7.49E-03,-0.067955835
5.868511166964419,-0.030193415,-0.061345566,0.957687112,-0.279570635,0.957687112,-0.279570635,-7.49E-03,-0.067967369
5.868511261612318,-0.030198671,-0.061355783,0.957683132,-0.279581461,0.957683132,-0.279581461,-7.49E-03,-0.067978641
5.868511354091477,-0.030203809,-0.061365768,0.957679241,-0.279592041,0.957679241,-0.279592041,-7.49E-03,-0.067989657
5.868511444451587,-0.03020883,-0.061375526,0.957675438,-0.279602381,0.957675438,-0.279602381,-7.50E-03,-0.068000423
5.868511532741206,-0.030213738,-0.061385063,0.957671721,-0.279612486,0.957671721,-0.279612486,-7.50E-03,-0.068010946
5.868511619007775,-0.030218534,-0.061394383,0.957668089,-0.279622362,0.957668089,-0.279622362,-7.50E-03,-0.068021229
5.868511703297650,-0.030223222,-0.061403492,0.957664539,-0.279632014,0.957664539,-0.279632014,-7.50E-03,-0.068031278
5.868511785656126,-0.030227803,-0.061412394,0.957661069,-0.279641446,0.957661069,-0.279641446,-7.51E-03,-0.0680411
5.868511866127456,-0.030232281,-0.061421093,0.957657678,-0.279650664,0.957657678,-0.279650664,-7.51E-03,-0.068050698
5.868511944754884,-0.030236657,-0.061429595,0.957654363,-0.279659673,0.957654363,-0.279659673,-7.51E-03,-0.068060078
5.868512021580660,-0.030240933,-0.061437904,0.957651124,-0.279668477,0.957651124,-0.279668477,-7.51E-03,-0.068069245
5.868512096646067,-0.030245113,-0.061446023,0.957647958,-0.27967708,0.957647958,-0.27967708,-7.52E-03,-0.068078204
5.868512169991441,-0.030249198,-0.061453958,0.957644864,-0.279685489,0.957644864,-0.279685489,-7.52E-03,-0.068086959
5.868512241656195,-0.03025319,-0.061461713,0.957641841,-0.279693706,0.957641841,-0.279693706,-7.52E-03,-0.068095515
5.868512311678838,-0.030257091,-0.061469291,0.957638886,-0.279701736,0.957638886,-0.279701736,-7.52E-03,-0.068103877
5.868512380096997,-0.030260904,-0.061476697,0.957635997,-0.279709583,0.957635997,-0.279709583,-7.52E-03,-0.068112048
5.868512446947437,-0.03026463,-0.061483934,0.957633175,-0.279717252,0.957633175,-0.279717252,-7.52E-03,-0.068120033
5.868512512266081,-0.030268272,-0.061491007,0.957630417,-0.279724746,0.957630417,-0.279724746,-7.53E-03,-0.068127837
5.868512576088027,-0.030271831,-0.061497918,0.957627721,-0.27973207,0.957627721,-0.27973207,-7.53E-03,-0.068135463
5.868512638447571,-0.030275309,-0.061504673,0.957625086,-0.279739227,0.957625086,-0.279739227,-7.53E-03,-0.068142915
5.868512699378222,-0.030278707,-0.061511273,0.957622512,-0.279746221,0.957622512,-0.279746221,-7.53E-03,-0.068150198
5.868512758912720,-0.030282029,-0.061517723,0.957619995,-0.279753056,0.957619995,-0.279753056,-7.53E-03,-0.068157315
5.868512817083058,-0.030285275,-0.061524026,0.957617536,-0.279759735,0.957617536,-0.279759735,-7.54E-03,-0.06816427
5.868512873920492,-0.030288447,-0.061530186,0.957615133,-0.279766262,0.957615133,-0.279766262,-7.54E-03,-0.068171067
5.868512929455567,-0.030291547,-0.061536205,0.957612785,-0.279772641,0.957612785,-0.279772641,-7.54E-03,-0.068177708
5.868512983718123,-0.030294577,-0.061542088,0.95761049,-0.279778874,0.95761049,-0.279778874,-7.54E-03,-0.068184199
5.868513036737317,-0.030297537,-0.061547836,0.957608247,-0.279784965,0.957608247,-0.279784965,-7.54E-03,-0.068190541
5.868513088541642,-0.030300431,-0.061553453,0.957606055,-0.279790917,0.957606055,-0.279790917,-7.54E-03,-0.068196739
5.868513139158933,-0.030303258,-0.061558942,0.957603913,-0.279796734,0.957603913,-0.279796734,-7.54E-03,-0.068202796
5.868513188616390,-0.030306021,-0.061564306,0.95760182,-0.279802418,0.95760182,-0.279802418,-7.55E-03,-0.068208715
5.868513236940590,-0.030308721,-0.061569548,0.957599775,-0.279807972,0.957599775,-0.279807972,-7.55E-03,-0.068214499
5.868513284157499,-0.03031136,-0.06157467,0.957597776,-0.2798134,0.957597776,-0.2798134,-7.55E-03,-0.068220151
5.868513330292491,-0.030313938,-0.061579675,0.957595822,-0.279818704,0.957595822,-0.279818704,-7.55E-03,-0.068225674
5.868513375370356,-0.030316458,-0.061584567,0.957593913,-0.279823887,0.957593913,-0.279823887,-7.55E-03,-0.068231071
5.868513419415316,-0.03031892,-0.061589346,0.957592048,-0.279828952,0.957592048,-0.279828952,-7.55E-03,-0.068236345
5.868513462451038,-0.030321326,-0.061594017,0.957590225,-0.279833901,0.957590225,-0.279833901,-7.55E-03,-0.068241499
5.868513504500651,-0.030323678,-0.061598581,0.957588443,-0.279838738,0.957588443,-0.279838738,-7.55E-03,-0.068246535
5.868513545586747,-0.030325976,-0.061603041,0.957586702,-0.279843464,0.957586702,-0.279843464,-7.56E-03,-0.068251457
5.868513585731405,-0.030328221,-0.061607399,0.957585001,-0.279848082,0.957585001,-0.279848082,-7.56E-03,-0.068256266
5.868513624956196,-0.030330415,-0.061611658,0.957583339,-0.279852595,0.957583339,-0.279852595,-7.56E-03,-0.068260965
5.868513663282199,-0.03033256,-0.06161582,0.957581714,-0.279857005,0.957581714,-0.279857005,-7.56E-03,-0.068265557
5.868513700730008,-0.030334655,-0.061619886,0.957580127,-0.279861314,0.957580127,-0.279861314,-7.56E-03,-0.068270044
5.868513737319748,-0.030336702,-0.06162386,0.957578575,-0.279865525,0.957578575,-0.279865525,-7.56E-03,-0.068274429
5.868513773071077,-0.030338703,-0.061627743,0.957577059,-0.27986964,0.957577059,-0.27986964,-7.56E-03,-0.068278714
5.868513808003208,-0.030340658,-0.061631537,0.957575578,-0.279873661,0.957575578,-0.279873661,-7.56E-03,-0.068282901
5.868513842134911,-0.030342569,-0.061635245,0.95757413,-0.27987759,0.95757413,-0.27987759,-7.56E-03,-0.068286992
5.868513875484528,-0.030344436,-0.061638868,0.957572716,-0.279881429,0.957572716,-0.279881429,-7.56E-03,-0.06829099
5.868513908069979,-0.03034626,-0.061642409,0.957571333,-0.279885181,0.957571333,-0.279885181,-7.57E-03,-0.068294897
5.868513939908774,-0.030348043,-0.061645868,0.957569982,-0.279888847,0.957569982,-0.279888847,-7.57E-03,-0.068298715
5.868513971018021,-0.030349785,-0.061649248,0.957568662,-0.279892429,0.957568662,-0.279892429,-7.57E-03,-0.068302445
5.868514001414438,-0.030351488,-0.061652552,0.957567373,-0.279895929,0.957567373,-0.279895929,-7.57E-03,-0.06830609
5.868514031114358,-0.030353151,-0.06165578,0.957566112,-0.27989935,0.957566112,-0.27989935,-7.57E-03,-0.068309652
5.868514060133740,-0.030354777,-0.061658934,0.95756488,-0.279902692,0.95756488,-0.279902692,-7.57E-03,-0.068313132
5.868514088488179,-0.030356365,-0.061662016,0.957563677,-0.279905958,0.957563677,-0.279905958,-7.57E-03,-0.068316533
5.868514116192910,-0.030357917,-0.061665027,0.957562501,-0.27990915,0.957562501,-0.27990915,-7.57E-03,-0.068319857
5.868514143262821,-0.030359434,-0.06166797,0.957561352,-0.279912268,0.957561352,-0.279912268,-7.57E-03,-0.068323104
5.868514169712457,-0.030360916,-0.061670846,0.957560229,-0.279915315,0.957560229,-0.279915315,-7.57E-03,-0.068326277
5.868514195556033,-0.030362364,-0.061673655,0.957559131,-0.279918293,0.957559131,-0.279918293,-7.57E-03,-0.068329378
5.868514220807434,-0.030363779,-0.061676401,0.957558059,-0.279921202,0.957558059,-0.279921202,-7.57E-03,-0.068332408
5.868514245480230,-0.030365162,-0.061679084,0.957557011,-0.279924046,0.957557011,-0.279924046,-7.57E-03,-0.068335368
5.868514269587679,-0.030366513,-0.061681706,0.957555987,-0.279926824,0.957555987,-0.279926824,-7.58E-03,-0.068338261
5.868514293142734,-0.030367834,-0.061684267,0.957554987,-0.279929538,0.957554987,-0.279929538,-7.58E-03,-0.068341088
5.868514316158054,-0.030369124,-0.06168677,0.957554009,-0.279932191,0.957554009,-0.279932191,-7.58E-03,-0.06834385
5.868514338646006,-0.030370385,-0.061689216,0.957553054,-0.279934783,0.957553054,-0.279934783,-7.58E-03,-0.068346549
5.868514360618674,-0.030371617,-0.061691606,0.95755212,-0.279937315,0.95755212,-0.279937315,-7.58E-03,-0.068349186
5.868514382087865,-0.03037282,-0.061693941,0.957551208,-0.27993979,0.957551208,-0.27993979,-7.58E-03,-0.068351763
5.868514403065116,-0.030373997,-0.061696223,0.957550317,-0.279942208,0.957550317,-0.279942208,-7.58E-03,-0.068354281
5.868514423561697,-0.030375146,-0.061698453,0.957549446,-0.279944571,0.957549446,-0.279944571,-7.58E-03,-0.068356742
5.868514443588626,-0.030376269,-0.061700632,0.957548595,-0.27994688,0.957548595,-0.27994688,-7.58E-03,-0.068359146
5.868514463156661,-0.030377367,-0.061702761,0.957547763,-0.279949136,0.957547763,-0.279949136,-7.58E-03,-0.068361496
5.868514482276318,-0.030378439,-0.061704841,0.957546951,-0.27995134,0.957546951,-0.27995134,-7.58E-03,-0.068363791
5.868514500957876,-0.030379487,-0.061706874,0.957546157,-0.279953494,0.957546157,-0.279953494,-7.58E-03,-0.068366034
5.868514518974237,-0.030380497,-0.061708834,0.957545391,-0.279955572,0.957545391,-0.279955572,-7.58E-03,-0.068368198
5.868514537413102,-0.030381532,-0.06171084,0.957544607,-0.279957698,0.957544607,-0.279957698,-7.58E-03,-0.068370412
5.868514556284379,-0.03038259,-0.061712894,0.957543805,-0.279959874,0.957543805,-0.279959874,-7.58E-03,-0.068372678
5.868514575598208,-0.030383674,-0.061714996,0.957542984,-0.279962101,0.957542984,-0.279962101,-7.58E-03,-0.068374997
5.868514595364968,-0.030384783,-0.061717147,0.957542143,-0.279964381,0.957542143,-0.279964381,-7.58E-03,-0.068377371
5.868514615595283,-0.030385918,-0.061719349,0.957541283,-0.279966714,0.957541283,-0.279966714,-7.59E-03,-0.068379801
5.868514636300021,-0.03038708,-0.061721602,0.957540403,-0.279969103,0.957540403,-0.279969103,-7.59E-03,-0.068382288
5.868514657490308,-0.030388269,-0.061723909,0.957539501,-0.279971547,0.957539501,-0.279971547,-7.59E-03,-0.068384833
5.868514679177532,-0.030389486,-0.06172627,0.957538579,-0.279974048,0.957538579,-0.279974048,-7.59E-03,-0.068387438
5.868514701373346,-0.030390732,-0.061728686,0.957537635,-0.279976609,0.957537635,-0.279976609,-7.59E-03,-0.068390105
5.868514724089678,-0.030392007,-0.061731159,0.957536669,-0.27997923,0.957536669,-0.27997923,-7.59E-03,-0.068392834
5.868514747338733,-0.030393312,-0.06173369,0.95753568,-0.279981912,0.95753568,-0.279981912,-7.59E-03,-0.068395627
5.868514771133006,-0.030394648,-0.061736281,0.957534668,-0.279984657,0.957534668,-0.279984657,-7.59E-03,-0.068398486
5.868514795485281,-0.030396015,-0.061738932,0.957533632,-0.279987467,0.957533632,-0.279987467,-7.59E-03,-0.068401412
5.868514820408644,-0.030397414,-0.061741646,0.957532571,-0.279990343,0.957532571,-0.279990343,-7.59E-03,-0.068404407
5.868514845916489,-0.030398846,-0.061744424,0.957531486,-0.279993287,0.957531486,-0.279993287,-7.59E-03,-0.068407472
5.868514872022522,-0.030400312,-0.061747267,0.957530375,-0.2799963,0.957530375,-0.2799963,-7.59E-03,-0.06841061
5.868514898740772,-0.030401812,-0.061750177,0.957529238,-0.279999383,0.957529238,-0.279999383,-7.59E-03,-0.068413821
5.868514926085594,-0.030403348,-0.061753155,0.957528074,-0.280002539,0.957528074,-0.280002539,-7.59E-03,-0.068417108
5.868514954071684,-0.03040492,-0.061756203,0.957526883,-0.28000577,0.957526883,-0.28000577,-7.59E-03,-0.068420472
5.868514982714080,-0.030406529,-0.061759323,0.957525664,-0.280009076,0.957525664,-0.280009076,-7.60E-03,-0.068423915
5.868515012028173,-0.030408176,-0.061762517,0.957524416,-0.280012461,0.957524416,-0.280012461,-7.60E-03,-0.068427439
5.868515042029714,-0.030409861,-0.061765785,0.957523138,-0.280015924,0.957523138,-0.280015924,-7.60E-03,-0.068431046
5.868515072734826,-0.030411586,-0.061769131,0.957521831,-0.28001947,0.957521831,-0.28001947,-7.60E-03,-0.068434738
5.868515104160007,-0.030413352,-0.061772555,0.957520492,-0.280023098,0.957520492,-0.280023098,-7.60E-03,-0.068438517
5.868515136322145,-0.03041516,-0.06177606,0.957519123,-0.280026813,0.957519123,-0.280026813,-7.60E-03,-0.068442385
5.868515169238522,-0.03041701,-0.061779647,0.957517721,-0.280030614,0.957517721,-0.280030614,-7.60E-03,-0.068446343
5.868515202926825,-0.030418903,-0.061783319,0.957516286,-0.280034505,0.957516286,-0.280034505,-7.60E-03,-0.068450395
5.868515237405157,-0.030420841,-0.061787077,0.957514817,-0.280038488,0.957514817,-0.280038488,-7.60E-03,-0.068454543
5.868515272692045,-0.030422825,-0.061790923,0.957513313,-0.280042564,0.957513313,-0.280042564,-7.60E-03,-0.068458788
5.868515308806452,-0.030424856,-0.061794861,0.957511774,-0.280046736,0.957511774,-0.280046736,-7.60E-03,-0.068463133
5.868515345767783,-0.030426934,-0.06179889,0.957510199,-0.280051007,0.957510199,-0.280051007,-7.61E-03,-0.06846758
5.868515383595898,-0.030429061,-0.061803015,0.957508587,-0.280055378,0.957508587,-0.280055378,-7.61E-03,-0.068472132
5.868515422311126,-0.030431239,-0.061807237,0.957506936,-0.280059852,0.957506936,-0.280059852,-7.61E-03,-0.068476791
5.868515461934270,-0.030433468,-0.061811558,0.957505247,-0.280064431,0.957505247,-0.280064431,-7.61E-03,-0.06848156
5.868515502486622,-0.030435749,-0.061815981,0.957503518,-0.280069118,0.957503518,-0.280069118,-7.61E-03,-0.068486441
5.868515543989973,-0.030438084,-0.061820508,0.957501748,-0.280073916,0.957501748,-0.280073916,-7.61E-03,-0.068491437
5.868515586466626,-0.030440475,-0.061825142,0.957499936,-0.280078827,0.957499936,-0.280078827,-7.61E-03,-0.068496551
5.868515629939403,-0.030442921,-0.061829885,0.957498082,-0.280083853,0.957498082,-0.280083853,-7.61E-03,-0.068501785
5.868515674431666,-0.030445426,-0.061834739,0.957496184,-0.280088998,0.957496184,-0.280088998,-7.61E-03,-0.068507143
5.868515719967324,-0.030447989,-0.061839708,0.957494241,-0.280094264,0.957494241,-0.280094264,-7.62E-03,-0.068512627
5.868515766570846,-0.030450613,-0.061844795,0.957492252,-0.280099654,0.957492252,-0.280099654,-7.62E-03,-0.06851824
5.868515814267274,-0.030453299,-0.061850001,0.957490216,-0.280105171,0.957490216,-0.280105171,-7.62E-03,-0.068523986
5.868515863082235,-0.030456048,-0.061855329,0.957488132,-0.280110818,0.957488132,-0.280110818,-7.62E-03,-0.068529866
5.868515913041965,-0.030458862,-0.061860784,0.957485999,-0.280116598,0.957485999,-0.280116598,-7.62E-03,-0.068535886
5.868515964173307,-0.030461743,-0.061866367,0.957483816,-0.280122515,0.957483816,-0.280122515,-7.62E-03,-0.068542048
5.868516016503737,-0.030464691,-0.061872081,0.957481581,-0.280128571,0.957481581,-0.280128571,-7.62E-03,-0.068548354
5.868516070061375,-0.030467709,-0.061877931,0.957479293,-0.28013477,0.957479293,-0.28013477,-7.63E-03,-0.06855481
5.868516124875002,-0.030470799,-0.061883918,0.957476951,-0.280141115,0.957476951,-0.280141115,-7.63E-03,-0.068561418
5.868516180974069,-0.030473961,-0.061890047,0.957474554,-0.28014761,0.957474554,-0.28014761,-7.63E-03,-0.068568182
5.868516238388723,-0.030477199,-0.06189632,0.9574721,-0.280154258,0.9574721,-0.280154258,-7.63E-03,-0.068575105
5.868516297149818,-0.030480512,-0.061902741,0.957469588,-0.280161063,0.957469588,-0.280161063,-7.63E-03,-0.068582192
5.868516357288926,-0.030483904,-0.061909314,0.957467017,-0.280168029,0.957467017,-0.280168029,-7.63E-03,-0.068589446
5.868516418838366,-0.030487376,-0.061916041,0.957464385,-0.280175159,0.957464385,-0.280175159,-7.64E-03,-0.068596871
5.868516481831209,-0.030490931,-0.061922928,0.95746169,-0.280182457,0.95746169,-0.280182457,-7.64E-03,-0.068604472
5.868516546301308,-0.030494569,-0.061929977,0.957458932,-0.280189928,0.957458932,-0.280189928,-7.64E-03,-0.068612252
5.868516612283304,-0.030498293,-0.061937193,0.957456109,-0.280197575,0.957456109,-0.280197575,-7.64E-03,-0.068620216
5.868516679812652,-0.030502106,-0.061944579,0.957453219,-0.280205403,0.957453219,-0.280205403,-7.64E-03,-0.068628368
5.868516748925640,-0.030506009,-0.06195214,0.95745026,-0.280213415,0.95745026,-0.280213415,-7.64E-03,-0.068636712
5.868516819659407,-0.030510004,-0.061959879,0.957447231,-0.280221617,0.957447231,-0.280221617,-7.65E-03,-0.068645254
5.868516892051962,-0.030514093,-0.061967801,0.957444131,-0.280230013,0.957444131,-0.280230013,-7.65E-03,-0.068653998
5.868516966142204,-0.03051828,-0.06197591,0.957440957,-0.280238607,0.957440957,-0.280238607,-7.65E-03,-0.068662948
5.868517041969946,-0.030522565,-0.061984211,0.957437708,-0.280247405,0.957437708,-0.280247405,-7.65E-03,-0.06867211
5.868517119575936,-0.030526953,-0.061992708,0.957434382,-0.28025641,0.957434382,-0.28025641,-7.66E-03,-0.068681488
5.868517199001875,-0.030531444,-0.062001407,0.957430977,-0.280265628,0.957430977,-0.280265628,-7.66E-03,-0.068691089
5.868517280290443,-0.030536041,-0.06201031,0.957427491,-0.280275065,0.957427491,-0.280275065,-7.66E-03,-0.068700916
5.868517363485321,-0.030540748,-0.062019425,0.957423922,-0.280284725,0.957423922,-0.280284725,-7.66E-03,-0.068710976
5.868517448631213,-0.030545566,-0.062028755,0.957420269,-0.280294613,0.957420269,-0.280294613,-7.66E-03,-0.068721274
5.868517535773873,-0.030550498,-0.062038306,0.957416529,-0.280304735,0.957416529,-0.280304735,-7.67E-03,-0.068731816
5.868517624960128,-0.030555548,-0.062048083,0.957412701,-0.280315097,0.957412701,-0.280315097,-7.67E-03,-0.068742608
5.868517716237903,-0.030560717,-0.062058092,0.957408781,-0.280325704,0.957408781,-0.280325704,-7.67E-03,-0.068753655
5.868517809656246,-0.030566009,-0.062068337,0.957404768,-0.280336563,0.957404768,-0.280336563,-7.67E-03,-0.068764964
5.868517905265355,-0.030571427,-0.062078825,0.95740066,-0.280347679,0.95740066,-0.280347679,-7.68E-03,-0.06877654
5.868518003116606,-0.030576973,-0.062089562,0.957396455,-0.280359058,0.957396455,-0.280359058,-7.68E-03,-0.068788391
5.868518103262581,-0.030582651,-0.062100553,0.957392149,-0.280370707,0.957392149,-0.280370707,-7.68E-03,-0.068800523
5.868518205757094,-0.030588464,-0.062111805,0.957387741,-0.280382632,0.957387741,-0.280382632,-7.69E-03,-0.068812943
5.868518310655220,-0.030594416,-0.062123323,0.957383228,-0.280394839,0.957383228,-0.280394839,-7.69E-03,-0.068825657
5.868518418013325,-0.030600508,-0.062135115,0.957378607,-0.280407337,0.957378607,-0.280407337,-7.69E-03,-0.068838673
5.868518527889101,-0.030606746,-0.062147186,0.957373877,-0.280420131,0.957373877,-0.280420131,-7.69E-03,-0.068851998
5.868518640341589,-0.030613132,-0.062159544,0.957369034,-0.280433228,0.957369034,-0.280433228,-7.70E-03,-0.068865639
5.868518755431217,-0.03061967,-0.062172195,0.957364075,-0.280446636,0.957364075,-0.280446636,-7.70E-03,-0.068879603
5.868518873219827,-0.030626364,-0.062185146,0.957358998,-0.280460363,0.957358998,-0.280460363,-7.70E-03,-0.0688939
5.868518993770715,-0.030633218,-0.062198405,0.957353801,-0.280474416,0.957353801,-0.280474416,-7.71E-03,-0.068908536
5.868519117148657,-0.030640234,-0.062211979,0.957348479,-0.280488803,0.957348479,-0.280488803,-7.71E-03,-0.06892352
5.868519243419954,-0.030647418,-0.062225876,0.95734303,-0.280503531,0.95734303,-0.280503531,-7.72E-03,-0.06893886
5.868519372652456,-0.030654773,-0.062240103,0.957337451,-0.28051861,0.957337451,-0.28051861,-7.72E-03,-0.068954565
5.868519504915608,-0.030662304,-0.062254668,0.957331739,-0.280534048,0.957331739,-0.280534048,-7.72E-03,-0.068970643
5.868519640280482,-0.030670015,-0.062269579,0.95732589,-0.280549852,0.95732589,-0.280549852,-7.73E-03,-0.068987104
5.868519778819816,-0.030677909,-0.062284846,0.957319902,-0.280566033,0.957319902,-0.280566033,-7.73E-03,-0.069003957
5.868519920608056,-0.030685992,-0.062300475,0.95731377,-0.280582599,0.95731377,-0.280582599,-7.73E-03,-0.069021211
5.868520065721391,-0.030694269,-0.062316477,0.957307492,-0.28059956,0.957307492,-0.28059956,-7.74E-03,-0.069038876
5.868520214237800,-0.030702743,-0.06233286,0.957301063,-0.280616924,0.957301063,-0.280616924,-7.74E-03,-0.069056962
5.868520366237088,-0.03071142,-0.062349633,0.957294481,-0.280634703,0.957294481,-0.280634703,-7.75E-03,-0.06907548
5.868520521800932,-0.030720304,-0.062366806,0.95728774,-0.280652905,0.95728774,-0.280652905,-7.75E-03,-0.069094438
5.868520681012926,-0.030729402,-0.062384389,0.957280839,-0.280671541,0.957280839,-0.280671541,-7.76E-03,-0.069113849
5.868520843958623,-0.030738717,-0.062402391,0.957273771,-0.280690622,0.957273771,-0.280690622,-7.76E-03,-0.069133724
5.868521010725583,-0.030748255,-0.062420822,0.957266534,-0.280710159,0.957266534,-0.280710159,-7.77E-03,-0.069154072
5.868521181403417,-0.030758022,-0.062439694,0.957259123,-0.280730162,0.957259123,-0.280730162,-7.77E-03,-0.069174907
5.868521356083841,-0.030768024,-0.062459016,0.957251534,-0.280750642,0.957251534,-0.280750642,-7.78E-03,-0.06919624
5.868521534860720,-0.030778265,-0.0624788,0.957243763,-0.280771613,0.957243763,-0.280771613,-7.78E-03,-0.069218082
5.868521717830120,-0.030788753,-0.062499056,0.957235805,-0.280793084,0.957235805,-0.280793084,-7.79E-03,-0.069240447
5.868521905090362,-0.030799492,-0.062519798,0.957227655,-0.28081507,0.957227655,-0.28081507,-7.79E-03,-0.069263347
5.868522096742070,-0.03081049,-0.062541035,0.957219309,-0.280837581,0.957219309,-0.280837581,-7.80E-03,-0.069286796
5.868522292888229,-0.030821752,-0.062562781,0.957210762,-0.280860631,0.957210762,-0.280860631,-7.80E-03,-0.069310806
5.868522493634239,-0.030833286,-0.062585047,0.957202009,-0.280884234,0.957202009,-0.280884234,-7.81E-03,-0.069335391
5.868522699087971,-0.030845097,-0.062607848,0.957193044,-0.280908402,0.957193044,-0.280908402,-7.81E-03,-0.069360566
5.868522909359829,-0.030857192,-0.062631194,0.957183863,-0.28093315,0.957183863,-0.28093315,-7.82E-03,-0.069386344
5.868523124562800,-0.03086958,-0.062655101,0.957174461,-0.280958492,0.957174461,-0.280958492,-7.83E-03,-0.069412741
5.868523344812526,-0.030882266,-0.062679581,0.957164831,-0.280984442,0.957164831,-0.280984442,-7.83E-03,-0.069439772
5.868523570227360,-0.030895259,-0.062704649,0.957154968,-0.281011015,0.957154968,-0.281011015,-7.84E-03,-0.069467453
5.868523800928429,-0.030908566,-0.062730319,0.957144866,-0.281038227,0.957144866,-0.281038227,-7.85E-03,-0.069495799
5.868524037039701,-0.030922195,-0.062756606,0.95713452,-0.281066093,0.95713452,-0.281066093,-7.85E-03,-0.069524827
5.868524278688050,-0.030936153,-0.062783526,0.957123922,-0.281094629,0.957123922,-0.281094629,-7.86E-03,-0.069554553
5.868524526003331,-0.03095045,-0.062811093,0.957113068,-0.281123853,0.957113068,-0.281123853,-7.87E-03,-0.069584995
5.868524779118435,-0.030965092,-0.062839324,0.95710195,-0.28115378,0.95710195,-0.28115378,-7.87E-03,-0.069616171
5.868525038169378,-0.030980091,-0.062868235,0.957090561,-0.281184429,0.957090561,-0.281184429,-7.88E-03,-0.069648099
5.868525303295360,-0.030995453,-0.062897844,0.957078896,-0.281215817,0.957078896,-0.281215817,-7.89E-03,-0.069680797
5.868525574638848,-0.031011188,-0.062928166,0.957066946,-0.281247962,0.957066946,-0.281247962,-7.90E-03,-0.069714284
5.868525852345652,-0.031027306,-0.062959221,0.957054706,-0.281280884,0.957054706,-0.281280884,-7.91E-03,-0.069748581
5.868526136564996,-0.031043816,-0.062991025,0.957042167,-0.281314602,0.957042167,-0.281314602,-7.91E-03,-0.069783707
5.868526427449608,-0.031060728,-0.063023599,0.957029321,-0.281349135,0.957029321,-0.281349135,-7.92E-03,-0.069819682
5.868526725155795,-0.031078053,-0.063056961,0.957016162,-0.281384503,0.957016162,-0.281384503,-7.93E-03,-0.069856529
5.868527029843533,-0.0310958,-0.06309113,0.957002681,-0.281420729,0.957002681,-0.281420729,-7.94E-03,-0.069894268
5.868527341676544,-0.031113981,-0.063126127,0.95698887,-0.281457832,0.95698887,-0.281457832,-7.95E-03,-0.069932923
5.868527660822395,-0.031132606,-0.063161973,0.95697472,-0.281495836,0.95697472,-0.281495836,-7.96E-03,-0.069972516
5.868527987452582,-0.031151686,-0.063198688,0.956960224,-0.281534762,0.956960224,-0.281534762,-7.97E-03,-0.07001307
5.868528321742618,-0.031171234,-0.063236295,0.956945371,-0.281574633,0.956945371,-0.281574633,-7.98E-03,-0.070054611
5.868528663872136,-0.031191262,-0.063274816,0.956930153,-0.281615475,0.956930153,-0.281615475,-7.99E-03,-0.070097162
5.868529014024982,-0.031211781,-0.063314274,0.95691456,-0.28165731,0.95691456,-0.28165731,-8.00E-03,-0.070140749
5.868529372389311,-0.031232804,-0.063354693,0.956898583,-0.281700164,0.956898583,-0.281700164,-8.01E-03,-0.070185398
5.868529739157692,-0.031254344,-0.063396096,0.956882213,-0.281744064,0.956882213,-0.281744064,-8.02E-03,-0.070231136
5.868530114527210,-0.031276414,-0.06343851,0.956865437,-0.281789034,0.956865437,-0.281789034,-8.03E-03,-0.070277992
5.868530498699570,-0.031299029,-0.063481958,0.956848247,-0.281835103,0.956848247,-0.281835103,-8.04E-03,-0.070325992
5.868530891881210,-0.031322201,-0.063526468,0.956830632,-0.281882298,0.956830632,-0.281882298,-8.05E-03,-0.070375166
5.868531294283408,-0.031345947,-0.063572067,0.956812579,-0.281930648,0.956812579,-0.281930648,-8.06E-03,-0.070425545
5.868531706122397,-0.03137028,-0.063618782,0.956794079,-0.281980182,0.956794079,-0.281980182,-8.08E-03,-0.070477158
5.868532127619480,-0.031395215,-0.063666642,0.956775118,-0.282030931,0.956775118,-0.282030931,-8.09E-03,-0.070530038
5.868532559001149,-0.031420769,-0.063715676,0.956755686,-0.282082926,0.956755686,-0.282082926,-8.10E-03,-0.070584217
5.868533000499210,-0.031446958,-0.063765914,0.956735769,-0.282136199,0.956735769,-0.282136199,-8.12E-03,-0.070639728
5.868533452350904,-0.031473798,-0.063817387,0.956715356,-0.282190782,0.956715356,-0.282190782,-8.13E-03,-0.070696606
5.868533914799036,-0.031501306,-0.063870127,0.956694432,-0.282246709,0.956694432,-0.282246709,-8.14E-03,-0.070754885
5.868534388092103,-0.0315295,-0.063924167,0.956672984,-0.282304015,0.956672984,-0.282304015,-8.16E-03,-0.070814603
5.868534872484432,-0.031558399,-0.063979539,0.956650998,-0.282362736,0.956650998,-0.282362736,-8.17E-03,-0.070875795
5.868535368236313,-0.03158802,-0.064036279,0.95662846,-0.282422908,0.95662846,-0.282422908,-8.19E-03,-0.070938501
5.868535875614142,-0.031618383,-0.064094422,0.956605356,-0.28248457,0.956605356,-0.28248457,-8.20E-03,-0.07100276
5.868536394890558,-0.031649508,-0.064154004,0.956581669,-0.282547759,0.956581669,-0.282547759,-8.22E-03,-0.071068612
5.868536926344600,-0.031681415,-0.064215064,0.956557385,-0.282612515,0.956557385,-0.282612515,-8.23E-03,-0.0711361
5.868537470261844,-0.031714125,-0.064277639,0.956532487,-0.282678881,0.956532487,-0.282678881,-8.25E-03,-0.071205265
5.868538026934567,-0.03174766,-0.064341769,0.956506958,-0.282746897,0.956506958,-0.282746897,-8.27E-03,-0.071276152
5.868538596661902,-0.031782041,-0.064407495,0.956480782,-0.282816607,0.956480782,-0.282816607,-8.28E-03,-0.071348806
5.868539179749991,-0.031817292,-0.064474859,0.95645394,-0.282888056,0.95645394,-0.282888056,-8.30E-03,-0.071423275
5.868539776512161,-0.031853437,-0.064543905,0.956426415,-0.282961291,0.956426415,-0.282961291,-8.32E-03,-0.071499605
5.868540387269084,-0.031890499,-0.064614676,0.956398188,-0.283036357,0.956398188,-0.283036357,-8.34E-03,-0.071577847
5.868541012348952,-0.031928503,-0.064687219,0.956369239,-0.283113304,0.956369239,-0.283113304,-8.36E-03,-0.071658051
5.868541652087656,-0.031967477,-0.064761581,0.956339549,-0.283192182,0.956339549,-0.283192182,-8.38E-03,-0.071740269
5.868542306828963,-0.032007445,-0.06483781,0.956309097,-0.283273043,0.956309097,-0.283273043,-8.40E-03,-0.071824556
5.868542976924699,-0.032048435,-0.064915956,0.956277862,-0.28335594,0.956277862,-0.28335594,-8.42E-03,-0.071910967
5.868543662734945,-0.032090477,-0.06499607,0.956245821,-0.283440926,0.956245821,-0.283440926,-8.44E-03,-0.07199956
5.868544364628222,-0.032133598,-0.065078207,0.956212953,-0.28352806,0.956212953,-0.28352806,-8.46E-03,-0.072090393
5.868545082981696,-0.032177829,-0.065162419,0.956179234,-0.283617399,0.956179234,-0.283617399,-8.48E-03,-0.072183527
5.868545818181380,-0.032223202,-0.065248764,0.95614464,-0.283709002,0.95614464,-0.283709002,-8.51E-03,-0.072279024
5.868546570622333,-0.032269747,-0.065337299,0.956109146,-0.283802932,0.956109146,-0.283802932,-8.53E-03,-0.072376949
5.868547340708885,-0.032317499,-0.065428084,0.956072727,-0.283899252,0.956072727,-0.283899252,-8.55E-03,-0.072477369
5.868548128854844,-0.032366492,-0.065521181,0.956035355,-0.283998027,0.956035355,-0.283998027,-8.58E-03,-0.072580352
5.868548935483724,-0.03241676,-0.065616652,0.955997004,-0.284099325,0.955997004,-0.284099325,-8.61E-03,-0.072685969
5.868549761028971,-0.03246834,-0.065714564,0.955957646,-0.284203215,0.955957646,-0.284203215,-8.63E-03,-0.072794291
5.868550605934196,-0.03252127,-0.065814984,0.955917251,-0.28430977,0.955917251,-0.28430977,-8.66E-03,-0.072905396
5.868551470653411,-0.032575588,-0.065917982,0.955875789,-0.284419064,0.955875789,-0.284419064,-8.69E-03,-0.07301936
5.868552355651278,-0.032631336,-0.066023628,0.955833228,-0.284531172,0.955833228,-0.284531172,-8.71E-03,-0.073136262
5.868553261403354,-0.032688553,-0.066131998,0.955789537,-0.284646174,0.955789537,-0.284646174,-8.74E-03,-0.073256187
5.868554188396347,-0.032747284,-0.066243167,0.955744682,-0.284764152,0.955744682,-0.284764152,-8.77E-03,-0.073379218
5.868555137128384,-0.032807573,-0.066357214,0.955698629,-0.284885188,0.955698629,-0.284885188,-8.80E-03,-0.073505444
5.868556108109269,-0.032869465,-0.066474222,0.955651341,-0.28500937,0.955651341,-0.28500937,-8.84E-03,-0.073634955
5.868557101860762,-0.032933008,-0.066594273,0.955602782,-0.285136788,0.955602782,-0.285136788,-8.87E-03,-0.073767846
5.868558118916861,-0.032998251,-0.066717455,0.955552914,-0.285267533,0.955552914,-0.285267533,-8.90E-03,-0.073904213
5.868559159824085,-0.033065246,-0.066843857,0.955501696,-0.285401702,0.955501696,-0.285401702,-8.94E-03,-0.074044156
5.868560225141769,-0.033134044,-0.066973573,0.955449087,-0.285539394,0.955449087,-0.285539394,-8.97E-03,-0.074187779
5.868561315442368,-0.033204701,-0.067106696,0.955395046,-0.285680709,0.955395046,-0.285680709,-9.01E-03,-0.074335188
5.868562431311759,-0.033277273,-0.067243328,0.955339527,-0.285825754,0.955339527,-0.285825754,-9.04E-03,-0.074486495
5.868563573349558,-0.033351818,-0.067383569,0.955282485,-0.285974639,0.955282485,-0.285974639,-9.08E-03,-0.074641813
5.868564742169446,-0.033428397,-0.067527526,0.955223872,-0.286127474,0.955223872,-0.286127474,-9.12E-03,-0.074801261
5.868565938399493,-0.033507073,-0.067675307,0.95516364,-0.286284379,0.95516364,-0.286284379,-9.16E-03,-0.074964961
5.868567162682499,-0.033587911,-0.067827027,0.955101736,-0.286445472,0.955101736,-0.286445472,-9.20E-03,-0.07513304
5.868568415676337,-0.03367098,-0.067982802,0.955038108,-0.286610879,0.955038108,-0.286610879,-9.25E-03,-0.075305628
5.868569698054309,-0.033756349,-0.068142753,0.954972701,-0.28678073,0.954972701,-0.28678073,-9.29E-03,-0.075482862
5.868571010505505,-0.033844091,-0.068307006,0.954905457,-0.286955158,0.954905457,-0.286955158,-9.33E-03,-0.075664881
5.868572353735178,-0.033934281,-0.068475691,0.954836317,-0.287134302,0.954836317,-0.287134302,-9.38E-03,-0.075851832
5.868573728465120,-0.034026999,-0.068648943,0.95476522,-0.287318306,0.95476522,-0.287318306,-9.43E-03,-0.076043865
5.868575135434045,-0.034122327,-0.0688269,0.9546921,-0.287507318,0.9546921,-0.287507318,-9.48E-03,-0.076241137
5.868576575397995,-0.034220348,-0.069009707,0.95461689,-0.287701494,0.95461689,-0.287701494,-9.53E-03,-0.076443809
5.868578049130742,-0.034321152,-0.069197515,0.954539523,-0.287900993,0.954539523,-0.287900993,-9.58E-03,-0.076652049
5.868579557424202,-0.034424829,-0.069390478,0.954459924,-0.288105981,0.954459924,-0.288105981,-9.63E-03,-0.076866033
5.868581101088863,-0.034531476,-0.069588758,0.954378018,-0.288316631,0.954378018,-0.288316631,-9.69E-03,-0.07708594
5.868582680954221,-0.034641192,-0.069792521,0.954293728,-0.288533121,0.954293728,-0.288533121,-9.75E-03,-0.07731196
5.868584297869222,-0.034754081,-0.070001942,0.95420697,-0.288755637,0.95420697,-0.288755637,-9.80E-03,-0.077544286
5.868585952702723,-0.034870249,-0.070217201,0.95411766,-0.288984372,0.95411766,-0.288984372,-9.86E-03,-0.077783121
5.868587646343955,-0.03498981,-0.070438484,0.954025709,-0.289219526,0.954025709,-0.289219526,-9.93E-03,-0.078028676
5.868589379703006,-0.03511288,-0.070665987,0.953931024,-0.289461306,0.953931024,-0.289461306,-9.99E-03,-0.078281169
5.868591153711302,-0.035239582,-0.07089991,0.953833508,-0.28970993,0.953833508,-0.28970993,-0.010056507,-0.078540828
5.868592969322115,-0.035370043,-0.071140465,0.95373306,-0.289965621,0.95373306,-0.289965621,-0.01012447,-0.078807889
5.868594827511073,-0.035504395,-0.07138787,0.953629574,-0.290228615,0.953629574,-0.290228615,-0.010194542,-0.079082599
5.868596729276678,-0.035642778,-0.071642352,0.95352294,-0.290499154,0.95352294,-0.290499154,-0.010266801,-0.079365214
5.868598675640857,-0.035785337,-0.071904147,0.953413042,-0.290777492,0.953413042,-0.290777492,-0.010341331,-0.079656
5.868600000000001,-0.03588288,-0.072083064,0.953337819,-0.290967728,0.953337819,-0.290967728,-0.010392379,-0.079854758
5.868600667649493,-0.035932222,-0.072173503,0.953299759,-0.291063893,0.953299759,-0.291063893,-0.010418217,-0.079955235
5.868602706373003,-0.036083592,-0.072450674,0.953182966,-0.291358632,0.953182966,-0.291358632,-0.010497553,-0.08026321
5.868604792906902,-0.036239613,-0.07273593,0.953062529,-0.291661995,0.953062529,-0.291661995,-0.010579433,-0.080580224
5.868606928372402,-0.036400459,-0.073029547,0.95293831,-0.291974281,0.95293831,-0.291974281,-0.010663958,-0.080906595
5.868609113917001,-0.03656631,-0.073331817,0.952810163,-0.292295802,0.952810163,-0.292295802,-0.010751234,-0.081242649
5.868611350715113,-0.036737357,-0.073643043,0.952677937,-0.292626884,0.952677937,-0.292626884,-0.010841371,-0.08158873
5.868613639968690,-0.036913799,-0.073963541,0.95254147,-0.292967864,0.95254147,-0.292967864,-0.010934485,-0.081945196
5.868615982907874,-0.037095846,-0.074293641,0.952400596,-0.293319099,0.952400596,-0.293319099,-0.0110307,-0.082312421
5.868618380791653,-0.037283716,-0.074633688,0.952255137,-0.293680959,0.952255137,-0.293680959,-0.011130144,-0.082690796
5.868620834908540,-0.03747764,-0.074984044,0.952104909,-0.29405383,0.952104909,-0.29405383,-0.011232953,-0.08308073
5.868623346577266,-0.03767786,-0.075345084,0.951949716,-0.294438119,0.951949716,-0.294438119,-0.01133927,-0.083482651
5.868625917147487,-0.03788463,-0.075717203,0.951789353,-0.29483425,0.951789353,-0.29483425,-0.011449247,-0.083897006
5.868628548000510,-0.038098217,-0.076100813,0.951623603,-0.295242666,0.951623603,-0.295242666,-0.011563042,-0.084324265
5.868631240550035,-0.038318904,-0.076496348,0.95145224,-0.295663832,0.95145224,-0.295663832,-0.011680823,-0.084764919
5.868633996242917,-0.038546986,-0.07690426,0.951275023,-0.296098236,0.951275023,-0.296098236,-0.011802768,-0.085219483
5.868636816559937,-0.038782775,-0.077325023,0.951091698,-0.296546389,0.951091698,-0.296546389,-0.011929065,-0.085688498
5.868639703016608,-0.039026602,-0.077759135,0.950901998,-0.297008827,0.950901998,-0.297008827,-0.012059912,-0.086172532
5.868642657163977,-0.039278814,-0.078207118,0.95070564,-0.297486114,0.95070564,-0.297486114,-0.01219552,-0.08667218
5.868645680589470,-0.039539777,-0.078669522,0.950502326,-0.297978839,0.950502326,-0.297978839,-0.012336112,-0.087188068
5.868648774917738,-0.03980988,-0.079146921,0.950291739,-0.298487626,0.950291739,-0.298487626,-0.012481924,-0.087720856
5.868651941811532,-0.040089533,-0.079639923,0.950073545,-0.299013128,0.950073545,-0.299013128,-0.012633207,-0.088271236
5.868655182972595,-0.040379169,-0.080149164,0.949847387,-0.299556032,0.949847387,-0.299556032,-0.012790227,-0.088839936
5.868658500142580,-0.040679249,-0.080675314,0.949612891,-0.300117064,0.949612891,-0.300117064,-0.012953268,-0.089427727
5.868661895103982,-0.04099026,-0.081219081,0.949369655,-0.300696986,0.949369655,-0.300696986,-0.013122631,-0.090035417
5.868665369681100,-0.041312719,-0.081781208,0.949117257,-0.301296604,0.949117257,-0.301296604,-0.013298637,-0.090663862
5.868668925741013,-0.041647174,-0.082362482,0.948855243,-0.301916767,0.948855243,-0.301916767,-0.013481628,-0.091313964
5.868672565194585,-0.04199421,-0.082963729,0.948583133,-0.302558372,0.948583133,-0.302558372,-0.01367197,-0.091986676
5.868676289997492,-0.042354447,-0.083585827,0.948300415,-0.303222367,0.948300415,-0.303222367,-0.013870051,-0.092683007
5.868680102151272,-0.042728546,-0.084229699,0.948006544,-0.303909755,0.948006544,-0.303909755,-0.01407629,-0.093404022
5.868684003704405,-0.043117211,-0.084896324,0.947700936,-0.304621596,0.947700936,-0.304621596,-0.014291131,-0.094150852
5.868687996753408,-0.043521193,-0.085586739,0.947382968,-0.305359014,0.947382968,-0.305359014,-0.014515053,-0.094924693
5.868692083443961,-0.043941294,-0.086302039,0.947051975,-0.306123201,0.947051975,-0.306123201,-0.014748567,-0.095726816
5.868696265972067,-0.044378372,-0.087043389,0.946707242,-0.30691542,0.946707242,-0.30691542,-0.014992225,-0.096558567
5.868700000000000,-0.044774813,-0.087713313,0.946394242,-0.30763149,0.946394242,-0.30763149,-0.015213847,-0.097310549
5.868700546585226,-0.044833345,-0.087812023,0.946348004,-0.307737014,0.946348004,-0.307737014,-0.015246617,-0.09742138
5.868704927583642,-0.045307195,-0.088609252,0.945973442,-0.30858941,0.945973442,-0.30858941,-0.01551238,-0.098316778
5.868709411321466,-0.045800979,-0.089436471,0.945582673,-0.309474124,0.945582673,-0.309474124,-0.015790198,-0.099246383
5.868714000208053,-0.046315827,-0.090295162,0.945174748,-0.310392774,0.945174748,-0.310392774,-0.016080812,-0.100211924
5.868718696709262,-0.046852958,-0.091186906,0.944748644,-0.311347082,0.944748644,-0.311347082,-0.016385021,-0.101215243
5.868723503348779,-0.047413683,-0.092113385,0.944303259,-0.312338887,0.944303259,-0.312338887,-0.016703689,-0.10225831
5.868728422709472,-0.047999415,-0.093076397,0.943837402,-0.31337015,0.943837402,-0.31337015,-0.017037751,-0.103343229
5.868733457434781,-0.048611679,-0.094077862,0.943349784,-0.314442972,0.943349784,-0.314442972,-0.017388225,-0.104472252
5.868738610230139,-0.049252124,-0.095119833,0.942839011,-0.315559599,0.942839011,-0.315559599,-0.017756212,-0.105647791
5.868743883864422,-0.049922537,-0.096204508,0.942303568,-0.316722438,0.942303568,-0.316722438,-0.018142914,-0.106872434
5.868749281171441,-0.050624851,-0.09733424,0.94174181,-0.317934074,0.94174181,-0.317934074,-0.018549639,-0.108148961
5.868754805051463,-0.05136117,-0.098511559,0.941151948,-0.319197282,0.941151948,-0.319197282,-0.018977815,-0.109480359
5.868760458472768,-0.05213378,-0.09973918,0.940532029,-0.320515044,0.940532029,-0.320515044,-0.019429006,-0.110869845
5.868766244473248,-0.052945171,-0.101020021,0.939879923,-0.321890576,0.939879923,-0.321890576,-0.019904921,-0.112320889
5.868772166162035,-0.053798063,-0.10235723,0.939193297,-0.323327344,0.939193297,-0.323327344,-0.020407441,-0.113837234
5.868778226721176,-0.05469543,-0.103754197,0.938469597,-0.32482909,0.938469597,-0.32482909,-0.020938631,-0.115422929
5.868784429407337,-0.055640527,-0.105214586,0.937706015,-0.32639986,0.937706015,-0.32639986,-0.021500767,-0.117082357
5.868790777553560,-0.056636933,-0.106742358,0.936899462,-0.328044039,0.936899462,-0.328044039,-0.022096364,-0.118820272
5.868797274571048,-0.057688579,-0.108341801,0.936046532,-0.32976638,0.936046532,-0.32976638,-0.022728204,-0.120641836
5.868800000000000,-0.058139682,-0.109023835,0.935680153,-0.330501143,0.935680153,-0.330501143,-0.023000232,-0.121419251
5.868803923951003,-0.058799804,-0.110017567,0.93514346,-0.331572047,0.93514346,-0.331572047,-0.023399374,-0.122552668
5.868810729266499,-0.059975398,-0.11177471,0.934186073,-0.333466659,0.934186073,-0.333466659,-0.024113306,-0.124558888
5.868817694174401,-0.061220669,-0.113618727,0.933169738,-0.335456342,0.933169738,-0.335456342,-0.024873826,-0.12666718
5.868824822417335,-0.062541509,-0.115555608,0.932089297,-0.337547783,0.932089297,-0.337547783,-0.025685208,-0.128884855
5.868832117825691,-0.063944477,-0.117591892,0.930938991,-0.339748297,0.930938991,-0.339748297,-0.026552246,-0.131219923
5.868839584319689,-0.065436894,-0.119734727,0.929712372,-0.342065899,0.929712372,-0.342065899,-0.027480323,-0.133681181
5.868847225911484,-0.067026954,-0.121991944,0.928402201,-0.344509391,0.928402201,-0.344509391,-0.028475511,-0.136278309
5.868855046707319,-0.068723859,-0.124372136,0.927000326,-0.347088456,0.927000326,-0.347088456,-0.029544675,-0.139021979
5.868863050909732,-0.070537968,-0.126884749,0.925497536,-0.349813769,0.925497536,-0.349813769,-0.030695602,-0.141923989
5.868871242819815,-0.07248099,-0.129540185,0.923883386,-0.352697123,0.923883386,-0.352697123,-0.03193716,-0.144997402
5.868879626839529,-0.0745662,-0.132349928,0.922145995,-0.355751574,0.922145995,-0.355751574,-0.033279482,-0.148256728
5.868888207474064,-0.076808705,-0.135326669,0.920271793,-0.358991612,0.920271793,-0.358991612,-0.034734193,-0.151718114
5.868896989334260,-0.079225765,-0.138484473,0.918245218,-0.36243335,0.918245218,-0.36243335,-0.036314681,-0.155399582
5.868900000000000,-0.080084476,-0.139593996,0.917523653,-0.363643781,0.917523653,-0.363643781,-0.036879242,-0.156695464
5.868905977139090,-0.081837179,-0.141838949,0.916048354,-0.366094752,0.916048354,-0.366094752,-0.038036436,-0.159321295
5.868915175718189,-0.084665756,-0.145407455,0.913660477,-0.36999589,0.913660477,-0.36999589,-0.039917458,-0.163505877
5.868924590014454,-0.087737899,-0.149209333,0.911057501,-0.374159246,0.911057501,-0.374159246,-0.041978768,-0.16797878
5.868934225086700,-0.091084313,-0.153266167,0.908211299,-0.378610064,0.908211299,-0.378610064,-0.044245042,-0.172768722
5.868944086112374,-0.094740896,-0.157602086,0.90508884,-0.383376747,0.90508884,-0.383376747,-0.046745403,-0.177908203
5.868954178390341,-0.098749849,-0.162244094,0.901651118,-0.388491331,0.901651118,-0.388491331,-0.049514425,-0.183434101
5.868964507343732,-0.10316107,-0.167222445,0.897851789,-0.393990019,0.897851789,-0.393990019,-0.052593413,-0.189388394
5.868975078522856,-0.108033937,-0.172571041,0.893635435,-0.399913796,0.893635435,-0.399913796,-0.056032033,-0.195818988
5.868985897608180,-0.113439572,-0.178327857,0.888935327,-0.406309125,0.888935327,-0.406309125,-0.059890444,-0.202780706
5.868996970413390,-0.119463784,-0.184535354,0.883670515,-0.413228709,0.883670515,-0.413228709,-0.064242058,-0.210336428
5.869000000000001,-0.121206872,-0.186292131,0.882142073,-0.41519162,0.882142073,-0.41519162,-0.06551096,-0.212484341
5.869008302888505,-0.126210889,-0.191240845,0.877742022,-0.420732317,0.877742022,-0.420732317,-0.069177205,-0.218558403
5.869019901123080,-0.133808748,-0.198496721,0.871027787,-0.428887602,0.871027787,-0.428887602,-0.074808004,-0.227529738
5.869031771349478,-0.142415452,-0.206360369,0.863375909,-0.437770828,0.863375909,-0.437770828,-0.081274939,-0.237346004
5.869043919946218,-0.15222831,-0.21489354,0.854595488,-0.447467291,0.854595488,-0.447467291,-0.088755826,-0.248116865
5.869056353441401,-0.163496038,-0.224160639,0.844444084,-0.458071062,0.844444084,-0.458071062,-0.097478188,-0.259967485
5.869069078516221,-0.176535487,-0.234225111,0.832610345,-0.469683339,0.832610345,-0.469683339,-0.107736568,-0.273039203
5.869082102008551,-0.191754815,-0.245142374,0.818689636,-0.482408097,0.818689636,-0.482408097,-0.119917028,-0.287488461
5.869095430916624,-0.209685911,-0.256946529,0.802149494,-0.496342568,0.802149494,-0.496342568,-0.134532289,-0.303481972
5.869100000000000,-0.216467564,-0.261130948,0.795857019,-0.501332784,0.795857019,-0.501332784,-0.140129914,-0.30925823
5.869109072402786,-0.23103003,-0.26962577,0.782280172,-0.511557903,0.782280172,-0.511557903,-0.152272696,-0.321184169
5.869123033797350,-0.256722206,-0.283077045,0.758123373,-0.528061112,0.758123373,-0.528061112,-0.174080822,-0.340729043
5.869137322602533,-0.288021459,-0.297022027,0.728369611,-0.545721003,0.728369611,-0.545721003,-0.201261129,-0.362160538
5.869151946496488,-0.326633765,-0.310849883,0.691212446,-0.564123964,0.691212446,-0.564123964,-0.235640131,-0.385309275
5.869166913337427,-0.374867611,-0.323319488,0.644150627,-0.58229136,0.644150627,-0.58229136,-0.279793541,-0.409539151
5.869182231167848,-0.435790902,-0.331989514,0.583752095,-0.59812155,0.583752095,-0.59812155,-0.337341755,-0.433225857
5.869197908218855,-0.513252454,-0.33212453,0.505485027,-0.607285946,0.505485027,-0.607285946,-0.413238844,-0.452683472
5.869200000000000,-0.524909131,-0.331096778,0.493565413,-0.607608736,0.493565413,-0.607608736,-0.424921427,-0.454583973
5.869213952914580,-0.611309092,-0.314628139,0.404022144,-0.601076078,0.404022144,-0.601076078,-0.513704601,-0.459979607
5.869230373876713,-0.731697099,-0.262335406,0.275303328,-0.56239973,0.275303328,-0.56239973,-0.644595447,-0.43864716
5.869247179929126,-0.865660324,-0.143878979,0.123884243,-0.458865332,0.123884243,-0.458865332,-0.80473018,-0.355674907
5.869264380102628,-0.967664704,0.100079879,-0.01361511,-0.227051492,-0.01361511,-0.227051492,-0.963386615,-0.141945335
5.869281983639807,-0.648289125,0.640917457,0.202960882,0.339262463,0.202960882,0.339262463,-0.790168432,0.468339311
5.869300000000000,-0.921625362,-0.04986479,0.068655476,-0.378691058,0.068655476,-0.378691058,-0.880473441,-0.276850732
5.869329262246207,-0.736684471,0.589956849,0.173486712,0.281334341,0.173486712,0.281334341,-0.857915322,0.393362928
5.869400000000001,-0.194114253,0.58111837,0.713003943,0.339919911,0.713003943,0.339919911,-0.326418681,0.519163438
5.869500000000000,-0.018133577,0.371809838,0.915291153,0.153318163,0.915291153,0.153318163,-0.102718781,0.358028627
5.869600000000000,0.015563621,0.266437316,0.962268339,0.052515853,0.962268339,0.052515853,-0.043765044,0.263374923
5.869700000000001,0.023704421,0.208659563,0.977681892,-4.04E-03,0.977681892,-4.04E-03,-0.021543246,0.20894427
5.869800000000001,0.025341963,0.172878166,0.9838198,-0.039481221,0.9838198,-0.039481221,-0.011107376,0.174403157
5.869900000000000,0.024997665,0.148708755,0.986513685,-0.063602505,0.986513685,-0.063602505,-5.47E-03,0.150716607
5.870000000000000,0.024028005,0.13134217,0.987726117,-0.08102437,0.987726117,-0.08102437,-2.13E-03,0.133520108
5.870100000000001,0.02289882,0.118281808,0.988237348,-0.094176373,0.988237348,-0.094176373,-1.05E-05,0.120489647
5.870200000000001,0.021780236,0.108112137,0.988395682,-0.104447618,0.988395682,-0.104447618,0.001408611,0.110284575
5.870300000000000,0.020733134,0.099973731,0.988370136,-0.112686702,0.988370136,-0.112686702,0.002395982,0.102080563
5.870400000000000,0.01977542,0.093315752,0.988247903,-0.119440123,0.988247903,-0.119440123,0.003105073,0.095344099
5.870500000000001,0.018907741,0.087769334,0.988076019,-0.125075233,0.988076019,-0.125075233,0.003627598,0.089715145
5.870600000000000,0.018124076,0.0830784,0.987880658,-0.129847857,0.987880658,-0.129847857,0.004020912,0.084942166
5.870700000000000,0.017416237,0.079059718,0.987676666,-0.133941522,0.987676666,-0.133941522,0.004322263,0.080844231
5.870800000000000,0.01677579,0.075578781,0.987472516,-0.137491247,0.987472516,-0.137491247,0.00455663,0.077287929
5.870900000000001,0.016194839,0.072534651,0.987272997,-0.140598552,0.987272997,-0.140598552,0.004741228,0.074172757
5.871000000000000,0.015666301,0.069850118,0.987080726,-0.143341215,0.987080726,-0.143341215,0.004888205,0.071421585
5.871100000000000,0.015183949,0.06746513,0.986897023,-0.145779821,0.986897023,-0.145779821,0.005006311,0.068974247
5.871200000000000,0.01474237,0.065332281,0.986722431,-0.147962258,0.986722431,-0.147962258,0.005101965,0.066783122
5.871300000000001,0.014336877,0.063413653,0.986557024,-0.149926871,0.986557024,-0.149926871,0.005179953,0.064810036
5.871400000000000,0.013963414,0.061678561,0.986400603,-0.151704725,0.986400603,-0.151704725,0.005243895,0.06302403
5.871500000000000,0.013618475,0.060101906,0.986252814,-0.153321253,0.986252814,-0.153321253,0.005296563,0.061399734
5.871600000000000,0.013299019,0.058662962,0.986113218,-0.154797475,0.986113218,-0.154797475,0.005340107,0.059916165
5.871700000000001,0.013002404,0.057344462,0.985981341,-0.156150912,0.985981341,-0.156150912,0.005376208,0.058555814
5.871800000000000,0.012726326,0.05613191,0.985856702,-0.157396291,0.985856702,-0.157396291,0.0054062,0.05730396
5.871900000000000,0.012468771,0.055013043,0.985738826,-0.158546073,0.985738826,-0.158546073,0.005431144,0.056148134
5.872000000000001,0.012227974,0.053977419,0.985627258,-0.159610876,0.985627258,-0.159610876,0.005451893,0.055077706
5.872100000000001,0.012002381,0.053016091,0.985521568,-0.160599804,0.985521568,-0.160599804,0.00546914,0.05408356
5.872200000000000,0.01179062,0.05212135,0.985421351,-0.161520704,0.985421351,-0.161520704,0.005483449,0.05315783
5.872300000000000,0.011591475,0.051286516,0.985326232,-0.162380379,0.985326232,-0.162380379,0.005495284,0.052293695
5.872400000000001,0.011403869,0.050505774,0.985235862,-0.163184755,0.985235862,-0.163184755,0.005505026,0.051485212
5.872500000000000,0.011226838,0.049774037,0.985149917,-0.163939017,0.985149917,-0.163939017,0.005512993,0.050727179
5.872600000000000,0.011059525,0.049086836,0.9850681,-0.164647722,0.9850681,-0.164647722,0.00551945,0.05001502
5.872700000000000,0.010901159,0.048440231,0.984990135,-0.16531489,0.984990135,-0.16531489,0.005524618,0.049344698
5.872800000000001,0.01075105,0.04783073,0.98491577,-0.165944083,0.98491577,-0.165944083,0.005528685,0.048712635
5.872900000000000,0.010608574,0.047255233,0.984844771,-0.166538467,0.984844771,-0.166538467,0.005531808,0.048115651
5.873000000000000,0.010473168,0.046710975,0.984776922,-0.167100865,0.984776922,-0.167100865,0.00553412,0.047550906
5.873100000000000,0.010344325,0.046195481,0.984712025,-0.167633803,0.984712025,-0.167633803,0.005535736,0.047015861
5.873200000000001,0.010221582,0.045706534,0.984649897,-0.168139549,0.984649897,-0.168139549,0.005536753,0.046508236
5.873300000000000,0.010104519,0.045242136,0.98459037,-0.168620143,0.98459037,-0.168620143,0.005537254,0.046025977
5.873400000000000,0.009992755,0.044800487,0.984533285,-0.169077426,0.984533285,-0.169077426,0.00553731,0.045567233
5.873500000000000,0.009885939,0.044379956,0.9844785,-0.169513064,0.9844785,-0.169513064,0.005536983,0.045130326
5.873600000000001,0.009783754,0.043979066,0.98442588,-0.169928569,0.98442588,-0.169928569,0.005536326,0.044713735
5.873700000000000,0.009685906,0.043596475,0.984375301,-0.170325313,0.984375301,-0.170325313,0.005535386,0.044316077
5.873800000000000,0.009592127,0.043230959,0.984326648,-0.170704549,0.984326648,-0.170704549,0.005534201,0.043936092
5.873900000000001,0.009502169,0.042881402,0.984279814,-0.171067418,0.984279814,-0.171067418,0.005532807,0.043572629
5.874000000000001,0.009415806,0.042546783,0.9842347,-0.171414967,0.9842347,-0.171414967,0.005531234,0.043224634
5.874100000000000,0.009332827,0.042226164,0.984191214,-0.171748152,0.984191214,-0.171748152,0.005529508,0.042891143
5.874200000000000,0.009253039,0.041918688,0.98414927,-0.172067855,0.98414927,-0.172067855,0.005527651,0.042571269
5.874300000000001,0.009176262,0.041623564,0.984108787,-0.172374884,0.984108787,-0.172374884,0.005525684,0.042264195
5.874400000000001,0.00910233,0.041340062,0.98406969,-0.172669985,0.98406969,-0.172669985,0.005523625,0.041969169
5.874500000000000,0.009031088,0.041067512,0.98403191,-0.172953848,0.98403191,-0.172953848,0.005521488,0.041685497
5.874600000000000,0.008962394,0.040805291,0.98399538,-0.173227108,0.98399538,-0.173227108,0.005519287,0.041412538
5.874700000000001,0.008896113,0.040552824,0.983960041,-0.173490355,0.983960041,-0.173490355,0.005517034,0.041149696
5.874800000000000,0.008832121,0.040309579,0.983925833,-0.173744136,0.983925833,-0.173744136,0.005514739,0.040896421
5.874900000000000,0.008770303,0.040075059,0.983892705,-0.173988958,0.983892705,-0.173988958,0.005512411,0.0406522
5.875000000000000,0.00871055,0.039848805,0.983860604,-0.174225293,0.983860604,-0.174225293,0.005510058,0.040416558
5.875100000000001,0.008652761,0.039630388,0.983829484,-0.17445358,0.983829484,-0.17445358,0.005507688,0.04018905
5.875200000000000,0.008596841,0.039419409,0.9837993,-0.174674228,0.9837993,-0.174674228,0.005505306,0.039969264
5.875300000000000,0.008542702,0.039215495,0.983770011,-0.17488762,0.983770011,-0.17488762,0.005502918,0.039756815
5.875400000000000,0.00849026,0.039018297,0.983741575,-0.175094113,0.983741575,-0.175094113,0.005500528,0.039551341
5.875500000000001,0.008439437,0.03882749,0.983713957,-0.175294041,0.983713957,-0.175294041,0.005498141,0.039352505
5.875600000000000,0.00839016,0.03864277,0.983687122,-0.175487716,0.983687122,-0.175487716,0.00549576,0.039159992
5.875700000000000,0.008342359,0.038463849,0.983661035,-0.175675433,0.983661035,-0.175675433,0.005493388,0.038973505
5.875800000000001,0.00829597,0.038290461,0.983635665,-0.175857466,0.983635665,-0.175857466,0.005491029,0.038792767
5.875900000000001,0.008250931,0.038122352,0.983610984,-0.176034073,0.983610984,-0.176034073,0.005488684,0.038617516
5.876000000000000,0.008207185,0.037959287,0.983586962,-0.176205498,0.983586962,-0.176205498,0.005486356,0.038447507
5.876100000000000,0.008164677,0.037801041,0.983563573,-0.17637197,0.983563573,-0.17637197,0.005484046,0.038282509
5.876200000000001,0.008123355,0.037647406,0.983540793,-0.176533704,0.983540793,-0.176533704,0.005481756,0.038122304
5.876300000000001,0.008083171,0.037498182,0.983518597,-0.176690903,0.983518597,-0.176690903,0.005479488,0.037966686
5.876400000000000,0.008044079,0.037353184,0.983496963,-0.176843759,0.983496963,-0.176843759,0.005477242,0.037815463
5.876500000000000,0.008006035,0.037212235,0.983475868,-0.176992454,0.983475868,-0.176992454,0.005475019,0.037668451
5.876600000000001,0.007968998,0.037075168,0.983455294,-0.177137157,0.983455294,-0.177137157,0.005472821,0.037525477
5.876700000000000,0.007932928,0.036941826,0.983435219,-0.177278032,0.983435219,-0.177278032,0.005470648,0.037386377
5.876800000000000,0.007897789,0.036812059,0.983415627,-0.17741523,0.983415627,-0.17741523,0.0054685,0.037250997
5.876900000000000,0.007863544,0.036685725,0.983396498,-0.177548899,0.983396498,-0.177548899,0.005466378,0.03711919
5.877000000000001,0.007830162,0.036562692,0.983377818,-0.177679174,0.983377818,-0.177679174,0.005464282,0.036990817
5.877100000000000,0.007797608,0.036442831,0.983359568,-0.177806188,0.983359568,-0.177806188,0.005462213,0.036865746
5.877200000000000,0.007765854,0.036326022,0.983341736,-0.177930062,0.983341736,-0.177930062,0.005460171,0.036743851
5.877300000000000,0.007734871,0.036212151,0.983324305,-0.178050917,0.983324305,-0.178050917,0.005458155,0.036625014
5.877400000000001,0.00770463,0.036101107,0.983307262,-0.178168863,0.983307262,-0.178168863,0.005456166,0.036509121
5.877500000000000,0.007675106,0.035992789,0.983290593,-0.178284006,0.983290593,-0.178284006,0.005454205,0.036396065
5.877600000000000,0.007646274,0.035887096,0.983274288,-0.178396449,0.983274288,-0.178396449,0.005452269,0.036285742
5.877700000000000,0.007618109,0.035783936,0.983258332,-0.178506288,0.983258332,-0.178506288,0.005450361,0.036178057
5.877800000000001,0.00759059,0.035683218,0.983242715,-0.178613614,0.983242715,-0.178613614,0.005448479,0.036072914
5.877900000000000,0.007563694,0.035584857,0.983227425,-0.178718516,0.983227425,-0.178718516,0.005446624,0.035970227
5.878000000000000,0.0075374,0.035488772,0.983212452,-0.178821077,0.983212452,-0.178821077,0.005444795,0.03586991
5.878100000000001,0.007511689,0.035394885,0.983197787,-0.178921376,0.983197787,-0.178921376,0.005442992,0.035771882
5.878200000000001,0.007486541,0.035303122,0.983183418,-0.179019491,0.983183418,-0.179019491,0.005441215,0.035676067
5.878300000000000,0.007461939,0.035213412,0.983169337,-0.179115494,0.983169337,-0.179115494,0.005439463,0.035582391
5.878400000000000,0.007437865,0.035125687,0.983155535,-0.179209454,0.983155535,-0.179209454,0.005437737,0.035490782
5.878500000000001,0.007414303,0.035039883,0.983142004,-0.179301439,0.983142004,-0.179301439,0.005436035,0.035401174
5.878600000000000,0.007391235,0.034955936,0.983128735,-0.179391512,0.983128735,-0.179391512,0.005434359,0.035313503
5.878700000000000,0.007368648,0.034873789,0.98311572,-0.179479734,0.98311572,-0.179479734,0.005432707,0.035227706
5.878800000000000,0.007346526,0.034793383,0.983102952,-0.179566164,0.983102952,-0.179566164,0.005431079,0.035143724
5.878900000000001,0.007324855,0.034714665,0.983090424,-0.179650857,0.983090424,-0.179650857,0.005429475,0.035061501
5.879000000000000,0.007303622,0.034637583,0.983078128,-0.179733868,0.983078128,-0.179733868,0.005427894,0.034980982
5.879100000000000,0.007282814,0.034562085,0.983066058,-0.179815248,0.983066058,-0.179815248,0.005426337,0.034902115
5.879200000000000,0.007262418,0.034488124,0.983054207,-0.179895046,0.983054207,-0.179895046,0.005424802,0.034824851
5.879300000000001,0.007242422,0.034415654,0.983042569,-0.17997331,0.983042569,-0.17997331,0.00542329,0.03474914
5.879400000000000,0.007222814,0.03434463,0.983031139,-0.180050085,0.983031139,-0.180050085,0.005421801,0.034674937
5.879500000000000,0.007203584,0.03427501,0.983019909,-0.180125416,0.983019909,-0.180125416,0.005420333,0.034602198
5.879600000000000,0.007184721,0.034206753,0.983008876,-0.180199344,0.983008876,-0.180199344,0.005418887,0.034530879
5.879700000000001,0.007166214,0.034139819,0.982998033,-0.18027191,0.982998033,-0.18027191,0.005417462,0.03446094
5.879800000000000,0.007148054,0.034074171,0.982987375,-0.180343153,0.982987375,-0.180343153,0.005416057,0.034392342
5.879900000000000,0.007130231,0.034009773,0.982976898,-0.18041311,0.982976898,-0.18041311,0.005414674,0.034325047
5.880000000000001,0.007112736,0.033946588,0.982966596,-0.180481817,0.982966596,-0.180481817,0.005413311,0.034259018
5.880100000000001,0.007095559,0.033884584,0.982956465,-0.18054931,0.982956465,-0.18054931,0.005411967,0.034194219
5.880200000000000,0.007078693,0.033823727,0.982946501,-0.18061562,0.982946501,-0.18061562,0.005410643,0.034130618
5.880300000000000,0.00706213,0.033763987,0.982936698,-0.180680782,0.982936698,-0.180680782,0.005409339,0.034068181
5.880400000000001,0.00704586,0.033705333,0.982927054,-0.180744826,0.982927054,-0.180744826,0.005408054,0.034006877
5.880500000000001,0.007029877,0.033647737,0.982917563,-0.180807781,0.982917563,-0.180807781,0.005406787,0.033946675
5.880600000000000,0.007014173,0.033591169,0.982908223,-0.180869677,0.982908223,-0.180869677,0.005405539,0.033887547
5.880700000000000,0.006998741,0.033535603,0.982899028,-0.180930542,0.982899028,-0.180930542,0.005404308,0.033829464
5.880800000000001,0.006983575,0.033481013,0.982889977,-0.180990402,0.982889977,-0.180990402,0.005403096,0.033772399
5.880900000000000,0.006968666,0.033427373,0.982881064,-0.181049283,0.982881064,-0.181049283,0.005401901,0.033716326
5.881000000000000,0.006954009,0.03337466,0.982872287,-0.181107212,0.982872287,-0.181107212,0.005400724,0.033661219
5.881100000000000,0.006939598,0.033322848,0.982863642,-0.181164211,0.982863642,-0.181164211,0.005399563,0.033607053
5.881200000000001,0.006925427,0.033271917,0.982855127,-0.181220304,0.982855127,-0.181220304,0.005398419,0.033553805
5.881300000000000,0.006911489,0.033221843,0.982846738,-0.181275514,0.982846738,-0.181275514,0.005397291,0.033501452
5.881400000000000,0.006897779,0.033172606,0.982838472,-0.181329864,0.982838472,-0.181329864,0.00539618,0.033449972
5.881500000000000,0.006884292,0.033124184,0.982830326,-0.181383373,0.982830326,-0.181383373,0.005395084,0.033399343
5.881600000000001,0.006871022,0.033076558,0.982822297,-0.181436063,0.982822297,-0.181436063,0.005394004,0.033349544
5.881700000000000,0.006857965,0.033029709,0.982814383,-0.181487953,0.982814383,-0.181487953,0.005392939,0.033300556
5.881800000000000,0.006845114,0.032983617,0.982806582,-0.181539063,0.982806582,-0.181539063,0.00539189,0.033252359
5.881900000000001,0.006832466,0.032938266,0.982798889,-0.181589411,0.982798889,-0.181589411,0.005390855,0.033204934
5.882000000000001,0.006820015,0.032893637,0.982791304,-0.181639015,0.982791304,-0.181639015,0.005389835,0.033158263
5.882100000000000,0.006807758,0.032849713,0.982783824,-0.181687892,0.982783824,-0.181687892,0.005388829,0.033112328
5.882200000000000,0.006795689,0.032806478,0.982776445,-0.181736061,0.982776445,-0.181736061,0.005387838,0.033067112
5.882300000000001,0.006783805,0.032763917,0.982769167,-0.181783536,0.982769167,-0.181783536,0.00538686,0.033022599
5.882400000000001,0.006772101,0.032722012,0.982761987,-0.181830334,0.982761987,-0.181830334,0.005385896,0.032978772
5.882500000000000,0.006760574,0.032680751,0.982754902,-0.18187647,0.982754902,-0.18187647,0.005384945,0.032935617
5.882600000000000,0.006749218,0.032640118,0.982747911,-0.181921959,0.982747911,-0.181921959,0.005384008,0.032893116
5.882700000000001,0.006738032,0.032600098,0.982741011,-0.181966816,0.982741011,-0.181966816,0.005383084,0.032851257
5.882800000000000,0.006727011,0.03256068,0.982734201,-0.182011054,0.982734201,-0.182011054,0.005382172,0.032810025
5.882900000000000,0.006716151,0.032521848,0.982727479,-0.182054688,0.982727479,-0.182054688,0.005381273,0.032769406
5.883000000000000,0.006705448,0.03248359,0.982720843,-0.18209773,0.982720843,-0.18209773,0.005380387,0.032729386
5.883100000000001,0.006694901,0.032445895,0.982714291,-0.182140194,0.982714291,-0.182140194,0.005379512,0.032689953
5.883200000000000,0.006684505,0.032408749,0.982707821,-0.182182092,0.982707821,-0.182182092,0.00537865,0.032651094
5.883300000000000,0.006674257,0.03237214,0.982701432,-0.182223435,0.982701432,-0.182223435,0.0053778,0.032612796
5.883400000000000,0.006664154,0.032336058,0.982695122,-0.182264237,0.982695122,-0.182264237,0.005376961,0.032575048
5.883500000000001,0.006654193,0.032300492,0.982688889,-0.182304508,0.982688889,-0.182304508,0.005376133,0.032537838
5.883600000000000,0.006644371,0.03226543,0.982682732,-0.182344259,0.982682732,-0.182344259,0.005375317,0.032501154
5.883700000000000,0.006634685,0.032230861,0.98267665,-0.182383502,0.98267665,-0.182383502,0.005374512,0.032464987
5.883800000000001,0.006625133,0.032196777,0.98267064,-0.182422246,0.98267064,-0.182422246,0.005373718,0.032429324
5.883900000000001,0.006615712,0.032163166,0.982664701,-0.182460502,0.982664701,-0.182460502,0.005372935,0.032394156
5.884000000000000,0.006606419,0.032130019,0.982658833,-0.182498281,0.982658833,-0.182498281,0.005372162,0.032359473
5.884100000000000,0.006597252,0.032097327,0.982653033,-0.182535591,0.982653033,-0.182535591,0.0053714,0.032325265
5.884200000000001,0.006588208,0.03206508,0.9826473,-0.182572442,0.9826473,-0.182572442,0.005370648,0.032291522
5.884300000000001,0.006579284,0.03203327,0.982641634,-0.182608844,0.982641634,-0.182608844,0.005369906,0.032258235
5.884400000000000,0.006570479,0.032001888,0.982636032,-0.182644804,0.982636032,-0.182644804,0.005369173,0.032225394
5.884500000000000,0.00656179,0.031970925,0.982630494,-0.182680333,0.982630494,-0.182680333,0.005368451,0.032192992
5.884600000000001,0.006553215,0.031940373,0.982625017,-0.182715438,0.982625017,-0.182715438,0.005367738,0.03216102
5.884700000000000,0.006544752,0.031910224,0.982619602,-0.182750128,0.982619602,-0.182750128,0.005367035,0.032129468
5.884800000000000,0.006536398,0.031880471,0.982614247,-0.182784411,0.982614247,-0.182784411,0.005366341,0.032098329
5.884900000000000,0.006528152,0.031851105,0.982608951,-0.182818294,0.982608951,-0.182818294,0.005365657,0.032067596
5.885000000000001,0.006520011,0.03182212,0.982603712,-0.182851785,0.982603712,-0.182851785,0.005364981,0.032037259
5.885100000000000,0.006511974,0.031793508,0.982598531,-0.182884892,0.982598531,-0.182884892,0.005364315,0.032007313
5.885200000000000,0.006504038,0.031765262,0.982593404,-0.182917622,0.982593404,-0.182917622,0.005363657,0.031977748
5.885300000000000,0.006496202,0.031737375,0.982588333,-0.182949982,0.982588333,-0.182949982,0.005363008,0.031948559
5.885400000000001,0.006488464,0.031709841,0.982583315,-0.182981979,0.982583315,-0.182981979,0.005362367,0.031919739
5.885500000000000,0.006480822,0.031682652,0.98257835,-0.183013619,0.98257835,-0.183013619,0.005361735,0.031891279
5.885600000000000,0.006473274,0.031655803,0.982573436,-0.183044909,0.982573436,-0.183044909,0.005361111,0.031863175
5.885700000000000,0.006465819,0.031629288,0.982568574,-0.183075856,0.982568574,-0.183075856,0.005360495,0.031835418
5.885800000000001,0.006458455,0.031603099,0.982563761,-0.183106466,0.982563761,-0.183106466,0.005359887,0.031808004
5.885900000000000,0.006451181,0.031577232,0.982558997,-0.183136745,0.982558997,-0.183136745,0.005359287,0.031780925
5.886000000000000,0.006443994,0.031551681,0.982554282,-0.183166699,0.982554282,-0.183166699,0.005358695,0.031754176
5.886100000000001,0.006436894,0.031526439,0.982549614,-0.183196333,0.982549614,-0.183196333,0.005358111,0.031727751
5.886200000000001,0.006429878,0.031501502,0.982544993,-0.183225653,0.982544993,-0.183225653,0.005357534,0.031701644
5.886300000000000,0.006422946,0.031476864,0.982540417,-0.183254666,0.982540417,-0.183254666,0.005356965,0.03167585
5.886400000000000,0.006416095,0.03145252,0.982535886,-0.183283376,0.982535886,-0.183283376,0.005356403,0.031650362
5.886500000000001,0.006409325,0.031428465,0.9825314,-0.183311788,0.9825314,-0.183311788,0.005355849,0.031625177
5.886600000000000,0.006402634,0.031404693,0.982526957,-0.183339908,0.982526957,-0.183339908,0.005355301,0.031600287
5.886700000000000,0.006396021,0.0313812,0.982522557,-0.183367741,0.982522557,-0.183367741,0.005354761,0.031575689
5.886800000000000,0.006389484,0.031357981,0.982518198,-0.183395291,0.982518198,-0.183395291,0.005354227,0.031551377
5.886900000000001,0.006383023,0.031335031,0.982513881,-0.183422564,0.982513881,-0.183422564,0.005353701,0.031527347
5.887000000000000,0.006376635,0.031312346,0.982509605,-0.183449564,0.982509605,-0.183449564,0.005353181,0.031503593
5.887100000000000,0.00637032,0.031289921,0.982505369,-0.183476296,0.982505369,-0.183476296,0.005352668,0.031480111
5.887200000000000,0.006364076,0.031267752,0.982501172,-0.183502765,0.982501172,-0.183502765,0.005352162,0.031456897
5.887300000000001,0.006357903,0.031245835,0.982497014,-0.183528974,0.982497014,-0.183528974,0.005351662,0.031433946
5.887400000000000,0.006351799,0.031224165,0.982492894,-0.183554928,0.982492894,-0.183554928,0.005351168,0.031411253
5.887500000000000,0.006345763,0.031202738,0.982488811,-0.183580631,0.982488811,-0.183580631,0.005350681,0.031388815
5.887600000000000,0.006339793,0.031181551,0.982484766,-0.183606088,0.982484766,-0.183606088,0.0053502,0.031366627
5.887700000000001,0.00633389,0.0311606,0.982480756,-0.183631301,0.982480756,-0.183631301,0.005349725,0.031344685
5.887800000000000,0.006328051,0.03113988,0.982476782,-0.183656277,0.982476782,-0.183656277,0.005349256,0.031322985
5.887900000000000,0.006322277,0.031119388,0.982472844,-0.183681017,0.982472844,-0.183681017,0.005348793,0.031301523
5.888000000000001,0.006316565,0.03109912,0.98246894,-0.183705526,0.98246894,-0.183705526,0.005348336,0.031280296
5.888100000000001,0.006310914,0.031079073,0.98246507,-0.183729808,0.98246507,-0.183729808,0.005347885,0.031259299
5.888200000000000,0.006305325,0.031059243,0.982461234,-0.183753866,0.982461234,-0.183753866,0.005347439,0.03123853
5.888300000000000,0.006299795,0.031039627,0.98245743,-0.183777704,0.98245743,-0.183777704,0.005347,0.031217984
5.888400000000001,0.006294325,0.031020221,0.98245366,-0.183801325,0.98245366,-0.183801325,0.005346565,0.031197657
5.888500000000001,0.006288912,0.031001022,0.982449921,-0.183824732,0.982449921,-0.183824732,0.005346137,0.031177548
5.888600000000000,0.006283557,0.030982027,0.982446214,-0.18384793,0.982446214,-0.18384793,0.005345713,0.031157651
5.888700000000000,0.006278257,0.030963233,0.982442538,-0.18387092,0.982442538,-0.18387092,0.005345296,0.031137964
5.888800000000001,0.006273014,0.030944637,0.982438892,-0.183893707,0.982438892,-0.183893707,0.005344883,0.031118484
5.888900000000000,0.006267824,0.030926235,0.982435277,-0.183916293,0.982435277,-0.183916293,0.005344476,0.031099207
5.889000000000000,0.006262689,0.030908024,0.982431691,-0.183938682,0.982431691,-0.183938682,0.005344074,0.03108013
5.889100000000000,0.006257606,0.030890003,0.982428135,-0.183960877,0.982428135,-0.183960877,0.005343677,0.031061251
5.889200000000001,0.006252576,0.030872167,0.982424607,-0.18398288,0.982424607,-0.18398288,0.005343285,0.031042566
5.889300000000000,0.006247597,0.030854514,0.982421108,-0.184004694,0.982421108,-0.184004694,0.005342898,0.031024072
5.889400000000000,0.006242669,0.030837042,0.982417637,-0.184026322,0.982417637,-0.184026322,0.005342515,0.031005767
5.889500000000000,0.006237791,0.030819747,0.982414193,-0.184047767,0.982414193,-0.184047767,0.005342138,0.030987648
5.889600000000001,0.006232961,0.030802628,0.982410777,-0.184069032,0.982410777,-0.184069032,0.005341766,0.030969711
5.889700000000000,0.006228181,0.03078568,0.982407387,-0.184090119,0.982407387,-0.184090119,0.005341398,0.030951955
5.889800000000000,0.006223448,0.030768903,0.982404024,-0.184111031,0.982404024,-0.184111031,0.005341035,0.030934377
5.889900000000001,0.006218762,0.030752293,0.982400687,-0.18413177,0.982400687,-0.18413177,0.005340676,0.030916974
5.890000000000001,0.006214122,0.030735849,0.982397375,-0.184152339,0.982397375,-0.184152339,0.005340322,0.030899743
5.890100000000000,0.006209528,0.030719566,0.982394089,-0.184172741,0.982394089,-0.184172741,0.005339973,0.030882682
5.890200000000000,0.006204979,0.030703445,0.982390828,-0.184192977,0.982390828,-0.184192977,0.005339628,0.030865789
5.890300000000001,0.006200475,0.030687481,0.982387591,-0.184213051,0.982387591,-0.184213051,0.005339287,0.030849062
5.890400000000001,0.006196015,0.030671673,0.982384379,-0.184232964,0.982384379,-0.184232964,0.005338951,0.030832497
5.890500000000000,0.006191598,0.030656018,0.98238119,-0.184252718,0.98238119,-0.184252718,0.005338619,0.030816092
5.890600000000000,0.006187223,0.030640515,0.982378026,-0.184272317,0.982378026,-0.184272317,0.005338291,0.030799846
5.890700000000001,0.00618289,0.030625161,0.982374884,-0.184291762,0.982374884,-0.184291762,0.005337967,0.030783756
5.890800000000000,0.006178599,0.030609955,0.982371766,-0.184311055,0.982371766,-0.184311055,0.005337648,0.03076782
5.890900000000000,0.006174349,0.030594893,0.98236867,-0.184330198,0.98236867,-0.184330198,0.005337332,0.030752036
5.891000000000000,0.006170139,0.030579975,0.982365596,-0.184349194,0.982365596,-0.184349194,0.005337021,0.030736401
5.891100000000001,0.006165969,0.030565198,0.982362545,-0.184368044,0.982362545,-0.184368044,0.005336713,0.030720914
5.891200000000000,0.006161838,0.03055056,0.982359515,-0.184386751,0.982359515,-0.184386751,0.00533641,0.030705572
5.891300000000000,0.006157746,0.030536059,0.982356507,-0.184405317,0.982356507,-0.184405317,0.00533611,0.030690375
5.891400000000000,0.006153692,0.030521694,0.982353519,-0.184423742,0.982353519,-0.184423742,0.005335814,0.030675318
5.891500000000001,0.006149675,0.030507462,0.982350553,-0.18444203,0.982350553,-0.18444203,0.005335522,0.030660402
5.891600000000000,0.006145696,0.030493362,0.982347608,-0.184460182,0.982347608,-0.184460182,0.005335234,0.030645623
5.891700000000000,0.006141754,0.030479393,0.982344682,-0.1844782,0.982344682,-0.1844782,0.005334949,0.030630981
5.891800000000000,0.006137847,0.030465551,0.982341777,-0.184496086,0.982341777,-0.184496086,0.005334668,0.030616472
5.891900000000001,0.006133977,0.030451837,0.982338892,-0.184513841,0.982338892,-0.184513841,0.005334391,0.030602096
5.892000000000000,0.006130142,0.030438247,0.982336026,-0.184531468,0.982336026,-0.184531468,0.005334117,0.030587851
5.892100000000000,0.006126341,0.03042478,0.98233318,-0.184548967,0.98233318,-0.184548967,0.005333847,0.030573735
5.892200000000001,0.006122575,0.030411435,0.982330352,-0.184566341,0.982330352,-0.184566341,0.00533358,0.030559746
5.892300000000001,0.006118843,0.030398211,0.982327544,-0.184583591,0.982327544,-0.184583591,0.005333317,0.030545882
5.892400000000000,0.006115144,0.030385105,0.982324754,-0.184600719,0.982324754,-0.184600719,0.005333057,0.030532143
5.892500000000000,0.006111478,0.030372115,0.982321982,-0.184617726,0.982321982,-0.184617726,0.0053328,0.030518525
5.892600000000001,0.006107845,0.030359242,0.982319228,-0.184634614,0.982319228,-0.184634614,0.005332547,0.030505029
5.892700000000000,0.006104244,0.030346482,0.982316493,-0.184651385,0.982316493,-0.184651385,0.005332297,0.030491652
5.892800000000000,0.006100675,0.030333835,0.982313775,-0.184668039,0.982313775,-0.184668039,0.005332051,0.030478393
5.892900000000000,0.006097138,0.030321299,0.982311074,-0.18468458,0.982311074,-0.18468458,0.005331807,0.030465249
5.893000000000001,0.006093631,0.030308873,0.982308391,-0.184701007,0.982308391,-0.184701007,0.005331567,0.030452221
5.893100000000000,0.006090155,0.030296555,0.982305725,-0.184717322,0.982305725,-0.184717322,0.00533133,0.030439306
5.893200000000000,0.006086709,0.030284344,0.982303075,-0.184733527,0.982303075,-0.184733527,0.005331096,0.030426503
5.893300000000000,0.006083293,0.030272238,0.982300442,-0.184749623,0.982300442,-0.184749623,0.005330865,0.03041381
5.893400000000001,0.006079907,0.030260237,0.982297826,-0.184765612,0.982297826,-0.184765612,0.005330637,0.030401226
5.893500000000000,0.00607655,0.030248339,0.982295226,-0.184781494,0.982295226,-0.184781494,0.005330412,0.03038875
5.893600000000000,0.006073221,0.030236543,0.982292641,-0.184797271,0.982292641,-0.184797271,0.005330191,0.030376381
5.893700000000000,0.006069921,0.030224847,0.982290073,-0.184812945,0.982290073,-0.184812945,0.005329972,0.030364117
5.893800000000001,0.006066649,0.030213251,0.98228752,-0.184828517,0.98228752,-0.184828517,0.005329756,0.030351956
5.893900000000000,0.006063405,0.030201752,0.982284983,-0.184843987,0.982284983,-0.184843987,0.005329543,0.030339898
5.894000000000000,0.006060189,0.030190351,0.98228246,-0.184859358,0.98228246,-0.184859358,0.005329332,0.030327942
5.894100000000001,0.006056999,0.030179045,0.982279953,-0.18487463,0.982279953,-0.18487463,0.005329125,0.030316085
5.894200000000001,0.006053836,0.030167833,0.982277461,-0.184889804,0.982277461,-0.184889804,0.00532892,0.030304327
5.894300000000000,0.0060507,0.030156715,0.982274984,-0.184904882,0.982274984,-0.184904882,0.005328719,0.030292667
5.894400000000000,0.006047589,0.03014569,0.982272521,-0.184919865,0.982272521,-0.184919865,0.005328519,0.030281104
5.894500000000001,0.006044505,0.030134755,0.982270072,-0.184934754,0.982270072,-0.184934754,0.005328323,0.030269636
5.894600000000001,0.006041446,0.030123911,0.982267638,-0.184949551,0.982267638,-0.184949551,0.005328129,0.030258262
5.894700000000000,0.006038412,0.030113155,0.982265218,-0.184964255,0.982265218,-0.184964255,0.005327938,0.030246982
5.894800000000000,0.006035404,0.030102488,0.982262811,-0.184978869,0.982262811,-0.184978869,0.00532775,0.030235793
5.894900000000001,0.00603242,0.030091908,0.982260418,-0.184993392,0.982260418,-0.184993392,0.005327564,0.030224696
5.895000000000000,0.00602946,0.030081413,0.982258039,-0.185007828,0.982258039,-0.185007828,0.00532738,0.030213688
5.895100000000000,0.006026524,0.030071004,0.982255674,-0.185022176,0.982255674,-0.185022176,0.0053272,0.030202769
5.895200000000000,0.006023612,0.030060678,0.982253321,-0.185036437,0.982253321,-0.185036437,0.005327021,0.030191938
5.895300000000001,0.006020724,0.030050435,0.982250982,-0.185050613,0.982250982,-0.185050613,0.005326846,0.030181194
5.895400000000000,0.006017859,0.030040275,0.982248655,-0.185064704,0.982248655,-0.185064704,0.005326672,0.030170535
5.895500000000000,0.006015017,0.030030195,0.982246342,-0.185078711,0.982246342,-0.185078711,0.005326501,0.030159962
5.895600000000000,0.006012198,0.030020196,0.982244041,-0.185092636,0.982244041,-0.185092636,0.005326333,0.030149472
5.895700000000001,0.006009401,0.030010276,0.982241752,-0.185106479,0.982241752,-0.185106479,0.005326167,0.030139066
5.895800000000000,0.006006626,0.030000434,0.982239476,-0.185120241,0.982239476,-0.185120241,0.005326003,0.030128741
5.895900000000000,0.006003874,0.02999067,0.982237213,-0.185133924,0.982237213,-0.185133924,0.005325842,0.030118497
5.896000000000001,0.006001143,0.029980982,0.982234961,-0.185147527,0.982234961,-0.185147527,0.005325683,0.030108333
5.896100000000001,0.005998434,0.029971371,0.982232721,-0.185161053,0.982232721,-0.185161053,0.005325526,0.030098249
5.896200000000000,0.005995746,0.029961834,0.982230493,-0.185174501,0.982230493,-0.185174501,0.005325371,0.030088243
5.896300000000000,0.005993079,0.029952371,0.982228277,-0.185187872,0.982228277,-0.185187872,0.005325219,0.030078315
5.896400000000001,0.005990432,0.029942981,0.982226073,-0.185201169,0.982226073,-0.185201169,0.005325069,0.030068463
5.896500000000001,0.005987807,0.029933664,0.98222388,-0.18521439,0.98222388,-0.18521439,0.005324921,0.030058687
5.896600000000000,0.005985202,0.029924418,0.982221698,-0.185227538,0.982221698,-0.185227538,0.005324775,0.030048986
5.896700000000000,0.005982616,0.029915243,0.982219528,-0.185240613,0.982219528,-0.185240613,0.005324632,0.030039359
5.896800000000001,0.005980051,0.029906139,0.982217368,-0.185253615,0.982217368,-0.185253615,0.005324491,0.030029805
5.896900000000000,0.005977506,0.029897103,0.98221522,-0.185266546,0.98221522,-0.185266546,0.005324351,0.030020324
5.897000000000000,0.00597498,0.029888137,0.982213083,-0.185279406,0.982213083,-0.185279406,0.005324214,0.030010915
5.897100000000000,0.005972473,0.029879238,0.982210956,-0.185292196,0.982210956,-0.185292196,0.005324079,0.030001576
5.897200000000001,0.005969985,0.029870406,0.98220884,-0.185304917,0.98220884,-0.185304917,0.005323946,0.029992308
5.897300000000000,0.005967516,0.02986164,0.982206734,-0.18531757,0.982206734,-0.18531757,0.005323815,0.029983109
5.897400000000000,0.005965066,0.029852941,0.982204639,-0.185330155,0.982204639,-0.185330155,0.005323686,0.029973979
5.897500000000000,0.005962634,0.029844306,0.982202554,-0.185342673,0.982202554,-0.185342673,0.005323559,0.029964917
5.897600000000001,0.005960221,0.029835735,0.982200479,-0.185355124,0.982200479,-0.185355124,0.005323434,0.029955922
5.897700000000000,0.005957826,0.029827228,0.982198415,-0.18536751,0.982198415,-0.18536751,0.005323311,0.029946994
5.897800000000000,0.005955448,0.029818784,0.98219636,-0.185379832,0.98219636,-0.185379832,0.00532319,0.029938132
5.897900000000001,0.005953089,0.029810403,0.982194315,-0.185392088,0.982194315,-0.185392088,0.00532307,0.029929335
5.898000000000001,0.005950746,0.029802082,0.982192281,-0.185404282,0.982192281,-0.185404282,0.005322953,0.029920602
5.898100000000000,0.005948422,0.029793823,0.982190255,-0.185416412,0.982190255,-0.185416412,0.005322838,0.029911933
5.898200000000000,0.005946114,0.029785625,0.98218824,-0.185428481,0.98218824,-0.185428481,0.005322724,0.029903327
5.898300000000001,0.005943823,0.029777485,0.982186234,-0.185440487,0.982186234,-0.185440487,0.005322612,0.029894784
5.898400000000001,0.00594155,0.029769405,0.982184237,-0.185452433,0.982184237,-0.185452433,0.005322502,0.029886302
5.898500000000000,0.005939292,0.029761384,0.982182249,-0.185464319,0.982182249,-0.185464319,0.005322394,0.029877882
5.898600000000000,0.005937052,0.02975342,0.982180271,-0.185476144,0.982180271,-0.185476144,0.005322288,0.029869522
5.898700000000001,0.005934827,0.029745514,0.982178302,-0.185487911,0.982178302,-0.185487911,0.005322183,0.029861223
5.898800000000000,0.005932619,0.029737665,0.982176342,-0.185499619,0.982176342,-0.185499619,0.005322081,0.029852982
5.898900000000000,0.005930427,0.029729871,0.98217439,-0.185511269,0.98217439,-0.185511269,0.00532198,0.029844801
5.899000000000000,0.005928251,0.029722133,0.982172448,-0.185522862,0.982172448,-0.185522862,0.00532188,0.029836677
5.899100000000001,0.00592609,0.029714451,0.982170514,-0.185534399,0.982170514,-0.185534399,0.005321783,0.029828611
5.899200000000000,0.005923945,0.029706822,0.98216859,-0.185545879,0.98216859,-0.185545879,0.005321687,0.029820603
5.899300000000000,0.005921815,0.029699248,0.982166673,-0.185557303,0.982166673,-0.185557303,0.005321593,0.02981265
5.899400000000000,0.0059197,0.029691727,0.982164765,-0.185568672,0.982164765,-0.185568672,0.0053215,0.029804754
5.899500000000001,0.005917601,0.029684259,0.982162866,-0.185579987,0.982162866,-0.185579987,0.005321409,0.029796912
5.899600000000000,0.005915516,0.029676843,0.982160975,-0.185591248,0.982160975,-0.185591248,0.00532132,0.029789126
5.899700000000000,0.005913446,0.029669479,0.982159092,-0.185602456,0.982159092,-0.185602456,0.005321233,0.029781394
5.899800000000000,0.005911391,0.029662166,0.982157217,-0.18561361,0.982157217,-0.18561361,0.005321147,0.029773715
5.899900000000001,0.00590935,0.029654904,0.98215535,-0.185624712,0.98215535,-0.185624712,0.005321062,0.02976609
5.900000000000000,0.005907324,0.029647693,0.982153492,-0.185635763,0.982153492,-0.185635763,0.005320979,0.029758517
