Frequency (GHz),RE[S11],IM[S11],RE[S12],IM[S12],RE[S21],IM[S21],RE[S22],IM[S22]
6.006000000000000,0.001967106,0.013404843,0.981913869,-0.188842777,0.981913869,-0.188842777,0.003145381,0.013178235
6.006002500000000,0.001960547,0.013375152,0.981908465,-0.188872821,0.981908465,-0.188872821,0.003141177,0.013148051
6.006005000000000,0.001954008,0.013345359,0.981903084,-0.188902966,0.981903084,-0.188902966,0.003137,0.013117767
6.006007500000000,0.001947441,0.013315451,0.981897681,-0.188933228,0.981897681,-0.188933228,0.003132805,0.013087364
6.006010000000001,0.001940847,0.013285425,0.981892254,-0.188963608,0.981892254,-0.188963608,0.003128592,0.013056842
6.006012500000001,0.001934225,0.013255282,0.981886805,-0.188994107,0.981886805,-0.188994107,0.00312436,0.013026201
6.006015000000001,0.001927575,0.013225021,0.981881332,-0.189024725,0.981881332,-0.189024725,0.00312011,0.012995439
6.006017500000000,0.001920897,0.01319464,0.981875835,-0.189055463,0.981875835,-0.189055463,0.003115841,0.012964556
6.006020000000000,0.00191419,0.01316414,0.981870315,-0.189086323,0.981870315,-0.189086323,0.003111553,0.012933551
6.006022500000000,0.001907455,0.013133519,0.981864771,-0.189117303,0.981864771,-0.189117303,0.003107246,0.012902424
6.006025000000000,0.001900692,0.013102778,0.981859204,-0.189148407,0.981859204,-0.189148407,0.003102921,0.012871173
6.006027500000000,0.001893899,0.013071914,0.981853612,-0.189179633,0.981853612,-0.189179633,0.003098576,0.012839798
6.006030000000000,0.001887077,0.013040928,0.981847996,-0.189210983,0.981847996,-0.189210983,0.003094211,0.012808299
6.006032500000001,0.001880227,0.013009819,0.981842356,-0.189242457,0.981842356,-0.189242457,0.003089827,0.012776674
6.006035000000001,0.001873346,0.012978585,0.981836691,-0.189274057,0.981836691,-0.189274057,0.003085424,0.012744923
6.006037500000001,0.001866436,0.012947227,0.981831002,-0.189305783,0.981831002,-0.189305783,0.003081001,0.012713044
6.006040000000000,0.001859497,0.012915743,0.981825287,-0.189337635,0.981825287,-0.189337635,0.003076558,0.012681038
6.006042500000000,0.001852527,0.012884133,0.981819548,-0.189369615,0.981819548,-0.189369615,0.003072095,0.012648904
6.006045000000000,0.001845527,0.012852396,0.981813783,-0.189401724,0.981813783,-0.189401724,0.003067612,0.01261664
6.006047500000000,0.001838497,0.012820531,0.981807994,-0.189433961,0.981807994,-0.189433961,0.003063108,0.012584246
6.006050000000000,0.001831436,0.012788537,0.981802178,-0.189466328,0.981802178,-0.189466328,0.003058585,0.012551721
6.006052500000000,0.001824345,0.012756414,0.981796337,-0.189498826,0.981796337,-0.189498826,0.00305404,0.012519064
6.006055000000001,0.001817222,0.012724161,0.98179047,-0.189531456,0.98179047,-0.189531456,0.003049475,0.012486275
6.006057500000001,0.001810069,0.012691777,0.981784577,-0.189564217,0.981784577,-0.189564217,0.00304489,0.012453352
6.006060000000001,0.001802883,0.012659261,0.981778658,-0.189597112,0.981778658,-0.189597112,0.003040283,0.012420296
6.006062500000001,0.001795667,0.012626613,0.981772713,-0.18963014,0.981772713,-0.18963014,0.003035656,0.012387104
6.006065000000000,0.001788418,0.012593831,0.981766741,-0.189663303,0.981766741,-0.189663303,0.003031007,0.012353777
6.006067500000000,0.001781138,0.012560915,0.981760742,-0.189696602,0.981760742,-0.189696602,0.003026336,0.012320313
6.006070000000000,0.001773825,0.012527864,0.981754717,-0.189730037,0.981754717,-0.189730037,0.003021645,0.012286712
6.006072500000000,0.00176648,0.012494678,0.981748664,-0.189763609,0.981748664,-0.189763609,0.003016931,0.012252972
6.006075000000000,0.001759102,0.012461354,0.981742584,-0.189797319,0.981742584,-0.189797319,0.003012196,0.012219094
6.006077500000000,0.001751692,0.012427893,0.981736477,-0.189831168,0.981736477,-0.189831168,0.003007439,0.012185075
6.006080000000001,0.001744248,0.012394294,0.981730342,-0.189865156,0.981730342,-0.189865156,0.003002659,0.012150915
6.006082500000001,0.001736771,0.012360555,0.981724179,-0.189899286,0.981724179,-0.189899286,0.002997858,0.012116614
6.006085000000001,0.00172926,0.012326677,0.981717989,-0.189933556,0.981717989,-0.189933556,0.002993034,0.01208217
6.006087500000000,0.001721716,0.012292657,0.98171177,-0.189967969,0.98171177,-0.189967969,0.002988187,0.012047582
6.006090000000000,0.001714138,0.012258496,0.981705522,-0.190002526,0.981705522,-0.190002526,0.002983318,0.01201285
6.006092500000000,0.001706525,0.012224191,0.981699246,-0.190037226,0.981699246,-0.190037226,0.002978426,0.011977973
6.006095000000000,0.001698879,0.012189744,0.981692942,-0.190072072,0.981692942,-0.190072072,0.002973511,0.01194295
6.006097500000000,0.001691197,0.012155151,0.981686608,-0.190107063,0.981686608,-0.190107063,0.002968572,0.011907779
6.006100000000000,0.001683481,0.012120413,0.981680245,-0.190142202,0.981680245,-0.190142202,0.00296361,0.01187246
6.006102500000001,0.001675729,0.012085529,0.981673853,-0.190177488,0.981673853,-0.190177488,0.002958625,0.011836992
6.006105000000001,0.001667942,0.012050498,0.981667432,-0.190212923,0.981667432,-0.190212923,0.002953616,0.011801375
6.006107500000001,0.001660119,0.012015318,0.98166098,-0.190248508,0.98166098,-0.190248508,0.002948583,0.011765606
6.006110000000001,0.001652261,0.011979989,0.981654499,-0.190284243,0.981654499,-0.190284243,0.002943526,0.011729685
6.006112500000000,0.001644367,0.01194451,0.981647987,-0.19032013,0.981647987,-0.19032013,0.002938445,0.011693612
6.006115000000000,0.001636436,0.01190888,0.981641445,-0.19035617,0.981641445,-0.19035617,0.00293334,0.011657385
6.006117500000000,0.001628468,0.011873097,0.981634872,-0.190392363,0.981634872,-0.190392363,0.00292821,0.011621003
6.006120000000000,0.001620464,0.011837162,0.981628269,-0.19042871,0.981628269,-0.19042871,0.002923055,0.011584465
6.006122500000000,0.001612422,0.011801073,0.981621634,-0.190465213,0.981621634,-0.190465213,0.002917875,0.01154777
6.006125000000000,0.001604343,0.011764829,0.981614969,-0.190501873,0.981614969,-0.190501873,0.00291267,0.011510917
6.006127500000001,0.001596227,0.011728428,0.981608271,-0.19053869,0.981608271,-0.19053869,0.00290744,0.011473906
6.006130000000001,0.001588073,0.011691871,0.981601542,-0.190575666,0.981601542,-0.190575666,0.002902185,0.011436735
6.006132500000001,0.00157988,0.011655156,0.981594782,-0.190612801,0.981594782,-0.190612801,0.002896904,0.011399403
6.006135000000000,0.001571649,0.011618281,0.981587989,-0.190650097,0.981587989,-0.190650097,0.002891597,0.011361909
6.006137500000000,0.001563379,0.011581247,0.981581163,-0.190687555,0.981581163,-0.190687555,0.002886264,0.011324251
6.006140000000000,0.001555071,0.011544051,0.981574305,-0.190725176,0.981574305,-0.190725176,0.002880905,0.01128643
6.006142500000000,0.001546723,0.011506693,0.981567414,-0.19076296,0.981567414,-0.19076296,0.00287552,0.011248444
6.006145000000000,0.001538336,0.011469172,0.98156049,-0.190800909,0.98156049,-0.190800909,0.002870108,0.011210291
6.006147500000000,0.001529909,0.011431487,0.981553533,-0.190839024,0.981553533,-0.190839024,0.002864669,0.011171971
6.006150000000001,0.001521441,0.011393636,0.981546542,-0.190877306,0.981546542,-0.190877306,0.002859203,0.011133483
6.006152500000001,0.001512934,0.011355619,0.981539518,-0.190915756,0.981539518,-0.190915756,0.00285371,0.011094825
6.006155000000001,0.001504385,0.011317434,0.981532459,-0.190954376,0.981532459,-0.190954376,0.00284819,0.011055996
6.006157500000000,0.001495796,0.011279081,0.981525366,-0.190993166,0.981525366,-0.190993166,0.002842642,0.011016996
6.006160000000000,0.001487166,0.011240557,0.981518239,-0.191032127,0.981518239,-0.191032127,0.002837067,0.010977823
6.006162500000000,0.001478494,0.011201863,0.981511077,-0.191071261,0.981511077,-0.191071261,0.002831463,0.010938475
6.006165000000000,0.00146978,0.011162997,0.981503879,-0.191110569,0.981503879,-0.191110569,0.002825831,0.010898953
6.006167500000000,0.001461024,0.011123957,0.981496647,-0.191150052,0.981496647,-0.191150052,0.002820171,0.010859254
6.006170000000000,0.001452226,0.011084743,0.981489379,-0.191189711,0.981489379,-0.191189711,0.002814482,0.010819377
6.006172500000001,0.001443385,0.011045353,0.981482075,-0.191229547,0.981482075,-0.191229547,0.002808765,0.010779321
6.006175000000001,0.001434501,0.011005787,0.981474735,-0.191269562,0.981474735,-0.191269562,0.002803018,0.010739086
6.006177500000001,0.001425573,0.010966043,0.981467359,-0.191309756,0.981467359,-0.191309756,0.002797242,0.010698669
6.006180000000001,0.001416602,0.010926119,0.981459946,-0.191350132,0.981459946,-0.191350132,0.002791437,0.01065807
6.006182500000000,0.001407587,0.010886015,0.981452496,-0.191390689,0.981452496,-0.191390689,0.002785602,0.010617287
6.006185000000000,0.001398528,0.01084573,0.981445009,-0.19143143,0.981445009,-0.19143143,0.002779737,0.010576319
6.006187500000000,0.001389423,0.010805261,0.981437484,-0.191472356,0.981437484,-0.191472356,0.002773842,0.010535165
6.006190000000000,0.001380274,0.010764609,0.981429922,-0.191513468,0.981429922,-0.191513468,0.002767916,0.010493824
6.006192500000000,0.00137108,0.010723771,0.981422322,-0.191554766,0.981422322,-0.191554766,0.00276196,0.010452294
6.006195000000000,0.00136184,0.010682747,0.981414684,-0.191596254,0.981414684,-0.191596254,0.002755973,0.010410573
6.006197500000001,0.001352554,0.010641535,0.981407007,-0.191637931,0.981407007,-0.191637931,0.002749955,0.010368662
6.006200000000001,0.001343222,0.010600134,0.981399291,-0.191679799,0.981399291,-0.191679799,0.002743906,0.010326557
6.006202500000001,0.001333843,0.010558542,0.981391536,-0.191721859,0.981391536,-0.191721859,0.002737825,0.010284259
6.006205000000000,0.001324417,0.010516759,0.981383741,-0.191764113,0.981383741,-0.191764113,0.002731713,0.010241765
6.006207500000000,0.001314943,0.010474782,0.981375907,-0.191806563,0.981375907,-0.191806563,0.002725568,0.010199075
6.006210000000000,0.001305422,0.010432611,0.981368033,-0.191849208,0.981368033,-0.191849208,0.002719391,0.010156187
6.006212500000000,0.001295853,0.010390244,0.981360118,-0.191892052,0.981360118,-0.191892052,0.002713181,0.010113099
6.006215000000000,0.001286235,0.01034768,0.981352163,-0.191935094,0.981352163,-0.191935094,0.002706939,0.01006981
6.006217500000000,0.001276569,0.010304917,0.981344167,-0.191978338,0.981344167,-0.191978338,0.002700663,0.010026319
6.006220000000001,0.001266853,0.010261954,0.981336129,-0.192021783,0.981336129,-0.192021783,0.002694354,0.009982625
6.006222500000001,0.001257088,0.01021879,0.98132805,-0.192065431,0.98132805,-0.192065431,0.002688012,0.009938725
6.006225000000001,0.001247273,0.010175424,0.981319929,-0.192109285,0.981319929,-0.192109285,0.002681636,0.009894619
6.006227500000000,0.001237407,0.010131853,0.981311765,-0.192153344,0.981311765,-0.192153344,0.002675225,0.009850304
6.006230000000000,0.001227491,0.010088076,0.981303559,-0.192197611,0.981303559,-0.192197611,0.00266878,0.009805781
6.006232500000000,0.001217524,0.010044092,0.98129531,-0.192242088,0.98129531,-0.192242088,0.002662301,0.009761046
6.006235000000000,0.001207505,0.0099999,0.981287018,-0.192286775,0.981287018,-0.192286775,0.002655786,0.009716099
6.006237500000000,0.001197435,0.009955497,0.981278683,-0.192331675,0.981278683,-0.192331675,0.002649237,0.009670937
6.006240000000000,0.001187312,0.009910884,0.981270303,-0.192376788,0.981270303,-0.192376788,0.002642652,0.009625561
6.006242500000001,0.001177136,0.009866057,0.981261879,-0.192422116,0.981261879,-0.192422116,0.002636031,0.009579967
6.006245000000001,0.001166907,0.009821015,0.98125341,-0.192467661,0.98125341,-0.192467661,0.002629374,0.009534155
6.006247500000001,0.001156625,0.009775757,0.981244897,-0.192513425,0.981244897,-0.192513425,0.00262268,0.009488122
6.006250000000001,0.001146289,0.009730282,0.981236338,-0.192559408,0.981236338,-0.192559408,0.00261595,0.009441868
6.006252500000000,0.001135899,0.009684587,0.981227733,-0.192605613,0.981227733,-0.192605613,0.002609183,0.00939539
6.006255000000000,0.001125453,0.009638671,0.981219082,-0.192652041,0.981219082,-0.192652041,0.002602379,0.009348687
6.006257500000000,0.001114953,0.009592533,0.981210385,-0.192698694,0.981210385,-0.192698694,0.002595537,0.009301757
6.006260000000000,0.001104397,0.009546171,0.981201641,-0.192745573,0.981201641,-0.192745573,0.002588658,0.0092546
6.006262500000000,0.001093785,0.009499583,0.98119285,-0.19279268,0.98119285,-0.19279268,0.00258174,0.009207212
6.006265000000000,0.001083116,0.009452767,0.981184012,-0.192840017,0.981184012,-0.192840017,0.002574783,0.009159592
6.006267500000001,0.00107239,0.009405723,0.981175125,-0.192887585,0.981175125,-0.192887585,0.002567788,0.00911174
6.006270000000001,0.001061607,0.009358448,0.98116619,-0.192935387,0.98116619,-0.192935387,0.002560754,0.009063652
6.006272500000001,0.001050766,0.00931094,0.981157206,-0.192983423,0.981157206,-0.192983423,0.00255368,0.009015327
6.006275000000000,0.001039867,0.009263198,0.981148173,-0.193031696,0.981148173,-0.193031696,0.002546566,0.008966764
6.006277500000000,0.001028909,0.009215221,0.981139091,-0.193080207,0.981139091,-0.193080207,0.002539413,0.00891796
6.006280000000000,0.001017891,0.009167005,0.981129959,-0.193128958,0.981129959,-0.193128958,0.002532218,0.008868914
6.006282500000000,0.001006814,0.009118551,0.981120776,-0.193177951,0.981120776,-0.193177951,0.002524983,0.008819625
6.006285000000000,9.9567643525e-4,0.009069855,0.981111543,-0.193227187,0.981111543,-0.193227187,0.002517707,0.008770089
6.006287500000000,9.8447814520e-4,0.009020916,0.981102258,-0.19327667,0.981102258,-0.19327667,0.00251039,0.008720306
6.006290000000001,9.7321860663e-4,0.008971732,0.981092922,-0.193326399,0.981092922,-0.193326399,0.00250303,0.008670274
6.006292500000001,9.6189731932e-4,0.008922302,0.981083534,-0.193376378,0.981083534,-0.193376378,0.002495629,0.00861999
6.006295000000001,9.5051377771e-4,0.008872623,0.981074094,-0.193426607,0.981074094,-0.193426607,0.002488185,0.008569453
6.006297500000001,9.3906747062e-4,0.008822694,0.9810646,-0.19347709,0.9810646,-0.19347709,0.002480697,0.008518661
6.006300000000000,9.2755788138e-4,0.008772512,0.981055053,-0.193527828,0.981055053,-0.193527828,0.002473167,0.008467611
6.006302500000000,9.1598448764e-4,0.008722076,0.981045453,-0.193578822,0.981045453,-0.193578822,0.002465593,0.008416303
6.006305000000000,9.0434676131e-4,0.008671384,0.981035798,-0.193630075,0.981035798,-0.193630075,0.002457975,0.008364734
6.006307500000000,8.9264416851e-4,0.008620434,0.981026088,-0.193681589,0.981026088,-0.193681589,0.002450313,0.008312901
6.006310000000000,8.8087616947e-4,0.008569224,0.981016324,-0.193733366,0.981016324,-0.193733366,0.002442606,0.008260804
6.006312500000000,8.6904221844e-4,0.008517752,0.981006503,-0.193785407,0.981006503,-0.193785407,0.002434853,0.008208439
6.006315000000001,8.5714176364e-4,0.008466015,0.980996627,-0.193837716,0.980996627,-0.193837716,0.002427055,0.008155806
6.006317500000001,8.4517424710e-4,0.008414013,0.980986694,-0.193890293,0.980986694,-0.193890293,0.002419211,0.008102901
6.006320000000001,8.3313910473e-4,0.008361742,0.980976704,-0.193943141,0.980976704,-0.193943141,0.002411321,0.008049723
6.006322500000000,8.2103576602e-4,0.008309201,0.980966657,-0.193996262,0.980966657,-0.193996262,0.002403384,0.007996269
6.006325000000000,8.0886365414e-4,0.008256388,0.980956551,-0.194049659,0.980956551,-0.194049659,0.0023954,0.007942538
6.006327500000000,7.9662218579e-4,0.0082033,0.980946387,-0.194103332,0.980946387,-0.194103332,0.002387368,0.007888527
6.006330000000000,7.8431077100e-4,0.008149936,0.980936164,-0.194157285,0.980936164,-0.194157285,0.002379288,0.007834235
6.006332500000000,7.7192881324e-4,0.008096293,0.980925881,-0.19421152,0.980925881,-0.19421152,0.00237116,0.007779658
6.006335000000000,7.5947570917e-4,0.008042368,0.980915539,-0.194266039,0.980915539,-0.194266039,0.002362983,0.007724794
6.006337500000001,7.4695084860e-4,0.007988161,0.980905135,-0.194320844,0.980905135,-0.194320844,0.002354757,0.007669642
6.006340000000001,7.3435361436e-4,0.007933668,0.980894671,-0.194375937,0.980894671,-0.194375937,0.002346481,0.0076142
6.006342500000001,7.2168338228e-4,0.007878888,0.980884145,-0.194431321,0.980884145,-0.194431321,0.002338154,0.007558464
6.006345000000000,7.0893952102e-4,0.007823817,0.980873556,-0.194486998,0.980873556,-0.194486998,0.002329777,0.007502432
6.006347500000000,6.9612139193e-4,0.007768455,0.980862905,-0.19454297,0.980862905,-0.19454297,0.002321349,0.007446103
6.006350000000000,6.8322834912e-4,0.007712797,0.980852191,-0.19459924,0.980852191,-0.19459924,0.00231287,0.007389473
6.006352500000000,6.7025973912e-4,0.007656843,0.980841413,-0.19465581,0.980841413,-0.19465581,0.002304338,0.00733254
6.006355000000000,6.5721490092e-4,0.007600589,0.98083057,-0.194712683,0.98083057,-0.194712683,0.002295754,0.007275303
6.006357500000000,6.4409316589e-4,0.007544034,0.980819663,-0.19476986,0.980819663,-0.19476986,0.002287117,0.007217758
6.006360000000001,6.3089385749e-4,0.007487174,0.98080869,-0.194827345,0.98080869,-0.194827345,0.002278426,0.007159902
6.006362500000001,6.1761629143e-4,0.007430008,0.98079765,-0.194885139,0.98079765,-0.194885139,0.002269682,0.007101735
6.006365000000001,6.0425977525e-4,0.007372533,0.980786544,-0.194943246,0.980786544,-0.194943246,0.002260883,0.007043252
6.006367500000001,5.9082360843e-4,0.007314745,0.980775371,-0.195001668,0.980775371,-0.195001668,0.002252029,0.006984451
6.006370000000000,5.7730708218e-4,0.007256644,0.980764129,-0.195060407,0.980764129,-0.195060407,0.00224312,0.00692533
6.006372500000000,5.6370947934e-4,0.007198226,0.980752819,-0.195119467,0.980752819,-0.195119467,0.002234155,0.006865887
6.006375000000000,5.5003007422e-4,0.007139489,0.98074144,-0.195178849,0.98074144,-0.195178849,0.002225133,0.006806117
6.006377500000000,5.3626813254e-4,0.00708043,0.980729991,-0.195238556,0.980729991,-0.195238556,0.002216054,0.00674602
6.006380000000000,5.2242291121e-4,0.007021046,0.980718472,-0.195298592,0.980718472,-0.195298592,0.002206918,0.006685591
6.006382500000000,5.0849365833e-4,0.006961335,0.980706881,-0.195358958,0.980706881,-0.195358958,0.002197724,0.006624829
6.006385000000001,4.9447961291e-4,0.006901293,0.980695218,-0.195419658,0.980695218,-0.195419658,0.002188471,0.006563731
6.006387500000001,4.8038000489e-4,0.006840919,0.980683484,-0.195480694,0.980683484,-0.195480694,0.002179159,0.006502293
6.006390000000001,4.6619405481e-4,0.00678021,0.980671676,-0.195542069,0.980671676,-0.195542069,0.002169787,0.006440513
6.006392500000000,4.5192097387e-4,0.006719162,0.980659794,-0.195603785,0.980659794,-0.195603785,0.002160355,0.006378388
6.006395000000000,4.3755996365e-4,0.006657773,0.980647838,-0.195665847,0.980647838,-0.195665847,0.002150862,0.006315915
6.006397500000000,4.2311021604e-4,0.00659604,0.980635806,-0.195728256,0.980635806,-0.195728256,0.002141307,0.006253092
6.006400000000000,4.0857091307e-4,0.00653396,0.980623699,-0.195791016,0.980623699,-0.195791016,0.002131691,0.006189915
6.006402500000000,3.9394122674e-4,0.00647153,0.980611515,-0.19585413,0.980611515,-0.19585413,0.002122012,0.006126381
6.006405000000000,3.7922031885e-4,0.006408747,0.980599254,-0.1959176,0.980599254,-0.1959176,0.002112269,0.006062487
6.006407500000001,3.6440734095e-4,0.006345609,0.980586915,-0.19598143,0.980586915,-0.19598143,0.002102463,0.005998231
6.006410000000001,3.4950143410e-4,0.006282111,0.980574497,-0.196045622,0.980574497,-0.196045622,0.002092592,0.005933609
6.006412500000001,3.3450172862e-4,0.006218252,0.980561999,-0.19611018,0.980561999,-0.19611018,0.002082656,0.005868617
6.006415000000001,3.1940734414e-4,0.006154028,0.980549421,-0.196175107,0.980549421,-0.196175107,0.002072655,0.005803254
6.006417500000000,3.0421738927e-4,0.006089435,0.980536762,-0.196240406,0.980536762,-0.196240406,0.002062587,0.005737515
6.006420000000000,2.8893096147e-4,0.006024471,0.980524022,-0.19630608,0.980524022,-0.19630608,0.002052452,0.005671397
6.006422500000000,2.7354714689e-4,0.005959133,0.980511198,-0.196372133,0.980511198,-0.196372133,0.002042249,0.005604898
6.006425000000000,2.5806502019e-4,0.005893417,0.980498292,-0.196438568,0.980498292,-0.196438568,0.002031978,0.005538013
6.006427500000000,2.4248364433e-4,0.00582732,0.980485301,-0.196505387,0.980485301,-0.196505387,0.002021638,0.00547074
6.006430000000000,2.2680207047e-4,0.005760838,0.980472225,-0.196572596,0.980472225,-0.196572596,0.002011229,0.005403075
6.006432500000001,2.1101933764e-4,0.005693969,0.980459063,-0.196640196,0.980459063,-0.196640196,0.002000749,0.005335014
6.006435000000001,1.9513447271e-4,0.005626708,0.980445814,-0.196708191,0.980445814,-0.196708191,0.001990197,0.005266554
6.006437500000001,1.7914649007e-4,0.005559053,0.980432478,-0.196776585,0.980432478,-0.196776585,0.001979574,0.005197692
6.006440000000000,1.6305439155e-4,0.005491,0.980419054,-0.196845382,0.980419054,-0.196845382,0.001968879,0.005128424
6.006442500000000,1.4685716603e-4,0.005422545,0.98040554,-0.196914584,0.98040554,-0.196914584,0.00195811,0.005058747
6.006445000000000,1.3055378951e-4,0.005353685,0.980391936,-0.196984196,0.980391936,-0.196984196,0.001947267,0.004988656
6.006447500000000,1.1414322459e-4,0.005284417,0.980378241,-0.197054222,0.980378241,-0.197054222,0.001936349,0.004918148
6.006450000000000,9.7624420514e-5,0.005214736,0.980364454,-0.197124664,0.980364454,-0.197124664,0.001925356,0.00484722
6.006452500000000,8.0996312837e-5,0.005144638,0.980350574,-0.197195526,0.980350574,-0.197195526,0.001914287,0.004775868
6.006455000000001,6.4257823197e-5,0.005074121,0.9803366,-0.197266813,0.9803366,-0.197266813,0.00190314,0.004704087
6.006457500000001,4.7407859066e-5,0.005003181,0.980322532,-0.197338528,0.980322532,-0.197338528,0.001891915,0.004631874
6.006460000000001,3.0445313696e-5,0.004931813,0.980308368,-0.197410675,0.980308368,-0.197410675,0.001880612,0.004559225
6.006462500000000,1.3369065605e-5,0.004860013,0.980294107,-0.197483258,0.980294107,-0.197483258,0.00186923,0.004486136
6.006465000000000,-3.82E-06,0.004787779,0.980279748,-0.197556281,0.980279748,-0.197556281,0.001857767,0.004412603
6.006467500000000,-2.11E-05,0.004715105,0.980265291,-0.197629748,0.980265291,-0.197629748,0.001846223,0.004338623
6.006470000000000,-3.86E-05,0.004641988,0.980250734,-0.197703663,0.980250734,-0.197703663,0.001834596,0.00426419
6.006472500000000,-5.61E-05,0.004568424,0.980236076,-0.19777803,0.980236076,-0.19777803,0.001822887,0.004189301
6.006475000000000,-7.38E-05,0.004494408,0.980221317,-0.197852853,0.980221317,-0.197852853,0.001811095,0.004113951
6.006477500000001,-9.15E-05,0.004419937,0.980206454,-0.197928137,0.980206454,-0.197928137,0.001799217,0.004038137
6.006480000000001,-1.09E-04,0.004345006,0.980191488,-0.198003885,0.980191488,-0.198003885,0.001787254,0.003961854
6.006482500000001,-1.27E-04,0.004269611,0.980176417,-0.198080103,0.980176417,-0.198080103,0.001775205,0.003885097
6.006485000000001,-1.46E-04,0.004193748,0.98016124,-0.198156794,0.98016124,-0.198156794,0.001763068,0.003807862
6.006487500000000,-1.64E-04,0.004117411,0.980145956,-0.198233962,0.980145956,-0.198233962,0.001750844,0.003730146
6.006490000000000,-1.82E-04,0.004040598,0.980130564,-0.198311614,0.980130564,-0.198311614,0.001738529,0.003651942
6.006492500000000,-2.01E-04,0.003963303,0.980115062,-0.198389752,0.980115062,-0.198389752,0.001726125,0.003573247
6.006495000000000,-2.20E-04,0.003885522,0.98009945,-0.198468381,0.98009945,-0.198468381,0.001713629,0.003494056
6.006497500000000,-2.38E-04,0.00380725,0.980083726,-0.198547507,0.980083726,-0.198547507,0.001701042,0.003414365
6.006500000000000,-2.57E-04,0.003728483,0.980067889,-0.198627134,0.980067889,-0.198627134,0.001688361,0.003334168
6.006502500000001,-2.76E-04,0.003649216,0.980051938,-0.198707266,0.980051938,-0.198707266,0.001675586,0.00325346
6.006505000000001,-2.95E-04,0.003569443,0.980035871,-0.198787908,0.980035871,-0.198787908,0.001662716,0.003172237
6.006507500000001,-3.15E-04,0.003489161,0.980019688,-0.198869066,0.980019688,-0.198869066,0.001649749,0.003090495
6.006510000000000,-3.34E-04,0.003408365,0.980003387,-0.198950745,0.980003387,-0.198950745,0.001636685,0.003008227
6.006512500000000,-3.54E-04,0.003327048,0.979986967,-0.199032948,0.979986967,-0.199032948,0.001623523,0.002925429
6.006515000000000,-3.74E-04,0.003245207,0.979970427,-0.199115682,0.979970427,-0.199115682,0.001610262,0.002842095
6.006517500000000,-3.94E-04,0.003162836,0.979953765,-0.199198952,0.979953765,-0.199198952,0.001596899,0.002758221
6.006520000000000,-4.14E-04,0.003079931,0.97993698,-0.199282762,0.97993698,-0.199282762,0.001583435,0.002673801
6.006522500000000,-4.34E-04,0.002996485,0.97992007,-0.199367118,0.97992007,-0.199367118,0.001569869,0.00258883
6.006525000000001,-4.54E-04,0.002912494,0.979903035,-0.199452026,0.979903035,-0.199452026,0.001556198,0.002503303
6.006527500000001,-4.75E-04,0.002827952,0.979885872,-0.199537491,0.979885872,-0.199537491,0.001542422,0.002417213
6.006530000000001,-4.95E-04,0.002742854,0.979868581,-0.199623518,0.979868581,-0.199623518,0.001528539,0.002330556
6.006532500000000,-5.16E-04,0.002657194,0.97985116,-0.199710112,0.97985116,-0.199710112,0.001514549,0.002243325
6.006535000000000,-5.37E-04,0.002570967,0.979833608,-0.199797281,0.979833608,-0.199797281,0.001500451,0.002155516
6.006537500000000,-5.58E-04,0.002484167,0.979815923,-0.199885029,0.979815923,-0.199885029,0.001486242,0.002067121
6.006540000000000,-5.79E-04,0.002396789,0.979798103,-0.199973361,0.979798103,-0.199973361,0.001471922,0.001978137
6.006542500000000,-6.01E-04,0.002308825,0.979780147,-0.200062285,0.979780147,-0.200062285,0.001457489,0.001888555
6.006545000000000,-6.22E-04,0.002220272,0.979762054,-0.200151805,0.979762054,-0.200151805,0.001442942,0.001798372
6.006547500000001,-6.44E-04,0.002131123,0.979743822,-0.200241929,0.979743822,-0.200241929,0.00142828,0.001707579
6.006550000000001,-6.66E-04,0.002041371,0.979725449,-0.200332661,0.979725449,-0.200332661,0.001413501,0.001616172
6.006552500000001,-6.88E-04,0.00195101,0.979706934,-0.200424009,0.979706934,-0.200424009,0.001398605,0.001524144
6.006555000000001,-7.10E-04,0.001860035,0.979688275,-0.200515978,0.979688275,-0.200515978,0.001383589,0.001431488
6.006557500000000,-7.33E-04,0.001768439,0.97966947,-0.200608575,0.97966947,-0.200608575,0.001368452,0.001338198
6.006560000000000,-7.55E-04,0.001676216,0.979650518,-0.200701807,0.979650518,-0.200701807,0.001353193,0.001244269
6.006562500000000,-7.78E-04,0.001583359,0.979631418,-0.200795679,0.979631418,-0.200795679,0.001337811,0.001149692
6.006565000000000,-8.01E-04,0.001489862,0.979612167,-0.200890198,0.979612167,-0.200890198,0.001322303,0.001054461
6.006567500000000,-8.24E-04,0.001395718,0.979592763,-0.200985372,0.979592763,-0.200985372,0.001306669,9.5857033770e-4
6.006570000000000,-8.47E-04,0.00130092,0.979573205,-0.201081207,0.979573205,-0.201081207,0.001290906,8.6201205013e-4
6.006572500000001,-8.71E-04,0.001205462,0.979553491,-0.20117771,0.979553491,-0.20117771,0.001275014,7.6477943381e-4
6.006575000000001,-8.94E-04,0.001109336,0.979533619,-0.201274888,0.979533619,-0.201274888,0.001258991,6.6686540686e-4
6.006577500000001,-9.18E-04,0.001012536,0.979513588,-0.201372747,0.979513588,-0.201372747,0.001242835,5.6826278789e-4
6.006580000000000,-9.42E-04,9.1505383347e-4,0.979493395,-0.201471296,0.979493395,-0.201471296,0.001226544,4.6896429430e-4
6.006582500000000,-9.66E-04,8.1688333099e-4,0.979473038,-0.201570542,0.979473038,-0.201570542,0.001210117,3.6896254061e-4
6.006585000000000,-9.91E-04,7.1801674714e-4,0.979452515,-0.201670491,0.979452515,-0.201670491,0.001193553,2.6825003651e-4
6.006587500000000,-1.02E-03,6.1844665967e-4,0.979431825,-0.201771152,0.979431825,-0.201771152,0.001176849,1.6681918497e-4
6.006590000000000,-1.04E-03,5.1816554061e-4,0.979410966,-0.201872533,0.979410966,-0.201872533,0.001160004,6.4662280540e-5
6.006592500000000,-1.07E-03,4.1716575415e-4,0.979389935,-0.201974639,0.979389935,-0.201974639,0.001143015,-3.82E-05
6.006595000000001,-1.09E-03,3.1543955499e-4,0.97936873,-0.202077481,0.97936873,-0.202077481,0.001125882,-1.42E-04
6.006597500000001,-1.12E-03,2.1297908618e-4,0.979347349,-0.202181065,0.979347349,-0.202181065,0.001108603,-2.46E-04
6.006600000000001,-1.14E-03,1.0977637721e-4,0.97932579,-0.2022854,0.97932579,-0.2022854,0.001091175,-3.51E-04
6.006602500000001,-1.17E-03,5.8233417657e-6,0.979304051,-0.202390494,0.979304051,-0.202390494,0.001073596,-4.57E-04
6.006605000000000,-1.19E-03,-9.89E-05,0.97928213,-0.202496355,0.97928213,-0.202496355,0.001055866,-5.64E-04
6.006607500000000,-1.22E-03,-2.04E-04,0.979260024,-0.202602991,0.979260024,-0.202602991,0.001037981,-6.71E-04
6.006610000000000,-1.25E-03,-3.11E-04,0.97923773,-0.202710412,0.97923773,-0.202710412,0.00101994,-7.80E-04
6.006612500000000,-1.27E-03,-4.18E-04,0.979215248,-0.202818626,0.979215248,-0.202818626,0.001001742,-8.89E-04
6.006615000000000,-1.30E-03,-5.25E-04,0.979192573,-0.202927641,0.979192573,-0.202927641,9.8338255591e-4,-9.99E-04
6.006617500000000,-1.33E-03,-6.34E-04,0.979169705,-0.203037467,0.979169705,-0.203037467,9.6486130078e-4,-1.11E-03
6.006620000000001,-1.35E-03,-7.44E-04,0.97914664,-0.203148113,0.97914664,-0.203148113,9.4617571286e-4,-1.22E-03
6.006622500000001,-1.38E-03,-8.54E-04,0.979123375,-0.203259587,0.979123375,-0.203259587,9.2732364909e-4,-1.33E-03
6.006625000000001,-1.41E-03,-9.65E-04,0.979099909,-0.2033719,0.979099909,-0.2033719,9.0830292930e-4,-1.45E-03
6.006627500000000,-1.44E-03,-1.08E-03,0.979076238,-0.20348506,0.979076238,-0.20348506,8.8911133599e-4,-1.56E-03
6.006630000000000,-1.47E-03,-1.19E-03,0.979052361,-0.203599078,0.979052361,-0.203599078,8.6974661333e-4,-1.68E-03
6.006632500000000,-1.49E-03,-1.30E-03,0.979028274,-0.203713963,0.979028274,-0.203713963,8.5020646635e-4,-1.79E-03
6.006635000000000,-1.52E-03,-1.42E-03,0.979003975,-0.203829725,0.979003975,-0.203829725,8.3048856001e-4,-1.91E-03
6.006637500000000,-1.55E-03,-1.53E-03,0.97897946,-0.203946374,0.97897946,-0.203946374,8.1059051852e-4,-2.03E-03
6.006640000000000,-1.58E-03,-1.65E-03,0.978954728,-0.20406392,0.978954728,-0.20406392,7.9050992430e-4,-2.14E-03
6.006642500000001,-1.61E-03,-1.77E-03,0.978929774,-0.204182374,0.978929774,-0.204182374,7.7024431721e-4,-2.26E-03
6.006645000000001,-1.64E-03,-1.88E-03,0.978904597,-0.204301747,0.978904597,-0.204301747,7.4979119340e-4,-2.38E-03
6.006647500000001,-1.67E-03,-2.00E-03,0.978879194,-0.204422048,0.978879194,-0.204422048,7.2914800467e-4,-2.50E-03
6.006650000000000,-1.70E-03,-2.12E-03,0.97885356,-0.20454329,0.97885356,-0.20454329,7.0831215720e-4,-2.63E-03
6.006652500000000,-1.73E-03,-2.24E-03,0.978827694,-0.204665482,0.978827694,-0.204665482,6.8728101067e-4,-2.75E-03
6.006655000000000,-1.76E-03,-2.37E-03,0.978801592,-0.204788636,0.978801592,-0.204788636,6.6605187728e-4,-2.87E-03
6.006657500000000,-1.79E-03,-2.49E-03,0.97877525,-0.204912765,0.97877525,-0.204912765,6.4462202067e-4,-3.00E-03
6.006660000000000,-1.83E-03,-2.61E-03,0.978748667,-0.205037878,0.978748667,-0.205037878,6.2298865465e-4,-3.13E-03
6.006662500000000,-1.86E-03,-2.74E-03,0.978721837,-0.205163988,0.978721837,-0.205163988,6.0114894231e-4,-3.25E-03
6.006665000000001,-1.89E-03,-2.86E-03,0.978694759,-0.205291107,0.978694759,-0.205291107,5.7909999487e-4,-3.38E-03
6.006667500000001,-1.92E-03,-2.99E-03,0.978667428,-0.205419247,0.978667428,-0.205419247,5.5683887035e-4,-3.51E-03
6.006670000000001,-1.95E-03,-3.12E-03,0.978639841,-0.205548421,0.978639841,-0.205548421,5.3436257248e-4,-3.64E-03
6.006672500000001,-1.99E-03,-3.25E-03,0.978611995,-0.20567864,0.978611995,-0.20567864,5.1166804935e-4,-3.77E-03
6.006675000000000,-2.02E-03,-3.38E-03,0.978583886,-0.205809918,0.978583886,-0.205809918,4.8875219226e-4,-3.90E-03
6.006677500000000,-2.05E-03,-3.51E-03,0.97855551,-0.205942268,0.97855551,-0.205942268,4.6561183444e-4,-4.04E-03
6.006680000000000,-2.09E-03,-3.64E-03,0.978526863,-0.206075703,0.978526863,-0.206075703,4.4224374947e-4,-4.17E-03
6.006682500000000,-2.12E-03,-3.77E-03,0.978497942,-0.206210235,0.978497942,-0.206210235,4.1864465017e-4,-4.31E-03
6.006685000000000,-2.16E-03,-3.91E-03,0.978468743,-0.20634588,0.978468743,-0.20634588,3.9481118700e-4,-4.44E-03
6.006687500000000,-2.19E-03,-4.04E-03,0.978439262,-0.20648265,0.978439262,-0.20648265,3.7073994675e-4,-4.58E-03
6.006690000000001,-2.23E-03,-4.18E-03,0.978409494,-0.20662056,0.978409494,-0.20662056,3.4642745078e-4,-4.72E-03
6.006692500000001,-2.26E-03,-4.32E-03,0.978379436,-0.206759624,0.978379436,-0.206759624,3.2187015381e-4,-4.86E-03
6.006695000000001,-2.30E-03,-4.45E-03,0.978349084,-0.206899856,0.978349084,-0.206899856,2.9706444214e-4,-5.00E-03
6.006697500000000,-2.33E-03,-4.59E-03,0.978318433,-0.207041272,0.978318433,-0.207041272,2.7200663206e-4,-5.15E-03
6.006700000000000,-2.37E-03,-4.74E-03,0.978287479,-0.207183886,0.978287479,-0.207183886,2.4669296810e-4,-5.29E-03
6.006702500000000,-2.41E-03,-4.88E-03,0.978256217,-0.207327713,0.978256217,-0.207327713,2.2111962137e-4,-5.43E-03
6.006705000000000,-2.44E-03,-5.02E-03,0.978224643,-0.20747277,0.978224643,-0.20747277,1.9528268798e-4,-5.58E-03
6.006707500000000,-2.48E-03,-5.17E-03,0.978192753,-0.207619071,0.978192753,-0.207619071,1.6917818671e-4,-5.73E-03
6.006710000000000,-2.52E-03,-5.31E-03,0.978160541,-0.207766634,0.978160541,-0.207766634,1.4280205781e-4,-5.88E-03
6.006712500000001,-2.56E-03,-5.46E-03,0.978128003,-0.207915474,0.978128003,-0.207915474,1.1615016031e-4,-6.03E-03
6.006715000000001,-2.60E-03,-5.61E-03,0.978095134,-0.208065608,0.978095134,-0.208065608,8.9218270767e-5,-6.18E-03
6.006717500000001,-2.64E-03,-5.76E-03,0.978061929,-0.208217053,0.978061929,-0.208217053,6.2002080666e-5,-6.33E-03
6.006720000000001,-2.68E-03,-5.91E-03,0.978028383,-0.208369827,0.978028383,-0.208369827,3.4497194638e-5,-6.49E-03
6.006722500000000,-2.72E-03,-6.06E-03,0.977994491,-0.208523946,0.977994491,-0.208523946,6.6991280795e-6,-6.64E-03
6.006725000000000,-2.76E-03,-6.21E-03,0.977960247,-0.208679428,0.977960247,-0.208679428,-2.14E-05,-6.80E-03
6.006727500000000,-2.80E-03,-6.37E-03,0.977925646,-0.208836293,0.977925646,-0.208836293,-4.98E-05,-6.96E-03
6.006730000000000,-2.84E-03,-6.53E-03,0.977890683,-0.208994558,0.977890683,-0.208994558,-7.85E-05,-7.12E-03
6.006732500000000,-2.88E-03,-6.68E-03,0.977855352,-0.209154241,0.977855352,-0.209154241,-1.08E-04,-7.28E-03
6.006735000000000,-2.92E-03,-6.84E-03,0.977819647,-0.209315363,0.977819647,-0.209315363,-1.37E-04,-7.44E-03
6.006737500000001,-2.96E-03,-7.00E-03,0.977783562,-0.209477943,0.977783562,-0.209477943,-1.67E-04,-7.60E-03
6.006740000000001,-3.01E-03,-7.17E-03,0.977747092,-0.209642,0.977747092,-0.209642,-1.96E-04,-7.77E-03
6.006742500000001,-3.05E-03,-7.33E-03,0.97771023,-0.209807555,0.97771023,-0.209807555,-2.27E-04,-7.94E-03
6.006745000000000,-3.09E-03,-7.49E-03,0.977672971,-0.209974628,0.977672971,-0.209974628,-2.57E-04,-8.10E-03
6.006747500000000,-3.14E-03,-7.66E-03,0.977635307,-0.210143241,0.977635307,-0.210143241,-2.88E-04,-8.27E-03
6.006750000000000,-3.18E-03,-7.83E-03,0.977597233,-0.210313414,0.977597233,-0.210313414,-3.20E-04,-8.45E-03
6.006752500000000,-3.23E-03,-8.00E-03,0.977558742,-0.21048517,0.977558742,-0.21048517,-3.52E-04,-8.62E-03
6.006755000000000,-3.27E-03,-8.17E-03,0.977519826,-0.210658531,0.977519826,-0.210658531,-3.84E-04,-8.79E-03
6.006757500000000,-3.32E-03,-8.34E-03,0.97748048,-0.210833518,0.97748048,-0.210833518,-4.16E-04,-8.97E-03
6.006760000000001,-3.37E-03,-8.52E-03,0.977440695,-0.211010156,0.977440695,-0.211010156,-4.49E-04,-9.15E-03
6.006762500000001,-3.41E-03,-8.69E-03,0.977400466,-0.211188467,0.977400466,-0.211188467,-4.82E-04,-9.33E-03
6.006765000000001,-3.46E-03,-8.87E-03,0.977359784,-0.211368475,0.977359784,-0.211368475,-5.16E-04,-9.51E-03
6.006767500000000,-3.51E-03,-9.05E-03,0.977318643,-0.211550205,0.977318643,-0.211550205,-5.50E-04,-9.69E-03
6.006770000000000,-3.56E-03,-9.23E-03,0.977277033,-0.211733682,0.977277033,-0.211733682,-5.84E-04,-9.88E-03
6.006772500000000,-3.61E-03,-9.42E-03,0.977234948,-0.211918931,0.977234948,-0.211918931,-6.19E-04,-0.010065204
6.006775000000000,-3.66E-03,-9.60E-03,0.97719238,-0.212105977,0.97719238,-0.212105977,-6.54E-04,-0.010253915
6.006777500000000,-3.71E-03,-9.79E-03,0.97714932,-0.212294847,0.97714932,-0.212294847,-6.89E-04,-0.010444471
6.006780000000000,-3.76E-03,-9.98E-03,0.97710576,-0.212485567,0.97710576,-0.212485567,-7.25E-04,-0.010636897
6.006782500000001,-3.81E-03,-0.010167806,0.977061692,-0.212678166,0.977061692,-0.212678166,-7.62E-04,-0.010831222
6.006785000000001,-3.86E-03,-0.010360097,0.977017106,-0.21287267,0.977017106,-0.21287267,-7.99E-04,-0.011027474
6.006787500000001,-3.91E-03,-0.010554298,0.976971994,-0.213069108,0.976971994,-0.213069108,-8.36E-04,-0.011225681
6.006790000000001,-3.97E-03,-0.010750437,0.976926346,-0.213267509,0.976926346,-0.213267509,-8.74E-04,-0.011425873
6.006792500000000,-4.02E-03,-0.010948544,0.976880154,-0.213467903,0.976880154,-0.213467903,-9.12E-04,-0.01162808
6.006795000000000,-4.08E-03,-0.011148647,0.976833407,-0.213670319,0.976833407,-0.213670319,-9.51E-04,-0.011832333
6.006797500000000,-4.13E-03,-0.011350778,0.976786096,-0.213874789,0.976786096,-0.213874789,-9.90E-04,-0.012038662
6.006800000000000,-4.19E-03,-0.011554966,0.976738211,-0.214081344,0.976738211,-0.214081344,-1.03E-03,-0.012247099
6.006802500000000,-4.24E-03,-0.011761245,0.976689742,-0.214290016,0.976689742,-0.214290016,-1.07E-03,-0.012457676
6.006805000000000,-4.30E-03,-0.011969645,0.976640677,-0.214500837,0.976640677,-0.214500837,-1.11E-03,-0.012670428
6.006807500000001,-4.36E-03,-0.012180201,0.976591007,-0.214713841,0.976591007,-0.214713841,-1.15E-03,-0.012885387
6.006810000000001,-4.42E-03,-0.012392944,0.97654072,-0.214929061,0.97654072,-0.214929061,-1.19E-03,-0.013102588
6.006812500000001,-4.48E-03,-0.01260791,0.976489805,-0.215146533,0.976489805,-0.215146533,-1.24E-03,-0.013322066
6.006815000000000,-4.54E-03,-0.012825133,0.97643825,-0.215366292,0.97643825,-0.215366292,-1.28E-03,-0.013543857
6.006817500000000,-4.60E-03,-0.013044649,0.976386045,-0.215588375,0.976386045,-0.215588375,-1.32E-03,-0.013767998
6.006820000000000,-4.66E-03,-0.013266495,0.976333175,-0.215812817,0.976333175,-0.215812817,-1.37E-03,-0.013994526
6.006822500000000,-4.72E-03,-0.013490708,0.97627963,-0.216039658,0.97627963,-0.216039658,-1.41E-03,-0.01422348
6.006825000000000,-4.79E-03,-0.013717325,0.976225396,-0.216268935,0.976225396,-0.216268935,-1.46E-03,-0.014454898
6.006827500000000,-4.85E-03,-0.013946386,0.976170461,-0.216500688,0.976170461,-0.216500688,-1.50E-03,-0.014688821
6.006830000000001,-4.91E-03,-0.01417793,0.976114811,-0.216734957,0.976114811,-0.216734957,-1.55E-03,-0.014925289
6.006832500000001,-4.98E-03,-0.014411997,0.976058432,-0.216971783,0.976058432,-0.216971783,-1.60E-03,-0.015164345
6.006835000000001,-5.05E-03,-0.01464863,0.97600131,-0.217211209,0.97600131,-0.217211209,-1.64E-03,-0.015406029
6.006837500000000,-5.11E-03,-0.01488787,0.975943431,-0.217453277,0.975943431,-0.217453277,-1.69E-03,-0.015650387
6.006840000000000,-5.18E-03,-0.01512976,0.975884781,-0.217698031,0.975884781,-0.217698031,-1.74E-03,-0.015897463
6.006842500000000,-5.25E-03,-0.015374346,0.975825344,-0.217945516,0.975825344,-0.217945516,-1.79E-03,-0.016147301
6.006845000000000,-5.32E-03,-0.015621671,0.975765104,-0.218195778,0.975765104,-0.218195778,-1.84E-03,-0.01639995
6.006847500000000,-5.39E-03,-0.015871782,0.975704046,-0.218448864,0.975704046,-0.218448864,-1.89E-03,-0.016655455
6.006850000000000,-5.46E-03,-0.016124727,0.975642153,-0.218704822,0.975642153,-0.218704822,-1.94E-03,-0.016913866
6.006852500000001,-5.54E-03,-0.016380554,0.975579408,-0.2189637,0.975579408,-0.2189637,-2.00E-03,-0.017175233
6.006855000000001,-5.61E-03,-0.016639311,0.975515795,-0.21922555,0.975515795,-0.21922555,-2.05E-03,-0.017439606
6.006857500000001,-5.68E-03,-0.01690105,0.975451296,-0.219490421,0.975451296,-0.219490421,-2.10E-03,-0.017707038
6.006860000000001,-5.76E-03,-0.017165823,0.975385892,-0.219758368,0.975385892,-0.219758368,-2.16E-03,-0.017977581
6.006862500000000,-5.84E-03,-0.017433682,0.975319566,-0.220029444,0.975319566,-0.220029444,-2.21E-03,-0.01825129
6.006865000000000,-5.92E-03,-0.017704681,0.975252297,-0.220303703,0.975252297,-0.220303703,-2.27E-03,-0.018528222
6.006867500000000,-5.99E-03,-0.017978876,0.975184066,-0.220581202,0.975184066,-0.220581202,-2.33E-03,-0.018808433
6.006870000000000,-6.07E-03,-0.018256323,0.975114853,-0.220861998,0.975114853,-0.220861998,-2.39E-03,-0.019091981
6.006872500000000,-6.16E-03,-0.018537081,0.975044637,-0.221146151,0.975044637,-0.221146151,-2.44E-03,-0.019378926
6.006875000000000,-6.24E-03,-0.018821209,0.974973398,-0.221433721,0.974973398,-0.221433721,-2.50E-03,-0.01966933
6.006877500000001,-6.32E-03,-0.019108768,0.974901112,-0.221724769,0.974901112,-0.221724769,-2.57E-03,-0.019963256
6.006880000000001,-6.41E-03,-0.01939982,0.974827758,-0.22201936,0.974827758,-0.22201936,-2.63E-03,-0.020260767
6.006882500000001,-6.49E-03,-0.019694429,0.974753312,-0.222317558,0.974753312,-0.222317558,-2.69E-03,-0.020561929
6.006885000000000,-6.58E-03,-0.01999266,0.974677751,-0.222619429,0.974677751,-0.222619429,-2.75E-03,-0.02086681
6.006887500000000,-6.67E-03,-0.020294581,0.974601049,-0.222925042,0.974601049,-0.222925042,-2.82E-03,-0.02117548
6.006890000000000,-6.76E-03,-0.020600261,0.974523183,-0.223234467,0.974523183,-0.223234467,-2.88E-03,-0.021488008
6.006892500000000,-6.85E-03,-0.020909769,0.974444125,-0.223547774,0.974444125,-0.223547774,-2.95E-03,-0.021804468
6.006895000000000,-6.94E-03,-0.021223177,0.97436385,-0.223865038,0.97436385,-0.223865038,-3.02E-03,-0.022124934
6.006897500000000,-7.04E-03,-0.021540561,0.974282329,-0.224186333,0.974282329,-0.224186333,-3.09E-03,-0.022449481
6.006900000000001,-7.13E-03,-0.021861995,0.974199534,-0.224511737,0.974199534,-0.224511737,-3.16E-03,-0.02277819
6.006902500000001,-7.23E-03,-0.022187558,0.974115437,-0.224841329,0.974115437,-0.224841329,-3.23E-03,-0.023111139
6.006905000000001,-7.33E-03,-0.022517329,0.974030007,-0.22517519,0.974030007,-0.22517519,-3.30E-03,-0.023448412
6.006907500000001,-7.43E-03,-0.022851389,0.973943213,-0.225513403,0.973943213,-0.225513403,-3.37E-03,-0.023790092
6.006910000000000,-7.53E-03,-0.023189824,0.973855024,-0.225856054,0.973855024,-0.225856054,-3.45E-03,-0.024136266
6.006912500000000,-7.63E-03,-0.02353272,0.973765406,-0.22620323,0.973765406,-0.22620323,-3.52E-03,-0.024487024
6.006915000000000,-7.74E-03,-0.023880164,0.973674326,-0.226555021,0.973674326,-0.226555021,-3.60E-03,-0.024842456
6.006917500000000,-7.84E-03,-0.024232247,0.973581748,-0.22691152,0.973581748,-0.22691152,-3.68E-03,-0.025202657
6.006920000000000,-7.95E-03,-0.024589064,0.973487638,-0.227272821,0.973487638,-0.227272821,-3.76E-03,-0.025567723
6.006922500000000,-8.06E-03,-0.024950708,0.973391957,-0.227639022,0.973391957,-0.227639022,-3.84E-03,-0.025937752
6.006925000000001,-8.17E-03,-0.02531728,0.973294667,-0.228010223,0.973294667,-0.228010223,-3.92E-03,-0.026312846
6.006927500000001,-8.29E-03,-0.02568888,0.973195729,-0.228386527,0.973195729,-0.228386527,-4.01E-03,-0.02669311
6.006930000000001,-8.40E-03,-0.026065611,0.973095102,-0.228768038,0.973095102,-0.228768038,-4.09E-03,-0.027078651
6.006932500000000,-8.52E-03,-0.02644758,0.972992744,-0.229154867,0.972992744,-0.229154867,-4.18E-03,-0.027469579
6.006935000000000,-8.64E-03,-0.026834897,0.972888611,-0.229547124,0.972888611,-0.229547124,-4.27E-03,-0.027866007
6.006937500000000,-8.76E-03,-0.027227675,0.972782658,-0.229944923,0.972782658,-0.229944923,-4.36E-03,-0.028268052
6.006940000000000,-8.88E-03,-0.02762603,0.972674839,-0.230348384,0.972674839,-0.230348384,-4.45E-03,-0.028675833
6.006942500000000,-9.01E-03,-0.028030079,0.972565106,-0.230757626,0.972565106,-0.230757626,-4.54E-03,-0.029089475
6.006945000000000,-9.14E-03,-0.028439947,0.972453409,-0.231172775,0.972453409,-0.231172775,-4.64E-03,-0.029509103
6.006947500000001,-9.27E-03,-0.028855759,0.972339698,-0.23159396,0.972339698,-0.23159396,-4.74E-03,-0.029934847
6.006950000000001,-9.40E-03,-0.029277645,0.972223917,-0.232021311,0.972223917,-0.232021311,-4.84E-03,-0.030366843
6.006952500000001,-9.53E-03,-0.029705738,0.972106014,-0.232454966,0.972106014,-0.232454966,-4.94E-03,-0.030805228
6.006955000000000,-9.67E-03,-0.030140176,0.971985931,-0.232895064,0.971985931,-0.232895064,-5.04E-03,-0.031250145
6.006957500000000,-9.81E-03,-0.0305811,0.971863609,-0.233341749,0.971863609,-0.233341749,-5.14E-03,-0.03170174
6.006960000000000,-9.95E-03,-0.031028656,0.971738988,-0.233795169,0.971738988,-0.233795169,-5.25E-03,-0.032160163
6.006962500000000,-0.010098362,-0.031482994,0.971612004,-0.234255478,0.971612004,-0.234255478,-5.36E-03,-0.032625571
6.006965000000000,-0.010245938,-0.031944269,0.971482592,-0.234722833,0.971482592,-0.234722833,-5.47E-03,-0.033098123
6.006967500000000,-0.010396289,-0.03241264,0.971350684,-0.235197396,0.971350684,-0.235197396,-5.58E-03,-0.033577984
6.006970000000001,-0.010549492,-0.032888271,0.971216211,-0.235679334,0.971216211,-0.235679334,-5.70E-03,-0.034065325
6.006972500000001,-0.010705626,-0.033371331,0.971079099,-0.236168821,0.971079099,-0.236168821,-5.82E-03,-0.034560321
6.006975000000001,-0.010864774,-0.033861996,0.970939274,-0.236666034,0.970939274,-0.236666034,-5.94E-03,-0.035063154
6.006977500000001,-0.01102702,-0.034360446,0.970796656,-0.237171156,0.970796656,-0.237171156,-6.06E-03,-0.035574008
6.006980000000000,-0.011192453,-0.034866865,0.970651165,-0.237684377,0.970651165,-0.237684377,-6.19E-03,-0.036093078
6.006982500000000,-0.011361166,-0.035381446,0.970502716,-0.238205892,0.970502716,-0.238205892,-6.31E-03,-0.036620563
6.006985000000000,-0.011533253,-0.035904386,0.970351222,-0.238735903,0.970351222,-0.238735903,-6.44E-03,-0.037156666
6.006987500000000,-0.011708813,-0.036435891,0.970196592,-0.239274619,0.970196592,-0.239274619,-6.58E-03,-0.037701601
6.006990000000000,-0.011887949,-0.03697617,0.970038731,-0.239822254,0.970038731,-0.239822254,-6.71E-03,-0.038255586
6.006992500000000,-0.012070768,-0.037525443,0.969877542,-0.24037903,0.969877542,-0.24037903,-6.85E-03,-0.038818848
6.006995000000001,-0.012257381,-0.038083933,0.969712922,-0.240945178,0.969712922,-0.240945178,-6.99E-03,-0.03939162
6.006997500000001,-0.012447903,-0.038651874,0.969544765,-0.241520934,0.969544765,-0.241520934,-7.14E-03,-0.039974143
6.007000000000001,-0.012642454,-0.039229506,0.969372961,-0.242106544,0.969372961,-0.242106544,-7.29E-03,-0.040566668
6.007002500000000,-0.012841159,-0.039817078,0.969197394,-0.242702262,0.969197394,-0.242702262,-7.44E-03,-0.041169453
6.007005000000000,-0.013044148,-0.040414847,0.969017945,-0.243308349,0.969017945,-0.243308349,-7.60E-03,-0.041782764
6.007007500000000,-0.013251555,-0.041023079,0.96883449,-0.243925079,0.96883449,-0.243925079,-7.76E-03,-0.04240688
6.007010000000000,-0.013463522,-0.04164205,0.968646898,-0.244552731,0.968646898,-0.244552731,-7.92E-03,-0.043042086
6.007012500000000,-0.013680195,-0.042272045,0.968455033,-0.245191596,0.968455033,-0.245191596,-8.09E-03,-0.043688678
6.007015000000000,-0.013901727,-0.042913358,0.968258756,-0.245841977,0.968258756,-0.245841977,-8.26E-03,-0.044346964
6.007017500000001,-0.014128277,-0.043566296,0.968057917,-0.246504184,0.968057917,-0.246504184,-8.43E-03,-0.045017261
6.007020000000001,-0.014360013,-0.044231176,0.967852364,-0.247178543,0.967852364,-0.247178543,-8.61E-03,-0.0456999
6.007022500000001,-0.014597106,-0.044908325,0.967641937,-0.247865387,0.967641937,-0.247865387,-8.79E-03,-0.046395221
6.007025000000001,-0.014839738,-0.045598085,0.967426466,-0.248565065,0.967426466,-0.248565065,-8.98E-03,-0.047103581
6.007027500000000,-0.015088098,-0.046300808,0.967205778,-0.249277937,0.967205778,-0.249277937,-9.17E-03,-0.047825345
6.007030000000000,-0.015342384,-0.04701686,0.96697969,-0.250004377,0.96697969,-0.250004377,-9.37E-03,-0.048560896
6.007032500000000,-0.015602802,-0.047746622,0.966748008,-0.250744774,0.966748008,-0.250744774,-9.57E-03,-0.049310629
6.007035000000000,-0.015869568,-0.048490487,0.966510535,-0.251499531,0.966510535,-0.251499531,-9.78E-03,-0.050074956
6.007037500000000,-0.016142907,-0.049248866,0.966267058,-0.252269066,0.966267058,-0.252269066,-9.99E-03,-0.050854305
6.007040000000000,-0.016423057,-0.050022184,0.96601736,-0.253053815,0.96601736,-0.253053815,-0.010212699,-0.051649117
6.007042500000001,-0.016710265,-0.050810882,0.965761209,-0.253854229,0.965761209,-0.253854229,-0.010437288,-0.052459856
6.007045000000001,-0.017004789,-0.051615422,0.965498365,-0.254670778,0.965498365,-0.254670778,-0.010667934,-0.053287001
6.007047500000001,-0.017306903,-0.05243628,0.965228574,-0.255503952,0.965228574,-0.255503952,-0.010904873,-0.05413105
6.007050000000000,-0.01761689,-0.053273953,0.964951572,-0.256354258,0.964951572,-0.256354258,-0.011148349,-0.054992523
6.007052500000000,-0.01793505,-0.054128959,0.964667079,-0.257222227,0.964667079,-0.257222227,-0.011398619,-0.055871961
6.007055000000000,-0.018261696,-0.055001837,0.964374803,-0.258108409,0.964374803,-0.258108409,-0.011655956,-0.056769926
6.007057500000000,-0.018597159,-0.055893148,0.964074436,-0.259013378,0.964074436,-0.259013378,-0.011920644,-0.057687006
6.007060000000000,-0.018941785,-0.056803475,0.963765654,-0.259937733,0.963765654,-0.259937733,-0.012192983,-0.05862381
6.007062500000000,-0.019295938,-0.057733428,0.963448118,-0.260882098,0.963448118,-0.260882098,-0.012473289,-0.059580977
6.007065000000001,-0.019660001,-0.058683642,0.963121468,-0.261847122,0.963121468,-0.261847122,-0.012761895,-0.060559171
6.007067500000001,-0.020034378,-0.059654779,0.962785329,-0.262833484,0.962785329,-0.262833484,-0.013059151,-0.061559086
6.007070000000001,-0.020419494,-0.06064753,0.962439301,-0.263841894,0.962439301,-0.263841894,-0.013365427,-0.062581446
6.007072500000000,-0.020815796,-0.061662618,0.962082966,-0.264873089,0.962082966,-0.264873089,-0.013681113,-0.063627008
6.007075000000000,-0.021223757,-0.062700796,0.961715881,-0.265927843,0.961715881,-0.265927843,-0.014006622,-0.064696562
6.007077500000000,-0.021643874,-0.06376285,0.961337578,-0.267006964,0.961337578,-0.267006964,-0.01434239,-0.065790935
6.007080000000000,-0.022076675,-0.064849606,0.960947564,-0.268111295,0.960947564,-0.268111295,-0.014688876,-0.066910991
6.007082500000000,-0.022522715,-0.065961924,0.960545317,-0.269241721,0.960545317,-0.269241721,-0.015046568,-0.068057633
6.007085000000000,-0.022982581,-0.067100705,0.960130284,-0.270399166,0.960130284,-0.270399166,-0.015415983,-0.069231809
6.007087500000001,-0.023456896,-0.068266891,0.959701881,-0.271584597,0.959701881,-0.271584597,-0.015797666,-0.070434511
6.007090000000001,-0.023946317,-0.069461473,0.959259489,-0.27279903,0.959259489,-0.27279903,-0.016192197,-0.071666777
6.007092500000001,-0.024451544,-0.070685483,0.958802449,-0.274043528,0.958802449,-0.274043528,-0.016600193,-0.072929698
6.007095000000001,-0.024973314,-0.071940008,0.958330065,-0.275319205,0.958330065,-0.275319205,-0.017022305,-0.074224416
6.007097500000000,-0.025512413,-0.073226187,0.957841598,-0.276627232,0.957841598,-0.276627232,-0.017459228,-0.07555213
6.007100000000000,-0.026069675,-0.074545214,0.95733626,-0.277968837,0.95733626,-0.277968837,-0.0179117,-0.076914101
6.007102500000000,-0.026645986,-0.075898344,0.956813214,-0.279345309,0.956813214,-0.279345309,-0.018380508,-0.078311652
6.007105000000000,-0.027242286,-0.077286895,0.956271572,-0.280758006,0.956271572,-0.280758006,-0.018866488,-0.079746176
6.007107500000000,-0.027859581,-0.078712253,0.955710383,-0.282208352,0.955710383,-0.282208352,-0.019370532,-0.081219135
6.007110000000000,-0.028498938,-0.080175876,0.955128637,-0.283697849,0.955128637,-0.283697849,-0.019893594,-0.08273207
6.007112500000001,-0.029161496,-0.081679297,0.954525253,-0.285228075,0.954525253,-0.285228075,-0.020436691,-0.084286605
6.007115000000001,-0.029848473,-0.083224132,0.95389908,-0.286800695,0.95389908,-0.286800695,-0.02100091,-0.08588445
6.007117500000001,-0.030561168,-0.084812082,0.953248883,-0.288417462,0.953248883,-0.288417462,-0.021587416,-0.087527407
6.007120000000000,-0.031300971,-0.086444943,0.952573345,-0.290080227,0.952573345,-0.290080227,-0.022197454,-0.089217379
6.007122500000000,-0.032069369,-0.088124606,0.951871051,-0.291790942,0.951871051,-0.291790942,-0.022832362,-0.090956376
6.007125000000000,-0.032867957,-0.08985307,0.951140486,-0.293551667,0.951140486,-0.293551667,-0.023493574,-0.092746519
6.007127500000000,-0.033698443,-0.091632445,0.950380023,-0.295364583,0.950380023,-0.295364583,-0.024182632,-0.094590053
6.007130000000000,-0.034562664,-0.093464961,0.949587913,-0.297231992,0.949587913,-0.297231992,-0.024901194,-0.09648935
6.007132500000000,-0.035462594,-0.095352977,0.948762277,-0.299156332,0.948762277,-0.299156332,-0.025651044,-0.098446924
6.007135000000001,-0.036400356,-0.09729899,0.947901088,-0.301140185,0.947901088,-0.301140185,-0.026434107,-0.100465436
6.007137500000001,-0.037378237,-0.099305643,0.947002161,-0.303186285,0.947002161,-0.303186285,-0.02725246,-0.10254771
6.007140000000001,-0.038398707,-0.101375736,0.946063139,-0.305297532,0.946063139,-0.305297532,-0.028108348,-0.104696738
6.007142500000000,-0.039464429,-0.103512241,0.945081473,-0.307477002,0.945081473,-0.307477002,-0.029004198,-0.1069157
6.007145000000000,-0.040578288,-0.105718309,0.944054404,-0.309727963,0.944054404,-0.309727963,-0.029942642,-0.109207972
6.007147500000000,-0.041743403,-0.107997287,0.942978942,-0.312053886,0.942978942,-0.312053886,-0.030926532,-0.111577145
6.007150000000000,-0.042963158,-0.110352731,0.941851843,-0.314458461,0.941851843,-0.314458461,-0.031958969,-0.11402704
6.007152500000000,-0.044241227,-0.112788422,0.940669582,-0.316945617,0.940669582,-0.316945617,-0.033043324,-0.116561726
6.007155000000000,-0.045581605,-0.115308383,0.93942832,-0.319519536,0.93942832,-0.319519536,-0.03418327,-0.119185537
6.007157500000001,-0.046988641,-0.117916897,0.938123877,-0.322184674,0.938123877,-0.322184674,-0.035382815,-0.121903097
6.007160000000001,-0.04846708,-0.120618528,0.936751687,-0.324945784,0.936751687,-0.324945784,-0.036646337,-0.124719341
6.007162500000001,-0.050022102,-0.123418141,0.935306759,-0.327807938,0.935306759,-0.327807938,-0.037978628,-0.127639539
6.007165000000001,-0.051659376,-0.126320925,0.933783628,-0.330776551,0.933783628,-0.330776551,-0.039384942,-0.130669326
6.007167500000000,-0.053385115,-0.12933242,0.932176298,-0.333857411,0.932176298,-0.333857411,-0.040871048,-0.133814727
6.007170000000000,-0.055206138,-0.132458544,0.930478181,-0.337056705,0.930478181,-0.337056705,-0.042443292,-0.137082194
6.007172500000000,-0.057129947,-0.135705617,0.928682024,-0.340381056,0.928682024,-0.340381056,-0.044108668,-0.140478636
6.007175000000000,-0.059164804,-0.139080399,0.926779826,-0.343837549,0.926779826,-0.343837549,-0.045874898,-0.14401146
6.007177500000000,-0.061319832,-0.142590119,0.924762748,-0.347433779,0.924762748,-0.347433779,-0.047750526,-0.14768861
6.007180000000000,-0.063605124,-0.14624251,0.922621,-0.351177879,0.922621,-0.351177879,-0.049745023,-0.151518611
6.007182500000001,-0.066031864,-0.150045848,0.920343721,-0.355078571,0.920343721,-0.355078571,-0.05186891,-0.155510616
6.007185000000001,-0.068612475,-0.154008991,0.917918832,-0.359145206,0.917918832,-0.359145206,-0.054133899,-0.159674458
6.007187500000001,-0.071360789,-0.158141415,0.915332873,-0.363387811,0.915332873,-0.363387811,-0.05655306,-0.164020699
6.007190000000000,-0.074292237,-0.162453261,0.912570807,-0.367817141,0.912570807,-0.367817141,-0.059141009,-0.168560692
6.007192500000000,-0.077424076,-0.16695537,0.909615799,-0.372444722,0.909615799,-0.372444722,-0.061914133,-0.173306633
6.007195000000000,-0.080775655,-0.171659327,0.906448952,-0.377282908,0.906448952,-0.377282908,-0.064890845,-0.178271627
6.007197500000000,-0.08436872,-0.176577491,0.903049001,-0.382344922,0.903049001,-0.382344922,-0.068091898,-0.183469743
6.007200000000000,-0.088227776,-0.181723029,0.899391952,-0.387644905,0.899391952,-0.387644905,-0.071540732,-0.188916074
6.007202500000000,-0.09238051,-0.187109933,0.895450662,-0.393197949,0.895450662,-0.393197949,-0.075263906,-0.19462679
6.007205000000001,-0.096858293,-0.192753024,0.891194333,-0.399020118,0.891194333,-0.399020118,-0.079291592,-0.20061918
6.007207500000001,-0.101696771,-0.198667931,0.886587926,-0.405128457,0.886587926,-0.405128457,-0.083658168,-0.20691168
6.007210000000001,-0.106936565,-0.204871042,0.881591453,-0.411540964,0.881591453,-0.411540964,-0.088402926,-0.213523873
6.007212500000001,-0.112624106,-0.211379397,0.87615914,-0.418276523,0.87615914,-0.418276523,-0.093570909,-0.22047646
6.007215000000000,-0.118812628,-0.218210527,0.870238428,-0.425354773,0.870238428,-0.425354773,-0.099213918,-0.227791166
6.007217500000000,-0.125563353,-0.225382184,0.863768773,-0.432795894,0.863768773,-0.432795894,-0.105391721,-0.235490569
6.007220000000000,-0.132946918,-0.232911949,0.85668021,-0.440620264,0.85668021,-0.440620264,-0.112173502,-0.24359782
6.007222500000000,-0.141045069,-0.240816644,0.848891626,-0.448847941,0.848891626,-0.448847941,-0.11963961,-0.252136193
6.007225000000000,-0.149952713,-0.249111486,0.840308685,-0.457497903,0.840308685,-0.457497903,-0.127883665,-0.261128397
6.007227500000000,-0.159780365,-0.257808882,0.830821322,-0.466586926,0.830821322,-0.466586926,-0.137015107,-0.270595569
6.007230000000001,-0.170657085,-0.266916702,0.820300743,-0.476127986,0.820300743,-0.476127986,-0.147162264,-0.280555778
6.007232500000001,-0.182733985,-0.276435852,0.808595817,-0.486127962,0.808595817,-0.486127962,-0.158476048,-0.29102188
6.007235000000001,-0.196188394,-0.286356835,0.795528778,-0.496584362,0.795528778,-0.496584362,-0.171134385,-0.301998409
6.007237500000000,-0.211228741,-0.29665492,0.780890144,-0.507480687,0.780890144,-0.507480687,-0.185347484,-0.313477139
6.007240000000000,-0.228100214,-0.307283347,0.764432795,-0.51877985,0.764432795,-0.51877985,-0.201364021,-0.325430741
6.007242500000000,-0.2470911,-0.318163776,0.745865242,-0.53041488,0.745865242,-0.53041488,-0.219478232,-0.337803739
6.007245000000000,-0.268539604,-0.329172902,0.724844287,-0.542275797,0.724844287,-0.542275797,-0.240037785,-0.350499681
6.007247500000000,-0.292840526,-0.340123735,0.7009676,-0.554191148,0.7009676,-0.554191148,-0.263451931,-0.363362957
6.007250000000000,-0.320450604,-0.350739562,0.673767343,-0.565902178,0.673767343,-0.565902178,-0.2901989,-0.376153212
6.007252500000001,-0.351890194,-0.360618054,0.642707072,-0.577026984,0.642707072,-0.577026984,-0.320830422,-0.388509612
6.007255000000001,-0.387737131,-0.369182528,0.607185953,-0.587011517,0.607185953,-0.587011517,-0.355969445,-0.399901662
6.007257500000001,-0.428605542,-0.375617404,0.566557404,-0.595064185,0.566557404,-0.595064185,-0.396294069,-0.409563047
6.007260000000000,-0.475097715,-0.378786358,0.520174007,-0.600072068,0.520174007,-0.600072068,-0.442495933,-0.416406043
6.007262500000000,-0.527710537,-0.377136198,0.467477304,-0.600501064,0.467477304,-0.600501064,-0.495194331,-0.41891808
6.007265000000000,-0.586670336,-0.368600448,0.408159206,-0.594292911,0.408159206,-0.594292911,-0.55477882,-0.415052345
6.007267500000000,-0.651665123,-0.350538522,0.342427435,-0.578793757,0.342427435,-0.578793757,-0.621146505,-0.402145835
6.007270000000000,-0.721451778,-0.319783572,0.271400374,-0.550786493,0.271400374,-0.550786493,-0.693305771,-0.376936093
6.007272500000000,-0.793359007,-0.272920753,0.197615284,-0.506749475,0.197615284,-0.506749475,-0.76885766,-0.335799939
6.007275000000001,-0.862813466,-0.206948407,0.125528478,-0.443499209,0.125528478,-0.443499209,-0.843470116,-0.2753766
6.007277500000001,-0.923191559,-0.120410298,0.061708339,-0.359317129,0.061708339,-0.359317129,-0.910640361,-0.193687272
6.007280000000001,-0.966449548,-0.014820577,0.014261305,-0.255399971,0.014261305,-0.255399971,-0.962211782,-0.091608687
6.007282500000001,-0.98485757,0.104262119,-8.86E-03,-0.137002801,-8.86E-03,-0.137002801,-0.99002152,0.025916566
6.007285000000000,-0.973703506,0.227417897,-2.57E-03,-0.013362588,-2.57E-03,-0.013362588,-0.988616515,0.149849286
6.007287500000000,-0.932443602,0.343680338,0.034108575,0.104571858,0.034108575,0.104571858,-0.956586251,0.26927542
6.007290000000000,-0.866835209,0.443153682,0.095808252,0.206673695,0.095808252,0.206673695,-0.898900542,0.373852347
6.007292500000000,-0.78522805,0.520040482,0.174405153,0.28681338,0.174405153,0.28681338,-0.823443513,0.457127248
6.007295000000000,-0.696734522,0.573043697,0.260834922,0.343333222,0.260834922,0.343333222,-0.739217205,0.517083554
6.007297500000000,-0.608865222,0.604386117,0.347496442,0.378159922,0.347496442,0.378159922,-0.653901588,0.555348193
6.007300000000001,-0.526624579,0.618121704,0.429223266,0.395151064,0.429223266,0.395151064,-0.572817418,0.575575901
6.007302500000001,-0.452648302,0.618695815,0.503203037,0.398649398,0.503203037,0.398649398,-0.498949708,0.581999798
6.007305000000001,-0.387820992,0.610094491,0.568393284,0.39260741,0.568393284,0.39260741,-0.433497529,0.578532566
6.007307500000000,-0.331942096,0.595510598,0.624868423,0.380227025,0.624868423,0.380227025,-0.376513005,0.568380205
6.007310000000000,-0.284245751,0.577323595,0.673300535,0.363918817,0.673300535,0.363918817,-0.327419098,0.553980707
6.007312500000000,-0.243741355,0.557219487,0.714613929,0.345408545,0.714613929,0.345408545,-0.28535939,0.537096981
6.007315000000000,-0.209409624,0.536347061,0.74978284,0.325885692,0.74978284,0.325885692,-0.249406315,0.518957437
6.007317500000000,-0.180301615,0.515462001,0.77972668,0.30614372,0.77972668,0.30614372,-0.218671502,0.500392163
6.007320000000000,-0.155579656,0.495042791,0.805264501,0.286694393,0.805264501,0.286694393,-0.192355835,0.481945478
6.007322500000001,-0.134526579,0.475377456,0.827102342,0.267854185,0.827102342,0.267854185,-0.169765537,0.463961877
6.007325000000001,-0.116539318,0.456625799,0.845837166,0.249806795,0.845837166,0.249806795,-0.150310693,0.44664872
6.007327500000001,-0.101115975,0.4388629,0.861968079,0.232647169,0.861968079,0.232647169,-0.133495773,0.430120715
6.007330000000001,-0.087841136,0.42210899,0.875909845,0.216411963,0.875909845,0.216411963,-0.118907316,0.414430926
6.007332500000000,-0.076371758,0.406349706,0.888006195,0.20110037,0.888006195,0.20110037,-0.106201436,0.399592132
6.007335000000000,-0.066424613,0.391549694,0.898541856,0.186688219,0.898541856,0.186688219,-0.095092351,0.385591408
6.007337500000000,-0.05776556,0.377661651,0.90775292,0.173137445,0.90775292,0.173137445,-0.085342381,0.372400009
6.007340000000000,-0.050200612,0.364632267,0.915835551,0.160402386,0.915835551,0.160402386,-0.076753487,0.359980009
6.007342500000000,-0.043568588,0.35240607,0.92295318,0.148433922,0.92295318,0.148433922,-0.069160238,0.348288732
6.007345000000000,-0.037735121,0.340927867,0.929242402,0.137182153,0.929242402,0.137182153,-0.062424019,0.337281658
6.007347500000001,-0.032587804,0.330144241,0.934817776,0.126598085,0.934817776,0.126598085,-0.056428293,0.326914306
6.007350000000001,-0.028032252,0.320004418,0.939775727,0.116634657,0.939775727,0.116634657,-0.051074741,0.317143408
6.007352500000001,-0.023988916,0.310460725,0.944197718,0.107247323,0.944197718,0.107247323,-0.046280111,0.307927623
6.007355000000000,-0.020390498,0.301468771,0.948152824,0.098394338,0.948152824,0.098394338,-0.041973652,0.299227921
6.007357500000000,-0.017179849,0.292987469,0.951699839,0.090036857,0.951699839,0.090036857,-0.038095016,0.291007768
6.007360000000000,-0.014308266,0.284978937,0.95488898,0.082138911,0.95488898,0.082138911,-0.034592544,0.283233167
6.007362500000000,-0.011734089,0.277408344,0.9577633,0.074667305,0.9577633,0.074667305,-0.031421858,0.275872613
6.007365000000000,-9.42E-03,0.270243726,0.960359829,0.067591474,0.960359829,0.067591474,-0.028544703,0.268896993
6.007367500000000,-7.34E-03,0.263455772,0.962710534,0.060883316,0.962710534,0.060883316,-0.025927994,0.26227946
6.007370000000001,-5.46E-03,0.257017626,0.964843094,0.054517016,0.964843094,0.054517016,-0.02354302,0.255995284
6.007372500000001,-3.77E-03,0.250904679,0.966781556,0.04846887,0.966781556,0.04846887,-0.021364789,0.250021702
6.007375000000001,-2.23E-03,0.24509438,0.968546872,0.042717109,0.968546872,0.042717109,-0.01937148,0.244337766
6.007377500000000,-8.40E-04,0.239566052,0.970157356,0.037241741,0.970157356,0.037241741,-0.017543983,0.238924201
6.007380000000000,4.2353770493e-4,0.234300725,0.971629056,0.032024395,0.971629056,0.032024395,-0.015865519,0.233763263
6.007382500000000,0.001571751,0.229280984,0.972976078,0.027048179,0.972976078,0.027048179,-0.014321308,0.228838612
6.007385000000000,0.002616828,0.224490826,0.974210851,0.022297549,0.974210851,0.022297549,-0.012898302,0.224135191
6.007387500000000,0.003569163,0.21991553,0.975344357,0.017758193,0.975344357,0.017758193,-0.01158495,0.219639115
6.007390000000000,0.004437942,0.215541544,0.97638632,0.013416915,0.97638632,0.013416915,-0.010371004,0.215337569
6.007392500000001,0.005231301,0.211356379,0.977345373,0.009261544,0.977345373,0.009261544,-9.25E-03,0.211218718
6.007395000000001,0.005956463,0.207348509,0.978229197,0.005280835,0.978229197,0.005280835,-8.21E-03,0.207271619
6.007397500000001,0.006619856,0.203507291,0.979044642,0.001464395,0.979044642,0.001464395,-7.24E-03,0.203486143
6.007400000000001,0.007227208,0.199822882,0.979797828,-2.20E-03,0.979797828,-2.20E-03,-6.34E-03,0.199852911
6.007402500000000,0.007783638,0.19628617,0.980494236,-5.71E-03,0.980494236,-5.71E-03,-5.51E-03,0.196363223
6.007405000000000,0.008293729,0.192888714,0.981138784,-9.09E-03,0.981138784,-9.09E-03,-4.73E-03,0.193009007
6.007407500000000,0.008761588,0.189622679,0.981735891,-0.01234081,0.981735891,-0.01234081,-4.00E-03,0.18978276
6.007410000000000,0.009190909,0.186480792,0.982289538,-0.015466924,0.982289538,-0.015466924,-3.32E-03,0.186677507
6.007412500000000,0.009585014,0.183456288,0.982803317,-0.018477004,0.982803317,-0.018477004,-2.69E-03,0.183686752
6.007415000000000,0.009946899,0.180542872,0.983280474,-0.02137723,0.983280474,-0.02137723,-2.10E-03,0.180804444
6.007417500000001,0.010279268,0.177734682,0.983723945,-0.024173362,0.983723945,-0.024173362,-1.54E-03,0.178024935
6.007420000000001,0.01058457,0.175026245,0.984136396,-0.026870773,0.984136396,-0.026870773,-1.03E-03,0.175342955
6.007422500000001,0.010865019,0.172412457,0.984520245,-0.029474484,0.984520245,-0.029474484,-5.39E-04,0.172753577
6.007425000000000,0.011122627,0.169888546,0.984877691,-0.03198919,0.984877691,-0.03198919,-8.16E-05,0.170252193
6.007427500000000,0.011359219,0.167450048,0.985210739,-0.034419284,0.985210739,-0.034419284,3.4760465268e-4,0.167834487
6.007430000000000,0.011576458,0.165092784,0.985521215,-0.036768879,0.985521215,-0.036768879,7.5107902157e-4,0.165496416
6.007432500000000,0.011775857,0.162812837,0.985810789,-0.039041835,0.985810789,-0.039041835,0.001130614,0.163234185
6.007435000000000,0.011958796,0.160606535,0.986080986,-0.041241771,0.986080986,-0.041241771,0.001487879,0.161044233
6.007437500000000,0.012126536,0.158470427,0.986333204,-0.043372088,0.986333204,-0.043372088,0.001824407,0.158923215
6.007440000000001,0.01228023,0.156401274,0.986568723,-0.045435982,0.986568723,-0.045435982,0.002141605,0.156867982
6.007442500000001,0.012420931,0.154396027,0.98678872,-0.047436461,0.98678872,-0.047436461,0.002440768,0.154875574
6.007445000000001,0.012549607,0.152451818,0.986994275,-0.049376356,0.986994275,-0.049376356,0.00272309,0.152943201
6.007447500000000,0.012667146,0.150565943,0.987186383,-0.051258336,0.987186383,-0.051258336,0.00298967,0.151068232
6.007450000000000,0.01277436,0.148735856,0.987365957,-0.053084916,0.987365957,-0.053084916,0.003241523,0.149248186
6.007452500000000,0.012872,0.146959153,0.987533843,-0.054858473,0.987533843,-0.054858473,0.003479587,0.147480721
6.007455000000000,0.012960753,0.145233563,0.98769082,-0.056581249,0.98769082,-0.056581249,0.00370473,0.145763623
6.007457500000000,0.013041255,0.143556942,0.987837606,-0.058255365,0.987837606,-0.058255365,0.003917757,0.1440948
6.007460000000000,0.01311409,0.141927263,0.987974868,-0.059882825,0.987974868,-0.059882825,0.004119411,0.142472272
6.007462500000001,0.013179799,0.140342606,0.988103221,-0.06146553,0.988103221,-0.06146553,0.004310385,0.140894164
6.007465000000001,0.01323888,0.138801153,0.988223236,-0.063005276,0.988223236,-0.063005276,0.004491319,0.139358699
6.007467500000001,0.013291794,0.137301184,0.988335442,-0.064503769,0.988335442,-0.064503769,0.00466281,0.137864195
6.007470000000001,0.013338966,0.135841065,0.98844033,-0.065962624,0.98844033,-0.065962624,0.004825415,0.136409053
6.007472500000000,0.013380793,0.134419246,0.988538355,-0.067383376,0.988538355,-0.067383376,0.004979648,0.134991756
6.007475000000000,0.013417639,0.133034258,0.988629943,-0.068767481,0.988629943,-0.068767481,0.005125993,0.133610864
6.007477500000000,0.013449844,0.131684703,0.988715487,-0.070116325,0.988715487,-0.070116325,0.005264898,0.132265008
6.007480000000000,0.013477722,0.130369252,0.988795355,-0.071431223,0.988795355,-0.071431223,0.005396783,0.130952884
6.007482500000000,0.013501565,0.129086643,0.988869888,-0.072713428,0.988869888,-0.072713428,0.00552204,0.129673255
6.007485000000000,0.013521646,0.127835672,0.988939407,-0.073964131,0.988939407,-0.073964131,0.005641035,0.12842494
6.007487500000001,0.013538215,0.126615194,0.989004208,-0.075184469,0.989004208,-0.075184469,0.00575411,0.127206815
6.007490000000001,0.013551509,0.125424119,0.98906457,-0.076375524,0.98906457,-0.076375524,0.005861588,0.126017808
6.007492500000001,0.013561745,0.124261407,0.989120753,-0.077538326,0.989120753,-0.077538326,0.005963767,0.124856898
6.007495000000000,0.013569128,0.123126065,0.989172999,-0.078673862,0.989172999,-0.078673862,0.006060931,0.123723109
6.007497500000000,0.013573847,0.122017148,0.989221536,-0.079783069,0.989221536,-0.079783069,0.006153343,0.122615511
6.007500000000000,0.013576079,0.12093375,0.989266576,-0.080866846,0.989266576,-0.080866846,0.006241253,0.121533214
6.007502500000000,0.01357599,0.119875008,0.989308319,-0.081926049,0.989308319,-0.081926049,0.006324893,0.120475369
6.007505000000000,0.013573733,0.118840098,0.989346952,-0.082961498,0.989346952,-0.082961498,0.006404483,0.119441164
6.007507500000000,0.013569452,0.117828229,0.98938265,-0.083973978,0.98938265,-0.083973978,0.006480228,0.11842982
6.007510000000001,0.013563282,0.116838647,0.989415577,-0.084964237,0.989415577,-0.084964237,0.006552324,0.117440595
6.007512500000001,0.01355535,0.11587063,0.989445888,-0.085932995,0.989445888,-0.085932995,0.006620953,0.116472777
6.007515000000001,0.013545772,0.114923485,0.989473729,-0.086880937,0.989473729,-0.086880937,0.006686287,0.115525682
6.007517500000001,0.013534658,0.113996549,0.989499234,-0.087808724,0.989499234,-0.087808724,0.006748489,0.114598658
6.007520000000000,0.013522112,0.113089187,0.989522533,-0.088716987,0.989522533,-0.088716987,0.006807712,0.113691079
6.007522500000000,0.013508231,0.112200789,0.989543746,-0.08960633,0.989543746,-0.08960633,0.006864101,0.112802342
6.007525000000000,0.013493104,0.111330773,0.989562987,-0.090477336,0.989562987,-0.090477336,0.006917792,0.111931872
6.007527500000000,0.013476817,0.110478576,0.989580363,-0.091330562,0.989580363,-0.091330562,0.006968914,0.111079114
6.007530000000000,0.013459449,0.10964366,0.989595974,-0.092166543,0.989595974,-0.092166543,0.007017589,0.110243537
6.007532500000000,0.013441075,0.108825509,0.989609916,-0.092985794,0.989609916,-0.092985794,0.007063934,0.109424632
6.007535000000001,0.013421764,0.108023626,0.989622278,-0.093788808,0.989622278,-0.093788808,0.007108056,0.108621906
6.007537500000001,0.013401582,0.107237533,0.989633145,-0.09457606,0.989633145,-0.09457606,0.007150059,0.107834887
6.007540000000001,0.013380592,0.106466771,0.989642596,-0.095348007,0.989642596,-0.095348007,0.007190041,0.107063124
6.007542500000000,0.01335885,0.1057109,0.989650708,-0.09610509,0.989650708,-0.09610509,0.007228095,0.106306178
6.007545000000000,0.013336411,0.104969493,0.98965755,-0.096847729,0.98965755,-0.096847729,0.007264309,0.105563629
6.007547500000000,0.013313326,0.104242143,0.989663191,-0.097576333,0.989663191,-0.097576333,0.007298766,0.104835074
6.007550000000000,0.013289644,0.103528455,0.989667694,-0.098291293,0.989667694,-0.098291293,0.007331545,0.104120122
6.007552500000000,0.013265408,0.10282805,0.989671119,-0.098992987,0.989671119,-0.098992987,0.007362722,0.103418398
6.007555000000000,0.013240663,0.102140563,0.989673523,-0.099681779,0.989673523,-0.099681779,0.007392368,0.102729541
6.007557500000001,0.013215448,0.101465641,0.98967496,-0.10035802,0.98967496,-0.10035802,0.007420549,0.102053201
6.007560000000001,0.013189799,0.100802946,0.98967548,-0.101022047,0.98967548,-0.101022047,0.007447332,0.101389043
6.007562500000001,0.013163754,0.100152149,0.989675133,-0.101674187,0.989675133,-0.101674187,0.007472777,0.100736742
6.007565000000000,0.013137344,0.099512935,0.989673964,-0.102314755,0.989673964,-0.102314755,0.007496941,0.100095984
6.007567500000000,0.013110601,0.098884998,0.989672016,-0.102944054,0.989672016,-0.102944054,0.007519882,0.099466469
6.007570000000000,0.013083555,0.098268045,0.98966933,-0.103562378,0.98966933,-0.103562378,0.00754165,0.098847903
6.007572500000000,0.013056234,0.09766179,0.989665946,-0.104170011,0.989665946,-0.104170011,0.007562297,0.098240005
6.007575000000000,0.013028662,0.09706596,0.9896619,-0.104767225,0.9896619,-0.104767225,0.007581871,0.097642503
6.007577500000000,0.013000866,0.096480289,0.989657227,-0.105354286,0.989657227,-0.105354286,0.007600416,0.097055133
6.007580000000001,0.012972868,0.09590452,0.989651961,-0.105931448,0.989651961,-0.105931448,0.007617976,0.096477642
6.007582500000001,0.012944689,0.095338406,0.989646133,-0.10649896,0.989646133,-0.10649896,0.007634592,0.095909783
6.007585000000001,0.012916352,0.094781707,0.989639773,-0.107057059,0.989639773,-0.107057059,0.007650305,0.095351318
6.007587500000001,0.012887873,0.094234191,0.98963291,-0.107605978,0.98963291,-0.107605978,0.007665151,0.094802017
6.007590000000000,0.012859273,0.093695634,0.989625571,-0.10814594,0.989625571,-0.10814594,0.007679167,0.094261657
6.007592500000000,0.012830568,0.093165818,0.989617781,-0.108677161,0.989617781,-0.108677161,0.007692387,0.093730023
6.007595000000000,0.012801773,0.092644534,0.989609565,-0.109199852,0.989609565,-0.109199852,0.007704843,0.093206907
6.007597500000000,0.012772906,0.092131577,0.989600946,-0.109714214,0.989600946,-0.109714214,0.007716567,0.092692104
6.007600000000000,0.012743978,0.091626751,0.989591947,-0.110220446,0.989591947,-0.110220446,0.007727588,0.092185421
6.007602500000000,0.012715005,0.091129864,0.989582588,-0.110718738,0.989582588,-0.110718738,0.007737936,0.091686667
6.007605000000001,0.012685999,0.090640731,0.989572888,-0.111209273,0.989572888,-0.111209273,0.007747638,0.091195658
6.007607500000001,0.012656971,0.090159174,0.989562869,-0.111692232,0.989562869,-0.111692232,0.007756719,0.090712215
6.007610000000001,0.012627934,0.089685017,0.989552546,-0.112167787,0.989552546,-0.112167787,0.007765205,0.090236167
6.007612500000000,0.012598896,0.089218093,0.989541938,-0.112636108,0.989541938,-0.112636108,0.007773119,0.089767345
6.007615000000000,0.012569869,0.088758237,0.989531061,-0.113097357,0.989531061,-0.113097357,0.007780484,0.089305586
6.007617500000000,0.012540862,0.088305292,0.989519931,-0.113551693,0.989519931,-0.113551693,0.007787323,0.088850733
6.007620000000000,0.012511883,0.087859102,0.989508562,-0.113999269,0.989508562,-0.113999269,0.007793656,0.088402632
6.007622500000000,0.012482941,0.087419519,0.989496968,-0.114440235,0.989496968,-0.114440235,0.007799503,0.087961135
6.007625000000000,0.012454043,0.086986397,0.989485164,-0.114874736,0.989485164,-0.114874736,0.007804884,0.087526098
6.007627500000001,0.012425197,0.086559596,0.989473162,-0.115302912,0.989473162,-0.115302912,0.007809816,0.087097379
6.007630000000001,0.01239641,0.086138978,0.989460973,-0.1157249,0.989460973,-0.1157249,0.007814318,0.086674844
6.007632500000001,0.012367688,0.085724411,0.989448611,-0.116140833,0.989448611,-0.116140833,0.007818406,0.086258358
6.007635000000001,0.012339036,0.085315764,0.989436085,-0.11655084,0.989436085,-0.11655084,0.007822097,0.085847795
6.007637500000000,0.012310462,0.084912914,0.989423408,-0.116955045,0.989423408,-0.116955045,0.007825407,0.085443029
6.007640000000000,0.012281969,0.084515738,0.989410587,-0.117353572,0.989410587,-0.117353572,0.007828349,0.085043937
6.007642500000000,0.012253563,0.084124116,0.989397634,-0.117746538,0.989397634,-0.117746538,0.007830939,0.084650404
6.007645000000000,0.012225248,0.083737934,0.989384558,-0.118134059,0.989384558,-0.118134059,0.007833189,0.084262312
6.007647500000000,0.012197029,0.08335708,0.989371366,-0.118516247,0.989371366,-0.118516247,0.007835115,0.083879551
6.007650000000000,0.01216891,0.082981444,0.989358068,-0.118893211,0.989358068,-0.118893211,0.007836727,0.083502012
6.007652500000001,0.012140894,0.08261092,0.989344672,-0.119265057,0.989344672,-0.119265057,0.007838038,0.083129588
6.007655000000001,0.012112986,0.082245405,0.989331185,-0.119631888,0.989331185,-0.119631888,0.00783906,0.082762178
6.007657500000001,0.012085187,0.081884799,0.989317614,-0.119993804,0.989317614,-0.119993804,0.007839805,0.082399681
6.007660000000000,0.012057502,0.081529002,0.989303966,-0.120350904,0.989303966,-0.120350904,0.007840282,0.082041998
6.007662500000000,0.012029933,0.081177921,0.989290248,-0.120703283,0.989290248,-0.120703283,0.007840502,0.081689036
6.007665000000000,0.012002483,0.080831461,0.989276466,-0.121051033,0.989276466,-0.121051033,0.007840475,0.081340701
6.007667500000000,0.011975154,0.080489533,0.989262627,-0.121394246,0.989262627,-0.121394246,0.007840211,0.080996904
6.007670000000000,0.011947949,0.080152049,0.989248734,-0.121733008,0.989248734,-0.121733008,0.007839719,0.080657556
6.007672500000000,0.011920868,0.079818923,0.989234796,-0.122067406,0.989234796,-0.122067406,0.007839007,0.080322572
6.007675000000001,0.011893916,0.079490071,0.989220815,-0.122397523,0.989220815,-0.122397523,0.007838085,0.079991869
6.007677500000001,0.011867092,0.079165411,0.989206798,-0.122723442,0.989206798,-0.122723442,0.00783696,0.079665365
6.007680000000001,0.011840399,0.078844864,0.989192749,-0.12304524,0.989192749,-0.12304524,0.00783564,0.079342981
6.007682500000000,0.011813837,0.078528354,0.989178673,-0.123362996,0.989178673,-0.123362996,0.007834134,0.079024639
6.007685000000000,0.01178741,0.078215803,0.989164573,-0.123676785,0.989164573,-0.123676785,0.007832447,0.078710265
6.007687500000000,0.011761116,0.077907139,0.989150455,-0.123986682,0.989150455,-0.123986682,0.007830587,0.078399785
6.007690000000000,0.011734959,0.077602289,0.989136321,-0.124292756,0.989136321,-0.124292756,0.007828561,0.078093126
6.007692500000000,0.011708938,0.077301184,0.989122177,-0.12459508,0.989122177,-0.12459508,0.007826376,0.07779022
6.007695000000000,0.011683054,0.077003754,0.989108024,-0.124893721,0.989108024,-0.124893721,0.007824037,0.077490997
6.007697500000001,0.011657309,0.076709935,0.989093867,-0.125188746,0.989093867,-0.125188746,0.007821551,0.077195392
6.007700000000001,0.011631703,0.076419659,0.989079708,-0.12548022,0.989079708,-0.12548022,0.007818923,0.076903339
6.007702500000001,0.011606235,0.076132864,0.989065552,-0.125768206,0.989065552,-0.125768206,0.007816159,0.076614774
6.007705000000001,0.011580908,0.075849487,0.9890514,-0.126052768,0.9890514,-0.126052768,0.007813264,0.076329637
6.007707500000000,0.011555721,0.075569469,0.989037256,-0.126333964,0.989037256,-0.126333964,0.007810245,0.076047865
6.007710000000000,0.011530675,0.075292749,0.989023122,-0.126611856,0.989023122,-0.126611856,0.007807104,0.0757694
6.007712500000000,0.011505769,0.075019269,0.989009001,-0.126886499,0.989009001,-0.126886499,0.007803849,0.075494184
6.007715000000000,0.011481005,0.074748975,0.988994895,-0.127157952,0.988994895,-0.127157952,0.007800482,0.075222162
6.007717500000000,0.011456381,0.074481809,0.988980806,-0.127426269,0.988980806,-0.127426269,0.007797009,0.074953277
6.007720000000000,0.011431899,0.074217719,0.988966737,-0.127691503,0.988966737,-0.127691503,0.007793433,0.074687475
6.007722500000001,0.011407558,0.073956651,0.98895269,-0.127953709,0.98895269,-0.127953709,0.00778976,0.074424705
6.007725000000001,0.011383358,0.073698555,0.988938667,-0.128212937,0.988938667,-0.128212937,0.007785992,0.074164915
6.007727500000001,0.011359299,0.073443379,0.988924669,-0.128469237,0.988924669,-0.128469237,0.007782135,0.073908054
6.007730000000000,0.011335381,0.073191075,0.988910699,-0.128722659,0.988910699,-0.128722659,0.007778191,0.073654074
6.007732500000000,0.011311603,0.072941594,0.988896758,-0.128973251,0.988896758,-0.128973251,0.007774164,0.073402925
6.007735000000000,0.011287966,0.07269489,0.988882847,-0.12922106,0.988882847,-0.12922106,0.007770059,0.073154562
6.007737500000000,0.011264469,0.072450916,0.988868969,-0.129466132,0.988868969,-0.129466132,0.007765877,0.072908938
6.007740000000000,0.011241112,0.072209628,0.988855124,-0.129708513,0.988855124,-0.129708513,0.007761622,0.072666009
6.007742500000000,0.011217894,0.071970981,0.988841314,-0.129948245,0.988841314,-0.129948245,0.007757298,0.072425729
6.007745000000001,0.011194815,0.071734933,0.988827541,-0.130185372,0.988827541,-0.130185372,0.007752907,0.072188057
6.007747500000001,0.011171875,0.071501441,0.988813805,-0.130419937,0.988813805,-0.130419937,0.007748453,0.07195295
6.007750000000001,0.011149073,0.071270464,0.988800108,-0.13065198,0.988800108,-0.13065198,0.007743937,0.071720366
6.007752500000000,0.011126408,0.071041962,0.988786451,-0.130881543,0.988786451,-0.130881543,0.007739364,0.071490267
6.007755000000000,0.011103881,0.070815895,0.988772835,-0.131108664,0.988772835,-0.131108664,0.007734735,0.071262611
6.007757500000000,0.01108149,0.070592224,0.988759261,-0.131333382,0.988759261,-0.131333382,0.007730053,0.07103736
6.007760000000000,0.011059235,0.070370912,0.98874573,-0.131555735,0.98874573,-0.131555735,0.00772532,0.070814477
6.007762500000000,0.011037116,0.070151922,0.988732242,-0.13177576,0.988732242,-0.13177576,0.007720539,0.070593924
6.007765000000000,0.011015132,0.069935218,0.988718799,-0.131993493,0.988718799,-0.131993493,0.007715712,0.070375666
6.007767500000001,0.010993282,0.069720763,0.988705401,-0.132208971,0.988705401,-0.132208971,0.007710841,0.070159666
6.007770000000001,0.010971565,0.069508523,0.98869205,-0.132422228,0.98869205,-0.132422228,0.007705929,0.06994589
6.007772500000001,0.010949982,0.069298465,0.988678745,-0.132633297,0.988678745,-0.132633297,0.007700976,0.069734303
6.007775000000001,0.010928531,0.069090554,0.988665488,-0.132842213,0.988665488,-0.132842213,0.007695987,0.069524873
6.007777500000000,0.010907211,0.068884758,0.988652278,-0.133049008,0.988652278,-0.133049008,0.007690961,0.069317566
6.007780000000000,0.010886022,0.068681044,0.988639118,-0.133253714,0.988639118,-0.133253714,0.007685902,0.069112351
6.007782500000000,0.010864964,0.068479382,0.988626006,-0.133456363,0.988626006,-0.133456363,0.00768081,0.068909196
6.007785000000000,0.010844035,0.068279741,0.988612944,-0.133656985,0.988612944,-0.133656985,0.007675688,0.068708069
6.007787500000000,0.010823234,0.068082091,0.988599933,-0.133855611,0.988599933,-0.133855611,0.007670537,0.068508942
6.007790000000000,0.010802562,0.067886401,0.988586972,-0.134052271,0.988586972,-0.134052271,0.007665359,0.068311785
6.007792500000001,0.010782017,0.067692643,0.988574061,-0.134246993,0.988574061,-0.134246993,0.007660156,0.068116567
6.007795000000001,0.010761599,0.067500789,0.988561202,-0.134439805,0.988561202,-0.134439805,0.007654928,0.067923261
6.007797500000001,0.010741306,0.06731081,0.988548395,-0.134630737,0.988548395,-0.134630737,0.007649678,0.06773184
6.007800000000000,0.010721138,0.06712268,0.98853564,-0.134819814,0.98853564,-0.134819814,0.007644406,0.067542275
6.007802500000000,0.010701095,0.066936371,0.988522937,-0.135007064,0.988522937,-0.135007064,0.007639114,0.06735454
6.007805000000000,0.010681175,0.066751857,0.988510287,-0.135192514,0.988510287,-0.135192514,0.007633804,0.067168608
6.007807500000000,0.010661377,0.066569113,0.988497689,-0.135376189,0.988497689,-0.135376189,0.007628476,0.066984454
6.007810000000000,0.010641702,0.066388113,0.988485144,-0.135558114,0.988485144,-0.135558114,0.007623133,0.066802052
6.007812500000000,0.010622147,0.066208832,0.988472653,-0.135738314,0.988472653,-0.135738314,0.007617774,0.066621378
6.007815000000001,0.010602713,0.066031247,0.988460215,-0.135916814,0.988460215,-0.135916814,0.007612401,0.066442406
6.007817500000001,0.010583398,0.065855332,0.98844783,-0.136093638,0.98844783,-0.136093638,0.007607016,0.066265114
6.007820000000001,0.010564203,0.065681065,0.988435499,-0.136268808,0.988435499,-0.136268808,0.007601619,0.066089478
6.007822500000001,0.010545125,0.065508423,0.988423221,-0.136442349,0.988423221,-0.136442349,0.007596211,0.065915474
6.007825000000000,0.010526164,0.065337382,0.988410998,-0.136614283,0.988410998,-0.136614283,0.007590794,0.06574308
6.007827500000000,0.010507319,0.065167922,0.988398828,-0.136784631,0.988398828,-0.136784631,0.007585368,0.065572273
6.007830000000000,0.01048859,0.06500002,0.988386713,-0.136953416,0.988386713,-0.136953416,0.007579934,0.065403033
6.007832500000000,0.010469976,0.064833655,0.988374651,-0.13712066,0.988374651,-0.13712066,0.007574493,0.065235337
6.007835000000000,0.010451475,0.064668805,0.988362644,-0.137286382,0.988362644,-0.137286382,0.007569046,0.065069165
6.007837500000000,0.010433088,0.064505451,0.98835069,-0.137450605,0.98835069,-0.137450605,0.007563594,0.064904496
6.007840000000001,0.010414813,0.064343571,0.988338791,-0.137613347,0.988338791,-0.137613347,0.007558137,0.064741309
6.007842500000001,0.010396649,0.064183147,0.988326945,-0.137774629,0.988326945,-0.137774629,0.007552677,0.064579585
6.007845000000001,0.010378597,0.064024158,0.988315154,-0.137934471,0.988315154,-0.137934471,0.007547214,0.064419304
6.007847500000000,0.010360654,0.063866586,0.988303416,-0.138092891,0.988303416,-0.138092891,0.007541749,0.064260447
6.007850000000000,0.01034282,0.063710412,0.988291733,-0.138249909,0.988291733,-0.138249909,0.007536282,0.064102996
6.007852500000000,0.010325095,0.063555616,0.988280103,-0.138405543,0.988280103,-0.138405543,0.007530814,0.06394693
6.007855000000000,0.010307477,0.063402182,0.988268527,-0.138559812,0.988268527,-0.138559812,0.007525347,0.063792233
6.007857500000000,0.010289966,0.063250091,0.988257005,-0.138712732,0.988257005,-0.138712732,0.007519879,0.063638887
6.007860000000000,0.010272561,0.063099325,0.988245537,-0.138864322,0.988245537,-0.138864322,0.007514413,0.063486873
6.007862500000001,0.010255262,0.062949868,0.988234122,-0.1390146,0.988234122,-0.1390146,0.007508949,0.063336175
6.007865000000001,0.010238066,0.062801702,0.988222761,-0.139163581,0.988222761,-0.139163581,0.007503486,0.063186776
6.007867500000001,0.010220975,0.062654811,0.988211453,-0.139311283,0.988211453,-0.139311283,0.007498027,0.063038658
6.007870000000000,0.010203986,0.062509179,0.988200198,-0.139457722,0.988200198,-0.139457722,0.007492571,0.062891806
6.007872500000000,0.0101871,0.062364788,0.988188996,-0.139602914,0.988188996,-0.139602914,0.007487118,0.062746203
6.007875000000000,0.010170314,0.062221625,0.988177847,-0.139746875,0.988177847,-0.139746875,0.00748167,0.062601834
6.007877500000000,0.01015363,0.062079672,0.988166751,-0.13988962,0.988166751,-0.13988962,0.007476227,0.062458683
6.007880000000000,0.010137045,0.061938915,0.988155707,-0.140031166,0.988155707,-0.140031166,0.007470789,0.062316734
6.007882500000000,0.01012056,0.061799339,0.988144717,-0.140171527,0.988144717,-0.140171527,0.007465357,0.062175973
6.007885000000001,0.010104173,0.061660928,0.988133778,-0.140310717,0.988133778,-0.140310717,0.00745993,0.062036385
6.007887500000001,0.010087883,0.061523669,0.988122892,-0.140448752,0.988122892,-0.140448752,0.007454511,0.061897955
6.007890000000001,0.010071691,0.061387548,0.988112057,-0.140585645,0.988112057,-0.140585645,0.007449098,0.061760668
6.007892500000001,0.010055594,0.061252549,0.988101275,-0.140721411,0.988101275,-0.140721411,0.007443692,0.061624511
6.007895000000000,0.010039594,0.061118659,0.988090544,-0.140856064,0.988090544,-0.140856064,0.007438294,0.06148947
6.007897500000000,0.010023687,0.060985865,0.988079864,-0.140989617,0.988079864,-0.140989617,0.007432904,0.061355531
6.007900000000000,0.010007875,0.060854153,0.988069236,-0.141122084,0.988069236,-0.141122084,0.007427523,0.061222681
6.007902500000000,0.009992156,0.060723511,0.988058659,-0.141253477,0.988058659,-0.141253477,0.00742215,0.061090907
6.007905000000000,0.00997653,0.060593924,0.988048132,-0.141383811,0.988048132,-0.141383811,0.007416786,0.060960195
6.007907500000000,0.009960996,0.060465381,0.988037657,-0.141513097,0.988037657,-0.141513097,0.007411431,0.060830532
6.007910000000001,0.009945552,0.060337868,0.988027232,-0.141641348,0.988027232,-0.141641348,0.007406086,0.060701907
6.007912500000001,0.0099302,0.060211375,0.988016857,-0.141768577,0.988016857,-0.141768577,0.007400751,0.060574307
6.007915000000001,0.009914937,0.060085887,0.988006532,-0.141894795,0.988006532,-0.141894795,0.007395426,0.060447719
6.007917500000000,0.009899763,0.059961394,0.987996257,-0.142020015,0.987996257,-0.142020015,0.007390111,0.060322132
6.007920000000000,0.009884677,0.059837884,0.987986032,-0.142144249,0.987986032,-0.142144249,0.007384807,0.060197534
6.007922500000000,0.00986968,0.059715344,0.987975856,-0.142267508,0.987975856,-0.142267508,0.007379514,0.060073913
6.007925000000000,0.009854769,0.059593765,0.987965729,-0.142389803,0.987965729,-0.142389803,0.007374232,0.059951258
6.007927500000000,0.009839945,0.059473134,0.987955651,-0.142511146,0.987955651,-0.142511146,0.007368961,0.059829557
6.007930000000000,0.009825207,0.05935344,0.987945622,-0.142631548,0.987945622,-0.142631548,0.007363702,0.059708799
6.007932500000001,0.009810553,0.059234673,0.987935641,-0.14275102,0.987935641,-0.14275102,0.007358454,0.059588975
6.007935000000001,0.009795984,0.059116822,0.987925709,-0.142869572,0.987925709,-0.142869572,0.007353219,0.059470071
6.007937500000001,0.009781499,0.058999876,0.987915824,-0.142987215,0.987915824,-0.142987215,0.007347996,0.059352079
6.007940000000001,0.009767098,0.058883824,0.987905988,-0.14310396,0.987905988,-0.14310396,0.007342785,0.059234988
6.007942500000000,0.009752778,0.058768658,0.987896199,-0.143219816,0.987896199,-0.143219816,0.007337586,0.059118787
6.007945000000000,0.009738541,0.058654366,0.987886458,-0.143334794,0.987886458,-0.143334794,0.0073324,0.059003467
6.007947500000000,0.009724384,0.058540939,0.987876763,-0.143448904,0.987876763,-0.143448904,0.007327227,0.058889017
6.007950000000000,0.009710309,0.058428367,0.987867116,-0.143562156,0.987867116,-0.143562156,0.007322067,0.058775428
6.007952500000000,0.009696313,0.05831664,0.987857515,-0.143674559,0.987857515,-0.143674559,0.00731692,0.058662689
6.007955000000000,0.009682397,0.05820575,0.98784796,-0.143786122,0.98784796,-0.143786122,0.007311786,0.058550792
6.007957500000001,0.00966856,0.058095685,0.987838452,-0.143896856,0.987838452,-0.143896856,0.007306666,0.058439727
6.007960000000001,0.009654801,0.057986438,0.987828989,-0.144006768,0.987828989,-0.144006768,0.007301559,0.058329485
6.007962500000001,0.009641119,0.057877999,0.987819573,-0.14411587,0.987819573,-0.14411587,0.007296466,0.058220056
6.007965000000000,0.009627515,0.05777036,0.987810201,-0.144224168,0.987810201,-0.144224168,0.007291386,0.058111433
6.007967500000000,0.009613987,0.057663511,0.987800875,-0.144331673,0.987800875,-0.144331673,0.007286321,0.058003605
6.007970000000000,0.009600535,0.057557444,0.987791594,-0.144438392,0.987791594,-0.144438392,0.007281269,0.057896564
6.007972500000000,0.009587158,0.05745215,0.987782358,-0.144544335,0.987782358,-0.144544335,0.007276231,0.057790302
6.007975000000000,0.009573855,0.057347621,0.987773166,-0.14464951,0.987773166,-0.14464951,0.007271208,0.05768481
6.007977500000000,0.009560627,0.057243849,0.987764018,-0.144753925,0.987764018,-0.144753925,0.007266198,0.05758008
6.007980000000001,0.009547473,0.057140826,0.987754915,-0.144857589,0.987754915,-0.144857589,0.007261203,0.057476104
6.007982500000001,0.009534391,0.057038542,0.987745855,-0.144960509,0.987745855,-0.144960509,0.007256223,0.057372873
6.007985000000001,0.009521382,0.056936991,0.987736838,-0.145062693,0.987736838,-0.145062693,0.007251257,0.05727038
6.007987500000000,0.009508445,0.056836165,0.987727865,-0.14516415,0.987727865,-0.14516415,0.007246305,0.057168616
6.007990000000000,0.009495579,0.056736055,0.987718935,-0.145264887,0.987718935,-0.145264887,0.007241368,0.057067574
6.007992500000000,0.009482784,0.056636655,0.987710048,-0.145364911,0.987710048,-0.145364911,0.007236446,0.056967246
6.007995000000000,0.009470059,0.056537957,0.987701203,-0.145464231,0.987701203,-0.145464231,0.007231538,0.056867626
6.007997500000000,0.009457404,0.056439952,0.987692401,-0.145562853,0.987692401,-0.145562853,0.007226645,0.056768704
6.008000000000000,0.009444818,0.056342635,0.987683641,-0.145660785,0.987683641,-0.145660785,0.007221767,0.056670475
6.008002500000001,0.009432301,0.056245998,0.987674922,-0.145758035,0.987674922,-0.145758035,0.007216904,0.05657293
6.008005000000001,0.009419852,0.056150034,0.987666246,-0.145854608,0.987666246,-0.145854608,0.007212056,0.056476062
6.008007500000001,0.009407471,0.056054735,0.98765761,-0.145950513,0.98765761,-0.145950513,0.007207223,0.056379866
6.008010000000001,0.009395157,0.055960095,0.987649016,-0.146045757,0.987649016,-0.146045757,0.007202405,0.056284333
6.008012500000000,0.00938291,0.055866108,0.987640463,-0.146140345,0.987640463,-0.146140345,0.007197601,0.056189456
6.008015000000000,0.009370728,0.055772766,0.98763195,-0.146234285,0.98763195,-0.146234285,0.007192813,0.05609523
6.008017500000000,0.009358613,0.055680062,0.987623478,-0.146327583,0.987623478,-0.146327583,0.00718804,0.056001647
6.008020000000000,0.009346562,0.055587991,0.987615046,-0.146420247,0.987615046,-0.146420247,0.007183282,0.055908701
6.008022500000000,0.009334577,0.055496545,0.987606654,-0.146512282,0.987606654,-0.146512282,0.007178539,0.055816386
6.008025000000000,0.009322655,0.055405719,0.987598301,-0.146603695,0.987598301,-0.146603695,0.007173812,0.055724694
6.008027500000001,0.009310797,0.055315506,0.987589988,-0.146694491,0.987589988,-0.146694491,0.007169099,0.05563362
6.008030000000001,0.009299003,0.0552259,0.987581715,-0.146784679,0.987581715,-0.146784679,0.007164402,0.055543158
6.008032500000001,0.009287271,0.055136895,0.98757348,-0.146874262,0.98757348,-0.146874262,0.00715972,0.0554533
6.008035000000000,0.009275601,0.055048485,0.987565284,-0.146963248,0.987565284,-0.146963248,0.007155053,0.055364042
6.008037500000000,0.009263994,0.054960664,0.987557127,-0.147051643,0.987557127,-0.147051643,0.007150401,0.055275378
6.008040000000000,0.009252447,0.054873426,0.987549009,-0.147139451,0.987549009,-0.147139451,0.007145765,0.055187301
6.008042500000000,0.009240962,0.054786765,0.987540928,-0.14722668,0.987540928,-0.14722668,0.007141143,0.055099805
6.008045000000000,0.009229537,0.054700675,0.987532885,-0.147313335,0.987532885,-0.147313335,0.007136537,0.055012886
6.008047500000000,0.009218172,0.054615152,0.98752488,-0.147399421,0.98752488,-0.147399421,0.007131946,0.054926536
6.008050000000001,0.009206867,0.054530189,0.987516913,-0.147484944,0.987516913,-0.147484944,0.007127371,0.054840751
6.008052500000001,0.009195621,0.054445781,0.987508982,-0.14756991,0.987508982,-0.14756991,0.007122811,0.054755525
6.008055000000001,0.009184433,0.054361922,0.987501089,-0.147654324,0.987501089,-0.147654324,0.007118265,0.054670853
6.008057500000000,0.009173304,0.054278608,0.987493232,-0.147738191,0.987493232,-0.147738191,0.007113735,0.05458673
6.008060000000000,0.009162233,0.054195832,0.987485412,-0.147821517,0.987485412,-0.147821517,0.007109221,0.054503149
6.008062500000000,0.009151219,0.05411359,0.987477629,-0.147904306,0.987477629,-0.147904306,0.007104721,0.054420106
6.008065000000000,0.009140262,0.054031877,0.987469881,-0.147986565,0.987469881,-0.147986565,0.007100237,0.054337595
6.008067500000000,0.009129362,0.053950687,0.98746217,-0.148068298,0.98746217,-0.148068298,0.007095767,0.054255612
6.008070000000000,0.009118518,0.053870015,0.987454494,-0.14814951,0.987454494,-0.14814951,0.007091313,0.054174152
6.008072500000001,0.00910773,0.053789857,0.987446854,-0.148230206,0.987446854,-0.148230206,0.007086874,0.054093209
6.008075000000001,0.009096997,0.053710207,0.987439249,-0.148310391,0.987439249,-0.148310391,0.007082451,0.054012778
6.008077500000001,0.009086319,0.053631062,0.987431679,-0.14839007,0.987431679,-0.14839007,0.007078042,0.053932855
6.008080000000001,0.009075696,0.053552415,0.987424144,-0.148469248,0.987424144,-0.148469248,0.007073648,0.053853435
6.008082500000000,0.009065127,0.053474263,0.987416643,-0.148547929,0.987416643,-0.148547929,0.007069269,0.053774513
6.008085000000000,0.009054611,0.0533966,0.987409177,-0.148626118,0.987409177,-0.148626118,0.007064906,0.053696085
6.008087500000000,0.009044149,0.053319423,0.987401745,-0.14870382,0.987401745,-0.14870382,0.007060557,0.053618146
6.008090000000000,0.00903374,0.053242726,0.987394348,-0.148781038,0.987394348,-0.148781038,0.007056223,0.053540691
6.008092500000000,0.009023384,0.053166505,0.987386984,-0.148857779,0.987386984,-0.148857779,0.007051904,0.053463716
6.008095000000000,0.00901308,0.053090755,0.987379654,-0.148934045,0.987379654,-0.148934045,0.0070476,0.053387216
6.008097500000001,0.009002828,0.053015474,0.987372357,-0.149009842,0.987372357,-0.149009842,0.007043311,0.053311187
6.008100000000001,0.008992627,0.052940655,0.987365093,-0.149085174,0.987365093,-0.149085174,0.007039037,0.053235625
6.008102500000001,0.008982478,0.052866295,0.987357863,-0.149160045,0.987357863,-0.149160045,0.007034778,0.053160526
6.008105000000000,0.008972379,0.052792389,0.987350665,-0.149234459,0.987350665,-0.149234459,0.007030533,0.053085884
6.008107500000000,0.00896233,0.052718934,0.9873435,-0.149308421,0.9873435,-0.149308421,0.007026303,0.053011697
6.008110000000000,0.008952332,0.052645925,0.987336367,-0.149381934,0.987336367,-0.149381934,0.007022088,0.052937959
6.008112500000000,0.008942384,0.052573358,0.987329267,-0.149455003,0.987329267,-0.149455003,0.007017888,0.052864668
6.008115000000000,0.008932484,0.05250123,0.987322198,-0.149527631,0.987322198,-0.149527631,0.007013702,0.052791818
6.008117500000000,0.008922634,0.052429536,0.987315162,-0.149599823,0.987315162,-0.149599823,0.007009531,0.052719406
6.008120000000001,0.008912832,0.052358272,0.987308157,-0.149671583,0.987308157,-0.149671583,0.007005374,0.052647427
6.008122500000001,0.008903079,0.052287435,0.987301183,-0.149742914,0.987301183,-0.149742914,0.007001232,0.052575879
6.008125000000001,0.008893374,0.052217021,0.987294241,-0.14981382,0.987294241,-0.14981382,0.006997105,0.052504757
6.008127500000001,0.008883716,0.052147025,0.98728733,-0.149884305,0.98728733,-0.149884305,0.006992992,0.052434057
6.008130000000000,0.008874106,0.052077445,0.98728045,-0.149954374,0.98728045,-0.149954374,0.006988893,0.052363776
6.008132500000000,0.008864542,0.052008276,0.9872736,-0.150024028,0.9872736,-0.150024028,0.006984809,0.052293909
6.008135000000000,0.008855025,0.051939515,0.987266781,-0.150093273,0.987266781,-0.150093273,0.006980739,0.052224454
6.008137500000000,0.008845555,0.051871159,0.987259993,-0.150162111,0.987259993,-0.150162111,0.006976683,0.052155407
6.008140000000000,0.00883613,0.051803203,0.987253234,-0.150230547,0.987253234,-0.150230547,0.006972642,0.052086763
6.008142500000000,0.008826752,0.051735644,0.987246506,-0.150298583,0.987246506,-0.150298583,0.006968615,0.05201852
6.008145000000001,0.008817418,0.051668479,0.987239807,-0.150366224,0.987239807,-0.150366224,0.006964602,0.051950674
6.008147500000001,0.00880813,0.051601705,0.987233138,-0.150433473,0.987233138,-0.150433473,0.006960603,0.051883222
6.008150000000001,0.008798886,0.051535317,0.987226499,-0.150500332,0.987226499,-0.150500332,0.006956618,0.05181616
6.008152500000000,0.008789687,0.051469313,0.987219889,-0.150566806,0.987219889,-0.150566806,0.006952647,0.051749484
6.008155000000000,0.008780532,0.05140369,0.987213307,-0.150632899,0.987213307,-0.150632899,0.00694869,0.051683192
6.008157500000000,0.00877142,0.051338443,0.987206755,-0.150698612,0.987206755,-0.150698612,0.006944748,0.051617281
6.008160000000000,0.008762352,0.05127357,0.987200232,-0.150763949,0.987200232,-0.150763949,0.006940819,0.051551746
6.008162500000000,0.008753328,0.051209068,0.987193737,-0.150828914,0.987193737,-0.150828914,0.006936904,0.051486584
6.008165000000000,0.008744346,0.051144933,0.98718727,-0.15089351,0.98718727,-0.15089351,0.006933003,0.051421794
6.008167500000001,0.008735407,0.051081162,0.987180832,-0.15095774,0.987180832,-0.15095774,0.006929115,0.05135737
6.008170000000001,0.00872651,0.051017753,0.987174422,-0.151021607,0.987174422,-0.151021607,0.006925241,0.051293311
6.008172500000001,0.008717655,0.050954701,0.987168039,-0.151085114,0.987168039,-0.151085114,0.006921381,0.051229613
6.008175000000000,0.008708842,0.050892005,0.987161685,-0.151148264,0.987161685,-0.151148264,0.006917535,0.051166273
6.008177500000000,0.008700071,0.050829661,0.987155357,-0.15121106,0.987155357,-0.15121106,0.006913702,0.051103288
6.008180000000000,0.00869134,0.050767666,0.987149058,-0.151273505,0.987149058,-0.151273505,0.006909883,0.051040655
6.008182500000000,0.008682651,0.050706017,0.987142785,-0.151335603,0.987142785,-0.151335603,0.006906077,0.050978371
6.008185000000000,0.008674002,0.050644712,0.98713654,-0.151397355,0.98713654,-0.151397355,0.006902285,0.050916434
6.008187500000000,0.008665393,0.050583747,0.987130322,-0.151458765,0.987130322,-0.151458765,0.006898506,0.05085484
6.008190000000001,0.008656825,0.05052312,0.98712413,-0.151519836,0.98712413,-0.151519836,0.00689474,0.050793587
6.008192500000001,0.008648297,0.050462827,0.987117965,-0.15158057,0.987117965,-0.15158057,0.006890988,0.050732671
6.008195000000001,0.008639808,0.050402867,0.987111826,-0.15164097,0.987111826,-0.15164097,0.006887249,0.05067209
6.008197500000001,0.008631358,0.050343236,0.987105714,-0.151701039,0.987105714,-0.151701039,0.006883523,0.050611842
6.008200000000000,0.008622947,0.050283932,0.987099628,-0.15176078,0.987099628,-0.15176078,0.006879811,0.050551923
6.008202500000000,0.008614575,0.050224951,0.987093567,-0.151820196,0.987093567,-0.151820196,0.006876111,0.05049233
6.008205000000000,0.008606242,0.050166292,0.987087533,-0.151879288,0.987087533,-0.151879288,0.006872425,0.050433062
6.008207500000000,0.008597947,0.050107952,0.987081524,-0.15193806,0.987081524,-0.15193806,0.006868751,0.050374115
6.008210000000000,0.008589689,0.050049928,0.987075541,-0.151996514,0.987075541,-0.151996514,0.006865091,0.050315487
6.008212500000000,0.00858147,0.049992218,0.987069583,-0.152054653,0.987069583,-0.152054653,0.006861443,0.050257176
6.008215000000001,0.008573288,0.049934818,0.98706365,-0.15211248,0.98706365,-0.15211248,0.006857808,0.050199178
6.008217500000001,0.008565143,0.049877727,0.987057743,-0.152169996,0.987057743,-0.152169996,0.006854186,0.050141491
6.008220000000001,0.008557035,0.049820942,0.98705186,-0.152227205,0.98705186,-0.152227205,0.006850577,0.050084113
6.008222500000000,0.008548964,0.049764461,0.987046002,-0.152284109,0.987046002,-0.152284109,0.006846981,0.050027042
6.008225000000000,0.00854093,0.049708281,0.987040169,-0.152340709,0.987040169,-0.152340709,0.006843397,0.049970274
6.008227500000000,0.008532932,0.049652399,0.98703436,-0.15239701,0.98703436,-0.15239701,0.006839826,0.049913807
6.008230000000000,0.00852497,0.049596814,0.987028575,-0.152453013,0.987028575,-0.152453013,0.006836267,0.04985764
6.008232500000000,0.008517043,0.049541523,0.987022815,-0.15250872,0.987022815,-0.15250872,0.006832721,0.049801769
6.008235000000000,0.008509153,0.049486524,0.987017079,-0.152564133,0.987017079,-0.152564133,0.006829187,0.049746192
6.008237500000001,0.008501297,0.049431814,0.987011366,-0.152619256,0.987011366,-0.152619256,0.006825666,0.049690908
6.008240000000001,0.008493477,0.049377392,0.987005678,-0.152674091,0.987005678,-0.152674091,0.006822157,0.049635913
6.008242500000001,0.008485691,0.049323254,0.987000013,-0.152728639,0.987000013,-0.152728639,0.006818661,0.049581205
6.008245000000001,0.008477941,0.049269399,0.986994371,-0.152782902,0.986994371,-0.152782902,0.006815176,0.049526783
6.008247500000000,0.008470224,0.049215824,0.986988753,-0.152836884,0.986988753,-0.152836884,0.006811704,0.049472643
6.008250000000000,0.008462542,0.049162528,0.986983158,-0.152890586,0.986983158,-0.152890586,0.006808245,0.049418785
6.008252500000000,0.008454894,0.049109508,0.986977586,-0.152944011,0.986977586,-0.152944011,0.006804797,0.049365205
6.008255000000000,0.00844728,0.049056761,0.986972037,-0.15299716,0.986972037,-0.15299716,0.006801361,0.049311901
6.008257500000000,0.008439699,0.049004287,0.986966511,-0.153050036,0.986966511,-0.153050036,0.006797938,0.049258871
6.008260000000000,0.008432151,0.048952082,0.986961008,-0.153102641,0.986961008,-0.153102641,0.006794526,0.049206114
6.008262500000001,0.008424637,0.048900145,0.986955527,-0.153154976,0.986955527,-0.153154976,0.006791126,0.049153627
6.008265000000001,0.008417155,0.048848474,0.986950069,-0.153207045,0.986950069,-0.153207045,0.006787738,0.049101408
6.008267500000001,0.008409707,0.048797066,0.986944633,-0.153258849,0.986944633,-0.153258849,0.006784362,0.049049454
6.008270000000000,0.00840229,0.04874592,0.986939219,-0.153310389,0.986939219,-0.153310389,0.006780998,0.048997765
6.008272500000000,0.008394906,0.048695034,0.986933827,-0.153361669,0.986933827,-0.153361669,0.006777646,0.048946338
6.008275000000000,0.008387554,0.048644405,0.986928457,-0.15341269,0.986928457,-0.15341269,0.006774305,0.04889517
6.008277500000000,0.008380234,0.048594031,0.986923109,-0.153463453,0.986923109,-0.153463453,0.006770976,0.048844261
6.008280000000000,0.008372946,0.048543912,0.986917782,-0.153513962,0.986917782,-0.153513962,0.006767658,0.048793607
6.008282500000000,0.008365689,0.048494044,0.986912477,-0.153564217,0.986912477,-0.153564217,0.006764352,0.048743208
6.008285000000001,0.008358464,0.048444426,0.986907194,-0.153614221,0.986907194,-0.153614221,0.006761057,0.048693061
6.008287500000001,0.008351269,0.048395057,0.986901931,-0.153663976,0.986901931,-0.153663976,0.006757774,0.048643164
6.008290000000001,0.008344106,0.048345933,0.98689669,-0.153713483,0.98689669,-0.153713483,0.006754502,0.048593516
6.008292500000000,0.008336973,0.048297054,0.98689147,-0.153762745,0.98689147,-0.153762745,0.006751242,0.048544114
6.008295000000000,0.00832987,0.048248418,0.986886271,-0.153811763,0.986886271,-0.153811763,0.006747993,0.048494957
6.008297500000000,0.008322798,0.048200022,0.986881093,-0.153860538,0.986881093,-0.153860538,0.006744755,0.048446043
6.008300000000000,0.008315756,0.048151865,0.986875935,-0.153909074,0.986875935,-0.153909074,0.006741528,0.04839737
6.008302500000000,0.008308744,0.048103946,0.986870798,-0.153957371,0.986870798,-0.153957371,0.006738313,0.048348937
6.008305000000000,0.008301762,0.048056262,0.986865682,-0.154005431,0.986865682,-0.154005431,0.006735108,0.048300741
6.008307500000001,0.008294809,0.048008811,0.986860585,-0.154053256,0.986860585,-0.154053256,0.006731915,0.048252781
6.008310000000001,0.008287886,0.047961593,0.986855509,-0.154100848,0.986855509,-0.154100848,0.006728733,0.048205055
6.008312500000001,0.008280992,0.047914605,0.986850453,-0.154148208,0.986850453,-0.154148208,0.006725561,0.048157562
6.008315000000001,0.008274127,0.047867846,0.986845417,-0.154195339,0.986845417,-0.154195339,0.006722401,0.048110299
6.008317500000000,0.008267291,0.047821313,0.986840401,-0.154242241,0.986840401,-0.154242241,0.006719251,0.048063266
6.008320000000000,0.008260483,0.047775006,0.986835405,-0.154288917,0.986835405,-0.154288917,0.006716113,0.04801646
6.008322500000000,0.008253704,0.047728923,0.986830428,-0.154335368,0.986830428,-0.154335368,0.006712985,0.047969879
6.008325000000000,0.008246953,0.047683062,0.986825471,-0.154381595,0.986825471,-0.154381595,0.006709867,0.047923523
6.008327500000000,0.008240231,0.047637421,0.986820534,-0.154427601,0.986820534,-0.154427601,0.006706761,0.047877389
6.008330000000000,0.008233536,0.047591999,0.986815616,-0.154473387,0.986815616,-0.154473387,0.006703665,0.047831477
6.008332500000001,0.008226869,0.047546795,0.986810716,-0.154518954,0.986810716,-0.154518954,0.00670058,0.047785783
6.008335000000001,0.00822023,0.047501806,0.986805837,-0.154564304,0.986805837,-0.154564304,0.006697505,0.047740308
6.008337500000001,0.008213618,0.047457032,0.986800976,-0.154609439,0.986800976,-0.154609439,0.006694441,0.047695048
6.008340000000000,0.008207034,0.04741247,0.986796134,-0.15465436,0.986796134,-0.15465436,0.006691387,0.047650003
6.008342500000000,0.008200477,0.04736812,0.98679131,-0.154699069,0.98679131,-0.154699069,0.006688343,0.047605172
6.008345000000000,0.008193946,0.047323979,0.986786506,-0.154743567,0.986786506,-0.154743567,0.00668531,0.047560552
6.008347500000000,0.008187443,0.047280046,0.98678172,-0.154787855,0.98678172,-0.154787855,0.006682288,0.047516142
6.008350000000000,0.008180966,0.04723632,0.986776952,-0.154831936,0.986776952,-0.154831936,0.006679275,0.047471941
6.008352500000000,0.008174516,0.0471928,0.986772203,-0.15487581,0.986772203,-0.15487581,0.006676273,0.047427947
6.008355000000001,0.008168092,0.047149483,0.986767473,-0.154919479,0.986767473,-0.154919479,0.006673281,0.047384159
6.008357500000001,0.008161694,0.047106369,0.98676276,-0.154962945,0.98676276,-0.154962945,0.006670299,0.047340575
6.008360000000001,0.008155322,0.047063455,0.986758065,-0.155006208,0.986758065,-0.155006208,0.006667327,0.047297195
6.008362500000000,0.008148976,0.047020742,0.986753389,-0.155049271,0.986753389,-0.155049271,0.006664366,0.047254015
6.008365000000000,0.008142656,0.046978226,0.98674873,-0.155092135,0.98674873,-0.155092135,0.006661414,0.047211036
6.008367500000000,0.008136361,0.046935908,0.986744089,-0.1551348,0.986744089,-0.1551348,0.006658472,0.047168255
6.008370000000000,0.008130092,0.046893785,0.986739466,-0.155177269,0.986739466,-0.155177269,0.006655541,0.047125672
6.008372500000000,0.008123848,0.046851856,0.986734861,-0.155219543,0.986734861,-0.155219543,0.006652619,0.047083285
6.008375000000000,0.008117629,0.046810119,0.986730273,-0.155261623,0.986730273,-0.155261623,0.006649707,0.047041092
6.008377500000001,0.008111435,0.046768575,0.986725702,-0.155303511,0.986725702,-0.155303511,0.006646804,0.046999093
6.008380000000001,0.008105266,0.04672722,0.986721148,-0.155345207,0.986721148,-0.155345207,0.006643912,0.046957285
6.008382500000001,0.008099121,0.046686054,0.986716612,-0.155386714,0.986716612,-0.155386714,0.006641029,0.046915669
6.008385000000001,0.008093002,0.046645076,0.986712093,-0.155428031,0.986712093,-0.155428031,0.006638156,0.046874241
6.008387500000000,0.008086906,0.046604284,0.986707591,-0.155469162,0.986707591,-0.155469162,0.006635292,0.046833002
6.008390000000000,0.008080835,0.046563678,0.986703106,-0.155510106,0.986703106,-0.155510106,0.006632438,0.046791949
6.008392500000000,0.008074787,0.046523254,0.986698638,-0.155550866,0.986698638,-0.155550866,0.006629594,0.046751082
6.008395000000000,0.008068764,0.046483014,0.986694186,-0.155591442,0.986694186,-0.155591442,0.006626759,0.046710399
6.008397500000000,0.008062765,0.046442955,0.986689751,-0.155631836,0.986689751,-0.155631836,0.006623934,0.046669899
6.008400000000000,0.008056789,0.046403075,0.986685333,-0.155672049,0.986685333,-0.155672049,0.006621118,0.046629581
6.008402500000001,0.008050837,0.046363375,0.986680931,-0.155712082,0.986680931,-0.155712082,0.006618311,0.046589444
6.008405000000001,0.008044908,0.046323852,0.986676546,-0.155751936,0.986676546,-0.155751936,0.006615514,0.046549486
6.008407500000001,0.008039002,0.046284506,0.986672177,-0.155791613,0.986672177,-0.155791613,0.006612725,0.046509706
6.008410000000000,0.00803312,0.046245335,0.986667824,-0.155831113,0.986667824,-0.155831113,0.006609947,0.046470103
6.008412500000000,0.00802726,0.046206338,0.986663487,-0.155870439,0.986663487,-0.155870439,0.006607177,0.046430675
6.008415000000000,0.008021424,0.046167515,0.986659166,-0.15590959,0.986659166,-0.15590959,0.006604417,0.046391423
6.008417500000000,0.00801561,0.046128862,0.986654861,-0.155948569,0.986654861,-0.155948569,0.006601665,0.046352344
6.008420000000000,0.008009819,0.046090381,0.986650573,-0.155987376,0.986650573,-0.155987376,0.006598923,0.046313437
6.008422500000000,0.00800405,0.046052069,0.986646299,-0.156026013,0.986646299,-0.156026013,0.00659619,0.046274701
6.008425000000001,0.007998303,0.046013926,0.986642042,-0.15606448,0.986642042,-0.15606448,0.006593466,0.046236136
6.008427500000001,0.007992579,0.04597595,0.9866378,-0.156102779,0.9866378,-0.156102779,0.006590751,0.046197739
6.008430000000001,0.007986877,0.04593814,0.986633574,-0.156140911,0.986633574,-0.156140911,0.006588045,0.04615951
6.008432500000001,0.007981197,0.045900495,0.986629363,-0.156178877,0.986629363,-0.156178877,0.006585347,0.046121448
6.008435000000000,0.007975539,0.045863015,0.986625168,-0.156216678,0.986625168,-0.156216678,0.006582659,0.046083552
6.008437500000000,0.007969902,0.045825697,0.986620987,-0.156254315,0.986620987,-0.156254315,0.006579979,0.04604582
6.008440000000000,0.007964287,0.045788541,0.986616822,-0.156291789,0.986616822,-0.156291789,0.006577308,0.046008251
6.008442500000000,0.007958694,0.045751546,0.986612673,-0.156329101,0.986612673,-0.156329101,0.006574646,0.045970845
6.008445000000000,0.007953122,0.045714711,0.986608538,-0.156366252,0.986608538,-0.156366252,0.006571993,0.045933601
6.008447500000000,0.007947571,0.045678035,0.986604418,-0.156403244,0.986604418,-0.156403244,0.006569348,0.045896517
6.008450000000001,0.007942041,0.045641517,0.986600313,-0.156440077,0.986600313,-0.156440077,0.006566712,0.045859592
6.008452500000001,0.007936532,0.045605155,0.986596223,-0.156476753,0.986596223,-0.156476753,0.006564084,0.045822825
6.008455000000001,0.007931044,0.045568949,0.986592148,-0.156513272,0.986592148,-0.156513272,0.006561465,0.045786216
6.008457500000000,0.007925577,0.045532898,0.986588087,-0.156549635,0.986588087,-0.156549635,0.006558855,0.045749763
6.008460000000000,0.007920131,0.045497001,0.986584041,-0.156585844,0.986584041,-0.156585844,0.006556253,0.045713465
6.008462500000000,0.007914705,0.045461256,0.986580009,-0.156621899,0.986580009,-0.156621899,0.006553659,0.045677322
6.008465000000000,0.007909299,0.045425663,0.986575992,-0.156657801,0.986575992,-0.156657801,0.006551074,0.045641332
6.008467500000000,0.007903914,0.045390221,0.986571989,-0.156693552,0.986571989,-0.156693552,0.006548497,0.045605494
6.008470000000000,0.007898549,0.045354929,0.986568,-0.156729151,0.986568,-0.156729151,0.006545929,0.045569807
6.008472500000001,0.007893204,0.045319786,0.986564026,-0.156764601,0.986564026,-0.156764601,0.006543369,0.045534271
6.008475000000001,0.007887879,0.045284791,0.986560066,-0.156799903,0.986560066,-0.156799903,0.006540817,0.045498885
6.008477500000001,0.007882574,0.045249943,0.98655612,-0.156835056,0.98655612,-0.156835056,0.006538273,0.045463646
6.008480000000000,0.007877289,0.045215241,0.986552187,-0.156870062,0.986552187,-0.156870062,0.006535737,0.045428556
6.008482500000000,0.007872023,0.045180685,0.986548269,-0.156904922,0.986548269,-0.156904922,0.00653321,0.045393612
6.008485000000000,0.007866777,0.045146273,0.986544365,-0.156939637,0.986544365,-0.156939637,0.006530691,0.045358814
6.008487500000000,0.007861551,0.045112004,0.986540474,-0.156974208,0.986540474,-0.156974208,0.006528179,0.045324161
6.008490000000000,0.007856343,0.045077877,0.986536597,-0.157008636,0.986536597,-0.157008636,0.006525676,0.045289651
6.008492500000000,0.007851155,0.045043893,0.986532734,-0.157042921,0.986532734,-0.157042921,0.006523181,0.045255285
6.008495000000001,0.007845986,0.045010049,0.986528884,-0.157077064,0.986528884,-0.157077064,0.006520694,0.045221061
6.008497500000001,0.007840836,0.044976345,0.986525048,-0.157111067,0.986525048,-0.157111067,0.006518214,0.045186978
6.008500000000001,0.007835705,0.04494278,0.986521225,-0.15714493,0.986521225,-0.15714493,0.006515743,0.045153036
6.008502500000001,0.007830593,0.044909353,0.986517415,-0.157178654,0.986517415,-0.157178654,0.00651328,0.045119233
6.008505000000000,0.007825499,0.044876063,0.986513619,-0.15721224,0.986513619,-0.15721224,0.006510824,0.045085568
6.008507500000000,0.007820424,0.04484291,0.986509836,-0.157245689,0.986509836,-0.157245689,0.006508376,0.045052042
6.008510000000000,0.007815368,0.044809893,0.986506066,-0.157279001,0.986506066,-0.157279001,0.006505936,0.045018653
6.008512500000000,0.00781033,0.04477701,0.986502309,-0.157312177,0.986502309,-0.157312177,0.006503503,0.044985399
6.008515000000000,0.00780531,0.044744261,0.986498566,-0.157345219,0.986498566,-0.157345219,0.006501079,0.044952281
6.008517500000000,0.007800308,0.044711646,0.986494835,-0.157378127,0.986494835,-0.157378127,0.006498662,0.044919298
6.008520000000001,0.007795325,0.044679163,0.986491117,-0.157410902,0.986491117,-0.157410902,0.006496252,0.044886448
6.008522500000001,0.00779036,0.044646811,0.986487412,-0.157443545,0.986487412,-0.157443545,0.00649385,0.044853731
6.008525000000001,0.007785412,0.04461459,0.986483719,-0.157476056,0.986483719,-0.157476056,0.006491456,0.044821146
6.008527500000000,0.007780482,0.0445825,0.98648004,-0.157508436,0.98648004,-0.157508436,0.006489069,0.044788692
6.008530000000000,0.00777557,0.044550538,0.986476373,-0.157540687,0.986476373,-0.157540687,0.00648669,0.044756369
6.008532500000000,0.007770676,0.044518705,0.986472718,-0.157572808,0.986472718,-0.157572808,0.006484319,0.044724176
6.008535000000000,0.007765799,0.044486999,0.986469076,-0.157604801,0.986469076,-0.157604801,0.006481954,0.044692111
6.008537500000000,0.00776094,0.04445542,0.986465447,-0.157636666,0.986465447,-0.157636666,0.006479597,0.044660175
6.008540000000000,0.007756098,0.044423967,0.98646183,-0.157668404,0.98646183,-0.157668404,0.006477248,0.044628366
6.008542500000001,0.007751273,0.04439264,0.986458225,-0.157700017,0.986458225,-0.157700017,0.006474906,0.044596683
6.008545000000001,0.007746466,0.044361437,0.986454632,-0.157731504,0.986454632,-0.157731504,0.006472571,0.044565127
6.008547500000001,0.007741676,0.044330358,0.986451052,-0.157762866,0.986451052,-0.157762866,0.006470243,0.044533695
6.008550000000001,0.007736902,0.044299403,0.986447484,-0.157794105,0.986447484,-0.157794105,0.006467923,0.044502388
6.008552500000000,0.007732146,0.044268569,0.986443928,-0.15782522,0.986443928,-0.15782522,0.006465609,0.044471205
6.008555000000000,0.007727406,0.044237858,0.986440383,-0.157856214,0.986440383,-0.157856214,0.006463303,0.044440144
6.008557500000000,0.007722683,0.044207267,0.986436851,-0.157887085,0.986436851,-0.157887085,0.006461005,0.044409206
6.008560000000000,0.007717977,0.044176796,0.986433331,-0.157917836,0.986433331,-0.157917836,0.006458713,0.044378389
6.008562500000000,0.007713287,0.044146445,0.986429823,-0.157948466,0.986429823,-0.157948466,0.006456428,0.044347692
6.008565000000000,0.007708613,0.044116213,0.986426326,-0.157978977,0.986426326,-0.157978977,0.006454151,0.044317116
6.008567500000001,0.007703956,0.044086099,0.986422841,-0.158009369,0.986422841,-0.158009369,0.00645188,0.044286659
6.008570000000001,0.007699316,0.044056103,0.986419368,-0.158039643,0.986419368,-0.158039643,0.006449617,0.044256321
6.008572500000001,0.007694691,0.044026223,0.986415906,-0.158069799,0.986415906,-0.158069799,0.00644736,0.044226101
6.008575000000000,0.007690083,0.043996459,0.986412456,-0.158099839,0.986412456,-0.158099839,0.00644511,0.044195998
6.008577500000000,0.007685491,0.043966811,0.986409017,-0.158129762,0.986409017,-0.158129762,0.006442868,0.044166011
6.008580000000000,0.007680915,0.043937278,0.98640559,-0.15815957,0.98640559,-0.15815957,0.006440632,0.044136141
6.008582500000000,0.007676354,0.043907858,0.986402174,-0.158189264,0.986402174,-0.158189264,0.006438403,0.044106385
6.008585000000000,0.00767181,0.043878552,0.98639877,-0.158218843,0.98639877,-0.158218843,0.00643618,0.044076745
6.008587500000000,0.007667281,0.043849359,0.986395376,-0.158248309,0.986395376,-0.158248309,0.006433965,0.044047218
6.008590000000001,0.007662768,0.043820277,0.986391994,-0.158277662,0.986391994,-0.158277662,0.006431756,0.044017804
6.008592500000001,0.00765827,0.043791308,0.986388623,-0.158306903,0.986388623,-0.158306903,0.006429555,0.043988503
6.008595000000001,0.007653788,0.043762449,0.986385264,-0.158336032,0.986385264,-0.158336032,0.006427359,0.043959314
6.008597500000000,0.007649321,0.0437337,0.986381915,-0.158365051,0.986381915,-0.158365051,0.006425171,0.043930236
6.008600000000000,0.00764487,0.043705061,0.986378577,-0.15839396,0.986378577,-0.15839396,0.006422989,0.043901269
6.008602500000000,0.007640433,0.043676531,0.986375251,-0.158422759,0.986375251,-0.158422759,0.006420814,0.043872412
6.008605000000000,0.007636012,0.043648109,0.986371935,-0.158451449,0.986371935,-0.158451449,0.006418645,0.043843665
6.008607500000000,0.007631606,0.043619795,0.98636863,-0.15848003,0.98636863,-0.15848003,0.006416483,0.043815026
6.008610000000000,0.007627215,0.043591588,0.986365335,-0.158508504,0.986365335,-0.158508504,0.006414327,0.043786495
6.008612500000001,0.007622839,0.043563487,0.986362052,-0.158536871,0.986362052,-0.158536871,0.006412178,0.043758072
6.008615000000001,0.007618478,0.043535492,0.986358779,-0.158565131,0.986358779,-0.158565131,0.006410036,0.043729756
6.008617500000001,0.007614132,0.043507603,0.986355517,-0.158593285,0.986355517,-0.158593285,0.0064079,0.043701547
6.008620000000001,0.0076098,0.043479818,0.986352265,-0.158621334,0.986352265,-0.158621334,0.00640577,0.043673443
6.008622500000000,0.007605483,0.043452137,0.986349024,-0.158649279,0.986349024,-0.158649279,0.006403646,0.043645444
6.008625000000000,0.007601181,0.04342456,0.986345794,-0.158677119,0.986345794,-0.158677119,0.00640153,0.04361755
6.008627500000000,0.007596893,0.043397086,0.986342574,-0.158704856,0.986342574,-0.158704856,0.006399419,0.04358976
6.008630000000000,0.00759262,0.043369714,0.986339364,-0.158732489,0.986339364,-0.158732489,0.006397315,0.043562073
6.008632500000000,0.007588361,0.043342444,0.986336165,-0.158760021,0.986336165,-0.158760021,0.006395217,0.043534489
6.008635000000000,0.007584116,0.043315275,0.986332975,-0.15878745,0.986332975,-0.15878745,0.006393125,0.043507008
6.008637500000001,0.007579885,0.043288207,0.986329797,-0.158814778,0.986329797,-0.158814778,0.00639104,0.043479628
6.008640000000001,0.007575669,0.043261239,0.986326628,-0.158842006,0.986326628,-0.158842006,0.00638896,0.043452349
6.008642500000001,0.007571466,0.043234371,0.986323469,-0.158869133,0.986323469,-0.158869133,0.006386887,0.043425171
6.008645000000000,0.007567278,0.043207601,0.986320321,-0.158896161,0.986320321,-0.158896161,0.00638482,0.043398093
6.008647500000000,0.007563103,0.043180931,0.986317182,-0.158923089,0.986317182,-0.158923089,0.006382759,0.043371114
6.008650000000000,0.007558943,0.043154357,0.986314054,-0.158949919,0.986314054,-0.158949919,0.006380705,0.043344234
6.008652500000000,0.007554796,0.043127882,0.986310936,-0.158976652,0.986310936,-0.158976652,0.006378656,0.043317453
6.008655000000000,0.007550663,0.043101503,0.986307827,-0.159003286,0.986307827,-0.159003286,0.006376614,0.04329077
6.008657500000000,0.007546544,0.04307522,0.986304728,-0.159029824,0.986304728,-0.159029824,0.006374577,0.043264183
6.008660000000001,0.007542438,0.043049034,0.986301639,-0.159056266,0.986301639,-0.159056266,0.006372547,0.043237694
6.008662500000001,0.007538345,0.043022942,0.98629856,-0.159082611,0.98629856,-0.159082611,0.006370522,0.043211301
6.008665000000001,0.007534267,0.042996946,0.986295491,-0.159108862,0.986295491,-0.159108862,0.006368504,0.043185003
6.008667500000000,0.007530201,0.042971043,0.986292431,-0.159135017,0.986292431,-0.159135017,0.006366491,0.043158801
6.008670000000000,0.007526149,0.042945234,0.986289381,-0.159161079,0.986289381,-0.159161079,0.006364484,0.043132694
6.008672500000000,0.00752211,0.042919519,0.986286341,-0.159187046,0.986286341,-0.159187046,0.006362483,0.043106681
6.008675000000000,0.007518085,0.042893896,0.98628331,-0.15921292,0.98628331,-0.15921292,0.006360488,0.043080761
6.008677500000000,0.007514072,0.042868365,0.986280288,-0.159238702,0.986280288,-0.159238702,0.006358499,0.043054935
6.008680000000000,0.007510073,0.042842927,0.986277276,-0.159264391,0.986277276,-0.159264391,0.006356516,0.043029201
6.008682500000001,0.007506086,0.042817579,0.986274274,-0.159289988,0.986274274,-0.159289988,0.006354538,0.043003559
6.008685000000001,0.007502113,0.042792322,0.98627128,-0.159315495,0.98627128,-0.159315495,0.006352567,0.042978009
6.008687500000001,0.007498152,0.042767155,0.986268296,-0.15934091,0.986268296,-0.15934091,0.006350601,0.042952551
6.008690000000001,0.007494204,0.042742078,0.986265322,-0.159366235,0.986265322,-0.159366235,0.00634864,0.042927183
6.008692500000000,0.007490269,0.042717091,0.986262356,-0.15939147,0.986262356,-0.15939147,0.006346686,0.042901905
6.008695000000000,0.007486347,0.042692192,0.9862594,-0.159416616,0.9862594,-0.159416616,0.006344737,0.042876717
6.008697500000000,0.007482438,0.042667382,0.986256453,-0.159441673,0.986256453,-0.159441673,0.006342793,0.042851618
6.008700000000000,0.00747854,0.042642659,0.986253515,-0.159466642,0.986253515,-0.159466642,0.006340856,0.042826608
6.008702500000000,0.007474656,0.042618024,0.986250586,-0.159491523,0.986250586,-0.159491523,0.006338924,0.042801686
6.008705000000000,0.007470784,0.042593476,0.986247667,-0.159516316,0.986247667,-0.159516316,0.006336997,0.042776852
6.008707500000001,0.007466924,0.042569014,0.986244756,-0.159541022,0.986244756,-0.159541022,0.006335076,0.042752106
6.008710000000001,0.007463077,0.042544638,0.986241854,-0.159565642,0.986241854,-0.159565642,0.006333161,0.042727447
6.008712500000001,0.007459242,0.042520348,0.986238961,-0.159590175,0.986238961,-0.159590175,0.006331251,0.042702873
6.008715000000000,0.007455419,0.042496143,0.986236077,-0.159614623,0.986236077,-0.159614623,0.006329346,0.042678386
6.008717500000000,0.007451608,0.042472022,0.986233201,-0.159638986,0.986233201,-0.159638986,0.006327447,0.042653985
6.008720000000000,0.00744781,0.042447986,0.986230335,-0.159663264,0.986230335,-0.159663264,0.006325554,0.042629669
6.008722500000000,0.007444023,0.042424034,0.986227477,-0.159687458,0.986227477,-0.159687458,0.006323666,0.042605437
6.008725000000000,0.007440249,0.042400165,0.986224628,-0.159711568,0.986224628,-0.159711568,0.006321783,0.04258129
6.008727500000000,0.007436486,0.042376379,0.986221788,-0.159735594,0.986221788,-0.159735594,0.006319906,0.042557226
6.008730000000001,0.007432736,0.042352675,0.986218956,-0.159759538,0.986218956,-0.159759538,0.006318034,0.042533246
6.008732500000001,0.007428997,0.042329054,0.986216133,-0.159783398,0.986216133,-0.159783398,0.006316167,0.042509348
6.008735000000001,0.00742527,0.042305514,0.986213318,-0.159807177,0.986213318,-0.159807177,0.006314305,0.042485534
6.008737500000001,0.007421554,0.042282055,0.986210512,-0.159830874,0.986210512,-0.159830874,0.006312449,0.042461801
6.008740000000000,0.007417851,0.042258677,0.986207715,-0.15985449,0.986207715,-0.15985449,0.006310599,0.04243815
6.008742500000000,0.007414159,0.04223538,0.986204925,-0.159878025,0.986204925,-0.159878025,0.006308753,0.04241458
6.008745000000000,0.007410478,0.042212162,0.986202145,-0.159901479,0.986202145,-0.159901479,0.006306913,0.042391091
6.008747500000000,0.007406809,0.042189025,0.986199372,-0.159924854,0.986199372,-0.159924854,0.006305078,0.042367682
6.008750000000000,0.007403152,0.042165966,0.986196608,-0.159948149,0.986196608,-0.159948149,0.006303248,0.042344353
6.008752500000000,0.007399506,0.042142986,0.986193852,-0.159971364,0.986193852,-0.159971364,0.006301423,0.042321104
6.008755000000001,0.007395871,0.042120084,0.986191105,-0.159994501,0.986191105,-0.159994501,0.006299603,0.042297934
6.008757500000001,0.007392247,0.04209726,0.986188365,-0.160017559,0.986188365,-0.160017559,0.006297789,0.042274843
6.008760000000001,0.007388635,0.042074514,0.986185634,-0.160040539,0.986185634,-0.160040539,0.006295979,0.04225183
6.008762500000000,0.007385034,0.042051845,0.986182911,-0.160063442,0.986182911,-0.160063442,0.006294175,0.042228896
6.008765000000000,0.007381444,0.042029253,0.986180196,-0.160086268,0.986180196,-0.160086268,0.006292375,0.042206038
6.008767500000000,0.007377865,0.042006737,0.98617749,-0.160109016,0.98617749,-0.160109016,0.006290581,0.042183258
6.008770000000000,0.007374297,0.041984297,0.986174791,-0.160131688,0.986174791,-0.160131688,0.006288792,0.042160555
6.008772500000000,0.007370741,0.041961932,0.9861721,-0.160154285,0.9861721,-0.160154285,0.006287008,0.042137928
6.008775000000000,0.007367195,0.041939643,0.986169417,-0.160176805,0.986169417,-0.160176805,0.006285228,0.042115377
6.008777500000001,0.00736366,0.041917429,0.986166742,-0.16019925,0.986166742,-0.16019925,0.006283454,0.042092902
6.008780000000001,0.007360135,0.041895289,0.986164075,-0.16022162,0.986164075,-0.16022162,0.006281685,0.042070502
6.008782500000001,0.007356622,0.041873223,0.986161416,-0.160243916,0.986161416,-0.160243916,0.00627992,0.042048177
6.008785000000000,0.007353119,0.041851231,0.986158765,-0.160266138,0.986158765,-0.160266138,0.006278161,0.042025926
6.008787500000000,0.007349627,0.041829312,0.986156121,-0.160288285,0.986156121,-0.160288285,0.006276406,0.04200375
6.008790000000000,0.007346146,0.041807467,0.986153486,-0.16031036,0.986153486,-0.16031036,0.006274656,0.041981647
6.008792500000000,0.007342675,0.041785694,0.986150858,-0.160332361,0.986150858,-0.160332361,0.006272911,0.041959618
6.008795000000000,0.007339215,0.041763993,0.986148237,-0.160354289,0.986148237,-0.160354289,0.006271171,0.041937662
6.008797500000000,0.007335766,0.041742364,0.986145625,-0.160376145,0.986145625,-0.160376145,0.006269436,0.041915778
6.008800000000001,0.007332326,0.041720807,0.986143019,-0.16039793,0.986143019,-0.16039793,0.006267705,0.041893967
6.008802500000001,0.007328897,0.04169932,0.986140422,-0.160419642,0.986140422,-0.160419642,0.006265979,0.041872228
6.008805000000001,0.007325479,0.041677905,0.986137832,-0.160441283,0.986137832,-0.160441283,0.006264258,0.04185056
6.008807500000001,0.007322071,0.04165656,0.98613525,-0.160462854,0.98613525,-0.160462854,0.006262542,0.041828963
6.008810000000000,0.007318673,0.041635285,0.986132675,-0.160484354,0.986132675,-0.160484354,0.00626083,0.041807438
6.008812500000000,0.007315285,0.041614081,0.986130107,-0.160505783,0.986130107,-0.160505783,0.006259123,0.041785983
6.008815000000000,0.007311908,0.041592945,0.986127547,-0.160527143,0.986127547,-0.160527143,0.006257421,0.041764598
6.008817500000000,0.00730854,0.041571879,0.986124995,-0.160548433,0.986124995,-0.160548433,0.006255723,0.041743283
6.008820000000000,0.007305183,0.041550881,0.98612245,-0.160569654,0.98612245,-0.160569654,0.00625403,0.041722038
6.008822500000000,0.007301836,0.041529952,0.986119912,-0.160590806,0.986119912,-0.160590806,0.006252342,0.041700861
6.008825000000001,0.007298498,0.041509091,0.986117381,-0.16061189,0.986117381,-0.16061189,0.006250658,0.041679754
6.008827500000001,0.007295171,0.041488298,0.986114858,-0.160632905,0.986114858,-0.160632905,0.006248979,0.041658715
6.008830000000001,0.007291854,0.041467572,0.986112342,-0.160653853,0.986112342,-0.160653853,0.006247304,0.041637744
6.008832500000000,0.007288546,0.041446913,0.986109833,-0.160674733,0.986109833,-0.160674733,0.006245634,0.041616841
6.008835000000000,0.007285248,0.041426321,0.986107331,-0.160695545,0.986107331,-0.160695545,0.006243969,0.041596006
6.008837500000000,0.00728196,0.041405796,0.986104837,-0.160716291,0.986104837,-0.160716291,0.006242308,0.041575237
6.008840000000000,0.007278682,0.041385337,0.986102349,-0.160736971,0.986102349,-0.160736971,0.006240651,0.041554536
6.008842500000000,0.007275414,0.041364943,0.986099869,-0.160757584,0.986099869,-0.160757584,0.006238999,0.041533901
6.008845000000000,0.007272155,0.041344615,0.986097396,-0.160778131,0.986097396,-0.160778131,0.006237351,0.041513333
6.008847500000001,0.007268905,0.041324352,0.986094929,-0.160798612,0.986094929,-0.160798612,0.006235708,0.04149283
6.008850000000001,0.007265666,0.041304155,0.98609247,-0.160819029,0.98609247,-0.160819029,0.006234069,0.041472393
6.008852500000001,0.007262435,0.041284021,0.986090018,-0.16083938,0.986090018,-0.16083938,0.006232435,0.041452021
6.008855000000001,0.007259215,0.041263952,0.986087573,-0.160859667,0.986087573,-0.160859667,0.006230805,0.041431714
6.008857500000000,0.007256003,0.041243947,0.986085134,-0.160879889,0.986085134,-0.160879889,0.006229179,0.041411472
6.008860000000000,0.007252801,0.041224006,0.986082703,-0.160900047,0.986082703,-0.160900047,0.006227558,0.041391294
6.008862500000000,0.007249609,0.041204128,0.986080278,-0.160920142,0.986080278,-0.160920142,0.006225941,0.04137118
6.008865000000000,0.007246426,0.041184313,0.98607786,-0.160940173,0.98607786,-0.160940173,0.006224329,0.04135113
6.008867500000000,0.007243252,0.04116456,0.986075449,-0.160960141,0.986075449,-0.160960141,0.00622272,0.041331143
6.008870000000000,0.007240087,0.041144871,0.986073045,-0.160980046,0.986073045,-0.160980046,0.006221116,0.041311219
6.008872500000001,0.007236931,0.041125243,0.986070647,-0.160999889,0.986070647,-0.160999889,0.006219516,0.041291358
6.008875000000001,0.007233785,0.041105677,0.986068257,-0.161019669,0.986068257,-0.161019669,0.006217921,0.04127156
6.008877500000001,0.007230648,0.041086173,0.986065872,-0.161039387,0.986065872,-0.161039387,0.00621633,0.041251824
6.008880000000000,0.007227519,0.04106673,0.986063495,-0.161059044,0.986063495,-0.161059044,0.006214743,0.04123215
6.008882500000000,0.0072244,0.041047348,0.986061124,-0.16107864,0.986061124,-0.16107864,0.00621316,0.041212538
6.008885000000000,0.00722129,0.041028027,0.98605876,-0.161098174,0.98605876,-0.161098174,0.006211581,0.041192987
6.008887500000000,0.007218189,0.041008766,0.986056402,-0.161117647,0.986056402,-0.161117647,0.006210007,0.041173497
6.008890000000000,0.007215097,0.040989565,0.986054051,-0.16113706,0.986054051,-0.16113706,0.006208436,0.041154068
6.008892500000000,0.007212013,0.040970424,0.986051706,-0.161156413,0.986051706,-0.161156413,0.00620687,0.041134699
6.008895000000001,0.007208939,0.040951343,0.986049368,-0.161175706,0.986049368,-0.161175706,0.006205308,0.041115391
6.008897500000001,0.007205873,0.040932321,0.986047037,-0.161194939,0.986047037,-0.161194939,0.00620375,0.041096142
6.008900000000001,0.007202816,0.040913358,0.986044711,-0.161214113,0.986044711,-0.161214113,0.006202197,0.041076953
6.008902500000000,0.007199768,0.040894454,0.986042393,-0.161233227,0.986042393,-0.161233227,0.006200647,0.041057824
6.008905000000000,0.007196728,0.040875608,0.98604008,-0.161252283,0.98604008,-0.161252283,0.006199101,0.041038753
6.008907500000000,0.007193697,0.040856821,0.986037774,-0.16127128,0.986037774,-0.16127128,0.006197559,0.041019742
6.008910000000000,0.007190675,0.040838091,0.986035474,-0.161290219,0.986035474,-0.161290219,0.006196022,0.041000789
6.008912500000000,0.007187661,0.040819419,0.986033181,-0.1613091,0.986033181,-0.1613091,0.006194488,0.040981895
6.008915000000000,0.007184656,0.040800805,0.986030894,-0.161327923,0.986030894,-0.161327923,0.006192959,0.040963058
6.008917500000001,0.007181659,0.040782247,0.986028613,-0.161346689,0.986028613,-0.161346689,0.006191433,0.040944279
6.008920000000001,0.007178671,0.040763747,0.986026338,-0.161365397,0.986026338,-0.161365397,0.006189911,0.040925558
6.008922500000001,0.007175692,0.040745303,0.98602407,-0.161384048,0.98602407,-0.161384048,0.006188394,0.040906894
6.008925000000001,0.00717272,0.040726916,0.986021808,-0.161402643,0.986021808,-0.161402643,0.00618688,0.040888287
6.008927500000000,0.007169757,0.040708584,0.986019551,-0.161421181,0.986019551,-0.161421181,0.00618537,0.040869736
6.008930000000000,0.007166803,0.040690309,0.986017302,-0.161439663,0.986017302,-0.161439663,0.006183864,0.040851242
6.008932500000000,0.007163856,0.040672089,0.986015058,-0.161458089,0.986015058,-0.161458089,0.006182362,0.040832805
6.008935000000000,0.007160918,0.040653924,0.98601282,-0.16147646,0.98601282,-0.16147646,0.006180864,0.040814423
6.008937500000000,0.007157989,0.040635815,0.986010588,-0.161494775,0.986010588,-0.161494775,0.00617937,0.040796097
6.008940000000000,0.007155067,0.04061776,0.986008362,-0.161513035,0.986008362,-0.161513035,0.00617788,0.040777826
6.008942500000001,0.007152154,0.04059976,0.986006143,-0.161531239,0.986006143,-0.161531239,0.006176393,0.040759611
6.008945000000001,0.007149248,0.040581814,0.986003929,-0.16154939,0.986003929,-0.16154939,0.00617491,0.04074145
6.008947500000001,0.007146351,0.040563922,0.986001721,-0.161567485,0.986001721,-0.161567485,0.006173431,0.040723344
6.008950000000000,0.007143462,0.040546085,0.98599952,-0.161585527,0.98599952,-0.161585527,0.006171956,0.040705293
6.008952500000000,0.007140581,0.0405283,0.985997324,-0.161603515,0.985997324,-0.161603515,0.006170485,0.040687296
6.008955000000000,0.007137708,0.040510569,0.985995134,-0.161621449,0.985995134,-0.161621449,0.006169017,0.040669353
6.008957500000000,0.007134842,0.040492892,0.98599295,-0.161639329,0.98599295,-0.161639329,0.006167554,0.040651463
6.008960000000000,0.007131985,0.040475267,0.985990771,-0.161657156,0.985990771,-0.161657156,0.006166093,0.040633627
6.008962500000000,0.007129136,0.040457695,0.985988599,-0.161674931,0.985988599,-0.161674931,0.006164637,0.040615844
6.008965000000001,0.007126294,0.040440175,0.985986432,-0.161692652,0.985986432,-0.161692652,0.006163185,0.040598114
6.008967500000001,0.007123461,0.040422707,0.985984271,-0.161710321,0.985984271,-0.161710321,0.006161736,0.040580437
6.008970000000001,0.007120635,0.040405292,0.985982116,-0.161727938,0.985982116,-0.161727938,0.00616029,0.040562813
6.008972500000000,0.007117817,0.040387928,0.985979967,-0.161745502,0.985979967,-0.161745502,0.006158849,0.04054524
6.008975000000000,0.007115007,0.040370615,0.985977823,-0.161763015,0.985977823,-0.161763015,0.006157411,0.04052772
6.008977500000000,0.007112204,0.040353354,0.985975685,-0.161780477,0.985975685,-0.161780477,0.006155977,0.040510252
6.008980000000000,0.007109409,0.040336144,0.985973553,-0.161797887,0.985973553,-0.161797887,0.006154546,0.040492835
6.008982500000000,0.007106622,0.040318985,0.985971426,-0.161815245,0.985971426,-0.161815245,0.006153119,0.04047547
6.008985000000000,0.007103842,0.040301876,0.985969305,-0.161832553,0.985969305,-0.161832553,0.006151696,0.040458155
6.008987500000001,0.00710107,0.040284818,0.985967189,-0.161849811,0.985967189,-0.161849811,0.006150276,0.040440892
6.008990000000001,0.007098305,0.040267809,0.985965079,-0.161867017,0.985965079,-0.161867017,0.006148859,0.040423679
6.008992500000001,0.007095548,0.040250851,0.985962975,-0.161884174,0.985962975,-0.161884174,0.006147447,0.040406517
6.008995000000001,0.007092799,0.040233943,0.985960876,-0.16190128,0.985960876,-0.16190128,0.006146038,0.040389405
6.008997500000000,0.007090057,0.040217083,0.985958783,-0.161918337,0.985958783,-0.161918337,0.006144632,0.040372343
6.009000000000000,0.007087348,0.040200283,0.98595672,-0.161935334,0.98595672,-0.161935334,0.006143255,0.040355342
