Frequency (GHz),RE[S11],IM[S11],RE[S12],IM[S12],RE[S21],IM[S21],RE[S22],IM[S22]
6.000000000000000,0.004062098,0.02304784,0.979060031,-0.202222038,0.979060031,-0.202222038,0.005401683,0.022771153
6.000050000000001,0.004053046,0.023013472,0.979053253,-0.202258947,0.979053253,-0.202258947,0.005398085,0.022735606
6.000100000000001,0.00404392,0.022978835,0.979046422,-0.20229613,0.979046422,-0.20229613,0.005394454,0.02269978
6.000150000000001,0.00403472,0.022943926,0.979039537,-0.20233359,0.979039537,-0.20233359,0.005390792,0.022663672
6.000200000000000,0.004025443,0.022908741,0.979032599,-0.202371332,0.979032599,-0.202371332,0.005387098,0.02262728
6.000250000000000,0.004016091,0.022873279,0.979025605,-0.202409357,0.979025605,-0.202409357,0.005383371,0.022590599
6.000300000000000,0.004006661,0.022837534,0.979018557,-0.202447671,0.979018557,-0.202447671,0.005379612,0.022553627
6.000350000000000,0.003997152,0.022801505,0.979011452,-0.202486275,0.979011452,-0.202486275,0.005375818,0.022516359
6.000400000000000,0.003987564,0.022765187,0.97900429,-0.202525174,0.97900429,-0.202525174,0.005371991,0.022478793
6.000450000000001,0.003977896,0.022728578,0.97899707,-0.202564371,0.97899707,-0.202564371,0.005368129,0.022440924
6.000500000000001,0.003968146,0.022691672,0.978989792,-0.202603869,0.978989792,-0.202603869,0.005364233,0.02240275
6.000550000000000,0.003958314,0.022654468,0.978982456,-0.202643672,0.978982456,-0.202643672,0.005360301,0.022364265
6.000600000000000,0.003948399,0.022616962,0.978975059,-0.202683785,0.978975059,-0.202683785,0.005356334,0.022325468
6.000650000000000,0.003938399,0.022579149,0.978967602,-0.20272421,0.978967602,-0.20272421,0.00535233,0.022286353
6.000700000000000,0.003928314,0.022541026,0.978960083,-0.202764951,0.978960083,-0.202764951,0.00534829,0.022246917
6.000750000000000,0.003918142,0.02250259,0.978952502,-0.202806013,0.978952502,-0.202806013,0.005344212,0.022207156
6.000800000000001,0.003907882,0.022463835,0.978944859,-0.202847399,0.978944859,-0.202847399,0.005340097,0.022167066
6.000850000000001,0.003897533,0.02242476,0.978937151,-0.202889114,0.978937151,-0.202889114,0.005335944,0.022126643
6.000900000000001,0.003887095,0.022385358,0.978929379,-0.202931161,0.978929379,-0.202931161,0.005331752,0.022085882
6.000950000000000,0.003876565,0.022345627,0.978921542,-0.202973545,0.978921542,-0.202973545,0.005327521,0.02204478
6.001000000000000,0.003865943,0.022305562,0.978913638,-0.203016269,0.978913638,-0.203016269,0.00532325,0.022003332
6.001050000000000,0.003855227,0.02226516,0.978905667,-0.203059338,0.978905667,-0.203059338,0.005318938,0.021961534
6.001100000000000,0.003844416,0.022224415,0.978897627,-0.203102757,0.978897627,-0.203102757,0.005314586,0.021919382
6.001150000000000,0.00383351,0.022183323,0.978889519,-0.20314653,0.978889519,-0.20314653,0.005310193,0.021876871
6.001200000000001,0.003822506,0.022141881,0.978881341,-0.203190661,0.978881341,-0.203190661,0.005305757,0.021833996
6.001250000000001,0.003811403,0.022100083,0.978873092,-0.203235155,0.978873092,-0.203235155,0.005301279,0.021790752
6.001300000000001,0.003800201,0.022057925,0.978864771,-0.203280016,0.978864771,-0.203280016,0.005296758,0.021747136
6.001350000000000,0.003788897,0.022015402,0.978856378,-0.20332525,0.978856378,-0.20332525,0.005292193,0.021703142
6.001400000000000,0.003777491,0.02197251,0.97884791,-0.203370861,0.97884791,-0.203370861,0.005287583,0.021658765
6.001450000000000,0.00376598,0.021929244,0.978839368,-0.203416855,0.978839368,-0.203416855,0.005282929,0.021614
6.001500000000000,0.003754365,0.021885598,0.978830749,-0.203463235,0.978830749,-0.203463235,0.005278228,0.021568843
6.001550000000000,0.003742642,0.021841569,0.978822054,-0.203510008,0.978822054,-0.203510008,0.005273482,0.021523287
6.001600000000001,0.003730811,0.021797151,0.978813281,-0.203557177,0.978813281,-0.203557177,0.005268688,0.021477329
6.001650000000001,0.00371887,0.021752338,0.978804429,-0.20360475,0.978804429,-0.20360475,0.005263847,0.021430961
6.001700000000000,0.003706818,0.021707126,0.978795497,-0.20365273,0.978795497,-0.20365273,0.005258958,0.02138418
6.001750000000000,0.003694653,0.021661508,0.978786483,-0.203701124,0.978786483,-0.203701124,0.005254019,0.021336979
6.001800000000000,0.003682373,0.021615481,0.978777387,-0.203749937,0.978777387,-0.203749937,0.00524903,0.021289353
6.001850000000000,0.003669978,0.021569038,0.978768207,-0.203799175,0.978768207,-0.203799175,0.005243991,0.021241297
6.001900000000000,0.003657464,0.021522173,0.978758942,-0.203848842,0.978758942,-0.203848842,0.005238901,0.021192803
6.001950000000001,0.003644831,0.021474882,0.978749591,-0.203898947,0.978749591,-0.203898947,0.005233758,0.021143867
6.002000000000001,0.003632077,0.021427157,0.978740153,-0.203949493,0.978740153,-0.203949493,0.005228563,0.021094482
6.002050000000001,0.003619201,0.021378993,0.978730627,-0.204000487,0.978730627,-0.204000487,0.005223314,0.021044641
6.002100000000000,0.003606199,0.021330384,0.97872101,-0.204051936,0.97872101,-0.204051936,0.005218011,0.02099434
6.002150000000000,0.003593072,0.021281325,0.978711302,-0.204103846,0.978711302,-0.204103846,0.005212652,0.020943571
6.002200000000000,0.003579816,0.021231807,0.978701502,-0.204156223,0.978701502,-0.204156223,0.005207238,0.020892328
6.002250000000000,0.00356643,0.021181826,0.978691608,-0.204209074,0.978691608,-0.204209074,0.005201766,0.020840605
6.002300000000000,0.003552912,0.021131375,0.978681618,-0.204262405,0.978681618,-0.204262405,0.005196237,0.020788393
6.002350000000001,0.00353926,0.021080446,0.978671532,-0.204316223,0.978671532,-0.204316223,0.005190648,0.020735688
6.002400000000001,0.003525472,0.021029034,0.978661347,-0.204370535,0.978661347,-0.204370535,0.005185,0.02068248
6.002450000000001,0.003511546,0.020977132,0.978651063,-0.204425348,0.978651063,-0.204425348,0.005179292,0.020628765
6.002500000000000,0.00349748,0.020924731,0.978640678,-0.20448067,0.978640678,-0.20448067,0.005173522,0.020574533
6.002550000000000,0.003483272,0.020871826,0.97863019,-0.204536507,0.97863019,-0.204536507,0.005167689,0.020519778
6.002600000000000,0.00346892,0.020818409,0.978619598,-0.204592867,0.978619598,-0.204592867,0.005161793,0.020464492
6.002650000000000,0.003454421,0.020764472,0.978608899,-0.204649758,0.978608899,-0.204649758,0.005155832,0.020408668
6.002700000000001,0.003439774,0.020710008,0.978598093,-0.204707187,0.978598093,-0.204707187,0.005149806,0.020352297
6.002750000000001,0.003424976,0.02065501,0.978587178,-0.204765163,0.978587178,-0.204765163,0.005143713,0.020295371
6.002800000000001,0.003410024,0.020599468,0.978576152,-0.204823693,0.978576152,-0.204823693,0.005137552,0.020237883
6.002850000000000,0.003394917,0.020543376,0.978565014,-0.204882785,0.978565014,-0.204882785,0.005131323,0.020179824
6.002900000000000,0.003379652,0.020486725,0.97855376,-0.204942449,0.97855376,-0.204942449,0.005125023,0.020121185
6.002950000000000,0.003364226,0.020429507,0.978542391,-0.205002691,0.978542391,-0.205002691,0.005118653,0.020061958
6.003000000000000,0.003348637,0.020371713,0.978530903,-0.205063522,0.978530903,-0.205063522,0.00511221,0.020002134
6.003050000000000,0.003332882,0.020313335,0.978519296,-0.205124951,0.978519296,-0.205124951,0.005105694,0.019941704
6.003100000000001,0.00331696,0.020254363,0.978507566,-0.205186985,0.978507566,-0.205186985,0.005099103,0.019880658
6.003150000000001,0.003300866,0.020194788,0.978495712,-0.205249635,0.978495712,-0.205249635,0.005092436,0.019818988
6.003200000000001,0.003284598,0.020134602,0.978483733,-0.205312909,0.978483733,-0.205312909,0.005085692,0.019756683
6.003250000000000,0.003268154,0.020073795,0.978471625,-0.205376818,0.978471625,-0.205376818,0.005078869,0.019693734
6.003300000000000,0.003251531,0.020012357,0.978459387,-0.205441372,0.978459387,-0.205441372,0.005071966,0.019630131
6.003350000000000,0.003234725,0.019950279,0.978447017,-0.20550658,0.978447017,-0.20550658,0.005064982,0.019565864
6.003400000000000,0.003217734,0.01988755,0.978434512,-0.205572452,0.978434512,-0.205572452,0.005057915,0.019500922
6.003450000000000,0.003200555,0.01982416,0.978421871,-0.205639,0.978421871,-0.205639,0.005050764,0.019435294
6.003500000000001,0.003183184,0.0197601,0.97840909,-0.205706233,0.97840909,-0.205706233,0.005043528,0.01936897
6.003550000000001,0.003165619,0.019695357,0.978396168,-0.205774163,0.978396168,-0.205774163,0.005036204,0.019301939
6.003600000000000,0.003147856,0.019629921,0.978383102,-0.205842801,0.978383102,-0.205842801,0.005028792,0.019234189
6.003650000000000,0.003129891,0.019563782,0.97836989,-0.205912159,0.97836989,-0.205912159,0.005021289,0.019165709
6.003700000000000,0.003111722,0.019496927,0.978356529,-0.205982247,0.978356529,-0.205982247,0.005013695,0.019096487
6.003750000000000,0.003093344,0.019429345,0.978343016,-0.206053078,0.978343016,-0.206053078,0.005006007,0.01902651
6.003800000000000,0.003074755,0.019361024,0.978329349,-0.206124663,0.978329349,-0.206124663,0.004998223,0.018955767
6.003850000000001,0.003055951,0.019291953,0.978315526,-0.206197016,0.978315526,-0.206197016,0.004990343,0.018884245
6.003900000000001,0.003036927,0.019222118,0.978301543,-0.20627015,0.978301543,-0.20627015,0.004982364,0.018811931
6.003950000000001,0.00301768,0.019151507,0.978287397,-0.206344076,0.978287397,-0.206344076,0.004974285,0.018738812
6.004000000000000,0.002998207,0.019080107,0.978273087,-0.206418808,0.978273087,-0.206418808,0.004966103,0.018664874
6.004050000000000,0.002978503,0.019007905,0.978258607,-0.20649436,0.978258607,-0.20649436,0.004957816,0.018590103
6.004100000000000,0.002958563,0.018934887,0.978243957,-0.206570746,0.978243957,-0.206570746,0.004949424,0.018514486
6.004150000000000,0.002938385,0.018861039,0.978229132,-0.20664798,0.978229132,-0.20664798,0.004940923,0.018438008
6.004200000000000,0.002917963,0.018786348,0.97821413,-0.206726075,0.97821413,-0.206726075,0.004932312,0.018360655
6.004250000000001,0.002897293,0.018710798,0.978198947,-0.206805048,0.978198947,-0.206805048,0.004923588,0.01828241
6.004300000000001,0.002876371,0.018634375,0.978183579,-0.206884914,0.978183579,-0.206884914,0.004914749,0.01820326
6.004350000000001,0.002855192,0.018557064,0.978168024,-0.206965687,0.978168024,-0.206965687,0.004905794,0.018123187
6.004400000000000,0.002833752,0.018478849,0.978152278,-0.207047384,0.978152278,-0.207047384,0.00489672,0.018042177
6.004450000000000,0.002812045,0.018399715,0.978136336,-0.207130021,0.978136336,-0.207130021,0.004887524,0.017960211
6.004500000000000,0.002790066,0.018319644,0.978120197,-0.207213614,0.978120197,-0.207213614,0.004878204,0.017877274
6.004550000000000,0.002767811,0.018238621,0.978103855,-0.207298181,0.978103855,-0.207298181,0.004868758,0.017793349
6.004600000000000,0.002745273,0.018156629,0.978087307,-0.207383739,0.978087307,-0.207383739,0.004859183,0.017708416
6.004650000000001,0.002722449,0.018073649,0.978070549,-0.207470306,0.978070549,-0.207470306,0.004849476,0.017622459
6.004700000000001,0.002699332,0.017989664,0.978053576,-0.2075579,0.978053576,-0.2075579,0.004839636,0.017535459
6.004750000000000,0.002675917,0.017904656,0.978036386,-0.207646541,0.978036386,-0.207646541,0.004829658,0.017447396
6.004800000000000,0.002652198,0.017818606,0.978018972,-0.207736246,0.978018972,-0.207736246,0.004819541,0.017358251
6.004850000000000,0.002628169,0.017731495,0.978001331,-0.207827036,0.978001331,-0.207827036,0.004809281,0.017268004
6.004900000000000,0.002603824,0.017643303,0.977983459,-0.207918931,0.977983459,-0.207918931,0.004798876,0.017176635
6.004950000000000,0.002579157,0.017554009,0.977965351,-0.208011952,0.977965351,-0.208011952,0.004788323,0.017084122
6.005000000000001,0.002554161,0.017463594,0.977947001,-0.20810612,0.977947001,-0.20810612,0.004777617,0.016990445
6.005050000000001,0.00252883,0.017372036,0.977928405,-0.208201456,0.977928405,-0.208201456,0.004766757,0.01689558
6.005100000000001,0.002503157,0.017279314,0.977909558,-0.208297982,0.977909558,-0.208297982,0.004755738,0.016799506
6.005150000000000,0.002477135,0.017185404,0.977890455,-0.208395723,0.977890455,-0.208395723,0.004744558,0.016702199
6.005200000000000,0.002450758,0.017090284,0.977871091,-0.2084947,0.977871091,-0.2084947,0.004733213,0.016603635
6.005250000000000,0.002424017,0.016993931,0.977851459,-0.208594938,0.977851459,-0.208594938,0.004721699,0.01650379
6.005300000000000,0.002396905,0.016896321,0.977831555,-0.208696462,0.977831555,-0.208696462,0.004710013,0.016402638
6.005350000000000,0.002369415,0.016797428,0.977811372,-0.208799297,0.977811372,-0.208799297,0.004698151,0.016300155
6.005400000000001,0.002341538,0.016697228,0.977790905,-0.208903469,0.977790905,-0.208903469,0.004686108,0.016196313
6.005450000000001,0.002313267,0.016595694,0.977770147,-0.209009005,0.977770147,-0.209009005,0.004673881,0.016091086
6.005500000000001,0.002284593,0.0164928,0.977749093,-0.209115931,0.977749093,-0.209115931,0.004661466,0.015984446
6.005550000000000,0.002255507,0.016388518,0.977727735,-0.209224277,0.977727735,-0.209224277,0.004648859,0.015876364
6.005600000000000,0.002226001,0.016282821,0.977706068,-0.20933407,0.977706068,-0.20933407,0.004636054,0.01576681
6.005650000000000,0.002196066,0.016175678,0.977684083,-0.209445341,0.977684083,-0.209445341,0.004623048,0.015655755
6.005700000000000,0.002165691,0.016067061,0.977661775,-0.209558119,0.977661775,-0.209558119,0.004609835,0.015543168
6.005750000000001,0.002134868,0.015956939,0.977639136,-0.209672437,0.977639136,-0.209672437,0.004596411,0.015429016
6.005800000000001,0.002103587,0.015845281,0.977616158,-0.209788327,0.977616158,-0.209788327,0.004582772,0.015313267
6.005850000000001,0.002071837,0.015732053,0.977592834,-0.209905821,0.977592834,-0.209905821,0.004568911,0.015195888
6.005900000000000,0.002039607,0.015617223,0.977569155,-0.210024954,0.977569155,-0.210024954,0.004554824,0.015076843
6.005950000000000,0.002006888,0.015500758,0.977545115,-0.21014576,0.977545115,-0.21014576,0.004540504,0.014956098
6.006000000000000,0.001973667,0.01538262,0.977520703,-0.210268276,0.977520703,-0.210268276,0.004525948,0.014833615
6.006050000000000,0.001939933,0.015262775,0.977495911,-0.210392538,0.977495911,-0.210392538,0.004511147,0.014709356
6.006100000000000,0.001905675,0.015141186,0.977470731,-0.210518585,0.977470731,-0.210518585,0.004496098,0.014583284
6.006150000000001,0.00187088,0.015017813,0.977445153,-0.210646456,0.977445153,-0.210646456,0.004480792,0.014455358
6.006200000000001,0.001835535,0.014892618,0.977419168,-0.210776191,0.977419168,-0.210776191,0.004465225,0.014325537
6.006250000000001,0.001799627,0.014765561,0.977392765,-0.210907832,0.977392765,-0.210907832,0.004449389,0.014193778
6.006300000000000,0.001763143,0.014636598,0.977365935,-0.211041422,0.977365935,-0.211041422,0.004433277,0.014060038
6.006350000000000,0.00172607,0.014505687,0.977338667,-0.211177004,0.977338667,-0.211177004,0.004416883,0.013924273
6.006400000000000,0.001688392,0.014372785,0.97731095,-0.211314625,0.97731095,-0.211314625,0.004400199,0.013786436
6.006450000000000,0.001650095,0.014237844,0.977282773,-0.211454331,0.977282773,-0.211454331,0.004383217,0.013646478
6.006500000000000,0.001611163,0.014100818,0.977254124,-0.21159617,0.977254124,-0.21159617,0.00436593,0.013504352
6.006550000000001,0.001571581,0.013961659,0.977224992,-0.211740192,0.977224992,-0.211740192,0.00434833,0.013360006
6.006600000000001,0.001531333,0.013820316,0.977195363,-0.211886449,0.977195363,-0.211886449,0.004330408,0.013213388
6.006650000000000,0.001490402,0.013676737,0.977165226,-0.212034993,0.977165226,-0.212034993,0.004312155,0.013064444
6.006700000000000,0.00144877,0.01353087,0.977134566,-0.212185879,0.977134566,-0.212185879,0.004293563,0.012913119
6.006750000000000,0.001406419,0.013382658,0.97710337,-0.212339164,0.97710337,-0.212339164,0.004274622,0.012759354
6.006800000000000,0.00136333,0.013232047,0.977071625,-0.212494906,0.977071625,-0.212494906,0.004255322,0.012603091
6.006850000000000,0.001319485,0.013078975,0.977039314,-0.212653165,0.977039314,-0.212653165,0.004235654,0.012444269
6.006900000000001,0.001274863,0.012923384,0.977006423,-0.212814003,0.977006423,-0.212814003,0.004215607,0.012282823
6.006950000000001,0.001229444,0.012765211,0.976972937,-0.212977484,0.976972937,-0.212977484,0.00419517,0.01211869
6.007000000000001,0.001183205,0.01260439,0.976938838,-0.213143674,0.976938838,-0.213143674,0.004174332,0.0119518
6.007050000000000,0.001136126,0.012440855,0.97690411,-0.213312643,0.97690411,-0.213312643,0.004153081,0.011782084
6.007100000000000,0.001088183,0.012274536,0.976868735,-0.213484461,0.976868735,-0.213484461,0.004131406,0.011609471
6.007150000000000,0.001039352,0.012105363,0.976832695,-0.213659202,0.976832695,-0.213659202,0.004109294,0.011433885
6.007200000000000,9.8960890386e-4,0.011933262,0.976795971,-0.213836941,0.976795971,-0.213836941,0.004086732,0.011255249
6.007250000000000,9.3892732504e-4,0.011758154,0.976758544,-0.214017756,0.976758544,-0.214017756,0.004063706,0.011073483
6.007300000000001,8.8728098688e-4,0.011579963,0.976720392,-0.21420173,0.976720392,-0.21420173,0.004040202,0.010888504
6.007350000000001,8.3464227828e-4,0.011398604,0.976681495,-0.214388946,0.976681495,-0.214388946,0.004016206,0.010700226
6.007400000000001,7.8098252923e-4,0.011213994,0.976641831,-0.214579492,0.976641831,-0.214579492,0.003991702,0.010508561
6.007450000000000,7.2627195982e-4,0.011026044,0.976601377,-0.214773457,0.976601377,-0.214773457,0.003966674,0.010313416
6.007500000000000,6.7047962620e-4,0.010834663,0.976560108,-0.214970936,0.976560108,-0.214970936,0.003941107,0.010114696
6.007550000000000,6.1357336337e-4,0.010639757,0.976518001,-0.215172025,0.976518001,-0.215172025,0.003914982,0.009912303
6.007600000000000,5.5551972466e-4,0.010441226,0.976475029,-0.215376826,0.976475029,-0.215376826,0.003888283,0.009706132
6.007650000000000,4.9628391751e-4,0.01023897,0.976431166,-0.215585442,0.976431166,-0.215585442,0.003860989,0.009496079
6.007700000000001,4.3582973533e-4,0.010032883,0.976386383,-0.215797983,0.976386383,-0.215797983,0.003833082,0.009282031
6.007750000000001,3.7411948535e-4,0.009822855,0.976340652,-0.21601456,0.976340652,-0.21601456,0.003804541,0.009063876
6.007800000000000,3.1111391186e-4,0.009608771,0.976293942,-0.216235291,0.976293942,-0.216235291,0.003775345,0.008841492
6.007850000000000,2.4677211473e-4,0.009390515,0.976246221,-0.216460297,0.976246221,-0.216460297,0.003745472,0.008614757
6.007900000000000,1.8105146282e-4,0.009167962,0.976197457,-0.216689705,0.976197457,-0.216689705,0.003714899,0.008383542
6.007950000000000,1.1390750186e-4,0.008940986,0.976147614,-0.216923645,0.976147614,-0.216923645,0.003683601,0.008147712
6.008000000000000,4.5293856378e-5,0.008709452,0.976096658,-0.217162254,0.976096658,-0.217162254,0.003651553,0.007907129
6.008050000000001,-2.48E-05,0.008473222,0.976044549,-0.217405675,0.976044549,-0.217405675,0.003618729,0.007661647
6.008100000000001,-9.65E-05,0.008232153,0.97599125,-0.217654055,0.97599125,-0.217654055,0.003585101,0.007411116
6.008150000000001,-1.70E-04,0.007986094,0.975936719,-0.217907548,0.975936719,-0.217907548,0.003550639,0.007155378
6.008200000000000,-2.45E-04,0.007734889,0.975880913,-0.218166315,0.975880913,-0.218166315,0.003515314,0.00689427
6.008250000000000,-3.22E-04,0.007478376,0.975823787,-0.218430523,0.975823787,-0.218430523,0.003479093,0.006627622
6.008300000000000,-4.00E-04,0.007216385,0.975765293,-0.218700346,0.975765293,-0.218700346,0.003441943,0.006355254
6.008350000000000,-4.81E-04,0.006948737,0.975705383,-0.218975966,0.975705383,-0.218975966,0.003403829,0.006076982
6.008400000000000,-5.63E-04,0.00667525,0.975644005,-0.219257574,0.975644005,-0.219257574,0.003364713,0.005792611
6.008450000000001,-6.47E-04,0.006395729,0.975581105,-0.219545367,0.975581105,-0.219545367,0.003324557,0.00550194
6.008500000000001,-7.33E-04,0.006109973,0.975516625,-0.219839552,0.975516625,-0.219839552,0.003283321,0.005204757
6.008550000000001,-8.22E-04,0.005817772,0.975450506,-0.220140346,0.975450506,-0.220140346,0.003240961,0.00490084
6.008600000000000,-9.13E-04,0.005518905,0.975382685,-0.220447975,0.975382685,-0.220447975,0.003197432,0.00458996
6.008650000000000,-1.01E-03,0.005213143,0.975313096,-0.220762676,0.975313096,-0.220762676,0.003152686,0.004271874
6.008700000000000,-1.10E-03,0.004900244,0.97524167,-0.221084697,0.97524167,-0.221084697,0.003106675,0.003946329
6.008750000000000,-1.20E-03,0.004579955,0.975168333,-0.221414297,0.975168333,-0.221414297,0.003059343,0.00361306
6.008800000000001,-1.30E-03,0.004252013,0.975093009,-0.221751748,0.975093009,-0.221751748,0.003010637,0.003271789
6.008850000000001,-1.40E-03,0.00391614,0.975015616,-0.222097334,0.975015616,-0.222097334,0.002960497,0.002922226
6.008900000000001,-1.51E-03,0.003572045,0.97493607,-0.222451356,0.97493607,-0.222451356,0.002908861,0.002564064
6.008950000000000,-1.62E-03,0.003219423,0.974854279,-0.222814127,0.974854279,-0.222814127,0.002855663,0.002196983
6.009000000000000,-1.73E-03,0.002857955,0.974770148,-0.223185975,0.974770148,-0.223185975,0.002800834,0.001820647
6.009050000000000,-1.84E-03,0.002487303,0.974683578,-0.223567249,0.974683578,-0.223567249,0.002744299,0.001434701
6.009100000000000,-1.96E-03,0.002107114,0.97459446,-0.223958311,0.97459446,-0.223958311,0.002685982,0.001038773
6.009150000000000,-2.08E-03,0.001717015,0.974502683,-0.224359545,0.974502683,-0.224359545,0.002625798,6.3247097372e-4
6.009200000000001,-2.21E-03,0.001316615,0.974408128,-0.224771354,0.974408128,-0.224771354,0.002563661,2.1538341763e-4
6.009250000000001,-2.34E-03,9.0549998367e-4,0.974310667,-0.225194162,0.974310667,-0.225194162,0.002499476,-2.13E-04
6.009300000000001,-2.47E-03,4.8323611790e-4,0.974210167,-0.225628419,0.974210167,-0.225628419,0.002433145,-6.53E-04
6.009350000000000,-2.61E-03,4.9364050518e-5,0.974106484,-0.226074596,0.974106484,-0.226074596,0.002364562,-1.11E-03
6.009400000000000,-2.75E-03,-3.97E-04,0.973999469,-0.226533193,0.973999469,-0.226533193,0.002293614,-1.57E-03
6.009450000000000,-2.90E-03,-8.55E-04,0.973888959,-0.227004736,0.973888959,-0.227004736,0.002220182,-2.05E-03
6.009500000000000,-3.05E-03,-1.33E-03,0.973774783,-0.227489783,0.973774783,-0.227489783,0.002144137,-2.54E-03
6.009550000000000,-3.20E-03,-1.81E-03,0.973656759,-0.227988924,0.973656759,-0.227988924,0.002065344,-3.05E-03
6.009600000000001,-3.36E-03,-2.31E-03,0.973534691,-0.228502782,0.973534691,-0.228502782,0.001983655,-3.57E-03
6.009650000000001,-3.53E-03,-2.83E-03,0.973408373,-0.229032021,0.973408373,-0.229032021,0.001898915,-4.10E-03
6.009700000000000,-3.70E-03,-3.36E-03,0.97327758,-0.229577341,0.97327758,-0.229577341,0.001810956,-4.66E-03
6.009750000000000,-3.88E-03,-3.90E-03,0.973142077,-0.230139489,0.973142077,-0.230139489,0.001719598,-5.23E-03
6.009800000000000,-4.06E-03,-4.47E-03,0.973001607,-0.230719258,0.973001607,-0.230719258,0.001624649,-5.82E-03
6.009850000000000,-4.25E-03,-5.05E-03,0.972855898,-0.231317488,0.972855898,-0.231317488,0.001525901,-6.42E-03
6.009900000000000,-4.45E-03,-5.65E-03,0.972704657,-0.231935079,0.972704657,-0.231935079,0.001423131,-7.05E-03
6.009950000000001,-4.66E-03,-6.27E-03,0.972547568,-0.232572985,0.972547568,-0.232572985,0.001316098,-7.70E-03
6.010000000000001,-4.87E-03,-6.91E-03,0.972384293,-0.233232227,0.972384293,-0.233232227,0.001204544,-8.37E-03
6.010050000000001,-5.09E-03,-7.57E-03,0.972214466,-0.233913894,0.972214466,-0.233913894,0.001088187,-9.06E-03
6.010100000000000,-5.32E-03,-8.26E-03,0.972037693,-0.234619151,0.972037693,-0.234619151,9.6672524906e-4,-9.78E-03
6.010150000000000,-5.56E-03,-8.97E-03,0.971853548,-0.235349245,0.971853548,-0.235349245,8.3982905404e-4,-0.010520394
6.010200000000000,-5.81E-03,-9.71E-03,0.971661571,-0.236105511,0.971661571,-0.236105511,7.0714225917e-4,-0.011289345
6.010250000000000,-6.07E-03,-0.010468226,0.971461261,-0.236889382,0.971461261,-0.236889382,5.6827747224e-4,-0.012086536
6.010300000000000,-6.34E-03,-0.011258739,0.971252078,-0.237702399,0.971252078,-0.237702399,4.2281307367e-4,-0.012913548
6.010350000000001,-6.62E-03,-0.012079151,0.971033433,-0.238546216,0.971033433,-0.238546216,2.7028944331e-4,-0.013772081
6.010400000000001,-6.92E-03,-0.012931184,0.970804684,-0.239422617,0.970804684,-0.239422617,1.1020468683e-4,-0.014663968
6.010450000000001,-7.22E-03,-0.013816697,0.970565132,-0.240333525,0.970565132,-0.240333525,-5.80E-05,-0.015591186
6.010500000000000,-7.55E-03,-0.014737697,0.970314013,-0.241281018,0.970314013,-0.241281018,-2.35E-04,-0.016555869
6.010550000000000,-7.88E-03,-0.015696353,0.970050492,-0.242267342,0.970050492,-0.242267342,-4.21E-04,-0.01756033
6.010600000000000,-8.24E-03,-0.016695016,0.969773652,-0.243294933,0.969773652,-0.243294933,-6.18E-04,-0.018607073
6.010650000000000,-8.61E-03,-0.017736234,0.969482484,-0.24436643,0.969482484,-0.24436643,-8.25E-04,-0.019698815
6.010700000000000,-9.00E-03,-0.018822777,0.96917588,-0.245484707,0.96917588,-0.245484707,-1.04E-03,-0.020838514
6.010750000000001,-9.41E-03,-0.019957658,0.968852616,-0.246652888,0.968852616,-0.246652888,-1.28E-03,-0.022029389
6.010800000000001,-9.85E-03,-0.021144164,0.968511338,-0.247874384,0.968511338,-0.247874384,-1.52E-03,-0.023274954
6.010850000000000,-0.010304278,-0.022385885,0.968150544,-0.249152921,0.968150544,-0.249152921,-1.78E-03,-0.024579049
6.010900000000000,-0.010787395,-0.023686749,0.967768565,-0.25049258,0.967768565,-0.25049258,-2.06E-03,-0.025945885
6.010950000000000,-0.011298511,-0.025051067,0.967363542,-0.25189784,0.967363542,-0.25189784,-2.35E-03,-0.027380081
6.011000000000000,-0.011840075,-0.026483574,0.966933397,-0.253373624,0.966933397,-0.253373624,-2.67E-03,-0.028886722
6.011050000000000,-0.012414823,-0.027989487,0.966475802,-0.254925361,0.966475802,-0.254925361,-3.01E-03,-0.030471412
6.011100000000001,-0.013025824,-0.029574568,0.965988137,-0.256559046,0.965988137,-0.256559046,-3.37E-03,-0.03214035
6.011150000000001,-0.013676526,-0.031245192,0.965467452,-0.258281321,0.965467452,-0.258281321,-3.75E-03,-0.033900403
6.011200000000001,-0.014370825,-0.033008433,0.964910406,-0.260099561,0.964910406,-0.260099561,-4.17E-03,-0.035759202
6.011250000000000,-0.015113127,-0.034872165,0.964313205,-0.262021976,0.964313205,-0.262021976,-4.61E-03,-0.037725249
6.011300000000000,-0.015908443,-0.036845171,0.963671527,-0.264057737,0.963671527,-0.264057737,-5.10E-03,-0.039808046
6.011350000000000,-0.016762489,-0.038937282,0.962980425,-0.266217114,0.962980425,-0.266217114,-5.62E-03,-0.042018243
6.011400000000000,-0.017681811,-0.041159536,0.962234215,-0.268511649,0.962234215,-0.268511649,-6.18E-03,-0.044367819
6.011450000000000,-0.018673943,-0.043524363,0.961426333,-0.270954352,0.961426333,-0.270954352,-6.80E-03,-0.046870288
6.011500000000001,-0.019747594,-0.046045815,0.960549171,-0.273559947,0.960549171,-0.273559947,-7.48E-03,-0.049540959
6.011550000000001,-0.020912882,-0.048739836,0.959593857,-0.276345155,0.959593857,-0.276345155,-8.21E-03,-0.052397235
6.011600000000000,-0.022181621,-0.05162458,0.958549997,-0.279329044,0.958549997,-0.279329044,-9.02E-03,-0.055458982
6.011650000000000,-0.02356769,-0.054720814,0.957405337,-0.282533448,0.957405337,-0.282533448,-9.92E-03,-0.058748979
6.011700000000000,-0.025087488,-0.058052387,0.956145342,-0.285983482,0.956145342,-0.285983482,-0.010908081,-0.06229346
6.011750000000000,-0.026760521,-0.061646824,0.95475266,-0.289708174,0.95475266,-0.289708174,-0.012009704,-0.066122787
6.011800000000000,-0.028610152,-0.06553604,0.953206426,-0.293741244,0.953206426,-0.293741244,-0.013240788,-0.070272288
6.011850000000001,-0.030664582,-0.069757239,0.95148135,-0.298122071,0.95148135,-0.298122071,-0.014623541,-0.074783291
6.011900000000001,-0.032958125,-0.074354028,0.949546531,-0.302896911,0.949546531,-0.302896911,-0.016185248,-0.079704434
6.011950000000001,-0.035532915,-0.079377816,0.947363861,-0.308120427,0.947363861,-0.308120427,-0.017959739,-0.085093319
6.012000000000000,-0.038441189,-0.084889582,0.944885878,-0.313857635,0.944885878,-0.313857635,-0.01998939,-0.091018624
6.012050000000000,-0.041748402,-0.090962128,0.942052829,-0.320186396,0.942052829,-0.320186396,-0.02232786,-0.09756282
6.012100000000000,-0.045537536,-0.097682953,0.938788591,-0.327200624,0.938788591,-0.327200624,-0.02504392,-0.104825704
6.012150000000000,-0.049915144,-0.105157956,0.93499491,-0.335014459,0.93499491,-0.335014459,-0.028226883,-0.112929003
6.012200000000000,-0.055020001,-0.113516191,0.930543134,-0.343767696,0.930543134,-0.343767696,-0.03199445,-0.12202246
6.012250000000001,-0.061035702,-0.122916012,0.925262092,-0.3536329,0.925262092,-0.3536329,-0.036504266,-0.132291877
6.012300000000001,-0.068209421,-0.1335529,0.918919963,-0.364824699,0.918919963,-0.364824699,-0.04197132,-0.143969822
6.012350000000001,-0.07688047,-0.145669268,0.911196485,-0.377611802,0.911196485,-0.377611802,-0.04869478,-0.157349802
6.012400000000000,-0.087524917,-0.159566118,0.901639278,-0.392332121,0.901639278,-0.392332121,-0.057100483,-0.172804778
6.012450000000000,-0.100827228,-0.175615203,0.889593179,-0.409410514,0.889593179,-0.409410514,-0.067810164,-0.190810404
6.012500000000000,-0.11779874,-0.194266807,0.874082438,-0.42937578,0.874082438,-0.42937578,-0.081757892,-0.211971181
6.012550000000000,-0.139979709,-0.216038177,0.85360788,-0.452864834,0.85360788,-0.452864834,-0.100392466,-0.237040428
6.012600000000000,-0.169794088,-0.241439287,0.825786523,-0.480576129,0.825786523,-0.480576129,-0.126041241,-0.266901791
6.012650000000001,-0.211186047,-0.270710222,0.786694945,-0.513056744,0.786694945,-0.513056744,-0.162582998,-0.30240757
6.012700000000001,-0.270756336,-0.302998287,0.729669436,-0.549968411,0.729669436,-0.549968411,-0.216704315,-0.343738554
6.012750000000000,-0.359605342,-0.333856926,0.643269147,-0.587731241,0.643269147,-0.587731241,-0.300118842,-0.388207584
6.012800000000000,-0.494944732,-0.347849312,0.509089355,-0.612256665,0.509089355,-0.612256665,-0.432318755,-0.423166544
6.012850000000000,-0.692552873,-0.299668401,0.307831983,-0.57948984,0.307831983,-0.57948984,-0.636022499,-0.406086212
6.012900000000000,-0.911958386,-0.095365457,0.072631836,-0.392379557,0.072631836,-0.392379557,-0.885669606,-0.237385797
6.012950000000000,-0.957422655,0.288413493,-2.69E-03,-0.012342428,-2.69E-03,-0.012342428,-0.990547144,0.136590039
6.013000000000001,-0.720259516,0.586624121,0.211125621,0.30417827,0.211125621,0.30417827,-0.80148617,0.46959722
6.013050000000001,-0.436935322,0.647664716,0.489548664,0.38724683,0.489548664,0.38724683,-0.529675913,0.574304414
6.013100000000001,-0.248958293,0.59361852,0.681635847,0.347864135,0.681635847,0.347864135,-0.334621828,0.549901338
6.013150000000000,-0.141433467,0.518604923,0.794945402,0.281260377,0.794945402,0.281260377,-0.216184753,0.492157185
6.013200000000000,-0.080184545,0.451323955,0.861401027,0.218781852,0.861401027,0.218781852,-0.144898435,0.434887745
6.013250000000000,-0.044062094,0.396327546,0.901786694,0.166624967,0.901786694,0.166624967,-0.100472213,0.385904585
6.013300000000000,-0.021886116,0.352191428,0.927387485,0.124236747,0.927387485,0.124236747,-0.071583822,0.345533754
6.013350000000000,-7.77E-03,0.316620495,0.944261861,0.089781361,0.944261861,0.089781361,-0.052035005,0.312412128
6.013400000000001,0.001476371,0.287623502,0.95576473,0.061517891,0.95576473,0.061517891,-0.038337042,0.285060934
6.013450000000001,0.007681102,0.263671332,0.963830916,0.038059481,0.963830916,0.038059481,-0.028448127,0.262244694
6.013500000000001,0.011914164,0.24362721,0.96962215,0.018353555,0.96962215,0.018353555,-0.021125172,0.243001842
6.013550000000000,0.014834144,0.226649122,0.973862241,0.001609822,0.973862241,0.001609822,-0.015583209,0.226598857
6.013600000000000,0.016858431,0.212108846,0.97701728,-0.012767114,0.97701728,-0.012767114,-0.011310027,0.21247695
6.013650000000000,0.018259257,0.199532256,0.979396274,-0.025229932,0.979396274,-0.025229932,-7.96E-03,0.200207734
6.013700000000000,0.019218691,0.188556885,0.981209424,-0.036126735,0.981209424,-0.036126735,-5.30E-03,0.189459659
6.013750000000001,0.019861206,0.178902005,0.982602993,-0.045728411,0.982602993,-0.045728411,-3.16E-03,0.179973364
6.013800000000001,0.020273547,0.170347447,0.98368083,-0.054248261,0.98368083,-0.054248261,-1.42E-03,0.171543747
6.013850000000001,0.020517197,0.162718482,0.984517989,-0.061856135,0.984517989,-0.061856135,1.0696494849e-5,0.164006891
6.013900000000000,0.020636379,0.1558749,0.98516959,-0.068688726,0.98516959,-0.068688726,0.001194294,0.157230464
6.013950000000000,0.020663317,0.149703031,0.985676692,-0.074857138,0.985676692,-0.074857138,0.00218175,0.15110662
6.014000000000000,0.020621763,0.14410984,0.986070275,-0.080452506,0.986070275,-0.080452506,0.003011127,0.145546682
6.014050000000000,0.020529391,0.139018511,0.98637399,-0.08555023,0.98637399,-0.08555023,0.003711931,0.140477131
6.014100000000000,0.020399471,0.1343651,0.986606077,-0.090213187,0.986606077,-0.090213187,0.00430729,0.135836543
6.014150000000001,0.020242036,0.130095979,0.98678074,-0.094494199,0.98678074,-0.094494199,0.004815514,0.13157323
6.014200000000001,0.020064719,0.12616585,0.986909134,-0.098437941,0.986909134,-0.098437941,0.005251232,0.127643408
6.014250000000001,0.019873355,0.122536209,0.987000092,-0.102082446,0.987000092,-0.102082446,0.005626231,0.124009753
6.014300000000000,0.019672423,0.119174125,0.987060652,-0.105460279,0.987060652,-0.105460279,0.005950084,0.120640264
6.014350000000000,0.019465368,0.116051274,0.987096463,-0.10859948,0.987096463,-0.10859948,0.006230621,0.117507355
6.014400000000000,0.019254845,0.113143168,0.987112087,-0.111524318,0.987112087,-0.111524318,0.006474287,0.114587127
6.014450000000000,0.019042898,0.110428531,0.987111223,-0.114255899,0.987111223,-0.114255899,0.006686427,0.11185877
6.014500000000000,0.018831099,0.107888788,0.987096889,-0.116812664,0.987096889,-0.116812664,0.00687149,0.109304089
6.014550000000001,0.018620654,0.10550766,0.987071556,-0.119210793,0.987071556,-0.119210793,0.007033209,0.106907106
6.014600000000001,0.018412479,0.103270814,0.987037258,-0.121464538,0.987037258,-0.121464538,0.007174724,0.104653734
6.014650000000000,0.018207266,0.101165585,0.986995673,-0.123586503,0.986995673,-0.123586503,0.007298694,0.102531505
6.014700000000000,0.018005532,0.099180743,0.986948189,-0.125587872,0.986948189,-0.125587872,0.007407379,0.100529349
6.014750000000000,0.01780765,0.097306295,0.98689596,-0.127478607,0.98689596,-0.127478607,0.007502706,0.098637402
6.014800000000000,0.017613888,0.095533317,0.986839947,-0.129267602,0.986839947,-0.129267602,0.007586328,0.096846846
6.014850000000000,0.017424423,0.093853821,0.98678095,-0.13096283,0.98678095,-0.13096283,0.007659667,0.095149777
6.014900000000001,0.017239366,0.092260631,0.986719638,-0.132571454,0.986719638,-0.132571454,0.007723949,0.093539086
6.014950000000001,0.017058774,0.090747285,0.986656572,-0.134099926,0.986656572,-0.134099926,0.007780236,0.092008368
6.015000000000001,0.016882662,0.08930795,0.98659222,-0.135554079,0.98659222,-0.135554079,0.007829452,0.090551831
6.015050000000000,0.016711011,0.087937342,0.986526976,-0.136939192,0.986526976,-0.136939192,0.007872399,0.089164229
6.015100000000000,0.016543777,0.086630671,0.986461168,-0.138260058,0.986461168,-0.138260058,0.00790978,0.087840796
6.015150000000000,0.016380898,0.085383578,0.986395073,-0.139521038,0.986395073,-0.139521038,0.007942211,0.086577196
6.015200000000000,0.016222293,0.084192092,0.986328921,-0.140726107,0.986328921,-0.140726107,0.007970231,0.085369472
6.015250000000000,0.016067875,0.083052584,0.986262904,-0.141878898,0.986262904,-0.141878898,0.007994317,0.08421401
6.015300000000001,0.015917545,0.081961737,0.986197185,-0.142982737,0.986197185,-0.142982737,0.008014887,0.083107498
6.015350000000001,0.015771199,0.080916505,0.986131897,-0.144040673,0.986131897,-0.144040673,0.008032314,0.082046899
6.015400000000001,0.015628731,0.079914094,0.98606715,-0.145055508,0.98606715,-0.145055508,0.008046926,0.08102942
6.015450000000000,0.015490031,0.078951932,0.986003035,-0.146029823,0.986003035,-0.146029823,0.008059015,0.08005249
6.015500000000000,0.015354991,0.078027649,0.985939628,-0.146965993,0.985939628,-0.146965993,0.00806884,0.079113739
6.015550000000000,0.015223498,0.077139055,0.985876988,-0.147866216,0.985876988,-0.147866216,0.008076633,0.078210977
6.015600000000000,0.015095445,0.076284129,0.985815164,-0.148732522,0.985815164,-0.148732522,0.008082601,0.077342178
6.015650000000000,0.014970723,0.075460995,0.985754194,-0.149566792,0.985754194,-0.149566792,0.008086928,0.076505464
6.015700000000001,0.014849227,0.074667917,0.985694108,-0.15037077,0.985694108,-0.15037077,0.008089779,0.075699096
6.015750000000001,0.014730853,0.073903282,0.985634927,-0.151146078,0.985634927,-0.151146078,0.008091303,0.074921453
6.015800000000000,0.014615499,0.07316559,0.985576668,-0.151894221,0.985576668,-0.151894221,0.008091633,0.074171032
6.015850000000000,0.014503069,0.072453444,0.98551934,-0.152616604,0.98551934,-0.152616604,0.008090888,0.073446431
6.015900000000000,0.014393465,0.071765543,0.98546295,-0.153314535,0.98546295,-0.153314535,0.008089176,0.072746342
6.015950000000000,0.014286595,0.071100671,0.9854075,-0.153989235,0.9854075,-0.153989235,0.008086595,0.072069545
6.016000000000000,0.01418237,0.070457693,0.985352987,-0.154641847,0.985352987,-0.154641847,0.008083231,0.071414898
6.016050000000001,0.014080702,0.069835547,0.985299409,-0.155273438,0.985299409,-0.155273438,0.008079163,0.070781333
6.016100000000001,0.013981508,0.06923324,0.985246758,-0.155885009,0.985246758,-0.155885009,0.008074465,0.070167851
6.016150000000001,0.013884707,0.068649838,0.985195027,-0.156477498,0.985195027,-0.156477498,0.008069199,0.069573512
6.016200000000000,0.01379022,0.068084467,0.985144206,-0.157051785,0.985144206,-0.157051785,0.008063425,0.068997436
6.016250000000000,0.013697973,0.067536305,0.985094282,-0.157608698,0.985094282,-0.157608698,0.008057195,0.068438795
6.016300000000000,0.013607893,0.067004579,0.985045245,-0.158149014,0.985045245,-0.158149014,0.008050559,0.067896812
6.016350000000000,0.01351991,0.066488563,0.98499708,-0.158673466,0.98499708,-0.158673466,0.00804356,0.067370752
6.016400000000000,0.013433956,0.065987571,0.984949773,-0.159182742,0.984949773,-0.159182742,0.008036237,0.066859927
6.016450000000001,0.013349967,0.065500959,0.984903311,-0.159677495,0.984903311,-0.159677495,0.008028627,0.066363684
6.016500000000001,0.01326788,0.065028116,0.984857678,-0.160158337,0.984857678,-0.160158337,0.008020762,0.065881408
6.016550000000001,0.013187636,0.064568467,0.984812859,-0.160625848,0.984812859,-0.160625848,0.008012674,0.065412521
6.016600000000000,0.013109176,0.064121468,0.984768839,-0.161080576,0.984768839,-0.161080576,0.008004387,0.064956471
6.016650000000000,0.013032446,0.063686606,0.984725601,-0.16152304,0.984725601,-0.16152304,0.007995929,0.06451274
6.016700000000000,0.01295739,0.063263393,0.984683131,-0.16195373,0.984683131,-0.16195373,0.00798732,0.064080837
6.016750000000000,0.012883958,0.062851368,0.984641413,-0.162373111,0.984641413,-0.162373111,0.007978583,0.063660295
6.016800000000001,0.012812101,0.062450094,0.984600431,-0.162781625,0.984600431,-0.162781625,0.007969735,0.063250673
6.016850000000001,0.01274177,0.062059156,0.984560169,-0.163179689,0.984560169,-0.163179689,0.007960794,0.062851551
6.016900000000001,0.012672919,0.061678161,0.984520613,-0.1635677,0.984520613,-0.1635677,0.007951775,0.062462531
6.016950000000000,0.012605505,0.061306734,0.984481748,-0.163946035,0.984481748,-0.163946035,0.007942692,0.062083236
6.017000000000000,0.012539484,0.060944521,0.984443558,-0.164315054,0.984443558,-0.164315054,0.007933559,0.061713305
6.017050000000000,0.012474815,0.060591182,0.984406028,-0.164675097,0.984406028,-0.164675097,0.007924388,0.061352397
6.017100000000000,0.01241146,0.060246397,0.984369145,-0.165026489,0.984369145,-0.165026489,0.007915189,0.061000186
6.017150000000000,0.012349379,0.059909859,0.984332893,-0.165369539,0.984332893,-0.165369539,0.007905971,0.060656361
6.017200000000001,0.012288536,0.059581276,0.98429726,-0.165704542,0.98429726,-0.165704542,0.007896745,0.060320628
6.017250000000001,0.012228896,0.05926037,0.98426223,-0.166031778,0.98426223,-0.166031778,0.007887518,0.059992704
6.017300000000001,0.012170424,0.058946875,0.984227792,-0.166351516,0.984227792,-0.166351516,0.007878298,0.05967232
6.017350000000000,0.012113088,0.058640537,0.984193931,-0.166664012,0.984193931,-0.166664012,0.007869091,0.05935922
6.017400000000000,0.012056856,0.058341116,0.984160635,-0.166969509,0.984160635,-0.166969509,0.007859904,0.059053159
6.017450000000000,0.012001697,0.058048378,0.984127891,-0.167268242,0.984127891,-0.167268242,0.007850741,0.058753902
6.017500000000000,0.011947581,0.057762105,0.984095687,-0.167560433,0.984095687,-0.167560433,0.007841609,0.058461224
6.017550000000000,0.011894481,0.057482083,0.984064011,-0.167846297,0.984064011,-0.167846297,0.007832512,0.058174913
6.017600000000001,0.011842368,0.057208112,0.984032851,-0.168126037,0.984032851,-0.168126037,0.007823454,0.057894762
6.017650000000001,0.011791217,0.056939996,0.984002195,-0.168399849,0.984002195,-0.168399849,0.007814438,0.057620575
6.017700000000000,0.011741001,0.056677551,0.983972033,-0.16866792,0.983972033,-0.16866792,0.007805469,0.057352164
6.017750000000000,0.011691696,0.056420599,0.983942353,-0.16893043,0.983942353,-0.16893043,0.007796548,0.057089349
6.017800000000000,0.011643277,0.05616897,0.983913145,-0.169187552,0.983913145,-0.169187552,0.00778768,0.056831956
6.017850000000000,0.011595722,0.0559225,0.983884399,-0.16943945,0.983884399,-0.16943945,0.007778866,0.056579821
6.017900000000000,0.011549008,0.055681032,0.983856103,-0.169686283,0.983856103,-0.169686283,0.007770109,0.056332783
6.017950000000001,0.011503114,0.055444416,0.98382825,-0.169928202,0.98382825,-0.169928202,0.00776141,0.05609069
6.018000000000001,0.011458019,0.055212507,0.983800827,-0.170165355,0.983800827,-0.170165355,0.007752772,0.055853395
6.018050000000001,0.011413702,0.054985167,0.983773828,-0.170397881,0.983773828,-0.170397881,0.007744196,0.055620758
6.018100000000000,0.011370144,0.054762261,0.983747241,-0.170625915,0.983747241,-0.170625915,0.007735683,0.055392642
6.018150000000000,0.011327326,0.054543662,0.983721059,-0.170849587,0.983721059,-0.170849587,0.007727234,0.055168917
6.018200000000000,0.011285229,0.054329247,0.983695272,-0.171069022,0.983695272,-0.171069022,0.007718851,0.054949458
6.018250000000000,0.011243837,0.054118896,0.983669873,-0.171284339,0.983669873,-0.171284339,0.007710534,0.054734144
6.018300000000000,0.011203131,0.053912495,0.983644852,-0.171495656,0.983644852,-0.171495656,0.007702284,0.054522859
6.018350000000001,0.011163096,0.053709934,0.983620202,-0.171703081,0.983620202,-0.171703081,0.007694101,0.054315492
6.018400000000001,0.011123715,0.053511108,0.983595915,-0.171906724,0.983595915,-0.171906724,0.007685987,0.054111934
6.018450000000001,0.011084972,0.053315913,0.983571984,-0.172106687,0.983571984,-0.172106687,0.007677942,0.053912081
6.018500000000000,0.011046853,0.053124252,0.9835484,-0.172303069,0.9835484,-0.172303069,0.007669965,0.053715834
6.018550000000000,0.011009342,0.05293603,0.983525157,-0.172495967,0.983525157,-0.172495967,0.007662058,0.053523096
6.018600000000000,0.010972425,0.052751155,0.983502247,-0.172685474,0.983502247,-0.172685474,0.00765422,0.053333774
6.018650000000000,0.01093609,0.052569538,0.983479664,-0.172871678,0.983479664,-0.172871678,0.007646451,0.053147778
6.018700000000000,0.010900321,0.052391095,0.983457401,-0.173054666,0.983457401,-0.173054666,0.007638751,0.052965021
6.018750000000001,0.010865107,0.052215744,0.983435451,-0.173234522,0.983435451,-0.173234522,0.007631121,0.05278542
6.018800000000001,0.010830435,0.052043403,0.983413808,-0.173411325,0.983413808,-0.173411325,0.00762356,0.052608893
6.018850000000000,0.010796293,0.051873998,0.983392466,-0.173585153,0.983392466,-0.173585153,0.007616068,0.052435363
6.018900000000000,0.010762668,0.051707454,0.983371419,-0.173756082,0.983371419,-0.173756082,0.007608645,0.052264753
6.018950000000000,0.010729549,0.051543699,0.983350661,-0.173924184,0.983350661,-0.173924184,0.00760129,0.052096992
6.019000000000000,0.010696926,0.051382663,0.983330185,-0.17408953,0.983330185,-0.17408953,0.007594003,0.051932008
6.019050000000000,0.010664786,0.05122428,0.983309987,-0.174252186,0.983309987,-0.174252186,0.007586784,0.051769734
6.019100000000001,0.010633121,0.051068484,0.983290061,-0.174412219,0.983290061,-0.174412219,0.007579633,0.051610102
6.019150000000001,0.010601918,0.050915214,0.983270401,-0.174569692,0.983270401,-0.174569692,0.007572549,0.051453049
6.019200000000001,0.010571169,0.050764408,0.983251003,-0.174724667,0.983251003,-0.174724667,0.007565531,0.051298514
6.019250000000000,0.010540864,0.050616007,0.983231861,-0.174877204,0.983231861,-0.174877204,0.00755858,0.051146436
6.019300000000000,0.010510994,0.050469954,0.98321297,-0.175027359,0.98321297,-0.175027359,0.007551695,0.050996757
6.019350000000000,0.010481548,0.050326195,0.983194326,-0.175175189,0.983194326,-0.175175189,0.007544875,0.050849422
6.019400000000000,0.010452519,0.050184675,0.983175924,-0.175320749,0.983175924,-0.175320749,0.007538119,0.050704375
6.019450000000000,0.010423898,0.050045343,0.983157758,-0.17546409,0.983157758,-0.17546409,0.007531428,0.050561564
6.019500000000001,0.010395676,0.049908149,0.983139826,-0.175605263,0.983139826,-0.175605263,0.007524801,0.050420937
6.019550000000001,0.010367845,0.049773044,0.983122121,-0.175744318,0.983122121,-0.175744318,0.007518237,0.050282445
6.019600000000001,0.010340397,0.04963998,0.98310464,-0.175881303,0.98310464,-0.175881303,0.007511735,0.050146041
6.019650000000000,0.010313324,0.049508913,0.98308738,-0.176016263,0.98308738,-0.176016263,0.007505295,0.050011676
6.019700000000000,0.01028662,0.049379796,0.983070335,-0.176149245,0.983070335,-0.176149245,0.007498917,0.049879306
6.019750000000000,0.010260276,0.049252588,0.983053501,-0.176280291,0.983053501,-0.176280291,0.0074926,0.049748887
6.019800000000000,0.010234285,0.049127247,0.983036876,-0.176409444,0.983036876,-0.176409444,0.007486343,0.049620376
6.019850000000001,0.01020864,0.04900373,0.983020454,-0.176536746,0.983020454,-0.176536746,0.007480146,0.049493731
6.019900000000001,0.010183335,0.048882,0.983004233,-0.176662236,0.983004233,-0.176662236,0.007474008,0.049368913
6.019950000000001,0.010158363,0.048762018,0.982988208,-0.176785953,0.982988208,-0.176785953,0.007467929,0.049245882
6.020000000000000,0.010133718,0.048643746,0.982972377,-0.176907936,0.982972377,-0.176907936,0.007461907,0.0491246
6.020050000000000,0.010109393,0.048527149,0.982956735,-0.17702822,0.982956735,-0.17702822,0.007455943,0.04900503
6.020100000000000,0.010085382,0.04841219,0.982941279,-0.177146841,0.982941279,-0.177146841,0.007450036,0.048887137
6.020150000000000,0.010061678,0.048298837,0.982926007,-0.177263834,0.982926007,-0.177263834,0.007444184,0.048770885
6.020200000000000,0.010038278,0.048187054,0.982910914,-0.177379233,0.982910914,-0.177379233,0.007438389,0.04865624
6.020250000000001,0.010015174,0.048076811,0.982895998,-0.177493071,0.982895998,-0.177493071,0.007432648,0.04854317
6.020300000000001,0.009992361,0.047968076,0.982881255,-0.177605379,0.982881255,-0.177605379,0.007426961,0.048431642
6.020350000000001,0.009969833,0.047860818,0.982866683,-0.177716189,0.982866683,-0.177716189,0.007421329,0.048321624
6.020400000000000,0.009947586,0.047755006,0.982852279,-0.177825531,0.982852279,-0.177825531,0.007415749,0.048213088
6.020450000000000,0.009925615,0.047650613,0.982838039,-0.177933433,0.982838039,-0.177933433,0.007410222,0.048106002
6.020500000000000,0.009903913,0.04754761,0.982823961,-0.178039925,0.982823961,-0.178039925,0.007404747,0.048000339
6.020550000000000,0.009882477,0.047445969,0.982810042,-0.178145035,0.982810042,-0.178145035,0.007399324,0.047896069
6.020600000000000,0.009861301,0.047345664,0.98279628,-0.17824879,0.98279628,-0.17824879,0.007393951,0.047793167
6.020650000000001,0.009840382,0.047246669,0.982782671,-0.178351216,0.982782671,-0.178351216,0.007388628,0.047691604
6.020700000000001,0.009819714,0.047148958,0.982769214,-0.178452339,0.982769214,-0.178452339,0.007383355,0.047591356
6.020750000000000,0.009799292,0.047052506,0.982755905,-0.178552184,0.982755905,-0.178552184,0.007378131,0.047492396
6.020800000000000,0.009779113,0.046957289,0.982742743,-0.178650775,0.982742743,-0.178650775,0.007372956,0.047394701
6.020850000000000,0.009759173,0.046863284,0.982729724,-0.178748137,0.982729724,-0.178748137,0.007367829,0.047298246
6.020900000000000,0.009739466,0.046770468,0.982716847,-0.178844292,0.982716847,-0.178844292,0.007362749,0.047203007
6.020950000000000,0.00971999,0.046678819,0.982704109,-0.178939263,0.982704109,-0.178939263,0.007357716,0.047108963
6.021000000000001,0.00970074,0.046588314,0.982691508,-0.179033073,0.982691508,-0.179033073,0.00735273,0.047016091
6.021050000000001,0.009681712,0.046498932,0.982679041,-0.179125742,0.982679041,-0.179125742,0.007347789,0.046924368
6.021100000000001,0.009662902,0.046410654,0.982666707,-0.179217293,0.982666707,-0.179217293,0.007342893,0.046833775
6.021150000000000,0.009644308,0.046323458,0.982654503,-0.179307744,0.982654503,-0.179307744,0.007338043,0.046744289
6.021200000000000,0.009625924,0.046237324,0.982642428,-0.179397117,0.982642428,-0.179397117,0.007333236,0.046655892
6.021250000000000,0.009607748,0.046152234,0.982630479,-0.179485431,0.982630479,-0.179485431,0.007328473,0.046568564
6.021300000000000,0.009589776,0.046068169,0.982618654,-0.179572705,0.982618654,-0.179572705,0.007323754,0.046482284
6.021350000000000,0.009572005,0.045985111,0.982606951,-0.179658957,0.982606951,-0.179658957,0.007319077,0.046397035
6.021400000000001,0.009554432,0.045903041,0.982595369,-0.179744206,0.982595369,-0.179744206,0.007314442,0.046312799
6.021450000000001,0.009537053,0.045821941,0.982583905,-0.179828469,0.982583905,-0.179828469,0.007309849,0.046229556
6.021500000000001,0.009519864,0.045741796,0.982572558,-0.179911764,0.982572558,-0.179911764,0.007305297,0.046147291
6.021550000000000,0.009502864,0.045662588,0.982561326,-0.179994107,0.982561326,-0.179994107,0.007300786,0.046065985
6.021600000000000,0.009486049,0.045584301,0.982550207,-0.180075516,0.982550207,-0.180075516,0.007296316,0.045985623
6.021650000000000,0.009469415,0.045506919,0.982539199,-0.180156006,0.982539199,-0.180156006,0.007291885,0.045906187
6.021700000000000,0.009452961,0.045430427,0.982528302,-0.180235593,0.982528302,-0.180235593,0.007287493,0.045827663
6.021750000000000,0.009436683,0.045354809,0.982517512,-0.180314292,0.982517512,-0.180314292,0.00728314,0.045750034
6.021800000000001,0.009420578,0.04528005,0.982506828,-0.180392119,0.982506828,-0.180392119,0.007278826,0.045673285
6.021850000000001,0.009404644,0.045206136,0.98249625,-0.180469088,0.98249625,-0.180469088,0.00727455,0.045597402
6.021900000000000,0.009388878,0.045133053,0.982485774,-0.180545213,0.982485774,-0.180545213,0.007270311,0.04552237
6.021950000000000,0.009373278,0.045060787,0.982475401,-0.18062051,0.982475401,-0.18062051,0.007266109,0.045448175
6.022000000000000,0.00935784,0.044989324,0.982465127,-0.18069499,0.982465127,-0.18069499,0.007261944,0.045374802
6.022050000000000,0.009342563,0.044918651,0.982454952,-0.180768669,0.982454952,-0.180768669,0.007257815,0.045302239
6.022100000000000,0.009327444,0.044848755,0.982444875,-0.180841559,0.982444875,-0.180841559,0.007253722,0.045230472
6.022150000000001,0.00931248,0.044779624,0.982434893,-0.180913672,0.982434893,-0.180913672,0.007249665,0.045159489
6.022200000000001,0.009297669,0.044711244,0.982425006,-0.180985023,0.982425006,-0.180985023,0.007245642,0.045089275
6.022250000000001,0.009283009,0.044643604,0.982415212,-0.181055622,0.982415212,-0.181055622,0.007241654,0.04501982
6.022300000000000,0.009268497,0.044576693,0.98240551,-0.181125482,0.98240551,-0.181125482,0.007237701,0.04495111
6.022350000000000,0.009254132,0.044510497,0.982395899,-0.181194614,0.982395899,-0.181194614,0.007233781,0.044883135
6.022400000000000,0.009239911,0.044445006,0.982386376,-0.181263031,0.982386376,-0.181263031,0.007229894,0.044815881
6.022450000000000,0.009225832,0.044380209,0.982376942,-0.181330744,0.982376942,-0.181330744,0.00722604,0.044749339
6.022500000000000,0.009211893,0.044316095,0.982367594,-0.181397763,0.982367594,-0.181397763,0.007222219,0.044683496
6.022550000000001,0.009198092,0.044252652,0.982358331,-0.1814641,0.982358331,-0.1814641,0.007218431,0.044618342
6.022600000000001,0.009184427,0.044189872,0.982349153,-0.181529765,0.982349153,-0.181529765,0.007214674,0.044553866
6.022650000000001,0.009170895,0.044127742,0.982340058,-0.181594769,0.982340058,-0.181594769,0.007210949,0.044490058
6.022700000000000,0.009157496,0.044066254,0.982331045,-0.181659121,0.982331045,-0.181659121,0.007207255,0.044426907
6.022750000000000,0.009144226,0.044005398,0.982322113,-0.181722832,0.982322113,-0.181722832,0.007203592,0.044364403
6.022800000000000,0.009131085,0.043945163,0.98231326,-0.181785912,0.98231326,-0.181785912,0.007199959,0.044302536
6.022850000000000,0.00911807,0.043885541,0.982304486,-0.18184837,0.982304486,-0.18184837,0.007196357,0.044241297
6.022900000000001,0.00910518,0.043826521,0.98229579,-0.181910215,0.98229579,-0.181910215,0.007192784,0.044180677
6.022950000000001,0.009092412,0.043768096,0.98228717,-0.181971457,0.98228717,-0.181971457,0.00718924,0.044120665
6.023000000000001,0.009079766,0.043710256,0.982278625,-0.182032104,0.982278625,-0.182032104,0.007185726,0.044061254
6.023050000000000,0.009067239,0.043652993,0.982270155,-0.182092166,0.982270155,-0.182092166,0.007182241,0.044002433
6.023100000000000,0.009054829,0.043596298,0.982261758,-0.182151651,0.982261758,-0.182151651,0.007178784,0.043944194
6.023150000000000,0.009042536,0.043540162,0.982253434,-0.182210568,0.982253434,-0.182210568,0.007175355,0.04388653
6.023200000000000,0.009030357,0.043484577,0.982245181,-0.182268925,0.982245181,-0.182268925,0.007171954,0.04382943
6.023250000000000,0.009018291,0.043429536,0.982236999,-0.18232673,0.982236999,-0.18232673,0.007168581,0.043772888
6.023300000000001,0.009006337,0.04337503,0.982228886,-0.182383991,0.982228886,-0.182383991,0.007165235,0.043716894
6.023350000000001,0.008994492,0.043321052,0.982220842,-0.182440716,0.982220842,-0.182440716,0.007161916,0.043661442
6.023400000000001,0.008982756,0.043267594,0.982212866,-0.182496913,0.982212866,-0.182496913,0.007158623,0.043606522
6.023450000000000,0.008971126,0.043214649,0.982204957,-0.18255259,0.982204957,-0.18255259,0.007155357,0.043552129
6.023500000000000,0.008959602,0.043162209,0.982197114,-0.182607753,0.982197114,-0.182607753,0.007152117,0.043498253
6.023550000000000,0.008948183,0.043110267,0.982189336,-0.182662409,0.982189336,-0.182662409,0.007148903,0.043444889
6.023600000000000,0.008936865,0.043058817,0.982181622,-0.182716567,0.982181622,-0.182716567,0.007145714,0.043392028
6.023650000000000,0.008925649,0.043007851,0.982173972,-0.182770233,0.982173972,-0.182770233,0.00714255,0.043339664
6.023700000000001,0.008914533,0.042957362,0.982166385,-0.182823414,0.982166385,-0.182823414,0.007139411,0.043287789
6.023750000000001,0.008903516,0.042907344,0.982158859,-0.182876117,0.982158859,-0.182876117,0.007136297,0.043236397
6.023800000000000,0.008892596,0.04285779,0.982151395,-0.182928348,0.982151395,-0.182928348,0.007133208,0.043185482
6.023850000000000,0.008881772,0.042808694,0.982143991,-0.182980114,0.982143991,-0.182980114,0.007130142,0.043135036
6.023900000000000,0.008871043,0.04276005,0.982136647,-0.183031421,0.982136647,-0.183031421,0.0071271,0.043085053
6.023950000000000,0.008860408,0.042711852,0.982129361,-0.183082276,0.982129361,-0.183082276,0.007124082,0.043035527
6.024000000000000,0.008849865,0.042664093,0.982122134,-0.183132684,0.982122134,-0.183132684,0.007121087,0.042986452
6.024050000000001,0.008839413,0.042616767,0.982114964,-0.183182652,0.982114964,-0.183182652,0.007118116,0.042937822
6.024100000000001,0.008829051,0.042569869,0.982107851,-0.183232186,0.982107851,-0.183232186,0.007115167,0.04288963
6.024150000000001,0.008818778,0.042523393,0.982100794,-0.18328129,0.982100794,-0.18328129,0.007112241,0.04284187
6.024200000000000,0.008808593,0.042477333,0.982093793,-0.183329972,0.982093793,-0.183329972,0.007109337,0.042794538
6.024250000000000,0.008798495,0.042431683,0.982086846,-0.183378237,0.982086846,-0.183378237,0.007106456,0.042747627
6.024300000000000,0.008788482,0.042386439,0.982079952,-0.18342609,0.982079952,-0.18342609,0.007103596,0.042701132
6.024350000000000,0.008778554,0.042341595,0.982073113,-0.183473537,0.982073113,-0.183473537,0.007100758,0.042655046
6.024400000000000,0.00876871,0.042297146,0.982066326,-0.183520583,0.982066326,-0.183520583,0.007097941,0.042609366
6.024450000000001,0.008758947,0.042253086,0.982059591,-0.183567233,0.982059591,-0.183567233,0.007095146,0.042564086
6.024500000000001,0.008749267,0.04220941,0.982052907,-0.183613492,0.982052907,-0.183613492,0.007092372,0.042519199
6.024550000000001,0.008739666,0.042166114,0.982046274,-0.183659366,0.982046274,-0.183659366,0.007089618,0.042474702
6.024600000000000,0.008730145,0.042123193,0.982039692,-0.18370486,0.982039692,-0.18370486,0.007086885,0.04243059
6.024650000000000,0.008720703,0.042080641,0.982033159,-0.183749977,0.982033159,-0.183749977,0.007084173,0.042386856
6.024700000000000,0.008711338,0.042038455,0.982026675,-0.183794724,0.982026675,-0.183794724,0.00708148,0.042343498
6.024750000000000,0.008702049,0.041996629,0.98202024,-0.183839105,0.98202024,-0.183839105,0.007078808,0.042300508
6.024800000000000,0.008692837,0.041955158,0.982013853,-0.183883124,0.982013853,-0.183883124,0.007076155,0.042257884
6.024850000000001,0.008683699,0.041914039,0.982007513,-0.183926786,0.982007513,-0.183926786,0.007073522,0.042215621
6.024900000000001,0.008674634,0.041873267,0.982001219,-0.183970096,0.982001219,-0.183970096,0.007070908,0.042173713
6.024950000000000,0.008665643,0.041832837,0.981994972,-0.184013057,0.981994972,-0.184013057,0.007068313,0.042132157
6.025000000000000,0.008656724,0.041792746,0.981988771,-0.184055675,0.981988771,-0.184055675,0.007065737,0.042090948
6.025050000000000,0.008647876,0.041752989,0.981982615,-0.184097954,0.981982615,-0.184097954,0.00706318,0.042050082
6.025100000000000,0.008639099,0.041713562,0.981976504,-0.184139897,0.981976504,-0.184139897,0.007060642,0.042009554
6.025150000000000,0.008630391,0.04167446,0.981970436,-0.184181509,0.981970436,-0.184181509,0.007058121,0.041969361
6.025200000000001,0.008621752,0.041635681,0.981964413,-0.184222794,0.981964413,-0.184222794,0.007055619,0.041929498
6.025250000000001,0.008613181,0.041597219,0.981958433,-0.184263755,0.981958433,-0.184263755,0.007053135,0.041889961
6.025300000000001,0.008604677,0.041559072,0.981952495,-0.184304398,0.981952495,-0.184304398,0.007050669,0.041850747
6.025350000000000,0.00859624,0.041521235,0.981946599,-0.184344726,0.981946599,-0.184344726,0.007048221,0.041811851
6.025400000000000,0.008587868,0.041483704,0.981940746,-0.184384741,0.981940746,-0.184384741,0.00704579,0.04177327
6.025450000000000,0.008579561,0.041446476,0.981934933,-0.18442445,0.981934933,-0.18442445,0.007043376,0.041734999
6.025500000000000,0.008571319,0.041409548,0.981929162,-0.184463854,0.981929162,-0.184463854,0.007040979,0.041697036
6.025550000000000,0.008563139,0.041372915,0.981923431,-0.184502957,0.981923431,-0.184502957,0.0070386,0.041659376
6.025600000000001,0.008555023,0.041336574,0.981917739,-0.184541764,0.981917739,-0.184541764,0.007036237,0.041622016
6.025650000000001,0.008546968,0.041300522,0.981912087,-0.184580277,0.981912087,-0.184580277,0.007033891,0.041584952
6.025700000000001,0.008538975,0.041264755,0.981906475,-0.184618501,0.981906475,-0.184618501,0.007031561,0.041548181
6.025750000000000,0.008531042,0.041229271,0.981900901,-0.184656438,0.981900901,-0.184656438,0.007029248,0.041511699
6.025800000000000,0.00852317,0.041194064,0.981895365,-0.184694091,0.981895365,-0.184694091,0.00702695,0.041475503
6.025850000000000,0.008515356,0.041159134,0.981889867,-0.184731465,0.981889867,-0.184731465,0.007024669,0.04143959
6.025900000000000,0.008507601,0.041124475,0.981884406,-0.184768563,0.981884406,-0.184768563,0.007022403,0.041403957
6.025950000000001,0.008499905,0.041090086,0.981878982,-0.184805386,0.981878982,-0.184805386,0.007020154,0.041368599
6.026000000000001,0.008492265,0.041055962,0.981873595,-0.18484194,0.981873595,-0.18484194,0.007017919,0.041333515
6.026050000000001,0.008484682,0.041022102,0.981868244,-0.184878226,0.981868244,-0.184878226,0.0070157,0.0412987
6.026100000000000,0.008477155,0.040988501,0.981862929,-0.184914249,0.981862929,-0.184914249,0.007013497,0.041264152
6.026150000000000,0.008469684,0.040955157,0.981857649,-0.18495001,0.981857649,-0.18495001,0.007011308,0.041229868
6.026200000000000,0.008462268,0.040922067,0.981852404,-0.184985513,0.981852404,-0.184985513,0.007009135,0.041195845
6.026250000000000,0.008454906,0.040889229,0.981847195,-0.18502076,0.981847195,-0.18502076,0.007006976,0.04116208
6.026300000000000,0.008447597,0.040856638,0.981842019,-0.185055756,0.981842019,-0.185055756,0.007004832,0.041128569
6.026350000000001,0.008440342,0.040824294,0.981836877,-0.185090501,0.981836877,-0.185090501,0.007002702,0.041095311
6.026400000000001,0.008433139,0.040792192,0.981831769,-0.185125,0.981831769,-0.185125,0.007000587,0.041062301
6.026450000000001,0.008425989,0.04076033,0.981826694,-0.185159255,0.981826694,-0.185159255,0.006998486,0.041029539
6.026500000000000,0.008418889,0.040728706,0.981821653,-0.185193269,0.981821653,-0.185193269,0.006996399,0.04099702
6.026550000000000,0.008411841,0.040697316,0.981816643,-0.185227044,0.981816643,-0.185227044,0.006994326,0.040964742
6.026600000000000,0.008404843,0.040666159,0.981811666,-0.185260583,0.981811666,-0.185260583,0.006992267,0.040932702
6.026650000000000,0.008397895,0.040635231,0.981806721,-0.185293888,0.981806721,-0.185293888,0.006990221,0.040900899
6.026700000000000,0.008390996,0.040604531,0.981801808,-0.185326962,0.981801808,-0.185326962,0.00698819,0.040869328
6.026750000000001,0.008384146,0.040574055,0.981796925,-0.185359809,0.981796925,-0.185359809,0.006986171,0.040837989
6.026800000000001,0.008377344,0.040543802,0.981792074,-0.185392429,0.981792074,-0.185392429,0.006984166,0.040806877
6.026850000000000,0.00837059,0.040513768,0.981787253,-0.185424826,0.981787253,-0.185424826,0.006982175,0.040775991
6.026900000000000,0.008363883,0.040483952,0.981782463,-0.185457001,0.981782463,-0.185457001,0.006980196,0.040745329
6.026950000000000,0.008357223,0.040454351,0.981777703,-0.185488958,0.981777703,-0.185488958,0.00697823,0.040714887
6.027000000000000,0.00835061,0.040424963,0.981772972,-0.185520699,0.981772972,-0.185520699,0.006976278,0.040684665
6.027050000000000,0.008344042,0.040395786,0.981768271,-0.185552226,0.981768271,-0.185552226,0.006974338,0.040654658
6.027100000000001,0.00833752,0.040366817,0.981763599,-0.18558354,0.981763599,-0.18558354,0.00697241,0.040624865
6.027150000000001,0.008331042,0.040338054,0.981758956,-0.185614646,0.981758956,-0.185614646,0.006970495,0.040595284
6.027200000000001,0.008324609,0.040309495,0.981754341,-0.185645544,0.981754341,-0.185645544,0.006968593,0.040565912
6.027250000000000,0.00831822,0.040281138,0.981749755,-0.185676236,0.981749755,-0.185676236,0.006966703,0.040536748
6.027300000000000,0.008311875,0.04025298,0.981745197,-0.185706726,0.981745197,-0.185706726,0.006964825,0.040507789
6.027350000000000,0.008305573,0.04022502,0.981740666,-0.185737015,0.981740666,-0.185737015,0.006962959,0.040479032
6.027400000000000,0.008299313,0.040197256,0.981736163,-0.185767105,0.981736163,-0.185767105,0.006961105,0.040450477
6.027450000000000,0.008293096,0.040169686,0.981731687,-0.185796998,0.981731687,-0.185796998,0.006959263,0.04042212
6.027500000000001,0.008286921,0.040142307,0.981727238,-0.185826697,0.981727238,-0.185826697,0.006957433,0.04039396
6.027550000000001,0.008280787,0.040115117,0.981722816,-0.185856203,0.981722816,-0.185856203,0.006955614,0.040365995
6.027600000000001,0.008274694,0.040088115,0.98171842,-0.185885518,0.98171842,-0.185885518,0.006953807,0.040338222
6.027650000000000,0.008268642,0.040061299,0.98171405,-0.185914644,0.98171405,-0.185914644,0.006952011,0.04031064
6.027700000000000,0.00826263,0.040034667,0.981709706,-0.185943583,0.981709706,-0.185943583,0.006950227,0.040283247
6.027750000000000,0.008256658,0.040008217,0.981705388,-0.185972338,0.981705388,-0.185972338,0.006948454,0.040256041
6.027800000000000,0.008250725,0.039981946,0.981701095,-0.186000909,0.981701095,-0.186000909,0.006946692,0.04022902
6.027850000000001,0.008244832,0.039955855,0.981696827,-0.186029299,0.981696827,-0.186029299,0.006944941,0.040202182
6.027900000000001,0.008238977,0.039929939,0.981692585,-0.18605751,0.981692585,-0.18605751,0.006943201,0.040175525
6.027950000000001,0.00823316,0.039904199,0.981688367,-0.186085543,0.981688367,-0.186085543,0.006941472,0.040149047
6.028000000000000,0.008227382,0.039878631,0.981684173,-0.1861134,0.981684173,-0.1861134,0.006939754,0.040122748
6.028050000000000,0.008221641,0.039853235,0.981680004,-0.186141083,0.981680004,-0.186141083,0.006938046,0.040096624
6.028100000000000,0.008215937,0.039828008,0.981675858,-0.186168594,0.981675858,-0.186168594,0.006936349,0.040070674
6.028150000000000,0.00821027,0.039802949,0.981671737,-0.186195934,0.981671737,-0.186195934,0.006934663,0.040044897
6.028200000000000,0.00820464,0.039778057,0.981667639,-0.186223104,0.981667639,-0.186223104,0.006932986,0.040019291
6.028250000000001,0.008199046,0.039753329,0.981663565,-0.186250108,0.981663565,-0.186250108,0.006931321,0.039993854
6.028300000000001,0.008193488,0.039728764,0.981659513,-0.186276946,0.981659513,-0.186276946,0.006929665,0.039968584
6.028350000000001,0.008187965,0.039704361,0.981655485,-0.186303619,0.981655485,-0.186303619,0.006928019,0.03994348
6.028400000000000,0.008182477,0.039680117,0.981651479,-0.186330131,0.981651479,-0.186330131,0.006926384,0.03991854
6.028450000000000,0.008177025,0.039656032,0.981647496,-0.186356481,0.981647496,-0.186356481,0.006924759,0.039893763
6.028500000000000,0.008171607,0.039632103,0.981643535,-0.186382672,0.981643535,-0.186382672,0.006923143,0.039869147
6.028550000000000,0.008166223,0.03960833,0.981639596,-0.186408705,0.981639596,-0.186408705,0.006921537,0.03984469
6.028600000000000,0.008160873,0.03958471,0.981635679,-0.186434581,0.981635679,-0.186434581,0.006919941,0.039820392
6.028650000000001,0.008155556,0.039561243,0.981631783,-0.186460303,0.981631783,-0.186460303,0.006918355,0.039796249
6.028700000000001,0.008150273,0.039537927,0.98162791,-0.186485872,0.98162791,-0.186485872,0.006916778,0.039772262
6.028750000000000,0.008145023,0.03951476,0.981624057,-0.186511288,0.981624057,-0.186511288,0.00691521,0.039748428
6.028800000000000,0.008139805,0.039491741,0.981620226,-0.186536554,0.981620226,-0.186536554,0.006913652,0.039724747
6.028850000000000,0.00813462,0.039468869,0.981616415,-0.186561671,0.981616415,-0.186561671,0.006912104,0.039701215
6.028900000000000,0.008129467,0.039446142,0.981612626,-0.186586641,0.981612626,-0.186586641,0.006910564,0.039677833
6.028950000000000,0.008124346,0.039423558,0.981608857,-0.186611464,0.981608857,-0.186611464,0.006909034,0.039654599
6.029000000000001,0.008119256,0.039401118,0.981605108,-0.186636142,0.981605108,-0.186636142,0.006907513,0.039631511
6.029050000000001,0.008114197,0.039378818,0.981601379,-0.186660677,0.981601379,-0.186660677,0.006906001,0.039608569
6.029100000000001,0.008109169,0.039356658,0.981597671,-0.186685069,0.981597671,-0.186685069,0.006904497,0.03958577
6.029150000000000,0.008104172,0.039334637,0.981593982,-0.186709321,0.981593982,-0.186709321,0.006903003,0.039563113
6.029200000000000,0.008099206,0.039312754,0.981590313,-0.186733433,0.981590313,-0.186733433,0.006901517,0.039540597
6.029250000000000,0.008094269,0.039291006,0.981586664,-0.186757407,0.981586664,-0.186757407,0.006900041,0.039518221
6.029300000000000,0.008089362,0.039269393,0.981583034,-0.186781243,0.981583034,-0.186781243,0.006898572,0.039495984
6.029350000000000,0.008084485,0.039247913,0.981579423,-0.186804944,0.981579423,-0.186804944,0.006897113,0.039473884
6.029400000000001,0.008079638,0.039226566,0.981575831,-0.186828511,0.981575831,-0.186828511,0.006895662,0.039451919
6.029450000000001,0.008074819,0.03920535,0.981572257,-0.186851944,0.981572257,-0.186851944,0.006894219,0.03943009
6.029500000000001,0.008070029,0.039184264,0.981568703,-0.186875245,0.981568703,-0.186875245,0.006892785,0.039408394
6.029550000000000,0.008065268,0.039163307,0.981565167,-0.186898415,0.981565167,-0.186898415,0.006891359,0.03938683
6.029600000000000,0.008060534,0.039142477,0.981561649,-0.186921455,0.981561649,-0.186921455,0.006889941,0.039365397
6.029650000000000,0.008055829,0.039121774,0.98155815,-0.186944367,0.98155815,-0.186944367,0.006888532,0.039344094
6.029700000000000,0.008051152,0.039101196,0.981554668,-0.186967151,0.981554668,-0.186967151,0.00688713,0.03932292
6.029750000000000,0.008046503,0.039080742,0.981551205,-0.186989809,0.981551205,-0.186989809,0.006885737,0.039301874
6.029800000000001,0.00804188,0.039060411,0.981547759,-0.187012342,0.981547759,-0.187012342,0.006884351,0.039280954
6.029850000000001,0.008037285,0.039040203,0.981544331,-0.187034751,0.981544331,-0.187034751,0.006882974,0.039260159
6.029900000000000,0.008032717,0.039020115,0.98154092,-0.187057037,0.98154092,-0.187057037,0.006881604,0.039239489
6.029950000000000,0.008028175,0.039000147,0.981537527,-0.187079201,0.981537527,-0.187079201,0.006880243,0.039218941
6.030000000000000,0.00802366,0.038980298,0.981534151,-0.187101244,0.981534151,-0.187101244,0.006878889,0.039198516
6.030050000000000,0.008019171,0.038960566,0.981530791,-0.187123168,0.981530791,-0.187123168,0.006877542,0.039178212
6.030100000000000,0.008014708,0.038940952,0.981527449,-0.187144973,0.981527449,-0.187144973,0.006876203,0.039158027
6.030150000000001,0.008010271,0.038921452,0.981524123,-0.18716666,0.981524123,-0.18716666,0.006874872,0.039137962
6.030200000000001,0.008005859,0.038902068,0.981520814,-0.187188231,0.981520814,-0.187188231,0.006873549,0.039118014
6.030250000000001,0.008001473,0.038882797,0.981517522,-0.187209686,0.981517522,-0.187209686,0.006872232,0.039098183
6.030300000000000,0.007997111,0.038863639,0.981514245,-0.187231026,0.981514245,-0.187231026,0.006870924,0.039078468
6.030350000000000,0.007992775,0.038844593,0.981510985,-0.187252253,0.981510985,-0.187252253,0.006869622,0.039058868
6.030400000000000,0.007988463,0.038825658,0.981507741,-0.187273367,0.981507741,-0.187273367,0.006868328,0.039039382
6.030450000000000,0.007984176,0.038806832,0.981504513,-0.18729437,0.981504513,-0.18729437,0.006867041,0.039020008
6.030500000000000,0.007979913,0.038788115,0.9815013,-0.187315262,0.9815013,-0.187315262,0.006865761,0.039000747
6.030550000000001,0.007975674,0.038769506,0.981498104,-0.187336044,0.981498104,-0.187336044,0.006864488,0.038981596
6.030600000000001,0.007971459,0.038751005,0.981494923,-0.187356717,0.981494923,-0.187356717,0.006863222,0.038962555
6.030650000000001,0.007967267,0.038732609,0.981491757,-0.187377282,0.981491757,-0.187377282,0.006861964,0.038943624
6.030700000000000,0.0079631,0.038714318,0.981488606,-0.187397741,0.981488606,-0.187397741,0.006860712,0.0389248
6.030750000000000,0.007958955,0.038696132,0.981485471,-0.187418093,0.981485471,-0.187418093,0.006859467,0.038906084
6.030800000000000,0.007954834,0.03867805,0.981482351,-0.18743834,0.981482351,-0.18743834,0.006858229,0.038887474
6.030850000000000,0.007950735,0.03866007,0.981479245,-0.187458483,0.981479245,-0.187458483,0.006856998,0.038868969
6.030900000000001,0.007946659,0.038642191,0.981476155,-0.187478522,0.981476155,-0.187478522,0.006855773,0.038850569
6.030950000000001,0.007942606,0.038624414,0.981473079,-0.187498459,0.981473079,-0.187498459,0.006854556,0.038832273
6.031000000000001,0.007938575,0.038606736,0.981470017,-0.187518294,0.981470017,-0.187518294,0.006853345,0.038814079
6.031050000000000,0.007934567,0.038589158,0.981466971,-0.187538028,0.981466971,-0.187538028,0.00685214,0.038795988
6.031100000000000,0.00793058,0.038571678,0.981463938,-0.187557662,0.981463938,-0.187557662,0.006850942,0.038777997
6.031150000000000,0.007926615,0.038554296,0.98146092,-0.187577196,0.98146092,-0.187577196,0.006849751,0.038760107
6.031200000000000,0.007922672,0.03853701,0.981457916,-0.187596633,0.981457916,-0.187596633,0.006848565,0.038742317
6.031250000000000,0.007918751,0.038519821,0.981454925,-0.187615972,0.981454925,-0.187615972,0.006847387,0.038724625
6.031300000000001,0.00791485,0.038502727,0.981451949,-0.187635214,0.981451949,-0.187635214,0.006846214,0.03870703
6.031350000000001,0.007910971,0.038485727,0.981448987,-0.187654359,0.981448987,-0.187654359,0.006845048,0.038689533
6.031400000000001,0.007907113,0.038468821,0.981446038,-0.18767341,0.981446038,-0.18767341,0.006843889,0.038672132
6.031450000000000,0.007903276,0.038452007,0.981443102,-0.187692366,0.981443102,-0.187692366,0.006842735,0.038654827
6.031500000000000,0.007899459,0.038435286,0.981440181,-0.187711229,0.981440181,-0.187711229,0.006841588,0.038637616
6.031550000000000,0.007895663,0.038418656,0.981437272,-0.187729999,0.981437272,-0.187729999,0.006840447,0.038620499
6.031600000000000,0.007891887,0.038402117,0.981434377,-0.187748676,0.981434377,-0.187748676,0.006839311,0.038603476
6.031650000000000,0.007888131,0.038385668,0.981431495,-0.187767262,0.981431495,-0.187767262,0.006838182,0.038586544
6.031700000000001,0.007884395,0.038369308,0.981428626,-0.187785757,0.981428626,-0.187785757,0.006837059,0.038569705
6.031750000000001,0.00788068,0.038353036,0.98142577,-0.187804162,0.98142577,-0.187804162,0.006835942,0.038552956
6.031800000000000,0.007876984,0.038336853,0.981422927,-0.187822478,0.981422927,-0.187822478,0.006834831,0.038536298
6.031850000000000,0.007873307,0.038320756,0.981420097,-0.187840706,0.981420097,-0.187840706,0.006833725,0.038519729
6.031900000000000,0.00786965,0.038304746,0.981417279,-0.187858845,0.981417279,-0.187858845,0.006832626,0.038503249
6.031950000000000,0.007866012,0.038288821,0.981414474,-0.187876897,0.981414474,-0.187876897,0.006831532,0.038486857
6.032000000000000,0.007862393,0.038272982,0.981411681,-0.187894863,0.981411681,-0.187894863,0.006830444,0.038470553
6.032050000000001,0.007858794,0.038257227,0.981408901,-0.187912743,0.981408901,-0.187912743,0.006829362,0.038454335
6.032100000000001,0.007855213,0.038241555,0.981406133,-0.187930538,0.981406133,-0.187930538,0.006828285,0.038438203
6.032150000000001,0.00785165,0.038225967,0.981403377,-0.187948249,0.981403377,-0.187948249,0.006827214,0.038422157
6.032200000000000,0.007848107,0.038210461,0.981400634,-0.187965875,0.981400634,-0.187965875,0.006826148,0.038406195
6.032250000000000,0.007844581,0.038195037,0.981397902,-0.187983419,0.981397902,-0.187983419,0.006825088,0.038390318
6.032300000000000,0.007841074,0.038179694,0.981395182,-0.188000879,0.981395182,-0.188000879,0.006824034,0.038374524
6.032350000000000,0.007837585,0.038164432,0.981392474,-0.188018259,0.981392474,-0.188018259,0.006822985,0.038358812
6.032400000000000,0.007834114,0.038149249,0.981389778,-0.188035556,0.981389778,-0.188035556,0.006821941,0.038343183
6.032450000000001,0.007830661,0.038134146,0.981387094,-0.188052773,0.981387094,-0.188052773,0.006820903,0.038327635
6.032500000000001,0.007827226,0.038119121,0.981384421,-0.188069911,0.981384421,-0.188069911,0.00681987,0.038312168
6.032550000000001,0.007823808,0.038104174,0.98138176,-0.188086968,0.98138176,-0.188086968,0.006818843,0.038296782
6.032600000000000,0.007820407,0.038089305,0.98137911,-0.188103947,0.98137911,-0.188103947,0.00681782,0.038281475
6.032650000000000,0.007817024,0.038074513,0.981376471,-0.188120848,0.981376471,-0.188120848,0.006816803,0.038266247
6.032700000000000,0.007813659,0.038059797,0.981373844,-0.188137672,0.981373844,-0.188137672,0.006815792,0.038251097
6.032750000000000,0.00781031,0.038045157,0.981371227,-0.188154418,0.981371227,-0.188154418,0.006814785,0.038236025
6.032800000000000,0.007806978,0.038030592,0.981368622,-0.188171088,0.981368622,-0.188171088,0.006813783,0.038221031
6.032850000000001,0.007803663,0.038016101,0.981366028,-0.188187682,0.981366028,-0.188187682,0.006812787,0.038206113
6.032900000000001,0.007800365,0.038001685,0.981363445,-0.1882042,0.981363445,-0.1882042,0.006811796,0.038191271
6.032950000000000,0.007797083,0.037987341,0.981360873,-0.188220644,0.981360873,-0.188220644,0.006810809,0.038176505
6.033000000000000,0.007793818,0.037973071,0.981358311,-0.188237014,0.981358311,-0.188237014,0.006809828,0.038161813
6.033050000000000,0.007790569,0.037958873,0.98135576,-0.18825331,0.98135576,-0.18825331,0.006808852,0.038147197
6.033100000000000,0.007787336,0.037944747,0.98135322,-0.188269534,0.98135322,-0.188269534,0.00680788,0.038132653
6.033150000000000,0.00778412,0.037930693,0.98135069,-0.188285684,0.98135069,-0.188285684,0.006806913,0.038118184
6.033200000000001,0.007780919,0.037916709,0.981348171,-0.188301763,0.981348171,-0.188301763,0.006805952,0.038103786
6.033250000000001,0.007777734,0.037902795,0.981345662,-0.18831777,0.981345662,-0.18831777,0.006804995,0.038089462
6.033300000000001,0.007774565,0.037888951,0.981343163,-0.188333707,0.981343163,-0.188333707,0.006804043,0.038075208
6.033350000000000,0.007771412,0.037875176,0.981340675,-0.188349573,0.981340675,-0.188349573,0.006803095,0.038061026
6.033400000000000,0.007768274,0.03786147,0.981338197,-0.188365369,0.981338197,-0.188365369,0.006802153,0.038046915
6.033450000000000,0.007765152,0.037847832,0.981335729,-0.188381096,0.981335729,-0.188381096,0.006801215,0.038032873
6.033500000000000,0.007762045,0.037834262,0.981333271,-0.188396754,0.981333271,-0.188396754,0.006800282,0.038018902
6.033550000000000,0.007758953,0.037820759,0.981330823,-0.188412343,0.981330823,-0.188412343,0.006799353,0.038004999
6.033600000000001,0.007755876,0.037807322,0.981328384,-0.188427865,0.981328384,-0.188427865,0.006798429,0.037991165
6.033650000000001,0.007752814,0.037793952,0.981325956,-0.18844332,0.981325956,-0.18844332,0.00679751,0.037977399
6.033700000000001,0.007749767,0.037780648,0.981323537,-0.188458707,0.981323537,-0.188458707,0.006796595,0.0379637
6.033750000000000,0.007746735,0.037767409,0.981321128,-0.188474028,0.981321128,-0.188474028,0.006795684,0.037950069
6.033800000000000,0.007743718,0.037754234,0.981318729,-0.188489283,0.981318729,-0.188489283,0.006794779,0.037936504
6.033850000000000,0.007740715,0.037741124,0.981316339,-0.188504473,0.981316339,-0.188504473,0.006793877,0.037923006
6.033900000000000,0.007737726,0.037728078,0.981313959,-0.188519598,0.981313959,-0.188519598,0.00679298,0.037909573
6.033950000000001,0.007734752,0.037715095,0.981311588,-0.188534658,0.981311588,-0.188534658,0.006792087,0.037896205
6.034000000000001,0.007731792,0.037702176,0.981309227,-0.188549655,0.981309227,-0.188549655,0.006791199,0.037882902
6.034050000000001,0.007728847,0.037689318,0.981306874,-0.188564587,0.981306874,-0.188564587,0.006790315,0.037869664
6.034100000000000,0.007725915,0.037676523,0.981304531,-0.188579457,0.981304531,-0.188579457,0.006789436,0.037856489
6.034150000000000,0.007722998,0.03766379,0.981302198,-0.188594264,0.981302198,-0.188594264,0.00678856,0.037843378
6.034200000000000,0.007720094,0.037651117,0.981299873,-0.188609009,0.981299873,-0.188609009,0.006787689,0.037830329
6.034250000000000,0.007717204,0.037638506,0.981297557,-0.188623691,0.981297557,-0.188623691,0.006786823,0.037817343
6.034300000000000,0.007714328,0.037625955,0.981295251,-0.188638313,0.981295251,-0.188638313,0.00678596,0.037804419
6.034350000000001,0.007711465,0.037613463,0.981292953,-0.188652873,0.981292953,-0.188652873,0.006785101,0.037791557
6.034400000000001,0.007708616,0.037601032,0.981290664,-0.188667373,0.981290664,-0.188667373,0.006784247,0.037778755
6.034450000000001,0.00770578,0.037588659,0.981288384,-0.188681813,0.981288384,-0.188681813,0.006783397,0.037766015
6.034500000000000,0.007702958,0.037576345,0.981286112,-0.188696193,0.981286112,-0.188696193,0.006782551,0.037753335
6.034550000000000,0.007700149,0.037564089,0.98128385,-0.188710514,0.98128385,-0.188710514,0.006781709,0.037740714
6.034600000000000,0.007697353,0.037551891,0.981281596,-0.188724776,0.981281596,-0.188724776,0.006780871,0.037728154
6.034650000000000,0.00769457,0.037539751,0.98127935,-0.18873898,0.98127935,-0.18873898,0.006780037,0.037715652
6.034700000000000,0.0076918,0.037527667,0.981277113,-0.188753126,0.981277113,-0.188753126,0.006779207,0.037703209
6.034750000000001,0.007689043,0.03751564,0.981274885,-0.188767214,0.981274885,-0.188767214,0.006778381,0.037690824
6.034800000000001,0.007686299,0.03750367,0.981272665,-0.188781244,0.981272665,-0.188781244,0.006777559,0.037678497
6.034850000000000,0.007683567,0.037491755,0.981270453,-0.188795218,0.981270453,-0.188795218,0.006776741,0.037666228
6.034900000000000,0.007680848,0.037479896,0.981268249,-0.188809136,0.981268249,-0.188809136,0.006775927,0.037654016
6.034950000000000,0.007678142,0.037468092,0.981266054,-0.188822997,0.981266054,-0.188822997,0.006775116,0.03764186
6.035000000000000,0.007675448,0.037456343,0.981263867,-0.188836803,0.981263867,-0.188836803,0.00677431,0.037629761
6.035050000000000,0.007672766,0.037444648,0.981261688,-0.188850553,0.981261688,-0.188850553,0.006773507,0.037617717
6.035100000000001,0.007670097,0.037433007,0.981259517,-0.188864249,0.981259517,-0.188864249,0.006772708,0.037605729
6.035150000000001,0.00766744,0.03742142,0.981257354,-0.188877889,0.981257354,-0.188877889,0.006771913,0.037593797
6.035200000000001,0.007664795,0.037409886,0.981255199,-0.188891476,0.981255199,-0.188891476,0.006771121,0.037581919
6.035250000000000,0.007662162,0.037398406,0.981253052,-0.188905009,0.981253052,-0.188905009,0.006770334,0.037570095
6.035300000000000,0.007659541,0.037386977,0.981250913,-0.188918488,0.981250913,-0.188918488,0.00676955,0.037558326
6.035350000000000,0.007656932,0.037375601,0.981248782,-0.188931914,0.981248782,-0.188931914,0.006768769,0.03754661
6.035400000000000,0.007654334,0.037364277,0.981246659,-0.188945288,0.981246659,-0.188945288,0.006767993,0.037534948
6.035450000000000,0.007651749,0.037353004,0.981244543,-0.188958609,0.981244543,-0.188958609,0.00676722,0.037523338
6.035500000000001,0.007649175,0.037341782,0.981242435,-0.188971878,0.981242435,-0.188971878,0.00676645,0.037511782
6.035550000000001,0.007646613,0.037330612,0.981240334,-0.188985095,0.981240334,-0.188985095,0.006765685,0.037500277
6.035600000000001,0.007644062,0.037319491,0.981238241,-0.188998261,0.981238241,-0.188998261,0.006764922,0.037488825
6.035650000000000,0.007641522,0.037308421,0.981236156,-0.189011375,0.981236156,-0.189011375,0.006764164,0.037477424
6.035700000000000,0.007638994,0.037297401,0.981234078,-0.18902444,0.981234078,-0.18902444,0.006763408,0.037466074
6.035750000000000,0.007636478,0.03728643,0.981232007,-0.189037453,0.981232007,-0.189037453,0.006762657,0.037454775
6.035800000000000,0.007633972,0.037275509,0.981229944,-0.189050417,0.981229944,-0.189050417,0.006761909,0.037443527
6.035850000000000,0.007631478,0.037264636,0.981227888,-0.189063331,0.981227888,-0.189063331,0.006761164,0.037432329
6.035900000000001,0.007628995,0.037253812,0.98122584,-0.189076196,0.98122584,-0.189076196,0.006760423,0.037421181
6.035950000000001,0.007626522,0.037243036,0.981223798,-0.189089011,0.981223798,-0.189089011,0.006759685,0.037410082
6.036000000000000,0.007624061,0.037232308,0.981221764,-0.189101778,0.981221764,-0.189101778,0.00675895,0.037399033
6.036050000000000,0.007621611,0.037221628,0.981219737,-0.189114497,0.981219737,-0.189114497,0.006758219,0.037388033
6.036100000000000,0.007619171,0.037210995,0.981217718,-0.189127167,0.981217718,-0.189127167,0.006757491,0.037377082
6.036150000000000,0.007616742,0.037200409,0.981215705,-0.189139789,0.981215705,-0.189139789,0.006756767,0.037366178
6.036200000000000,0.007614324,0.037189869,0.981213699,-0.189152364,0.981213699,-0.189152364,0.006756046,0.037355323
6.036250000000001,0.007611916,0.037179376,0.9812117,-0.189164892,0.9812117,-0.189164892,0.006755328,0.037344515
6.036300000000001,0.007609519,0.037168929,0.981209708,-0.189177373,0.981209708,-0.189177373,0.006754614,0.037333755
6.036350000000001,0.007607132,0.037158528,0.981207723,-0.189189808,0.981207723,-0.189189808,0.006753902,0.037323042
6.036400000000000,0.007604756,0.037148172,0.981205745,-0.189202196,0.981205745,-0.189202196,0.006753194,0.037312376
6.036450000000000,0.00760239,0.037137862,0.981203774,-0.189214538,0.981203774,-0.189214538,0.00675249,0.037301756
6.036500000000000,0.007600034,0.037127596,0.981201809,-0.189226834,0.981201809,-0.189226834,0.006751788,0.037291183
6.036550000000000,0.007597689,0.037117375,0.981199851,-0.189239085,0.981199851,-0.189239085,0.00675109,0.037280655
6.036600000000000,0.007595354,0.037107199,0.9811979,-0.189251291,0.9811979,-0.189251291,0.006750394,0.037270173
6.036650000000001,0.007593028,0.037097066,0.981195956,-0.189263452,0.981195956,-0.189263452,0.006749702,0.037259736
6.036700000000001,0.007590713,0.037086977,0.981194018,-0.189275569,0.981194018,-0.189275569,0.006749013,0.037249344
6.036750000000001,0.007588408,0.037076932,0.981192086,-0.189287641,0.981192086,-0.189287641,0.006748328,0.037238997
6.036800000000000,0.007586112,0.03706693,0.981190161,-0.18929967,0.981190161,-0.18929967,0.006747645,0.037228695
6.036850000000000,0.007583827,0.037056971,0.981188243,-0.189311654,0.981188243,-0.189311654,0.006746965,0.037218436
6.036900000000000,0.007581551,0.037047055,0.981186331,-0.189323595,0.981186331,-0.189323595,0.006746288,0.037208222
6.036950000000000,0.007579285,0.037037181,0.981184425,-0.189335493,0.981184425,-0.189335493,0.006745615,0.037198051
6.037000000000001,0.007577028,0.037027349,0.981182526,-0.189347348,0.981182526,-0.189347348,0.006744944,0.037187924
6.037050000000001,0.007574781,0.037017559,0.981180633,-0.189359161,0.981180633,-0.189359161,0.006744277,0.03717784
6.037100000000001,0.007572544,0.037007811,0.981178747,-0.189370931,0.981178747,-0.189370931,0.006743612,0.037167798
6.037150000000000,0.007570316,0.036998104,0.981176866,-0.189382659,0.981176866,-0.189382659,0.006742951,0.037157799
6.037200000000000,0.007568098,0.036988438,0.981174992,-0.189394345,0.981174992,-0.189394345,0.006742292,0.037147843
6.037250000000000,0.007565889,0.036978814,0.981173124,-0.18940599,0.981173124,-0.18940599,0.006741636,0.037137928
6.037300000000000,0.007563689,0.036969229,0.981171262,-0.189417593,0.981171262,-0.189417593,0.006740983,0.037128055
6.037350000000000,0.007561498,0.036959686,0.981169407,-0.189429155,0.981169407,-0.189429155,0.006740333,0.037118224
6.037400000000001,0.007559317,0.036950182,0.981167557,-0.189440677,0.981167557,-0.189440677,0.006739686,0.037108434
6.037450000000001,0.007557145,0.036940718,0.981165713,-0.189452158,0.981165713,-0.189452158,0.006739042,0.037098685
6.037500000000001,0.007554982,0.036931294,0.981163876,-0.189463598,0.981163876,-0.189463598,0.006738401,0.037088977
6.037550000000000,0.007552828,0.036921909,0.981162044,-0.189474999,0.981162044,-0.189474999,0.006737762,0.037079309
6.037600000000000,0.007550683,0.036912563,0.981160218,-0.189486359,0.981160218,-0.189486359,0.006737127,0.037069681
6.037650000000000,0.007548546,0.036903256,0.981158398,-0.18949768,0.981158398,-0.18949768,0.006736494,0.037060094
6.037700000000000,0.007546419,0.036893988,0.981156584,-0.189508962,0.981156584,-0.189508962,0.006735864,0.037050546
6.037750000000000,0.007544301,0.036884759,0.981154776,-0.189520204,0.981154776,-0.189520204,0.006735236,0.037041038
6.037800000000001,0.007542191,0.036875567,0.981152973,-0.189531408,0.981152973,-0.189531408,0.006734612,0.037031569
6.037850000000001,0.00754009,0.036866414,0.981151177,-0.189542573,0.981151177,-0.189542573,0.00673399,0.03702214
6.037900000000000,0.007537997,0.036857298,0.981149386,-0.1895537,0.981149386,-0.1895537,0.006733371,0.037012749
6.037950000000000,0.007535914,0.03684822,0.9811476,-0.189564788,0.9811476,-0.189564788,0.006732755,0.037003396
6.038000000000000,0.007533839,0.036839179,0.981145821,-0.189575839,0.981145821,-0.189575839,0.006732141,0.036994082
6.038050000000000,0.007531772,0.036830175,0.981144047,-0.189586852,0.981144047,-0.189586852,0.00673153,0.036984807
6.038100000000000,0.007529714,0.036821208,0.981142278,-0.189597827,0.981142278,-0.189597827,0.006730922,0.036975569
6.038150000000001,0.007527664,0.036812278,0.981140515,-0.189608765,0.981140515,-0.189608765,0.006730316,0.036966368
6.038200000000001,0.007525622,0.036803384,0.981138758,-0.189619666,0.981138758,-0.189619666,0.006729713,0.036957206
6.038250000000001,0.007523589,0.036794526,0.981137006,-0.18963053,0.981137006,-0.18963053,0.006729112,0.03694808
6.038300000000000,0.007521565,0.036785705,0.981135259,-0.189641358,0.981135259,-0.189641358,0.006728515,0.036938992
6.038350000000000,0.007519548,0.036776919,0.981133518,-0.189652149,0.981133518,-0.189652149,0.006727919,0.03692994
6.038400000000000,0.007517539,0.036768168,0.981131783,-0.189662904,0.981131783,-0.189662904,0.006727327,0.036920925
6.038450000000000,0.007515539,0.036759453,0.981130052,-0.189673623,0.981130052,-0.189673623,0.006726737,0.036911946
6.038500000000000,0.007513547,0.036750773,0.981128327,-0.189684306,0.981128327,-0.189684306,0.006726149,0.036903003
6.038550000000001,0.007511563,0.036742128,0.981126608,-0.189694954,0.981126608,-0.189694954,0.006725564,0.036894097
6.038600000000001,0.007509586,0.036733518,0.981124893,-0.189705566,0.981124893,-0.189705566,0.006724982,0.036885226
6.038650000000001,0.007507618,0.036724942,0.981123184,-0.189716143,0.981123184,-0.189716143,0.006724402,0.03687639
6.038700000000000,0.007505658,0.036716401,0.98112148,-0.189726686,0.98112148,-0.189726686,0.006723824,0.03686759
6.038750000000000,0.007503705,0.036707894,0.981119782,-0.189737193,0.981119782,-0.189737193,0.006723249,0.036858825
6.038800000000000,0.00750176,0.036699421,0.981118088,-0.189747666,0.981118088,-0.189747666,0.006722677,0.036850095
6.038850000000000,0.007499823,0.036690981,0.9811164,-0.189758105,0.9811164,-0.189758105,0.006722107,0.0368414
6.038900000000000,0.007497894,0.036682575,0.981114716,-0.18976851,0.981114716,-0.18976851,0.006721539,0.036832739
6.038950000000001,0.007495972,0.036674202,0.981113038,-0.18977888,0.981113038,-0.18977888,0.006720974,0.036824112
6.039000000000001,0.007494058,0.036665863,0.981111365,-0.189789217,0.981111365,-0.189789217,0.006720411,0.03681552
6.039050000000000,0.007492152,0.036657556,0.981109696,-0.189799521,0.981109696,-0.189799521,0.006719851,0.036806961
6.039100000000000,0.007490253,0.036649282,0.981108033,-0.189809791,0.981108033,-0.189809791,0.006719292,0.036798436
6.039150000000000,0.007488362,0.036641041,0.981106375,-0.189820028,0.981106375,-0.189820028,0.006718737,0.036789945
6.039200000000000,0.007486478,0.036632832,0.981104722,-0.189830232,0.981104722,-0.189830232,0.006718184,0.036781487
6.039250000000000,0.007484602,0.036624656,0.981103073,-0.189840403,0.981103073,-0.189840403,0.006717633,0.036773062
6.039300000000001,0.007482732,0.036616511,0.981101429,-0.189850542,0.981101429,-0.189850542,0.006717084,0.03676467
6.039350000000001,0.007480871,0.036608399,0.981099791,-0.189860648,0.981099791,-0.189860648,0.006716538,0.036756311
6.039400000000001,0.007479016,0.036600318,0.981098157,-0.189870722,0.981098157,-0.189870722,0.006715994,0.036747985
6.039450000000000,0.007477169,0.036592268,0.981096528,-0.189880764,0.981096528,-0.189880764,0.006715452,0.03673969
6.039500000000000,0.007475329,0.03658425,0.981094903,-0.189890774,0.981094903,-0.189890774,0.006714913,0.036731428
6.039550000000000,0.007473496,0.036576263,0.981093284,-0.189900752,0.981093284,-0.189900752,0.006714376,0.036723198
6.039600000000000,0.00747167,0.036568306,0.981091669,-0.189910699,0.981091669,-0.189910699,0.006713841,0.036715
6.039650000000000,0.007469852,0.036560381,0.981090059,-0.189920615,0.981090059,-0.189920615,0.006713308,0.036706834
6.039700000000001,0.00746804,0.036552486,0.981088453,-0.189930499,0.981088453,-0.189930499,0.006712778,0.036698699
6.039750000000001,0.007466236,0.036544622,0.981086852,-0.189940352,0.981086852,-0.189940352,0.00671225,0.036690595
6.039800000000001,0.007464438,0.036536788,0.981085256,-0.189950175,0.981085256,-0.189950175,0.006711724,0.036682523
6.039850000000000,0.007462648,0.036528984,0.981083664,-0.189959967,0.981083664,-0.189959967,0.006711201,0.036674482
6.039900000000000,0.007460864,0.03652121,0.981082077,-0.189969729,0.981082077,-0.189969729,0.006710679,0.036666471
6.039950000000000,0.007459087,0.036513466,0.981080494,-0.18997946,0.981080494,-0.18997946,0.00671016,0.036658491
6.040000000000000,0.007457317,0.036505751,0.981078916,-0.189989161,0.981078916,-0.189989161,0.006709643,0.036650541
6.040050000000001,0.007455554,0.036498066,0.981077343,-0.189998832,0.981077343,-0.189998832,0.006709128,0.036642622
6.040100000000001,0.007453797,0.03649041,0.981075774,-0.190008474,0.981075774,-0.190008474,0.006708615,0.036634733
6.040150000000001,0.007452048,0.036482783,0.981074209,-0.190018086,0.981074209,-0.190018086,0.006708104,0.036626873
6.040200000000000,0.007450305,0.036475186,0.981072649,-0.190027668,0.981072649,-0.190027668,0.006707596,0.036619044
6.040250000000000,0.007448568,0.036467616,0.981071093,-0.190037221,0.981071093,-0.190037221,0.006707089,0.036611244
6.040300000000000,0.007446838,0.036460076,0.981069541,-0.190046745,0.981069541,-0.190046745,0.006706585,0.036603474
6.040350000000000,0.007445115,0.036452564,0.981067994,-0.19005624,0.981067994,-0.19005624,0.006706083,0.036595733
6.040400000000000,0.007443399,0.036445081,0.981066451,-0.190065706,0.981066451,-0.190065706,0.006705583,0.036588021
6.040450000000001,0.007441688,0.036437625,0.981064913,-0.190075143,0.981064913,-0.190075143,0.006705085,0.036580338
6.040500000000001,0.007439985,0.036430198,0.981063379,-0.190084552,0.981063379,-0.190084552,0.006704589,0.036572683
6.040550000000001,0.007438287,0.036422798,0.981061849,-0.190093933,0.981061849,-0.190093933,0.006704095,0.036565058
6.040600000000000,0.007436596,0.036415426,0.981060323,-0.190103285,0.981060323,-0.190103285,0.006703603,0.036557461
6.040650000000000,0.007434912,0.036408082,0.981058802,-0.19011261,0.981058802,-0.19011261,0.006703113,0.036549892
6.040700000000000,0.007433234,0.036400765,0.981057284,-0.190121906,0.981057284,-0.190121906,0.006702625,0.036542352
6.040750000000000,0.007431562,0.036393475,0.981055771,-0.190131175,0.981055771,-0.190131175,0.006702139,0.03653484
6.040800000000000,0.007429896,0.036386213,0.981054262,-0.190140416,0.981054262,-0.190140416,0.006701655,0.036527355
6.040850000000001,0.007428237,0.036378977,0.981052757,-0.19014963,0.981052757,-0.19014963,0.006701173,0.036519898
6.040900000000001,0.007426584,0.036371769,0.981051256,-0.190158816,0.981051256,-0.190158816,0.006700694,0.036512469
6.040950000000000,0.007424937,0.036364587,0.98104976,-0.190167975,0.98104976,-0.190167975,0.006700216,0.036505068
6.041000000000000,0.007423296,0.036357431,0.981048267,-0.190177108,0.981048267,-0.190177108,0.00669974,0.036497693
6.041050000000000,0.007421661,0.036350302,0.981046778,-0.190186213,0.981046778,-0.190186213,0.006699266,0.036490346
6.041100000000000,0.007420032,0.036343199,0.981045294,-0.190195292,0.981045294,-0.190195292,0.006698794,0.036483026
6.041150000000000,0.00741841,0.036336123,0.981043813,-0.190204344,0.981043813,-0.190204344,0.006698324,0.036475733
6.041200000000001,0.007416793,0.036329072,0.981042337,-0.190213369,0.981042337,-0.190213369,0.006697855,0.036468466
6.041250000000001,0.007415182,0.036322047,0.981040864,-0.190222369,0.981040864,-0.190222369,0.006697389,0.036461226
6.041300000000001,0.007413578,0.036315048,0.981039395,-0.190231342,0.981039395,-0.190231342,0.006696925,0.036454013
6.041350000000000,0.007411979,0.036308074,0.981037931,-0.190240289,0.981037931,-0.190240289,0.006696462,0.036446825
6.041400000000000,0.007410386,0.036301126,0.98103647,-0.19024921,0.98103647,-0.19024921,0.006696002,0.036439664
6.041450000000000,0.007408799,0.036294203,0.981035013,-0.190258106,0.981035013,-0.190258106,0.006695543,0.036432529
6.041500000000000,0.007407217,0.036287305,0.98103356,-0.190266976,0.98103356,-0.190266976,0.006695086,0.03642542
6.041550000000000,0.007405642,0.036280433,0.98103211,-0.19027582,0.98103211,-0.19027582,0.006694631,0.036418337
6.041600000000001,0.007404072,0.036273585,0.981030665,-0.19028464,0.981030665,-0.19028464,0.006694178,0.036411279
6.041650000000001,0.007402508,0.036266762,0.981029223,-0.190293434,0.981029223,-0.190293434,0.006693726,0.036404247
6.041700000000001,0.00740095,0.036259963,0.981027785,-0.190302202,0.981027785,-0.190302202,0.006693277,0.03639724
6.041750000000000,0.007399397,0.03625319,0.981026351,-0.190310946,0.981026351,-0.190310946,0.006692829,0.036390258
6.041800000000000,0.00739785,0.03624644,0.981024921,-0.190319665,0.981024921,-0.190319665,0.006692383,0.036383302
6.041850000000000,0.007396309,0.036239715,0.981023494,-0.19032836,0.981023494,-0.19032836,0.006691939,0.03637637
6.041900000000000,0.007394773,0.036233014,0.981022071,-0.19033703,0.981022071,-0.19033703,0.006691497,0.036369463
6.041950000000001,0.007393243,0.036226337,0.981020652,-0.190345675,0.981020652,-0.190345675,0.006691057,0.036362581
6.042000000000001,0.007391719,0.036219684,0.981019236,-0.190354296,0.981019236,-0.190354296,0.006690618,0.036355723
6.042050000000001,0.007390199,0.036213054,0.981017824,-0.190362893,0.981017824,-0.190362893,0.006690181,0.03634889
6.042100000000000,0.007388686,0.036206448,0.981016416,-0.190371466,0.981016416,-0.190371466,0.006689746,0.036342082
6.042150000000000,0.007387178,0.036199866,0.981015011,-0.190380015,0.981015011,-0.190380015,0.006689312,0.036335297
6.042200000000000,0.007385675,0.036193307,0.98101361,-0.19038854,0.98101361,-0.19038854,0.006688881,0.036328537
6.042250000000000,0.007384177,0.036186772,0.981012212,-0.190397042,0.981012212,-0.190397042,0.006688451,0.0363218
6.042300000000000,0.007382685,0.036180259,0.981010818,-0.19040552,0.981010818,-0.19040552,0.006688022,0.036315087
6.042350000000001,0.007381199,0.03617377,0.981009428,-0.190413974,0.981009428,-0.190413974,0.006687596,0.036308398
6.042400000000001,0.007379717,0.036167304,0.981008041,-0.190422405,0.981008041,-0.190422405,0.006687171,0.036301733
6.042450000000001,0.007378241,0.03616086,0.981006657,-0.190430813,0.981006657,-0.190430813,0.006686748,0.036295091
6.042500000000000,0.00737677,0.036154439,0.981005277,-0.190439198,0.981005277,-0.190439198,0.006686326,0.036288473
6.042550000000000,0.007375305,0.036148041,0.981003901,-0.19044756,0.981003901,-0.19044756,0.006685907,0.036281877
6.042600000000000,0.007373844,0.036141665,0.981002528,-0.190455899,0.981002528,-0.190455899,0.006685489,0.036275305
6.042650000000000,0.007372389,0.036135311,0.981001158,-0.190464215,0.981001158,-0.190464215,0.006685072,0.036268756
6.042700000000000,0.007370939,0.03612898,0.980999792,-0.190472509,0.980999792,-0.190472509,0.006684658,0.036262229
6.042750000000001,0.007369494,0.03612267,0.980998429,-0.19048078,0.980998429,-0.19048078,0.006684244,0.036255726
6.042800000000001,0.007368054,0.036116383,0.98099707,-0.190489029,0.98099707,-0.190489029,0.006683833,0.036249245
6.042850000000000,0.00736662,0.036110118,0.980995714,-0.190497255,0.980995714,-0.190497255,0.006683423,0.036242786
6.042900000000000,0.00736519,0.036103874,0.980994361,-0.190505459,0.980994361,-0.190505459,0.006683015,0.03623635
6.042950000000000,0.007363765,0.036097653,0.980993012,-0.190513642,0.980993012,-0.190513642,0.006682608,0.036229937
6.043000000000000,0.007362346,0.036091452,0.980991666,-0.190521802,0.980991666,-0.190521802,0.006682203,0.036223545
6.043050000000000,0.007360931,0.036085274,0.980990323,-0.19052994,0.980990323,-0.19052994,0.0066818,0.036217176
6.043100000000001,0.007359521,0.036079116,0.980988983,-0.190538057,0.980988983,-0.190538057,0.006681398,0.036210828
6.043150000000001,0.007358117,0.03607298,0.980987647,-0.190546152,0.980987647,-0.190546152,0.006680998,0.036204503
6.043200000000001,0.007356717,0.036066865,0.980986314,-0.190554226,0.980986314,-0.190554226,0.0066806,0.036198199
6.043250000000000,0.007355322,0.036060771,0.980984985,-0.190562278,0.980984985,-0.190562278,0.006680203,0.036191917
6.043300000000000,0.007353932,0.036054698,0.980983658,-0.190570309,0.980983658,-0.190570309,0.006679807,0.036185656
6.043350000000000,0.007352546,0.036048646,0.980982335,-0.190578318,0.980982335,-0.190578318,0.006679413,0.036179417
6.043400000000000,0.007351166,0.036042614,0.980981015,-0.190586307,0.980981015,-0.190586307,0.006679021,0.0361732
6.043450000000000,0.00734979,0.036036603,0.980979698,-0.190594274,0.980979698,-0.190594274,0.00667863,0.036167003
6.043500000000001,0.007348419,0.036030613,0.980978385,-0.190602221,0.980978385,-0.190602221,0.006678241,0.036160828
6.043550000000001,0.007347053,0.036024643,0.980977074,-0.190610147,0.980977074,-0.190610147,0.006677853,0.036154673
6.043600000000001,0.007345692,0.036018694,0.980975767,-0.190618052,0.980975767,-0.190618052,0.006677467,0.03614854
6.043650000000000,0.007344335,0.036012764,0.980974462,-0.190625936,0.980974462,-0.190625936,0.006677083,0.036142427
6.043700000000000,0.007342983,0.036006855,0.980973161,-0.1906338,0.980973161,-0.1906338,0.006676699,0.036136335
6.043750000000000,0.007341636,0.036000966,0.980971863,-0.190641644,0.980971863,-0.190641644,0.006676318,0.036130264
6.043800000000000,0.007340293,0.035995097,0.980970568,-0.190649468,0.980970568,-0.190649468,0.006675938,0.036124213
6.043850000000000,0.007338955,0.035989247,0.980969276,-0.190657271,0.980969276,-0.190657271,0.006675559,0.036118182
6.043900000000001,0.007337621,0.035983418,0.980967987,-0.190665054,0.980967987,-0.190665054,0.006675182,0.036112172
6.043950000000001,0.007336292,0.035977608,0.980966701,-0.190672817,0.980966701,-0.190672817,0.006674806,0.036106182
6.044000000000000,0.007334968,0.035971817,0.980965418,-0.19068056,0.980965418,-0.19068056,0.006674432,0.036100212
6.044050000000000,0.007333648,0.035966046,0.980964139,-0.190688284,0.980964139,-0.190688284,0.006674059,0.036094263
6.044100000000000,0.007332333,0.035960294,0.980962862,-0.190695988,0.980962862,-0.190695988,0.006673688,0.036088333
6.044150000000000,0.007331022,0.035954562,0.980961588,-0.190703672,0.980961588,-0.190703672,0.006673318,0.036082423
6.044200000000000,0.007329715,0.035948849,0.980960317,-0.190711336,0.980960317,-0.190711336,0.00667295,0.036076533
6.044250000000001,0.007328413,0.035943155,0.980959049,-0.190718982,0.980959049,-0.190718982,0.006672583,0.036070662
6.044300000000001,0.007327115,0.03593748,0.980957784,-0.190726607,0.980957784,-0.190726607,0.006672217,0.036064811
6.044350000000001,0.007325822,0.035931823,0.980956522,-0.190734214,0.980956522,-0.190734214,0.006671853,0.036058979
6.044400000000000,0.007324533,0.035926186,0.980955263,-0.190741802,0.980955263,-0.190741802,0.00667149,0.036053167
6.044450000000000,0.007323249,0.035920567,0.980954006,-0.19074937,0.980954006,-0.19074937,0.006671129,0.036047374
6.044500000000000,0.007321969,0.035914967,0.980952753,-0.190756919,0.980952753,-0.190756919,0.006670769,0.0360416
6.044550000000000,0.007320693,0.035909386,0.980951502,-0.19076445,0.980951502,-0.19076445,0.006670411,0.036035845
6.044600000000000,0.007319421,0.035903823,0.980950254,-0.190771962,0.980950254,-0.190771962,0.006670054,0.03603011
6.044650000000001,0.007318154,0.035898278,0.98094901,-0.190779455,0.98094901,-0.190779455,0.006669698,0.036024393
6.044700000000001,0.007316891,0.035892752,0.980947767,-0.19078693,0.980947767,-0.19078693,0.006669343,0.036018695
6.044750000000001,0.007315632,0.035887243,0.980946528,-0.190794386,0.980946528,-0.190794386,0.006668991,0.036013016
6.044800000000000,0.007314378,0.035881753,0.980945292,-0.190801823,0.980945292,-0.190801823,0.006668639,0.036007355
6.044850000000000,0.007313127,0.035876281,0.980944058,-0.190809242,0.980944058,-0.190809242,0.006668289,0.036001713
6.044900000000000,0.007311881,0.035870827,0.980942827,-0.190816643,0.980942827,-0.190816643,0.00666794,0.035996089
6.044950000000000,0.007310639,0.035865391,0.980941599,-0.190824026,0.980941599,-0.190824026,0.006667592,0.035990484
6.045000000000001,0.007309401,0.035859973,0.980940374,-0.190831391,0.980940374,-0.190831391,0.006667246,0.035984897
6.045050000000001,0.007308168,0.035854572,0.980939151,-0.190838737,0.980939151,-0.190838737,0.006666901,0.035979328
6.045100000000001,0.007306938,0.035849189,0.980937931,-0.190846066,0.980937931,-0.190846066,0.006666558,0.035973778
6.045150000000000,0.007305712,0.035843823,0.980936714,-0.190853377,0.980936714,-0.190853377,0.006666216,0.035968245
6.045200000000000,0.007304491,0.035838475,0.980935499,-0.19086067,0.980935499,-0.19086067,0.006665875,0.03596273
6.045250000000000,0.007303273,0.035833144,0.980934288,-0.190867946,0.980934288,-0.190867946,0.006665535,0.035957234
6.045300000000000,0.00730206,0.03582783,0.980933078,-0.190875204,0.980933078,-0.190875204,0.006665197,0.035951755
6.045350000000000,0.00730085,0.035822534,0.980931872,-0.190882444,0.980931872,-0.190882444,0.00666486,0.035946293
6.045400000000001,0.007299645,0.035817255,0.980930668,-0.190889667,0.980930668,-0.190889667,0.006664524,0.03594085
6.045450000000001,0.007298444,0.035811992,0.980929467,-0.190896873,0.980929467,-0.190896873,0.00666419,0.035935423
6.045500000000001,0.007297246,0.035806747,0.980928268,-0.190904061,0.980928268,-0.190904061,0.006663857,0.035930015
6.045550000000000,0.007296052,0.035801519,0.980927072,-0.190911233,0.980927072,-0.190911233,0.006663525,0.035924623
6.045600000000000,0.007294863,0.035796307,0.980925879,-0.190918387,0.980925879,-0.190918387,0.006663195,0.035919249
6.045650000000000,0.007293677,0.035791113,0.980924688,-0.190925524,0.980924688,-0.190925524,0.006662865,0.035913893
6.045700000000000,0.007292495,0.035785934,0.9809235,-0.190932644,0.9809235,-0.190932644,0.006662537,0.035908553
6.045750000000000,0.007291317,0.035780773,0.980922315,-0.190939747,0.980922315,-0.190939747,0.006662211,0.035903231
6.045800000000001,0.007290143,0.035775628,0.980921131,-0.190946834,0.980921131,-0.190946834,0.006661885,0.035897925
6.045850000000001,0.007288973,0.035770499,0.980919951,-0.190953903,0.980919951,-0.190953903,0.006661561,0.035892636
6.045900000000000,0.007287806,0.035765387,0.980918773,-0.190960957,0.980918773,-0.190960957,0.006661238,0.035887364
6.045950000000000,0.007286643,0.035760291,0.980917598,-0.190967993,0.980917598,-0.190967993,0.006660916,0.035882109
6.046000000000000,0.007285484,0.035755211,0.980916425,-0.190975013,0.980916425,-0.190975013,0.006660596,0.035876871
6.046050000000000,0.007284329,0.035750147,0.980915254,-0.190982017,0.980915254,-0.190982017,0.006660276,0.035871649
6.046100000000000,0.007283178,0.0357451,0.980914086,-0.190989004,0.980914086,-0.190989004,0.006659958,0.035866444
6.046150000000001,0.00728203,0.035740068,0.980912921,-0.190995975,0.980912921,-0.190995975,0.006659641,0.035861255
6.046200000000001,0.007280886,0.035735052,0.980911758,-0.19100293,0.980911758,-0.19100293,0.006659326,0.035856083
6.046250000000001,0.007279746,0.035730053,0.980910597,-0.191009869,0.980910597,-0.191009869,0.006659011,0.035850926
6.046300000000000,0.007278609,0.035725068,0.980909439,-0.191016791,0.980909439,-0.191016791,0.006658698,0.035845786
6.046350000000000,0.007277476,0.0357201,0.980908284,-0.191023698,0.980908284,-0.191023698,0.006658386,0.035840663
6.046400000000000,0.007276347,0.035715147,0.98090713,-0.191030589,0.98090713,-0.191030589,0.006658075,0.035835555
6.046450000000000,0.007275221,0.03571021,0.980905979,-0.191037464,0.980905979,-0.191037464,0.006657765,0.035830463
6.046500000000000,0.007274099,0.035705288,0.980904831,-0.191044323,0.980904831,-0.191044323,0.006657457,0.035825388
6.046550000000001,0.007272981,0.035700382,0.980903685,-0.191051166,0.980903685,-0.191051166,0.00665715,0.035820328
6.046600000000001,0.007271866,0.035695491,0.980902541,-0.191057994,0.980902541,-0.191057994,0.006656843,0.035815284
6.046650000000001,0.007270754,0.035690615,0.9809014,-0.191064806,0.9809014,-0.191064806,0.006656538,0.035810255
6.046700000000000,0.007269647,0.035685755,0.980900261,-0.191071603,0.980900261,-0.191071603,0.006656235,0.035805243
6.046750000000000,0.007268542,0.03568091,0.980899125,-0.191078385,0.980899125,-0.191078385,0.006655932,0.035800246
6.046800000000000,0.007267442,0.035676079,0.98089799,-0.191085151,0.98089799,-0.191085151,0.00665563,0.035795264
6.046850000000000,0.007266344,0.035671264,0.980896859,-0.191091901,0.980896859,-0.191091901,0.00665533,0.035790298
6.046900000000000,0.007265251,0.035666464,0.980895729,-0.191098637,0.980895729,-0.191098637,0.006655031,0.035785347
6.046950000000001,0.007264161,0.035661679,0.980894602,-0.191105357,0.980894602,-0.191105357,0.006654733,0.035780412
6.047000000000001,0.007263074,0.035656908,0.980893477,-0.191112063,0.980893477,-0.191112063,0.006654436,0.035775492
6.047050000000000,0.00726199,0.035652152,0.980892354,-0.191118753,0.980892354,-0.191118753,0.00665414,0.035770587
6.047100000000000,0.007260911,0.035647411,0.980891234,-0.191125428,0.980891234,-0.191125428,0.006653845,0.035765697
6.047150000000000,0.007259834,0.035642685,0.980890116,-0.191132089,0.980890116,-0.191132089,0.006653551,0.035760822
6.047200000000000,0.007258761,0.035637973,0.980889,-0.191138735,0.980889,-0.191138735,0.006653259,0.035755962
6.047250000000000,0.007257691,0.035633275,0.980887886,-0.191145366,0.980887886,-0.191145366,0.006652967,0.035751118
6.047300000000001,0.007256625,0.035628592,0.980886775,-0.191151982,0.980886775,-0.191151982,0.006652677,0.035746288
6.047350000000001,0.007255562,0.035623923,0.980885666,-0.191158583,0.980885666,-0.191158583,0.006652388,0.035741472
6.047400000000001,0.007254502,0.035619269,0.980884559,-0.19116517,0.980884559,-0.19116517,0.0066521,0.035736672
6.047450000000000,0.007253446,0.035614629,0.980883454,-0.191171743,0.980883454,-0.191171743,0.006651813,0.035731886
6.047500000000000,0.007252393,0.035610003,0.980882352,-0.191178301,0.980882352,-0.191178301,0.006651527,0.035727115
6.047550000000000,0.007251343,0.035605391,0.980881252,-0.191184845,0.980881252,-0.191184845,0.006651242,0.035722358
6.047600000000000,0.007250297,0.035600794,0.980880154,-0.191191374,0.980880154,-0.191191374,0.006650958,0.035717616
6.047650000000000,0.007249254,0.03559621,0.980879058,-0.19119789,0.980879058,-0.19119789,0.006650675,0.035712888
6.047700000000001,0.007248214,0.03559164,0.980877964,-0.191204391,0.980877964,-0.191204391,0.006650394,0.035708174
6.047750000000001,0.007247177,0.035587084,0.980876872,-0.191210878,0.980876872,-0.191210878,0.006650113,0.035703475
6.047800000000001,0.007246144,0.035582542,0.980875783,-0.19121735,0.980875783,-0.19121735,0.006649834,0.03569879
6.047850000000000,0.007245114,0.035578013,0.980874696,-0.191223809,0.980874696,-0.191223809,0.006649555,0.035694119
6.047900000000000,0.007244087,0.035573499,0.980873611,-0.191230254,0.980873611,-0.191230254,0.006649278,0.035689462
6.047950000000000,0.007243063,0.035568998,0.980872528,-0.191236685,0.980872528,-0.191236685,0.006649001,0.03568482
6.048000000000000,0.007242043,0.03556451,0.980871447,-0.191243102,0.980871447,-0.191243102,0.006648726,0.035680191
6.048050000000001,0.007241025,0.035560036,0.980870368,-0.191249506,0.980870368,-0.191249506,0.006648452,0.035675576
6.048100000000001,0.007240011,0.035555576,0.980869291,-0.191255896,0.980869291,-0.191255896,0.006648178,0.035670975
6.048150000000001,0.007239,0.035551129,0.980868216,-0.191262272,0.980868216,-0.191262272,0.006647906,0.035666388
6.048200000000000,0.007237992,0.035546695,0.980867144,-0.191268634,0.980867144,-0.191268634,0.006647635,0.035661815
6.048250000000000,0.007236987,0.035542275,0.980866073,-0.191274983,0.980866073,-0.191274983,0.006647365,0.035657255
6.048300000000000,0.007235985,0.035537868,0.980865005,-0.191281319,0.980865005,-0.191281319,0.006647095,0.035652709
6.048350000000000,0.007234986,0.035533474,0.980863939,-0.191287641,0.980863939,-0.191287641,0.006646827,0.035648176
6.048400000000000,0.007233991,0.035529093,0.980862874,-0.19129395,0.980862874,-0.19129395,0.00664656,0.035643657
6.048450000000001,0.007232998,0.035524725,0.980861812,-0.191300245,0.980861812,-0.191300245,0.006646294,0.035639152
6.048500000000001,0.007232008,0.03552037,0.980860752,-0.191306527,0.980860752,-0.191306527,0.006646029,0.035634659
6.048550000000001,0.007231022,0.035516028,0.980859694,-0.191312796,0.980859694,-0.191312796,0.006645765,0.03563018
6.048600000000000,0.007230038,0.035511699,0.980858637,-0.191319052,0.980858637,-0.191319052,0.006645501,0.035625715
6.048650000000000,0.007229058,0.035507383,0.980857583,-0.191325295,0.980857583,-0.191325295,0.006645239,0.035621263
6.048700000000000,0.00722808,0.03550308,0.980856531,-0.191331524,0.980856531,-0.191331524,0.006644978,0.035616823
6.048750000000000,0.007227106,0.03549879,0.980855481,-0.191337741,0.980855481,-0.191337741,0.006644718,0.035612397
6.048800000000000,0.007226134,0.035494512,0.980854432,-0.191343945,0.980854432,-0.191343945,0.006644458,0.035607984
6.048850000000001,0.007225166,0.035490246,0.980853386,-0.191350136,0.980853386,-0.191350136,0.0066442,0.035603584
6.048900000000001,0.0072242,0.035485994,0.980852342,-0.191356314,0.980852342,-0.191356314,0.006643943,0.035599197
6.048950000000000,0.007223238,0.035481754,0.980851299,-0.19136248,0.980851299,-0.19136248,0.006643686,0.035594823
6.049000000000000,0.007222278,0.035477526,0.980850259,-0.191368633,0.980850259,-0.191368633,0.006643431,0.035590462
6.049050000000000,0.007221321,0.035473311,0.980849221,-0.191374773,0.980849221,-0.191374773,0.006643177,0.035586114
6.049100000000000,0.007220367,0.035469108,0.980848184,-0.1913809,0.980848184,-0.1913809,0.006642923,0.035581778
6.049150000000000,0.007219416,0.035464918,0.980847149,-0.191387015,0.980847149,-0.191387015,0.00664267,0.035577455
6.049200000000001,0.007218468,0.03546074,0.980846117,-0.191393118,0.980846117,-0.191393118,0.006642419,0.035573144
6.049250000000001,0.007217522,0.035456574,0.980845086,-0.191399208,0.980845086,-0.191399208,0.006642168,0.035568846
6.049300000000001,0.00721658,0.03545242,0.980844057,-0.191405285,0.980844057,-0.191405285,0.006641918,0.035564561
6.049350000000000,0.00721564,0.035448278,0.98084303,-0.191411351,0.98084303,-0.191411351,0.00664167,0.035560288
6.049400000000000,0.007214703,0.035444148,0.980842005,-0.191417404,0.980842005,-0.191417404,0.006641422,0.035556028
6.049450000000000,0.007213769,0.035440031,0.980840981,-0.191423444,0.980840981,-0.191423444,0.006641175,0.03555178
6.049500000000000,0.007212838,0.035435925,0.98083996,-0.191429473,0.98083996,-0.191429473,0.006640929,0.035547544
6.049550000000000,0.00721191,0.035431832,0.980838941,-0.191435489,0.980838941,-0.191435489,0.006640684,0.035543321
6.049600000000001,0.007210984,0.03542775,0.980837923,-0.191441494,0.980837923,-0.191441494,0.00664044,0.03553911
6.049650000000001,0.007210061,0.03542368,0.980836907,-0.191447486,0.980836907,-0.191447486,0.006640196,0.03553491
6.049700000000001,0.007209141,0.035419621,0.980835893,-0.191453466,0.980835893,-0.191453466,0.006639954,0.035530724
6.049750000000000,0.007208224,0.035415575,0.980834881,-0.191459435,0.980834881,-0.191459435,0.006639712,0.035526549
6.049800000000000,0.007207309,0.03541154,0.980833871,-0.191465391,0.980833871,-0.191465391,0.006639472,0.035522386
6.049850000000000,0.007206397,0.035407517,0.980832862,-0.191471336,0.980832862,-0.191471336,0.006639232,0.035518235
6.049900000000000,0.007205488,0.035403505,0.980831855,-0.191477269,0.980831855,-0.191477269,0.006638993,0.035514096
6.049950000000000,0.007204582,0.035399505,0.98083085,-0.19148319,0.98083085,-0.19148319,0.006638756,0.035509969
6.050000000000001,0.007203678,0.035395517,0.980829847,-0.191489099,0.980829847,-0.191489099,0.006638519,0.035505854
