Frequency (GHz),RE[S11],IM[S11],RE[S12],IM[S12],RE[S21],IM[S21],RE[S22],IM[S22]
7.050000000000001,0.032335142,0.056781434,0.87314975,-0.483052608,0.87314975,-0.483052608,0.03092334,0.057562485
7.050100000000000,0.032335815,0.056779418,0.873145111,-0.483061178,0.873145111,-0.483061178,0.030922397,0.057561383
7.050200000000000,0.032336486,0.056777394,0.87314047,-0.483069756,0.87314047,-0.483069756,0.030921447,0.057560275
7.050300000000000,0.032337157,0.056775361,0.873135825,-0.48307834,0.873135825,-0.48307834,0.030920492,0.057559161
7.050400000000001,0.032337827,0.056773321,0.873131176,-0.483086932,0.873131176,-0.483086932,0.030919531,0.057558042
7.050500000000000,0.032338497,0.056771271,0.873126524,-0.48309553,0.873126524,-0.48309553,0.030918564,0.057556918
7.050600000000000,0.032339166,0.056769214,0.873121869,-0.483104136,0.873121869,-0.483104136,0.030917591,0.057555788
7.050700000000001,0.032339834,0.056767148,0.87311721,-0.483112749,0.87311721,-0.483112749,0.030916612,0.057554652
7.050800000000001,0.032340501,0.056765073,0.873112547,-0.483121369,0.873112547,-0.483121369,0.030915628,0.057553511
7.050900000000000,0.032341167,0.05676299,0.873107881,-0.483129997,0.873107881,-0.483129997,0.030914638,0.057552364
7.051000000000000,0.032341833,0.056760899,0.873103212,-0.483138632,0.873103212,-0.483138632,0.030913642,0.057551212
7.051100000000001,0.032342498,0.056758798,0.873098539,-0.483147274,0.873098539,-0.483147274,0.030912639,0.057550054
7.051200000000001,0.032343162,0.056756689,0.873093862,-0.483155924,0.873093862,-0.483155924,0.030911631,0.05754889
7.051300000000000,0.032343825,0.056754572,0.873089182,-0.483164581,0.873089182,-0.483164581,0.030910617,0.05754772
7.051400000000000,0.032344488,0.056752446,0.873084498,-0.483173245,0.873084498,-0.483173245,0.030909597,0.057546545
7.051500000000001,0.03234515,0.056750311,0.87307981,-0.483181917,0.87307981,-0.483181917,0.030908571,0.057545364
7.051600000000001,0.032345811,0.056748167,0.873075119,-0.483190596,0.873075119,-0.483190596,0.030907539,0.057544177
7.051700000000000,0.032346471,0.056746015,0.873070424,-0.483199283,0.873070424,-0.483199283,0.0309065,0.057542984
7.051800000000000,0.032347131,0.056743853,0.873065726,-0.483207978,0.873065726,-0.483207978,0.030905456,0.057541785
7.051900000000001,0.032347789,0.056741683,0.873061024,-0.48321668,0.873061024,-0.48321668,0.030904405,0.057540581
7.052000000000000,0.032348447,0.056739503,0.873056318,-0.48322539,0.873056318,-0.48322539,0.030903348,0.05753937
7.052100000000000,0.032349105,0.056737315,0.873051608,-0.483234107,0.873051608,-0.483234107,0.030902285,0.057538154
7.052200000000000,0.032349761,0.056735118,0.873046894,-0.483242833,0.873046894,-0.483242833,0.030901216,0.057536932
7.052300000000001,0.032350416,0.056732911,0.873042177,-0.483251566,0.873042177,-0.483251566,0.03090014,0.057535703
7.052400000000000,0.032351071,0.056730696,0.873037456,-0.483260306,0.873037456,-0.483260306,0.030899058,0.057534469
7.052500000000000,0.032351725,0.056728471,0.873032731,-0.483269055,0.873032731,-0.483269055,0.03089797,0.057533229
7.052600000000001,0.032352378,0.056726237,0.873028003,-0.483277812,0.873028003,-0.483277812,0.030896875,0.057531982
7.052700000000001,0.032353031,0.056723994,0.87302327,-0.483286576,0.87302327,-0.483286576,0.030895774,0.057530729
7.052800000000000,0.032353682,0.056721741,0.873018534,-0.483295349,0.873018534,-0.483295349,0.030894667,0.057529471
7.052900000000000,0.032354333,0.056719479,0.873013794,-0.483304129,0.873013794,-0.483304129,0.030893552,0.057528206
7.053000000000001,0.032354983,0.056717208,0.873009049,-0.483312918,0.873009049,-0.483312918,0.030892432,0.057526935
7.053100000000001,0.032355632,0.056714927,0.873004301,-0.483321714,0.873004301,-0.483321714,0.030891305,0.057525657
7.053200000000000,0.03235628,0.056712637,0.872999549,-0.483330519,0.872999549,-0.483330519,0.030890171,0.057524374
7.053300000000000,0.032356927,0.056710338,0.872994793,-0.483339332,0.872994793,-0.483339332,0.030889031,0.057523084
7.053400000000001,0.032357574,0.056708028,0.872990033,-0.483348153,0.872990033,-0.483348153,0.030887884,0.057521788
7.053500000000001,0.032358219,0.056705709,0.872985269,-0.483356982,0.872985269,-0.483356982,0.030886731,0.057520485
7.053600000000000,0.032358864,0.056703381,0.872980501,-0.48336582,0.872980501,-0.48336582,0.030885571,0.057519176
7.053700000000000,0.032359508,0.056701043,0.872975729,-0.483374665,0.872975729,-0.483374665,0.030884404,0.057517861
7.053800000000001,0.032360151,0.056698695,0.872970953,-0.48338352,0.872970953,-0.48338352,0.03088323,0.057516539
7.053900000000001,0.032360793,0.056696337,0.872966173,-0.483392382,0.872966173,-0.483392382,0.03088205,0.057515211
7.054000000000000,0.032361435,0.056693969,0.872961389,-0.483401254,0.872961389,-0.483401254,0.030880863,0.057513876
7.054100000000000,0.032362075,0.056691592,0.8729566,-0.483410133,0.8729566,-0.483410133,0.030879668,0.057512535
7.054200000000001,0.032362715,0.056689204,0.872951808,-0.483419021,0.872951808,-0.483419021,0.030878467,0.057511187
7.054300000000000,0.032363353,0.056686807,0.872947011,-0.483427918,0.872947011,-0.483427918,0.03087726,0.057509833
7.054400000000000,0.032363991,0.056684399,0.87294221,-0.483436823,0.87294221,-0.483436823,0.030876045,0.057508472
7.054500000000001,0.032364628,0.056681982,0.872937405,-0.483445737,0.872937405,-0.483445737,0.030874823,0.057507104
7.054600000000001,0.032365264,0.056679554,0.872932595,-0.48345466,0.872932595,-0.48345466,0.030873594,0.05750573
7.054700000000000,0.032365899,0.056677116,0.872927782,-0.483463591,0.872927782,-0.483463591,0.030872358,0.057504349
7.054800000000000,0.032366534,0.056674668,0.872922964,-0.483472532,0.872922964,-0.483472532,0.030871115,0.057502961
7.054900000000001,0.032367167,0.056672209,0.872918142,-0.483481481,0.872918142,-0.483481481,0.030869865,0.057501567
7.055000000000001,0.0323678,0.056669741,0.872913315,-0.483490439,0.872913315,-0.483490439,0.030868607,0.057500165
7.055100000000000,0.032368431,0.056667262,0.872908484,-0.483499406,0.872908484,-0.483499406,0.030867343,0.057498757
7.055200000000000,0.032369062,0.056664772,0.872903649,-0.483508381,0.872903649,-0.483508381,0.030866071,0.057497342
7.055300000000001,0.032369691,0.056662272,0.872898809,-0.483517366,0.872898809,-0.483517366,0.030864792,0.05749592
7.055400000000001,0.03237032,0.056659761,0.872893966,-0.48352636,0.872893966,-0.48352636,0.030863506,0.057494491
7.055500000000000,0.032370948,0.05665724,0.872889117,-0.483535363,0.872889117,-0.483535363,0.030862212,0.057493055
7.055600000000000,0.032371575,0.056654708,0.872884264,-0.483544376,0.872884264,-0.483544376,0.030860911,0.057491612
7.055700000000001,0.032372201,0.056652165,0.872879407,-0.483553397,0.872879407,-0.483553397,0.030859603,0.057490162
7.055800000000001,0.032372826,0.056649612,0.872874545,-0.483562428,0.872874545,-0.483562428,0.030858287,0.057488705
7.055900000000000,0.03237345,0.056647048,0.872869679,-0.483571468,0.872869679,-0.483571468,0.030856963,0.05748724
7.056000000000000,0.032374073,0.056644473,0.872864808,-0.483580517,0.872864808,-0.483580517,0.030855632,0.057485769
7.056100000000001,0.032374695,0.056641887,0.872859932,-0.483589576,0.872859932,-0.483589576,0.030854294,0.05748429
7.056200000000000,0.032375317,0.05663929,0.872855052,-0.483598644,0.872855052,-0.483598644,0.030852948,0.057482805
7.056300000000000,0.032375937,0.056636682,0.872850168,-0.483607721,0.872850168,-0.483607721,0.030851594,0.057481312
7.056400000000000,0.032376556,0.056634063,0.872845278,-0.483616809,0.872845278,-0.483616809,0.030850233,0.057479811
7.056500000000001,0.032377174,0.056631433,0.872840384,-0.483625905,0.872840384,-0.483625905,0.030848863,0.057478303
7.056600000000000,0.032377792,0.056628792,0.872835486,-0.483635012,0.872835486,-0.483635012,0.030847487,0.057476788
7.056700000000000,0.032378408,0.056626139,0.872830582,-0.483644128,0.872830582,-0.483644128,0.030846102,0.057475266
7.056800000000001,0.032379023,0.056623475,0.872825674,-0.483653254,0.872825674,-0.483653254,0.030844709,0.057473736
7.056900000000001,0.032379638,0.0566208,0.872820762,-0.483662389,0.872820762,-0.483662389,0.030843309,0.057472198
7.057000000000000,0.032380251,0.056618113,0.872815844,-0.483671535,0.872815844,-0.483671535,0.0308419,0.057470654
7.057100000000000,0.032380863,0.056615415,0.872810922,-0.48368069,0.872810922,-0.48368069,0.030840484,0.057469101
7.057200000000001,0.032381475,0.056612705,0.872805994,-0.483689855,0.872805994,-0.483689855,0.03083906,0.057467541
7.057300000000001,0.032382085,0.056609984,0.872801062,-0.483699031,0.872801062,-0.483699031,0.030837627,0.057465973
7.057400000000000,0.032382694,0.056607251,0.872796125,-0.483708216,0.872796125,-0.483708216,0.030836187,0.057464398
7.057500000000000,0.032383302,0.056604507,0.872791183,-0.483717412,0.872791183,-0.483717412,0.030834738,0.057462815
7.057600000000001,0.03238391,0.05660175,0.872786236,-0.483726617,0.872786236,-0.483726617,0.030833282,0.057461224
7.057700000000001,0.032384516,0.056598982,0.872781285,-0.483735833,0.872781285,-0.483735833,0.030831817,0.057459625
7.057800000000000,0.032385121,0.056596202,0.872776328,-0.483745059,0.872776328,-0.483745059,0.030830344,0.057458018
7.057900000000000,0.032385725,0.056593409,0.872771366,-0.483754296,0.872771366,-0.483754296,0.030828862,0.057456404
7.058000000000001,0.032386328,0.056590605,0.872766399,-0.483763542,0.872766399,-0.483763542,0.030827372,0.057454782
7.058100000000000,0.03238693,0.056587789,0.872761427,-0.4837728,0.872761427,-0.4837728,0.030825874,0.057453151
7.058200000000000,0.032387531,0.056584961,0.87275645,-0.483782067,0.87275645,-0.483782067,0.030824367,0.057451513
7.058300000000000,0.032388131,0.05658212,0.872751468,-0.483791345,0.872751468,-0.483791345,0.030822852,0.057449867
7.058400000000001,0.032388729,0.056579267,0.872746481,-0.483800634,0.872746481,-0.483800634,0.030821328,0.057448213
7.058500000000000,0.032389327,0.056576402,0.872741488,-0.483809934,0.872741488,-0.483809934,0.030819796,0.05744655
7.058600000000000,0.032389924,0.056573524,0.87273649,-0.483819244,0.87273649,-0.483819244,0.030818255,0.057444879
7.058700000000001,0.032390519,0.056570634,0.872731488,-0.483828565,0.872731488,-0.483828565,0.030816706,0.057443201
7.058800000000001,0.032391114,0.056567731,0.872726479,-0.483837897,0.872726479,-0.483837897,0.030815148,0.057441513
7.058900000000000,0.032391707,0.056564816,0.872721466,-0.483847239,0.872721466,-0.483847239,0.030813581,0.057439818
7.059000000000000,0.032392299,0.056561888,0.872716447,-0.483856593,0.872716447,-0.483856593,0.030812005,0.057438114
7.059100000000001,0.03239289,0.056558948,0.872711423,-0.483865958,0.872711423,-0.483865958,0.030810421,0.057436402
7.059200000000001,0.03239348,0.056555994,0.872706393,-0.483875333,0.872706393,-0.483875333,0.030808827,0.057434682
7.059300000000000,0.032394069,0.056553028,0.872701358,-0.48388472,0.872701358,-0.48388472,0.030807225,0.057432953
7.059400000000000,0.032394656,0.056550049,0.872696318,-0.483894118,0.872696318,-0.483894118,0.030805613,0.057431215
7.059500000000001,0.032395243,0.056547056,0.872691272,-0.483903528,0.872691272,-0.483903528,0.030803993,0.057429469
7.059600000000001,0.032395828,0.056544051,0.872686221,-0.483912948,0.872686221,-0.483912948,0.030802364,0.057427715
7.059700000000000,0.032396413,0.056541033,0.872681164,-0.48392238,0.872681164,-0.48392238,0.030800725,0.057425951
7.059800000000000,0.032396996,0.056538001,0.872676102,-0.483931823,0.872676102,-0.483931823,0.030799077,0.057424179
7.059900000000001,0.032397578,0.056534956,0.872671034,-0.483941278,0.872671034,-0.483941278,0.03079742,0.057422398
7.060000000000000,0.032398158,0.056531898,0.87266596,-0.483950745,0.87266596,-0.483950745,0.030795754,0.057420609
7.060100000000000,0.032398738,0.056528826,0.872660881,-0.483960223,0.872660881,-0.483960223,0.030794079,0.057418811
7.060200000000000,0.032399316,0.056525741,0.872655796,-0.483969712,0.872655796,-0.483969712,0.030792394,0.057417003
7.060300000000001,0.032399894,0.056522642,0.872650705,-0.483979214,0.872650705,-0.483979214,0.030790699,0.057415187
7.060400000000000,0.03240047,0.056519529,0.872645609,-0.483988727,0.872645609,-0.483988727,0.030788995,0.057413362
7.060500000000000,0.032401044,0.056516403,0.872640507,-0.483998252,0.872640507,-0.483998252,0.030787282,0.057411528
7.060600000000001,0.032401618,0.056513263,0.872635399,-0.484007789,0.872635399,-0.484007789,0.030785559,0.057409685
7.060700000000001,0.03240219,0.056510109,0.872630285,-0.484017338,0.872630285,-0.484017338,0.030783827,0.057407832
7.060800000000000,0.032402762,0.056506941,0.872625165,-0.4840269,0.872625165,-0.4840269,0.030782084,0.057405971
7.060900000000000,0.032403332,0.05650376,0.872620039,-0.484036473,0.872620039,-0.484036473,0.030780332,0.0574041
7.061000000000001,0.0324039,0.056500564,0.872614908,-0.484046059,0.872614908,-0.484046059,0.03077857,0.05740222
7.061100000000001,0.032404468,0.056497353,0.87260977,-0.484055656,0.87260977,-0.484055656,0.030776799,0.057400331
7.061200000000000,0.032405034,0.056494129,0.872604627,-0.484065267,0.872604627,-0.484065267,0.030775017,0.057398432
7.061300000000000,0.032405599,0.05649089,0.872599477,-0.484074889,0.872599477,-0.484074889,0.030773226,0.057396524
7.061400000000001,0.032406163,0.056487637,0.872594322,-0.484084524,0.872594322,-0.484084524,0.030771424,0.057394607
7.061500000000001,0.032406725,0.05648437,0.87258916,-0.484094172,0.87258916,-0.484094172,0.030769613,0.05739268
7.061600000000000,0.032407286,0.056481087,0.872583992,-0.484103832,0.872583992,-0.484103832,0.030767791,0.057390743
7.061700000000000,0.032407846,0.05647779,0.872578818,-0.484113505,0.872578818,-0.484113505,0.030765959,0.057388797
7.061800000000001,0.032408405,0.056474479,0.872573637,-0.484123191,0.872573637,-0.484123191,0.030764117,0.057386841
7.061900000000001,0.032408962,0.056471152,0.872568451,-0.48413289,0.872568451,-0.48413289,0.030762264,0.057384875
7.062000000000000,0.032409518,0.056467811,0.872563258,-0.484142601,0.872563258,-0.484142601,0.030760402,0.057382899
7.062100000000000,0.032410073,0.056464455,0.872558059,-0.484152326,0.872558059,-0.484152326,0.030758528,0.057380914
7.062200000000001,0.032410626,0.056461083,0.872552853,-0.484162063,0.872552853,-0.484162063,0.030756645,0.057378919
7.062300000000000,0.032411178,0.056457697,0.872547641,-0.484171814,0.872547641,-0.484171814,0.030754751,0.057376914
7.062400000000000,0.032411729,0.056454295,0.872542423,-0.484181578,0.872542423,-0.484181578,0.030752846,0.057374898
7.062500000000000,0.032412278,0.056450878,0.872537198,-0.484191355,0.872537198,-0.484191355,0.03075093,0.057372873
7.062600000000001,0.032412826,0.056447446,0.872531967,-0.484201146,0.872531967,-0.484201146,0.030749004,0.057370838
7.062700000000000,0.032413373,0.056443998,0.872526729,-0.48421095,0.872526729,-0.48421095,0.030747067,0.057368792
7.062800000000000,0.032413918,0.056440534,0.872521485,-0.484220768,0.872521485,-0.484220768,0.030745119,0.057366736
7.062900000000001,0.032414462,0.056437055,0.872516234,-0.484230599,0.872516234,-0.484230599,0.030743161,0.05736467
7.063000000000001,0.032415005,0.05643356,0.872510976,-0.484240444,0.872510976,-0.484240444,0.030741191,0.057362594
7.063100000000000,0.032415546,0.056430049,0.872505711,-0.484250303,0.872505711,-0.484250303,0.030739211,0.057360507
7.063200000000000,0.032416086,0.056426522,0.87250044,-0.484260175,0.87250044,-0.484260175,0.030737219,0.05735841
7.063300000000001,0.032416624,0.056422979,0.872495162,-0.484270062,0.872495162,-0.484270062,0.030735216,0.057356302
7.063400000000001,0.032417161,0.05641942,0.872489878,-0.484279962,0.872489878,-0.484279962,0.030733202,0.057354183
7.063500000000000,0.032417696,0.056415845,0.872484586,-0.484289877,0.872484586,-0.484289877,0.030731177,0.057352054
7.063600000000000,0.032418231,0.056412253,0.872479288,-0.484299805,0.872479288,-0.484299805,0.03072914,0.057349914
7.063700000000001,0.032418763,0.056408645,0.872473982,-0.484309748,0.872473982,-0.484309748,0.030727092,0.057347764
7.063800000000001,0.032419294,0.056405021,0.87246867,-0.484319706,0.87246867,-0.484319706,0.030725032,0.057345602
7.063900000000000,0.032419824,0.05640138,0.87246335,-0.484329677,0.87246335,-0.484329677,0.030722961,0.05734343
7.064000000000000,0.032420353,0.056397722,0.872458024,-0.484339664,0.872458024,-0.484339664,0.030720879,0.057341247
7.064100000000001,0.032420879,0.056394048,0.87245269,-0.484349664,0.87245269,-0.484349664,0.030718784,0.057339053
7.064200000000000,0.032421405,0.056390356,0.872447349,-0.48435968,0.872447349,-0.48435968,0.030716678,0.057336847
7.064300000000000,0.032421929,0.056386648,0.872442002,-0.48436971,0.872442002,-0.48436971,0.03071456,0.057334631
7.064400000000000,0.032422451,0.056382922,0.872436646,-0.484379756,0.872436646,-0.484379756,0.03071243,0.057332403
7.064500000000001,0.032422972,0.05637918,0.872431284,-0.484389816,0.872431284,-0.484389816,0.030710288,0.057330164
7.064600000000000,0.032423491,0.05637542,0.872425914,-0.484399891,0.872425914,-0.484399891,0.030708135,0.057327914
7.064700000000000,0.032424009,0.056371642,0.872420537,-0.484409981,0.872420537,-0.484409981,0.030705969,0.057325652
7.064800000000001,0.032424526,0.056367847,0.872415153,-0.484420087,0.872415153,-0.484420087,0.030703791,0.057323379
7.064900000000001,0.03242504,0.056364035,0.872409761,-0.484430207,0.872409761,-0.484430207,0.0307016,0.057321094
7.065000000000000,0.032425554,0.056360205,0.872404361,-0.484440344,0.872404361,-0.484440344,0.030699398,0.057318797
7.065100000000000,0.032426065,0.056356357,0.872398954,-0.484450495,0.872398954,-0.484450495,0.030697183,0.057316489
7.065200000000001,0.032426575,0.056352491,0.872393539,-0.484460663,0.872393539,-0.484460663,0.030694955,0.057314169
7.065300000000001,0.032427084,0.056348607,0.872388117,-0.484470846,0.872388117,-0.484470846,0.030692715,0.057311838
7.065400000000000,0.032427591,0.056344705,0.872382687,-0.484481044,0.872382687,-0.484481044,0.030690463,0.057309494
7.065500000000000,0.032428096,0.056340785,0.87237725,-0.484491259,0.87237725,-0.484491259,0.030688197,0.057307139
7.065600000000001,0.0324286,0.056336846,0.872371804,-0.48450149,0.872371804,-0.48450149,0.030685919,0.057304771
7.065700000000001,0.032429102,0.056332889,0.872366351,-0.484511736,0.872366351,-0.484511736,0.030683628,0.057302392
7.065800000000000,0.032429603,0.056328913,0.87236089,-0.484521999,0.87236089,-0.484521999,0.030681325,0.0573
7.065900000000000,0.032430102,0.056324919,0.872355421,-0.484532278,0.872355421,-0.484532278,0.030679008,0.057297596
7.066000000000001,0.032430599,0.056320906,0.872349944,-0.484542574,0.872349944,-0.484542574,0.030676678,0.057295179
7.066100000000000,0.032431094,0.056316874,0.872344459,-0.484552886,0.872344459,-0.484552886,0.030674335,0.05729275
7.066200000000000,0.032431588,0.056312823,0.872338966,-0.484563214,0.872338966,-0.484563214,0.030671979,0.057290309
7.066300000000000,0.032432081,0.056308753,0.872333465,-0.484573559,0.872333465,-0.484573559,0.030669609,0.057287855
7.066400000000001,0.032432571,0.056304663,0.872327955,-0.484583921,0.872327955,-0.484583921,0.030667226,0.057285389
7.066500000000000,0.03243306,0.056300555,0.872322438,-0.4845943,0.872322438,-0.4845943,0.03066483,0.05728291
7.066600000000000,0.032433547,0.056296426,0.872316912,-0.484604696,0.872316912,-0.484604696,0.03066242,0.057280418
7.066700000000001,0.032434033,0.056292278,0.872311378,-0.484615109,0.872311378,-0.484615109,0.030659996,0.057277913
7.066800000000001,0.032434516,0.056288111,0.872305835,-0.484625539,0.872305835,-0.484625539,0.030657558,0.057275395
7.066900000000000,0.032434998,0.056283923,0.872300284,-0.484635986,0.872300284,-0.484635986,0.030655107,0.057272865
7.067000000000000,0.032435479,0.056279716,0.872294725,-0.484646451,0.872294725,-0.484646451,0.030652642,0.057270321
7.067100000000001,0.032435957,0.056275488,0.872289157,-0.484656934,0.872289157,-0.484656934,0.030650163,0.057267764
7.067200000000001,0.032436434,0.05627124,0.87228358,-0.484667434,0.87228358,-0.484667434,0.03064767,0.057265194
7.067300000000000,0.032436909,0.056266972,0.872277995,-0.484677951,0.872277995,-0.484677951,0.030645162,0.05726261
7.067400000000000,0.032437382,0.056262684,0.872272401,-0.484688487,0.872272401,-0.484688487,0.030642641,0.057260013
7.067500000000001,0.032437853,0.056258375,0.872266798,-0.48469904,0.872266798,-0.48469904,0.030640105,0.057257403
7.067600000000001,0.032438323,0.056254045,0.872261187,-0.484709612,0.872261187,-0.484709612,0.030637554,0.057254778
7.067700000000000,0.032438791,0.056249694,0.872255566,-0.484720202,0.872255566,-0.484720202,0.03063499,0.057252141
7.067800000000000,0.032439256,0.056245322,0.872249937,-0.48473081,0.872249937,-0.48473081,0.03063241,0.057249489
7.067900000000001,0.03243972,0.056240929,0.872244299,-0.484741437,0.872244299,-0.484741437,0.030629816,0.057246824
7.068000000000001,0.032440183,0.056236515,0.872238651,-0.484752082,0.872238651,-0.484752082,0.030627207,0.057244144
7.068100000000000,0.032440643,0.056232079,0.872232995,-0.484762746,0.872232995,-0.484762746,0.030624583,0.057241451
7.068200000000000,0.032441101,0.056227622,0.87222733,-0.484773428,0.87222733,-0.484773428,0.030621944,0.057238744
7.068300000000001,0.032441558,0.056223143,0.872221655,-0.48478413,0.872221655,-0.48478413,0.03061929,0.057236022
7.068400000000000,0.032442012,0.056218643,0.872215971,-0.48479485,0.872215971,-0.48479485,0.030616621,0.057233286
7.068500000000000,0.032442465,0.05621412,0.872210277,-0.48480559,0.872210277,-0.48480559,0.030613936,0.057230536
7.068600000000001,0.032442916,0.056209576,0.872204575,-0.484816349,0.872204575,-0.484816349,0.030611236,0.057227771
7.068700000000001,0.032443365,0.056205009,0.872198862,-0.484827127,0.872198862,-0.484827127,0.030608521,0.057224992
7.068800000000000,0.032443812,0.05620042,0.872193141,-0.484837925,0.872193141,-0.484837925,0.03060579,0.057222198
7.068900000000000,0.032444256,0.056195808,0.872187409,-0.484848743,0.872187409,-0.484848743,0.030603043,0.057219389
7.069000000000001,0.032444699,0.056191173,0.872181669,-0.48485958,0.872181669,-0.48485958,0.030600281,0.057216566
7.069100000000001,0.03244514,0.056186516,0.872175918,-0.484870437,0.872175918,-0.484870437,0.030597503,0.057213727
7.069200000000000,0.032445579,0.056181836,0.872170157,-0.484881315,0.872170157,-0.484881315,0.030594708,0.057210874
7.069300000000000,0.032446016,0.056177133,0.872164387,-0.484892212,0.872164387,-0.484892212,0.030591898,0.057208005
7.069400000000001,0.032446451,0.056172406,0.872158607,-0.48490313,0.872158607,-0.48490313,0.030589072,0.057205121
7.069500000000001,0.032446884,0.056167657,0.872152817,-0.484914068,0.872152817,-0.484914068,0.030586229,0.057202222
7.069600000000000,0.032447314,0.056162883,0.872147017,-0.484925027,0.872147017,-0.484925027,0.030583369,0.057199308
7.069700000000000,0.032447743,0.056158086,0.872141207,-0.484936007,0.872141207,-0.484936007,0.030580494,0.057196377
7.069800000000001,0.03244817,0.056153265,0.872135386,-0.484947007,0.872135386,-0.484947007,0.030577601,0.057193432
7.069900000000001,0.032448594,0.05614842,0.872129555,-0.484958028,0.872129555,-0.484958028,0.030574692,0.05719047
7.070000000000000,0.032449016,0.056143551,0.872123715,-0.484969071,0.872123715,-0.484969071,0.030571766,0.057187493
7.070100000000000,0.032449437,0.056138657,0.872117863,-0.484980135,0.872117863,-0.484980135,0.030568823,0.0571845
7.070200000000001,0.032449855,0.056133739,0.872112001,-0.48499122,0.872112001,-0.48499122,0.030565863,0.05718149
7.070300000000000,0.03245027,0.056128796,0.872106129,-0.485002327,0.872106129,-0.485002327,0.030562886,0.057178465
7.070400000000000,0.032450684,0.056123829,0.872100246,-0.485013455,0.872100246,-0.485013455,0.030559891,0.057175423
7.070500000000000,0.032451096,0.056118836,0.872094353,-0.485024606,0.872094353,-0.485024606,0.03055688,0.057172365
7.070600000000001,0.032451505,0.056113818,0.872088448,-0.485035778,0.872088448,-0.485035778,0.03055385,0.057169291
7.070700000000000,0.032451912,0.056108775,0.872082533,-0.485046973,0.872082533,-0.485046973,0.030550803,0.0571662
7.070800000000000,0.032452317,0.056103707,0.872076607,-0.485058189,0.872076607,-0.485058189,0.030547738,0.057163092
7.070900000000001,0.03245272,0.056098612,0.872070671,-0.485069429,0.872070671,-0.485069429,0.030544655,0.057159967
7.071000000000001,0.03245312,0.056093492,0.872064723,-0.485080691,0.872064723,-0.485080691,0.030541554,0.057156826
7.071100000000000,0.032453518,0.056088346,0.872058764,-0.485091975,0.872058764,-0.485091975,0.030538435,0.057153667
7.071200000000000,0.032453914,0.056083174,0.872052794,-0.485103283,0.872052794,-0.485103283,0.030535298,0.057150491
7.071300000000001,0.032454307,0.056077975,0.872046812,-0.485114613,0.872046812,-0.485114613,0.030532143,0.057147298
7.071400000000001,0.032454698,0.05607275,0.872040819,-0.485125967,0.872040819,-0.485125967,0.030528969,0.057144088
7.071500000000000,0.032455087,0.056067498,0.872034815,-0.485137345,0.872034815,-0.485137345,0.030525776,0.05714086
7.071600000000000,0.032455474,0.056062219,0.872028799,-0.485148745,0.872028799,-0.485148745,0.030522564,0.057137615
7.071700000000001,0.032455858,0.056056913,0.872022772,-0.48516017,0.872022772,-0.48516017,0.030519334,0.057134352
7.071800000000001,0.032456239,0.056051579,0.872016733,-0.485171618,0.872016733,-0.485171618,0.030516084,0.057131071
7.071900000000000,0.032456619,0.056046219,0.872010683,-0.485183091,0.872010683,-0.485183091,0.030512816,0.057127772
7.072000000000000,0.032456996,0.05604083,0.87200462,-0.485194588,0.87200462,-0.485194588,0.030509528,0.057124455
7.072100000000001,0.03245737,0.056035414,0.871998546,-0.485206109,0.871998546,-0.485206109,0.030506221,0.057121119
7.072200000000000,0.032457742,0.056029969,0.87199246,-0.485217655,0.87199246,-0.485217655,0.030502894,0.057117766
7.072300000000000,0.032458111,0.056024497,0.871986361,-0.485229225,0.871986361,-0.485229225,0.030499547,0.057114393
7.072400000000000,0.032458478,0.056018995,0.871980251,-0.48524082,0.871980251,-0.48524082,0.030496181,0.057111003
7.072500000000001,0.032458843,0.056013466,0.871974128,-0.485252441,0.871974128,-0.485252441,0.030492794,0.057107593
7.072600000000000,0.032459205,0.056007907,0.871967993,-0.485264086,0.871967993,-0.485264086,0.030489388,0.057104165
7.072700000000000,0.032459564,0.056002319,0.871961845,-0.485275757,0.871961845,-0.485275757,0.030485961,0.057100717
7.072800000000001,0.032459921,0.055996703,0.871955685,-0.485287454,0.871955685,-0.485287454,0.030482514,0.057097251
7.072900000000001,0.032460275,0.055991056,0.871949512,-0.485299177,0.871949512,-0.485299177,0.030479046,0.057093765
7.073000000000000,0.032460627,0.05598538,0.871943327,-0.485310925,0.871943327,-0.485310925,0.030475558,0.05709026
7.073100000000000,0.032460975,0.055979674,0.871937129,-0.4853227,0.871937129,-0.4853227,0.030472048,0.057086735
7.073200000000001,0.032461322,0.055973938,0.871930918,-0.485334501,0.871930918,-0.485334501,0.030468518,0.057083191
7.073300000000001,0.032461665,0.055968172,0.871924694,-0.485346329,0.871924694,-0.485346329,0.030464967,0.057079627
7.073400000000000,0.032462006,0.055962375,0.871918457,-0.485358183,0.871918457,-0.485358183,0.030461394,0.057076043
7.073500000000000,0.032462345,0.055956547,0.871912207,-0.485370064,0.871912207,-0.485370064,0.0304578,0.057072438
7.073600000000001,0.03246268,0.055950689,0.871905944,-0.485381973,0.871905944,-0.485381973,0.030454184,0.057068814
7.073700000000001,0.032463013,0.055944799,0.871899667,-0.485393909,0.871899667,-0.485393909,0.030450547,0.057065169
7.073800000000000,0.032463343,0.055938878,0.871893377,-0.485405872,0.871893377,-0.485405872,0.030446887,0.057061504
7.073900000000000,0.032463671,0.055932925,0.871887073,-0.485417863,0.871887073,-0.485417863,0.030443206,0.057057817
7.074000000000001,0.032463995,0.05592694,0.871880756,-0.485429882,0.871880756,-0.485429882,0.030439502,0.05705411
7.074100000000000,0.032464317,0.055920923,0.871874425,-0.485441929,0.871874425,-0.485441929,0.030435776,0.057050383
7.074200000000000,0.032464635,0.055914874,0.87186808,-0.485454005,0.87186808,-0.485454005,0.030432027,0.057046634
7.074300000000000,0.032464951,0.055908792,0.871861721,-0.485466109,0.871861721,-0.485466109,0.030428256,0.057042863
7.074400000000001,0.032465265,0.055902678,0.871855348,-0.485478242,0.871855348,-0.485478242,0.030424462,0.057039071
7.074500000000000,0.032465575,0.05589653,0.871848961,-0.485490403,0.871848961,-0.485490403,0.030420644,0.057035258
7.074600000000000,0.032465882,0.055890349,0.871842559,-0.485502594,0.871842559,-0.485502594,0.030416804,0.057031423
7.074700000000001,0.032466186,0.055884135,0.871836144,-0.485514815,0.871836144,-0.485514815,0.03041294,0.057027566
7.074800000000001,0.032466488,0.055877887,0.871829714,-0.485527065,0.871829714,-0.485527065,0.030409052,0.057023687
7.074900000000000,0.032466786,0.055871605,0.871823269,-0.485539345,0.871823269,-0.485539345,0.030405141,0.057019785
7.075000000000000,0.032467081,0.055865288,0.871816809,-0.485551654,0.871816809,-0.485551654,0.030401205,0.057015862
7.075100000000001,0.032467373,0.055858937,0.871810333,-0.485563994,0.871810333,-0.485563994,0.030397246,0.057011915
7.075200000000001,0.032467662,0.055852551,0.871803842,-0.485576363,0.871803842,-0.485576363,0.030393262,0.057007946
7.075300000000000,0.032467949,0.05584613,0.871797336,-0.485588764,0.871797336,-0.485588764,0.030389254,0.057003954
7.075400000000000,0.032468231,0.055839673,0.871790814,-0.485601195,0.871790814,-0.485601195,0.030385221,0.056999939
7.075500000000001,0.032468511,0.055833181,0.871784278,-0.485613658,0.871784278,-0.485613658,0.030381164,0.056995901
7.075600000000001,0.032468788,0.055826653,0.871777726,-0.485626152,0.871777726,-0.485626152,0.030377081,0.056991839
7.075700000000000,0.032469061,0.055820089,0.871771158,-0.485638678,0.871771158,-0.485638678,0.030372973,0.056987754
7.075800000000000,0.032469332,0.055813489,0.871764575,-0.485651235,0.871764575,-0.485651235,0.03036884,0.056983645
7.075900000000001,0.032469599,0.055806852,0.871757976,-0.485663825,0.871757976,-0.485663825,0.030364681,0.056979511
7.076000000000001,0.032469862,0.055800178,0.871751362,-0.485676448,0.871751362,-0.485676448,0.030360496,0.056975354
7.076100000000000,0.032470123,0.055793466,0.871744731,-0.485689103,0.871744731,-0.485689103,0.030356285,0.056971173
7.076200000000000,0.03247038,0.055786717,0.871738084,-0.485701791,0.871738084,-0.485701791,0.030352048,0.056966967
7.076300000000001,0.032470634,0.055779931,0.871731421,-0.485714512,0.871731421,-0.485714512,0.030347785,0.056962736
7.076400000000000,0.032470884,0.055773106,0.871724741,-0.485727267,0.871724741,-0.485727267,0.030343495,0.05695848
7.076500000000000,0.032471131,0.055766242,0.871718045,-0.485740055,0.871718045,-0.485740055,0.030339178,0.056954199
7.076600000000000,0.032471375,0.055759341,0.871711333,-0.485752877,0.871711333,-0.485752877,0.030334834,0.056949893
7.076700000000001,0.032471615,0.0557524,0.871704604,-0.485765734,0.871704604,-0.485765734,0.030330463,0.056945562
7.076800000000000,0.032471852,0.055745419,0.871697857,-0.485778625,0.871697857,-0.485778625,0.030326064,0.056941205
7.076900000000000,0.032472085,0.055738399,0.871691094,-0.485791551,0.871691094,-0.485791551,0.030321638,0.056936822
7.077000000000001,0.032472315,0.055731339,0.871684314,-0.485804512,0.871684314,-0.485804512,0.030317184,0.056932412
7.077100000000001,0.032472541,0.055724239,0.871677516,-0.485817508,0.871677516,-0.485817508,0.030312702,0.056927977
7.077200000000000,0.032472764,0.055717099,0.871670701,-0.48583054,0.871670701,-0.48583054,0.030308191,0.056923515
7.077300000000000,0.032472983,0.055709917,0.871663868,-0.485843608,0.871663868,-0.485843608,0.030303652,0.056919027
7.077400000000001,0.032473198,0.055702694,0.871657018,-0.485856712,0.871657018,-0.485856712,0.030299084,0.056914511
7.077500000000001,0.03247341,0.05569543,0.87165015,-0.485869852,0.87165015,-0.485869852,0.030294487,0.056909969
7.077600000000000,0.032473618,0.055688124,0.871643264,-0.485883029,0.871643264,-0.485883029,0.030289861,0.056905399
7.077700000000000,0.032473822,0.055680776,0.871636359,-0.485896243,0.871636359,-0.485896243,0.030285206,0.056900801
7.077800000000001,0.032474022,0.055673385,0.871629437,-0.485909495,0.871629437,-0.485909495,0.03028052,0.056896176
7.077900000000001,0.032474219,0.055665951,0.871622495,-0.485922784,0.871622495,-0.485922784,0.030275805,0.056891523
7.078000000000000,0.032474412,0.055658474,0.871615536,-0.485936112,0.871615536,-0.485936112,0.030271059,0.056886842
7.078100000000000,0.032474601,0.055650953,0.871608557,-0.485949477,0.871608557,-0.485949477,0.030266283,0.056882132
7.078200000000001,0.032474786,0.055643389,0.87160156,-0.485962881,0.87160156,-0.485962881,0.030261477,0.056877394
7.078300000000000,0.032474967,0.05563578,0.871594544,-0.485976324,0.871594544,-0.485976324,0.030256639,0.056872626
7.078400000000000,0.032475145,0.055628127,0.871587508,-0.485989806,0.871587508,-0.485989806,0.030251771,0.05686783
7.078500000000000,0.032475318,0.055620428,0.871580453,-0.486003328,0.871580453,-0.486003328,0.03024687,0.056863004
7.078600000000001,0.032475487,0.055612684,0.871573379,-0.48601689,0.871573379,-0.48601689,0.030241938,0.056858148
7.078700000000000,0.032475652,0.055604895,0.871566285,-0.486030492,0.871566285,-0.486030492,0.030236975,0.056853263
7.078800000000000,0.032475814,0.055597059,0.871559171,-0.486044134,0.871559171,-0.486044134,0.030231978,0.056848348
7.078900000000001,0.032475971,0.055589177,0.871552037,-0.486057817,0.871552037,-0.486057817,0.03022695,0.056843402
7.079000000000001,0.032476123,0.055581248,0.871544883,-0.486071541,0.871544883,-0.486071541,0.030221888,0.056838426
7.079100000000000,0.032476272,0.055573272,0.871537708,-0.486085307,0.871537708,-0.486085307,0.030216794,0.056833419
7.079200000000000,0.032476417,0.055565248,0.871530513,-0.486099115,0.871530513,-0.486099115,0.030211666,0.056828381
7.079300000000001,0.032476557,0.055557176,0.871523298,-0.486112965,0.871523298,-0.486112965,0.030206505,0.056823311
7.079400000000001,0.032476693,0.055549055,0.871516061,-0.486126858,0.871516061,-0.486126858,0.03020131,0.05681821
7.079500000000000,0.032476824,0.055540886,0.871508804,-0.486140794,0.871508804,-0.486140794,0.03019608,0.056813077
7.079600000000000,0.032476951,0.055532667,0.871501525,-0.486154773,0.871501525,-0.486154773,0.030190817,0.056807912
7.079700000000001,0.032477074,0.055524399,0.871494225,-0.486168795,0.871494225,-0.486168795,0.030185518,0.056802714
7.079800000000001,0.032477193,0.05551608,0.871486903,-0.486182862,0.871486903,-0.486182862,0.030180185,0.056797484
7.079900000000000,0.032477306,0.055507711,0.871479559,-0.486196973,0.871479559,-0.486196973,0.030174816,0.056792221
7.080000000000000,0.032477416,0.055499291,0.871472194,-0.486211129,0.871472194,-0.486211129,0.030169411,0.056786924
7.080100000000001,0.032477521,0.05549082,0.871464806,-0.48622533,0.871464806,-0.48622533,0.030163971,0.056781594
7.080200000000000,0.032477621,0.055482296,0.871457396,-0.486239577,0.871457396,-0.486239577,0.030158494,0.05677623
7.080300000000000,0.032477716,0.055473721,0.871449963,-0.48625387,0.871449963,-0.48625387,0.03015298,0.056770832
7.080400000000000,0.032477807,0.055465092,0.871442508,-0.486268209,0.871442508,-0.486268209,0.03014743,0.0567654
7.080500000000001,0.032477893,0.055456411,0.87143503,-0.486282595,0.87143503,-0.486282595,0.030141843,0.056759933
7.080600000000000,0.032477974,0.055447676,0.871427528,-0.486297028,0.871427528,-0.486297028,0.030136218,0.056754431
7.080700000000000,0.032478051,0.055438886,0.871420004,-0.486311509,0.871420004,-0.486311509,0.030130555,0.056748894
7.080800000000001,0.032478123,0.055430042,0.871412455,-0.486326037,0.871412455,-0.486326037,0.030124854,0.056743321
7.080900000000001,0.032478189,0.055421143,0.871404883,-0.486340614,0.871404883,-0.486340614,0.030119115,0.056737713
7.081000000000000,0.032478251,0.055412189,0.871397287,-0.486355241,0.871397287,-0.486355241,0.030113336,0.056732068
7.081100000000000,0.032478308,0.055403178,0.871389667,-0.486369916,0.871389667,-0.486369916,0.030107519,0.056726386
7.081200000000001,0.03247836,0.055394111,0.871382023,-0.486384641,0.871382023,-0.486384641,0.030101662,0.056720668
7.081300000000001,0.032478407,0.055384987,0.871374354,-0.486399416,0.871374354,-0.486399416,0.030095765,0.056714913
7.081400000000000,0.032478448,0.055375805,0.87136666,-0.486414242,0.87136666,-0.486414242,0.030089827,0.05670912
7.081500000000000,0.032478485,0.055366565,0.871358941,-0.486429119,0.871358941,-0.486429119,0.03008385,0.056703289
7.081600000000001,0.032478516,0.055357267,0.871351197,-0.486444047,0.871351197,-0.486444047,0.030077831,0.05669742
7.081700000000001,0.032478542,0.05534791,0.871343427,-0.486459028,0.871343427,-0.486459028,0.030071771,0.056691512
7.081800000000000,0.032478562,0.055338492,0.871335631,-0.486474061,0.871335631,-0.486474061,0.030065669,0.056685566
7.081900000000000,0.032478578,0.055329015,0.87132781,-0.486489147,0.87132781,-0.486489147,0.030059525,0.056679581
7.082000000000001,0.032478587,0.055319477,0.871319962,-0.486504286,0.871319962,-0.486504286,0.030053338,0.056673556
7.082100000000001,0.032478592,0.055309878,0.871312088,-0.486519479,0.871312088,-0.486519479,0.030047109,0.056667491
7.082200000000000,0.032478591,0.055300217,0.871304187,-0.486534727,0.871304187,-0.486534727,0.030040836,0.056661385
7.082300000000000,0.032478584,0.055290494,0.87129626,-0.486550029,0.87129626,-0.486550029,0.03003452,0.05665524
7.082400000000001,0.032478572,0.055280707,0.871288305,-0.486565387,0.871288305,-0.486565387,0.03002816,0.056649053
7.082500000000000,0.032478554,0.055270857,0.871280322,-0.486580801,0.871280322,-0.486580801,0.030021755,0.056642825
7.082600000000000,0.03247853,0.055260943,0.871272312,-0.486596271,0.871272312,-0.486596271,0.030015306,0.056636555
7.082700000000001,0.0324785,0.055250965,0.871264274,-0.486611798,0.871264274,-0.486611798,0.030008811,0.056630242
7.082800000000001,0.032478465,0.055240921,0.871256208,-0.486627383,0.871256208,-0.486627383,0.03000227,0.056623888
7.082900000000000,0.032478424,0.055230811,0.871248114,-0.486643025,0.871248114,-0.486643025,0.029995684,0.05661749
7.083000000000000,0.032478377,0.055220634,0.87123999,-0.486658726,0.87123999,-0.486658726,0.02998905,0.056611049
7.083100000000001,0.032478323,0.055210391,0.871231838,-0.486674487,0.871231838,-0.486674487,0.02998237,0.056604565
7.083200000000001,0.032478264,0.055200079,0.871223656,-0.486690307,0.871223656,-0.486690307,0.029975643,0.056598036
7.083300000000000,0.032478199,0.0551897,0.871215445,-0.486706187,0.871215445,-0.486706187,0.029968867,0.056591463
7.083400000000000,0.032478127,0.055179251,0.871207204,-0.486722128,0.871207204,-0.486722128,0.029962043,0.056584845
7.083500000000001,0.032478049,0.055168732,0.871198933,-0.48673813,0.871198933,-0.48673813,0.02995517,0.056578181
7.083600000000001,0.032477965,0.055158144,0.871190631,-0.486754194,0.871190631,-0.486754194,0.029948248,0.056571472
7.083700000000000,0.032477875,0.055147484,0.871182299,-0.486770321,0.871182299,-0.486770321,0.029941277,0.056564716
7.083800000000000,0.032477778,0.055136752,0.871173935,-0.486786511,0.871173935,-0.486786511,0.029934255,0.056557914
7.083900000000001,0.032477674,0.055125948,0.871165541,-0.486802764,0.871165541,-0.486802764,0.029927182,0.056551064
7.084000000000001,0.032477564,0.055115071,0.871157114,-0.486819082,0.871157114,-0.486819082,0.029920059,0.056544167
7.084100000000000,0.032477448,0.05510412,0.871148656,-0.486835465,0.871148656,-0.486835465,0.029912883,0.056537222
7.084200000000000,0.032477325,0.055093095,0.871140166,-0.486851914,0.871140166,-0.486851914,0.029905656,0.056530229
7.084300000000001,0.032477195,0.055081994,0.871131643,-0.486868428,0.871131643,-0.486868428,0.029898375,0.056523186
7.084400000000000,0.032477058,0.055070818,0.871123087,-0.48688501,0.871123087,-0.48688501,0.029891042,0.056516094
7.084500000000000,0.032476914,0.055059564,0.871114498,-0.486901659,0.871114498,-0.486901659,0.029883655,0.056508952
7.084600000000000,0.032476763,0.055048234,0.871105875,-0.486918377,0.871105875,-0.486918377,0.029876213,0.05650176
7.084700000000001,0.032476605,0.055036825,0.871097219,-0.486935163,0.871097219,-0.486935163,0.029868717,0.056494517
7.084800000000000,0.032476441,0.055025337,0.871088528,-0.486952019,0.871088528,-0.486952019,0.029861165,0.056487222
7.084900000000000,0.032476269,0.055013769,0.871079803,-0.486968945,0.871079803,-0.486968945,0.029853558,0.056479876
7.085000000000001,0.032476089,0.055002121,0.871071043,-0.486985942,0.871071043,-0.486985942,0.029845894,0.056472477
7.085100000000001,0.032475903,0.054990391,0.871062248,-0.487003011,0.871062248,-0.487003011,0.029838173,0.056465025
7.085200000000000,0.032475709,0.054978579,0.871053417,-0.487020152,0.871053417,-0.487020152,0.029830394,0.05645752
7.085300000000000,0.032475507,0.054966684,0.87104455,-0.487037367,0.87104455,-0.487037367,0.029822558,0.05644996
7.085400000000001,0.032475298,0.054954705,0.871035647,-0.487054655,0.871035647,-0.487054655,0.029814662,0.056442346
7.085500000000001,0.032475081,0.054942642,0.871026707,-0.487072017,0.871026707,-0.487072017,0.029806708,0.056434678
7.085600000000000,0.032474857,0.054930493,0.871017731,-0.487089455,0.871017731,-0.487089455,0.029798693,0.056426953
7.085700000000000,0.032474625,0.054918258,0.871008716,-0.48710697,0.871008716,-0.48710697,0.029790618,0.056419172
7.085800000000001,0.032474385,0.054905935,0.870999664,-0.487124561,0.870999664,-0.487124561,0.029782481,0.056411335
7.085900000000001,0.032474137,0.054893524,0.870990574,-0.48714223,0.870990574,-0.48714223,0.029774283,0.05640344
7.086000000000000,0.032473881,0.054881024,0.870981445,-0.487159977,0.870981445,-0.487159977,0.029766023,0.056395487
7.086100000000000,0.032473616,0.054868434,0.870972277,-0.487177803,0.870972277,-0.487177803,0.029757699,0.056387476
7.086200000000001,0.032473344,0.054855753,0.870963069,-0.48719571,0.870963069,-0.48719571,0.029749311,0.056379405
7.086300000000000,0.032473063,0.05484298,0.870953822,-0.487213698,0.870953822,-0.487213698,0.02974086,0.056371275
7.086400000000000,0.032472774,0.054830114,0.870944535,-0.487231767,0.870944535,-0.487231767,0.029732343,0.056363084
7.086500000000000,0.032472476,0.054817155,0.870935207,-0.487249919,0.870935207,-0.487249919,0.02972376,0.056354832
7.086600000000001,0.03247217,0.054804101,0.870925837,-0.487268155,0.870925837,-0.487268155,0.029715111,0.056346519
7.086700000000000,0.032471855,0.054790951,0.870916426,-0.487286475,0.870916426,-0.487286475,0.029706394,0.056338144
7.086800000000000,0.032471532,0.054777704,0.870906974,-0.48730488,0.870906974,-0.48730488,0.02969761,0.056329705
7.086900000000001,0.032471199,0.054764359,0.870897478,-0.487323372,0.870897478,-0.487323372,0.029688757,0.056321203
7.087000000000001,0.032470858,0.054750915,0.87088794,-0.48734195,0.87088794,-0.48734195,0.029679835,0.056312637
7.087100000000000,0.032470507,0.054737372,0.870878358,-0.487360617,0.870878358,-0.487360617,0.029670843,0.056304005
7.087200000000000,0.032470147,0.054723727,0.870868733,-0.487379373,0.870868733,-0.487379373,0.02966178,0.056295308
7.087300000000001,0.032469778,0.05470998,0.870859063,-0.487398218,0.870859063,-0.487398218,0.029652645,0.056286545
7.087400000000001,0.0324694,0.05469613,0.870849349,-0.487417155,0.870849349,-0.487417155,0.029643438,0.056277715
7.087500000000000,0.032469012,0.054682176,0.870839589,-0.487436184,0.870839589,-0.487436184,0.029634158,0.056268817
7.087600000000000,0.032468615,0.054668116,0.870829783,-0.487455305,0.870829783,-0.487455305,0.029624804,0.05625985
7.087700000000001,0.032468208,0.05465395,0.870819932,-0.48747452,0.870819932,-0.48747452,0.029615375,0.056250814
7.087800000000001,0.032467791,0.054639676,0.870810033,-0.487493831,0.870810033,-0.487493831,0.02960587,0.056241708
7.087900000000000,0.032467364,0.054625293,0.870800087,-0.487513237,0.870800087,-0.487513237,0.02959629,0.056232531
7.088000000000000,0.032466927,0.0546108,0.870790093,-0.48753274,0.870790093,-0.48753274,0.029586631,0.056223283
7.088100000000001,0.03246648,0.054596195,0.870780051,-0.487552342,0.870780051,-0.487552342,0.029576895,0.056213962
7.088200000000001,0.032466023,0.054581478,0.87076996,-0.487572043,0.87076996,-0.487572043,0.02956708,0.056204568
7.088300000000000,0.032465555,0.054566647,0.870759819,-0.487591844,0.870759819,-0.487591844,0.029557185,0.056195101
7.088400000000000,0.032465077,0.054551701,0.870749628,-0.487611747,0.870749628,-0.487611747,0.029547209,0.056185558
7.088500000000001,0.032464588,0.054536638,0.870739387,-0.487631752,0.870739387,-0.487631752,0.029537151,0.05617594
7.088600000000000,0.032464088,0.054521458,0.870729095,-0.487651861,0.870729095,-0.487651861,0.029527011,0.056166245
7.088700000000000,0.032463578,0.054506159,0.87071875,-0.487672075,0.87071875,-0.487672075,0.029516787,0.056156473
7.088800000000001,0.032463056,0.054490739,0.870708354,-0.487692395,0.870708354,-0.487692395,0.029506478,0.056146623
7.088900000000001,0.032462524,0.054475197,0.870697904,-0.487712822,0.870697904,-0.487712822,0.029496084,0.056136694
7.089000000000000,0.03246198,0.054459532,0.870687401,-0.487733358,0.870687401,-0.487733358,0.029485604,0.056126685
7.089100000000000,0.032461425,0.054443743,0.870676844,-0.487754004,0.870676844,-0.487754004,0.029475036,0.056116594
7.089200000000001,0.032460858,0.054427827,0.870666231,-0.487774761,0.870666231,-0.487774761,0.02946438,0.056106422
7.089300000000001,0.032460279,0.054411784,0.870655564,-0.487795631,0.870655564,-0.487795631,0.029453634,0.056096167
7.089400000000000,0.032459689,0.054395612,0.87064484,-0.487816614,0.87064484,-0.487816614,0.029442798,0.056085829
7.089500000000000,0.032459087,0.054379309,0.870634059,-0.487837712,0.870634059,-0.487837712,0.02943187,0.056075406
7.089600000000001,0.032458473,0.054362874,0.870623221,-0.487858926,0.870623221,-0.487858926,0.029420849,0.056064896
7.089700000000001,0.032457846,0.054346306,0.870612325,-0.487880259,0.870612325,-0.487880259,0.029409734,0.056054301
7.089800000000000,0.032457207,0.054329602,0.87060137,-0.48790171,0.87060137,-0.48790171,0.029398525,0.056043617
7.089900000000000,0.032456555,0.054312762,0.870590355,-0.487923282,0.870590355,-0.487923282,0.029387219,0.056032845
7.090000000000001,0.032455891,0.054295783,0.87057928,-0.487944976,0.87057928,-0.487944976,0.029375817,0.056021983
7.090100000000001,0.032455214,0.054278665,0.870568145,-0.487966793,0.870568145,-0.487966793,0.029364316,0.05601103
7.090200000000000,0.032454523,0.054261404,0.870556947,-0.487988736,0.870556947,-0.487988736,0.029352715,0.055999985
7.090300000000000,0.03245382,0.054244,0.870545687,-0.488010804,0.870545687,-0.488010804,0.029341014,0.055988847
7.090400000000001,0.032453103,0.054226451,0.870534363,-0.488033001,0.870534363,-0.488033001,0.02932921,0.055977615
7.090500000000000,0.032452373,0.054208755,0.870522976,-0.488055328,0.870522976,-0.488055328,0.029317304,0.055966287
7.090600000000000,0.032451628,0.05419091,0.870511524,-0.488077785,0.870511524,-0.488077785,0.029305293,0.055954863
7.090700000000000,0.03245087,0.054172914,0.870500006,-0.488100375,0.870500006,-0.488100375,0.029293176,0.055943341
7.090800000000001,0.032450098,0.054154766,0.870488421,-0.4881231,0.870488421,-0.4881231,0.029280952,0.055931721
7.090900000000000,0.032449312,0.054136464,0.87047677,-0.48814596,0.87047677,-0.48814596,0.029268619,0.05592
7.091000000000000,0.032448511,0.054118006,0.87046505,-0.488168959,0.87046505,-0.488168959,0.029256177,0.055908178
7.091100000000001,0.032447696,0.054099389,0.870453261,-0.488192096,0.870453261,-0.488192096,0.029243624,0.055896253
7.091200000000001,0.032446865,0.054080612,0.870441403,-0.488215375,0.870441403,-0.488215375,0.029230958,0.055884225
7.091300000000000,0.03244602,0.054061673,0.870429474,-0.488238797,0.870429474,-0.488238797,0.029218178,0.055872091
7.091400000000000,0.03244516,0.05404257,0.870417473,-0.488262363,0.870417473,-0.488262363,0.029205283,0.055859851
7.091500000000001,0.032444284,0.0540233,0.870405399,-0.488286077,0.870405399,-0.488286077,0.029192271,0.055847503
7.091600000000001,0.032443392,0.054003862,0.870393252,-0.488309938,0.870393252,-0.488309938,0.029179141,0.055835046
7.091700000000000,0.032442485,0.053984254,0.870381031,-0.48833395,0.870381031,-0.48833395,0.02916589,0.055822479
7.091800000000000,0.032441562,0.053964472,0.870368734,-0.488358114,0.870368734,-0.488358114,0.029152518,0.055809799
7.091900000000001,0.032440622,0.053944516,0.870356361,-0.488382433,0.870356361,-0.488382433,0.029139024,0.055797006
7.092000000000001,0.032439666,0.053924382,0.87034391,-0.488406907,0.87034391,-0.488406907,0.029125404,0.055784098
7.092100000000000,0.032438693,0.053904069,0.870331381,-0.48843154,0.870331381,-0.48843154,0.029111658,0.055771074
7.092200000000000,0.032437703,0.053883574,0.870318773,-0.488456334,0.870318773,-0.488456334,0.029097785,0.055757931
7.092300000000001,0.032436696,0.053862895,0.870306084,-0.488481289,0.870306084,-0.488481289,0.029083782,0.05574467
7.092400000000000,0.032435672,0.053842029,0.870293313,-0.48850641,0.870293313,-0.48850641,0.029069647,0.055731287
7.092500000000000,0.03243463,0.053820974,0.87028046,-0.488531697,0.87028046,-0.488531697,0.02905538,0.055717782
7.092600000000000,0.03243357,0.053799727,0.870267523,-0.488557153,0.870267523,-0.488557153,0.029040977,0.055704153
7.092700000000001,0.032432492,0.053778286,0.870254501,-0.48858278,0.870254501,-0.48858278,0.029026438,0.055690397
7.092800000000000,0.032431396,0.053756648,0.870241393,-0.488608581,0.870241393,-0.488608581,0.029011761,0.055676515
7.092900000000000,0.032430281,0.05373481,0.870228198,-0.488634557,0.870228198,-0.488634557,0.028996943,0.055662503
7.093000000000001,0.032429147,0.05371277,0.870214914,-0.488660712,0.870214914,-0.488660712,0.028981983,0.05564836
7.093100000000001,0.032427994,0.053690526,0.870201541,-0.488687047,0.870201541,-0.488687047,0.028966878,0.055634084
7.093200000000000,0.032426821,0.053668073,0.870188077,-0.488713566,0.870188077,-0.488713566,0.028951628,0.055619674
7.093300000000000,0.032425629,0.05364541,0.870174521,-0.48874027,0.870174521,-0.48874027,0.028936229,0.055605127
7.093400000000001,0.032424416,0.053622533,0.870160871,-0.488767163,0.870160871,-0.488767163,0.02892068,0.055590442
7.093500000000001,0.032423183,0.05359944,0.870147127,-0.488794246,0.870147127,-0.488794246,0.028904979,0.055575617
7.093600000000000,0.03242193,0.053576128,0.870133286,-0.488821522,0.870133286,-0.488821522,0.028889123,0.05556065
7.093700000000000,0.032420656,0.053552592,0.870119349,-0.488848995,0.870119349,-0.488848995,0.028873111,0.055545539
7.093800000000001,0.03241936,0.053528831,0.870105312,-0.488876667,0.870105312,-0.488876667,0.028856939,0.055530281
7.093900000000001,0.032418043,0.053504842,0.870091175,-0.48890454,0.870091175,-0.48890454,0.028840607,0.055514876
7.094000000000000,0.032416704,0.05348062,0.870076937,-0.488932618,0.870076937,-0.488932618,0.028824111,0.05549932
7.094100000000000,0.032415343,0.053456163,0.870062595,-0.488960904,0.870062595,-0.488960904,0.02880745,0.055483612
7.094200000000001,0.032413959,0.053431467,0.870048149,-0.488989399,0.870048149,-0.488989399,0.02879062,0.05546775
7.094300000000000,0.032412553,0.053406528,0.870033596,-0.489018109,0.870033596,-0.489018109,0.02877362,0.055451731
7.094400000000000,0.032411123,0.053381344,0.870018936,-0.489047035,0.870018936,-0.489047035,0.028756446,0.055435552
7.094500000000000,0.032409669,0.053355911,0.870004167,-0.48907618,0.870004167,-0.48907618,0.028739097,0.055419213
7.094600000000001,0.032408192,0.053330225,0.869989287,-0.489105548,0.869989287,-0.489105548,0.02872157,0.05540271
7.094700000000000,0.03240669,0.053304282,0.869974294,-0.489135143,0.869974294,-0.489135143,0.028703863,0.055386041
7.094800000000000,0.032405164,0.053278079,0.869959187,-0.489164967,0.869959187,-0.489164967,0.028685971,0.055369203
7.094900000000001,0.032403613,0.053251612,0.869943964,-0.489195024,0.869943964,-0.489195024,0.028667894,0.055352195
7.095000000000001,0.032402036,0.053224876,0.869928624,-0.489225317,0.869928624,-0.489225317,0.028649628,0.055335013
7.095100000000000,0.032400433,0.053197868,0.869913164,-0.48925585,0.869913164,-0.48925585,0.028631169,0.055317655
7.095200000000000,0.032398804,0.053170584,0.869897582,-0.489286626,0.869897582,-0.489286626,0.028612517,0.055300119
7.095300000000001,0.032397148,0.053143019,0.869881878,-0.48931765,0.869881878,-0.48931765,0.028593666,0.055282401
7.095400000000001,0.032395465,0.05311517,0.869866049,-0.489348924,0.869866049,-0.489348924,0.028574615,0.055264499
7.095500000000000,0.032393755,0.053087031,0.869850092,-0.489380454,0.869850092,-0.489380454,0.02855536,0.05524641
7.095600000000000,0.032392016,0.053058599,0.869834007,-0.489412241,0.869834007,-0.489412241,0.028535898,0.055228132
7.095700000000001,0.032390249,0.053029869,0.869817791,-0.489444292,0.869817791,-0.489444292,0.028516226,0.055209661
7.095800000000001,0.032388453,0.053000837,0.869801442,-0.489476609,0.869801442,-0.489476609,0.028496341,0.055190994
7.095900000000000,0.032386628,0.052971497,0.869784958,-0.489509197,0.869784958,-0.489509197,0.028476239,0.055172129
7.096000000000000,0.032384773,0.052941845,0.869768337,-0.489542059,0.869768337,-0.489542059,0.028455917,0.055153062
7.096100000000001,0.032382887,0.052911875,0.869751576,-0.489575202,0.869751576,-0.489575202,0.028435371,0.05513379
7.096200000000001,0.032380971,0.052881584,0.869734674,-0.489608627,0.869734674,-0.489608627,0.028414598,0.05511431
7.096300000000000,0.032379023,0.052850966,0.869717627,-0.489642342,0.869717627,-0.489642342,0.028393594,0.055094619
7.096400000000000,0.032377043,0.052820014,0.869700435,-0.489676349,0.869700435,-0.489676349,0.028372356,0.055074713
7.096500000000001,0.032375031,0.052788726,0.869683094,-0.489710653,0.869683094,-0.489710653,0.028350879,0.055054589
7.096600000000000,0.032372985,0.052757094,0.869665602,-0.48974526,0.869665602,-0.48974526,0.02832916,0.055034243
7.096700000000000,0.032370906,0.052725113,0.869647956,-0.489780175,0.869647956,-0.489780175,0.028307195,0.055013672
7.096800000000001,0.032368793,0.052692777,0.869630154,-0.489815401,0.869630154,-0.489815401,0.02828498,0.054992872
7.096900000000001,0.032366644,0.052660081,0.869612194,-0.489850945,0.869612194,-0.489850945,0.02826251,0.054971839
7.097000000000000,0.032364461,0.052627019,0.869594072,-0.489886812,0.869594072,-0.489886812,0.028239782,0.05495057
7.097100000000000,0.032362241,0.052593584,0.869575786,-0.489923006,0.869575786,-0.489923006,0.028216791,0.054929061
7.097200000000001,0.032359985,0.052559771,0.869557334,-0.489959535,0.869557334,-0.489959535,0.028193533,0.054907307
7.097300000000001,0.032357691,0.052525573,0.869538711,-0.489996402,0.869538711,-0.489996402,0.028170003,0.054885305
7.097400000000000,0.03235536,0.052490983,0.869519916,-0.490033614,0.869519916,-0.490033614,0.028146197,0.05486305
7.097500000000000,0.032352989,0.052455995,0.869500946,-0.490071176,0.869500946,-0.490071176,0.028122109,0.054840539
7.097600000000001,0.032350579,0.052420603,0.869481797,-0.490109095,0.869481797,-0.490109095,0.028097735,0.054817766
7.097700000000001,0.03234813,0.052384798,0.869462466,-0.490147377,0.869462466,-0.490147377,0.028073071,0.054794727
7.097800000000000,0.032345639,0.052348574,0.869442951,-0.490186028,0.869442951,-0.490186028,0.02804811,0.054771418
7.097900000000000,0.032343106,0.052311924,0.869423247,-0.490225054,0.869423247,-0.490225054,0.028022848,0.054747835
7.098000000000001,0.032340532,0.05227484,0.869403352,-0.490264462,0.869403352,-0.490264462,0.02799728,0.054723971
7.098100000000001,0.032337914,0.052237315,0.869383262,-0.490304259,0.869383262,-0.490304259,0.0279714,0.054699823
7.098200000000000,0.032335252,0.052199341,0.869362973,-0.490344451,0.869362973,-0.490344451,0.027945202,0.054675386
7.098300000000000,0.032332545,0.052160909,0.869342483,-0.490385046,0.869342483,-0.490385046,0.027918681,0.054650653
7.098400000000001,0.032329793,0.052122012,0.869321787,-0.490426051,0.869321787,-0.490426051,0.027891831,0.054625621
7.098500000000000,0.032326994,0.052082641,0.869300882,-0.490467472,0.869300882,-0.490467472,0.027864647,0.054600284
7.098600000000000,0.032324147,0.052042788,0.869279763,-0.490509318,0.869279763,-0.490509318,0.027837121,0.054574635
7.098700000000000,0.032321252,0.052002444,0.869258427,-0.490551597,0.869258427,-0.490551597,0.027809248,0.054548671
7.098800000000001,0.032318308,0.0519616,0.86923687,-0.490594316,0.86923687,-0.490594316,0.027781021,0.054522384
7.098900000000000,0.032315314,0.051920246,0.869215088,-0.490637483,0.869215088,-0.490637483,0.027752434,0.054495769
7.099000000000000,0.032312268,0.051878373,0.869193076,-0.490681107,0.869193076,-0.490681107,0.02772348,0.05446882
7.099100000000001,0.03230917,0.051835972,0.86917083,-0.490725195,0.86917083,-0.490725195,0.027694152,0.05444153
7.099200000000001,0.032306018,0.051793032,0.869148346,-0.490769758,0.869148346,-0.490769758,0.027664443,0.054413894
7.099300000000000,0.032302813,0.051749544,0.869125619,-0.490814804,0.869125619,-0.490814804,0.027634346,0.054385905
7.099400000000000,0.032299551,0.051705497,0.869102644,-0.490860342,0.869102644,-0.490860342,0.027603853,0.054357555
7.099500000000001,0.032296233,0.05166088,0.869079417,-0.490906381,0.869079417,-0.490906381,0.027572957,0.054328839
7.099600000000001,0.032292857,0.051615682,0.869055932,-0.490952931,0.869055932,-0.490952931,0.027541649,0.054299749
7.099700000000000,0.032289422,0.051569892,0.869032184,-0.491000002,0.869032184,-0.491000002,0.027509923,0.054270279
7.099800000000000,0.032285926,0.051523498,0.869008169,-0.491047604,0.869008169,-0.491047604,0.027477769,0.054240419
7.099900000000001,0.032282369,0.051476489,0.868983881,-0.491095748,0.868983881,-0.491095748,0.027445179,0.054210164
7.100000000000001,0.032278749,0.051428852,0.868959315,-0.491144444,0.868959315,-0.491144444,0.027412144,0.054179505
7.100100000000000,0.032275066,0.051380589,0.868934458,-0.491193682,0.868934458,-0.491193682,0.027378666,0.054148445
7.100200000000000,0.03227132,0.051331703,0.868909325,-0.491243467,0.868909325,-0.491243467,0.027344747,0.054116983
7.100300000000001,0.032267509,0.051282182,0.86888391,-0.49129381,0.86888391,-0.49129381,0.027310378,0.054085113
7.100400000000000,0.032263632,0.051232011,0.868858207,-0.491344722,0.868858207,-0.491344722,0.027275548,0.054052825
7.100500000000000,0.032259687,0.051181177,0.86883221,-0.491396216,0.86883221,-0.491396216,0.027240248,0.054020112
7.100600000000000,0.032255674,0.051129667,0.868805912,-0.491448303,0.868805912,-0.491448303,0.027204468,0.053986963
7.100700000000001,0.03225159,0.051077466,0.868779307,-0.491500998,0.868779307,-0.491500998,0.027168198,0.05395337
7.100800000000000,0.032247433,0.051024558,0.868752389,-0.491554311,0.868752389,-0.491554311,0.027131427,0.053919323
7.100900000000000,0.032243203,0.050970929,0.86872515,-0.491608257,0.86872515,-0.491608257,0.027094144,0.053884813
7.101000000000001,0.032238898,0.050916563,0.868697583,-0.491662849,0.868697583,-0.491662849,0.027056338,0.053849829
7.101100000000001,0.032234515,0.050861444,0.868669681,-0.491718102,0.868669681,-0.491718102,0.027017998,0.053814361
7.101200000000000,0.032230052,0.050805555,0.868641437,-0.49177403,0.868641437,-0.49177403,0.026979111,0.053778399
7.101300000000000,0.032225509,0.050748879,0.868612844,-0.491830648,0.868612844,-0.491830648,0.026939666,0.053741932
7.101400000000001,0.032220883,0.050691398,0.868583892,-0.49188797,0.868583892,-0.49188797,0.02689965,0.053704948
7.101500000000001,0.032216171,0.050633095,0.868554574,-0.491946014,0.868554574,-0.491946014,0.026859049,0.053667436
7.101600000000000,0.032211373,0.050573951,0.868524882,-0.492004795,0.868524882,-0.492004795,0.026817852,0.053629384
7.101700000000000,0.032206485,0.050513947,0.868494806,-0.492064329,0.868494806,-0.492064329,0.026776043,0.05359078
7.101800000000001,0.032201506,0.050453062,0.868464339,-0.492124635,0.868464339,-0.492124635,0.026733609,0.053551611
7.101900000000001,0.032196433,0.050391277,0.86843347,-0.49218573,0.86843347,-0.49218573,0.026690535,0.053511864
7.102000000000000,0.032191265,0.050328571,0.868402191,-0.492247631,0.868402191,-0.492247631,0.026646807,0.053471527
7.102100000000000,0.032185997,0.050264922,0.868370491,-0.492310359,0.868370491,-0.492310359,0.026602408,0.053430584
7.102200000000001,0.032180629,0.050200307,0.868338361,-0.492373932,0.868338361,-0.492373932,0.026557323,0.053389023
7.102300000000001,0.032175157,0.050134704,0.86830579,-0.49243837,0.86830579,-0.49243837,0.026511535,0.053346828
7.102400000000000,0.032169579,0.05006809,0.868272767,-0.492503695,0.868272767,-0.492503695,0.026465028,0.053303984
7.102500000000000,0.032163892,0.050000439,0.868239281,-0.492569927,0.868239281,-0.492569927,0.026417784,0.053260476
7.102600000000001,0.032158093,0.049931726,0.868205322,-0.492637088,0.868205322,-0.492637088,0.026369785,0.053216288
7.102700000000000,0.032152179,0.049861926,0.868170877,-0.492705201,0.868170877,-0.492705201,0.026321011,0.053171403
7.102800000000000,0.032146147,0.049791011,0.868135933,-0.492774289,0.868135933,-0.492774289,0.026271445,0.053125804
7.102900000000001,0.032139994,0.049718954,0.868100479,-0.492844377,0.868100479,-0.492844377,0.026221065,0.053079473
7.103000000000001,0.032133717,0.049645726,0.868064501,-0.492915489,0.868064501,-0.492915489,0.026169852,0.053032392
7.103100000000000,0.032127311,0.049571298,0.868027986,-0.492987652,0.868027986,-0.492987652,0.026117784,0.052984544
7.103200000000000,0.032120775,0.049495638,0.86799092,-0.493060892,0.86799092,-0.493060892,0.02606484,0.052935907
7.103300000000001,0.032114104,0.049418716,0.867953289,-0.493135236,0.867953289,-0.493135236,0.026010995,0.052886462
7.103400000000001,0.032107294,0.049340499,0.867915077,-0.493210713,0.867915077,-0.493210713,0.025956228,0.052836188
7.103500000000000,0.032100341,0.049260952,0.86787627,-0.493287352,0.86787627,-0.493287352,0.025900513,0.052785063
7.103600000000000,0.032093241,0.049180041,0.867836851,-0.493365184,0.867836851,-0.493365184,0.025843826,0.052733067
7.103700000000001,0.032085991,0.049097729,0.867796804,-0.493444241,0.867796804,-0.493444241,0.025786141,0.052680175
7.103800000000001,0.032078585,0.049013979,0.867756111,-0.493524554,0.867756111,-0.493524554,0.025727429,0.052626363
7.103900000000000,0.032071019,0.048928753,0.867714756,-0.493606158,0.867714756,-0.493606158,0.025667665,0.052571608
7.104000000000000,0.032063288,0.04884201,0.867672719,-0.493689088,0.867672719,-0.493689088,0.025606817,0.052515884
7.104100000000001,0.032055388,0.048753708,0.867629982,-0.49377338,0.867629982,-0.49377338,0.025544858,0.052459163
7.104200000000001,0.032047313,0.048663804,0.867586524,-0.493859072,0.867586524,-0.493859072,0.025481755,0.05240142
7.104300000000000,0.032039058,0.048572253,0.867542326,-0.493946202,0.867542326,-0.493946202,0.025417475,0.052342625
7.104400000000000,0.032030617,0.048479009,0.867497366,-0.494034811,0.867497366,-0.494034811,0.025351987,0.05228275
7.104500000000001,0.032021985,0.048384023,0.867451622,-0.49412494,0.867451622,-0.49412494,0.025285255,0.052221763
7.104600000000000,0.032013155,0.048287247,0.86740507,-0.494216634,0.86740507,-0.494216634,0.025217242,0.052159634
7.104700000000000,0.032004122,0.048188627,0.867357688,-0.494309938,0.867357688,-0.494309938,0.025147911,0.052096328
7.104800000000000,0.031994879,0.048088109,0.86730945,-0.494404897,0.86730945,-0.494404897,0.025077224,0.052031813
7.104900000000001,0.031985419,0.047985638,0.867260331,-0.494501562,0.867260331,-0.494501562,0.02500514,0.051966053
7.105000000000000,0.031975734,0.047881156,0.867210304,-0.494599982,0.867210304,-0.494599982,0.024931617,0.051899011
7.105100000000000,0.031965819,0.047774601,0.86715934,-0.49470021,0.86715934,-0.49470021,0.024856611,0.051830649
7.105200000000001,0.031955664,0.047665911,0.867107411,-0.494802301,0.867107411,-0.494802301,0.024780076,0.051760927
7.105300000000001,0.031945262,0.04755502,0.867054487,-0.494906312,0.867054487,-0.494906312,0.024701965,0.051689803
7.105400000000000,0.031934604,0.04744186,0.867000536,-0.495012302,0.867000536,-0.495012302,0.024622228,0.051617236
7.105500000000000,0.031923682,0.04732636,0.866945525,-0.495120333,0.866945525,-0.495120333,0.024540815,0.051543179
7.105600000000001,0.031912486,0.047208446,0.86688942,-0.495230468,0.86688942,-0.495230468,0.024457671,0.051467587
7.105700000000001,0.031901007,0.04708804,0.866832185,-0.495342776,0.866832185,-0.495342776,0.024372741,0.051390411
7.105800000000000,0.031889235,0.046965063,0.866773782,-0.495457325,0.866773782,-0.495457325,0.024285966,0.0513116
7.105900000000000,0.031877159,0.046839429,0.866714174,-0.495574189,0.866714174,-0.495574189,0.024197285,0.051231102
7.106000000000001,0.031864768,0.046711052,0.866653319,-0.495693443,0.866653319,-0.495693443,0.024106635,0.051148861
7.106100000000001,0.03185205,0.04657984,0.866591175,-0.495815168,0.866591175,-0.495815168,0.024013949,0.05106482
7.106200000000000,0.031838994,0.046445697,0.866527697,-0.495939445,0.866527697,-0.495939445,0.023919158,0.050978919
7.106300000000000,0.031825586,0.046308524,0.866462839,-0.496066361,0.866462839,-0.496066361,0.023822189,0.050891096
7.106400000000001,0.031811814,0.046168215,0.866396551,-0.496196007,0.866396551,-0.496196007,0.023722966,0.050801284
7.106500000000000,0.031797662,0.046024662,0.866328784,-0.496328477,0.866328784,-0.496328477,0.023621409,0.050709416
7.106600000000000,0.031783117,0.04587775,0.866259483,-0.496463871,0.866259483,-0.496463871,0.023517436,0.050615419
7.106700000000000,0.031768162,0.04572736,0.866188592,-0.496602292,0.866188592,-0.496602292,0.023410959,0.050519219
7.106800000000001,0.031752782,0.045573365,0.866116053,-0.496743848,0.866116053,-0.496743848,0.023301886,0.050420737
7.106900000000000,0.031736958,0.045415634,0.866041804,-0.496888655,0.866041804,-0.496888655,0.023190122,0.050319892
7.107000000000000,0.031720674,0.04525403,0.86596578,-0.49703683,0.86596578,-0.49703683,0.023075565,0.050216596
7.107100000000001,0.031703909,0.045088406,0.865887912,-0.497188501,0.865887912,-0.497188501,0.02295811,0.050110759
7.107200000000001,0.031686643,0.044918611,0.86580813,-0.497343797,0.86580813,-0.497343797,0.022837646,0.050002286
7.107300000000000,0.031668856,0.044744485,0.865726358,-0.497502858,0.865726358,-0.497502858,0.022714055,0.049891078
7.107400000000000,0.031650523,0.044565859,0.865642517,-0.497665828,0.865642517,-0.497665828,0.022587215,0.04977703
7.107500000000001,0.031631622,0.044382557,0.865556522,-0.497832862,0.865556522,-0.497832862,0.022456995,0.049660032
7.107600000000001,0.031612127,0.044194391,0.865468285,-0.498004119,0.865468285,-0.498004119,0.02232326,0.049539966
7.107700000000000,0.031592011,0.044001167,0.865377715,-0.498179769,0.865377715,-0.498179769,0.022185865,0.049416713
7.107800000000000,0.031571246,0.043802676,0.865284711,-0.498359991,0.865284711,-0.498359991,0.022044658,0.049290143
7.107900000000001,0.031549801,0.0435987,0.865189171,-0.498544973,0.865189171,-0.498544973,0.021899479,0.049160119
7.108000000000001,0.031527645,0.043389008,0.865090984,-0.498734915,0.865090984,-0.498734915,0.021750159,0.049026501
7.108100000000000,0.031504743,0.043173356,0.864990035,-0.498930026,0.864990035,-0.498930026,0.021596517,0.048889135
7.108200000000000,0.031481059,0.042951488,0.8648862,-0.499130529,0.8648862,-0.499130529,0.021438365,0.048747864
7.108300000000001,0.031456554,0.042723129,0.864779349,-0.499336659,0.864779349,-0.499336659,0.0212755,0.048602517
7.108400000000000,0.031431187,0.042487991,0.864669343,-0.499548664,0.864669343,-0.499548664,0.021107711,0.048452918
7.108500000000000,0.031404915,0.042245768,0.864556035,-0.499766809,0.864556035,-0.499766809,0.020934771,0.048298876
7.108600000000000,0.03137769,0.041996134,0.864439269,-0.499991372,0.864439269,-0.499991372,0.02075644,0.048140191
7.108700000000001,0.031349462,0.041738744,0.864318879,-0.500222652,0.864318879,-0.500222652,0.020572463,0.04797665
7.108800000000000,0.031320177,0.041473232,0.864194687,-0.500460962,0.864194687,-0.500460962,0.020382568,0.047808029
7.108900000000000,0.031289778,0.041199207,0.864066505,-0.500706639,0.864066505,-0.500706639,0.020186466,0.047634086
7.109000000000001,0.031258203,0.040916253,0.863934131,-0.50096004,0.863934131,-0.50096004,0.019983849,0.047454568
7.109100000000001,0.031225386,0.040623928,0.86379735,-0.501221546,0.86379735,-0.501221546,0.019774388,0.047269202
7.109200000000000,0.031191255,0.040321758,0.863655932,-0.501491561,0.863655932,-0.501491561,0.019557731,0.047077698
7.109300000000000,0.031155733,0.040009239,0.86350963,-0.501770519,0.86350963,-0.501770519,0.019333502,0.046879748
7.109400000000001,0.031118738,0.03968583,0.863358181,-0.502058884,0.863358181,-0.502058884,0.0191013,0.046675022
7.109500000000001,0.03108018,0.039350953,0.863201301,-0.502357151,0.863201301,-0.502357151,0.018860692,0.046463167
7.109600000000000,0.031039962,0.039003988,0.863038684,-0.502665851,0.863038684,-0.502665851,0.018611216,0.046243805
7.109700000000000,0.030997981,0.038644269,0.862870005,-0.502985554,0.862870005,-0.502985554,0.018352373,0.046016532
7.109800000000001,0.030954121,0.038271082,0.862694908,-0.50331687,0.862694908,-0.50331687,0.01808363,0.045780913
7.109900000000001,0.030908261,0.037883657,0.862513014,-0.503660459,0.862513014,-0.503660459,0.017804408,0.045536481
7.110000000000000,0.030860265,0.037481165,0.86232391,-0.504017029,0.86232391,-0.504017029,0.017514085,0.045282735
7.110100000000000,0.030809988,0.037062712,0.862127151,-0.504387342,0.862127151,-0.504387342,0.017211988,0.045019134
7.110200000000001,0.03075727,0.03662733,0.861922253,-0.504772224,0.861922253,-0.504772224,0.01689739,0.044745095
7.110300000000001,0.030701936,0.036173974,0.861708694,-0.505172568,0.861708694,-0.505172568,0.016569499,0.044459988
7.110400000000000,0.030643796,0.03570151,0.861485901,-0.505589339,0.861485901,-0.505589339,0.016227461,0.04416313
7.110500000000000,0.030582638,0.035208706,0.861253254,-0.506023585,0.861253254,-0.506023585,0.015870341,0.043853784
7.110600000000001,0.030518234,0.034694223,0.861010075,-0.506476447,0.861010075,-0.506476447,0.015497125,0.043531147
7.110700000000000,0.030450326,0.034156602,0.860755622,-0.506949163,0.860755622,-0.506949163,0.015106702,0.043194348
7.110800000000000,0.030378635,0.033594249,0.860489082,-0.507443089,0.860489082,-0.507443089,0.014697861,0.042842437
7.110900000000001,0.030302848,0.033005423,0.860209563,-0.507959701,0.860209563,-0.507959701,0.01426927,0.042474378
7.111000000000001,0.030222619,0.032388212,0.859916082,-0.508500619,0.859916082,-0.508500619,0.01381947,0.042089038
7.111100000000000,0.030137563,0.03174052,0.859607555,-0.509067619,0.859607555,-0.509067619,0.013346852,0.041685177
7.111200000000000,0.030047249,0.031060036,0.859282784,-0.509662655,0.859282784,-0.509662655,0.012849642,0.041261432
7.111300000000001,0.029951195,0.030344212,0.85894044,-0.510287881,0.85894044,-0.510287881,0.012325875,0.040816303
7.111400000000001,0.029848861,0.029590229,0.858579045,-0.510945676,0.858579045,-0.510945676,0.011773375,0.040348139
7.111500000000000,0.029739636,0.028794958,0.858196952,-0.511638675,0.858196952,-0.511638675,0.01118972,0.039855111
7.111600000000000,0.029622832,0.027954924,0.857792318,-0.512369806,0.857792318,-0.512369806,0.010572208,0.039335195
7.111700000000001,0.029497667,0.027066246,0.857363077,-0.51314233,0.857363077,-0.51314233,0.009917818,0.038786139
7.111800000000001,0.029363251,0.026124584,0.856906904,-0.51395989,0.856906904,-0.51395989,0.009223155,0.038205435
7.111900000000000,0.029218566,0.025125068,0.856421168,-0.514826569,0.856421168,-0.514826569,0.008484401,0.037590279
7.112000000000000,0.029062445,0.024062211,0.855902893,-0.515746955,0.855902893,-0.515746955,0.007697236,0.036937529
7.112100000000001,0.028893542,0.022929812,0.855348684,-0.516726228,0.855348684,-0.516726228,0.00685676,0.036243647
7.112200000000001,0.028710295,0.021720833,0.854754664,-0.517770255,0.854754664,-0.517770255,0.005957388,0.035504642
7.112300000000000,0.028510888,0.020427258,0.854116377,-0.518885704,0.854116377,-0.518885704,0.004992732,0.034715989
7.112400000000000,0.028293195,0.019039911,0.853428683,-0.520080192,0.853428683,-0.520080192,0.003955446,0.033872541
7.112500000000001,0.02805471,0.017548244,0.852685617,-0.521362453,0.852685617,-0.521362453,0.002837041,0.03296842
7.112600000000000,0.027792465,0.015940066,0.851880217,-0.522742558,0.851880217,-0.522742558,0.001627658,0.031996878
7.112700000000000,0.027502918,0.014201217,0.851004313,-0.524232169,0.851004313,-0.524232169,3.1577510872e-4,0.030950136
7.112800000000000,0.027181816,0.01231515,0.850048253,-0.525844877,0.850048253,-0.525844877,-1.11E-03,0.02981918
7.112900000000001,0.026824005,0.010262408,0.849000547,-0.527596609,0.849000547,-0.527596609,-2.67E-03,0.028593503
7.113000000000000,0.026423189,0.008019957,0.847847418,-0.52950615,0.847847418,-0.52950615,-4.38E-03,0.027260795
7.113100000000000,0.025971609,0.00556033,0.846572208,-0.531595817,0.846572208,-0.531595817,-6.27E-03,0.025806532
7.113146833339512,0.025740016,0.004324634,0.845927419,-0.532643776,0.845927419,-0.532643776,-7.22E-03,0.025078899
7.113192593549921,0.025499844,0.00306062,0.845264978,-0.533714467,0.845264978,-0.533714467,-8.19E-03,0.024336653
7.113200000000001,0.025459599,0.002850505,0.84515458,-0.533892321,0.84515458,-0.533892321,-8.36E-03,0.024213473
7.113237305220679,0.025250746,0.001767669,0.844584355,-0.534808335,0.844584355,-0.534808335,-9.19E-03,0.023579577
7.113280992377798,0.024992362,4.4515238041e-4,0.843885,-0.535925829,0.843885,-0.535925829,-0.010218071,0.022807456
7.113300000000001,0.024874985,-1.50E-04,0.843569462,-0.536427897,0.843569462,-0.536427897,-0.010679735,0.022460992
7.113323678496766,0.024724316,-9.08E-04,0.843166345,-0.537067404,0.843166345,-0.537067404,-0.011268909,0.022020075
7.113365386515153,0.024446217,-2.29E-03,0.842427805,-0.538233519,0.842427805,-0.538233519,-0.012346507,0.02121722
7.113400000000000,0.024202246,-3.49E-03,0.841785592,-0.539241803,0.841785592,-0.539241803,-0.013281665,0.020524226
7.113406138844949,0.024157656,-3.71E-03,0.841668776,-0.539424638,0.841668776,-0.539424638,-0.013451579,0.020398683
7.113445957384596,0.023858208,-5.15E-03,0.840888631,-0.540641229,0.840888631,-0.540641229,-0.014584854,0.019564255
7.113484863530762,0.023547427,-6.63E-03,0.840086726,-0.541883766,0.840086726,-0.541883766,-0.015747086,0.018713732
7.113500000000000,0.023421317,-7.23E-03,0.839763503,-0.54238233,0.839763503,-0.54238233,-0.016214792,0.018372949
7.113522878189836,0.023224853,-8.15E-03,0.839262395,-0.543152725,0.839262395,-0.543152725,-0.016939047,0.017846913
7.113560021789161,0.022890001,-9.70E-03,0.838414948,-0.544448587,0.838414948,-0.544448587,-0.018161532,0.016963603
7.113596314288014,0.02254237,-0.011278671,0.837543674,-0.545771836,0.837543674,-0.545771836,-0.019415356,0.016063611
7.113600000000001,0.022505866,-0.01144353,0.83745267,-0.545909524,0.83745267,-0.545909524,-0.019546141,0.01597008
7.113631775188328,0.022181435,-0.012897507,0.836647839,-0.547122959,0.836647839,-0.547122959,-0.020701358,0.015146749
7.113666423545175,0.021806648,-0.014552838,0.835726683,-0.548502445,0.835726683,-0.548502445,-0.0220204,0.014212839
7.113700000000001,0.021420735,-0.016231208,0.8347874,-0.549898969,0.8347874,-0.549898969,-0.023361987,0.013269679
7.113700277977001,0.021417442,-0.016245422,0.834779422,-0.549910787,0.834779422,-0.549910787,-0.023373367,0.013261708
7.113733356675633,0.02101322,-0.017976026,0.833805247,-0.551348477,0.833805247,-0.551348477,-0.024761168,0.012293189
7.113765677416056,0.020593366,-0.019745428,0.83280332,-0.552816011,0.83280332,-0.552816011,-0.026184737,0.011307125
7.113797257565962,0.020157233,-0.021554418,0.831772777,-0.554313884,0.831772777,-0.554313884,-0.027645035,0.010303369
7.113800000000000,0.020118076,-0.021715429,0.831680748,-0.554447082,0.831680748,-0.554447082,-0.02777525,0.010214243
7.113828114095083,0.019704148,-0.023403796,0.830712726,-0.555842592,0.830712726,-0.555842592,-0.029143047,0.009281781
7.113858263584312,0.019233412,-0.025294371,0.829622245,-0.557402629,0.829622245,-0.557402629,-0.030679784,0.008242234
7.113887722234607,0.018744294,-0.027226964,0.82850038,-0.558994488,0.82850038,-0.558994488,-0.032256287,0.007184612
7.113900000000000,0.018531315,-0.028058721,0.828015316,-0.559678713,0.828015316,-0.559678713,-0.032936539,0.006730997
7.113916505875705,0.018236033,-0.029202403,0.827346148,-0.560618662,0.827346148,-0.560618662,-0.033873622,0.006108812
7.113944629974621,0.017707836,-0.031221529,0.826158533,-0.562275639,0.826158533,-0.562275639,-0.035532885,0.005014744
7.113972109643965,0.017158877,-0.033285187,0.824936485,-0.563965905,0.824936485,-0.563965905,-0.037235201,0.003902335
7.113998959650055,0.016588295,-0.035394234,0.823678922,-0.565689938,0.823678922,-0.565689938,-0.038981724,0.002771525
7.114000000000001,0.016565466,-0.035477881,0.823628865,-0.565758244,0.823628865,-0.565758244,-0.039051135,0.002726803
7.114025194420862,0.015995195,-0.037549531,0.822384724,-0.567448215,0.822384724,-0.567448215,-0.040773638,0.001622275
7.114050828053755,0.015378642,-0.03975195,0.821052736,-0.569241202,0.821052736,-0.569241202,-0.042612158,4.5456304510e-4
7.114075874323079,0.014737665,-0.042002366,0.819681766,-0.57106936,0.819681766,-0.57106936,-0.044498531,-7.32E-04
7.114100000000001,0.014080986,-0.044268362,0.818291094,-0.57290618,0.818291094,-0.57290618,-0.046405947,-1.92E-03
7.114100346687557,0.014071252,-0.044301659,0.818270582,-0.57293314,0.818270582,-0.57293314,-0.046434035,-1.94E-03
7.114124258297523,0.013378347,-0.046650717,0.816817915,-0.574832983,0.816817915,-0.574832983,-0.048419981,-3.16E-03
7.114147622001983,0.012657855,-0.049050428,0.815322452,-0.576769316,0.815322452,-0.576769316,-0.050457712,-4.40E-03
7.114170450355529,0.011908634,-0.051501685,0.813782842,-0.578742555,0.813782842,-0.578742555,-0.052548605,-5.66E-03
7.114192755625074,0.011129494,-0.054005381,0.812197689,-0.580753101,0.812197689,-0.580753101,-0.05469407,-6.94E-03
7.114200000000000,0.010865737,-0.054842838,0.811664619,-0.581424496,0.811664619,-0.581424496,-0.055413931,-7.36E-03
7.114214549796455,0.010319201,-0.056562408,0.810565553,-0.582801337,0.810565553,-0.582801337,-0.056895552,-8.23E-03
7.114235844580866,0.009476467,-0.059173661,0.80888495,-0.584887628,0.80888495,-0.584887628,-0.05915453,-9.55E-03
7.114256651421151,0.008599955,-0.061840028,0.80715435,-0.587012319,0.80715435,-0.587012319,-0.061472519,-0.010877982
7.114276981497959,0.007688275,-0.064562395,0.805372176,-0.589175733,0.805372176,-0.589175733,-0.063851067,-0.012226261
7.114296845735745,0.00673998,-0.067341641,0.803536801,-0.591378167,0.803536801,-0.591378167,-0.066291759,-0.013591536
7.114300000000000,0.006583835,-0.067794322,0.803236323,-0.591736303,0.803236323,-0.591736303,-0.066690492,-0.013812837
7.114316254808645,0.005753568,-0.07017864,0.801646551,-0.593619892,0.801646551,-0.593619892,-0.068796215,-0.014973469
7.114335219146209,0.004727477,-0.073074253,0.799699701,-0.595901151,0.799699701,-0.595901151,-0.071366089,-0.016371675
7.114353748939008,0.003660086,-0.076029331,0.797694475,-0.598222152,0.797694475,-0.598222152,-0.074003073,-0.017785725
7.114371854144108,0.002549709,-0.079044711,0.795629046,-0.60058307,0.795629046,-0.60058307,-0.076708892,-0.01921514
7.114389544490418,0.001394599,-0.082121212,0.793501532,-0.602984044,0.793501532,-0.602984044,-0.079485307,-0.020659387
7.114400000000001,6.7675668338e-4,-0.084003436,0.792189772,-0.604449069,0.792189772,-0.604449069,-0.081191829,-0.0215359
7.114406829483927,1.9293962213e-4,-0.085259636,0.791309999,-0.605425171,0.791309999,-0.605425171,-0.082334114,-0.022117878
7.114423718412798,-1.06E-03,-0.088460763,0.789052458,-0.607906504,0.789052458,-0.607906504,-0.085257144,-0.023589967
7.114440220352376,-2.36E-03,-0.091725346,0.786726865,-0.610428049,0.786726865,-0.610428049,-0.088256258,-0.025074944
7.114456344170046,-3.71E-03,-0.095054113,0.784331122,-0.612989762,0.784331122,-0.612989762,-0.091333355,-0.026572037
7.114472098530015,-5.12E-03,-0.098447757,0.781863072,-0.615591544,0.781863072,-0.615591544,-0.094490363,-0.0280804
7.114487491897958,-6.58E-03,-0.10190694,0.779320505,-0.61823324,0.779320505,-0.61823324,-0.097729241,-0.02959912
7.114500000000000,-7.84E-03,-0.10482824,0.777151989,-0.620455973,0.777151989,-0.620455973,-0.100481072,-0.030866796
7.114502532545568,-8.10E-03,-0.105432281,0.776701152,-0.620914629,0.776701152,-0.620914629,-0.101051978,-0.031127203
7.114517228555003,-9.69E-03,-0.10902436,0.774002689,-0.623635426,0.774002689,-0.623635426,-0.104460593,-0.032663576
7.114531587823228,-0.011337158,-0.112683707,0.771222734,-0.626395274,0.771222734,-0.626395274,-0.107957128,-0.034207083
7.114545618066259,-0.013051241,-0.116410801,0.768358851,-0.629193741,0.768358851,-0.629193741,-0.111543654,-0.035756478
7.114559326823310,-0.014834052,-0.120206065,0.765408548,-0.632030313,0.765408548,-0.632030313,-0.11522226,-0.037310422
7.114572721460839,-0.016688249,-0.124069858,0.762369276,-0.634904393,0.762369276,-0.634904393,-0.118995059,-0.03886748
7.114585809176517,-0.018616574,-0.128002475,0.759238434,-0.63781529,0.759238434,-0.63781529,-0.122864179,-0.040426115
7.114598597003083,-0.020621852,-0.132004136,0.756013369,-0.640762219,0.756013369,-0.640762219,-0.126831764,-0.041984682
7.114600000000000,-0.020849592,-0.132453142,0.755649007,-0.641091922,0.755649007,-0.641091922,-0.127278886,-0.042157819
7.114611091812132,-0.022706997,-0.136074982,0.752691376,-0.643744291,0.752691376,-0.643744291,-0.130899966,-0.043541429
7.114623300317806,-0.02487501,-0.140215069,0.7492697,-0.646760511,0.7492697,-0.646760511,-0.135070947,-0.045094485
7.114635229080397,-0.027128976,-0.144424364,0.74574554,-0.64980977,0.74574554,-0.64980977,-0.139346871,-0.04664186
7.114646884509879,-0.029472069,-0.148702732,0.74211605,-0.652890836,0.74211605,-0.652890836,-0.143729902,-0.048181441
7.114658272869350,-0.031907549,-0.153049933,0.738378344,-0.656002356,0.738378344,-0.656002356,-0.148222196,-0.049710982
7.114669400278394,-0.03443876,-0.157465617,0.734529495,-0.659142838,0.734529495,-0.659142838,-0.152825897,-0.051228106
7.114680272716371,-0.037069132,-0.161949308,0.730566544,-0.662310655,0.730566544,-0.662310655,-0.157543134,-0.052730293
7.114690896025635,-0.039802174,-0.166500405,0.726486501,-0.665504033,0.726486501,-0.665504033,-0.162376011,-0.054214884
7.114700000000000,-0.042282996,-0.170541144,0.722814553,-0.668320343,0.722814553,-0.668320343,-0.166705372,-0.055498455
7.114701275914668,-0.04264148,-0.171118168,0.72228635,-0.668721042,0.72228635,-0.668721042,-0.1673266,-0.055679067
7.114711417961150,-0.045590717,-0.175801713,0.717963057,-0.671959596,0.717963057,-0.671959596,-0.172396939,-0.05711988
7.114721327614952,-0.04865363,-0.18055,0.713513572,-0.675217439,0.713513572,-0.675217439,-0.177589017,-0.058534203
7.114731010201072,-0.051834033,-0.185361824,0.70893484,-0.678492142,0.70893484,-0.678492142,-0.18290477,-0.059918757
7.114740470922490,-0.055135807,-0.19023581,0.704223804,-0.681781097,0.704223804,-0.681781097,-0.188346071,-0.061270094
7.114749714862964,-0.058562895,-0.195170399,0.699377415,-0.685081505,0.699377415,-0.685081505,-0.193914721,-0.062584603
7.114758746989769,-0.062119295,-0.200163839,0.694392642,-0.688390375,0.694392642,-0.688390375,-0.199612437,-0.063858497
7.114767572156356,-0.065809052,-0.205214179,0.689266477,-0.691704514,0.689266477,-0.691704514,-0.205440844,-0.065087819
7.114776195104968,-0.069636257,-0.210319253,0.683995951,-0.695020523,0.683995951,-0.695020523,-0.211401461,-0.066268431
7.114784620469184,-0.073605031,-0.215476679,0.67857814,-0.698334788,0.67857814,-0.698334788,-0.21749569,-0.067396021
7.114792852776410,-0.077719522,-0.220683838,0.673010177,-0.701643478,0.673010177,-0.701643478,-0.223724802,-0.068466096
7.114800000000001,-0.081496091,-0.22534401,0.667941186,-0.704571667,0.667941186,-0.704571667,-0.229366371,-0.069363751
7.114800896450313,-0.081983889,-0.225937875,0.667289269,-0.704942536,0.667289269,-0.704942536,-0.230089928,-0.069473984
7.114808755813198,-0.086402298,-0.231235682,0.661412706,-0.708227676,0.661412706,-0.708227676,-0.23659204,-0.070414833
7.114816435088325,-0.090978903,-0.236573895,0.655377876,-0.711494381,0.655377876,-0.711494381,-0.243231939,-0.071283615
7.114823938402189,-0.09571784,-0.241948878,0.649182281,-0.714737894,0.649182281,-0.714737894,-0.250010241,-0.072075123
7.114831269786728,-0.100623204,-0.247356722,0.642823552,-0.717953223,0.642823552,-0.717953223,-0.25692736,-0.07278398
7.114838433181492,-0.105699043,-0.252793233,0.636299467,-0.72113513,0.636299467,-0.72113513,-0.263983492,-0.073404638
7.114845432435765,-0.110949335,-0.258253922,0.629607967,-0.724278139,0.629607967,-0.724278139,-0.2711786,-0.073931387
7.114852271310626,-0.116377973,-0.263734007,0.622747176,-0.72737653,0.622747176,-0.72737653,-0.278512396,-0.07435836
7.114858953480975,-0.121988747,-0.269228398,0.615715417,-0.730424342,0.615715417,-0.730424342,-0.285984325,-0.07467954
7.114865482537505,-0.127785321,-0.274731698,0.608511234,-0.733415377,0.608511234,-0.733415377,-0.293593551,-0.07488877
7.114871861988632,-0.133771216,-0.280238199,0.601133415,-0.736343203,0.601133415,-0.736343203,-0.301338931,-0.074979767
7.114878095262385,-0.139949787,-0.285741877,0.593581004,-0.73920116,0.593581004,-0.73920116,-0.309219009,-0.074946127
7.114884185708239,-0.146324198,-0.291236393,0.585853333,-0.741982367,0.585853333,-0.741982367,-0.317231993,-0.074781346
7.114890136598922,-0.1528974,-0.296715094,0.577950036,-0.74467973,0.577950036,-0.74467973,-0.325375737,-0.074478832
7.114895951132172,-0.159672106,-0.302171015,0.569871072,-0.747285954,0.569871072,-0.747285954,-0.333647731,-0.074031925
7.114900000000000,-0.164607824,-0.306028455,0.564026164,-0.749077658,0.564026164,-0.749077658,-0.339599526,-0.073623107
7.114901632432454,-0.166650767,-0.307596882,0.561616749,-0.749793555,0.561616749,-0.749793555,-0.342045081,-0.073433911
7.114907183552639,-0.173835543,-0.312985118,0.553187744,-0.752194876,0.553187744,-0.752194876,-0.350564494,-0.072678049
7.114912607475645,-0.181228278,-0.318327856,0.544585125,-0.754482101,0.544585125,-0.754482101,-0.35920227,-0.071757591
7.114917907116044,-0.188830474,-0.323616941,0.535810371,-0.756647276,0.535810371,-0.756647276,-0.367954282,-0.070665805
7.114923085321617,-0.196643262,-0.328843951,0.526865392,-0.75868233,0.526865392,-0.75868233,-0.37681597,-0.069396004
7.114928144874900,-0.204667378,-0.334000206,0.51775255,-0.760579099,0.51775255,-0.760579099,-0.385782332,-0.067941571
7.114933088494662,-0.212903132,-0.33907679,0.508474675,-0.762329348,0.508474675,-0.762329348,-0.394847912,-0.066295992
7.114937918837381,-0.221350386,-0.34406457,0.499035082,-0.763924803,0.499035082,-0.763924803,-0.404006799,-0.064452885
7.114942638498662,-0.230008526,-0.348954218,0.48943759,-0.765357177,0.48943759,-0.765357177,-0.413252622,-0.062406033
7.114947250014637,-0.23887644,-0.353736237,0.479686528,-0.766618207,0.479686528,-0.766618207,-0.422578547,-0.060149416
7.114951755863324,-0.247952491,-0.358400991,0.469786752,-0.767699682,0.469786752,-0.767699682,-0.431977281,-0.057677249
7.114956158465959,-0.2572345,-0.362938734,0.459743654,-0.768593482,0.459743654,-0.768593482,-0.441441079,-0.054984016
7.114960460188302,-0.266719722,-0.367339645,0.449563162,-0.769291618,0.449563162,-0.769291618,-0.450961745,-0.052064506
7.114964663341900,-0.276404833,-0.371593864,0.439251751,-0.769786264,0.439251751,-0.769786264,-0.460530647,-0.04891385
7.114968770185339,-0.28628591,-0.37569153,0.428816439,-0.770069804,0.428816439,-0.770069804,-0.470138731,-0.045527559
7.114972782925447,-0.296358425,-0.379622822,0.418264782,-0.770134871,0.418264782,-0.770134871,-0.479776537,-0.041901558
7.114976703718488,-0.30661723,-0.383378001,0.407604872,-0.769974389,0.407604872,-0.769974389,-0.48943422,-0.038032223
7.114980534671319,-0.317056555,-0.386947454,0.396845325,-0.769581612,0.396845325,-0.769581612,-0.499101575,-0.033916419
7.114984277842518,-0.327670004,-0.390321744,0.385995264,-0.768950175,0.385995264,-0.768950175,-0.508768063,-0.02955153
7.114987935243493,-0.338450558,-0.393491651,0.375064306,-0.768074126,0.375064306,-0.768074126,-0.518422844,-0.024935491
7.114991508839568,-0.349390582,-0.396448222,0.364062535,-0.766947975,0.364062535,-0.766947975,-0.52805481,-0.020066822
7.114995000551028,-0.36048183,-0.399182821,0.35300048,-0.765566732,0.35300048,-0.765566732,-0.537652624,-0.014944651
7.114998412254160,-0.371715466,-0.401687176,0.341889085,-0.763925943,0.341889085,-0.763925943,-0.547204761,-9.57E-03
7.115000000000000,-0.377080511,-0.402790175,0.336614917,-0.763057528,0.336614917,-0.763057528,-0.551707517,-6.94E-03
7.115001745782258,-0.383082078,-0.403953424,0.330739669,-0.762021733,0.330739669,-0.762021733,-0.556699548,-3.94E-03
7.115005002926607,-0.394571702,-0.405974162,0.3195639,-0.759850835,0.3195639,-0.759850835,-0.566125214,0.001941926
7.115008185437450,-0.406173852,-0.407742489,0.308373743,-0.757410621,0.308373743,-0.757410621,-0.57546994,0.008073803
7.115011295024921,-0.417877547,-0.40925205,0.297181422,-0.754699136,0.297181422,-0.754699136,-0.584721901,0.014453627
7.115014333359971,-0.429671354,-0.410497079,0.285999371,-0.751715119,0.285999371,-0.751715119,-0.593869328,0.021078206
7.115017302075264,-0.441543421,-0.411472435,0.274840186,-0.748458024,0.274840186,-0.748458024,-0.602900551,0.027943637
7.115020202766051,-0.453481525,-0.412173637,0.263716568,-0.744928037,0.263716568,-0.744928037,-0.611804062,0.035045316
7.115023036991031,-0.465473119,-0.412596898,0.252641275,-0.741126088,0.252641275,-0.741126088,-0.62056856,0.042377939
7.115025806273186,-0.47750538,-0.412739148,0.241627063,-0.737053859,0.241627063,-0.737053859,-0.629183008,0.04993552
7.115028512100604,-0.489565265,-0.412598061,0.230686632,-0.732713785,0.230686632,-0.732713785,-0.637636684,0.057711403
7.115031155927274,-0.501639562,-0.412172073,0.219832565,-0.728109055,0.219832565,-0.728109055,-0.645919235,0.065698289
7.115033739173866,-0.513714951,-0.411460392,0.209077278,-0.723243599,0.209077278,-0.723243599,-0.654020719,0.073888261
7.115036263228498,-0.525778061,-0.410463008,0.198432958,-0.718122078,0.198432958,-0.718122078,-0.661931659,0.082272814
7.115038729447486,-0.537815528,-0.409180699,0.187911514,-0.712749869,0.187911514,-0.712749869,-0.669643082,0.090842891
7.115041139156059,-0.549814051,-0.407615025,0.177524517,-0.707133038,0.177524517,-0.707133038,-0.677146559,0.099588923
7.115043493649086,-0.561760459,-0.405768323,0.167283158,-0.701278313,0.167283158,-0.701278313,-0.684434245,0.10850087
7.115045794191765,-0.573641759,-0.403643691,0.157198192,-0.695193057,0.157198192,-0.695193057,-0.691498909,0.117568267
7.115048042020303,-0.585445198,-0.401244974,0.147279898,-0.688885228,0.147279898,-0.688885228,-0.698333965,0.126780273
7.115050238342579,-0.597158314,-0.398576743,0.137538036,-0.682363341,0.137538036,-0.682363341,-0.704933491,0.13612572
7.115052384338797,-0.608768991,-0.39564426,0.127981808,-0.675636426,0.127981808,-0.675636426,-0.711292256,0.145593167
7.115054481162119,-0.620265504,-0.392453457,0.118619829,-0.668713979,0.118619829,-0.668713979,-0.717405727,0.155170949
7.115056529939279,-0.631636566,-0.389010891,0.109460093,-0.661605921,0.109460093,-0.661605921,-0.723270083,0.164847236
7.115058531771200,-0.64287137,-0.385323714,0.100509951,-0.654322542,0.100509951,-0.654322542,-0.728882218,0.174610085
7.115060487733572,-0.653959625,-0.381399623,0.091776091,-0.64687445,0.091776091,-0.64687445,-0.734239744,0.184447491
7.115062398877443,-0.664891591,-0.377246823,0.083264525,-0.639272523,0.083264525,-0.639272523,-0.739340982,0.194347444
7.115064266229772,-0.675658109,-0.372873974,0.074980574,-0.631527853,0.074980574,-0.631527853,-0.744184956,0.204297978
7.115066090793991,-0.686250622,-0.368290148,0.066928867,-0.623651693,0.066928867,-0.623651693,-0.748771377,0.214287221
7.115067873550536,-0.696661198,-0.363504775,0.059113338,-0.615655408,0.059113338,-0.615655408,-0.753100629,0.224303444
7.115069615457379,-0.706882546,-0.358527597,0.051537232,-0.607550421,0.051537232,-0.607550421,-0.757173746,0.234335104
7.115071317450544,-0.716908022,-0.353368614,0.044203108,-0.599348165,0.044203108,-0.599348165,-0.760992388,0.244370889
7.115072980444602,-0.72673164,-0.348038036,0.037112855,-0.591060034,0.037112855,-0.591060034,-0.764558813,0.254399756
7.115074605333169,-0.736348075,-0.342546232,0.030267707,-0.582697339,0.030267707,-0.582697339,-0.767875846,0.264410969
7.115076192989389,-0.745752653,-0.336903684,0.023668259,-0.574271262,0.023668259,-0.574271262,-0.77094685,0.274394129
7.115077744266394,-0.754941355,-0.331120938,0.017314492,-0.565792817,0.017314492,-0.565792817,-0.77377569,0.284339206
7.115079259997771,-0.763910801,-0.325208558,0.011205797,-0.557272812,0.011205797,-0.557272812,-0.776366693,0.294236564
7.115080740998003,-0.772658239,-0.319177086,0.005341001,-0.548721813,0.005341001,-0.548721813,-0.778724621,0.304076985
7.115082188062915,-0.781181526,-0.313036997,-2.82E-04,-0.540150114,-2.82E-04,-0.540150114,-0.780854624,0.313851684
7.115083601970090,-0.789479115,-0.306798663,-5.66E-03,-0.531567709,-5.66E-03,-0.531567709,-0.782762206,0.323552328
7.115084983479300,-0.797550027,-0.300472317,-0.010809555,-0.522984262,-0.010809555,-0.522984262,-0.784453188,0.333171046
7.115086333332904,-0.805393835,-0.294068019,-0.015720707,-0.514409092,-0.015720707,-0.514409092,-0.785933669,0.342700437
7.115087652256253,-0.81301063,-0.287595626,-0.020401211,-0.505851148,-0.020401211,-0.505851148,-0.787209988,0.352133578
7.115088940958074,-0.820401,-0.281064765,-0.024854964,-0.497318997,-0.024854964,-0.497318997,-0.788288689,0.361464024
7.115090200130858,-0.827566003,-0.274484808,-0.029086204,-0.488820811,-0.029086204,-0.488820811,-0.789176487,0.370685807
7.115091430451226,-0.834507134,-0.267864851,-0.033099468,-0.480364357,-0.033099468,-0.480364357,-0.789880231,0.379793435
7.115092632580298,-0.841226298,-0.261213696,-0.036899569,-0.47195699,-0.036899569,-0.47195699,-0.790406871,0.388781887
7.115093807164042,-0.847725781,-0.254539834,-0.040491552,-0.463605648,-0.040491552,-0.463605648,-0.790763432,0.397646601
7.115094954833626,-0.854008218,-0.24785143,-0.043880673,-0.455316853,-0.043880673,-0.455316853,-0.790956979,0.406383471
7.115096076205754,-0.860076568,-0.241156318,-0.047072362,-0.447096709,-0.047072362,-0.447096709,-0.790994591,0.41498883
7.115097171883002,-0.865934079,-0.234461986,-0.050072194,-0.438950906,-0.050072194,-0.438950906,-0.790883337,0.42345944
7.115098242454136,-0.871584263,-0.227775575,-0.052885865,-0.430884726,-0.052885865,-0.430884726,-0.790630251,0.431792478
7.115099288494434,-0.877030866,-0.221103875,-0.055519158,-0.422903045,-0.055519158,-0.422903045,-0.790242307,0.439985519
7.115100000000001,-0.880691563,-0.216487889,-0.05724295,-0.417418319,-0.05724295,-0.417418319,-0.78989762,0.445585551
7.115100310565988,-0.882277845,-0.214453319,-0.057977927,-0.415010347,-0.057977927,-0.415010347,-0.789726404,0.448036524
7.115101309218013,-0.887329337,-0.207829991,-0.060268064,-0.407210729,-0.060268064,-0.407210729,-0.789089343,0.455943815
7.115102284987140,-0.892189635,-0.201239619,-0.062395485,-0.399507911,-0.062395485,-0.399507911,-0.788337813,0.463706068
7.115103238397703,-0.896863167,-0.194687585,-0.064366102,-0.391905253,-0.064366102,-0.391905253,-0.787478376,0.471322287
7.115104169962020,-0.901354469,-0.188178927,-0.06618581,-0.384405762,-0.06618581,-0.384405762,-0.786517452,0.478791792
7.115105080180673,-0.905668168,-0.181718348,-0.067860465,-0.377012105,-0.067860465,-0.377012105,-0.785461312,0.486114195
7.115105969542769,-0.909808958,-0.175310219,-0.069395872,-0.369726628,-0.069395872,-0.369726628,-0.784316062,0.493289387
7.115106838526214,-0.913781581,-0.168958589,-0.070797768,-0.362551364,-0.070797768,-0.362551364,-0.78308764,0.50031752
7.115107687597958,-0.917590812,-0.162667195,-0.072071809,-0.35548805,-0.072071809,-0.35548805,-0.781781809,0.507198983
7.115108517214255,-0.921241443,-0.156439471,-0.073223559,-0.348538144,-0.073223559,-0.348538144,-0.780404146,0.513934395
7.115109327820901,-0.924738263,-0.150278557,-0.07425848,-0.341702833,-0.07425848,-0.341702833,-0.778960044,0.520524578
7.115110119853481,-0.928086049,-0.144187312,-0.075181923,-0.334983055,-0.075181923,-0.334983055,-0.777454706,0.526970549
7.115110893737596,-0.93128955,-0.138168323,-0.075999119,-0.328379507,-0.075999119,-0.328379507,-0.775893144,0.533273499
7.115111649889096,-0.934353479,-0.132223915,-0.076715175,-0.321892664,-0.076715175,-0.321892664,-0.774280176,0.539434777
7.115112388714302,-0.937282498,-0.126356166,-0.077335066,-0.315522791,-0.077335066,-0.315522791,-0.772620427,0.545455882
7.115113110610227,-0.940081214,-0.120566915,-0.07786363,-0.309269955,-0.07786363,-0.309269955,-0.770918332,0.551338439
7.115113815964783,-0.942754163,-0.114857778,-0.078305568,-0.303134043,-0.078305568,-0.303134043,-0.769178132,0.557084195
7.115114505156996,-0.945305813,-0.109230152,-0.078665437,-0.29711477,-0.078665437,-0.29711477,-0.767403882,0.562695002
7.115115178557207,-0.947740548,-0.103685234,-0.078947649,-0.291211694,-0.078947649,-0.291211694,-0.765599449,0.568172802
7.115115836527269,-0.950062667,-0.098224025,-0.079156475,-0.285424227,-0.079156475,-0.285424227,-0.763768516,0.573519622
7.115116479420746,-0.952276378,-0.092847349,-0.079296034,-0.279751649,-0.079296034,-0.279751649,-0.761914589,0.578737558
7.115117107583099,-0.954385797,-0.087555856,-0.079370305,-0.274193116,-0.079370305,-0.274193116,-0.760040997,0.583828768
7.115117721351876,-0.956394938,-0.082350036,-0.079383116,-0.268747672,-0.079383116,-0.268747672,-0.758150895,0.588795461
7.115118321056886,-0.958307718,-0.077230229,-0.079338156,-0.263414259,-0.079338156,-0.263414259,-0.756247275,0.593639888
7.115118907020384,-0.960127949,-0.072196634,-0.079238969,-0.258191728,-0.079238969,-0.258191728,-0.754332964,0.598364335
7.115119479557241,-0.961859339,-0.067249319,-0.079088955,-0.253078845,-0.079088955,-0.253078845,-0.752410632,0.602971114
7.115120038975110,-0.963505491,-0.062388229,-0.078891381,-0.248074302,-0.078891381,-0.248074302,-0.750482796,0.607462556
7.115120585574599,-0.965069901,-0.057613197,-0.078649373,-0.243176726,-0.078649373,-0.243176726,-0.748551828,0.611841006
7.115121119649423,-0.966555961,-0.05292395,-0.078365927,-0.238384683,-0.078365927,-0.238384683,-0.746619955,0.616108816
7.115121641486572,-0.967966955,-0.048320117,-0.078043905,-0.233696689,-0.078043905,-0.233696689,-0.744689269,0.620268338
7.115122151366456,-0.969306062,-0.043801238,-0.077686045,-0.229111214,-0.077686045,-0.229111214,-0.742761728,0.624321922
7.115122649563062,-0.970576356,-0.039366771,-0.077294957,-0.224626692,-0.077294957,-0.224626692,-0.740839166,0.628271908
7.115123136344097,-0.971780808,-0.035016099,-0.076873135,-0.220241521,-0.076873135,-0.220241521,-0.738923294,0.632120625
7.115123611971136,-0.972922287,-0.030748535,-0.076422952,-0.215954075,-0.076422952,-0.215954075,-0.737015708,0.635870386
7.115124076699759,-0.97400356,-0.026563331,-0.075946668,-0.211762703,-0.075946668,-0.211762703,-0.735117891,0.639523481
7.115124530779690,-0.975027297,-0.022459679,-0.075446434,-0.20766574,-0.075446434,-0.20766574,-0.733231221,0.643082182
7.115124974454932,-0.975996067,-0.018436723,-0.074924294,-0.203661507,-0.074924294,-0.203661507,-0.731356973,0.646548731
7.115125407963894,-0.976912349,-0.01449356,-0.074382189,-0.199748315,-0.074382189,-0.199748315,-0.729496328,0.649925345
7.115125831539523,-0.977778525,-0.010629244,-0.073821961,-0.195924472,-0.073821961,-0.195924472,-0.727650372,0.653214211
7.115126245409433,-0.978596887,-6.84E-03,-0.073245356,-0.192188282,-0.073245356,-0.192188282,-0.725820105,0.656417481
7.115126649796015,-0.97936964,-3.13E-03,-0.072654028,-0.188538053,-0.072654028,-0.188538053,-0.724006444,0.659537278
7.115127044916570,-0.9800989,5.0058412205e-4,-0.072049543,-0.184972096,-0.072049543,-0.184972096,-0.722210224,0.662575685
7.115127430983418,-0.980786702,0.004059622,-0.071433382,-0.18148873,-0.071433382,-0.18148873,-0.720432208,0.665534753
7.115127808204012,-0.981434996,0.007545001,-0.070806945,-0.178086282,-0.070806945,-0.178086282,-0.718673087,0.668416495
7.115128176781055,-0.982045656,0.010957826,-0.07017155,-0.174763093,-0.07017155,-0.174763093,-0.716933486,0.671222883
7.115128536912602,-0.982620478,0.014299216,-0.069528445,-0.171517514,-0.069528445,-0.171517514,-0.715213962,0.673955855
7.115128888792172,-0.983161182,0.017570301,-0.068878804,-0.168347915,-0.068878804,-0.168347915,-0.713515018,0.676617307
7.115129232608849,-0.98366942,0.020772221,-0.068223731,-0.165252681,-0.068223731,-0.165252681,-0.711837095,0.679209097
7.115129568547385,-0.984146771,0.023906123,-0.067564267,-0.162230215,-0.067564267,-0.162230215,-0.710180584,0.681733042
7.115129896788297,-0.984594748,0.026973157,-0.066901387,-0.15927894,-0.066901387,-0.15927894,-0.708545824,0.68419092
7.115130217507968,-0.985014799,0.029974477,-0.06623601,-0.156397301,-0.06623601,-0.156397301,-0.706933107,0.686584471
7.115130530878736,-0.98540831,0.032911235,-0.065568994,-0.153583761,-0.065568994,-0.153583761,-0.705342681,0.688915392
7.115130837068994,-0.985776605,0.035784584,-0.064901145,-0.150836809,-0.064901145,-0.150836809,-0.703774751,0.691185344
7.115131136243274,-0.986120953,0.038595672,-0.064233217,-0.148154955,-0.064233217,-0.148154955,-0.702229483,0.693395947
7.115131428562338,-0.986442563,0.041345644,-0.063565913,-0.145536733,-0.063565913,-0.145536733,-0.700707007,0.695548782
7.115131714183266,-0.986742593,0.044035638,-0.06289989,-0.142980703,-0.06289989,-0.142980703,-0.699207419,0.697645393
7.115131993259538,-0.987022149,0.046666786,-0.062235761,-0.140485446,-0.062235761,-0.140485446,-0.69773078,0.699687283
7.115132265941114,-0.987282286,0.049240211,-0.061574094,-0.138049572,-0.061574094,-0.138049572,-0.696277125,0.701675922
7.115132532374526,-0.987524012,0.051757026,-0.060915421,-0.135671712,-0.060915421,-0.135671712,-0.694846458,0.703612739
7.115132792702938,-0.987748289,0.054218335,-0.060260231,-0.133350526,-0.060260231,-0.133350526,-0.693438759,0.705499128
7.115133047066241,-0.987956034,0.05662523,-0.059608979,-0.131084698,-0.059608979,-0.131084698,-0.692053981,0.707336447
7.115133295601118,-0.988148123,0.058978794,-0.058962086,-0.128872935,-0.058962086,-0.128872935,-0.690692057,0.709126021
7.115133538441119,-0.98832539,0.061280094,-0.058319939,-0.126713974,-0.058319939,-0.126713974,-0.689352898,0.710869135
7.115133775716738,-0.988488632,0.063530186,-0.057682894,-0.124606575,-0.057682894,-0.124606575,-0.688036396,0.712567046
7.115134007555474,-0.988638607,0.065730112,-0.057051279,-0.122549522,-0.057051279,-0.122549522,-0.686742426,0.714220975
7.115134234081906,-0.988776038,0.0678809,-0.056425393,-0.120541627,-0.056425393,-0.120541627,-0.685470844,0.715832109
7.115134455417761,-0.988901613,0.069983565,-0.05580551,-0.118581724,-0.05580551,-0.118581724,-0.684221493,0.717401605
7.115134671681972,-0.989015988,0.072039105,-0.055191879,-0.116668675,-0.055191879,-0.116668675,-0.682994202,0.718930589
7.115134882990752,-0.989119788,0.074048506,-0.054584724,-0.114801363,-0.054584724,-0.114801363,-0.681788786,0.720420156
7.115135089457648,-0.989213607,0.076012736,-0.053984249,-0.112978699,-0.053984249,-0.112978699,-0.680605051,0.721871371
7.115135291193606,-0.989298012,0.077932749,-0.053390637,-0.111199615,-0.053390637,-0.111199615,-0.679442788,0.723285269
7.115135488307029,-0.989373539,0.079809484,-0.052804049,-0.109463069,-0.052804049,-0.109463069,-0.678301783,0.724662858
7.115135680903838,-0.989440702,0.081643864,-0.052224631,-0.107768039,-0.052224631,-0.107768039,-0.677181811,0.726005117
7.115135869087524,-0.989499987,0.083436797,-0.051652509,-0.10611353,-0.051652509,-0.10611353,-0.676082638,0.727313001
7.115136052959210,-0.989551858,0.085189173,-0.051087794,-0.104498567,-0.051087794,-0.104498567,-0.675004027,0.728587434
7.115136232617699,-0.989596754,0.086901868,-0.050530581,-0.102922199,-0.050530581,-0.102922199,-0.67394573,0.729829317
7.115136408159533,-0.989635094,0.088575744,-0.049980951,-0.101383495,-0.049980951,-0.101383495,-0.672907497,0.731039527
7.115136579679039,-0.989667275,0.090211643,-0.049438971,-0.099881547,-0.049438971,-0.099881547,-0.671889072,0.732218914
7.115136747268383,-0.989693674,0.091810396,-0.048904695,-0.098415468,-0.048904695,-0.098415468,-0.670890195,0.733368305
7.115136911017620,-0.989714651,0.093372816,-0.048378166,-0.096984392,-0.048378166,-0.096984392,-0.669910602,0.734488506
7.115137071014743,-0.989730545,0.0948997,-0.047859416,-0.095587472,-0.047859416,-0.095587472,-0.668950025,0.735580298
7.115137227345726,-0.989741679,0.096391831,-0.047348465,-0.094223883,-0.047348465,-0.094223883,-0.668008197,0.73664444
7.115137380094575,-0.98974836,0.097849977,-0.046845325,-0.092892818,-0.046845325,-0.092892818,-0.667084845,0.737681672
7.115137529343370,-0.989750878,0.099274889,-0.046349997,-0.091593491,-0.046349997,-0.091593491,-0.666179696,0.738692712
7.115137675172309,-0.98974951,0.100667306,-0.045862476,-0.090325132,-0.045862476,-0.090325132,-0.665292477,0.739678257
7.115137817659756,-0.989744516,0.10202795,-0.045382748,-0.089086993,-0.045382748,-0.089086993,-0.664422912,0.740638986
7.115137956882276,-0.989736144,0.10335753,-0.04491079,-0.087878341,-0.04491079,-0.087878341,-0.663570726,0.741575559
7.115138092914681,-0.98972463,0.104656738,-0.044446575,-0.086698462,-0.044446575,-0.086698462,-0.662735645,0.742488615
7.115138225830068,-0.989710194,0.105926255,-0.043990067,-0.08554666,-0.043990067,-0.08554666,-0.661917393,0.743378778
7.115138355699861,-0.989693049,0.107166746,-0.043541227,-0.084422253,-0.043541227,-0.084422253,-0.661115695,0.744246654
7.115138482593845,-0.989673393,0.108378862,-0.043100007,-0.08332458,-0.043100007,-0.08332458,-0.660330279,0.745092831
7.115138606580207,-0.989651414,0.109563242,-0.042666358,-0.082252992,-0.042666358,-0.082252992,-0.659560871,0.745917881
7.115138727725573,-0.989627292,0.110720511,-0.042240224,-0.081206859,-0.042240224,-0.081206859,-0.6588072,0.74672236
7.115138846095040,-0.989601195,0.111851279,-0.041821544,-0.080185563,-0.041821544,-0.080185563,-0.658068997,0.747506808
7.115138940702393,-0.98957854,0.112755058,-0.041485273,-0.079369909,-0.041485273,-0.079369909,-0.657477708,0.748132644
7.115138961752214,-0.989573282,0.112956146,-0.041410256,-0.079188504,-0.041410256,-0.079188504,-0.657345994,0.748271752
7.115139074759244,-0.989543704,0.114035696,-0.041006292,-0.078215097,-0.041006292,-0.078215097,-0.656637926,0.749017702
7.115139185176855,-0.989512604,0.115090503,-0.040609582,-0.077264768,-0.040609582,-0.077264768,-0.655944527,0.749745153
7.115139293064381,-0.989480116,0.116121127,-0.040220052,-0.07633696,-0.040220052,-0.07633696,-0.655265537,0.750454591
7.115139398479796,-0.989446367,0.117128118,-0.039837627,-0.075431128,-0.039837627,-0.075431128,-0.654600696,0.751146482
7.115139501479744,-0.989411476,0.118112012,-0.039462227,-0.074546743,-0.039462227,-0.074546743,-0.653949747,0.751821285
7.115139602119574,-0.989375556,0.119073333,-0.039093773,-0.073683286,-0.039093773,-0.073683286,-0.653312436,0.752479442
7.115139700453364,-0.989338715,0.120012596,-0.038732183,-0.072840251,-0.038732183,-0.072840251,-0.652688512,0.753121386
7.115139796533954,-0.989301051,0.120930302,-0.038377371,-0.072017147,-0.038377371,-0.072017147,-0.652077726,0.753747535
7.115139890412975,-0.98926266,0.121826943,-0.038029253,-0.071213493,-0.038029253,-0.071213493,-0.651479832,0.754358299
7.115139982140872,-0.98922363,0.122703,-0.037687741,-0.070428819,-0.037687741,-0.070428819,-0.650894587,0.754954073
7.115140071766935,-0.989184044,0.123558941,-0.037352748,-0.069662669,-0.037352748,-0.069662669,-0.650321751,0.755535244
7.115140159339325,-0.989143981,0.124395227,-0.037024185,-0.068914597,-0.037024185,-0.068914597,-0.649761088,0.756102186
7.115140244905101,-0.989103515,0.125212306,-0.036701962,-0.068184168,-0.036701962,-0.068184168,-0.649212364,0.756655266
7.115140328510241,-0.989062715,0.126010618,-0.036385988,-0.067470957,-0.036385988,-0.067470957,-0.648675349,0.757194837
7.115140410199671,-0.989021645,0.126790591,-0.036076173,-0.066774552,-0.036076173,-0.066774552,-0.648149815,0.757721246
7.115140490017287,-0.988980367,0.127552646,-0.035772426,-0.066094547,-0.035772426,-0.066094547,-0.647635538,0.758234828
7.115140568005979,-0.988938938,0.128297192,-0.035474656,-0.06543055,-0.035474656,-0.06543055,-0.647132297,0.75873591
7.115140644207655,-0.98889741,0.129024631,-0.03518277,-0.064782176,-0.03518277,-0.064782176,-0.646639876,0.759224811
7.115140718663262,-0.988855833,0.129735354,-0.034896677,-0.064149051,-0.034896677,-0.064149051,-0.646158059,0.759701839
7.115140791412808,-0.988814255,0.130429745,-0.034616286,-0.063530809,-0.034616286,-0.063530809,-0.645686636,0.760167296
7.115140862495388,-0.988772718,0.131108179,-0.034341506,-0.062927095,-0.034341506,-0.062927095,-0.645225398,0.760621474
7.115140931949197,-0.988731262,0.131771021,-0.034072246,-0.06233756,-0.034072246,-0.06233756,-0.644774143,0.761064659
7.115140999811556,-0.988689926,0.132418628,-0.033808414,-0.061761865,-0.033808414,-0.061761865,-0.644332669,0.761497127
7.115141066118932,-0.988648744,0.133051352,-0.033549921,-0.061199679,-0.033549921,-0.061199679,-0.643900777,0.76191915
7.115141130906954,-0.988607749,0.133669532,-0.033296677,-0.060650681,-0.033296677,-0.060650681,-0.643478274,0.762330989
7.115141194210438,-0.988566971,0.134273504,-0.033048593,-0.060114554,-0.033048593,-0.060114554,-0.643064968,0.762732901
7.115141256063400,-0.988526438,0.134863594,-0.03280558,-0.059590992,-0.03280558,-0.059590992,-0.642660671,0.763125133
7.115141316499075,-0.988486175,0.13544012,-0.03256755,-0.059079695,-0.03256755,-0.059079695,-0.642265199,0.763507929
7.115141375549941,-0.988446206,0.136003395,-0.032334416,-0.058580371,-0.032334416,-0.058580371,-0.64187837,0.763881525
7.115141433247727,-0.988406553,0.136553722,-0.032106091,-0.058092735,-0.032106091,-0.058092735,-0.641500005,0.764246149
7.115141489623439,-0.988367236,0.137091399,-0.03188249,-0.057616509,-0.03188249,-0.057616509,-0.641129929,0.764602026
7.115141544707370,-0.988328273,0.137616717,-0.031663528,-0.057151421,-0.031663528,-0.057151421,-0.640767971,0.764949373
7.115141598529120,-0.988289681,0.138129961,-0.031449121,-0.056697207,-0.031449121,-0.056697207,-0.640413961,0.765288402
7.115141651117609,-0.988251475,0.138631408,-0.031239186,-0.056253608,-0.031239186,-0.056253608,-0.640067733,0.765619319
7.115141702501099,-0.988213669,0.139121328,-0.03103364,-0.055820372,-0.03103364,-0.055820372,-0.639729124,0.765942326
7.115141752707196,-0.988176275,0.139599988,-0.030832402,-0.055397254,-0.030832402,-0.055397254,-0.639397975,0.766257618
7.115141801762881,-0.988139305,0.140067646,-0.030635393,-0.054984013,-0.030635393,-0.054984013,-0.639074128,0.766565385
7.115141849694517,-0.988102768,0.140524555,-0.030442532,-0.054580415,-0.030442532,-0.054580415,-0.638757429,0.766865814
7.115141896527858,-0.988066673,0.140970963,-0.030253742,-0.054186233,-0.030253742,-0.054186233,-0.638447728,0.767159085
7.115141943732922,-0.988029897,0.141420882,-0.030063104,-0.053789089,-0.030063104,-0.053789089,-0.63813531,0.767454409
7.115141992044999,-0.987991848,0.141881317,-0.029867634,-0.053382807,-0.029867634,-0.053382807,-0.637815296,0.767756373
7.115142041490051,-0.987952477,0.142352514,-0.029667201,-0.05296718,-0.029667201,-0.05296718,-0.637487496,0.768065119
7.115142092094645,-0.987911732,0.142834721,-0.029461671,-0.052541999,-0.029461671,-0.052541999,-0.637151715,0.768380791
7.115142143885975,-0.98786956,0.143328196,-0.029250905,-0.052107049,-0.029250905,-0.052107049,-0.636807751,0.768703537
7.115142196891869,-0.987825905,0.143833199,-0.029034763,-0.051662112,-0.029034763,-0.051662112,-0.636455399,0.769033506
7.115142251140813,-0.98778071,0.144349998,-0.028813096,-0.051206964,-0.028813096,-0.051206964,-0.636094448,0.76937085
7.115142306661955,-0.987733912,0.144878867,-0.028585755,-0.050741377,-0.028585755,-0.050741377,-0.63572468,0.769715726
7.115142363485132,-0.98768545,0.145420085,-0.028352584,-0.050265118,-0.028352584,-0.050265118,-0.635345872,0.77006829
7.115142421640878,-0.987635257,0.145973938,-0.028113423,-0.04977795,-0.028113423,-0.04977795,-0.634957796,0.770428704
7.115142481160443,-0.987583264,0.14654072,-0.027868108,-0.049279629,-0.027868108,-0.049279629,-0.634560217,0.770797131
7.115142542075809,-0.987529401,0.147120729,-0.027616468,-0.048769909,-0.027616468,-0.048769909,-0.634152893,0.771173738
7.115142604419709,-0.987473592,0.147714271,-0.027358329,-0.048248535,-0.027358329,-0.048248535,-0.633735577,0.771558694
7.115142668225645,-0.987415759,0.148321659,-0.027093511,-0.047715252,-0.027093511,-0.047715252,-0.633308015,0.77195217
7.115142733527904,-0.987355822,0.148943213,-0.026821828,-0.047169794,-0.026821828,-0.047169794,-0.632869946,0.772354343
7.115142800361575,-0.987293695,0.14957926,-0.026543088,-0.046611894,-0.026543088,-0.046611894,-0.632421101,0.772765389
7.115142868762571,-0.987229291,0.150230135,-0.026257094,-0.046041279,-0.026257094,-0.046041279,-0.631961204,0.77318549
7.115142938767648,-0.987162516,0.15089618,-0.025963642,-0.045457668,-0.025963642,-0.045457668,-0.631489974,0.773614828
7.115143010414425,-0.987093275,0.151577743,-0.025662524,-0.044860776,-0.025662524,-0.044860776,-0.631007119,0.77405359
7.115143083741399,-0.987021468,0.152275182,-0.025353523,-0.044250314,-0.025353523,-0.044250314,-0.630512341,0.774501966
7.115143158787975,-0.986946989,0.152988863,-0.025036415,-0.043625985,-0.025036415,-0.043625985,-0.630005333,0.774960148
7.115143235594480,-0.98686973,0.153719158,-0.024710972,-0.042987486,-0.024710972,-0.042987486,-0.629485781,0.77542833
7.115143314202184,-0.986789577,0.15446645,-0.024376955,-0.042334511,-0.024376955,-0.042334511,-0.62895336,0.77590671
7.115143394653328,-0.98670641,0.155231128,-0.024034121,-0.041666745,-0.024034121,-0.041666745,-0.628407739,0.776395489
7.115143476991143,-0.986620107,0.15601359,-0.023682217,-0.040983869,-0.023682217,-0.040983869,-0.627848576,0.776894871
7.115143561259875,-0.986530536,0.156814244,-0.023320983,-0.040285556,-0.023320983,-0.040285556,-0.62727552,0.77740506
7.115143647504803,-0.986437564,0.157633506,-0.022950151,-0.039571475,-0.022950151,-0.039571475,-0.62668821,0.777926266
7.115143735772273,-0.986341048,0.158471801,-0.022569443,-0.038841287,-0.022569443,-0.038841287,-0.626086276,0.778458701
7.115143826109717,-0.986240842,0.159329563,-0.022178574,-0.038094649,-0.022178574,-0.038094649,-0.625469338,0.779002577
7.115143918565676,-0.986136793,0.160207235,-0.021777249,-0.03733121,-0.021777249,-0.03733121,-0.624837003,0.779558113
7.115144013189833,-0.986028739,0.161105272,-0.021365163,-0.036550612,-0.021365163,-0.036550612,-0.62418887,0.780125526
7.115144110033035,-0.985916513,0.162024136,-0.020942003,-0.035752493,-0.020942003,-0.035752493,-0.623524526,0.780705038
7.115144209147320,-0.985799941,0.162964299,-0.020507443,-0.034936483,-0.020507443,-0.034936483,-0.622843547,0.781296872
7.115144310585949,-0.98567884,0.163926245,-0.020061149,-0.034102205,-0.020061149,-0.034102205,-0.622145494,0.781901255
7.115144414403428,-0.98555302,0.164910466,-0.019602775,-0.033249277,-0.019602775,-0.033249277,-0.621429921,0.782518415
7.115144520655545,-0.985422281,0.165917466,-0.019131965,-0.032377309,-0.019131965,-0.032377309,-0.620696365,0.783148581
7.115144629399397,-0.985286417,0.166947758,-0.018648349,-0.031485907,-0.018648349,-0.031485907,-0.619944352,0.783791985
7.115144740693415,-0.98514521,0.168001866,-0.018151547,-0.030574668,-0.018151547,-0.030574668,-0.619173396,0.784448861
7.115144854597405,-0.984998434,0.169080326,-0.017641167,-0.029643183,-0.017641167,-0.029643183,-0.618382996,0.785119443
7.115144971172573,-0.984845852,0.170183684,-0.017116801,-0.028691038,-0.017116801,-0.028691038,-0.617572636,0.785803969
7.115145090481562,-0.98468722,0.171312497,-0.016578031,-0.02771781,-0.016578031,-0.02771781,-0.616741787,0.786502676
7.115145212588482,-0.984522277,0.172467333,-0.016024423,-0.026723072,-0.016024423,-0.026723072,-0.615889905,0.787215802
7.115145337558950,-0.984350756,0.173648773,-0.01545553,-0.025706389,-0.01545553,-0.025706389,-0.61501643,0.787943588
7.115145465460117,-0.984172377,0.174857407,-0.01487089,-0.024667321,-0.01487089,-0.024667321,-0.614120788,0.788686273
7.115145596360713,-0.983986845,0.176093838,-0.014270025,-0.02360542,-0.014270025,-0.02360542,-0.613202385,0.789444098
7.115145730331076,-0.983793854,0.177358682,-0.01365244,-0.022520234,-0.01365244,-0.022520234,-0.612260616,0.790217304
7.115145867443197,-0.983593086,0.178652564,-0.013017627,-0.021411303,-0.013017627,-0.021411303,-0.611294854,0.79100613
7.115146007770754,-0.983384206,0.179976123,-0.012365058,-0.020278161,-0.012365058,-0.020278161,-0.610304456,0.791810818
7.115146151389152,-0.983166866,0.181330009,-0.011694188,-0.019120338,-0.011694188,-0.019120338,-0.609288763,0.792631605
7.115146298375565,-0.982940702,0.182714886,-0.011004455,-0.017937358,-0.011004455,-0.017937358,-0.608247093,0.79346873
7.115146448808978,-0.982705334,0.184131427,-0.010295277,-0.016728737,-0.010295277,-0.016728737,-0.60717875,0.794322429
7.115146602770225,-0.982460367,0.18558032,-9.57E-03,-0.015493988,-9.57E-03,-0.015493988,-0.606083014,0.795192936
7.115146760342038,-0.982205384,0.187062264,-8.82E-03,-0.014232619,-8.82E-03,-0.014232619,-0.604959148,0.796080484
7.115146921609091,-0.981939956,0.188577971,-8.04E-03,-0.012944131,-8.04E-03,-0.012944131,-0.603806391,0.7969853
7.115147086658040,-0.98166363,0.190128165,-7.25E-03,-0.011628024,-7.25E-03,-0.011628024,-0.602623964,0.797907612
7.115147255577575,-0.981375935,0.191713582,-6.44E-03,-0.010283791,-6.44E-03,-0.010283791,-0.601411065,0.79884764
7.115147428458466,-0.981076379,0.193334969,-5.60E-03,-8.91E-03,-5.60E-03,-8.91E-03,-0.600166868,0.799805602
7.115147605393610,-0.98076445,0.194993089,-4.73E-03,-7.51E-03,-4.73E-03,-7.51E-03,-0.598890526,0.80078171
7.115147786478086,-0.980439611,0.196688714,-3.85E-03,-6.08E-03,-3.85E-03,-6.08E-03,-0.597581168,0.801776171
7.115147971809199,-0.980101304,0.198422629,-2.93E-03,-4.62E-03,-2.93E-03,-4.62E-03,-0.596237897,0.802789184
7.115148161486538,-0.979748944,0.20019563,-1.99E-03,-3.12E-03,-1.99E-03,-3.12E-03,-0.594859794,0.803820943
7.115148355612026,-0.979381923,0.202008526,-1.02E-03,-1.60E-03,-1.02E-03,-1.60E-03,-0.593445911,0.804871632
7.115148554289979,-0.978999605,0.203862137,-2.79E-05,-4.33E-05,-2.79E-05,-4.33E-05,-0.591995278,0.805941429
7.115148757627156,-0.978601327,0.205757294,9.9691355044e-4,0.001544515,9.9691355044e-4,0.001544515,-0.590506895,0.807030499
7.115148965732821,-0.978186396,0.207694839,0.002051669,0.00316519,0.002051669,0.00316519,-0.588979735,0.808138999
7.115149178718802,-0.977754092,0.209675626,0.003137358,0.004819201,0.003137358,0.004819201,-0.587412745,0.809267074
7.115149396699547,-0.97730366,0.211700518,0.004254968,0.006507072,0.004254968,0.006507072,-0.585804841,0.810414857
7.115149619792188,-0.976834315,0.213770388,0.005405521,0.008229324,0.005405521,0.008229324,-0.584154912,0.811582464
7.115149848116606,-0.976345239,0.215886118,0.00659007,0.009986474,0.00659007,0.009986474,-0.582461814,0.812770001
7.115150081795493,-0.975835576,0.2180486,0.007809705,0.011779038,0.007809705,0.011779038,-0.580724375,0.813977555
7.115150320954415,-0.975304435,0.220258735,0.009065554,0.013607524,0.009065554,0.013607524,-0.578941392,0.815205197
7.115150565721887,-0.974750888,0.222517429,0.010358779,0.015472435,0.010358779,0.015472435,-0.577111628,0.816452979
7.115150816229435,-0.974173966,0.224825597,0.011690583,0.017374266,0.011690583,0.017374266,-0.575233816,0.817720931
7.115151072611671,-0.97357266,0.22718416,0.013062205,0.019313504,0.013062205,0.019313504,-0.573306654,0.819009064
7.115151335006362,-0.972945919,0.229594045,0.01447493,0.021290624,0.01447493,0.021290624,-0.571328807,0.820317364
7.115151603554509,-0.972292645,0.232056181,0.015930079,0.023306093,0.015930079,0.023306093,-0.569298908,0.821645794
7.115151878400415,-0.971611698,0.234571503,0.01742902,0.025360362,0.01742902,0.025360362,-0.567215552,0.822994287
7.115152159691771,-0.970901888,0.237140945,0.018973163,0.02745387,0.018973163,0.02745387,-0.565077302,0.824362751
7.115152447579731,-0.970161977,0.239765447,0.020563963,0.029587036,0.020563963,0.029587036,-0.562882684,0.82575106
7.115152742218990,-0.969390675,0.242445943,0.022202924,0.031760265,0.022202924,0.031760265,-0.560630189,0.827159057
7.115153043767877,-0.96858664,0.245183368,0.023891594,0.033973939,0.023891594,0.033973939,-0.55831827,0.82858655
7.115153352388428,-0.967748475,0.247978654,0.025631572,0.036228419,0.025631572,0.036228419,-0.555945346,0.830033309
7.115153668246483,-0.966874727,0.250832727,0.027424505,0.038524041,0.027424505,0.038524041,-0.553509797,0.831499066
7.115153991511770,-0.965963884,0.253746504,0.029272092,0.040861115,0.029272092,0.040861115,-0.551009969,0.832983509
7.115154322357997,-0.965014374,0.256720897,0.031176083,0.04323992,0.031176083,0.04323992,-0.548444167,0.834486282
7.115154660962943,-0.964024563,0.259756804,0.033138281,0.045660704,0.033138281,0.045660704,-0.545810662,0.836006981
7.115155007508563,-0.962992751,0.262855109,0.035160543,0.048123681,0.035160543,0.048123681,-0.543107689,0.837545153
7.115155362181072,-0.961917176,0.266016682,0.037244781,0.050629027,0.037244781,0.050629027,-0.540333442,0.83910029
7.115155725171057,-0.960796003,0.269242373,0.039392961,0.053176876,0.039392961,0.053176876,-0.537486084,0.840671827
7.115156096673570,-0.95962733,0.272533012,0.041607107,0.055767319,0.041607107,0.055767319,-0.534563738,0.842259142
7.115156476888241,-0.958409182,0.275889401,0.043889299,0.058400399,0.043889299,0.058400399,-0.531564494,0.843861546
7.115156866019378,-0.957139512,0.279312318,0.046241675,0.061076108,0.046241675,0.061076108,-0.528486406,0.845478286
7.115157264276085,-0.955816194,0.282802508,0.048666431,0.063794384,0.048666431,0.063794384,-0.525327496,0.847108537
7.115157671872366,-0.954437027,0.28636068,0.051165821,0.066555104,0.051165821,0.066555104,-0.522085751,0.848751402
7.115158089027243,-0.952999729,0.289987505,0.053742158,0.069358082,0.053742158,0.069358082,-0.518759129,0.850405903
7.115158515964879,-0.951501939,0.29368361,0.056397814,0.072203066,0.056397814,0.072203066,-0.515345558,0.852070981
7.115158952914689,-0.949941213,0.297449577,0.059135219,0.075089731,0.059135219,0.075089731,-0.511842935,0.853745492
7.115159400111470,-0.94831502,0.301285932,0.061956862,0.078017674,0.061956862,0.078017674,-0.508249133,0.8554282
7.115159857795525,-0.946620747,0.305193146,0.064865288,0.080986411,0.064865288,0.080986411,-0.504562003,0.857117773
7.115160326212793,-0.944855694,0.309171626,0.067863102,0.08399537,0.067863102,0.08399537,-0.50077937,0.858812783
7.115160805614980,-0.943017072,0.313221713,0.070952963,0.087043886,0.070952963,0.087043886,-0.496899043,0.860511694
7.115161296259695,-0.941102003,0.317343671,0.074137586,0.090131198,0.074137586,0.090131198,-0.492918815,0.862212864
7.115161798410587,-0.939107522,0.321537685,0.077419737,0.093256437,0.077419737,0.093256437,-0.488836467,0.863914536
7.115162312337491,-0.937030573,0.325803856,0.080802237,0.096418627,0.080802237,0.096418627,-0.484649771,0.865614835
7.115162838316566,-0.934868009,0.330142188,0.084287954,0.099616674,0.084287954,0.099616674,-0.480356495,0.867311762
7.115163376630450,-0.932616597,0.334552585,0.087879802,0.102849361,0.087879802,0.102849361,-0.475954407,0.869003192
7.115163927568410,-0.930273011,0.339034847,0.09158074,0.106115344,0.09158074,0.106115344,-0.471441282,0.870686864
7.115164491426492,-0.927833838,0.343588653,0.095393768,0.109413139,0.095393768,0.109413139,-0.466814905,0.872360381
7.115165068507688,-0.92529558,0.348213563,0.099321919,0.112741122,0.099321919,0.112741122,-0.462073077,0.874021202
7.115165659122097,-0.922654651,0.352909003,0.10336826,0.11609752,0.10336826,0.11609752,-0.457213624,0.875666641
7.115166263587086,-0.919907382,0.35767426,0.107535885,0.119480399,0.107535885,0.119480399,-0.452234401,0.877293856
7.115166882227469,-0.917050026,0.36250847,0.111827908,0.122887666,0.111827908,0.122887666,-0.447133302,0.878899849
7.115167515375674,-0.914078756,0.367410612,0.116247459,0.126317052,0.116247459,0.126317052,-0.441908266,0.880481464
7.115168163371925,-0.910989674,0.372379499,0.120797676,0.129766115,0.120797676,0.129766115,-0.436557289,0.882035376
7.115168826564429,-0.907778811,0.377413764,0.125481698,0.133232222,0.125481698,0.133232222,-0.431078427,0.883558092
7.115169505309551,-0.904442135,0.382511855,0.130302656,0.136712552,0.130302656,0.136712552,-0.425469813,0.885045946
7.115170199972021,-0.900975559,0.387672023,0.135263667,0.140204084,0.135263667,0.140204084,-0.419729664,0.886495097
7.115170910925119,-0.897374941,0.392892313,0.140367818,0.143703588,0.140367818,0.143703588,-0.413856291,0.887901525
7.115171638550877,-0.893636098,0.398170552,0.145618165,0.147207625,0.145618165,0.147207625,-0.407848113,0.889261027
7.115172383240289,-0.889754813,0.403504343,0.151017713,0.150712536,0.151017713,0.150712536,-0.401703669,0.89056922
7.115173145393515,-0.885726842,0.408891048,0.156569408,0.154214438,0.156569408,0.154214438,-0.395421629,0.891821537
7.115173925420105,-0.881547926,0.414327788,0.162276125,0.157709218,0.162276125,0.157709218,-0.389000812,0.893013226
7.115174723739206,-0.877213804,0.419811425,0.168140651,0.161192527,0.168140651,0.161192527,-0.382440195,0.894139351
7.115175540779801,-0.872720223,0.425338556,0.174165674,0.164659781,0.174165674,0.164659781,-0.37573893,0.895194795
7.115176376980929,-0.868062952,0.430905504,0.180353764,0.168106151,0.180353764,0.168106151,-0.368896362,0.896174261
7.115177232791927,-0.863237798,0.436508308,0.18670736,0.171526564,0.18670736,0.171526564,-0.36191204,0.897072274
7.115178108672668,-0.858240622,0.442142719,0.19322875,0.1749157,0.19322875,0.1749157,-0.354785737,0.897883188
7.115179005093811,-0.853067351,0.447804187,0.199920054,0.178267993,0.199920054,0.178267993,-0.347517464,0.898601188
7.115179922537052,-0.847714004,0.453487858,0.206783206,0.181577628,0.206783206,0.181577628,-0.34010749,0.899220304
7.115180861495384,-0.842176706,0.459188569,0.213819936,0.184838548,0.213819936,0.184838548,-0.332556355,0.899734408
7.115181822473358,-0.836451708,0.464900842,0.221031743,0.18804445,0.221031743,0.18804445,-0.324864892,0.900137235
7.115182805987361,-0.830535413,0.470618879,0.228419884,0.191188796,0.228419884,0.191188796,-0.31703424,0.900422389
7.115183812565890,-0.824424391,0.476336564,0.235985346,0.194264815,0.235985346,0.194264815,-0.309065865,0.900583353
7.115184842749832,-0.818115411,0.482047458,0.243728825,0.19726551,0.243728825,0.19726551,-0.300961575,0.90061351
7.115185897092761,-0.81160546,0.487744806,0.251650709,0.200183673,0.251650709,0.200183673,-0.292723535,0.900506155
7.115186976161235,-0.804891768,0.493421531,0.259751048,0.203011889,0.259751048,0.203011889,-0.284354287,0.900254514
7.115188080535095,-0.797971839,0.499070247,0.26802954,0.205742555,0.26802954,0.205742555,-0.275856764,0.899851764
7.115189210807780,-0.79084347,0.504683262,0.276485503,0.208367891,0.276485503,0.208367891,-0.267234301,0.899291054
7.115190367586648,-0.783504784,0.510252585,0.285117859,0.210879962,0.285117859,0.210879962,-0.258490655,0.89856553
7.115191551493300,-0.775954257,0.515769943,0.293925107,0.213270694,0.293925107,0.213270694,-0.249630012,0.897668358
7.115192763163912,-0.76819074,0.521226786,0.302905308,0.215531898,0.302905308,0.215531898,-0.240656998,0.896592754
7.115194003249582,-0.760213492,0.526614313,0.312056063,0.217655292,0.312056063,0.217655292,-0.231576693,0.895332007
7.115195272416674,-0.752022204,0.531923481,0.321374495,0.21963253,0.321374495,0.21963253,-0.222394632,0.893879518
7.115196571347182,-0.743617028,0.537145034,0.330857235,0.221455229,0.330857235,0.221455229,-0.213116814,0.892228824
7.115197900739091,-0.734998598,0.542269521,0.340500403,0.223114999,0.340500403,0.223114999,-0.203749703,0.890373635
7.115199261306755,-0.726168058,0.547287328,0.3502996,0.224603478,0.3502996,0.224603478,-0.194300229,0.888307867
7.115200000000001,-0.721371887,0.549916713,0.35558837,0.225324479,0.35558837,0.225324479,-0.18922897,0.887117898
7.115200653781282,-0.717127083,0.552188704,0.360249893,0.225912365,0.360249893,0.225912365,-0.184775786,0.886025679
7.115202078910924,-0.707877901,0.556963794,0.37034581,0.227033457,0.37034581,0.227033457,-0.175184224,0.883521507
7.115203537461482,-0.698423314,0.561602671,0.380581333,0.22795869,0.380581333,0.22795869,-0.165533846,0.880790103
7.115205030216711,-0.688766709,0.56609538,0.390949895,0.228680172,0.390949895,0.228680172,-0.155833389,0.87782657
7.115206557978754,-0.678912081,0.570431969,0.401444383,0.22919023,0.401444383,0.22919023,-0.146092016,0.874626401
7.115208121568557,-0.668864037,0.574602537,0.412057142,0.229481451,0.412057142,0.229481451,-0.136319292,0.871185513
7.115209721826324,-0.658627805,0.578597275,0.422779978,0.229546722,0.422779978,0.229546722,-0.126525167,0.867500286
7.115211359611960,-0.648209245,0.582406509,0.433604177,0.229379274,0.433604177,0.229379274,-0.116719945,0.863567596
7.115213035805536,-0.63761484,0.58602075,0.444520514,0.228972724,0.444520514,0.228972724,-0.106914262,0.859384847
7.115214751307763,-0.626851703,0.58943074,0.455519276,0.22832112,0.455519276,0.22832112,-0.097119049,0.854950007
7.115216507040472,-0.615927562,0.5926275,0.466590285,0.227418978,0.466590285,0.227418978,-0.087345495,0.850261635
7.115218303947115,-0.604850753,0.595602376,0.477722921,0.226261325,0.477722921,0.226261325,-0.077605013,0.845318907
7.115220142993268,-0.593630204,0.598347092,0.488906159,0.224843735,0.488906159,0.224843735,-0.067909195,0.840121641
7.115222025167149,-0.582275414,0.600853794,0.500128601,0.22316237,0.500128601,0.22316237,-0.058269771,0.834670319
7.115223951480154,-0.570796426,0.603115097,0.511378514,0.221214006,0.511378514,0.221214006,-0.048698555,0.828966101
7.115225922967395,-0.559203802,0.605124128,0.522643874,0.21899607,0.522643874,0.21899607,-0.039207405,0.823010843
7.115227940688258,-0.547508591,0.606874572,0.533912408,0.216506667,0.533912408,0.216506667,-0.029808164,0.816807103
7.115230005726976,-0.535722284,0.608360713,0.545171647,0.213744598,0.545171647,0.213744598,-0.020512616,0.810358144
7.115232119193206,-0.523856782,0.609577463,0.556408971,0.210709386,0.556408971,0.210709386,-0.011332426,0.803667937
7.115234282222629,-0.511924344,0.610520408,0.567611665,0.207401288,0.567611665,0.207401288,-2.28E-03,0.796741159
7.115236495977558,-0.499937544,0.611185829,0.578766974,0.203821306,0.578766974,0.203821306,0.006636117,0.789583176
7.115238761647563,-0.487909216,0.611570729,0.589862155,0.199971192,0.589862155,0.199971192,0.015402197,0.782200037
7.115241080450113,-0.475852404,0.611672859,0.600884538,0.195853453,0.600884538,0.195853453,0.024008477,0.774598448
7.115243453631227,-0.463780304,0.611490731,0.611821576,0.191471339,0.611821576,0.191471339,0.032444662,0.766785756
7.115245882466144,-0.451706207,0.611023631,0.622660909,0.186828842,0.622660909,0.186828842,0.040700881,0.758769913
7.115248368260007,-0.439643443,0.610271624,0.633390414,0.181930678,0.633390414,0.181930678,0.048767734,0.75055945
7.115250912348571,-0.427605321,0.609235558,0.643998258,0.176782264,0.643998258,0.176782264,0.056636331,0.742163438
7.115253516098911,-0.415605069,0.607917058,0.654472953,0.171389704,0.654472953,0.171389704,0.064298336,0.73359145
7.115256180910166,-0.403655779,0.606318519,0.664803408,0.165759751,0.664803408,0.165759751,0.071745998,0.724853513
7.115258908214281,-0.391770349,0.60444309,0.674978967,0.159899779,0.674978967,0.159899779,0.078972185,0.715960069
7.115261699476788,-0.379961428,0.602294656,0.684989462,0.153817746,0.684989462,0.153817746,0.085970408,0.706921919
7.115264556197583,-0.368241363,0.599877814,0.694825246,0.147522153,0.694825246,0.147522153,0.092734846,0.697750181
7.115267479911737,-0.356622148,0.597197845,0.704477233,0.141022,0.704477233,0.141022,0.099260365,0.688456228
7.115270472190321,-0.345115379,0.594260683,0.713936931,0.134326745,0.713936931,0.134326745,0.105542526,0.679051645
7.115273534641249,-0.333732208,0.591072876,0.723196461,0.127446248,0.723196461,0.127446248,0.111577596,0.66954817
7.115276668910142,-0.322483305,0.587641549,0.732248592,0.120390729,0.732248592,0.120390729,0.117362552,0.659957638
7.115279876681215,-0.311378817,0.583974361,0.741086748,0.113170712,0.741086748,0.113170712,0.122895079,0.650291938
7.115283159678175,-0.300428345,0.580079459,0.749705029,0.105796973,0.749705029,0.105796973,0.128173563,0.640562951
7.115286519665157,-0.289640909,0.575965437,0.758098215,0.098280492,0.758098215,0.098280492,0.133197083,0.630782503
7.115289958447666,-0.279024927,0.571641281,0.766261773,0.090632397,0.766261773,0.090632397,0.137965395,0.620962321
7.115293477873543,-0.268588198,0.567116322,0.774191855,0.082863918,0.774191855,0.082863918,0.142478913,0.611113979
7.115297079833970,-0.258337887,0.562400189,0.781885295,0.074986329,0.781885295,0.074986329,0.14673869,0.601248859
7.115300000000000,-0.250335871,0.558525773,0.787823954,0.068660984,0.787823954,0.068660984,0.14994147,0.593411024
7.115300766264474,-0.248280519,0.557502758,0.789339595,0.067010908,0.789339595,0.067010908,0.150746389,0.591378109
7.115304539145978,-0.238421967,0.552434099,0.796552918,0.058948887,0.796552918,0.058948887,0.154504261,0.581512604
7.115308400505852,-0.228767459,0.547204439,0.803524074,0.050811404,0.803524074,0.050811404,0.158015109,0.571662914
7.115312352419018,-0.219321576,0.541824098,0.810252493,0.042609468,0.810252493,0.042609468,0.161282258,0.561839265
7.115316397009054,-0.210088259,0.536303458,0.816738209,0.034353912,0.816738209,0.034353912,0.164309523,0.552051521
7.115320536449336,-0.20107082,0.530652908,0.822981832,0.026055363,0.822981832,0.026055363,0.167101171,0.54230915
7.115324772964213,-0.192271958,0.524882809,0.828984521,0.017724203,0.828984521,0.017724203,0.169661884,0.532621209
7.115329108830193,-0.183693773,0.519003453,0.834747957,0.009370543,0.834747957,0.009370543,0.171996725,0.522996327
7.115333546377173,-0.175337786,0.513025024,0.840274309,0.001004195,0.840274309,0.001004195,0.174111098,0.513442685
7.115338087989688,-0.16720496,0.506957563,0.845566207,-7.37E-03,0.845566207,-7.37E-03,0.176010713,0.50396801
7.115342736108195,-0.159295725,0.500810939,0.850626707,-0.01572896,0.850626707,-0.01572896,0.177701546,0.494579568
7.115347493230380,-0.15161,0.494594821,0.855459257,-0.024077844,0.855459257,-0.024077844,0.179189808,0.485284155
7.115352361912502,-0.144147224,0.488318644,0.860067666,-0.032403601,0.860067666,-0.032403601,0.180481903,0.476088099
7.115357344770771,-0.136906378,0.481991597,0.864456069,-0.040698215,0.864456069,-0.040698215,0.181584401,0.466997261
7.115362444482748,-0.129886018,0.475622592,0.868628896,-0.048954069,0.868628896,-0.048954069,0.182503997,0.458017037
7.115367663788782,-0.1230843,0.469220255,0.872590838,-0.057163948,0.872590838,-0.057163948,0.183247488,0.449152362
7.115373005493494,-0.116499014,0.462792904,0.876346816,-0.065321043,0.876346816,-0.065321043,0.183821734,0.440407722
7.115378472467271,-0.110127605,0.456348542,0.87990195,-0.073418954,0.87990195,-0.073418954,0.184233637,0.431787161
7.115384067647816,-0.103967211,0.449894842,0.88326153,-0.081451688,0.88326153,-0.081451688,0.18449011,0.423294293
7.115389794041723,-0.098014685,0.443439145,0.886430988,-0.089413655,0.886430988,-0.089413655,0.184598056,0.414932315
7.115395654726096,-0.092266624,0.436988451,0.889415867,-0.097299667,0.889415867,-0.097299667,0.184564338,0.406704021
7.115400000000000,-0.088215481,0.432307392,0.891472507,-0.102980372,0.891472507,-0.102980372,0.184454833,0.400809418
7.115401652850198,-0.086719397,0.430549415,0.892221801,-0.105104924,0.892221801,-0.105104924,0.184395766,0.398611814
7.115407791637148,-0.081369173,0.42412835,0.894854486,-0.112825015,0.894854486,-0.112825015,0.184099072,0.390657727
7.115414074385651,-0.076211942,0.417731222,0.897319659,-0.120455901,0.897319659,-0.120455901,0.183680894,0.382843436
7.115420504471769,-0.071243543,0.411363659,0.899623077,-0.12799391,0.899623077,-0.12799391,0.183147761,0.375170278
7.115427085350736,-0.066459685,0.405030946,0.901770496,-0.135435722,0.901770496,-0.135435722,0.182506077,0.367639266
7.115433820558818,-0.061855971,0.398738038,0.903767654,-0.14277836,0.903767654,-0.14277836,0.181762111,0.360251112
7.115440713715206,-0.057427916,0.39248956,0.905620252,-0.150019175,0.905620252,-0.150019175,0.180921984,0.353006237
7.115447768523971,-0.053170968,0.386289818,0.907333941,-0.157155834,0.907333941,-0.157155834,0.179991661,0.345904796
7.115454988776045,-0.049080528,0.380142805,0.908914307,-0.164186303,0.908914307,-0.164186303,0.178976942,0.338946689
7.115462378351260,-0.045151965,0.374052211,0.91036686,-0.171108839,0.91036686,-0.171108839,0.177883455,0.332131582
7.115469941220439,-0.04138063,0.368021429,0.911697019,-0.177921972,0.911697019,-0.177921972,0.176716655,0.325458922
7.115477681447521,-0.037761875,0.362053572,0.912910106,-0.184624491,0.912910106,-0.184624491,0.175481813,0.318927954
7.115485603191752,-0.034291065,0.356151474,0.914011338,-0.191215432,0.914011338,-0.191215432,0.17418402,0.312537736
7.115493710709917,-0.030963587,0.350317709,0.915005813,-0.197694059,0.915005813,-0.197694059,0.17282818,0.306287156
7.115500000000001,-0.0285275,0.345930735,0.915693353,-0.202542874,0.915693353,-0.202542874,0.171761718,0.301628852
7.115502008358625,-0.027774865,0.344554596,0.915898513,-0.204059859,0.915898513,-0.204059859,0.171419011,0.300174943
7.115510500596654,-0.024720369,0.338864214,0.916694291,-0.210312521,0.916694291,-0.210312521,0.169961046,0.294199688
7.115519191987347,-0.021795623,0.333248409,0.91739787,-0.216451923,0.91739787,-0.216451923,0.168458629,0.28835985
7.115528087201060,-0.018996214,0.32770881,0.918013837,-0.222478124,0.918013837,-0.222478124,0.166915924,0.282653771
7.115537191017675,-0.0163178,0.322246834,0.918546646,-0.228391349,0.918546646,-0.228391349,0.165336909,0.277079694
7.115546508329169,-0.013756113,0.316863703,0.919000612,-0.234191977,0.919000612,-0.234191977,0.163725385,0.271635769
7.115556044142239,-0.011306969,0.311560449,0.91937991,-0.239880526,0.91937991,-0.239880526,0.162084974,0.266320063
7.115565803580996,-8.97E-03,0.30633793,0.919688573,-0.245457649,0.919688573,-0.245457649,0.160419124,0.261130574
7.115575791889719,-6.73E-03,0.301196836,0.919930494,-0.250924116,0.919930494,-0.250924116,0.158731114,0.256065241
7.115586014435666,-4.59E-03,0.2961377,0.920109427,-0.25628081,0.920109427,-0.25628081,0.157024058,0.25112195
7.115596476711972,-2.56E-03,0.291160909,0.920228987,-0.261528711,0.920228987,-0.261528711,0.155300908,0.246298544
7.115600000000001,-1.90E-03,0.289528781,0.920256126,-0.263245131,0.920256126,-0.263245131,0.154726424,0.244725147
7.115607184340583,-6.09E-04,0.286266712,0.920292651,-0.266668893,0.920292651,-0.266668893,0.153564456,0.241592831
7.115618143075293,0.001247543,0.28145523,0.92030376,-0.27170251,0.92030376,-0.27170251,0.151817346,0.237002593
7.115629358804823,0.003018403,0.276726465,0.920265522,-0.27663079,0.920265522,-0.27663079,0.150062071,0.232525591
7.115640837555998,0.004706841,0.272080305,0.920181012,-0.281455029,0.920181012,-0.281455029,0.148300985,0.228159571
7.115652585496974,0.006316174,0.267516537,0.920053179,-0.286176578,0.920053179,-0.286176578,0.1465363,0.223902273
7.115664608940559,0.007849616,0.263034854,0.919884843,-0.290796842,0.919884843,-0.290796842,0.144770097,0.219751429
7.115676914347603,0.009310282,0.258634858,0.919678704,-0.295317271,0.919678704,-0.295317271,0.14300433,0.215704779
7.115689508330470,0.010701184,0.254316072,0.919437341,-0.299739353,0.919437341,-0.299739353,0.141240829,0.211760064
7.115700000000000,0.011786145,0.250852879,0.919216083,-0.303274791,0.919216083,-0.303274791,0.139805165,0.20861618
7.115702397656592,0.012025237,0.250077944,0.919163215,-0.304064609,0.919163215,-0.304064609,0.139481307,0.207915039
7.115715589252106,0.013285256,0.245919853,0.918858674,-0.308294589,0.918858674,-0.308294589,0.137727363,0.204167472
7.115729090205574,0.01448396,0.241841116,0.918525958,-0.312430864,0.918525958,-0.312430864,0.135980489,0.20051515
7.115742907771791,0.015623972,0.237840993,0.918167199,-0.316475026,0.918167199,-0.316475026,0.134242073,0.196955878
7.115757049375689,0.016707823,0.233918696,0.917784426,-0.320428677,0.917784426,-0.320428677,0.132513404,0.193487488
7.115771522616321,0.017737951,0.230073386,0.917379568,-0.324293432,0.917379568,-0.324293432,0.130795677,0.190107833
7.115786335270943,0.018716704,0.226304187,0.916954459,-0.328070912,0.916954459,-0.328070912,0.129089997,0.186814799
7.115800000000000,0.019557703,0.222967471,0.916554909,-0.331406107,0.916554909,-0.331406107,0.127561998,0.183915815
7.115801495299205,0.019646344,0.222610184,0.916510839,-0.33176274,0.916510839,-0.33176274,0.127397384,0.183606297
7.115817010847411,0.020529045,0.218990429,0.91605036,-0.33537054,0.91605036,-0.33537054,0.125718777,0.180480273
7.115832890252910,0.021366901,0.215443946,0.915574586,-0.338895932,0.915574586,-0.338895932,0.124055035,0.177434703
7.115849142048572,0.022161922,0.211969735,0.915085001,-0.34234053,0.915085001,-0.34234053,0.122406947,0.174467597
7.115865774967370,0.02291604,0.208566772,0.914583007,-0.345705943,0.914583007,-0.345705943,0.120775231,0.171577003
7.115882797947075,0.023631111,0.205234018,0.914069932,-0.348993767,0.914069932,-0.348993767,0.119160539,0.168761001
7.115900000000001,0.024300673,0.202010761,0.913553618,-0.352165928,0.913553618,-0.352165928,0.117583299,0.166051537
7.115900220135059,0.024308918,0.201970415,0.913547031,-0.352205588,0.913547031,-0.352205588,0.11756346,0.166017709
7.115918050893215,0.024951168,0.198774894,0.913015486,-0.355342977,0.913015486,-0.355342977,0.115984525,0.163345282
7.115936299802976,0.025559502,0.195646376,0.912476416,-0.358407491,0.912476416,-0.358407491,0.114424209,0.160741912
7.115954976670475,0.026135493,0.192583775,0.911930872,-0.361400669,0.911930872,-0.361400669,0.112882935,0.158205827
7.115974091531809,0.026680647,0.189585998,0.911379847,-0.364324035,0.911379847,-0.364324035,0.111361074,0.155735297
7.115993654658433,0.027196409,0.186651951,0.910824275,-0.36717909,0.910824275,-0.36717909,0.109858954,0.153328624
7.116000000000001,0.027355195,0.185727962,0.910645991,-0.368076945,0.910645991,-0.368076945,0.109383329,0.152573032
7.116013676562678,0.027684162,0.183780536,0.910265031,-0.369967319,0.910265031,-0.369967319,0.108376855,0.150984152
7.116034168003403,0.028145232,0.180970657,0.90970294,-0.372690183,0.90970294,-0.372690183,0.106915018,0.148700261
7.116055139991774,0.028580885,0.178221218,0.909138774,-0.375349125,0.909138774,-0.375349125,0.105473646,0.146475367
7.116076603797181,0.028992336,0.175531129,0.908573259,-0.377945563,0.908573259,-0.377945563,0.104052903,0.144307926
7.116098570953293,0.029380747,0.172899303,0.908007073,-0.380480893,0.908007073,-0.380480893,0.10265292,0.142196429
7.116100000000000,0.029404944,0.172732155,0.907970683,-0.38064175,0.907970683,-0.38064175,0.102563672,0.142062627
7.116121053264258,0.029747227,0.17032466,0.907440849,-0.382956489,0.907440849,-0.382956489,0.101273796,0.140139403
7.116144062811046,0.03009284,0.167806124,0.90687518,-0.385373701,0.90687518,-0.385373701,0.099915601,0.138135411
7.116167611957938,0.0304186,0.165342632,0.906310618,-0.387733856,0.906310618,-0.387733856,0.098578375,0.136183053
7.116191713359171,0.030725478,0.162933126,0.90574768,-0.390038257,0.90574768,-0.390038257,0.097262133,0.134280962
7.116200000000000,0.030825255,0.162129463,0.905557557,-0.390805977,0.905557557,-0.390805977,0.096821289,0.133648185
7.116216379965738,0.031014401,0.160576559,0.905186843,-0.392288181,0.905186843,-0.392288181,0.095966867,0.132427806
7.116241625032350,0.031286257,0.158271895,0.904628552,-0.394484884,0.904628552,-0.394484884,0.094692544,0.130622287
7.116267462124554,0.031541889,0.156018109,0.90407322,-0.396629595,0.90407322,-0.396629595,0.093439111,0.128863141
7.116293905126025,0.031782108,0.153814188,0.903521229,-0.398723523,0.903521229,-0.398723523,0.092206495,0.127149135
7.116300000000001,0.031834626,0.153320217,0.903396298,-0.399192389,0.903396298,-0.399192389,0.091929289,0.126765813
7.116320968246026,0.032007683,0.15165913,0.902972932,-0.400767848,0.902972932,-0.400767848,0.090994607,0.12547907
7.116348666027043,0.032219353,0.149551948,0.902428654,-0.40276373,0.902428654,-0.40276373,0.089803338,0.123851777
7.116377013352601,0.032417818,0.147491667,0.901888694,-0.404712304,0.901888694,-0.404712304,0.088632567,0.122266118
7.116400000000001,0.03256648,0.145888146,0.901463111,-0.406226914,0.901463111,-0.406226914,0.08771724,0.121035698
7.116406025455259,0.03260375,0.145477324,0.901353326,-0.40661468,0.901353326,-0.40661468,0.087482155,0.120720985
7.116435717924800,0.032777789,0.143507973,0.900822802,-0.408471947,0.900822802,-0.408471947,0.086351953,0.1192153
7.116466106716600,0.032940543,0.141582679,0.900297351,-0.41028517,0.900297351,-0.41028517,0.085241799,0.117748014
7.116497208160212,0.033092596,0.139700524,0.899777181,-0.41205539,0.899777181,-0.41205539,0.084151519,0.116318104
7.116500000000000,0.033105577,0.139535737,0.899731334,-0.412210266,0.899731334,-0.412210266,0.084055828,0.116193124
7.116529038968133,0.033234501,0.137860603,0.899262481,-0.413783627,0.899262481,-0.413783627,0.083080932,0.114924578
7.116561616244788,0.033366788,0.136062025,0.898753421,-0.415470877,0.898753421,-0.415470877,0.082029844,0.113566469
7.116594957495718,0.033489959,0.134303916,0.898250154,-0.417118116,0.898250154,-0.417118116,0.080998055,0.112242834
7.116600000000000,0.03350759,0.134044951,0.898175551,-0.41736058,0.898175551,-0.41736058,0.080845711,0.112048193
7.116629080636993,0.033604496,0.132585414,0.897752815,-0.418726297,0.897752815,-0.418726297,0.079985357,0.11095276
7.116664004004831,0.033710855,0.130905673,0.897261524,-0.420296351,0.897261524,-0.420296351,0.078991537,0.109695357
7.116699746365458,0.033809473,0.129263862,0.896776389,-0.42182919,0.896776389,-0.42182919,0.078016373,0.108469757
7.116700000000001,0.033810138,0.129252479,0.896773008,-0.421839812,0.896773008,-0.421839812,0.078009598,0.108461271
7.116736326925189,0.033900763,0.127659165,0.896297501,-0.423325703,0.896297501,-0.423325703,0.07705964,0.107275119
7.116773765340747,0.033985122,0.126090781,0.895824939,-0.42478676,0.895824939,-0.42478676,0.076121107,0.106110623
7.116800000000000,0.034039269,0.125033659,0.895503906,-0.425770658,0.895503906,-0.425770658,0.075486596,0.105327464
7.116812081729831,0.034062924,0.124557921,0.89535877,-0.426213212,0.89535877,-0.426213212,0.075200541,0.104975474
7.116851296681920,0.03413453,0.123059814,0.89489905,-0.427605887,0.89489905,-0.427605887,0.074297703,0.103868895
7.116891431269342,0.034200278,0.121595703,0.894445823,-0.428965598,0.894445823,-0.428965598,0.073412351,0.102790134
7.116900000000000,0.034213404,0.121291725,0.894351236,-0.429247732,0.894351236,-0.429247732,0.073228164,0.102566498
7.116932507058594,0.034260494,0.120164843,0.893999125,-0.430293136,0.893999125,-0.430293136,0.072544244,0.101738457
7.116974546121930,0.034315485,0.118766506,0.893558981,-0.431589275,0.893558981,-0.431589275,0.071693134,0.100713152
7.117000000000001,0.034345818,0.117950446,0.893300471,-0.432345137,0.893300471,-0.432345137,0.071195185,0.100115918
7.117017571049226,0.034365546,0.117399976,0.893125408,-0.43285477,0.893125408,-0.43285477,0.070858776,0.099713526
7.117061604960117,0.034410955,0.116064554,0.892698414,-0.434090359,0.892698414,-0.434090359,0.07004092,0.098738905
7.117100000000001,0.03444623,0.114948966,0.892339214,-0.435121722,0.892339214,-0.435121722,0.069355812,0.097926429
7.117106671516417,0.034451978,0.114759551,0.892278,-0.435296762,0.892278,-0.435296762,0.069239318,0.097788633
7.117152794934840,0.034488867,0.113484296,0.89186416,-0.436474682,0.89186416,-0.436474682,0.068453719,0.096862074
7.117200000000000,0.034521862,0.112238127,0.89145688,-0.437624805,0.89145688,-0.437624805,0.067683873,0.095958607
7.117300000000000,0.034578152,0.109777794,0.890644405,-0.43989286,0.890644405,-0.43989286,0.066157674,0.09418056
7.117400000000001,0.034619237,0.107534877,0.889894004,-0.441957484,0.889894004,-0.441957484,0.064759086,0.092566214
7.117500000000001,0.034648303,0.105481859,0.889198969,-0.443844866,0.889198969,-0.443844866,0.063472849,0.091094046
7.117600000000000,0.03466782,0.103595666,0.888553494,-0.445576894,0.888553494,-0.445576894,0.062286029,0.089746139
7.117700000000000,0.034679725,0.101856812,0.887952537,-0.447172001,0.887952537,-0.447172001,0.061187595,0.088507455
7.117800000000001,0.034685544,0.100248725,0.887391702,-0.448645821,0.887391702,-0.448645821,0.06016808,0.087365283
7.117900000000001,0.034686489,0.098757226,0.886867142,-0.450011701,0.886867142,-0.450011701,0.059219319,0.086308807
7.118000000000000,0.034683529,0.097370108,0.886375476,-0.451281099,0.886375476,-0.451281099,0.058334228,0.085328764
7.118100000000000,0.034677443,0.096076812,0.885913725,-0.452463912,0.885913725,-0.452463912,0.057506637,0.084417175
7.118200000000001,0.034668858,0.094868151,0.885479255,-0.45356873,0.885479255,-0.45356873,0.056731145,0.083567136
7.118300000000001,0.034658283,0.0937361,0.885069726,-0.454603044,0.885069726,-0.454603044,0.056003004,0.082772634
7.118400000000000,0.034646134,0.092673614,0.884683055,-0.455573417,0.884683055,-0.455573417,0.055318025,0.082028417
7.118500000000000,0.034632749,0.091674487,0.884317384,-0.456485625,0.884317384,-0.456485625,0.054672495,0.081329872
7.118600000000001,0.034618405,0.090733227,0.883971047,-0.457344767,0.883971047,-0.457344767,0.054063118,0.080672933
7.118700000000000,0.034603328,0.089844959,0.883642548,-0.458155366,0.883642548,-0.458155366,0.05348695,0.080054
7.118800000000000,0.034587707,0.089005339,0.883330542,-0.458921446,0.883330542,-0.458921446,0.05294136,0.079469878
7.118900000000000,0.034571695,0.088210486,0.883033813,-0.459646596,0.883033813,-0.459646596,0.052423986,0.078917719
7.119000000000001,0.034555419,0.087456919,0.88275126,-0.460334034,0.88275126,-0.460334034,0.051932702,0.078394977
7.119100000000000,0.034538984,0.086741508,0.882481887,-0.460986648,0.882481887,-0.460986648,0.051465591,0.077899368
7.119200000000000,0.034522475,0.086061433,0.882224785,-0.461607038,0.882224785,-0.461607038,0.051020917,0.077428838
7.119300000000001,0.034505963,0.085414142,0.88197913,-0.462197552,0.88197913,-0.462197552,0.050597109,0.076981536
7.119400000000001,0.034489507,0.084797326,0.881744166,-0.462760319,0.881744166,-0.462760319,0.050192735,0.076555788
7.119500000000000,0.034473153,0.084208884,0.881519205,-0.463297266,0.881519205,-0.463297266,0.049806495,0.076150076
7.119600000000000,0.034456942,0.083646906,0.881303614,-0.463810149,0.881303614,-0.463810149,0.049437198,0.075763021
7.119700000000001,0.034440903,0.083109648,0.881096813,-0.464300567,0.881096813,-0.464300567,0.049083757,0.07539337
7.119800000000001,0.034425064,0.082595516,0.880898268,-0.464769983,0.880898268,-0.464769983,0.048745176,0.075039975
7.119900000000000,0.034409443,0.08210305,0.880707488,-0.465219733,0.880707488,-0.465219733,0.04842054,0.07470179
7.120000000000000,0.034394057,0.08163091,0.880524019,-0.465651045,0.880524019,-0.465651045,0.048109007,0.074377856
7.120100000000001,0.034378917,0.081177864,0.880347442,-0.466065044,0.880347442,-0.466065044,0.047809801,0.074067292
7.120200000000001,0.034364034,0.080742778,0.88017737,-0.466462769,0.88017737,-0.466462769,0.047522207,0.073769289
7.120300000000000,0.034349413,0.080324604,0.880013442,-0.466845175,0.880013442,-0.466845175,0.047245564,0.0734831
7.120400000000000,0.03433506,0.079922377,0.879855326,-0.467213145,0.879855326,-0.467213145,0.04697926,0.073208038
7.120500000000001,0.034320977,0.0795352,0.879702711,-0.467567496,0.879702711,-0.467567496,0.046722725,0.072943466
7.120600000000000,0.034307165,0.079162244,0.879555308,-0.467908984,0.879555308,-0.467908984,0.046475435,0.072688798
7.120700000000000,0.034293625,0.07880274,0.87941285,-0.468238309,0.87941285,-0.468238309,0.046236898,0.072443486
7.120800000000000,0.034280355,0.078455973,0.879275085,-0.468556125,0.879275085,-0.468556125,0.046006658,0.072207026
7.120900000000001,0.034267353,0.078121276,0.879141779,-0.468863036,0.879141779,-0.468863036,0.045784292,0.071978946
7.121000000000000,0.034254617,0.07779803,0.879012714,-0.469159607,0.879012714,-0.469159607,0.045569402,0.07175881
7.121100000000000,0.034242145,0.077485655,0.878887683,-0.469446364,0.878887683,-0.469446364,0.045361617,0.071546209
7.121200000000001,0.034229931,0.077183613,0.878766496,-0.469723798,0.878766496,-0.469723798,0.045160592,0.071340762
7.121300000000001,0.034217973,0.076891396,0.878648973,-0.469992368,0.878648973,-0.469992368,0.044966001,0.071142115
7.121400000000000,0.034206265,0.076608533,0.878534943,-0.470252504,0.878534943,-0.470252504,0.044777541,0.070949934
7.121500000000000,0.034194805,0.07633458,0.878424249,-0.470504608,0.878424249,-0.470504608,0.044594926,0.070763909
7.121600000000001,0.034183585,0.076069122,0.87831674,-0.470749058,0.87831674,-0.470749058,0.044417889,0.070583748
7.121700000000001,0.034172603,0.075811767,0.878212277,-0.470986206,0.878212277,-0.470986206,0.044246177,0.070409178
7.121800000000000,0.034161853,0.075562148,0.878110725,-0.471216387,0.878110725,-0.471216387,0.044079554,0.070239942
7.121900000000000,0.03415133,0.075319922,0.878011961,-0.471439913,0.878011961,-0.471439913,0.043917796,0.070075797
7.122000000000001,0.034141029,0.075084761,0.877915867,-0.471657078,0.877915867,-0.471657078,0.043760693,0.069916518
7.122100000000001,0.034130945,0.074856361,0.87782233,-0.471868161,0.87782233,-0.471868161,0.043608045,0.06976189
7.122200000000000,0.034121074,0.074634432,0.877731245,-0.472073422,0.877731245,-0.472073422,0.043459666,0.069611712
7.122300000000000,0.034111409,0.0744187,0.877642513,-0.472273109,0.877642513,-0.472273109,0.043315379,0.069465793
7.122400000000001,0.034101947,0.074208909,0.877556038,-0.472467454,0.877556038,-0.472467454,0.043175016,0.069323954
7.122500000000000,0.034092682,0.074004814,0.877471732,-0.472656679,0.877471732,-0.472656679,0.043038417,0.069186025
7.122600000000000,0.03408361,0.073806184,0.877389509,-0.472840992,0.877389509,-0.472840992,0.042905434,0.069051845
7.122700000000000,0.034074726,0.073612801,0.877309289,-0.473020591,0.877309289,-0.473020591,0.042775923,0.068921263
7.122800000000001,0.034066026,0.073424458,0.877230996,-0.473195663,0.877230996,-0.473195663,0.042649749,0.068794135
7.122900000000000,0.034057505,0.073240959,0.877154556,-0.473366385,0.877154556,-0.473366385,0.042526785,0.068670325
7.123000000000000,0.034049158,0.073062116,0.8770799,-0.473532925,0.8770799,-0.473532925,0.042406908,0.068549703
7.123100000000001,0.034040981,0.072887752,0.877006963,-0.473695444,0.877006963,-0.473695444,0.042290002,0.068432146
7.123200000000001,0.034032971,0.072717701,0.876935683,-0.473854093,0.876935683,-0.473854093,0.042175958,0.068317539
7.123300000000000,0.034025123,0.0725518,0.876865999,-0.474009017,0.876865999,-0.474009017,0.042064671,0.068205769
7.123400000000000,0.034017432,0.072389899,0.876797854,-0.474160353,0.876797854,-0.474160353,0.041956041,0.068096733
7.123500000000001,0.034009895,0.072231851,0.876731195,-0.474308232,0.876731195,-0.474308232,0.041849972,0.06799033
7.123600000000001,0.034002509,0.07207752,0.876665969,-0.474452778,0.876665969,-0.474452778,0.041746375,0.067886463
7.123700000000000,0.033995269,0.071926772,0.876602128,-0.47459411,0.876602128,-0.47459411,0.041645163,0.067785043
7.123800000000000,0.033988172,0.071779484,0.876539625,-0.474732342,0.876539625,-0.474732342,0.041546253,0.067685983
7.123900000000001,0.033981214,0.071635534,0.876478413,-0.474867581,0.876478413,-0.474867581,0.041449566,0.067589199
7.124000000000001,0.033974392,0.071494808,0.87641845,-0.47499993,0.87641845,-0.47499993,0.041355027,0.067494614
7.124100000000000,0.033967703,0.071357198,0.876359695,-0.475129488,0.876359695,-0.475129488,0.041262565,0.067402151
7.124200000000000,0.033961142,0.071222597,0.876302108,-0.475256349,0.876302108,-0.475256349,0.04117211,0.067311739
7.124300000000001,0.033954708,0.071090908,0.876245652,-0.475380603,0.876245652,-0.475380603,0.041083597,0.067223309
7.124400000000001,0.033948397,0.070962033,0.87619029,-0.475502336,0.87619029,-0.475502336,0.040996962,0.067136796
7.124500000000000,0.033942206,0.070835881,0.876135988,-0.47562163,0.876135988,-0.47562163,0.040912145,0.067052135
7.124600000000000,0.033936132,0.070712365,0.876082712,-0.475738564,0.876082712,-0.475738564,0.040829088,0.066969267
7.124700000000001,0.033930173,0.070591401,0.876030431,-0.475853214,0.876030431,-0.475853214,0.040747737,0.066888135
7.124800000000000,0.033924324,0.070472908,0.875979113,-0.475965653,0.875979113,-0.475965653,0.040668036,0.066808683
7.124900000000000,0.033918585,0.070356809,0.87592873,-0.476075948,0.87592873,-0.476075948,0.040589937,0.066730858
7.125000000000000,0.033912952,0.070243029,0.875879254,-0.476184168,0.875879254,-0.476184168,0.040513389,0.066654608
7.125100000000001,0.033907424,0.070131518,0.875830662,-0.476290356,0.875830662,-0.476290356,0.040438358,0.066579899
7.125200000000000,0.033901998,0.070022225,0.875782939,-0.476394558,0.875782939,-0.476394558,0.040364813,0.066506696
7.125300000000000,0.033896674,0.069915086,0.875736061,-0.476496833,0.875736061,-0.476496833,0.040292711,0.066434954
7.125400000000001,0.033891449,0.069810037,0.875690003,-0.476597236,0.875690003,-0.476597236,0.040222009,0.06636463
7.125500000000001,0.03388632,0.069707018,0.875644742,-0.476695823,0.875644742,-0.476695823,0.040152668,0.066295683
7.125600000000000,0.033881285,0.069605971,0.875600256,-0.476792645,0.875600256,-0.476792645,0.040084649,0.066228072
7.125700000000000,0.033876343,0.069506839,0.875556523,-0.476887753,0.875556523,-0.476887753,0.040017914,0.066161759
7.125800000000001,0.03387149,0.069409569,0.875513522,-0.476981196,0.875513522,-0.476981196,0.039952428,0.066096708
7.125900000000001,0.033866726,0.069314109,0.875471234,-0.47707302,0.875471234,-0.47707302,0.039888157,0.066032882
7.126000000000000,0.033862048,0.069220408,0.875429639,-0.477163271,0.875429639,-0.477163271,0.039825066,0.065970248
7.126100000000000,0.033857454,0.069128419,0.875388719,-0.47725199,0.875388719,-0.47725199,0.039763125,0.065908773
7.126200000000001,0.033852942,0.069038094,0.875348456,-0.477339221,0.875348456,-0.477339221,0.039702303,0.065848424
7.126300000000001,0.033848512,0.06894939,0.875308832,-0.477425002,0.875308832,-0.477425002,0.039642568,0.065789172
7.126400000000000,0.03384416,0.068862263,0.875269832,-0.477509374,0.875269832,-0.477509374,0.039583894,0.065730986
7.126500000000000,0.033839885,0.068776671,0.875231438,-0.477592373,0.875231438,-0.477592373,0.039526251,0.065673839
7.126600000000001,0.033835686,0.068692574,0.875193635,-0.477674035,0.875193635,-0.477674035,0.039469614,0.065617703
7.126700000000000,0.033831561,0.068609934,0.875156408,-0.477754396,0.875156408,-0.477754396,0.039413957,0.065562551
7.126800000000000,0.033827508,0.068528712,0.875119744,-0.477833488,0.875119744,-0.477833488,0.039359253,0.065508358
7.126900000000000,0.033823526,0.068448873,0.875083627,-0.477911345,0.875083627,-0.477911345,0.03930548,0.0654551
7.127000000000001,0.033819613,0.068370382,0.875048044,-0.477987998,0.875048044,-0.477987998,0.039252614,0.065402751
7.127100000000000,0.033815769,0.068293204,0.875012982,-0.478063477,0.875012982,-0.478063477,0.039200633,0.06535129
7.127200000000000,0.033811991,0.068217307,0.874978428,-0.478137811,0.874978428,-0.478137811,0.039149514,0.065300694
7.127300000000001,0.033808278,0.06814266,0.87494437,-0.478211029,0.87494437,-0.478211029,0.039099237,0.065250941
7.127400000000001,0.033804629,0.068069231,0.874910797,-0.478283157,0.874910797,-0.478283157,0.039049781,0.065202011
7.127500000000000,0.033801042,0.067996992,0.874877696,-0.478354224,0.874877696,-0.478354224,0.039001126,0.065153884
7.127600000000000,0.033797517,0.067925913,0.874845056,-0.478424254,0.874845056,-0.478424254,0.038953254,0.065106539
7.127700000000001,0.033794052,0.067855967,0.874812868,-0.478493272,0.874812868,-0.478493272,0.038906145,0.065059959
7.127800000000001,0.033790646,0.067787127,0.874781119,-0.478561302,0.874781119,-0.478561302,0.038859782,0.065014124
7.127900000000000,0.033787297,0.067719367,0.8747498,-0.478628368,0.8747498,-0.478628368,0.038814147,0.064969018
7.128000000000000,0.033784005,0.067652661,0.874718902,-0.478694492,0.874718902,-0.478694492,0.038769224,0.064924622
7.128100000000001,0.033780769,0.067586986,0.874688414,-0.478759696,0.874688414,-0.478759696,0.038724996,0.064880921
7.128200000000001,0.033777586,0.067522317,0.874658327,-0.478824002,0.874658327,-0.478824002,0.038681447,0.064837899
7.128300000000000,0.033774457,0.067458633,0.874628633,-0.478887429,0.874628633,-0.478887429,0.038638563,0.064795539
7.128400000000000,0.033771381,0.067395909,0.874599322,-0.478949997,0.874599322,-0.478949997,0.038596327,0.064753827
7.128500000000001,0.033768356,0.067334125,0.874570387,-0.479011727,0.874570387,-0.479011727,0.038554726,0.064712747
7.128600000000000,0.03376538,0.06727326,0.874541819,-0.479072637,0.874541819,-0.479072637,0.038513745,0.064672287
7.128700000000000,0.033762455,0.067213294,0.874513609,-0.479132744,0.874513609,-0.479132744,0.038473372,0.064632431
7.128800000000000,0.033759577,0.067154206,0.874485751,-0.479192068,0.874485751,-0.479192068,0.038433592,0.064593167
7.128900000000001,0.033756748,0.067095977,0.874458237,-0.479250624,0.874458237,-0.479250624,0.038394393,0.064554481
7.129000000000000,0.033753964,0.06703859,0.874431059,-0.47930843,0.874431059,-0.47930843,0.038355763,0.064516361
7.129100000000000,0.033751227,0.066982025,0.874404211,-0.479365501,0.874404211,-0.479365501,0.038317688,0.064478795
7.129200000000001,0.033748534,0.066926266,0.874377685,-0.479421854,0.874377685,-0.479421854,0.038280158,0.06444177
7.129300000000001,0.033745886,0.066871295,0.874351475,-0.479477503,0.874351475,-0.479477503,0.038243161,0.064405276
7.129400000000000,0.033743281,0.066817095,0.874325573,-0.479532464,0.874325573,-0.479532464,0.038206686,0.064369301
7.129500000000000,0.033740718,0.066763651,0.874299975,-0.479586751,0.874299975,-0.479586751,0.038170723,0.064333833
7.129600000000001,0.033738197,0.066710947,0.874274674,-0.479640378,0.874274674,-0.479640378,0.038135259,0.064298863
7.129700000000001,0.033735717,0.066658967,0.874249663,-0.479693359,0.874249663,-0.479693359,0.038100286,0.06426438
7.129800000000000,0.033733277,0.066607697,0.874224936,-0.479745706,0.874224936,-0.479745706,0.038065793,0.064230374
7.129900000000000,0.033730877,0.066557122,0.874200489,-0.479797433,0.874200489,-0.479797433,0.038031771,0.064196835
7.130000000000001,0.033728516,0.066507228,0.874176316,-0.479848553,0.874176316,-0.479848553,0.03799821,0.064163754
7.130100000000001,0.033726192,0.066458002,0.874152411,-0.479899077,0.874152411,-0.479899077,0.037965101,0.064131121
7.130200000000000,0.033723906,0.06640943,0.874128768,-0.479949017,0.874128768,-0.479949017,0.037932435,0.064098927
7.130300000000000,0.033721657,0.066361499,0.874105384,-0.479998386,0.874105384,-0.479998386,0.037900204,0.064067165
7.130400000000001,0.033719445,0.066314197,0.874082252,-0.480047194,0.874082252,-0.480047194,0.037868398,0.064035824
7.130500000000001,0.033717267,0.066267511,0.874059368,-0.480095452,0.874059368,-0.480095452,0.03783701,0.064004897
7.130600000000000,0.033715125,0.066221429,0.874036728,-0.480143171,0.874036728,-0.480143171,0.037806032,0.063974376
7.130700000000000,0.033713017,0.066175941,0.874014326,-0.480190362,0.874014326,-0.480190362,0.037775455,0.063944253
7.130800000000001,0.033710943,0.066131033,0.873992158,-0.480237034,0.873992158,-0.480237034,0.037745272,0.06391452
7.130900000000000,0.033708902,0.066086696,0.87397022,-0.480283198,0.87397022,-0.480283198,0.037715476,0.06388517
7.131000000000000,0.033706893,0.066042918,0.873948507,-0.480328862,0.873948507,-0.480328862,0.037686059,0.063856195
7.131100000000001,0.033704917,0.06599969,0.873927016,-0.480374038,0.873927016,-0.480374038,0.037657015,0.063827589
7.131200000000001,0.033702972,0.065957,0.873905742,-0.480418733,0.873905742,-0.480418733,0.037628336,0.063799343
7.131300000000000,0.033701059,0.065914838,0.873884681,-0.480462956,0.873884681,-0.480462956,0.037600015,0.063771453
7.131400000000000,0.033699176,0.065873196,0.873863829,-0.480506717,0.873863829,-0.480506717,0.037572046,0.06374391
7.131500000000001,0.033697323,0.065832063,0.873843183,-0.480550024,0.873843183,-0.480550024,0.037544423,0.063716709
7.131600000000001,0.033695499,0.06579143,0.873822739,-0.480592885,0.873822739,-0.480592885,0.03751714,0.063689843
7.131700000000000,0.033693704,0.065751288,0.873802493,-0.480635308,0.873802493,-0.480635308,0.037490189,0.063663307
7.131800000000000,0.033691939,0.065711628,0.873782442,-0.480677302,0.873782442,-0.480677302,0.037463566,0.063637093
7.131900000000001,0.033690201,0.065672441,0.873762582,-0.480718873,0.873762582,-0.480718873,0.037437265,0.063611197
7.132000000000001,0.033688491,0.06563372,0.87374291,-0.480760029,0.87374291,-0.480760029,0.037411279,0.063585613
7.132100000000000,0.033686808,0.065595456,0.873723423,-0.480800779,0.873723423,-0.480800779,0.037385603,0.063560335
7.132200000000000,0.033685152,0.06555764,0.873704117,-0.480841128,0.873704117,-0.480841128,0.037360232,0.063535357
7.132300000000001,0.033683522,0.065520266,0.87368499,-0.480881084,0.87368499,-0.480881084,0.037335161,0.063510675
7.132400000000001,0.033681919,0.065483325,0.873666038,-0.480920654,0.873666038,-0.480920654,0.037310384,0.063486284
7.132500000000000,0.03368034,0.065446809,0.873647258,-0.480959844,0.873647258,-0.480959844,0.037285896,0.063462177
7.132600000000000,0.033678788,0.065410712,0.873628648,-0.480998662,0.873628648,-0.480998662,0.037261692,0.063438351
7.132700000000001,0.033677259,0.065375026,0.873610205,-0.481037112,0.873610205,-0.481037112,0.037237768,0.0634148
7.132800000000000,0.033675756,0.065339745,0.873591925,-0.481075203,0.873591925,-0.481075203,0.037214119,0.06339152
7.132900000000000,0.033674276,0.065304861,0.873573806,-0.481112939,0.873573806,-0.481112939,0.037190739,0.063368506
7.133000000000000,0.03367282,0.065270368,0.873555845,-0.481150327,0.873555845,-0.481150327,0.037167626,0.063345753
7.133100000000001,0.033671387,0.065236259,0.87353804,-0.481187372,0.87353804,-0.481187372,0.037144774,0.063323258
7.133200000000000,0.033669978,0.065202528,0.873520389,-0.481224081,0.873520389,-0.481224081,0.037122178,0.063301016
7.133300000000000,0.033668591,0.065169169,0.873502888,-0.481260458,0.873502888,-0.481260458,0.037099835,0.063279022
7.133400000000001,0.033667226,0.065136175,0.873485536,-0.48129651,0.873485536,-0.48129651,0.037077741,0.063257273
7.133500000000001,0.033665883,0.065103541,0.873468329,-0.481332241,0.873468329,-0.481332241,0.037055891,0.063235765
7.133600000000000,0.033664562,0.06507126,0.873451266,-0.481367657,0.873451266,-0.481367657,0.037034282,0.063214493
7.133700000000000,0.033663262,0.065039328,0.873434344,-0.481402763,0.873434344,-0.481402763,0.037012909,0.063193454
7.133800000000001,0.033661983,0.065007737,0.873417561,-0.481437564,0.873417561,-0.481437564,0.03699177,0.063172644
7.133900000000001,0.033660725,0.064976484,0.873400915,-0.481472064,0.873400915,-0.481472064,0.036970859,0.063152059
7.134000000000000,0.033659487,0.064945562,0.873384404,-0.481506269,0.873384404,-0.481506269,0.036950174,0.063131696
7.134100000000000,0.033658269,0.064914966,0.873368025,-0.481540184,0.873368025,-0.481540184,0.036929711,0.063111551
7.134200000000001,0.033657071,0.064884692,0.873351777,-0.481573812,0.873351777,-0.481573812,0.036909467,0.063091621
7.134300000000001,0.033655892,0.064854734,0.873335657,-0.481607159,0.873335657,-0.481607159,0.036889438,0.063071902
7.134400000000000,0.033654733,0.064825086,0.873319664,-0.481640228,0.873319664,-0.481640228,0.03686962,0.063052391
7.134500000000000,0.033653593,0.064795745,0.873303795,-0.481673024,0.873303795,-0.481673024,0.036850011,0.063033085
7.134600000000001,0.033652471,0.064766706,0.873288049,-0.481705552,0.873288049,-0.481705552,0.036830608,0.063013981
7.134700000000000,0.033651368,0.064737964,0.873272424,-0.481737815,0.873272424,-0.481737815,0.036811406,0.062995075
7.134800000000000,0.033650283,0.064709514,0.873256918,-0.481769818,0.873256918,-0.481769818,0.036792404,0.062976364
7.134900000000000,0.033649216,0.064681352,0.873241529,-0.481801563,0.873241529,-0.481801563,0.036773598,0.062957846
7.135000000000001,0.033648167,0.064653473,0.873226255,-0.481833056,0.873226255,-0.481833056,0.036754985,0.062939518
7.135100000000000,0.033647135,0.064625874,0.873211096,-0.481864301,0.873211096,-0.481864301,0.036736562,0.062921376
7.135200000000000,0.03364612,0.064598551,0.873196048,-0.4818953,0.873196048,-0.4818953,0.036718327,0.062903418
7.135300000000001,0.033645122,0.064571498,0.873181111,-0.481926057,0.873181111,-0.481926057,0.036700276,0.06288564
7.135400000000001,0.033644141,0.064544712,0.873166283,-0.481956576,0.873166283,-0.481956576,0.036682407,0.062868042
7.135500000000000,0.033643177,0.06451819,0.873151562,-0.481986861,0.873151562,-0.481986861,0.036664718,0.062850619
7.135600000000000,0.033642228,0.064491926,0.873136946,-0.482016915,0.873136946,-0.482016915,0.036647205,0.062833369
7.135700000000001,0.033641296,0.064465919,0.873122435,-0.482046742,0.873122435,-0.482046742,0.036629866,0.06281629
7.135800000000001,0.03364038,0.064440163,0.873108026,-0.482076344,0.873108026,-0.482076344,0.036612699,0.062799379
7.135900000000000,0.033639479,0.064414655,0.873093719,-0.482105725,0.873093719,-0.482105725,0.036595701,0.062782633
7.136000000000000,0.033638594,0.064389391,0.873079512,-0.482134888,0.873079512,-0.482134888,0.036578869,0.062766051
7.136100000000001,0.033637723,0.064364369,0.873065402,-0.482163836,0.873065402,-0.482163836,0.036562202,0.06274963
7.136200000000001,0.033636868,0.064339584,0.87305139,-0.482192573,0.87305139,-0.482192573,0.036545697,0.062733367
7.136300000000000,0.033636028,0.064315033,0.873037474,-0.4822211,0.873037474,-0.4822211,0.036529351,0.06271726
7.136400000000000,0.033635202,0.064290714,0.873023651,-0.482249423,0.873023651,-0.482249423,0.036513163,0.062701308
7.136500000000001,0.033634391,0.064266622,0.873009922,-0.482277542,0.873009922,-0.482277542,0.036497131,0.062685508
7.136600000000000,0.033633594,0.064242754,0.872996285,-0.482305461,0.872996285,-0.482305461,0.036481251,0.062669857
7.136700000000000,0.033632811,0.064219108,0.872982737,-0.482333183,0.872982737,-0.482333183,0.036465522,0.062654354
7.136800000000000,0.033632042,0.06419568,0.872969279,-0.482360711,0.872969279,-0.482360711,0.036449942,0.062638997
7.136900000000001,0.033631286,0.064172467,0.872955909,-0.482388046,0.872955909,-0.482388046,0.036434509,0.062623783
7.137000000000000,0.033630544,0.064149467,0.872942626,-0.482415193,0.872942626,-0.482415193,0.036419221,0.062608711
7.137100000000000,0.033629816,0.064126676,0.872929429,-0.482442153,0.872929429,-0.482442153,0.036404075,0.062593779
7.137200000000001,0.0336291,0.064104091,0.872916316,-0.482468929,0.872916316,-0.482468929,0.036389071,0.062578984
7.137300000000001,0.033628398,0.064081711,0.872903286,-0.482495523,0.872903286,-0.482495523,0.036374205,0.062564325
7.137400000000000,0.033627708,0.064059531,0.872890338,-0.482521938,0.872890338,-0.482521938,0.036359477,0.0625498
7.137500000000000,0.033627032,0.064037549,0.872877472,-0.482548177,0.872877472,-0.482548177,0.036344884,0.062535408
7.137600000000001,0.033626367,0.064015764,0.872864686,-0.482574241,0.872864686,-0.482574241,0.036330424,0.062521146
7.137700000000001,0.033625715,0.063994171,0.872851978,-0.482600133,0.872851978,-0.482600133,0.036316096,0.062507012
7.137800000000000,0.033625076,0.063972769,0.872839349,-0.482625856,0.872839349,-0.482625856,0.036301898,0.062493006
7.137900000000000,0.033624448,0.063951554,0.872826797,-0.482651411,0.872826797,-0.482651411,0.036287829,0.062479125
7.138000000000001,0.033623832,0.063930525,0.87281432,-0.4826768,0.87281432,-0.4826768,0.036273886,0.062465368
7.138100000000001,0.033623228,0.06390968,0.872801919,-0.482702027,0.872801919,-0.482702027,0.036260068,0.062451732
7.138200000000000,0.033622636,0.063889014,0.872789592,-0.482727092,0.872789592,-0.482727092,0.036246373,0.062438217
7.138300000000000,0.033622055,0.063868528,0.872777337,-0.482751999,0.872777337,-0.482751999,0.0362328,0.062424821
7.138400000000001,0.033621486,0.063848217,0.872765155,-0.482776748,0.872765155,-0.482776748,0.036219347,0.062411542
7.138500000000001,0.033620928,0.06382808,0.872753044,-0.482801343,0.872753044,-0.482801343,0.036206013,0.062398379
7.138600000000000,0.03362038,0.063808114,0.872741004,-0.482825785,0.872741004,-0.482825785,0.036192796,0.06238533
7.138700000000000,0.033619844,0.063788318,0.872729033,-0.482850076,0.872729033,-0.482850076,0.036179695,0.062372394
7.138800000000001,0.033619319,0.063768689,0.87271713,-0.482874218,0.87271713,-0.482874218,0.036166708,0.06235957
7.138900000000000,0.033618804,0.063749225,0.872705295,-0.482898213,0.872705295,-0.482898213,0.036153834,0.062346855
7.139000000000000,0.0336183,0.063729924,0.872693527,-0.482922063,0.872693527,-0.482922063,0.036141071,0.062334249
7.139100000000000,0.033617806,0.063710784,0.872681825,-0.482945769,0.872681825,-0.482945769,0.036128418,0.06232175
7.139200000000001,0.033617323,0.063691803,0.872670189,-0.482969333,0.872670189,-0.482969333,0.036115873,0.062309357
7.139300000000000,0.03361685,0.063672979,0.872658616,-0.482992758,0.872658616,-0.482992758,0.036103436,0.062297069
7.139400000000000,0.033616386,0.06365431,0.872647108,-0.483016044,0.872647108,-0.483016044,0.036091105,0.062284883
7.139500000000001,0.033615933,0.063635795,0.872635662,-0.483039194,0.872635662,-0.483039194,0.036078878,0.0622728
7.139600000000001,0.03361549,0.06361743,0.872624279,-0.483062209,0.872624279,-0.483062209,0.036066754,0.062260818
7.139700000000000,0.033615056,0.063599214,0.872612956,-0.483085091,0.872612956,-0.483085091,0.036054733,0.062248935
7.139800000000000,0.033614632,0.063581147,0.872601695,-0.483107841,0.872601695,-0.483107841,0.036042813,0.06223715
7.139900000000001,0.033614218,0.063563225,0.872590493,-0.483130462,0.872590493,-0.483130462,0.036030992,0.062225462
7.140000000000001,0.033613813,0.063545447,0.872579351,-0.483152954,0.872579351,-0.483152954,0.036019269,0.06221387
7.140100000000000,0.033613417,0.063527811,0.872568267,-0.483175319,0.872568267,-0.483175319,0.036007644,0.062202373
7.140200000000000,0.03361303,0.063510316,0.87255724,-0.483197559,0.87255724,-0.483197559,0.035996115,0.062190969
7.140300000000001,0.033612653,0.063492959,0.872546271,-0.483219675,0.872546271,-0.483219675,0.035984681,0.062179658
7.140400000000001,0.033612284,0.06347574,0.872535359,-0.483241669,0.872535359,-0.483241669,0.03597334,0.062168438
7.140500000000000,0.033611925,0.063458657,0.872524502,-0.483263542,0.872524502,-0.483263542,0.035962092,0.062157308
7.140600000000000,0.033611574,0.063441707,0.8725137,-0.483285295,0.8725137,-0.483285295,0.035950936,0.062146267
7.140700000000001,0.033611232,0.06342489,0.872502952,-0.483306931,0.872502952,-0.483306931,0.035939871,0.062135315
7.140800000000000,0.033610898,0.063408204,0.872492259,-0.483328449,0.872492259,-0.483328449,0.035928895,0.062124449
7.140900000000000,0.033610573,0.063391647,0.872481619,-0.483349853,0.872481619,-0.483349853,0.035918007,0.06211367
7.141000000000000,0.033610256,0.063375218,0.872471031,-0.483371142,0.872471031,-0.483371142,0.035907207,0.062102976
7.141100000000001,0.033609948,0.063358916,0.872460496,-0.483392319,0.872460496,-0.483392319,0.035896493,0.062092366
7.141200000000000,0.033609647,0.063342738,0.872450012,-0.483413384,0.872450012,-0.483413384,0.035885865,0.062081838
7.141300000000000,0.033609355,0.063326683,0.872439578,-0.483434339,0.872439578,-0.483434339,0.035875321,0.062071393
7.141400000000001,0.033609071,0.063310751,0.872429195,-0.483455185,0.872429195,-0.483455185,0.03586486,0.06206103
7.141500000000001,0.033608795,0.06329494,0.872418862,-0.483475924,0.872418862,-0.483475924,0.035854482,0.062050746
7.141600000000000,0.033608527,0.063279247,0.872408578,-0.483496556,0.872408578,-0.483496556,0.035844186,0.062040542
7.141700000000000,0.033608266,0.063263673,0.872398342,-0.483517084,0.872398342,-0.483517084,0.03583397,0.062030416
7.141800000000001,0.033608014,0.063248215,0.872388155,-0.483537507,0.872388155,-0.483537507,0.035823834,0.062020367
7.141900000000001,0.033607769,0.063232872,0.872378015,-0.483557827,0.872378015,-0.483557827,0.035813777,0.062010396
7.142000000000000,0.033607531,0.063217644,0.872367922,-0.483578046,0.872367922,-0.483578046,0.035803798,0.0620005
7.142100000000000,0.033607301,0.063202528,0.872357876,-0.483598164,0.872357876,-0.483598164,0.035793897,0.061990679
7.142200000000001,0.033607078,0.063187524,0.872347875,-0.483618182,0.872347875,-0.483618182,0.035784071,0.061980932
7.142300000000001,0.033606862,0.06317263,0.87233792,-0.483638103,0.87233792,-0.483638103,0.035774321,0.061971258
7.142400000000000,0.033606654,0.063157845,0.87232801,-0.483657926,0.87232801,-0.483657926,0.035764645,0.061961657
7.142500000000000,0.033606453,0.063143167,0.872318145,-0.483677653,0.872318145,-0.483677653,0.035755044,0.061952128
7.142600000000001,0.033606259,0.063128597,0.872308323,-0.483697284,0.872308323,-0.483697284,0.035745515,0.061942669
7.142700000000000,0.033606072,0.063114132,0.872298546,-0.483716822,0.872298546,-0.483716822,0.035736058,0.061933281
7.142800000000000,0.033605891,0.063099771,0.872288811,-0.483736266,0.872288811,-0.483736266,0.035726673,0.061923962
7.142900000000000,0.033605718,0.063085513,0.872279119,-0.483755619,0.872279119,-0.483755619,0.035717359,0.061914711
7.143000000000001,0.033605552,0.063071358,0.872269468,-0.48377488,0.872269468,-0.48377488,0.035708114,0.061905529
7.143100000000000,0.033605392,0.063057303,0.87225986,-0.483794051,0.87225986,-0.483794051,0.035698938,0.061896413
7.143200000000000,0.033605239,0.063043349,0.872250293,-0.483813133,0.872250293,-0.483813133,0.035689831,0.061887364
7.143300000000001,0.033605092,0.063029493,0.872240767,-0.483832127,0.872240767,-0.483832127,0.035680792,0.06187838
7.143400000000001,0.033604952,0.063015735,0.872231281,-0.483851034,0.872231281,-0.483851034,0.035671819,0.061869462
7.143500000000000,0.033604818,0.063002074,0.872221835,-0.483869854,0.872221835,-0.483869854,0.035662913,0.061860607
7.143600000000000,0.033604691,0.062988509,0.872212429,-0.483888589,0.872212429,-0.483888589,0.035654072,0.061851817
7.143700000000001,0.03360457,0.062975038,0.872203062,-0.483907239,0.872203062,-0.483907239,0.035645297,0.061843089
7.143800000000001,0.033604455,0.062961661,0.872193733,-0.483925806,0.872193733,-0.483925806,0.035636585,0.061834423
7.143900000000000,0.033604346,0.062948376,0.872184443,-0.483944289,0.872184443,-0.483944289,0.035627937,0.061825819
7.144000000000000,0.033604244,0.062935184,0.872175191,-0.483962691,0.872175191,-0.483962691,0.035619352,0.061817276
7.144100000000001,0.033604147,0.062922082,0.872165977,-0.483981012,0.872165977,-0.483981012,0.035610829,0.061808794
7.144200000000001,0.033604057,0.06290907,0.8721568,-0.483999253,0.8721568,-0.483999253,0.035602367,0.061800371
7.144300000000000,0.033603972,0.062896147,0.872147659,-0.484017414,0.872147659,-0.484017414,0.035593966,0.061792007
7.144400000000000,0.033603894,0.062883313,0.872138555,-0.484035496,0.872138555,-0.484035496,0.035585626,0.061783701
7.144500000000001,0.033603821,0.062870565,0.872129487,-0.484053501,0.872129487,-0.484053501,0.035577346,0.061775453
7.144600000000001,0.033603754,0.062857903,0.872120455,-0.484071429,0.872120455,-0.484071429,0.035569124,0.061767263
7.144700000000000,0.033603693,0.062845327,0.872111458,-0.48408928,0.872111458,-0.48408928,0.035560961,0.061759129
7.144800000000000,0.033603637,0.062832836,0.872102496,-0.484107056,0.872102496,-0.484107056,0.035552856,0.061751052
7.144900000000001,0.033603587,0.062820428,0.872093569,-0.484124758,0.872093569,-0.484124758,0.035544808,0.06174303
7.145000000000000,0.033603542,0.062808103,0.872084676,-0.484142385,0.872084676,-0.484142385,0.035536817,0.061735062
7.145100000000000,0.033603503,0.06279586,0.872075817,-0.484159939,0.872075817,-0.484159939,0.035528882,0.06172715
7.145200000000001,0.03360347,0.062783697,0.872066992,-0.484177421,0.872066992,-0.484177421,0.035521003,0.061719291
7.145300000000001,0.033603442,0.062771616,0.8720582,-0.484194831,0.8720582,-0.484194831,0.035513178,0.061711485
7.145400000000000,0.033603419,0.062759614,0.872049441,-0.48421217,0.872049441,-0.48421217,0.035505409,0.061703732
7.145500000000000,0.033603401,0.06274769,0.872040714,-0.484229439,0.872040714,-0.484229439,0.035497693,0.061696032
7.145600000000001,0.033603389,0.062735845,0.87203202,-0.484246638,0.87203202,-0.484246638,0.035490031,0.061688383
7.145700000000001,0.033603382,0.062724077,0.872023358,-0.484263767,0.872023358,-0.484263767,0.035482421,0.061680785
7.145800000000000,0.033603379,0.062712385,0.872014728,-0.484280829,0.872014728,-0.484280829,0.035474864,0.061673238
7.145900000000000,0.033603383,0.062700769,0.872006129,-0.484297823,0.872006129,-0.484297823,0.035467359,0.061665742
7.146000000000001,0.033603391,0.062689228,0.871997561,-0.48431475,0.871997561,-0.48431475,0.035459905,0.061658295
7.146100000000001,0.033603404,0.062677761,0.871989024,-0.484331611,0.871989024,-0.484331611,0.035452502,0.061650897
7.146200000000000,0.033603422,0.062666367,0.871980517,-0.484348406,0.871980517,-0.484348406,0.03544515,0.061643548
7.146300000000000,0.033603444,0.062655047,0.871972041,-0.484365136,0.871972041,-0.484365136,0.035437847,0.061636248
7.146400000000001,0.033603472,0.062643798,0.871963595,-0.484381801,0.871963595,-0.484381801,0.035430594,0.061628995
7.146500000000001,0.033603505,0.062632621,0.871955178,-0.484398403,0.871955178,-0.484398403,0.03542339,0.061621789
7.146600000000000,0.033603542,0.062621515,0.87194679,-0.484414941,0.87194679,-0.484414941,0.035416234,0.061614631
7.146700000000000,0.033603584,0.062610479,0.871938432,-0.484431417,0.871938432,-0.484431417,0.035409126,0.061607519
7.146800000000001,0.033603631,0.062599512,0.871930103,-0.484447831,0.871930103,-0.484447831,0.035402066,0.061600452
7.146900000000000,0.033603682,0.062588614,0.871921802,-0.484464184,0.871921802,-0.484464184,0.035395053,0.061593432
7.147000000000000,0.033603738,0.062577784,0.871913529,-0.484480475,0.871913529,-0.484480475,0.035388087,0.061586456
7.147100000000000,0.033603798,0.062567021,0.871905285,-0.484496706,0.871905285,-0.484496706,0.035381167,0.061579526
7.147200000000001,0.033603863,0.062556325,0.871897068,-0.484512878,0.871897068,-0.484512878,0.035374292,0.061572639
7.147300000000000,0.033603933,0.062545695,0.871888878,-0.48452899,0.871888878,-0.48452899,0.035367464,0.061565797
7.147400000000000,0.033604006,0.062535131,0.871880716,-0.484545044,0.871880716,-0.484545044,0.03536068,0.061558998
7.147500000000001,0.033604085,0.062524632,0.871872581,-0.48456104,0.871872581,-0.48456104,0.03535394,0.061552242
7.147600000000001,0.033604167,0.062514197,0.871864473,-0.484576978,0.871864473,-0.484576978,0.035347245,0.061545528
7.147700000000000,0.033604254,0.062503826,0.871856391,-0.484592859,0.871856391,-0.484592859,0.035340593,0.061538857
7.147800000000000,0.033604345,0.062493518,0.871848336,-0.484608683,0.871848336,-0.484608683,0.035333985,0.061532228
7.147900000000001,0.03360444,0.062483272,0.871840306,-0.484624452,0.871840306,-0.484624452,0.03532742,0.06152564
7.148000000000001,0.03360454,0.062473089,0.871832303,-0.484640165,0.871832303,-0.484640165,0.035320897,0.061519093
7.148100000000000,0.033604643,0.062462967,0.871824325,-0.484655823,0.871824325,-0.484655823,0.035314417,0.061512587
7.148200000000000,0.033604751,0.062452906,0.871816372,-0.484671427,0.871816372,-0.484671427,0.035307978,0.061506121
7.148300000000001,0.033604863,0.062442905,0.871808444,-0.484686977,0.871808444,-0.484686977,0.03530158,0.061499696
7.148400000000001,0.033604979,0.062432964,0.871800542,-0.484702473,0.871800542,-0.484702473,0.035295224,0.061493309
7.148500000000000,0.033605099,0.062423083,0.871792664,-0.484717916,0.871792664,-0.484717916,0.035288908,0.061486962
7.148600000000000,0.033605223,0.06241326,0.87178481,-0.484733307,0.87178481,-0.484733307,0.035282633,0.061480654
7.148700000000001,0.03360535,0.062403495,0.871776981,-0.484748646,0.871776981,-0.484748646,0.035276397,0.061474385
7.148800000000000,0.033605482,0.062393787,0.871769175,-0.484763933,0.871769175,-0.484763933,0.035270201,0.061468154
7.148900000000000,0.033605618,0.062384137,0.871761394,-0.484779169,0.871761394,-0.484779169,0.035264044,0.06146196
7.149000000000000,0.033605757,0.062374544,0.871753636,-0.484794354,0.871753636,-0.484794354,0.035257926,0.061455804
7.149100000000001,0.0336059,0.062365007,0.871745901,-0.484809489,0.871745901,-0.484809489,0.035251847,0.061449686
7.149200000000000,0.033606047,0.062355525,0.87173819,-0.484824574,0.87173819,-0.484824574,0.035245805,0.061443604
7.149300000000000,0.033606198,0.062346098,0.871730502,-0.48483961,0.871730502,-0.48483961,0.035239802,0.061437558
7.149400000000001,0.033606352,0.062336727,0.871722836,-0.484854597,0.871722836,-0.484854597,0.035233836,0.061431549
7.149500000000001,0.03360651,0.062327409,0.871715193,-0.484869535,0.871715193,-0.484869535,0.035227907,0.061425576
7.149600000000000,0.033606672,0.062318145,0.871707573,-0.484884425,0.871707573,-0.484884425,0.035222015,0.061419638
7.149700000000000,0.033606837,0.062308934,0.871699975,-0.484899268,0.871699975,-0.484899268,0.03521616,0.061413735
7.149800000000001,0.033607006,0.062299776,0.871692398,-0.484914063,0.871692398,-0.484914063,0.035210341,0.061407868
7.149900000000001,0.033607178,0.06229067,0.871684844,-0.484928812,0.871684844,-0.484928812,0.035204558,0.061402035
7.150000000000000,0.033607354,0.062281616,0.871677311,-0.484943514,0.871677311,-0.484943514,0.03519881,0.061396236
