Frequency (GHz),RE[S11],IM[S11],RE[S12],IM[S12],RE[S21],IM[S21],RE[S22],IM[S22]
4.100000000000001,0.011011321,0.037051374,0.956676726,-0.288575101,0.956676726,-0.288575101,0.011313756,0.036960146
4.100100000000000,0.011011531,0.037051633,0.956674438,-0.288582643,0.956674438,-0.288582643,0.011314276,0.03696031
4.100200000000000,0.01101174,0.03705189,0.95667215,-0.288590187,0.95667215,-0.288590187,0.011314795,0.036960471
4.100300000000000,0.011011947,0.037052145,0.956669861,-0.288597733,0.956669861,-0.288597733,0.011315315,0.036960629
4.100400000000000,0.011012154,0.037052396,0.956667572,-0.288605282,0.956667572,-0.288605282,0.011315835,0.036960784
4.100500000000000,0.011012359,0.037052646,0.956665282,-0.288612832,0.956665282,-0.288612832,0.011316354,0.036960936
4.100600000000000,0.011012563,0.037052892,0.956662992,-0.288620385,0.956662992,-0.288620385,0.011316874,0.036961085
4.100700000000001,0.011012766,0.037053136,0.956660701,-0.28862794,0.956660701,-0.28862794,0.011317393,0.036961231
4.100800000000000,0.011012968,0.037053377,0.956658409,-0.288635497,0.956658409,-0.288635497,0.011317913,0.036961374
4.100900000000000,0.011013168,0.037053616,0.956656117,-0.288643056,0.956656117,-0.288643056,0.011318432,0.036961515
4.101000000000000,0.011013367,0.037053852,0.956653824,-0.288650618,0.956653824,-0.288650618,0.011318952,0.036961652
4.101100000000001,0.011013566,0.037054085,0.95665153,-0.288658182,0.95665153,-0.288658182,0.011319471,0.036961785
4.101200000000000,0.011013762,0.037054316,0.956649236,-0.288665748,0.956649236,-0.288665748,0.01131999,0.036961916
4.101300000000000,0.011013958,0.037054543,0.956646941,-0.288673316,0.956646941,-0.288673316,0.01132051,0.036962044
4.101400000000000,0.011014153,0.037054768,0.956644646,-0.288680887,0.956644646,-0.288680887,0.011321029,0.036962169
4.101500000000001,0.011014346,0.037054991,0.956642349,-0.28868846,0.956642349,-0.28868846,0.011321548,0.03696229
4.101600000000000,0.011014538,0.03705521,0.956640053,-0.288696035,0.956640053,-0.288696035,0.011322067,0.036962409
4.101700000000000,0.011014729,0.037055427,0.956637755,-0.288703613,0.956637755,-0.288703613,0.011322586,0.036962524
4.101800000000000,0.011014918,0.037055641,0.956635457,-0.288711193,0.956635457,-0.288711193,0.011323105,0.036962636
4.101900000000001,0.011015107,0.037055852,0.956633158,-0.288718776,0.956633158,-0.288718776,0.011323624,0.036962745
4.102000000000000,0.011015294,0.03705606,0.956630859,-0.28872636,0.956630859,-0.28872636,0.011324143,0.036962851
4.102100000000000,0.011015479,0.037056265,0.956628559,-0.288733948,0.956628559,-0.288733948,0.011324662,0.036962953
4.102200000000000,0.011015664,0.037056468,0.956626258,-0.288741537,0.956626258,-0.288741537,0.011325181,0.036963053
4.102300000000001,0.011015847,0.037056668,0.956623957,-0.288749129,0.956623957,-0.288749129,0.0113257,0.036963149
4.102400000000000,0.011016029,0.037056865,0.956621655,-0.288756724,0.956621655,-0.288756724,0.011326218,0.036963241
4.102500000000000,0.011016209,0.037057059,0.956619352,-0.288764321,0.956619352,-0.288764321,0.011326737,0.036963331
4.102600000000001,0.011016389,0.03705725,0.956617048,-0.288771921,0.956617048,-0.288771921,0.011327256,0.036963417
4.102700000000000,0.011016567,0.037057438,0.956614744,-0.288779523,0.956614744,-0.288779523,0.011327774,0.0369635
4.102800000000000,0.011016743,0.037057623,0.956612439,-0.288787127,0.956612439,-0.288787127,0.011328293,0.03696358
4.102900000000000,0.011016919,0.037057805,0.956610134,-0.288794734,0.956610134,-0.288794734,0.011328811,0.036963656
4.103000000000001,0.011017093,0.037057984,0.956607827,-0.288802344,0.956607827,-0.288802344,0.01132933,0.036963729
4.103100000000000,0.011017265,0.037058161,0.95660552,-0.288809956,0.95660552,-0.288809956,0.011329848,0.036963798
4.103200000000000,0.011017436,0.037058334,0.956603212,-0.288817571,0.956603212,-0.288817571,0.011330366,0.036963864
4.103300000000000,0.011017606,0.037058504,0.956600904,-0.288825189,0.956600904,-0.288825189,0.011330885,0.036963927
4.103400000000001,0.011017775,0.037058672,0.956598595,-0.288832809,0.956598595,-0.288832809,0.011331403,0.036963986
4.103500000000000,0.011017942,0.037058836,0.956596285,-0.288840431,0.956596285,-0.288840431,0.011331921,0.036964042
4.103600000000000,0.011018108,0.037058997,0.956593974,-0.288848057,0.956593974,-0.288848057,0.011332439,0.036964094
4.103700000000000,0.011018272,0.037059155,0.956591663,-0.288855685,0.956591663,-0.288855685,0.011332957,0.036964143
4.103800000000001,0.011018435,0.03705931,0.956589351,-0.288863316,0.956589351,-0.288863316,0.011333475,0.036964188
4.103900000000000,0.011018597,0.037059462,0.956587038,-0.288870949,0.956587038,-0.288870949,0.011333993,0.03696423
4.104000000000000,0.011018757,0.037059611,0.956584724,-0.288878585,0.956584724,-0.288878585,0.011334511,0.036964269
4.104100000000000,0.011018915,0.037059757,0.95658241,-0.288886224,0.95658241,-0.288886224,0.011335028,0.036964303
4.104200000000001,0.011019073,0.037059899,0.956580095,-0.288893866,0.956580095,-0.288893866,0.011335546,0.036964334
4.104300000000000,0.011019228,0.037060038,0.956577779,-0.28890151,0.956577779,-0.28890151,0.011336064,0.036964362
4.104400000000000,0.011019383,0.037060175,0.956575462,-0.288909158,0.956575462,-0.288909158,0.011336581,0.036964386
4.104500000000000,0.011019536,0.037060308,0.956573145,-0.288916808,0.956573145,-0.288916808,0.011337099,0.036964406
4.104600000000000,0.011019687,0.037060437,0.956570826,-0.288924461,0.956570826,-0.288924461,0.011337616,0.036964423
4.104700000000000,0.011019837,0.037060564,0.956568507,-0.288932116,0.956568507,-0.288932116,0.011338134,0.036964436
4.104800000000000,0.011019985,0.037060687,0.956566188,-0.288939775,0.956566188,-0.288939775,0.011338651,0.036964445
4.104900000000001,0.011020132,0.037060807,0.956563867,-0.288947437,0.956563867,-0.288947437,0.011339168,0.036964451
4.105000000000000,0.011020278,0.037060924,0.956561545,-0.288955101,0.956561545,-0.288955101,0.011339685,0.036964452
4.105100000000000,0.011020422,0.037061037,0.956559223,-0.288962769,0.956559223,-0.288962769,0.011340202,0.03696445
4.105200000000000,0.011020564,0.037061147,0.9565569,-0.288970439,0.9565569,-0.288970439,0.011340719,0.036964445
4.105300000000001,0.011020705,0.037061254,0.956554576,-0.288978112,0.956554576,-0.288978112,0.011341236,0.036964435
4.105400000000000,0.011020844,0.037061358,0.956552252,-0.288985789,0.956552252,-0.288985789,0.011341753,0.036964422
4.105500000000000,0.011020982,0.037061458,0.956549926,-0.288993468,0.956549926,-0.288993468,0.01134227,0.036964405
4.105600000000000,0.011021118,0.037061554,0.9565476,-0.28900115,0.9565476,-0.28900115,0.011342787,0.036964384
4.105700000000001,0.011021252,0.037061647,0.956545273,-0.289008836,0.956545273,-0.289008836,0.011343304,0.036964359
4.105800000000000,0.011021385,0.037061737,0.956542945,-0.289016524,0.956542945,-0.289016524,0.01134382,0.03696433
4.105900000000000,0.011021517,0.037061824,0.956540616,-0.289024216,0.956540616,-0.289024216,0.011344337,0.036964298
4.106000000000000,0.011021646,0.037061906,0.956538286,-0.289031911,0.956538286,-0.289031911,0.011344853,0.036964261
4.106100000000001,0.011021775,0.037061986,0.956535955,-0.289039609,0.956535955,-0.289039609,0.01134537,0.03696422
4.106200000000000,0.011021901,0.037062062,0.956533624,-0.28904731,0.956533624,-0.28904731,0.011345886,0.036964176
4.106300000000000,0.011022026,0.037062134,0.956531291,-0.289055014,0.956531291,-0.289055014,0.011346402,0.036964127
4.106400000000000,0.011022149,0.037062203,0.956528958,-0.289062721,0.956528958,-0.289062721,0.011346918,0.036964075
4.106500000000000,0.011022271,0.037062268,0.956526624,-0.289070432,0.956526624,-0.289070432,0.011347434,0.036964018
4.106600000000000,0.011022391,0.03706233,0.956524289,-0.289078146,0.956524289,-0.289078146,0.01134795,0.036963957
4.106700000000000,0.011022509,0.037062388,0.956521953,-0.289085863,0.956521953,-0.289085863,0.011348466,0.036963892
4.106800000000001,0.011022625,0.037062442,0.956519616,-0.289093583,0.956519616,-0.289093583,0.011348982,0.036963823
4.106900000000000,0.01102274,0.037062493,0.956517279,-0.289101307,0.956517279,-0.289101307,0.011349498,0.03696375
4.107000000000000,0.011022853,0.03706254,0.95651494,-0.289109034,0.95651494,-0.289109034,0.011350013,0.036963673
4.107100000000000,0.011022965,0.037062584,0.9565126,-0.289116765,0.9565126,-0.289116765,0.011350529,0.036963592
4.107200000000001,0.011023074,0.037062624,0.95651026,-0.289124499,0.95651026,-0.289124499,0.011351045,0.036963506
4.107300000000000,0.011023182,0.03706266,0.956507919,-0.289132236,0.956507919,-0.289132236,0.01135156,0.036963416
4.107400000000000,0.011023288,0.037062692,0.956505576,-0.289139976,0.956505576,-0.289139976,0.011352075,0.036963322
4.107500000000000,0.011023393,0.037062721,0.956503233,-0.289147721,0.956503233,-0.289147721,0.011352591,0.036963224
4.107600000000001,0.011023495,0.037062745,0.956500889,-0.289155468,0.956500889,-0.289155468,0.011353106,0.036963121
4.107700000000000,0.011023596,0.037062766,0.956498543,-0.289163219,0.956498543,-0.289163219,0.011353621,0.036963014
4.107800000000000,0.011023695,0.037062783,0.956496197,-0.289170974,0.956496197,-0.289170974,0.011354136,0.036962902
4.107900000000000,0.011023792,0.037062797,0.95649385,-0.289178732,0.95649385,-0.289178732,0.011354651,0.036962786
4.108000000000001,0.011023887,0.037062806,0.956491502,-0.289186494,0.956491502,-0.289186494,0.011355166,0.036962666
4.108100000000000,0.011023981,0.037062811,0.956489153,-0.289194259,0.956489153,-0.289194259,0.01135568,0.036962541
4.108200000000000,0.011024072,0.037062813,0.956486803,-0.289202028,0.956486803,-0.289202028,0.011356195,0.036962412
4.108300000000000,0.011024162,0.037062811,0.956484452,-0.289209801,0.956484452,-0.289209801,0.011356709,0.036962279
4.108400000000000,0.01102425,0.037062804,0.956482099,-0.289217577,0.956482099,-0.289217577,0.011357224,0.03696214
4.108500000000000,0.011024336,0.037062794,0.956479746,-0.289225357,0.956479746,-0.289225357,0.011357738,0.036961998
4.108600000000000,0.01102442,0.03706278,0.956477392,-0.289233141,0.956477392,-0.289233141,0.011358252,0.03696185
4.108700000000001,0.011024502,0.037062761,0.956475037,-0.289240929,0.956475037,-0.289240929,0.011358767,0.036961699
4.108800000000000,0.011024583,0.037062739,0.956472681,-0.28924872,0.956472681,-0.28924872,0.011359281,0.036961542
4.108900000000000,0.011024661,0.037062712,0.956470324,-0.289256515,0.956470324,-0.289256515,0.011359795,0.036961381
4.109000000000000,0.011024737,0.037062682,0.956467965,-0.289264314,0.956467965,-0.289264314,0.011360308,0.036961215
4.109100000000001,0.011024812,0.037062647,0.956465606,-0.289272117,0.956465606,-0.289272117,0.011360822,0.036961045
4.109200000000000,0.011024884,0.037062608,0.956463246,-0.289279924,0.956463246,-0.289279924,0.011361336,0.036960869
4.109300000000000,0.011024955,0.037062565,0.956460884,-0.289287734,0.956460884,-0.289287734,0.011361849,0.036960689
4.109400000000000,0.011025023,0.037062518,0.956458521,-0.289295549,0.956458521,-0.289295549,0.011362363,0.036960505
4.109500000000001,0.011025089,0.037062466,0.956456158,-0.289303367,0.956456158,-0.289303367,0.011362876,0.036960315
4.109600000000000,0.011025154,0.03706241,0.956453793,-0.28931119,0.956453793,-0.28931119,0.011363389,0.03696012
4.109700000000000,0.011025216,0.03706235,0.956451427,-0.289319016,0.956451427,-0.289319016,0.011363903,0.036959921
4.109800000000000,0.011025276,0.037062286,0.95644906,-0.289326847,0.95644906,-0.289326847,0.011364416,0.036959717
4.109900000000001,0.011025335,0.037062217,0.956446692,-0.289334682,0.956446692,-0.289334682,0.011364929,0.036959507
4.110000000000000,0.011025391,0.037062144,0.956444323,-0.289342521,0.956444323,-0.289342521,0.011365441,0.036959293
4.110100000000000,0.011025445,0.037062067,0.956441953,-0.289350364,0.956441953,-0.289350364,0.011365954,0.036959074
4.110200000000000,0.011025497,0.037061985,0.956439581,-0.289358211,0.956439581,-0.289358211,0.011366467,0.03695885
4.110300000000001,0.011025546,0.037061899,0.956437209,-0.289366062,0.956437209,-0.289366062,0.011366979,0.036958621
4.110400000000000,0.011025594,0.037061808,0.956434835,-0.289373918,0.956434835,-0.289373918,0.011367492,0.036958386
4.110500000000000,0.011025639,0.037061713,0.95643246,-0.289381778,0.95643246,-0.289381778,0.011368004,0.036958147
4.110600000000001,0.011025683,0.037061613,0.956430084,-0.289389642,0.956430084,-0.289389642,0.011368516,0.036957902
4.110700000000000,0.011025724,0.037061508,0.956427707,-0.28939751,0.956427707,-0.28939751,0.011369028,0.036957652
4.110800000000000,0.011025763,0.0370614,0.956425328,-0.289405383,0.956425328,-0.289405383,0.01136954,0.036957397
4.110900000000000,0.011025799,0.037061286,0.956422949,-0.28941326,0.956422949,-0.28941326,0.011370052,0.036957137
4.111000000000001,0.011025834,0.037061168,0.956420568,-0.289421142,0.956420568,-0.289421142,0.011370563,0.036956871
4.111100000000000,0.011025866,0.037061045,0.956418186,-0.289429028,0.956418186,-0.289429028,0.011371075,0.0369566
4.111200000000000,0.011025896,0.037060918,0.956415802,-0.289436919,0.956415802,-0.289436919,0.011371586,0.036956324
4.111300000000000,0.011025923,0.037060785,0.956413418,-0.289444814,0.956413418,-0.289444814,0.011372098,0.036956042
4.111400000000001,0.011025949,0.037060648,0.956411032,-0.289452714,0.956411032,-0.289452714,0.011372609,0.036955755
4.111500000000000,0.011025972,0.037060507,0.956408645,-0.289460618,0.956408645,-0.289460618,0.01137312,0.036955462
4.111600000000000,0.011025992,0.03706036,0.956406257,-0.289468527,0.956406257,-0.289468527,0.011373631,0.036955164
4.111700000000000,0.011026011,0.037060209,0.956403867,-0.289476441,0.956403867,-0.289476441,0.011374141,0.036954861
4.111800000000001,0.011026026,0.037060052,0.956401476,-0.289484359,0.956401476,-0.289484359,0.011374652,0.036954551
4.111900000000000,0.01102604,0.037059891,0.956399084,-0.289492282,0.956399084,-0.289492282,0.011375163,0.036954237
4.112000000000000,0.011026051,0.037059725,0.956396691,-0.28950021,0.956396691,-0.28950021,0.011375673,0.036953916
4.112100000000000,0.01102606,0.037059554,0.956394296,-0.289508143,0.956394296,-0.289508143,0.011376183,0.03695359
4.112200000000001,0.011026066,0.037059378,0.9563919,-0.28951608,0.9563919,-0.28951608,0.011376693,0.036953258
4.112300000000000,0.01102607,0.037059196,0.956389503,-0.289524023,0.956389503,-0.289524023,0.011377203,0.036952921
4.112400000000000,0.011026072,0.03705901,0.956387104,-0.28953197,0.956387104,-0.28953197,0.011377713,0.036952577
4.112500000000000,0.01102607,0.037058819,0.956384704,-0.289539922,0.956384704,-0.289539922,0.011378223,0.036952228
4.112600000000000,0.011026067,0.037058622,0.956382303,-0.289547879,0.956382303,-0.289547879,0.011378733,0.036951873
4.112700000000000,0.011026061,0.037058421,0.9563799,-0.289555841,0.9563799,-0.289555841,0.011379242,0.036951512
4.112800000000000,0.011026052,0.037058214,0.956377496,-0.289563809,0.956377496,-0.289563809,0.011379751,0.036951145
4.112900000000001,0.011026041,0.037058002,0.95637509,-0.289571781,0.95637509,-0.289571781,0.011380261,0.036950773
4.113000000000000,0.011026027,0.037057785,0.956372684,-0.289579759,0.956372684,-0.289579759,0.01138077,0.036950394
4.113100000000000,0.011026011,0.037057562,0.956370275,-0.289587741,0.956370275,-0.289587741,0.011381278,0.036950009
4.113200000000000,0.011025992,0.037057334,0.956367866,-0.289595729,0.956367866,-0.289595729,0.011381787,0.036949618
4.113300000000001,0.01102597,0.037057101,0.956365454,-0.289603722,0.956365454,-0.289603722,0.011382296,0.036949221
4.113400000000000,0.011025946,0.037056862,0.956363042,-0.289611721,0.956363042,-0.289611721,0.011382804,0.036948817
4.113500000000000,0.011025919,0.037056618,0.956360628,-0.289619725,0.956360628,-0.289619725,0.011383312,0.036948408
4.113600000000000,0.011025889,0.037056368,0.956358212,-0.289627734,0.956358212,-0.289627734,0.011383821,0.036947992
4.113700000000001,0.011025857,0.037056113,0.956355795,-0.289635749,0.956355795,-0.289635749,0.011384329,0.03694757
4.113800000000000,0.011025822,0.037055852,0.956353377,-0.289643769,0.956353377,-0.289643769,0.011384836,0.036947141
4.113900000000000,0.011025784,0.037055586,0.956350957,-0.289651794,0.956350957,-0.289651794,0.011385344,0.036946706
4.114000000000000,0.011025743,0.037055314,0.956348536,-0.289659825,0.956348536,-0.289659825,0.011385851,0.036946265
4.114100000000001,0.0110257,0.037055036,0.956346113,-0.289667862,0.956346113,-0.289667862,0.011386359,0.036945817
4.114200000000000,0.011025654,0.037054753,0.956343688,-0.289675904,0.956343688,-0.289675904,0.011386866,0.036945363
4.114300000000000,0.011025604,0.037054464,0.956341262,-0.289683952,0.956341262,-0.289683952,0.011387373,0.036944902
4.114400000000000,0.011025553,0.037054169,0.956338835,-0.289692006,0.956338835,-0.289692006,0.01138788,0.036944434
4.114500000000000,0.011025498,0.037053868,0.956336405,-0.289700066,0.956336405,-0.289700066,0.011388387,0.03694396
4.114600000000000,0.01102544,0.037053561,0.956333975,-0.289708131,0.956333975,-0.289708131,0.011388893,0.036943479
4.114700000000000,0.011025379,0.037053249,0.956331542,-0.289716202,0.956331542,-0.289716202,0.011389399,0.036942991
4.114800000000001,0.011025316,0.03705293,0.956329109,-0.289724279,0.956329109,-0.289724279,0.011389906,0.036942497
4.114900000000000,0.011025249,0.037052606,0.956326673,-0.289732362,0.956326673,-0.289732362,0.011390412,0.036941995
4.115000000000000,0.01102518,0.037052275,0.956324236,-0.289740451,0.956324236,-0.289740451,0.011390917,0.036941487
4.115100000000000,0.011025107,0.037051939,0.956321797,-0.289748546,0.956321797,-0.289748546,0.011391423,0.036940972
4.115200000000001,0.011025032,0.037051596,0.956319357,-0.289756648,0.956319357,-0.289756648,0.011391929,0.03694045
4.115300000000000,0.011024953,0.037051247,0.956316915,-0.289764755,0.956316915,-0.289764755,0.011392434,0.03693992
4.115400000000000,0.011024871,0.037050892,0.956314471,-0.289772868,0.956314471,-0.289772868,0.011392939,0.036939384
4.115500000000000,0.011024787,0.037050531,0.956312026,-0.289780988,0.956312026,-0.289780988,0.011393444,0.036938841
4.115600000000001,0.011024699,0.037050163,0.956309579,-0.289789114,0.956309579,-0.289789114,0.011393949,0.03693829
4.115700000000000,0.011024607,0.037049789,0.95630713,-0.289797247,0.95630713,-0.289797247,0.011394453,0.036937732
4.115800000000000,0.011024513,0.037049409,0.956304679,-0.289805385,0.956304679,-0.289805385,0.011394958,0.036937166
4.115900000000000,0.011024416,0.037049022,0.956302227,-0.289813531,0.956302227,-0.289813531,0.011395462,0.036936594
4.116000000000001,0.011024315,0.037048629,0.956299773,-0.289821682,0.956299773,-0.289821682,0.011395966,0.036936014
4.116100000000000,0.011024211,0.037048229,0.956297317,-0.289829841,0.956297317,-0.289829841,0.01139647,0.036935426
4.116200000000000,0.011024104,0.037047823,0.956294859,-0.289838005,0.956294859,-0.289838005,0.011396973,0.036934831
4.116300000000000,0.011023993,0.03704741,0.9562924,-0.289846177,0.9562924,-0.289846177,0.011397477,0.036934228
4.116400000000001,0.01102388,0.03704699,0.956289939,-0.289854355,0.956289939,-0.289854355,0.01139798,0.036933618
4.116500000000000,0.011023762,0.037046564,0.956287476,-0.28986254,0.956287476,-0.28986254,0.011398483,0.036933
4.116600000000000,0.011023642,0.03704613,0.956285011,-0.289870732,0.956285011,-0.289870732,0.011398986,0.036932374
4.116700000000001,0.011023518,0.03704569,0.956282544,-0.289878931,0.956282544,-0.289878931,0.011399488,0.036931741
4.116800000000000,0.01102339,0.037045244,0.956280075,-0.289887136,0.956280075,-0.289887136,0.011399991,0.036931099
4.116900000000000,0.011023259,0.03704479,0.956277605,-0.289895349,0.956277605,-0.289895349,0.011400493,0.03693045
4.117000000000000,0.011023125,0.037044329,0.956275132,-0.289903569,0.956275132,-0.289903569,0.011400995,0.036929793
4.117100000000001,0.011022987,0.037043861,0.956272658,-0.289911795,0.956272658,-0.289911795,0.011401497,0.036929127
4.117200000000000,0.011022846,0.037043387,0.956270182,-0.289920029,0.956270182,-0.289920029,0.011401998,0.036928454
4.117300000000000,0.011022701,0.037042905,0.956267703,-0.28992827,0.956267703,-0.28992827,0.0114025,0.036927772
4.117400000000000,0.011022552,0.037042415,0.956265223,-0.289936519,0.956265223,-0.289936519,0.011403001,0.036927082
4.117500000000001,0.0110224,0.037041919,0.956262741,-0.289944775,0.956262741,-0.289944775,0.011403502,0.036926384
4.117600000000000,0.011022244,0.037041415,0.956260257,-0.289953038,0.956260257,-0.289953038,0.011404002,0.036925678
4.117700000000000,0.011022084,0.037040904,0.956257771,-0.289961308,0.956257771,-0.289961308,0.011404503,0.036924963
4.117800000000000,0.011021921,0.037040386,0.956255283,-0.289969587,0.956255283,-0.289969587,0.011405003,0.03692424
4.117900000000001,0.011021754,0.03703986,0.956252792,-0.289977872,0.956252792,-0.289977872,0.011405503,0.036923508
4.118000000000000,0.011021583,0.037039327,0.9562503,-0.289986166,0.9562503,-0.289986166,0.011406003,0.036922767
4.118100000000000,0.011021408,0.037038786,0.956247805,-0.289994467,0.956247805,-0.289994467,0.011406502,0.036922018
4.118200000000000,0.01102123,0.037038237,0.956245309,-0.290002776,0.956245309,-0.290002776,0.011407002,0.03692126
4.118300000000001,0.011021047,0.037037681,0.95624281,-0.290011093,0.95624281,-0.290011093,0.011407501,0.036920493
4.118400000000000,0.011020861,0.037037117,0.95624031,-0.290019417,0.95624031,-0.290019417,0.011407999,0.036919717
4.118500000000000,0.011020671,0.037036545,0.956237807,-0.29002775,0.956237807,-0.29002775,0.011408498,0.036918933
4.118600000000000,0.011020476,0.037035965,0.956235301,-0.290036091,0.956235301,-0.290036091,0.011408996,0.036918139
4.118700000000000,0.011020278,0.037035378,0.956232794,-0.29004444,0.956232794,-0.29004444,0.011409494,0.036917336
4.118800000000000,0.011020076,0.037034782,0.956230285,-0.290052797,0.956230285,-0.290052797,0.011409992,0.036916524
4.118900000000000,0.011019869,0.037034178,0.956227773,-0.290061162,0.956227773,-0.290061162,0.01141049,0.036915703
4.119000000000001,0.011019659,0.037033566,0.956225259,-0.290069536,0.956225259,-0.290069536,0.011410987,0.036914873
4.119100000000000,0.011019444,0.037032946,0.956222743,-0.290077918,0.956222743,-0.290077918,0.011411484,0.036914033
4.119200000000000,0.011019225,0.037032318,0.956220224,-0.290086309,0.956220224,-0.290086309,0.011411981,0.036913183
4.119300000000000,0.011019002,0.037031681,0.956217703,-0.290094708,0.956217703,-0.290094708,0.011412478,0.036912325
4.119400000000001,0.011018775,0.037031036,0.95621518,-0.290103116,0.95621518,-0.290103116,0.011412974,0.036911456
4.119500000000000,0.011018544,0.037030383,0.956212655,-0.290111532,0.956212655,-0.290111532,0.01141347,0.036910578
4.119600000000000,0.011018308,0.037029721,0.956210127,-0.290119957,0.956210127,-0.290119957,0.011413966,0.03690969
4.119700000000000,0.011018067,0.03702905,0.956207597,-0.290128391,0.956207597,-0.290128391,0.011414461,0.036908792
4.119800000000001,0.011017823,0.037028371,0.956205064,-0.290136835,0.956205064,-0.290136835,0.011414956,0.036907884
4.119900000000000,0.011017574,0.037027683,0.956202529,-0.290145287,0.956202529,-0.290145287,0.011415451,0.036906967
4.120000000000000,0.01101732,0.037026986,0.956199991,-0.290153748,0.956199991,-0.290153748,0.011415946,0.036906039
4.120100000000000,0.011017062,0.037026281,0.956197451,-0.290162218,0.956197451,-0.290162218,0.01141644,0.036905101
4.120200000000001,0.011016799,0.037025566,0.956194909,-0.290170698,0.956194909,-0.290170698,0.011416934,0.036904153
4.120300000000000,0.011016532,0.037024843,0.956192364,-0.290179187,0.956192364,-0.290179187,0.011417428,0.036903194
4.120400000000000,0.01101626,0.03702411,0.956189816,-0.290187685,0.956189816,-0.290187685,0.011417921,0.036902225
4.120500000000000,0.011015984,0.037023368,0.956187266,-0.290196193,0.956187266,-0.290196193,0.011418415,0.036901245
4.120600000000000,0.011015703,0.037022617,0.956184713,-0.290204711,0.956184713,-0.290204711,0.011418908,0.036900255
4.120700000000000,0.011015417,0.037021856,0.956182158,-0.290213238,0.956182158,-0.290213238,0.0114194,0.036899254
4.120800000000000,0.011015126,0.037021086,0.9561796,-0.290221775,0.9561796,-0.290221775,0.011419892,0.036898242
4.120900000000001,0.01101483,0.037020307,0.956177039,-0.290230322,0.956177039,-0.290230322,0.011420384,0.03689722
4.121000000000000,0.01101453,0.037019518,0.956174476,-0.290238879,0.956174476,-0.290238879,0.011420876,0.036896186
4.121100000000000,0.011014224,0.03701872,0.95617191,-0.290247446,0.95617191,-0.290247446,0.011421367,0.036895142
4.121200000000000,0.011013914,0.037017911,0.956169341,-0.290256023,0.956169341,-0.290256023,0.011421858,0.036894086
4.121300000000001,0.011013598,0.037017093,0.95616677,-0.29026461,0.95616677,-0.29026461,0.011422349,0.036893019
4.121400000000000,0.011013278,0.037016265,0.956164195,-0.290273207,0.956164195,-0.290273207,0.01142284,0.03689194
4.121500000000000,0.011012952,0.037015427,0.956161618,-0.290281815,0.956161618,-0.290281815,0.01142333,0.03689085
4.121600000000000,0.011012622,0.037014579,0.956159038,-0.290290434,0.956159038,-0.290290434,0.011423819,0.036889749
4.121700000000001,0.011012286,0.037013721,0.956156456,-0.290299063,0.956156456,-0.290299063,0.011424309,0.036888636
4.121800000000000,0.011011945,0.037012853,0.95615387,-0.290307703,0.95615387,-0.290307703,0.011424798,0.036887511
4.121900000000000,0.011011598,0.037011974,0.956151282,-0.290316353,0.956151282,-0.290316353,0.011425286,0.036886374
4.122000000000000,0.011011246,0.037011085,0.95614869,-0.290325015,0.95614869,-0.290325015,0.011425775,0.036885226
4.122100000000001,0.011010889,0.037010185,0.956146096,-0.290333688,0.956146096,-0.290333688,0.011426263,0.036884065
4.122200000000000,0.011010526,0.037009275,0.956143498,-0.290342371,0.956143498,-0.290342371,0.011426751,0.036882892
4.122300000000000,0.011010158,0.037008354,0.956140898,-0.290351066,0.956140898,-0.290351066,0.011427238,0.036881707
4.122400000000000,0.011009785,0.037007422,0.956138294,-0.290359772,0.956138294,-0.290359772,0.011427725,0.03688051
4.122500000000000,0.011009405,0.037006479,0.956135688,-0.29036849,0.956135688,-0.29036849,0.011428211,0.036879299
4.122600000000000,0.01100902,0.037005526,0.956133078,-0.290377219,0.956133078,-0.290377219,0.011428698,0.036878077
4.122700000000000,0.01100863,0.037004561,0.956130465,-0.29038596,0.956130465,-0.29038596,0.011429184,0.036876841
4.122800000000001,0.011008233,0.037003585,0.956127849,-0.290394713,0.956127849,-0.290394713,0.011429669,0.036875593
4.122900000000000,0.011007831,0.037002598,0.95612523,-0.290403477,0.95612523,-0.290403477,0.011430154,0.036874332
4.123000000000000,0.011007423,0.037001599,0.956122608,-0.290412254,0.956122608,-0.290412254,0.011430639,0.036873058
4.123100000000000,0.011007009,0.037000589,0.956119982,-0.290421042,0.956119982,-0.290421042,0.011431123,0.03687177
4.123200000000001,0.011006589,0.036999567,0.956117353,-0.290429843,0.956117353,-0.290429843,0.011431607,0.03687047
4.123300000000000,0.011006163,0.036998534,0.956114721,-0.290438656,0.956114721,-0.290438656,0.011432091,0.036869155
4.123400000000000,0.011005731,0.036997489,0.956112085,-0.290447482,0.956112085,-0.290447482,0.011432574,0.036867828
4.123500000000000,0.011005293,0.036996432,0.956109446,-0.29045632,0.956109446,-0.29045632,0.011433057,0.036866486
4.123600000000001,0.011004849,0.036995363,0.956106804,-0.290465171,0.956106804,-0.290465171,0.011433539,0.036865131
4.123700000000000,0.011004398,0.036994281,0.956104158,-0.290474035,0.956104158,-0.290474035,0.011434021,0.036863762
4.123800000000000,0.011003941,0.036993188,0.956101509,-0.290482912,0.956101509,-0.290482912,0.011434502,0.036862378
4.123900000000000,0.011003478,0.036992082,0.956098856,-0.290491802,0.956098856,-0.290491802,0.011434984,0.036860981
4.124000000000001,0.011003008,0.036990964,0.9560962,-0.290500705,0.9560962,-0.290500705,0.011435464,0.036859569
4.124100000000000,0.011002532,0.036989833,0.95609354,-0.290509621,0.95609354,-0.290509621,0.011435945,0.036858143
4.124200000000000,0.011002049,0.036988689,0.956090876,-0.290518551,0.956090876,-0.290518551,0.011436424,0.036856702
4.124300000000000,0.011001559,0.036987533,0.956088209,-0.290527494,0.956088209,-0.290527494,0.011436904,0.036855246
4.124400000000001,0.011001063,0.036986363,0.956085538,-0.290536452,0.956085538,-0.290536452,0.011437383,0.036853776
4.124500000000000,0.01100056,0.036985181,0.956082863,-0.290545423,0.956082863,-0.290545423,0.011437861,0.03685229
4.124600000000000,0.01100005,0.036983985,0.956080185,-0.290554408,0.956080185,-0.290554408,0.011438339,0.03685079
4.124700000000001,0.010999533,0.036982776,0.956077503,-0.290563407,0.956077503,-0.290563407,0.011438817,0.036849274
4.124800000000000,0.01099901,0.036981554,0.956074816,-0.290572421,0.956074816,-0.290572421,0.011439294,0.036847742
4.124900000000000,0.010998479,0.036980318,0.956072126,-0.290581449,0.956072126,-0.290581449,0.011439771,0.036846195
4.125000000000000,0.010997941,0.036979068,0.956069433,-0.290590492,0.956069433,-0.290590492,0.011440247,0.036844632
4.125100000000001,0.010997396,0.036977804,0.956066727,-0.290599547,0.956066727,-0.290599547,0.011440722,0.036843053
4.125200000000000,0.010996843,0.036976526,0.956064017,-0.290608617,0.956064017,-0.290608617,0.011441198,0.036841458
4.125300000000000,0.010996284,0.036975234,0.956061303,-0.290617702,0.956061303,-0.290617702,0.011441672,0.036839847
4.125400000000000,0.010995716,0.036973928,0.956058585,-0.290626802,0.956058585,-0.290626802,0.011442147,0.03683822
4.125500000000001,0.010995142,0.036972607,0.956055863,-0.290635918,0.956055863,-0.290635918,0.01144262,0.036836576
4.125600000000000,0.01099456,0.036971272,0.956053136,-0.290645049,0.956053136,-0.290645049,0.011443094,0.036834915
4.125700000000000,0.01099397,0.036969922,0.956050406,-0.290654196,0.956050406,-0.290654196,0.011443566,0.036833237
4.125800000000000,0.010993372,0.036968557,0.956047671,-0.290663359,0.956047671,-0.290663359,0.011444038,0.036831543
4.125900000000001,0.010992767,0.036967177,0.956044931,-0.290672537,0.956044931,-0.290672537,0.01144451,0.036829831
4.126000000000000,0.010992154,0.036965782,0.956042188,-0.290681732,0.956042188,-0.290681732,0.011444981,0.036828101
4.126100000000000,0.010991532,0.036964372,0.956039439,-0.290690943,0.956039439,-0.290690943,0.011445452,0.036826354
4.126200000000000,0.010990903,0.036962946,0.956036687,-0.290700171,0.956036687,-0.290700171,0.011445922,0.03682459
4.126300000000001,0.010990266,0.036961505,0.956033929,-0.290709416,0.956033929,-0.290709416,0.011446392,0.036822807
4.126400000000000,0.01098962,0.036960048,0.956031168,-0.290718677,0.956031168,-0.290718677,0.01144686,0.036821006
4.126500000000000,0.010988966,0.036958575,0.956028401,-0.290727955,0.956028401,-0.290727955,0.011447329,0.036819187
4.126600000000000,0.010988304,0.036957086,0.95602563,-0.290737251,0.95602563,-0.290737251,0.011447797,0.03681735
4.126700000000000,0.010987633,0.036955581,0.956022854,-0.290746564,0.956022854,-0.290746564,0.011448264,0.036815493
4.126800000000000,0.010986954,0.036954059,0.956020074,-0.290755895,0.956020074,-0.290755895,0.011448731,0.036813618
4.126900000000000,0.010986266,0.036952521,0.956017288,-0.290765244,0.956017288,-0.290765244,0.011449197,0.036811724
4.127000000000001,0.010985569,0.036950966,0.956014498,-0.29077461,0.956014498,-0.29077461,0.011449662,0.036809811
4.127100000000000,0.010984864,0.036949394,0.956011703,-0.290783995,0.956011703,-0.290783995,0.011450127,0.036807878
4.127200000000000,0.010984149,0.036947804,0.956008902,-0.290793398,0.956008902,-0.290793398,0.011450592,0.036805925
4.127300000000000,0.010983426,0.036946198,0.956006097,-0.29080282,0.956006097,-0.29080282,0.011451055,0.036803952
4.127400000000001,0.010982693,0.036944574,0.956003287,-0.290812261,0.956003287,-0.290812261,0.011451518,0.03680196
4.127500000000000,0.010981951,0.036942932,0.956000471,-0.29082172,0.956000471,-0.29082172,0.011451981,0.036799947
4.127600000000000,0.0109812,0.036941273,0.955997651,-0.290831199,0.955997651,-0.290831199,0.011452443,0.036797913
4.127700000000000,0.010980439,0.036939596,0.955994825,-0.290840697,0.955994825,-0.290840697,0.011452904,0.036795859
4.127800000000001,0.010979669,0.0369379,0.955991993,-0.290850215,0.955991993,-0.290850215,0.011453364,0.036793784
4.127900000000000,0.010978889,0.036936186,0.955989157,-0.290859753,0.955989157,-0.290859753,0.011453824,0.036791687
4.128000000000000,0.010978099,0.036934453,0.955986314,-0.290869311,0.955986314,-0.290869311,0.011454283,0.036789569
4.128100000000000,0.0109773,0.036932701,0.955983467,-0.29087889,0.955983467,-0.29087889,0.011454742,0.03678743
4.128200000000001,0.01097649,0.036930931,0.955980614,-0.290888489,0.955980614,-0.290888489,0.0114552,0.036785268
4.128300000000000,0.010975671,0.036929141,0.955977755,-0.290898108,0.955977755,-0.290898108,0.011455657,0.036783084
4.128400000000000,0.010974841,0.036927331,0.95597489,-0.290907749,0.95597489,-0.290907749,0.011456113,0.036780878
4.128500000000000,0.010974001,0.036925502,0.95597202,-0.290917411,0.95597202,-0.290917411,0.011456569,0.03677865
4.128600000000000,0.01097315,0.036923653,0.955969144,-0.290927095,0.955969144,-0.290927095,0.011457024,0.036776398
4.128700000000000,0.010972289,0.036921784,0.955966262,-0.2909368,0.955966262,-0.2909368,0.011457478,0.036774123
4.128800000000000,0.010971418,0.036919894,0.955963374,-0.290946527,0.955963374,-0.290946527,0.011457932,0.036771825
4.128900000000001,0.010970535,0.036917984,0.95596048,-0.290956277,0.95596048,-0.290956277,0.011458385,0.036769503
4.129000000000000,0.010969641,0.036916054,0.95595758,-0.290966049,0.95595758,-0.290966049,0.011458837,0.036767157
4.129100000000000,0.010968737,0.036914102,0.955954674,-0.290975844,0.955954674,-0.290975844,0.011459288,0.036764787
4.129200000000000,0.010967821,0.036912128,0.955951762,-0.290985663,0.955951762,-0.290985663,0.011459739,0.036762393
4.129300000000001,0.010966894,0.036910134,0.955948843,-0.290995504,0.955948843,-0.290995504,0.011460188,0.036759973
4.129400000000000,0.010965956,0.036908117,0.955945918,-0.291005369,0.955945918,-0.291005369,0.011460637,0.036757529
4.129500000000000,0.010965005,0.036906079,0.955942987,-0.291015258,0.955942987,-0.291015258,0.011461085,0.036755059
4.129600000000000,0.010964044,0.036904018,0.955940049,-0.291025171,0.955940049,-0.291025171,0.011461533,0.036752564
4.129700000000001,0.01096307,0.036901935,0.955937104,-0.291035109,0.955937104,-0.291035109,0.011461979,0.036750042
4.129800000000000,0.010962084,0.036899828,0.955934153,-0.291045072,0.955934153,-0.291045072,0.011462425,0.036747495
4.129900000000000,0.010961086,0.036897699,0.955931195,-0.291055059,0.955931195,-0.291055059,0.01146287,0.036744921
4.130000000000000,0.010960076,0.036895547,0.95592823,-0.291065072,0.95592823,-0.291065072,0.011463314,0.03674232
4.130100000000001,0.010959054,0.03689337,0.955925258,-0.291075111,0.955925258,-0.291075111,0.011463757,0.036739691
4.130200000000000,0.010958019,0.03689117,0.955922279,-0.291085176,0.955922279,-0.291085176,0.011464199,0.036737036
4.130300000000000,0.010956971,0.036888946,0.955919293,-0.291095267,0.955919293,-0.291095267,0.011464641,0.036734352
4.130400000000000,0.01095591,0.036886697,0.9559163,-0.291105384,0.9559163,-0.291105384,0.011465081,0.03673164
4.130500000000001,0.010954836,0.036884424,0.9559133,-0.291115529,0.9559133,-0.291115529,0.011465521,0.0367289
4.130600000000000,0.010953749,0.036882125,0.955910292,-0.291125701,0.955910292,-0.291125701,0.011465959,0.036726131
4.130700000000000,0.010952649,0.036879802,0.955907277,-0.291135901,0.955907277,-0.291135901,0.011466397,0.036723333
4.130800000000001,0.010951535,0.036877452,0.955904254,-0.291146129,0.955904254,-0.291146129,0.011466834,0.036720505
4.130900000000000,0.010950407,0.036875076,0.955901224,-0.291156385,0.955901224,-0.291156385,0.01146727,0.036717647
4.131000000000000,0.010949266,0.036872675,0.955898186,-0.291166669,0.955898186,-0.291166669,0.011467705,0.036714759
4.131100000000000,0.01094811,0.036870246,0.95589514,-0.291176983,0.95589514,-0.291176983,0.011468138,0.03671184
4.131200000000001,0.01094694,0.036867791,0.955892086,-0.291187326,0.955892086,-0.291187326,0.011468571,0.03670889
4.131300000000000,0.010945756,0.036865308,0.955889024,-0.2911977,0.955889024,-0.2911977,0.011469003,0.036705909
4.131400000000000,0.010944557,0.036862797,0.955885954,-0.291208103,0.955885954,-0.291208103,0.011469434,0.036702896
4.131500000000000,0.010943344,0.036860259,0.955882876,-0.291218537,0.955882876,-0.291218537,0.011469864,0.036699851
4.131600000000001,0.010942115,0.036857692,0.955879789,-0.291229002,0.955879789,-0.291229002,0.011470292,0.036696773
4.131700000000000,0.010940871,0.036855097,0.955876694,-0.291239498,0.955876694,-0.291239498,0.01147072,0.036693662
4.131800000000000,0.010939612,0.036852472,0.955873591,-0.291250026,0.955873591,-0.291250026,0.011471147,0.036690518
4.131900000000000,0.010938337,0.036849819,0.955870479,-0.291260586,0.955870479,-0.291260586,0.011471572,0.036687339
4.132000000000001,0.010937047,0.036847135,0.955867358,-0.291271179,0.955867358,-0.291271179,0.011471997,0.036684127
4.132100000000000,0.010935741,0.036844421,0.955864228,-0.291281806,0.955864228,-0.291281806,0.01147242,0.036680879
4.132200000000000,0.010934418,0.036841676,0.955861089,-0.291292465,0.955861089,-0.291292465,0.011472842,0.036677596
4.132300000000000,0.010933079,0.036838901,0.955857941,-0.291303159,0.955857941,-0.291303159,0.011473263,0.036674278
4.132400000000001,0.010931723,0.036836094,0.955854784,-0.291313887,0.955854784,-0.291313887,0.011473683,0.036670924
4.132500000000000,0.010930351,0.036833256,0.955851617,-0.291324649,0.955851617,-0.291324649,0.011474101,0.036667532
4.132600000000000,0.010928961,0.036830385,0.955848441,-0.291335448,0.955848441,-0.291335448,0.011474519,0.036664104
4.132700000000000,0.010927554,0.036827481,0.955845256,-0.291346282,0.955845256,-0.291346282,0.011474935,0.036660638
4.132800000000000,0.01092613,0.036824545,0.95584206,-0.291357152,0.95584206,-0.291357152,0.01147535,0.036657134
4.132900000000000,0.010924688,0.036821575,0.955838855,-0.291368059,0.955838855,-0.291368059,0.011475764,0.036653592
4.133000000000000,0.010923228,0.036818571,0.95583564,-0.291379003,0.95583564,-0.291379003,0.011476176,0.03665001
4.133100000000001,0.010921749,0.036815532,0.955832414,-0.291389986,0.955832414,-0.291389986,0.011476587,0.036646389
4.133200000000000,0.010920252,0.036812459,0.955829178,-0.291401006,0.955829178,-0.291401006,0.011476997,0.036642727
4.133300000000000,0.010918737,0.03680935,0.955825932,-0.291412066,0.955825932,-0.291412066,0.011477405,0.036639025
4.133400000000000,0.010917202,0.036806206,0.955822675,-0.291423165,0.955822675,-0.291423165,0.011477812,0.036635281
4.133500000000001,0.010915648,0.036803025,0.955819408,-0.291434304,0.955819408,-0.291434304,0.011478218,0.036631496
4.133600000000000,0.010914075,0.036799807,0.955816129,-0.291445483,0.955816129,-0.291445483,0.011478622,0.036627668
4.133700000000000,0.010912481,0.036796552,0.95581284,-0.291456704,0.95581284,-0.291456704,0.011479025,0.036623797
4.133800000000000,0.010910868,0.036793259,0.955809539,-0.291467966,0.955809539,-0.291467966,0.011479427,0.036619882
4.133900000000001,0.010909234,0.036789928,0.955806227,-0.29147927,0.955806227,-0.29147927,0.011479827,0.036615923
4.134000000000000,0.010907579,0.036786557,0.955802904,-0.291490618,0.955802904,-0.291490618,0.011480225,0.036611919
4.134100000000000,0.010905904,0.036783147,0.955799569,-0.291502009,0.955799569,-0.291502009,0.011480622,0.03660787
4.134200000000000,0.010904207,0.036779698,0.955796222,-0.291513444,0.955796222,-0.291513444,0.011481018,0.036603775
4.134300000000001,0.010902489,0.036776207,0.955792863,-0.291524924,0.955792863,-0.291524924,0.011481412,0.036599632
4.134400000000000,0.010900748,0.036772675,0.955789492,-0.291536449,0.955789492,-0.291536449,0.011481804,0.036595442
4.134500000000000,0.010898986,0.036769102,0.955786108,-0.291548021,0.955786108,-0.291548021,0.011482195,0.036591204
4.134600000000000,0.010897201,0.036765486,0.955782712,-0.291559639,0.955782712,-0.291559639,0.011482584,0.036586918
4.134700000000000,0.010895393,0.036761827,0.955779303,-0.291571305,0.955779303,-0.291571305,0.011482972,0.036582581
4.134800000000000,0.010893561,0.036758124,0.955775881,-0.291583019,0.955775881,-0.291583019,0.011483358,0.036578194
4.134900000000000,0.010891707,0.036754377,0.955772446,-0.291594782,0.955772446,-0.291594782,0.011483742,0.036573756
4.135000000000001,0.010889828,0.036750585,0.955768998,-0.291606594,0.955768998,-0.291606594,0.011484124,0.036569266
4.135100000000000,0.010887925,0.036746748,0.955765536,-0.291618457,0.955765536,-0.291618457,0.011484505,0.036564724
4.135200000000000,0.010885997,0.036742864,0.955762061,-0.291630371,0.955762061,-0.291630371,0.011484884,0.036560128
4.135300000000000,0.010884044,0.036738933,0.955758572,-0.291642337,0.955758572,-0.291642337,0.011485261,0.036555478
4.135400000000001,0.010882066,0.036734955,0.955755068,-0.291654356,0.955755068,-0.291654356,0.011485636,0.036550773
4.135500000000000,0.010880062,0.036730927,0.95575155,-0.291666429,0.95575155,-0.291666429,0.01148601,0.036546012
4.135600000000000,0.010878032,0.036726851,0.955748018,-0.291678555,0.955748018,-0.291678555,0.011486381,0.036541195
4.135700000000000,0.010875975,0.036722725,0.955744471,-0.291690737,0.955744471,-0.291690737,0.011486751,0.03653632
4.135800000000001,0.010873891,0.036718548,0.955740909,-0.291702976,0.955740909,-0.291702976,0.011487119,0.036531386
4.135900000000000,0.01087178,0.03671432,0.955737331,-0.291715271,0.955737331,-0.291715271,0.011487484,0.036526393
4.136000000000000,0.010869641,0.036710039,0.955733738,-0.291727624,0.955733738,-0.291727624,0.011487848,0.03652134
4.136100000000000,0.010867473,0.036705705,0.955730129,-0.291740036,0.955730129,-0.291740036,0.01148821,0.036516225
4.136200000000001,0.010865277,0.036701317,0.955726504,-0.291752507,0.955726504,-0.291752507,0.011488569,0.036511049
4.136300000000000,0.010863051,0.036696875,0.955722863,-0.291765039,0.955722863,-0.291765039,0.011488927,0.036505809
4.136400000000000,0.010860796,0.036692377,0.955719206,-0.291777633,0.955719206,-0.291777633,0.011489282,0.036500504
4.136500000000000,0.010858511,0.036687822,0.955715531,-0.29179029,0.955715531,-0.29179029,0.011489635,0.036495135
4.136600000000000,0.010856195,0.036683209,0.95571184,-0.291803011,0.95571184,-0.291803011,0.011489986,0.036489699
4.136700000000000,0.010853847,0.036678539,0.955708131,-0.291815796,0.955708131,-0.291815796,0.011490334,0.036484196
4.136800000000000,0.010851468,0.036673808,0.955704405,-0.291828647,0.955704405,-0.291828647,0.01149068,0.036478624
4.136900000000001,0.010849057,0.036669018,0.95570066,-0.291841565,0.95570066,-0.291841565,0.011491024,0.036472983
4.137000000000000,0.010846613,0.036664166,0.955696898,-0.291854551,0.955696898,-0.291854551,0.011491366,0.036467271
4.137100000000000,0.010844136,0.036659252,0.955693117,-0.291867606,0.955693117,-0.291867606,0.011491705,0.036461487
4.137200000000000,0.010841625,0.036654274,0.955689317,-0.291880731,0.955689317,-0.291880731,0.011492041,0.03645563
4.137300000000001,0.010839079,0.036649232,0.955685498,-0.291893929,0.955685498,-0.291893929,0.011492376,0.036449699
4.137400000000000,0.010836498,0.036644125,0.955681659,-0.291907198,0.955681659,-0.291907198,0.011492707,0.036443692
4.137500000000000,0.010833882,0.03663895,0.955677801,-0.291920542,0.955677801,-0.291920542,0.011493036,0.036437608
4.137600000000000,0.010831229,0.036633708,0.955673922,-0.291933961,0.955673922,-0.291933961,0.011493362,0.036431446
4.137700000000001,0.01082854,0.036628397,0.955670023,-0.291947457,0.955670023,-0.291947457,0.011493686,0.036425204
4.137800000000000,0.010825813,0.036623016,0.955666103,-0.291961031,0.955666103,-0.291961031,0.011494006,0.036418882
4.137900000000000,0.010823048,0.036617564,0.955662162,-0.291974684,0.955662162,-0.291974684,0.011494324,0.036412477
4.138000000000000,0.010820244,0.036612038,0.955658199,-0.291988417,0.955658199,-0.291988417,0.01149464,0.036405988
4.138100000000001,0.0108174,0.036606439,0.955654214,-0.292002233,0.955654214,-0.292002233,0.011494952,0.036399415
4.138200000000000,0.010814517,0.036600765,0.955650207,-0.292016132,0.955650207,-0.292016132,0.011495261,0.036392754
4.138300000000000,0.010811592,0.036595014,0.955646177,-0.292030117,0.955646177,-0.292030117,0.011495567,0.036386005
4.138400000000000,0.010808626,0.036589186,0.955642124,-0.292044188,0.955642124,-0.292044188,0.01149587,0.036379166
4.138500000000001,0.010805617,0.036583278,0.955638047,-0.292058347,0.955638047,-0.292058347,0.01149617,0.036372236
4.138600000000000,0.010802565,0.036577289,0.955633946,-0.292072596,0.955633946,-0.292072596,0.011496467,0.036365213
4.138700000000000,0.010799468,0.036571218,0.95562982,-0.292086936,0.95562982,-0.292086936,0.011496761,0.036358094
4.138800000000001,0.010796328,0.036565063,0.95562567,-0.29210137,0.95562567,-0.29210137,0.011497051,0.036350879
4.138900000000000,0.010793141,0.036558824,0.955621494,-0.292115898,0.955621494,-0.292115898,0.011497338,0.036343566
4.139000000000000,0.010789908,0.036552497,0.955617293,-0.292130524,0.955617293,-0.292130524,0.011497621,0.036336153
4.139100000000000,0.010786627,0.036546082,0.955613065,-0.292145247,0.955613065,-0.292145247,0.011497901,0.036328637
4.139200000000001,0.010783298,0.036539576,0.95560881,-0.292160071,0.95560881,-0.292160071,0.011498178,0.036321018
4.139300000000000,0.01077992,0.036532979,0.955604527,-0.292174998,0.955604527,-0.292174998,0.01149845,0.036313292
4.139400000000000,0.010776492,0.036526289,0.955600217,-0.292190028,0.955600217,-0.292190028,0.011498719,0.036305459
4.139500000000000,0.010773013,0.036519503,0.955595878,-0.292205165,0.955595878,-0.292205165,0.011498984,0.036297515
4.139600000000001,0.010769481,0.036512619,0.955591511,-0.29222041,0.955591511,-0.29222041,0.011499246,0.03628946
4.139700000000000,0.010765897,0.036505637,0.955587113,-0.292235765,0.955587113,-0.292235765,0.011499503,0.03628129
4.139800000000000,0.010762258,0.036498553,0.955582686,-0.292251233,0.955582686,-0.292251233,0.011499756,0.036273003
4.139900000000000,0.010758564,0.036491367,0.955578228,-0.292266816,0.955578228,-0.292266816,0.011500005,0.036264597
4.140000000000001,0.010754813,0.036484076,0.955573738,-0.292282516,0.955573738,-0.292282516,0.01150025,0.036256071
4.140100000000000,0.010751005,0.036476677,0.955569216,-0.292298336,0.955569216,-0.292298336,0.011500491,0.03624742
4.140200000000000,0.010747138,0.036469169,0.955564662,-0.292314277,0.955564662,-0.292314277,0.011500727,0.036238644
4.140300000000000,0.010743212,0.036461549,0.955560074,-0.292330343,0.955560074,-0.292330343,0.011500959,0.036229738
4.140400000000001,0.010739224,0.036453816,0.955555453,-0.292346535,0.955555453,-0.292346535,0.011501186,0.036220701
4.140500000000000,0.010735174,0.036445967,0.955550796,-0.292362858,0.955550796,-0.292362858,0.011501409,0.036211531
4.140600000000000,0.010731061,0.036437999,0.955546104,-0.292379312,0.955546104,-0.292379312,0.011501627,0.036202223
4.140700000000000,0.010726882,0.03642991,0.955541376,-0.292395901,0.955541376,-0.292395901,0.011501839,0.036192776
4.140800000000000,0.010722637,0.036421698,0.955536611,-0.292412628,0.955536611,-0.292412628,0.011502047,0.036183186
4.140900000000000,0.010718324,0.036413359,0.955531809,-0.292429496,0.955531809,-0.292429496,0.01150225,0.036173451
4.141000000000000,0.010713942,0.036404892,0.955526967,-0.292446508,0.955526967,-0.292446508,0.011502448,0.036163567
4.141100000000001,0.01070949,0.036396293,0.955522087,-0.292463667,0.955522087,-0.292463667,0.01150264,0.036153531
4.141200000000000,0.010704965,0.03638756,0.955517166,-0.292480975,0.955517166,-0.292480975,0.011502827,0.03614334
4.141300000000000,0.010700366,0.03637869,0.955512204,-0.292498437,0.955512204,-0.292498437,0.011503008,0.036132991
4.141400000000000,0.010695692,0.036369679,0.9555072,-0.292516055,0.9555072,-0.292516055,0.011503183,0.036122479
4.141500000000001,0.010690941,0.036360525,0.955502153,-0.292533834,0.955502153,-0.292533834,0.011503353,0.036111802
4.141600000000000,0.010686111,0.036351224,0.955497062,-0.292551776,0.955497062,-0.292551776,0.011503517,0.036100956
4.141700000000000,0.0106812,0.036341774,0.955491926,-0.292569886,0.955491926,-0.292569886,0.011503675,0.036089937
4.141800000000000,0.010676207,0.03633217,0.955486744,-0.292588167,0.955486744,-0.292588167,0.011503826,0.036078741
4.141900000000001,0.01067113,0.036322409,0.955481515,-0.292606623,0.955481515,-0.292606623,0.011503971,0.036067364
4.142000000000000,0.010665967,0.036312489,0.955476238,-0.292625258,0.955476238,-0.292625258,0.011504109,0.036055802
4.142100000000000,0.010660715,0.036302404,0.955470912,-0.292644076,0.955470912,-0.292644076,0.011504241,0.03604405
4.142200000000000,0.010655373,0.036292152,0.955465536,-0.292663082,0.955465536,-0.292663082,0.011504366,0.036032105
4.142300000000001,0.010649938,0.036281728,0.955460108,-0.29268228,0.955460108,-0.29268228,0.011504483,0.036019962
4.142400000000000,0.010644409,0.036271128,0.955454627,-0.292701674,0.955454627,-0.292701674,0.011504594,0.036007616
4.142500000000000,0.010638783,0.036260348,0.955449093,-0.292721269,0.955449093,-0.292721269,0.011504697,0.035995062
4.142600000000000,0.010633058,0.036249385,0.955443503,-0.292741071,0.955443503,-0.292741071,0.011504793,0.035982295
4.142700000000000,0.010627231,0.036238232,0.955437856,-0.292761083,0.955437856,-0.292761083,0.01150488,0.03596931
4.142800000000000,0.0106213,0.036226886,0.955432151,-0.292781312,0.955432151,-0.292781312,0.01150496,0.035956102
4.142900000000000,0.010615262,0.036215342,0.955426387,-0.292801761,0.955426387,-0.292801761,0.011505032,0.035942666
4.143000000000001,0.010609115,0.036203596,0.955420562,-0.292822438,0.955420562,-0.292822438,0.011505095,0.035928995
4.143100000000000,0.010602856,0.036191641,0.955414674,-0.292843348,0.955414674,-0.292843348,0.011505149,0.035915083
4.143200000000000,0.010596482,0.036179473,0.955408722,-0.292864496,0.955408722,-0.292864496,0.011505195,0.035900926
4.143300000000000,0.01058999,0.036167086,0.955402704,-0.292885889,0.955402704,-0.292885889,0.011505232,0.035886516
4.143400000000001,0.010583377,0.036154475,0.955396619,-0.292907533,0.955396619,-0.292907533,0.011505259,0.035871847
4.143500000000000,0.01057664,0.036141635,0.955390465,-0.292929434,0.955390465,-0.292929434,0.011505277,0.035856912
4.143600000000000,0.010569776,0.036128558,0.955384239,-0.2929516,0.955384239,-0.2929516,0.011505284,0.035841704
4.143700000000000,0.010562781,0.036115238,0.955377941,-0.292974036,0.955377941,-0.292974036,0.011505282,0.035826217
4.143800000000001,0.010555652,0.036101671,0.955371567,-0.292996751,0.955371567,-0.292996751,0.011505269,0.035810442
4.143900000000000,0.010548385,0.036087848,0.955365117,-0.293019752,0.955365117,-0.293019752,0.011505246,0.035794373
4.144000000000000,0.010540977,0.036073762,0.955358588,-0.293043046,0.955358588,-0.293043046,0.011505212,0.035778
4.144100000000000,0.010533423,0.036059408,0.955351977,-0.293066642,0.955351977,-0.293066642,0.011505166,0.035761316
4.144200000000001,0.010525719,0.036044776,0.955345283,-0.293090548,0.955345283,-0.293090548,0.011505109,0.035744313
4.144300000000000,0.010517863,0.03602986,0.955338504,-0.293114773,0.955338504,-0.293114773,0.011505039,0.035726981
4.144400000000000,0.010509848,0.036014652,0.955331636,-0.293139325,0.955331636,-0.293139325,0.011504957,0.035709311
4.144500000000000,0.010501671,0.035999143,0.955324677,-0.293164214,0.955324677,-0.293164214,0.011504863,0.035691293
4.144600000000001,0.010493326,0.035983325,0.955317625,-0.293189449,0.955317625,-0.293189449,0.011504755,0.035672918
4.144700000000000,0.01048481,0.035967188,0.955310477,-0.293215041,0.955310477,-0.293215041,0.011504634,0.035654175
4.144800000000000,0.010476117,0.035950724,0.95530323,-0.293240999,0.95530323,-0.293240999,0.0115045,0.035635054
4.144900000000001,0.010467241,0.035933923,0.955295881,-0.293267336,0.955295881,-0.293267336,0.01150435,0.035615544
4.145000000000000,0.010458178,0.035916775,0.955288427,-0.293294061,0.955288427,-0.293294061,0.011504186,0.035595632
4.145100000000000,0.010448922,0.035899269,0.955280865,-0.293321187,0.955280865,-0.293321187,0.011504007,0.035575307
4.145200000000000,0.010439466,0.035881395,0.955273192,-0.293348725,0.955273192,-0.293348725,0.011503812,0.035554556
4.145300000000001,0.010429805,0.035863142,0.955265403,-0.293376689,0.955265403,-0.293376689,0.0115036,0.035533366
4.145400000000000,0.010419932,0.035844497,0.955257497,-0.293405092,0.955257497,-0.293405092,0.011503372,0.035511725
4.145500000000000,0.010409841,0.035825448,0.955249468,-0.293433947,0.955249468,-0.293433947,0.011503127,0.035489616
4.145600000000000,0.010399525,0.035805983,0.955241313,-0.293463269,0.955241313,-0.293463269,0.011502863,0.035467026
4.145700000000001,0.010388976,0.035786089,0.955233028,-0.293493073,0.955233028,-0.293493073,0.011502581,0.03544394
4.145800000000000,0.010378187,0.035765751,0.955224609,-0.293523373,0.955224609,-0.293523373,0.01150228,0.035420341
4.145900000000000,0.01036715,0.035744955,0.955216051,-0.293554188,0.955216051,-0.293554188,0.011501959,0.035396212
4.146000000000000,0.010355857,0.035723686,0.955207349,-0.293585532,0.955207349,-0.293585532,0.011501618,0.035371537
4.146100000000001,0.010344299,0.035701928,0.955198499,-0.293617425,0.955198499,-0.293617425,0.011501255,0.035346296
4.146200000000000,0.010332467,0.035679665,0.955189496,-0.293649884,0.955189496,-0.293649884,0.01150087,0.035320471
4.146300000000000,0.010320352,0.035656879,0.955180334,-0.29368293,0.955180334,-0.29368293,0.011500463,0.035294042
4.146400000000000,0.010307944,0.035633553,0.955171008,-0.293716582,0.955171008,-0.293716582,0.011500031,0.035266988
4.146500000000001,0.010295232,0.035609667,0.955161512,-0.293750861,0.955161512,-0.293750861,0.011499575,0.035239287
4.146600000000000,0.010282207,0.035585203,0.955151839,-0.293785789,0.955151839,-0.293785789,0.011499094,0.035210916
4.146700000000000,0.010268856,0.035560138,0.955141985,-0.293821391,0.955141985,-0.293821391,0.011498587,0.035181851
4.146800000000000,0.010255168,0.035534452,0.955131941,-0.29385769,0.955131941,-0.29385769,0.011498052,0.035152068
4.146900000000000,0.010241131,0.035508121,0.955121702,-0.293894712,0.955121702,-0.293894712,0.011497488,0.035121539
4.147000000000000,0.01022673,0.035481123,0.955111259,-0.293932484,0.955111259,-0.293932484,0.011496895,0.035090237
4.147100000000000,0.010211954,0.035453431,0.955100604,-0.293971033,0.955100604,-0.293971033,0.011496271,0.035058134
4.147200000000001,0.010196786,0.035425019,0.955089731,-0.29401039,0.955089731,-0.29401039,0.011495615,0.035025198
4.147300000000000,0.010181213,0.035395861,0.95507863,-0.294050585,0.95507863,-0.294050585,0.011494925,0.034991397
4.147400000000000,0.010165218,0.035365926,0.955067291,-0.294091652,0.955067291,-0.294091652,0.011494201,0.034956698
4.147500000000000,0.010148784,0.035335183,0.955055707,-0.294133624,0.955055707,-0.294133624,0.01149344,0.034921066
4.147600000000001,0.010131894,0.035303602,0.955043866,-0.294176539,0.955043866,-0.294176539,0.011492642,0.034884462
4.147700000000000,0.01011453,0.035271147,0.955031758,-0.294220434,0.955031758,-0.294220434,0.011491804,0.034846847
4.147800000000000,0.01009667,0.035237782,0.955019373,-0.29426535,0.955019373,-0.29426535,0.011490925,0.03480818
4.147900000000000,0.010078295,0.03520347,0.955006697,-0.294311329,0.955006697,-0.294311329,0.011490003,0.034768417
4.148000000000001,0.010059383,0.035168171,0.95499372,-0.294358416,0.95499372,-0.294358416,0.011489036,0.034727511
4.148100000000000,0.010039911,0.035131843,0.954980427,-0.29440666,0.954980427,-0.29440666,0.011488022,0.034685414
4.148200000000000,0.010019853,0.035094439,0.954966805,-0.29445611,0.954966805,-0.29445611,0.011486959,0.034642072
4.148300000000000,0.009999184,0.035055914,0.95495284,-0.29450682,0.95495284,-0.29450682,0.011485844,0.034597432
4.148400000000001,0.009977877,0.035016216,0.954938514,-0.294558846,0.954938514,-0.294558846,0.011484676,0.034551434
4.148500000000000,0.009955902,0.034975293,0.954923813,-0.294612248,0.954923813,-0.294612248,0.01148345,0.034504018
4.148600000000000,0.009933227,0.034933088,0.954908717,-0.29466709,0.954908717,-0.29466709,0.011482165,0.034455117
4.148700000000000,0.009909821,0.03488954,0.954893209,-0.29472344,0.954893209,-0.29472344,0.011480817,0.034404662
4.148800000000000,0.009885647,0.034844586,0.954877269,-0.294781369,0.954877269,-0.294781369,0.011479404,0.034352578
4.148900000000000,0.009860669,0.034798157,0.954860875,-0.294840954,0.954860875,-0.294840954,0.011477921,0.034298786
4.149000000000000,0.009834845,0.034750182,0.954844004,-0.294902278,0.954844004,-0.294902278,0.011476365,0.034243202
4.149100000000001,0.009808135,0.034700581,0.954826633,-0.294965426,0.954826633,-0.294965426,0.011474733,0.034185737
4.149200000000000,0.009780492,0.034649274,0.954808735,-0.295030492,0.954808735,-0.295030492,0.011473019,0.034126294
4.149300000000000,0.009751867,0.03459617,0.954790282,-0.295097575,0.954790282,-0.295097575,0.01147122,0.03406477
4.149400000000000,0.009722208,0.034541177,0.954771246,-0.295166782,0.954771246,-0.295166782,0.01146933,0.034001057
4.149500000000001,0.00969146,0.034484191,0.954751593,-0.295238227,0.954751593,-0.295238227,0.011467345,0.033935035
4.149600000000000,0.009659562,0.034425105,0.954731291,-0.295312032,0.954731291,-0.295312032,0.011465258,0.033866579
4.149700000000000,0.00962645,0.034363801,0.954710301,-0.295388329,0.954710301,-0.295388329,0.011463063,0.033795552
4.149800000000000,0.009592054,0.034300155,0.954688585,-0.295467259,0.954688585,-0.295467259,0.011460753,0.03372181
4.149900000000001,0.0095563,0.03423403,0.954666099,-0.295548974,0.954666099,-0.295548974,0.011458323,0.033645195
4.150000000000000,0.009519107,0.03416528,0.954642798,-0.295633639,0.954642798,-0.295633639,0.011455762,0.033565537
4.150100000000000,0.009480486,0.034093924,0.954618615,-0.295721194,0.954618615,-0.295721194,0.011453072,0.03348286
4.150200000000000,0.009440453,0.034019984,0.954593632,-0.295811624,0.954593632,-0.295811624,0.011450251,0.033397188
4.150300000000001,0.009398913,0.033943294,0.954567795,-0.295905115,0.954567795,-0.295905115,0.01144729,0.033308327
4.150400000000000,0.009355769,0.033863671,0.95454105,-0.296001868,0.95454105,-0.296001868,0.011444179,0.033216067
4.150500000000000,0.009310911,0.033780919,0.954513333,-0.296102101,0.954513333,-0.296102101,0.011440907,0.033120178
4.150600000000000,0.009264222,0.033694824,0.954484577,-0.296206052,0.954484577,-0.296206052,0.011437462,0.033020411
4.150700000000001,0.009215571,0.03360515,0.954454709,-0.296313981,0.954454709,-0.296313981,0.011433832,0.032916494
4.150800000000000,0.009164818,0.033511643,0.954423649,-0.296426171,0.954423649,-0.296426171,0.011430001,0.03280813
4.150900000000000,0.009111807,0.033414021,0.954391307,-0.296542933,0.954391307,-0.296542933,0.011425954,0.032694993
4.151000000000001,0.009056369,0.033311977,0.954357587,-0.29666461,0.954357587,-0.29666461,0.011421673,0.032576725
4.151100000000000,0.008998316,0.033205172,0.954322381,-0.296791577,0.954322381,-0.296791577,0.011417139,0.032452931
4.151200000000000,0.008937441,0.033093232,0.954285571,-0.296924247,0.954285571,-0.296924247,0.011412329,0.032323178
4.151300000000000,0.008873514,0.032975745,0.954247026,-0.29706308,0.954247026,-0.29706308,0.011407219,0.032186985
4.151400000000001,0.008806282,0.032852252,0.954206601,-0.297208584,0.954206601,-0.297208584,0.011401781,0.03204382
4.151500000000000,0.008735461,0.032722245,0.954164132,-0.297361322,0.954164132,-0.297361322,0.011395986,0.03189309
4.151600000000000,0.008660735,0.032585158,0.954119439,-0.297521924,0.954119439,-0.297521924,0.011389798,0.031734135
4.151700000000000,0.008581751,0.032440355,0.954072318,-0.297691095,0.954072318,-0.297691095,0.011383179,0.031566217
4.151800000000001,0.008498112,0.032287126,0.954022542,-0.297869623,0.954022542,-0.297869623,0.011376084,0.031388508
4.151900000000000,0.008409371,0.03212467,0.953969853,-0.298058397,0.953969853,-0.298058397,0.011368461,0.031200075
4.152000000000000,0.00831502,0.031952085,0.953913958,-0.298258422,0.953913958,-0.298258422,0.011360255,0.030999865
4.152100000000000,0.008214484,0.031768345,0.953854526,-0.298470834,0.953854526,-0.298470834,0.011351397,0.030786682
4.152200000000001,0.008107108,0.031572284,0.953791177,-0.29869693,0.953791177,-0.29869693,0.01134181,0.030559167
4.152300000000000,0.00799214,0.031362567,0.953723478,-0.298938193,0.953723478,-0.298938193,0.011331407,0.030315762
4.152400000000000,0.007868715,0.031137665,0.953650926,-0.299196325,0.953650926,-0.299196325,0.011320081,0.030054679
4.152500000000000,0.007735831,0.030895807,0.95357294,-0.299473293,0.95357294,-0.299473293,0.011307711,0.029773851
4.152600000000001,0.007592325,0.030634941,0.953488845,-0.29977138,0.953488845,-0.29977138,0.011294151,0.029470881
4.152700000000000,0.007436833,0.030352672,0.953397845,-0.30009325,0.953397845,-0.30009325,0.01127923,0.029142965
4.152800000000000,0.007267749,0.030046185,0.953299003,-0.300442037,0.953299003,-0.300442037,0.01126274,0.02878681
4.152900000000001,0.007083169,0.029712152,0.953191206,-0.300821445,0.953191206,-0.300821445,0.011244431,0.02839852
4.153000000000000,0.006880815,0.029346608,0.953073118,-0.301235891,0.953073118,-0.301235891,0.011223999,0.027973446
4.153100000000000,0.006657943,0.028944792,0.952943128,-0.301690679,0.952943128,-0.301690679,0.011201068,0.027506006
4.153200000000000,0.006411214,0.028500934,0.952799267,-0.302192241,0.952799267,-0.302192241,0.011175172,0.026989426
4.153300000000001,0.006136524,0.028007979,0.95263911,-0.302748448,0.95263911,-0.302748448,0.01114572,0.026415414
4.153400000000000,0.005828775,0.027457198,0.952459634,-0.303369038,0.952459634,-0.303369038,0.011111963,0.025773704
4.153500000000000,0.00548155,0.026837672,0.952257021,-0.304066205,0.952257021,-0.304066205,0.011072929,0.025051433
4.153600000000000,0.005086662,0.026135551,0.952026379,-0.304855428,0.952026379,-0.304855428,0.011027337,0.024232267
4.153700000000001,0.004633492,0.025333001,0.951761267,-0.305756628,0.951761267,-0.305756628,0.010973473,0.023295139
4.153800000000000,0.004108023,0.024406659,0.951452908,-0.306795847,0.951452908,-0.306795847,0.010908988,0.02221241
4.153900000000000,0.003491362,0.023325337,0.951090127,-0.308008138,0.951090127,-0.308008138,0.010830588,0.020947084
4.154000000000000,0.002757412,0.022046408,0.950656964,-0.309441327,0.950656964,-0.309441327,0.010733515,0.019448485
4.154100000000001,0.001869094,0.020510055,0.950130571,-0.311162633,0.950130571,-0.311162633,0.010610673,0.017645293
4.154122471611831,0.001643133,0.020121254,0.949996291,-0.311598238,0.949996291,-0.311598238,0.010578506,0.017188449
4.154144428313965,0.001411524,0.019723568,0.949858491,-0.312043812,0.949858491,-0.312043812,0.010545152,0.01672095
4.154165881904935,0.001174116,0.019316798,0.949717069,-0.312499585,0.949717069,-0.312499585,0.010510563,0.016242545
4.154186843912919,9.3075365039e-4,0.01890074,0.949571918,-0.312965794,0.949571918,-0.312965794,0.010474689,0.015752979
4.154200000000000,7.7188778110e-4,0.018629636,0.949477064,-0.313269596,0.949477064,-0.313269596,0.010451043,0.015433847
4.154207325601947,6.8127861307e-4,0.018475187,0.949422929,-0.31344268,0.949422929,-0.31344268,0.010437477,0.015251991
4.154227337977943,4.2552685846e-4,0.018039927,0.94926999,-0.313930489,0.94926999,-0.313930489,0.010398872,0.014739314
4.154246891794646,1.6332989783e-4,0.017594744,0.949112984,-0.314429474,0.949112984,-0.314429474,0.010358818,0.014214674
4.154265997559384,-1.05E-04,0.017139417,0.94895179,-0.31493989,0.94895179,-0.31493989,0.010317254,0.013677793
4.154284665538726,-3.81E-04,0.01667372,0.948786285,-0.315462001,0.948786285,-0.315462001,0.01027412,0.013128385
4.154300000000000,-6.18E-04,0.01627477,0.948643983,-0.315909342,0.948643983,-0.315909342,0.010236664,0.012657477
4.154302905763990,-6.64E-04,0.016197425,0.948616339,-0.315996075,0.948616339,-0.315996075,0.010229349,0.012566156
4.154320728036644,-9.53E-04,0.015710297,0.948441821,-0.316542387,0.948441821,-0.316542387,0.010182874,0.011990809
4.154338141933562,-1.25E-03,0.015212097,0.948262594,-0.317101215,0.948262594,-0.317101215,0.010134624,0.011402038
4.154355156812179,-1.56E-03,0.014702581,0.948078516,-0.317672846,0.948078516,-0.317672846,0.010084525,0.010799529
4.154371781815516,-1.87E-03,0.014181501,0.947889441,-0.318257572,0.947889441,-0.318257572,0.0100325,0.010182964
4.154388025877090,-2.19E-03,0.013648603,0.947695218,-0.318855691,0.947695218,-0.318855691,0.009978469,0.009552016
4.154400000000000,-2.43E-03,0.013239775,0.947545622,-0.319314648,0.947545622,-0.319314648,0.009936449,0.009067691
4.154403897725719,-2.52E-03,0.013103629,0.94749569,-0.319467507,0.94749569,-0.319467507,0.009922347,0.00890635
4.154419405890212,-2.85E-03,0.012546315,0.947290698,-0.320093331,0.947290698,-0.320093331,0.009864046,0.008245624
4.154434558703948,-3.20E-03,0.011976394,0.947080073,-0.32073348,0.947080073,-0.32073348,0.009803475,0.00756949
4.154449364309358,-3.55E-03,0.011393591,0.946863643,-0.321388279,0.946863643,-0.321388279,0.009740538,0.006877589
4.154463830662301,-3.92E-03,0.010797628,0.94664123,-0.322058057,0.94664123,-0.322058057,0.009675135,0.006169558
4.154477965536333,-4.29E-03,0.010188221,0.946412649,-0.322743153,0.946412649,-0.322743153,0.009607161,0.005445022
4.154491776526892,-4.67E-03,0.009565079,0.946177709,-0.323443911,0.946177709,-0.323443911,0.009536507,0.004703599
4.154500000000001,-4.91E-03,0.009180246,0.946032006,-0.323876793,0.946032006,-0.323876793,0.009492292,0.004245436
4.154505271055373,-5.07E-03,0.008927909,0.945936214,-0.324160683,0.945936214,-0.324160683,0.009463059,0.0039449
4.154518456373123,-5.47E-03,0.00827641,0.945687958,-0.324893828,0.945687958,-0.324893828,0.009386698,0.003168526
4.154531339565328,-5.88E-03,0.007610276,0.945432732,-0.32564371,0.945432732,-0.32564371,0.009307299,0.002374069
4.154543927554829,-6.31E-03,0.006929197,0.945170314,-0.326410705,0.945170314,-0.326410705,0.009224733,0.001561113
4.154556227105836,-6.74E-03,0.006232855,0.944900481,-0.327195193,0.944900481,-0.327195193,0.009138863,7.2923098254e-4
4.154568244827569,-7.19E-03,0.005520928,0.944622997,-0.327997563,0.944622997,-0.327997563,0.009049547,-1.22E-04
4.154579987177803,-7.65E-03,0.004793088,0.94433762,-0.328818212,0.94433762,-0.328818212,0.008956638,-9.93E-04
4.154591460466341,-8.12E-03,0.004049002,0.944044098,-0.329657542,0.944044098,-0.329657542,0.00885998,-1.88E-03
4.154600000000000,-8.48E-03,0.003472698,0.943815525,-0.330307871,0.943815525,-0.330307871,0.00878395,-2.58E-03
4.154602670858404,-8.60E-03,0.00328833,0.943742172,-0.330515968,0.943742172,-0.330515968,0.008759411,-2.80E-03
4.154613624377947,-9.10E-03,0.002510728,0.943431573,-0.331393908,0.943431573,-0.331393908,0.008654763,-3.73E-03
4.154624326910892,-9.61E-03,0.001715844,0.943112022,-0.332291791,0.943112022,-0.332291791,0.008545859,-4.68E-03
4.154634784208291,-0.010128311,9.0332214979e-4,0.942783231,-0.333210055,0.942783231,-0.333210055,0.008432513,-5.66E-03
4.154645001889419,-0.01066451,7.2800681451e-5,0.942444899,-0.334149143,0.942444899,-0.334149143,0.008314534,-6.66E-03
4.154654985444792,-0.011214997,-7.76E-04,0.942096718,-0.335109509,0.942096718,-0.335109509,0.008191718,-7.68E-03
4.154664740239117,-0.011780187,-1.64E-03,0.941738366,-0.336091614,0.941738366,-0.336091614,0.008063857,-8.73E-03
4.154674271514177,-0.012360505,-2.53E-03,0.941369511,-0.33709593,0.941369511,-0.33709593,0.007930729,-9.80E-03
4.154683584391644,-0.012956393,-3.44E-03,0.940989809,-0.338122934,0.940989809,-0.338122934,0.007792105,-0.010897697
4.154692683875832,-0.013568304,-4.36E-03,0.940598901,-0.339173115,0.940598901,-0.339173115,0.007647743,-0.012018818
4.154700000000000,-0.014083099,-5.14E-03,0.940269261,-0.340053173,0.940269261,-0.340053173,0.007524732,-0.012958823
4.154701574856391,-0.014196707,-5.31E-03,0.940196419,-0.340246968,0.940196419,-0.340246968,0.007497394,-0.013165879
4.154710262110927,-0.014842085,-6.28E-03,0.939781978,-0.341344998,0.939781978,-0.341344998,0.007340794,-0.014339465
4.154718750307575,-0.015504939,-7.26E-03,0.939355181,-0.342467719,0.939355181,-0.342467719,0.007177669,-0.01554017
4.154727044007505,-0.016185783,-8.27E-03,0.938915615,-0.343615654,0.938915615,-0.343615654,0.007007732,-0.016768602
4.154735147667372,-0.016885149,-9.31E-03,0.938462853,-0.344789333,0.938462853,-0.344789333,0.006830684,-0.018025378
4.154743065641715,-0.017603587,-0.010360076,0.937996451,-0.345989297,0.937996451,-0.345989297,0.006646212,-0.019311132
4.154750802185291,-0.018341663,-0.011436858,0.937515952,-0.347216094,0.937515952,-0.347216094,0.006453988,-0.020626505
4.154758361455365,-0.019099963,-0.012536844,0.937020877,-0.348470283,0.937020877,-0.348470283,0.006253672,-0.021972155
4.154765747513946,-0.01987909,-0.013660469,0.936510733,-0.349752428,0.936510733,-0.349752428,0.006044905,-0.02334875
4.154772964329965,-0.020679669,-0.014808172,0.935985007,-0.351063105,0.935985007,-0.351063105,0.005827314,-0.02475697
4.154780015781408,-0.021502343,-0.015980398,0.935443168,-0.352402898,0.935443168,-0.352402898,0.00560051,-0.02619751
4.154786905657404,-0.022347777,-0.017177593,0.934884665,-0.353772398,0.934884665,-0.353772398,0.005364085,-0.027671076
4.154793637660259,-0.023216659,-0.018400207,0.934308926,-0.355172205,0.934308926,-0.355172205,0.005117613,-0.029178388
4.154800000000000,-0.024079727,-0.019606927,0.933735307,-0.356555043,0.933735307,-0.356555043,0.004869332,-0.030668558
4.154800215407444,-0.024109697,-0.019648693,0.933715358,-0.356602927,0.933715358,-0.356602927,0.00486065,-0.030720178
4.154806642433539,-0.025027622,-0.02092351,0.933103345,-0.35806518,0.933103345,-0.35806518,0.00459273,-0.032297191
4.154812922192137,-0.025971193,-0.022225113,0.93247225,-0.359559589,0.93247225,-0.359559589,0.004313368,-0.033910185
4.154819058057692,-0.026941188,-0.023553965,0.931821411,-0.361086785,0.931821411,-0.361086785,0.004022057,-0.035559931
4.154825053327340,-0.027938414,-0.024910528,0.931150141,-0.362647406,0.931150141,-0.362647406,0.003718268,-0.037247212
4.154830911222663,-0.028963705,-0.026295263,0.930457727,-0.364242099,0.930457727,-0.364242099,0.003401446,-0.038972824
4.154836634891430,-0.030017918,-0.027708635,0.929743431,-0.365871516,0.929743431,-0.365871516,0.003071014,-0.040737576
4.154842227409277,-0.031101943,-0.029151106,0.929006486,-0.367536315,0.929006486,-0.367536315,0.002726367,-0.04254229
4.154847691781369,-0.032216696,-0.030623139,0.928246097,-0.369237161,0.928246097,-0.369237161,0.002366876,-0.044387799
4.154853030944010,-0.033363123,-0.032125195,0.927461439,-0.370974724,0.927461439,-0.370974724,0.001991882,-0.046274948
4.154858247766223,-0.034542202,-0.033657733,0.926651655,-0.372749679,0.926651655,-0.372749679,0.001600696,-0.048204595
4.154863345051291,-0.035754942,-0.035221208,0.925815859,-0.374562705,0.925815859,-0.374562705,0.001192602,-0.050177608
4.154868325538262,-0.037002384,-0.036816073,0.924953129,-0.376414484,0.924953129,-0.376414484,7.6684920192e-4,-0.052194868
4.154873191903421,-0.038285605,-0.038442775,0.924062511,-0.378305704,0.924062511,-0.378305704,3.2265536769e-4,-0.054257267
4.154877946761733,-0.039605714,-0.040101756,0.923143013,-0.380237052,0.923143013,-0.380237052,-1.41E-04,-0.056365704
4.154882592668240,-0.040963857,-0.04179345,0.922193609,-0.382209218,0.922193609,-0.382209218,-6.24E-04,-0.058521091
4.154887132119442,-0.042361218,-0.043518284,0.921213233,-0.384222893,0.921213233,-0.384222893,-1.13E-03,-0.06072435
4.154891567554633,-0.043799017,-0.045276678,0.920200781,-0.386278767,0.920200781,-0.386278767,-1.66E-03,-0.062976408
4.154895901357212,-0.045278514,-0.047069037,0.919155107,-0.388377529,0.919155107,-0.388377529,-2.20E-03,-0.065278204
4.154900000000000,-0.046750922,-0.048835947,0.918110621,-0.390449666,0.918110621,-0.390449666,-2.76E-03,-0.06755355
4.154900135855967,-0.046801009,-0.048895759,0.918075024,-0.390519867,0.918075024,-0.390519867,-2.78E-03,-0.067630683
4.154904273326326,-0.048367842,-0.050757227,0.916959301,-0.392706463,0.916959301,-0.392706463,-3.38E-03,-0.070034795
4.154908315991577,-0.049980397,-0.052653808,0.915806662,-0.394937996,0.915806662,-0.394937996,-4.00E-03,-0.072491496
4.154912266024062,-0.0516401,-0.054585855,0.914615785,-0.397215138,0.914615785,-0.397215138,-4.65E-03,-0.075001749
4.154916125546349,-0.053348422,-0.056553701,0.9133853,-0.399538554,0.9133853,-0.399538554,-5.33E-03,-0.077566518
4.154919896632371,-0.055106879,-0.058557661,0.912113788,-0.4019089,0.912113788,-0.4019089,-6.04E-03,-0.080186769
4.154923581308536,-0.056917034,-0.060598027,0.910799779,-0.404326819,0.910799779,-0.404326819,-6.78E-03,-0.08286347
4.154927181554821,-0.058780498,-0.062675066,0.909441749,-0.406792943,0.909441749,-0.406792943,-7.56E-03,-0.085597588
4.154930699305835,-0.060698929,-0.064789019,0.908038124,-0.409307889,0.908038124,-0.409307889,-8.36E-03,-0.088390088
4.154934136451855,-0.062674038,-0.066940101,0.90658727,-0.411872257,0.90658727,-0.411872257,-9.20E-03,-0.09124193
4.154937494839849,-0.064707583,-0.069128493,0.9050875,-0.414486628,0.9050875,-0.414486628,-0.010081619,-0.09415407
4.154940776274461,-0.066801376,-0.071354343,0.903537066,-0.417151561,0.903537066,-0.417151561,-0.010998294,-0.097127454
4.154943982518983,-0.06895728,-0.073617762,0.90193416,-0.419867591,0.90193416,-0.419867591,-0.011954911,-0.100163021
4.154947115296305,-0.071177213,-0.075918821,0.900276914,-0.422635227,0.900276914,-0.422635227,-0.01295319,-0.103261694
4.154950176289839,-0.073463146,-0.078257551,0.898563395,-0.425454947,0.898563395,-0.425454947,-0.013994919,-0.106424385
4.154953167144424,-0.075817106,-0.080633933,0.896791608,-0.428327197,0.896791608,-0.428327197,-0.015081959,-0.109651987
4.154956089467208,-0.078241173,-0.083047902,0.89495949,-0.431252387,0.89495949,-0.431252387,-0.016216243,-0.11294537
4.154958944828515,-0.080737487,-0.085499336,0.893064912,-0.434230888,0.893064912,-0.434230888,-0.017399778,-0.116305386
4.154961734762684,-0.08330824,-0.087988061,0.891105676,-0.437263025,0.891105676,-0.437263025,-0.018634649,-0.119732854
4.154964460768900,-0.085955684,-0.090513837,0.889079515,-0.44034908,0.889079515,-0.44034908,-0.019923021,-0.123228568
4.154967124311994,-0.088682126,-0.093076362,0.886984089,-0.443489279,0.886984089,-0.443489279,-0.021267139,-0.126793285
4.154969726823232,-0.091489932,-0.095675262,0.884816989,-0.446683798,0.884816989,-0.446683798,-0.022669333,-0.130427723
4.154972269701086,-0.094381522,-0.09831009,0.882575732,-0.449932747,0.882575732,-0.449932747,-0.024132014,-0.134132559
4.154974754311983,-0.097359373,-0.100980321,0.880257762,-0.453236175,0.880257762,-0.453236175,-0.025657686,-0.137908423
4.154977181991037,-0.10042602,-0.103685342,0.877860449,-0.456594059,0.877860449,-0.456594059,-0.027248937,-0.141755892
4.154979554042774,-0.103584049,-0.106424454,0.875381088,-0.460006302,0.875381088,-0.460006302,-0.028908447,-0.145675486
4.154981871741827,-0.106836104,-0.109196863,0.8728169,-0.463472723,0.8728169,-0.463472723,-0.030638987,-0.149667663
4.154984136333620,-0.110184878,-0.112001671,0.870165032,-0.466993057,0.870165032,-0.466993057,-0.032443424,-0.153732812
4.154986349035042,-0.113633117,-0.114837877,0.867422556,-0.470566945,0.867422556,-0.470566945,-0.034324714,-0.157871246
4.154988511035098,-0.117183614,-0.117704366,0.864586471,-0.474193928,0.864586471,-0.474193928,-0.036285914,-0.162083201
4.154990623495548,-0.120839211,-0.120599905,0.861653702,-0.477873441,0.861653702,-0.477873441,-0.038330171,-0.166368821
4.154992687551532,-0.124602792,-0.123523134,0.858621104,-0.481604805,0.858621104,-0.481604805,-0.040460733,-0.170728157
4.154994704312180,-0.128477282,-0.126472564,0.855485461,-0.485387223,0.855485461,-0.485387223,-0.042680942,-0.175161158
4.154996674861207,-0.132465642,-0.129446565,0.852243489,-0.489219768,0.852243489,-0.489219768,-0.044994236,-0.179667663
4.154998600257496,-0.136570868,-0.132443362,0.848891839,-0.493101378,0.848891839,-0.493101378,-0.047404148,-0.18424739
4.155000000000000,-0.139693504,-0.134680049,0.846332639,-0.496011836,0.846332639,-0.496011836,-0.049256435,-0.187691807
4.155000481535668,-0.140795983,-0.135461028,0.845427099,-0.497030848,0.845427099,-0.497030848,-0.049914306,-0.188899935
4.155002319706633,-0.145144035,-0.138497476,0.841845799,-0.501006821,0.841845799,-0.501006821,-0.052528432,-0.193624755
4.155004115758144,-0.149618086,-0.141550453,0.838144411,-0.50502778,0.838144411,-0.50502778,-0.055250336,-0.198421163
4.155005870655316,-0.154221213,-0.144617531,0.834319359,-0.50909204,0.834319359,-0.50909204,-0.058083919,-0.203288318
4.155007585341149,-0.158956495,-0.147696101,0.830367021,-0.513197738,0.830367021,-0.513197738,-0.061033165,-0.208225216
4.155009260737040,-0.163827008,-0.150783365,0.826283734,-0.517342825,0.826283734,-0.517342825,-0.064102141,-0.213230679
4.155010897743268,-0.168835816,-0.153876331,0.822065804,-0.521525057,0.822065804,-0.521525057,-0.06729499,-0.218303343
4.155012497239486,-0.173985963,-0.156971802,0.817709511,-0.525741987,0.817709511,-0.525741987,-0.070615927,-0.223441651
4.155014060085191,-0.179280461,-0.160066374,0.813211115,-0.529990953,0.813211115,-0.529990953,-0.074069231,-0.228643841
4.155015587120185,-0.184722281,-0.163156426,0.808566873,-0.534269074,0.808566873,-0.534269074,-0.077659242,-0.233907933
4.155017079165026,-0.19031434,-0.166238113,0.803773039,-0.538573237,0.803773039,-0.538573237,-0.08139035,-0.239231722
4.155018537021471,-0.196059489,-0.169307365,0.798825883,-0.542900088,0.798825883,-0.542900088,-0.085266986,-0.244612764
4.155019961472906,-0.201960501,-0.172359877,0.793721696,-0.547246028,0.793721696,-0.547246028,-0.089293616,-0.250048366
4.155021353284767,-0.208020055,-0.175391104,0.788456811,-0.551607201,0.788456811,-0.551607201,-0.093474725,-0.255535574
4.155022713204949,-0.214240722,-0.178396262,0.783027608,-0.555979489,0.783027608,-0.555979489,-0.097814808,-0.261071166
4.155024041964211,-0.220624947,-0.181370316,0.777430535,-0.560358501,0.777430535,-0.560358501,-0.102318358,-0.266651637
4.155025340276569,-0.227175036,-0.184307986,0.771662124,-0.564739572,0.771662124,-0.564739572,-0.106989848,-0.272273192
4.155026608839675,-0.233893132,-0.18720374,0.765719004,-0.569117752,0.765719004,-0.569117752,-0.111833721,-0.277931735
4.155027848335199,-0.240781204,-0.190051795,0.759597924,-0.573487804,0.759597924,-0.573487804,-0.116854366,-0.28362286
4.155029059429188,-0.247841021,-0.192846115,0.753295766,-0.577844201,0.753295766,-0.577844201,-0.122056107,-0.289341844
4.155030242772428,-0.255074135,-0.195580417,0.746809575,-0.582181119,0.746809575,-0.582181119,-0.127443178,-0.295083637
4.155031399000795,-0.262481858,-0.198248172,0.740136571,-0.586492439,0.740136571,-0.586492439,-0.133019706,-0.300842859
4.155032528735594,-0.270065242,-0.200842608,0.733274175,-0.590771744,0.733274175,-0.590771744,-0.138789689,-0.30661379
4.155033632583891,-0.277825057,-0.20335672,0.726220035,-0.595012323,0.726220035,-0.595012323,-0.14475697,-0.312390371
4.155034711138845,-0.285761766,-0.205783273,0.718972044,-0.599207171,0.718972044,-0.599207171,-0.150925216,-0.318166197
4.155035764980022,-0.293875506,-0.208114818,0.711528372,-0.603348995,0.711528372,-0.603348995,-0.157297891,-0.323934516
4.155036794673709,-0.302166059,-0.210343698,0.703887486,-0.607430221,0.703887486,-0.607430221,-0.163878227,-0.329688234
4.155037800773215,-0.310632835,-0.212462068,0.696048177,-0.611443,0.696048177,-0.611443,-0.170669202,-0.335419911
4.155038783819172,-0.319274844,-0.214461906,0.68800959,-0.615379223,0.68800959,-0.615379223,-0.177673506,-0.341121771
4.155039744339826,-0.328090678,-0.216335034,0.679771245,-0.61923053,0.679771245,-0.61923053,-0.184893518,-0.346785707
4.155040682851315,-0.337078482,-0.21807314,0.671333068,-0.622988326,0.671333068,-0.622988326,-0.192331269,-0.352403287
4.155041599857953,-0.346235941,-0.219667798,0.662695416,-0.626643802,0.662695416,-0.626643802,-0.199988418,-0.357965771
4.155042495852498,-0.355560253,-0.221110496,0.653859102,-0.630187952,0.653859102,-0.630187952,-0.207866219,-0.363464122
4.155043371316415,-0.365048112,-0.222392665,0.644825421,-0.633611598,0.644825421,-0.633611598,-0.215965492,-0.368889024
4.155044226720140,-0.374695694,-0.223505708,0.635596173,-0.636905418,0.635596173,-0.636905418,-0.224286592,-0.374230901
4.155045062523327,-0.384498633,-0.224441031,0.62617369,-0.640059969,0.62617369,-0.640059969,-0.232829382,-0.379479942
4.155045879175099,-0.394452016,-0.225190083,0.616560851,-0.643065726,0.616560851,-0.643065726,-0.241593202,-0.384626127
4.155046677114288,-0.404550367,-0.22574439,0.606761109,-0.645913109,0.606761109,-0.645913109,-0.250576844,-0.389659252
4.155047456769669,-0.414787639,-0.226095594,0.5967785,-0.648592526,0.5967785,-0.648592526,-0.259778527,-0.394568968
4.155048218560195,-0.425157208,-0.226235497,0.586617666,-0.651094406,0.586617666,-0.651094406,-0.269195871,-0.399344811
4.155048962895214,-0.435651874,-0.2261561,0.576283862,-0.653409247,0.576283862,-0.653409247,-0.278825876,-0.40397624
4.155049690174701,-0.446263858,-0.225849653,0.565782968,-0.655527654,0.565782968,-0.655527654,-0.288664907,-0.408452682
4.155050400789462,-0.456984808,-0.225308692,0.555121491,-0.657440389,0.555121491,-0.657440389,-0.298708672,-0.412763571
4.155051095121348,-0.467805808,-0.224526092,0.544306571,-0.659138415,0.544306571,-0.659138415,-0.308952214,-0.416898397
4.155051773543463,-0.478717391,-0.223495112,0.533345975,-0.660612945,0.533345975,-0.660612945,-0.319389902,-0.420846753
4.155052436420358,-0.489709558,-0.222209437,0.522248096,-0.661855495,0.522248096,-0.661855495,-0.330015422,-0.424598384
4.155053084108235,-0.500771794,-0.220663229,0.511021934,-0.662857927,0.511021934,-0.662857927,-0.340821781,-0.42814324
4.155053716955130,-0.5118931,-0.218851169,0.499677091,-0.663612505,0.499677091,-0.663612505,-0.351801305,-0.431471527
4.155054335301108,-0.52306202,-0.216768501,0.488223743,-0.664111942,0.488223743,-0.664111942,-0.362945654,-0.434573764
4.155054939478438,-0.534266677,-0.214411074,0.476672619,-0.66434945,0.476672619,-0.66434945,-0.374245829,-0.43744083
4.155055529811778,-0.545494808,-0.211775379,0.465034971,-0.664318785,0.465034971,-0.664318785,-0.385692194,-0.440064023
4.155056106618346,-0.556733814,-0.208858591,0.453322541,-0.664014295,0.453322541,-0.664014295,-0.397274496,-0.44243511
4.155056670208093,-0.567970801,-0.205658594,0.44154752,-0.663430962,0.44154752,-0.663430962,-0.408981896,-0.444546378
4.155057220883865,-0.579192632,-0.202174016,0.429722508,-0.662564442,0.429722508,-0.662564442,-0.420802998,-0.446390686
4.155057758941570,-0.590385983,-0.198404252,0.417860466,-0.661411102,0.417860466,-0.661411102,-0.432725892,-0.447961507
4.155058284670337,-0.601537395,-0.194349486,0.405974665,-0.659968053,0.405974665,-0.659968053,-0.444738193,-0.449252976
4.155058798352667,-0.612633335,-0.190010705,0.39407863,-0.658233181,0.39407863,-0.658233181,-0.456827085,-0.45025993
4.155059300264591,-0.623660258,-0.185389707,0.382186088,-0.656205165,0.382186088,-0.656205165,-0.468979379,-0.450977942
4.155059790675812,-0.634604667,-0.180489112,0.370310903,-0.653883503,0.370310903,-0.653883503,-0.481181562,-0.451403357
4.155060269849855,-0.645453176,-0.175312356,0.358467016,-0.65126852,0.358467016,-0.65126852,-0.493419856,-0.451533316
4.155060738044208,-0.656192572,-0.169863686,0.346668383,-0.648361378,0.346668383,-0.648361378,-0.505680276,-0.451365779
4.155061195510455,-0.666809878,-0.16414815,0.334928911,-0.645164081,0.334928911,-0.645164081,-0.5179487,-0.450899544
4.155061642494418,-0.677292416,-0.158171575,0.323262391,-0.641679465,0.323262391,-0.641679465,-0.530210921,-0.450134256
4.155062079236288,-0.687627862,-0.151940547,0.311682437,-0.637911194,0.311682437,-0.637911194,-0.542452723,-0.449070412
4.155062505970747,-0.697804309,-0.14546238,0.300202423,-0.633863743,0.300202423,-0.633863743,-0.554659941,-0.447709362
4.155062922927105,-0.707810315,-0.138745084,0.288835422,-0.629542377,0.288835422,-0.629542377,-0.566818524,-0.446053299
4.155063330329414,-0.717634959,-0.131797325,0.277594142,-0.624953124,0.277594142,-0.624953124,-0.578914605,-0.44410525
4.155063728396593,-0.727267887,-0.124628382,0.26649088,-0.620102743,0.26649088,-0.620102743,-0.590934557,-0.441869058
4.155064117342548,-0.736699353,-0.117248099,0.255537459,-0.61499869,0.255537459,-0.61499869,-0.602865058,-0.439349355
4.155064497376276,-0.745920258,-0.109666838,0.244745185,-0.609649074,0.244745185,-0.609649074,-0.614693146,-0.436551534
4.155064868701995,-0.754922185,-0.101895423,0.2341248,-0.604062617,0.2341248,-0.604062617,-0.626406274,-0.433481718
4.155065231519235,-0.763697425,-0.093945083,0.223686442,-0.598248597,0.223686442,-0.598248597,-0.637992361,-0.430146718
4.155065586022959,-0.772239001,-0.085827397,0.21343961,-0.592216808,0.21343961,-0.592216808,-0.649439838,-0.426553992
4.155065932403661,-0.780540684,-0.077554236,0.203393131,-0.585977496,0.203393131,-0.585977496,-0.660737689,-0.4227116
4.155066270847469,-0.788597005,-0.069137701,0.193555142,-0.579541309,0.193555142,-0.579541309,-0.671875492,-0.418628154
4.155066601536248,-0.796403265,-0.060590066,0.18393306,-0.572919241,0.18393306,-0.572919241,-0.682843447,-0.414312769
4.155066924647696,-0.80395553,-0.051923717,0.174533576,-0.56612257,0.174533576,-0.56612257,-0.693632407,-0.409775005
4.155067240355438,-0.81125063,-0.043151098,0.165362642,-0.559162805,0.165362642,-0.559162805,-0.704233897,-0.405024818
4.155067548829120,-0.818286153,-0.034284651,0.156425469,-0.552051625,0.156425469,-0.552051625,-0.714640133,-0.4000725
4.155067850234501,-0.825060425,-0.025336764,0.147726523,-0.544800828,0.147726523,-0.544800828,-0.724844034,-0.394928628
4.155068144733545,-0.831572499,-0.016319719,0.139269538,-0.537422268,0.139269538,-0.537422268,-0.734839227,-0.389604005
4.155068432484501,-0.837822128,-7.25E-03,0.131057522,-0.52992781,0.131057522,-0.52992781,-0.744620051,-0.384109607
4.155068713641993,-0.843809741,0.001873538,0.12309277,-0.522329275,0.12309277,-0.522329275,-0.754181554,-0.37845653
4.155068988357102,-0.849536417,0.01102614,0.115376888,-0.514638393,0.115376888,-0.514638393,-0.763519484,-0.372655938
4.155069256777448,-0.855003851,0.020200765,0.107910807,-0.506866756,0.107910807,-0.506866756,-0.772630281,-0.366719012
4.155069519047268,-0.860214321,0.029386328,0.100694816,-0.499025776,0.100694816,-0.499025776,-0.781511061,-0.360656906
4.155069775307495,-0.865170654,0.038572099,0.093728583,-0.491126649,0.093728583,-0.491126649,-0.790159596,-0.354480699
4.155070025695828,-0.869876187,0.047747719,0.087011189,-0.483180314,0.087011189,-0.483180314,-0.798574298,-0.348201354
4.155070270346817,-0.874334732,0.056903237,0.080541156,-0.475197426,0.080541156,-0.475197426,-0.806754186,-0.341829679
4.155070509391926,-0.878550534,0.066029118,0.074316486,-0.467188321,0.074316486,-0.467188321,-0.814698871,-0.335376294
4.155070742959606,-0.882528234,0.075116268,0.06833469,-0.459163,0.06833469,-0.459163,-0.82240852,-0.328851592
4.155070971175367,-0.886272832,0.084156044,0.062592824,-0.451131096,0.062592824,-0.451131096,-0.829883826,-0.322265716
4.155071194161841,-0.889789644,0.093140264,0.057087529,-0.443101865,0.057087529,-0.443101865,-0.837125985,-0.31562853
4.155071412038850,-0.893084267,0.102061213,0.051815061,-0.435084166,0.051815061,-0.435084166,-0.844136655,-0.308949595
4.155071624923472,-0.896162542,0.110911647,0.04677133,-0.427086453,0.04677133,-0.427086453,-0.850917929,-0.302238153
4.155071832930102,-0.899030519,0.119684792,0.041951936,-0.419116761,0.041951936,-0.419116761,-0.857472301,-0.295503106
4.155072036170513,-0.901694419,0.128374347,0.037352199,-0.411182705,0.037352199,-0.411182705,-0.863802634,-0.288753005
4.155072234753916,-0.904160604,0.136974471,0.032967197,-0.403291474,0.032967197,-0.403291474,-0.869912126,-0.281996041
4.155072428787022,-0.906435543,0.145479785,0.028791797,-0.395449833,0.028791797,-0.395449833,-0.875804282,-0.275240032
4.155072618374095,-0.908525786,0.153885358,0.024820688,-0.387664121,0.024820688,-0.387664121,-0.881482878,-0.26849242
4.155072803617010,-0.910437931,0.162186698,0.021048406,-0.379940259,0.021048406,-0.379940259,-0.886951933,-0.261760272
4.155072984615309,-0.912178602,0.170379741,0.017469367,-0.37228375,0.017469367,-0.37228375,-0.89221568,-0.25505027
4.155073161466251,-0.91375442,0.178460837,0.014077895,-0.364699693,0.014077895,-0.364699693,-0.897278539,-0.24836872
4.155073334264869,-0.915171987,0.186426736,0.010868243,-0.357192787,0.010868243,-0.357192787,-0.902145086,-0.24172155
4.155073503104017,-0.916437858,0.194274575,0.007834619,-0.349767343,0.007834619,-0.349767343,-0.906820031,-0.23511432
4.155073668074420,-0.917558527,0.202001857,0.004971209,-0.342427293,0.004971209,-0.342427293,-0.911308193,-0.228552219
4.155073829264727,-0.918540408,0.209606441,0.002272196,-0.335176205,0.002272196,-0.335176205,-0.915614476,-0.222040083
4.155073986761553,-0.919389822,0.217086521,-2.68E-04,-0.328017296,-2.68E-04,-0.328017296,-0.919743847,-0.215582394
4.155074140649532,-0.920112979,0.224440611,-2.66E-03,-0.320953443,-2.66E-03,-0.320953443,-0.923701319,-0.209183295
4.155074291011354,-0.920715969,0.231667527,-4.90E-03,-0.313987197,-4.90E-03,-0.313987197,-0.927491928,-0.202846598
4.155074437927817,-0.921204752,0.23876637,-7.00E-03,-0.307120801,-7.00E-03,-0.307120801,-0.931120722,-0.196575795
4.155074581477868,-0.921585147,0.245736511,-8.96E-03,-0.300356201,-8.96E-03,-0.300356201,-0.934592736,-0.190374072
4.155074721738645,-0.921862826,0.252577572,-0.010791134,-0.293695061,-0.010791134,-0.293695061,-0.937912988,-0.184244316
4.155074858785516,-0.922043306,0.25928941,-0.012498857,-0.287138779,-0.012498857,-0.287138779,-0.941086457,-0.178189129
4.155074992692123,-0.922131945,0.265872103,-0.014086858,-0.280688502,-0.014086858,-0.280688502,-0.944118076,-0.172210844
4.155075123530424,-0.922133939,0.272325931,-0.01556031,-0.274345137,-0.01556031,-0.274345137,-0.94701272,-0.166311532
4.155075251370724,-0.922054315,0.278651363,-0.01692426,-0.268109369,-0.01692426,-0.268109369,-0.949775198,-0.160493017
4.155075376281719,-0.921897934,0.284849045,-0.018183634,-0.261981674,-0.018183634,-0.261981674,-0.952410239,-0.154756889
4.155075498330530,-0.921669487,0.290919779,-0.019343226,-0.255962331,-0.019343226,-0.255962331,-0.954922493,-0.149104516
4.155075617582741,-0.921373493,0.296864518,-0.020407695,-0.250051435,-0.020407695,-0.250051435,-0.95731652,-0.143537055
4.155075734102431,-0.921014303,0.302684344,-0.021381565,-0.244248914,-0.021381565,-0.244248914,-0.959596783,-0.138055464
4.155075847952215,-0.9205961,0.308380464,-0.022269221,-0.238554534,-0.022269221,-0.238554534,-0.961767645,-0.132660515
4.155075959193270,-0.920122897,0.313954193,-0.023074911,-0.23296792,-0.023074911,-0.23296792,-0.963833367,-0.127352806
4.155076067885371,-0.919598545,0.319406946,-0.02380274,-0.227488557,-0.02380274,-0.227488557,-0.965798101,-0.122132769
4.155076174086925,-0.919026729,0.324740225,-0.024456674,-0.22211581,-0.024456674,-0.22211581,-0.967665892,-0.117000683
4.155076277854998,-0.918410977,0.32995561,-0.02504054,-0.21684893,-0.02504054,-0.21684893,-0.969440671,-0.111956683
4.155076379245352,-0.917754658,0.335054751,-0.025558027,-0.211687063,-0.025558027,-0.211687063,-0.971126258,-0.107000773
4.155076478312469,-0.917060988,0.340039357,-0.026012686,-0.206629262,-0.026012686,-0.206629262,-0.972726361,-0.10213283
4.155076575109584,-0.916333034,0.34491119,-0.026407932,-0.201674495,-0.026407932,-0.201674495,-0.974244572,-0.097352619
4.155076669688710,-0.915573718,0.349672056,-0.026747049,-0.196821654,-0.026747049,-0.196821654,-0.975684372,-0.092659799
4.155076762100671,-0.914785818,0.354323797,-0.027033189,-0.19206956,-0.027033189,-0.19206956,-0.977049127,-0.088053931
4.155076852395124,-0.913971976,0.358868287,-0.027269377,-0.187416974,-0.027269377,-0.187416974,-0.978342092,-0.083534485
4.155076940620589,-0.913134701,0.363307424,-0.027458509,-0.182862602,-0.027458509,-0.182862602,-0.979566411,-0.079100852
4.155077026824475,-0.912276373,0.367643124,-0.027603363,-0.178405104,-0.027603363,-0.178405104,-0.98072512,-0.074752345
4.155077111053102,-0.911399246,0.371877318,-0.027706596,-0.174043096,-0.027706596,-0.174043096,-0.981821143,-0.070488212
4.155077193351734,-0.910505456,0.376011943,-0.027770746,-0.16977516,-0.027770746,-0.16977516,-0.982857303,-0.066307637
4.155077273764593,-0.909597021,0.380048942,-0.027798244,-0.165599847,-0.027798244,-0.165599847,-0.983836315,-0.062209749
4.155077352334888,-0.90867585,0.383990258,-0.027791405,-0.161515682,-0.027791405,-0.161515682,-0.984760795,-0.058193628
4.155077410098477,-0.90797746,0.386885601,-0.027765066,-0.158510456,-0.027765066,-0.158510456,-0.985420106,-0.055233611
4.155077429104840,-0.907743742,0.387837828,-0.027752443,-0.157521172,-0.027752443,-0.157521172,-0.985633257,-0.054258308
4.155077504115702,-0.906802397,0.391593576,-0.027683466,-0.153614811,-0.027683466,-0.153614811,-0.986456118,-0.050402793
4.155077577407781,-0.905853415,0.395259422,-0.027586485,-0.149795079,-0.027586485,-0.149795079,-0.987231699,-0.046626046
4.155077649020463,-0.904898302,0.398837275,-0.027463415,-0.146060442,-0.027463415,-0.146060442,-0.987962234,-0.042926995
4.155077718992225,-0.903938471,0.402329029,-0.027316076,-0.142409361,-0.027316076,-0.142409361,-0.988649863,-0.039304542
4.155077787360669,-0.902975249,0.405736559,-0.027146201,-0.138840295,-0.027146201,-0.138840295,-0.989296641,-0.035757568
4.155077854162535,-0.902009882,0.409061723,-0.026955438,-0.135351702,-0.026955438,-0.135351702,-0.989904538,-0.032284934
4.155077919433716,-0.901043535,0.412306355,-0.026745349,-0.131942045,-0.026745349,-0.131942045,-0.990475441,-0.028885484
4.155077983209288,-0.900077299,0.415472267,-0.026517421,-0.128609792,-0.026517421,-0.128609792,-0.991011161,-0.025558052
4.155078045523520,-0.899112191,0.418561245,-0.026273061,-0.125353418,-0.026273061,-0.125353418,-0.991513428,-0.022301459
4.155078106409896,-0.898149161,0.421575051,-0.026013604,-0.122171409,-0.026013604,-0.122171409,-0.9919839,-0.019114521
4.155078165901136,-0.897189095,0.42451542,-0.025740316,-0.119062261,-0.025740316,-0.119062261,-0.992424165,-0.015996049
4.155078224029205,-0.896232815,0.427384059,-0.025454396,-0.116024483,-0.025454396,-0.116024483,-0.992835739,-0.012944851
4.155078280825341,-0.895281085,0.430182647,-0.025156976,-0.113056601,-0.025156976,-0.113056601,-0.993220074,-9.96E-03
4.155078336320063,-0.894334614,0.432912832,-0.024849128,-0.110157154,-0.024849128,-0.110157154,-0.993578556,-7.04E-03
4.155078390543189,-0.893394056,0.435576236,-0.024531867,-0.107324698,-0.024531867,-0.107324698,-0.99391251,-4.18E-03
4.155078443523860,-0.892460016,0.438174448,-0.024206149,-0.104557809,-0.024206149,-0.104557809,-0.994223201,-1.39E-03
4.155078495290542,-0.891533051,0.440709028,-0.023872877,-0.10185508,-0.023872877,-0.10185508,-0.994511839,0.001343667
4.155078545871054,-0.890613672,0.443181507,-0.023532902,-0.099215124,-0.023532902,-0.099215124,-0.994779577,0.004016148
4.155078595292574,-0.889702349,0.445593384,-0.023187029,-0.096636573,-0.023187029,-0.096636573,-0.995027515,0.006629615
4.155078643581660,-0.888799511,0.447946127,-0.022836012,-0.094118083,-0.022836012,-0.094118083,-0.995256704,0.009185217
4.155078690764261,-0.887905547,0.450241174,-0.022480564,-0.091658329,-0.022480564,-0.091658329,-0.995468145,0.011684096
4.155078736865730,-0.887020811,0.452479934,-0.022121354,-0.089256007,-0.022121354,-0.089256007,-0.995662793,0.014127378
4.155078781910840,-0.886145625,0.454663785,-0.02175901,-0.086909835,-0.02175901,-0.086909835,-0.995841559,0.016516181
4.155078825923795,-0.885280276,0.456794073,-0.021394124,-0.084618556,-0.021394124,-0.084618556,-0.996005309,0.018851608
4.155078868928247,-0.884425021,0.458872117,-0.021027247,-0.082380932,-0.021027247,-0.082380932,-0.996154871,0.021134747
4.155078910947305,-0.88358009,0.460899204,-0.020658901,-0.08019575,-0.020658901,-0.08019575,-0.99629103,0.023366673
4.155078952003546,-0.882745685,0.462876595,-0.02028957,-0.078061817,-0.02028957,-0.078061817,-0.996414536,0.025548448
4.155078992119034,-0.881921982,0.464805519,-0.019919709,-0.075977965,-0.019919709,-0.075977965,-0.996526103,0.027681116
4.155079031315323,-0.881109137,0.466687179,-0.019549742,-0.073943048,-0.019549742,-0.073943048,-0.996626409,0.029765708
4.155079069613478,-0.880307278,0.468522747,-0.019180067,-0.071955941,-0.019180067,-0.071955941,-0.9967161,0.031803237
4.155079107034077,-0.879516516,0.47031337,-0.018811051,-0.070015543,-0.018811051,-0.070015543,-0.996795791,0.033794703
4.155079143597229,-0.878736942,0.472060168,-0.01844304,-0.068120775,-0.01844304,-0.068120775,-0.996866064,0.035741088
4.155079179322581,-0.877968627,0.473764231,-0.018076353,-0.06627058,-0.018076353,-0.06627058,-0.996927477,0.037643358
4.155079214229328,-0.877211626,0.475426625,-0.017711287,-0.064463922,-0.017711287,-0.064463922,-0.996980556,0.039502462
4.155079248336231,-0.876465978,0.477048392,-0.017348117,-0.062699789,-0.017348117,-0.062699789,-0.997025803,0.041319334
4.155079281661616,-0.875731707,0.478630545,-0.016987097,-0.060977189,-0.016987097,-0.060977189,-0.997063694,0.043094892
4.155079314223388,-0.875008822,0.480174073,-0.016628463,-0.05929515,-0.016628463,-0.05929515,-0.997094682,0.044830035
4.155079346039049,-0.87429732,0.481679944,-0.016272432,-0.057652723,-0.016272432,-0.057652723,-0.997119197,0.046525648
4.155079377125691,-0.873597185,0.483149097,-0.015919203,-0.056048979,-0.015919203,-0.056048979,-0.997137646,0.048182598
4.155079407500021,-0.87290839,0.484582451,-0.015568958,-0.05448301,-0.015568958,-0.05448301,-0.997150416,0.049801737
4.155079437178360,-0.872230899,0.485980901,-0.015221865,-0.052953926,-0.015221865,-0.052953926,-0.997157875,0.0513839
4.155079466176656,-0.871564663,0.48734532,-0.014878077,-0.05146086,-0.014878077,-0.05146086,-0.99716037,0.052929906
4.155079494510492,-0.870909627,0.48867656,-0.014537733,-0.050002961,-0.014537733,-0.050002961,-0.997158231,0.054440558
4.155079522195091,-0.870265726,0.489975449,-0.014200959,-0.048579401,-0.014200959,-0.048579401,-0.997151773,0.055916644
4.155079549245333,-0.869632889,0.491242796,-0.013867867,-0.047189367,-0.013867867,-0.047189367,-0.99714129,0.057358934
4.155079575675750,-0.869011036,0.49247939,-0.013538561,-0.045832067,-0.013538561,-0.045832067,-0.997127064,0.058768186
4.155079601500547,-0.868400081,0.493685998,-0.01321313,-0.044506727,-0.01321313,-0.044506727,-0.997109362,0.060145139
4.155079626733600,-0.867799933,0.494863369,-0.012891656,-0.043212588,-0.012891656,-0.043212588,-0.997088434,0.06149052
4.155079651388467,-0.867210495,0.496012233,-0.01257421,-0.041948913,-0.01257421,-0.041948913,-0.99706452,0.062805038
4.155079675478399,-0.866631665,0.497133301,-0.012260853,-0.040714979,-0.012260853,-0.040714979,-0.997037844,0.06408939
4.155079699016339,-0.866063336,0.498227267,-0.01195164,-0.03951008,-0.01195164,-0.03951008,-0.997008621,0.065344257
4.155079722014936,-0.865505399,0.499294804,-0.011646614,-0.038333528,-0.011646614,-0.038333528,-0.996977052,0.066570305
4.155079744486550,-0.864957738,0.500336572,-0.011345815,-0.037184649,-0.011345815,-0.037184649,-0.996943327,0.067768188
4.155079765593711,-0.864441078,0.501313899,-0.011060795,-0.03610618,-0.011060795,-0.03610618,-0.996909058,0.068893263
4.155079787195859,-0.863910045,0.502312949,-0.0107666,-0.035003083,-0.0107666,-0.035003083,-0.996871387,0.070044638
4.155079809304603,-0.8633642,0.503334165,-0.0104629,-0.033874819,-0.0104629,-0.033874819,-0.99683011,0.071222918
4.155079831931821,-0.862803089,0.504377999,-0.01014935,-0.032720842,-0.01014935,-0.032720842,-0.996785015,0.07242872
4.155079855089673,-0.862226241,0.50544491,-9.83E-03,-0.031540594,-9.83E-03,-0.031540594,-0.996735876,0.073662671
4.155079878790604,-0.861633171,0.506535362,-9.49E-03,-0.030333508,-9.49E-03,-0.030333508,-0.996682459,0.074925416
4.155079903047348,-0.861023376,0.507649826,-9.15E-03,-0.029099005,-9.15E-03,-0.029099005,-0.996624514,0.076217609
4.155079927872940,-0.860396336,0.508788779,-8.79E-03,-0.027836498,-8.79E-03,-0.027836498,-0.996561781,0.077539922
4.155079953280722,-0.859751515,0.509952707,-8.42E-03,-0.026545388,-8.42E-03,-0.026545388,-0.996493987,0.078893036
4.155079979284344,-0.859088357,0.5111421,-8.04E-03,-0.025225067,-8.04E-03,-0.025225067,-0.996420843,0.08027765
4.155080005897781,-0.858406287,0.512357454,-7.65E-03,-0.023874916,-7.65E-03,-0.023874916,-0.996342046,0.081694475
4.155080033135333,-0.857704712,0.513599271,-7.24E-03,-0.022494304,-7.24E-03,-0.022494304,-0.996257278,0.083144236
4.155080061011638,-0.856983016,0.51486806,-6.82E-03,-0.021082593,-6.82E-03,-0.021082593,-0.996166205,0.084627674
4.155080089541673,-0.856240564,0.516164334,-6.39E-03,-0.019639133,-6.39E-03,-0.019639133,-0.996068477,0.086145544
4.155080118740770,-0.855476699,0.517488613,-5.94E-03,-0.018163264,-5.94E-03,-0.018163264,-0.995963725,0.087698613
4.155080148624619,-0.85469074,0.51884142,-5.47E-03,-0.016654315,-5.47E-03,-0.016654315,-0.995851563,0.089287667
4.155080179209278,-0.853881985,0.520223284,-4.99E-03,-0.015111607,-4.99E-03,-0.015111607,-0.995731583,0.090913503
4.155080210511183,-0.853049704,0.521634737,-4.50E-03,-0.013534449,-4.50E-03,-0.013534449,-0.995603359,0.092576935
4.155080242547154,-0.852193147,0.523076318,-3.98E-03,-0.011922143,-3.98E-03,-0.011922143,-0.995466445,0.094278792
4.155080275334404,-0.851311533,0.524548566,-3.45E-03,-0.01027398,-3.45E-03,-0.01027398,-0.99532037,0.096019917
4.155080308890552,-0.850404058,0.526052025,-2.90E-03,-8.59E-03,-2.90E-03,-8.59E-03,-0.995164643,0.097801167
4.155080343233631,-0.849469889,0.527587241,-2.34E-03,-6.87E-03,-2.34E-03,-6.87E-03,-0.994998745,0.099623415
4.155080378382094,-0.848508162,0.529154763,-1.75E-03,-5.11E-03,-1.75E-03,-5.11E-03,-0.994822134,0.10148755
4.155080414354827,-0.847517987,0.530755141,-1.14E-03,-3.31E-03,-1.14E-03,-3.31E-03,-0.994634243,0.103394474
4.155080451171163,-0.846498442,0.532388925,-5.09E-04,-1.47E-03,-5.09E-04,-1.47E-03,-0.994434475,0.105345104
4.155080488850884,-0.845448572,0.534056668,1.4253028741e-4,4.0882606522e-4,1.4253028741e-4,4.0882606522e-4,-0.994222205,0.107340372
4.155080527414237,-0.844367391,0.535758919,8.1716426902e-4,0.002328574,8.1716426902e-4,0.002328574,-0.993996777,0.109381222
4.155080566881945,-0.843253878,0.537496228,0.001515586,0.004290154,0.001515586,0.004290154,-0.993757505,0.111468615
4.155080607275215,-0.842106978,0.539269142,0.002238707,0.006294345,0.002238707,0.006294345,-0.99350367,0.113603524
4.155080648615754,-0.840925599,0.541078205,0.002987477,0.00834193,0.002987477,0.00834193,-0.993234517,0.115786936
4.155080690925775,-0.839708613,0.542923958,0.003762883,0.010433698,0.003762883,0.010433698,-0.992949256,0.118019851
4.155080734228015,-0.838454853,0.544806935,0.004565948,0.01257044,0.004565948,0.01257044,-0.992647061,0.12030328
4.155080778545742,-0.837163112,0.546727665,0.005397739,0.014752951,0.005397739,0.014752951,-0.992327066,0.122638248
4.155080823902770,-0.835832143,0.548686669,0.006259363,0.016982028,0.006259363,0.016982028,-0.991988363,0.12502579
4.155080870323472,-0.834460657,0.550684459,0.00715197,0.019258468,0.00715197,0.019258468,-0.991630004,0.127466952
4.155080917832792,-0.833047321,0.552721538,0.008076755,0.021583068,0.008076755,0.021583068,-0.991250996,0.12996279
4.155080966456260,-0.831590759,0.554798395,0.00903496,0.023956625,0.00903496,0.023956625,-0.9908503,0.132514371
4.155081016220004,-0.830089549,0.556915507,0.010027874,0.02637993,0.010027874,0.02637993,-0.99042683,0.135122766
4.155081067150764,-0.82854222,0.559073336,0.011056837,0.028853774,0.011056837,0.028853774,-0.989979448,0.137789057
4.155081119275909,-0.826947256,0.561272327,0.012123239,0.031378938,0.012123239,0.031378938,-0.989506966,0.140514331
4.155081172623448,-0.825303089,0.563512904,0.013228522,0.033956199,0.013228522,0.033956199,-0.989008144,0.143299678
4.155081227222047,-0.823608102,0.565795474,0.014374186,0.036586323,0.014374186,0.036586323,-0.988481682,0.146146194
4.155081283101047,-0.821860625,0.568120415,0.015561784,0.039270065,0.015561784,0.039270065,-0.987926226,0.149054976
4.155081340290471,-0.820058934,0.570488085,0.016792928,0.042008168,0.016792928,0.042008168,-0.98734036,0.152027121
4.155081398821054,-0.818201254,0.572898811,0.018069292,0.044801358,0.018069292,0.044801358,-0.986722605,0.155063725
4.155081458724245,-0.81628575,0.575352888,0.019392609,0.047650344,0.019392609,0.047650344,-0.986071419,0.15816588
4.155081520032234,-0.814310534,0.577850579,0.020764677,0.050555816,0.020764677,0.050555816,-0.985385193,0.161334673
4.155081582777965,-0.812273659,0.58039211,0.022187358,0.053518439,0.022187358,0.053518439,-0.984662246,0.164571183
4.155081646995155,-0.810173117,0.582977667,0.023662581,0.056538854,0.023662581,0.056538854,-0.98390083,0.167876479
4.155081712718313,-0.808006844,0.585607393,0.025192344,0.059617671,0.025192344,0.059617671,-0.983099118,0.171251619
4.155081779982752,-0.805772714,0.588281383,0.026778717,0.06275547,0.026778717,0.06275547,-0.98225521,0.174697641
4.155081848824620,-0.803468537,0.590999682,0.028423838,0.065952793,0.028423838,0.065952793,-0.981367126,0.178215569
4.155081919280907,-0.801092066,0.593762281,0.030129923,0.069210144,0.030129923,0.069210144,-0.980432806,0.181806401
4.155081991389475,-0.798640986,0.596569111,0.031899258,0.072527984,0.031899258,0.072527984,-0.979450103,0.185471112
4.155082065189072,-0.796112923,0.599420041,0.03373421,0.075906724,0.03373421,0.075906724,-0.978416788,0.189210647
4.155082140719353,-0.793505438,0.602314873,0.035637221,0.079346726,0.035637221,0.079346726,-0.977330541,0.193025918
4.155082218020905,-0.790816027,0.605253334,0.037610813,0.082848293,0.037610813,0.082848293,-0.976188954,0.196917797
4.155082297135266,-0.788042126,0.608235076,0.039657588,0.086411667,0.039657588,0.086411667,-0.974989523,0.200887116
4.155082378104949,-0.785181104,0.611259668,0.041780229,0.090037024,0.041780229,0.090037024,-0.973729652,0.204934659
4.155082460973465,-0.782230269,0.614326589,0.043981499,0.093724466,0.043981499,0.093724466,-0.972406646,0.209061157
4.155082545785341,-0.779186869,0.617435226,0.046264247,0.097474018,0.046264247,0.097474018,-0.971017714,0.213267284
4.155082632586152,-0.776048089,0.620584865,0.048631401,0.10128562,0.048631401,0.10128562,-0.969559961,0.217553648
4.155082721422541,-0.772811053,0.623774686,0.051085973,0.105159122,0.051085973,0.105159122,-0.968030394,0.221920789
4.155082812342245,-0.769472831,0.627003757,0.053631058,0.109094276,0.053631058,0.109094276,-0.966425912,0.226369168
4.155082905394120,-0.766030433,0.630271028,0.056269834,0.11309073,0.056269834,0.11309073,-0.964743314,0.230899165
4.155083000628166,-0.762480819,0.63357532,0.059005557,0.11714802,0.059005557,0.11714802,-0.962979292,0.235511066
4.155083098095560,-0.758820897,0.636915324,0.061841566,0.121265565,0.061841566,0.121265565,-0.96113043,0.240205059
4.155083197848676,-0.755047526,0.640289591,0.064781278,0.125442653,0.064781278,0.125442653,-0.95919321,0.244981226
4.155083299941116,-0.751157525,0.643696521,0.067828184,0.129678441,0.067828184,0.129678441,-0.957164006,0.249839534
4.155083404427740,-0.747147672,0.647134363,0.070985853,0.13397194,0.070985853,0.13397194,-0.955039086,0.254779823
4.155083511364694,-0.743014709,0.650601202,0.074257921,0.138322011,0.074257921,0.138322011,-0.952814615,0.259801804
4.155083620809441,-0.738755353,0.654094952,0.077648093,0.142727352,0.077648093,0.142727352,-0.950486654,0.26490504
4.155083732820794,-0.734366294,0.657613348,0.081160137,0.147186492,0.081160137,0.147186492,-0.948051165,0.270088946
4.155083847458940,-0.72984421,0.66115394,0.084797878,0.151697779,0.084797878,0.151697779,-0.945504011,0.275352771
4.155083964785481,-0.725185769,0.664714085,0.088565194,0.156259376,0.088565194,0.156259376,-0.942840961,0.280695591
4.155084084863462,-0.720387638,0.668290936,0.09246601,0.160869243,0.09246601,0.160869243,-0.940057692,0.286116297
4.155084207757410,-0.715446495,0.671881437,0.096504288,0.165525135,0.096504288,0.165525135,-0.937149798,0.291613586
4.155084333533361,-0.710359035,0.675482315,0.100684023,0.170224587,0.100684023,0.170224587,-0.93411279,0.297185946
4.155084462258901,-0.705121985,0.679090074,0.10500923,0.174964909,0.10500923,0.174964909,-0.930942107,0.302831647
4.155084594003203,-0.699732112,0.682700983,0.109483937,0.179743172,0.109483937,0.179743172,-0.927633123,0.308548729
4.155084728837057,-0.694186235,0.686311074,0.114112174,0.184556201,0.114112174,0.184556201,-0.924181152,0.31433499
4.155084866832920,-0.688481245,0.689916137,0.11889796,0.189400564,0.11889796,0.189400564,-0.920581462,0.320187973
4.155085008064942,-0.682614111,0.693511708,0.123845291,0.194272567,0.123845291,0.194272567,-0.916829283,0.326104958
4.155085152609018,-0.6765819,0.697093069,0.128958124,0.199168239,0.128958124,0.199168239,-0.912919818,0.332082944
4.155085300542816,-0.670381795,0.700655241,0.134240366,0.204083331,0.134240366,0.204083331,-0.908848261,0.338118644
4.155085451945831,-0.664011107,0.704192984,0.139695852,0.209013302,0.139695852,0.209013302,-0.904609803,0.344208471
4.155085606899418,-0.657467298,0.707700788,0.145328335,0.213953316,0.145328335,0.213953316,-0.900199656,0.350348526
4.155085765486845,-0.650747998,0.711172879,0.151141461,0.218898238,0.151141461,0.218898238,-0.895613064,0.356534592
4.155085927793326,-0.643851028,0.71460321,0.15713875,0.223842622,0.15713875,0.223842622,-0.890845324,0.36276212
4.155086093906080,-0.636774415,0.717985472,0.163323579,0.228780713,0.163323579,0.228780713,-0.885891806,0.369026223
4.155086263914368,-0.629516421,0.721313087,0.169699158,0.233706445,0.169699158,0.233706445,-0.880747971,0.375321667
4.155086437909544,-0.622075561,0.724579216,0.176268505,0.238613432,0.176268505,0.238613432,-0.875409397,0.381642868
4.155086615985105,-0.614450627,0.727776766,0.183034425,0.243494979,0.183034425,0.243494979,-0.8698718,0.387983881
4.155086798236741,-0.606640712,0.730898395,0.189999484,0.248344074,0.189999484,0.248344074,-0.864131059,0.3943384
4.155086984762384,-0.598645235,0.733936521,0.19716598,0.253153398,0.19716598,0.253153398,-0.858183246,0.400699754
4.155087175662268,-0.590463963,0.736883334,0.204535924,0.257915327,0.204535924,0.257915327,-0.852024646,0.407060909
4.155087371038971,-0.582097038,0.739730812,0.212111006,0.262621942,0.212111006,0.262621942,-0.845651794,0.413414465
4.155087570997481,-0.573545001,0.742470733,0.219892568,0.26726504,0.219892568,0.26726504,-0.839061497,0.419752664
4.155087775645246,-0.564808812,0.745094694,0.227881582,0.271836141,0.227881582,0.271836141,-0.83225087,0.426067394
4.155087985092234,-0.55588988,0.747594134,0.236078616,0.276326509,0.236078616,0.276326509,-0.82521736,0.432350196
4.155088199450993,-0.546790082,0.749960354,0.244483808,0.280727165,0.244483808,0.280727165,-0.817958786,0.438592276
4.155088418836709,-0.537511785,0.752184545,0.25309684,0.285028912,0.25309684,0.285028912,-0.810473363,0.444784522
4.155088643367270,-0.528057866,0.754257817,0.26191691,0.289222352,0.26191691,0.289222352,-0.802759736,0.450917512
4.155088873163328,-0.518431733,0.756171223,0.270942708,0.293297917,0.270942708,0.293297917,-0.794817012,0.456981544
4.155089108348367,-0.508637343,0.757915802,0.280172389,0.297245895,0.280172389,0.297245895,-0.786644789,0.46296665
4.155089349048763,-0.498679213,0.759482608,0.289603552,0.301056463,0.289603552,0.301056463,-0.778243188,0.468862625
4.155089595393857,-0.488562437,0.760862748,0.299233218,0.304719718,0.299233218,0.304719718,-0.76961288,0.474659059
4.155089847516025,-0.478292692,0.762047425,0.309057811,0.308225718,0.309057811,0.308225718,-0.760755112,0.480345362
4.155090105550745,-0.467876249,0.763027978,0.319073142,0.311564521,0.319073142,0.311564521,-0.751671736,0.485910807
4.155090369636673,-0.457319976,0.763795926,0.329274395,0.314726223,0.329274395,0.314726223,-0.742365228,0.491344562
4.155090639915717,-0.446631334,0.764343013,0.339656117,0.317701009,0.339656117,0.317701009,-0.732838708,0.496635734
4.155090916533113,-0.435818381,0.764661254,0.35021221,0.320479193,0.35021221,0.320479193,-0.723095964,0.501773412
4.155091199637502,-0.424889755,0.764742983,0.360935929,0.323051268,0.360935929,0.323051268,-0.713141458,0.506746713
4.155091489381012,-0.413854672,0.764580897,0.371819882,0.325407956,0.371819882,0.325407956,-0.70298034,0.511544834
4.155091785919337,-0.402722902,0.76416811,0.382856034,0.327540261,0.382856034,0.327540261,-0.692618457,0.516157097
4.155092089411825,-0.391504753,0.763498192,0.394035718,0.329439511,0.394035718,0.329439511,-0.68206235,0.520573006
4.155092400021557,-0.380211046,0.762565223,0.405349651,0.331097421,0.405349651,0.331097421,-0.671319258,0.524782296
4.155092717915442,-0.36885308,0.761363831,0.416787947,0.332506134,0.416787947,0.332506134,-0.660397104,0.528774992
4.155093043264301,-0.357442607,0.75988924,0.428340145,0.333658276,0.428340145,0.333658276,-0.64930449,0.532541461
4.155093376242960,-0.345991786,0.758137307,0.43999524,0.334547002,0.43999524,0.334547002,-0.638050674,0.536072465
4.155093717030350,-0.334513143,0.756104563,0.451741707,0.335166045,0.451741707,0.335166045,-0.626645554,0.539359216
4.155094065809592,-0.323019527,0.753788243,0.463567548,0.33550976,0.463567548,0.33550976,-0.615099638,0.542393429
4.155094422768104,-0.311524056,0.751186321,0.47546033,0.335573163,0.47546033,0.335573163,-0.603424009,0.545167373
4.155094788097701,-0.300040066,0.748297536,0.487407233,0.335351974,0.487407233,0.335351974,-0.591630295,0.547673914
4.155095161994694,-0.288581055,0.74512141,0.499395097,0.334842645,0.499395097,0.334842645,-0.579730621,0.549906567
4.155095544659997,-0.277160624,0.741658269,0.511410479,0.334042397,0.511410479,0.334042397,-0.567737568,0.551859534
4.155095936299238,-0.265792414,0.737909254,0.52343971,0.33294924,0.52343971,0.33294924,-0.555664118,0.553527743
4.155096337122865,-0.254490048,0.733876325,0.535468951,0.331561996,0.535468951,0.331561996,-0.543523605,0.55490688
4.155096747346264,-0.243267068,0.729562266,0.547484258,0.329880312,0.547484258,0.329880312,-0.531329655,0.55599342
4.155097167189870,-0.232136868,0.724970675,0.559471645,0.327904672,0.559471645,0.327904672,-0.519096127,0.556784647
4.155097596879285,-0.221112636,0.720105955,0.571417144,0.325636397,0.571417144,0.325636397,-0.506837051,0.557278679
4.155098036645408,-0.210207291,0.714973301,0.583306872,0.323077647,0.583306872,0.323077647,-0.494566567,0.557474471
4.155098486724548,-0.199433421,0.709578673,0.595127095,0.320231411,0.595127095,0.320231411,-0.482298855,0.557371831
4.155098947358556,-0.188803232,0.703928771,0.606864291,0.317101493,0.606864291,0.317101493,-0.470048075,0.556971413
4.155099418794958,-0.178328484,0.698031002,0.618505209,0.31369249,0.618505209,0.31369249,-0.4578283,0.556274717
4.155099901287080,-0.168020447,0.691893444,0.63003693,0.310009773,0.63003693,0.310009773,-0.445653453,0.555284076
4.155100000000000,-0.165961831,0.690626797,0.632349256,0.30923408,0.632349256,0.30923408,-0.443203677,0.555048829
4.155100395094192,-0.157889849,0.685524796,0.641446917,0.306059451,0.641446917,0.306059451,-0.433537245,0.554002638
4.155100900481645,-0.147946837,0.678934351,0.652723084,0.301848342,0.652723084,0.301848342,-0.421493114,0.552434349
4.155101417721008,-0.138200932,0.672131933,0.663853833,0.29738393,0.663853833,0.29738393,-0.409534168,0.550583919
4.155101947090225,-0.128660999,0.665127843,0.674828101,0.292674322,0.674828101,0.292674322,-0.39767313,0.548456796
4.155102488873754,-0.119335218,0.657932814,0.685635403,0.287728202,0.685635403,0.287728202,-0.385922287,0.546059122
4.155103043362725,-0.110231058,0.650557947,0.696265863,0.282554778,0.696265863,0.282554778,-0.374293445,0.543397702
4.155103610855092,-0.10135526,0.64301466,0.706710255,0.277163737,0.706710255,0.277163737,-0.362797883,0.540479949
4.155104191655804,-0.092713823,0.635314624,0.716960018,0.271565184,0.716960018,0.271565184,-0.351446318,0.537313846
4.155104786076954,-0.084311997,0.62746971,0.727007287,0.265769589,0.727007287,0.265769589,-0.34024887,0.533907892
4.155105394437958,-0.076154281,0.619491929,0.736844899,0.259787734,0.736844899,0.259787734,-0.329215036,0.530271051
4.155106017065721,-0.068244424,0.611393375,0.746466413,0.253630652,0.746466413,0.253630652,-0.318353665,0.526412699
4.155106654294815,-0.060585434,0.603186171,0.755866109,0.247309573,0.755866109,0.247309573,-0.30767294,0.522342572
4.155107306467658,-0.053179588,0.594882416,0.765038989,0.240835871,0.765038989,0.240835871,-0.297180365,0.518070709
4.155107973934697,-0.046028449,0.586494132,0.773980775,0.234221006,0.773980775,0.234221006,-0.28688276,0.513607401
4.155108657054599,-0.039132885,0.578033217,0.782687902,0.227476477,0.782687902,0.227476477,-0.27678625,0.508963135
4.155109356194441,-0.032493096,0.5695114,0.791157499,0.220613765,0.791157499,0.220613765,-0.266896275,0.504148547
4.155110071729911,-0.026108635,0.560940198,0.79938738,0.213644295,0.79938738,0.213644295,-0.257217588,0.499174363
4.155110804045502,-0.01997844,0.552330875,0.807376019,0.20657938,0.807376019,0.20657938,-0.247754269,0.494051359
4.155111553534728,-0.014100868,0.543694412,0.81512253,0.199430188,0.81512253,0.199430188,-0.238509737,0.48879031
4.155112320600332,-8.47E-03,0.535041469,0.822626638,0.192207699,0.822626638,0.192207699,-0.229486763,0.483401945
4.155113105654499,-3.09E-03,0.526382362,0.829888655,0.18492267,0.829888655,0.18492267,-0.220687493,0.47789691
4.155113909119081,0.002040598,0.517727032,0.836909449,0.177585601,0.836909449,0.177585601,-0.21211347,0.472285723
4.155114731425823,0.006934595,0.509085033,0.843690411,0.170206709,0.843690411,0.170206709,-0.203765656,0.466578745
4.155115573016595,0.011591728,0.500465507,0.850233422,0.162795901,0.850233422,0.162795901,-0.195644459,0.460786142
4.155116434343632,0.016016402,0.491877173,0.856540823,0.155362753,0.856540823,0.155362753,-0.187749761,0.454917861
4.155117315869768,0.020213351,0.483328317,0.862615381,0.147916486,0.862615381,0.147916486,-0.180080948,0.448983597
4.155118218068698,0.024187604,0.474826781,0.868460248,0.140465958,0.868460248,0.140465958,-0.172636937,0.442992776
4.155119141425221,0.027944449,0.466379963,0.874078938,0.133019646,0.874078938,0.133019646,-0.16541621,0.43695453
4.155120086435507,0.031489398,0.457994813,0.879475283,0.125585638,0.879475283,0.125585638,-0.158416844,0.430877684
4.155121053607362,0.034828153,0.449677832,0.884653406,0.118171625,0.884653406,0.118171625,-0.151636538,0.424770738
4.155122043460498,0.037966576,0.441435079,0.889617687,0.110784898,0.889617687,0.110784898,-0.14507265,0.418641857
4.155123056526820,0.040910656,0.433272173,0.894372732,0.103432345,0.894372732,0.103432345,-0.138722223,0.412498862
4.155124093350701,0.043666479,0.425194299,0.898923342,0.096120453,0.898923342,0.096120453,-0.132582017,0.406349224
4.155125154489285,0.046240204,0.417206223,0.903274485,0.088855308,0.903274485,0.088855308,-0.126648537,0.400200059
4.155126240512779,0.048638036,0.409312294,0.907431266,0.081642602,0.907431266,0.081642602,-0.120918062,0.394058124
4.155127352004761,0.050866198,0.401516462,0.911398905,0.074487636,0.911398905,0.074487636,-0.11538667,0.38792982
4.155128489562498,0.052930915,0.393822288,0.915182706,0.067395329,0.915182706,0.067395329,-0.110050268,0.381821193
4.155129653797260,0.054838389,0.386232957,0.91878804,0.060370226,0.91878804,0.060370226,-0.104904614,0.375737934
4.155130845334654,0.056594781,0.378751296,0.92222032,0.05341651,0.92222032,0.05341651,-0.099945341,0.36968539
4.155132064814959,0.058206195,0.371379783,0.925484979,0.046538009,0.925484979,0.046538009,-0.095167981,0.363668561
4.155133312893467,0.059678662,0.364120567,0.928587457,0.039738212,0.928587457,0.039738212,-0.090567982,0.357692117
4.155134590240840,0.061018125,0.356975483,0.931533176,0.033020275,0.931533176,0.033020275,-0.086140735,0.351760398
4.155135897543463,0.062230429,0.349946067,0.934327531,0.026387041,0.934327531,0.026387041,-0.081881584,0.345877427
4.155137235503824,0.063321306,0.34303357,0.936975873,0.019841047,0.936975873,0.019841047,-0.077785848,0.340046919
4.155138604840881,0.06429637,0.336238977,0.939483496,0.013384542,0.939483496,0.013384542,-0.073848838,0.334272291
4.155140006290454,0.065161108,0.329563022,0.941855623,0.007019497,0.941855623,0.007019497,-0.070065866,0.328556671
4.155141440605616,0.065920869,0.323006201,0.944097402,7.4761979346e-4,0.944097402,7.4761979346e-4,-0.066432265,0.322902912
4.155142908557103,0.066580863,0.31656879,0.946213891,-5.43E-03,0.946213891,-5.43E-03,-0.062943393,0.317313601
4.155144410933727,0.067146155,0.310250858,0.948210051,-0.011511033,0.948210051,-0.011511033,-0.059594652,0.311791072
4.155145948542796,0.06762166,0.304052282,0.950090743,-0.017495586,0.950090743,-0.017495586,-0.056381495,0.306337414
4.155147522210549,0.068012141,0.29797276,0.951860718,-0.023382501,0.951860718,-0.023382501,-0.05329943,0.300954488
4.155149132782606,0.068322208,0.292011828,0.953524611,-0.029171185,0.953524611,-0.029171185,-0.050344035,0.295643933
4.155150781124413,0.068556315,0.286168866,0.955086945,-0.03486123,0.955086945,-0.03486123,-0.04751096,0.290407182
4.155152468121715,0.068718761,0.280443118,0.956552116,-0.0404524,0.956552116,-0.0404524,-0.044795936,0.285245469
4.155154194681027,0.06881369,0.274833698,0.9579244,-0.04594462,0.9579244,-0.04594462,-0.042194777,0.280159843
4.155155961730124,0.068845093,0.269339607,0.959207947,-0.051337966,0.959207947,-0.051337966,-0.039703387,0.275151175
4.155157770218535,0.068816806,0.263959735,0.960406781,-0.056632651,0.960406781,-0.056632651,-0.037317763,0.270220175
4.155159621118062,0.068732514,0.258692882,0.961524798,-0.061829016,0.961524798,-0.061829016,-0.035033995,0.265367395
4.155161515423292,0.068595753,0.25353776,0.962565769,-0.066927523,0.962565769,-0.066927523,-0.032848274,0.260593242
4.155163454152141,0.068409914,0.248493004,0.963533336,-0.071928738,0.963533336,-0.071928738,-0.030756889,0.255897989
4.155165438346390,0.068178242,0.243557181,0.964431016,-0.076833331,0.964431016,-0.076833331,-0.028756231,0.25128178
4.155167469072257,0.067903842,0.2387288,0.965262202,-0.081642062,0.965262202,-0.081642062,-0.026842791,0.246744644
4.155169547420960,0.067589682,0.234006316,0.966030163,-0.086355771,0.966030163,-0.086355771,-0.025013166,0.242286497
4.155171674509310,0.067238595,0.229388138,0.966738046,-0.090975377,0.966738046,-0.090975377,-0.023264051,0.237907157
4.155173851480306,0.066853285,0.224872639,0.967388879,-0.095501865,0.967388879,-0.095501865,-0.021592245,0.233606346
4.155176079503755,0.066436327,0.220458157,0.967985574,-0.099936279,0.967985574,-0.099936279,-0.019994649,0.2293837
4.155178359776892,0.065990175,0.216143005,0.968530927,-0.104279721,0.968530927,-0.104279721,-0.018468263,0.225238777
4.155180693525035,0.065517163,0.211925473,0.969027621,-0.108533338,0.969027621,-0.108533338,-0.017010188,0.221171059
4.155183082002233,0.065019508,0.207803826,0.969478229,-0.112698321,0.969478229,-0.112698321,-0.01561762,0.217179973
4.155185526491943,0.06449932,0.203776337,0.969885222,-0.116775898,0.969885222,-0.116775898,-0.014287855,0.213264866
4.155188028307723,0.063958599,0.19984126,0.970250962,-0.120767329,0.970250962,-0.120767329,-0.013018281,0.20942504
4.155190588793936,0.063399242,0.195996846,0.970577713,-0.124673901,0.970577713,-0.124673901,-0.01180638,0.205659744
4.155193209326470,0.062823047,0.192241345,0.970867641,-0.128496925,0.970867641,-0.128496925,-0.010649724,0.201968185
4.155195891313479,0.062231714,0.18857301,0.971122815,-0.132237729,0.971122815,-0.132237729,-9.55E-03,0.198349528
4.155198636196141,0.061626854,0.184990101,0.971345215,-0.135897659,0.971345215,-0.135897659,-8.49E-03,0.194802904
4.155200000000001,0.061327008,0.183270861,0.971442488,-0.137656054,0.971442488,-0.137656054,-8.00E-03,0.193096767
4.155201445449430,0.061009988,0.181490886,0.971536729,-0.139478071,0.971536729,-0.139478071,-7.49E-03,0.191327409
4.155204320582912,0.060382551,0.178073642,0.971699162,-0.142980331,0.971699162,-0.142980331,-6.53E-03,0.187922114
4.155207263141551,0.059745898,0.174736662,0.971834236,-0.146405808,0.971834236,-0.146405808,-5.62E-03,0.184586065
4.155210274706546,0.059101307,0.171478251,0.97194359,-0.149755877,0.97194359,-0.149755877,-4.74E-03,0.181318284
4.155213356896172,0.058449981,0.168296734,0.972028791,-0.153031911,0.972028791,-0.153031911,-3.91E-03,0.178117779
4.155216511366659,0.057793052,0.165190451,0.972091327,-0.156235283,0.972091327,-0.156235283,-3.12E-03,0.17498354
4.155219739813075,0.057131583,0.162157765,0.972132618,-0.159367361,0.972132618,-0.159367361,-2.37E-03,0.171914547
4.155223043970240,0.056466574,0.159197058,0.972154015,-0.162429506,0.972154015,-0.162429506,-1.65E-03,0.168909768
4.155226425613658,0.055798962,0.156306734,0.972156802,-0.165423075,0.972156802,-0.165423075,-9.63E-04,0.165968165
4.155229886560469,0.055129624,0.153485222,0.9721422,-0.168349411,0.9721422,-0.168349411,-3.10E-04,0.163088695
4.155233428670427,0.054459384,0.150730972,0.972111371,-0.17120985,0.972111371,-0.17120985,3.1165480331e-4,0.160270308
4.155237053846903,0.05378901,0.148042461,0.972065418,-0.174005715,0.972065418,-0.174005715,9.0397337685e-4,0.157511958
4.155240764037900,0.053119221,0.145418189,0.972005387,-0.176738315,0.972005387,-0.176738315,0.001468032,0.154812595
4.155244561237105,0.052450684,0.142856682,0.971932273,-0.179408947,0.971932273,-0.179408947,0.002005104,0.152171171
4.155248447484960,0.051784025,0.140356494,0.971847019,-0.18201889,0.971847019,-0.18201889,0.002516406,0.149586644
4.155252424869757,0.051119822,0.137916203,0.971750517,-0.184569409,0.971750517,-0.184569409,0.003003108,0.147057973
4.155256495528763,0.050458615,0.135534414,0.971643616,-0.187061754,0.971643616,-0.187061754,0.003466325,0.144584125
4.155260661649363,0.049800902,0.133209757,0.971527117,-0.189497154,0.971527117,-0.189497154,0.003907129,0.142164072
4.155264925470241,0.049147147,0.130940892,0.971401782,-0.191876824,0.971401782,-0.191876824,0.004326541,0.139796795
4.155269289282579,0.048497774,0.128726503,0.971268328,-0.19420196,0.971268328,-0.19420196,0.004725543,0.137481281
4.155273755431291,0.047853178,0.126565301,0.971127437,-0.196473737,0.971127437,-0.196473737,0.005105071,0.135216531
4.155278326316282,0.04721372,0.124456024,0.970979751,-0.198693315,0.970979751,-0.198693315,0.00546602,0.133001551
4.155283004393737,0.046579732,0.122397436,0.970825878,-0.200861831,0.970825878,-0.200861831,0.00580925,0.13083536
4.155287792177440,0.045951517,0.120388327,0.970666393,-0.202980407,0.970666393,-0.202980407,0.006135577,0.12871699
4.155292692240131,0.045329351,0.118427514,0.970501836,-0.205050142,0.970501836,-0.205050142,0.006445788,0.12664548
4.155297707214878,0.044713487,0.116513838,0.970332719,-0.207072117,0.970332719,-0.207072117,0.006740629,0.124619886
4.155300000000000,0.044438723,0.115668548,0.970255332,-0.207965875,0.970255332,-0.207965875,0.006868367,0.123723935
4.155302839796500,0.044104152,0.114646167,0.970159525,-0.209047394,0.970159525,-0.209047394,0.007020818,0.122639275
4.155308092743011,0.043501551,0.112823393,0.969982707,-0.210977014,0.969982707,-0.210977014,0.007287037,0.120702725
4.155313468877107,0.042905868,0.111044433,0.969802692,-0.212862,0.969802692,-0.212862,0.007539941,0.118809329
4.155318971087676,0.042317268,0.109308229,0.969619884,-0.214703354,0.969619884,-0.214703354,0.007780153,0.116958194
4.155324602331356,0.041735894,0.107613747,0.969434661,-0.216502059,0.969434661,-0.216502059,0.00800827,0.115148439
4.155330365634120,0.041161875,0.105959977,0.96924738,-0.218259081,0.96924738,-0.218259081,0.008224861,0.113379199
4.155336264092903,0.040595322,0.104345932,0.969058373,-0.219975362,0.969058373,-0.219975362,0.008430471,0.111649619
4.155342300877270,0.040036331,0.102770647,0.968867954,-0.22165183,0.968867954,-0.22165183,0.008625618,0.109958864
4.155348479231113,0.039484982,0.101233181,0.968676419,-0.223289391,0.968676419,-0.223289391,0.008810799,0.108306107
4.155354802474395,0.038941342,0.099732616,0.968484042,-0.224888934,0.968484042,-0.224888934,0.008986486,0.106690538
4.155361274004942,0.038405465,0.098268052,0.968291081,-0.226451327,0.968291081,-0.226451327,0.009153132,0.105111363
4.155367897300258,0.037877394,0.096838616,0.968097778,-0.227977424,0.968097778,-0.227977424,0.009311168,0.103567798
4.155374675919400,0.03735716,0.095443451,0.967904357,-0.229468057,0.967904357,-0.229468057,0.009461005,0.102059076
4.155381613504887,0.036844782,0.094081722,0.96771103,-0.230924043,0.96771103,-0.230924043,0.009603036,0.100584443
4.155388713784664,0.036340272,0.092752616,0.967517992,-0.23234618,0.967517992,-0.23234618,0.009737636,0.099143159
4.155395980574096,0.03584363,0.091455337,0.967325426,-0.233735248,0.967325426,-0.233735248,0.009865163,0.097734499
4.155400000000000,0.035577089,0.09076356,0.967221059,-0.234476373,0.967221059,-0.234476373,0.009931608,0.096982562
4.155403417778024,0.03535485,0.09018911,0.967133502,-0.235092013,0.967133502,-0.235092013,0.009985957,0.09635775
4.155411029392863,0.034873917,0.088953178,0.966942377,-0.236417221,0.966942377,-0.236417221,0.010100345,0.095012213
4.155418819508748,0.034400808,0.087746804,0.966752197,-0.237711604,0.966752197,-0.237711604,0.010208635,0.093697205
4.155426792311730,0.033935493,0.086569265,0.966563099,-0.238975876,0.966563099,-0.238975876,0.010311125,0.092412052
4.155434952086032,0.033477937,0.085419862,0.966375206,-0.240210737,0.966375206,-0.240210737,0.010408097,0.091156098
4.155443303216344,0.033028099,0.084297907,0.966188635,-0.241416869,0.966188635,-0.241416869,0.010499819,0.089928697
4.155451850190181,0.03258593,0.083202733,0.966003491,-0.242594942,0.966003491,-0.242594942,0.01058655,0.088729217
4.155460597600299,0.032151381,0.082133687,0.965819873,-0.243745607,0.965819873,-0.243745607,0.010668532,0.087557039
4.155469550147156,0.031724392,0.081090134,0.965637869,-0.244869503,0.965637869,-0.244869503,0.010746,0.086411556
4.155478712641443,0.031304905,0.080071453,0.96545756,-0.245967254,0.96545756,-0.245967254,0.010819176,0.085292173
4.155488090006666,0.030892854,0.079077041,0.965279022,-0.24703947,0.965279022,-0.24703947,0.010888272,0.08419831
4.155497687281795,0.030488171,0.078106306,0.965102322,-0.248086746,0.965102322,-0.248086746,0.010953491,0.083129395
4.155500000000000,0.030393114,0.077879125,0.965060623,-0.248331924,0.965060623,-0.248331924,0.010968435,0.08287908
4.155507509623966,0.030090785,0.077158673,0.96492752,-0.249109665,0.96492752,-0.249109665,0.011015024,0.082084872
4.155517562311259,0.02970062,0.076233582,0.964754671,-0.250108795,0.964754671,-0.250108795,0.011073056,0.081064193
4.155527850745528,0.029317601,0.075330486,0.964583824,-0.251084692,0.964583824,-0.251084692,0.011127761,0.080066825
4.155538380455311,0.028941648,0.07444885,0.964415023,-0.252037899,0.964415023,-0.252037899,0.011179306,0.079092244
4.155549157098791,0.028572679,0.073588155,0.964248307,-0.252968947,0.964248307,-0.252968947,0.011227849,0.078139938
4.155560186466849,0.028210611,0.072747894,0.964083708,-0.253878353,0.964083708,-0.253878353,0.011273543,0.077209406
4.155571474486159,0.027855359,0.071927571,0.963921257,-0.254766624,0.963921257,-0.254766624,0.01131653,0.076300157
4.155583027222391,0.027506837,0.071126704,0.963760977,-0.255634255,0.963760977,-0.255634255,0.011356949,0.075411712
4.155594850883459,0.027164956,0.070344823,0.963602891,-0.256481727,0.963602891,-0.256481727,0.01139493,0.074543601
4.155600000000001,0.027020522,0.070015598,0.963535849,-0.256838693,0.963535849,-0.256838693,0.011410485,0.074177852
4.155606951822857,0.026829629,0.069581469,0.963447014,-0.257309514,0.963447014,-0.257309514,0.011430598,0.073695365
4.155619336543079,0.026500765,0.068836194,0.963293361,-0.258118075,0.963293361,-0.258118075,0.01146407,0.072866555
4.155632011699109,0.026178273,0.068108563,0.963141943,-0.258907861,0.963141943,-0.258907861,0.011495461,0.07205673
4.155644984101999,0.025862064,0.067398149,0.962992766,-0.259679311,0.962992766,-0.259679311,0.011524878,0.071265463
4.155658260722524,0.025552045,0.066704539,0.962845835,-0.260432854,0.962845835,-0.260432854,0.011552422,0.070492332
4.155671848694937,0.025248124,0.066027326,0.962701151,-0.26116891,0.962701151,-0.26116891,0.011578192,0.069736926
4.155685755320794,0.024950209,0.065366118,0.962558716,-0.261887888,0.962558716,-0.261887888,0.01160228,0.068998843
4.155699988072880,0.024658209,0.064720529,0.962418524,-0.262590188,0.962418524,-0.262590188,0.011624774,0.068277691
4.155700000000000,0.02465797,0.064720001,0.962418409,-0.262590763,0.962418409,-0.262590763,0.011624792,0.0682771
4.155714554599228,0.024372031,0.064090184,0.962280571,-0.2632762,0.962280571,-0.2632762,0.011645758,0.067573084
4.155729462727225,0.024091583,0.063474717,0.96214485,-0.263946305,0.96214485,-0.263946305,0.011665313,0.066884648
4.155744720467819,0.023816773,0.062873771,0.962011352,-0.264600876,0.962011352,-0.264600876,0.011683515,0.066212014
4.155760336019825,0.02354751,0.062286998,0.961880065,-0.265240277,0.961880065,-0.265240277,0.011700435,0.065554824
4.155776317774326,0.023283702,0.061714059,0.961750979,-0.265864863,0.961750979,-0.265864863,0.011716143,0.064912726
4.155792674319191,0.02302526,0.061154623,0.961624077,-0.266474979,0.961624077,-0.266474979,0.011730704,0.064285377
4.155800000000000,0.022913103,0.06091241,0.961568871,-0.266739213,0.961568871,-0.266739213,0.011736769,0.064013643
4.155809414443679,0.022772092,0.060608367,0.961499347,-0.267070966,0.961499347,-0.267070966,0.01174418,0.063672442
4.155826547143170,0.022524109,0.060074976,0.96137677,-0.267653153,0.96137677,-0.267653153,0.011756631,0.063073592
4.155844081623996,0.022281222,0.059554143,0.961256329,-0.268221864,0.961256329,-0.268221864,0.011768113,0.062488507
4.155862027308387,0.022043342,0.059045568,0.961138006,-0.268777413,0.961138006,-0.268777413,0.01177868,0.061916873
4.155880393839536,0.021810383,0.05854896,0.96102178,-0.269320109,0.96102178,-0.269320109,0.011788382,0.061358384
4.155899191086777,0.021582258,0.058064033,0.960907631,-0.269850253,0.960907631,-0.269850253,0.011797268,0.060812741
4.155900000000000,0.021572664,0.058043669,0.960902824,-0.269872519,0.960902824,-0.269872519,0.011797629,0.060789822
4.155918429150896,0.021358879,0.057590509,0.960795539,-0.270368137,0.960795539,-0.270368137,0.011805384,0.060279651
4.155938118369551,0.021140163,0.057128118,0.960685479,-0.270874049,0.960685479,-0.270874049,0.011812774,0.059758828
4.155958269322828,0.020926025,0.056676595,0.960577431,-0.271368268,0.960577431,-0.271368268,0.01181948,0.059249992
4.155978892838933,0.020716381,0.056235682,0.96047137,-0.271851069,0.96047137,-0.271851069,0.01182554,0.05875287
4.156000000000001,0.02051115,0.055805127,0.960367273,-0.272322718,0.960367273,-0.272322718,0.011830992,0.058267195
4.156100000000000,0.019650002,0.054010012,0.959927582,-0.274291325,0.959927582,-0.274291325,0.011848764,0.056239792
4.156200000000000,0.018937581,0.052538699,0.959560262,-0.275907714,0.959560262,-0.275907714,0.011857358,0.054575094
4.156300000000000,0.01833856,0.051311026,0.959248865,-0.27725874,0.959248865,-0.27725874,0.011860412,0.053183981
4.156400000000001,0.017827969,0.050271269,0.95898155,-0.278404878,0.95898155,-0.278404878,0.011860076,0.052004311
4.156500000000000,0.017387656,0.049379489,0.958749582,-0.279389529,0.958749582,-0.279389529,0.011857661,0.050991433
4.156600000000000,0.017004118,0.048606311,0.958546381,-0.280244645,0.958546381,-0.280244645,0.011853986,0.050112439
4.156700000000000,0.016667097,0.047929653,0.958366902,-0.280994276,0.958366902,-0.280994276,0.011849574,0.04934254
4.156800000000000,0.016368666,0.04733259,0.958207208,-0.281656864,0.958207208,-0.281656864,0.011844763,0.04866271
4.156900000000000,0.0161026,0.046801937,0.958064187,-0.282246793,0.958064187,-0.282246793,0.011839773,0.048058104
4.157000000000000,0.015863943,0.046327266,0.957935346,-0.282775441,0.957935346,-0.282775441,0.011834747,0.047516967
4.157100000000001,0.015648701,0.045900224,0.957818663,-0.283251933,0.957818663,-0.283251933,0.01182978,0.047029871
4.157200000000000,0.015453621,0.045514039,0.957712482,-0.283683665,0.957712482,-0.283683665,0.01182493,0.046589167
4.157300000000000,0.015276024,0.045163166,0.957615437,-0.2840767,0.957615437,-0.2840767,0.011820236,0.046188584
4.157400000000000,0.015113686,0.044843017,0.957526385,-0.284436055,0.957526385,-0.284436055,0.01181572,0.04582293
4.157500000000001,0.014964743,0.044549767,0.957444368,-0.284765915,0.957444368,-0.284765915,0.011811394,0.045487874
4.157600000000000,0.014827624,0.0442802,0.957368574,-0.2850698,0.957368574,-0.2850698,0.011807262,0.045179771
4.157700000000000,0.014700993,0.044031592,0.957298311,-0.285350692,0.957298311,-0.285350692,0.011803324,0.044895531
4.157800000000000,0.014583709,0.043801622,0.957232986,-0.285611133,0.957232986,-0.285611133,0.011799577,0.044632521
4.157900000000001,0.01447479,0.043588298,0.957172088,-0.285853305,0.957172088,-0.285853305,0.011796016,0.044388479
4.158000000000000,0.014373386,0.043389902,0.957115173,-0.286079089,0.957115173,-0.286079089,0.011792635,0.044161454
4.158100000000000,0.014278759,0.043204946,0.957061856,-0.28629012,0.957061856,-0.28629012,0.011789426,0.043949754
4.158200000000000,0.014190265,0.04303213,0.957011798,-0.286487818,0.957011798,-0.286487818,0.011786381,0.043751903
4.158300000000001,0.014107337,0.04287032,0.956964703,-0.286673432,0.956964703,-0.286673432,0.011783493,0.043566609
4.158400000000000,0.014029478,0.042718514,0.956920309,-0.286848056,0.956920309,-0.286848056,0.011780755,0.043392734
4.158500000000000,0.013956246,0.042575833,0.956878383,-0.287012657,0.956878383,-0.287012657,0.011778157,0.043229274
4.158600000000000,0.013887251,0.042441493,0.956838719,-0.287168093,0.956838719,-0.287168093,0.011775694,0.043075341
4.158700000000001,0.013822144,0.042314801,0.956801133,-0.287315127,0.956801133,-0.287315127,0.011773359,0.042930143
4.158800000000000,0.013760613,0.042195137,0.956765461,-0.287454439,0.956765461,-0.287454439,0.011771143,0.042792972
4.158900000000000,0.013702381,0.042081945,0.956731554,-0.287586638,0.956731554,-0.287586638,0.011769042,0.042663198
4.159000000000001,0.013647196,0.041974728,0.95669928,-0.28771227,0.95669928,-0.28771227,0.011767049,0.042540252
4.159100000000000,0.013594832,0.041873037,0.956668519,-0.287831829,0.956668519,-0.287831829,0.011765158,0.042423623
4.159200000000000,0.013545084,0.041776467,0.956639162,-0.287945758,0.956639162,-0.287945758,0.011763364,0.042312848
4.159300000000000,0.013497768,0.041684651,0.956611111,-0.28805446,0.956611111,-0.28805446,0.011761662,0.042207511
4.159400000000001,0.013452716,0.041597259,0.956584275,-0.288158301,0.956584275,-0.288158301,0.011760047,0.042107232
4.159500000000000,0.013409773,0.041513986,0.956558575,-0.288257611,0.956558575,-0.288257611,0.011758515,0.042011665
4.159600000000000,0.013368801,0.041434559,0.956533934,-0.288352694,0.956533934,-0.288352694,0.011757062,0.041920497
4.159700000000000,0.013329672,0.041358724,0.956510285,-0.288443827,0.956510285,-0.288443827,0.011755683,0.041833441
4.159800000000001,0.013292269,0.041286253,0.956487566,-0.288531261,0.956487566,-0.288531261,0.011754375,0.041750232
4.159900000000000,0.013256485,0.041216934,0.956465719,-0.288615229,0.956465719,-0.288615229,0.011753134,0.041670632
4.160000000000000,0.013222221,0.041150573,0.956444692,-0.288695944,0.956444692,-0.288695944,0.011751957,0.041594417
4.160100000000000,0.013189386,0.041086993,0.956424435,-0.288773602,0.956424435,-0.288773602,0.011750842,0.041521385
4.160200000000001,0.013157896,0.041026027,0.956404904,-0.288848383,0.956404904,-0.288848383,0.011749784,0.041451347
4.160300000000000,0.013127675,0.040967526,0.956386057,-0.288920455,0.956386057,-0.288920455,0.011748782,0.041384129
4.160400000000000,0.01309865,0.040911347,0.956367857,-0.288989972,0.956367857,-0.288989972,0.011747832,0.041319573
4.160500000000000,0.013070755,0.040857363,0.956350267,-0.289057077,0.956350267,-0.289057077,0.011746933,0.041257528
4.160600000000001,0.013043928,0.04080545,0.956333254,-0.289121902,0.956333254,-0.289121902,0.011746081,0.041197857
4.160700000000000,0.013018113,0.040755499,0.956316787,-0.28918457,0.956316787,-0.28918457,0.011745276,0.041140432
4.160800000000000,0.012993255,0.040707405,0.956300839,-0.289245196,0.956300839,-0.289245196,0.011744514,0.041085134
4.160900000000000,0.012969306,0.04066107,0.956285382,-0.289303887,0.956285382,-0.289303887,0.011743795,0.041031853
4.161000000000000,0.012946219,0.040616405,0.956270391,-0.289360741,0.956270391,-0.289360741,0.011743115,0.040980484
4.161100000000000,0.01292395,0.040573325,0.956255843,-0.289415853,0.956255843,-0.289415853,0.011742473,0.040930931
4.161200000000000,0.01290246,0.040531752,0.956241717,-0.289469307,0.956241717,-0.289469307,0.011741869,0.040883104
4.161300000000001,0.01288171,0.04049161,0.956227991,-0.289521186,0.956227991,-0.289521186,0.011741299,0.040836918
4.161400000000000,0.012861664,0.040452832,0.956214647,-0.289571566,0.956214647,-0.289571566,0.011740763,0.040792296
4.161500000000000,0.012842291,0.040415353,0.956201667,-0.289620517,0.956201667,-0.289620517,0.01174026,0.040749161
4.161600000000000,0.012823558,0.040379112,0.956189034,-0.289668107,0.956189034,-0.289668107,0.011739787,0.040707445
4.161700000000001,0.012805436,0.040344051,0.956176732,-0.289714399,0.956176732,-0.289714399,0.011739345,0.040667083
4.161800000000000,0.012787897,0.040310117,0.956164747,-0.289759451,0.956164747,-0.289759451,0.01173893,0.040628013
4.161900000000000,0.012770916,0.04027726,0.956153063,-0.289803319,0.956153063,-0.289803319,0.011738544,0.040590176
4.162000000000000,0.012754468,0.040245431,0.956141669,-0.289846056,0.956141669,-0.289846056,0.011738183,0.040553519
4.162100000000001,0.012738529,0.040214587,0.956130551,-0.289887712,0.956130551,-0.289887712,0.011737848,0.04051799
4.162200000000000,0.012723078,0.040184683,0.956119697,-0.289928332,0.956119697,-0.289928332,0.011737537,0.040483541
4.162300000000000,0.012708094,0.040155682,0.956109098,-0.28996796,0.956109098,-0.28996796,0.01173725,0.040450125
4.162400000000000,0.012693559,0.040127543,0.956098741,-0.29000664,0.956098741,-0.29000664,0.011736985,0.040417699
4.162500000000001,0.012679452,0.040100233,0.956088617,-0.290044409,0.956088617,-0.290044409,0.011736743,0.040386223
4.162600000000000,0.012665757,0.040073716,0.956078716,-0.290081305,0.956078716,-0.290081305,0.011736521,0.040355657
4.162700000000000,0.012652457,0.040047962,0.95606903,-0.290117364,0.95606903,-0.290117364,0.011736319,0.040325965
4.162800000000000,0.012639537,0.040022938,0.95605955,-0.290152618,0.95605955,-0.290152618,0.011736136,0.040297111
4.162900000000000,0.012626982,0.039998617,0.956050269,-0.290187101,0.956050269,-0.290187101,0.011735973,0.040269063
4.163000000000000,0.012614776,0.039974971,0.956041177,-0.290220841,0.956041177,-0.290220841,0.011735827,0.040241789
4.163100000000000,0.012602908,0.039951974,0.956032268,-0.290253869,0.956032268,-0.290253869,0.011735699,0.04021526
4.163200000000001,0.012591364,0.039929602,0.956023536,-0.29028621,0.956023536,-0.29028621,0.011735588,0.040189447
4.163300000000000,0.012580131,0.039907829,0.956014972,-0.290317891,0.956014972,-0.290317891,0.011735493,0.040164322
4.163400000000000,0.012569199,0.039886635,0.956006572,-0.290348937,0.956006572,-0.290348937,0.011735414,0.040139861
4.163500000000000,0.012558556,0.039865998,0.955998329,-0.290379371,0.955998329,-0.290379371,0.01173535,0.040116039
4.163600000000001,0.012548192,0.039845897,0.955990238,-0.290409215,0.955990238,-0.290409215,0.011735301,0.040092832
4.163700000000000,0.012538096,0.039826313,0.955982292,-0.290438492,0.955982292,-0.290438492,0.011735266,0.040070218
4.163800000000000,0.01252826,0.039807228,0.955974488,-0.290467221,0.955974488,-0.290467221,0.011735245,0.040048176
4.163900000000000,0.012518673,0.039788624,0.955966819,-0.290495421,0.955966819,-0.290495421,0.011735237,0.040026686
4.164000000000001,0.012509327,0.039770483,0.955959281,-0.290523112,0.955959281,-0.290523112,0.011735241,0.040005728
4.164100000000000,0.012500215,0.03975279,0.95595187,-0.290550311,0.95595187,-0.290550311,0.011735259,0.039985283
4.164200000000000,0.012491326,0.03973553,0.95594458,-0.290577035,0.95594458,-0.290577035,0.011735288,0.039965335
4.164300000000000,0.012482656,0.039718687,0.955937409,-0.290603301,0.955937409,-0.290603301,0.011735329,0.039945866
4.164400000000001,0.012474194,0.039702248,0.955930352,-0.290629124,0.955930352,-0.290629124,0.011735381,0.03992686
4.164500000000000,0.012465936,0.039686199,0.955923405,-0.290654518,0.955923405,-0.290654518,0.011735444,0.039908302
4.164600000000000,0.012457874,0.039670526,0.955916565,-0.290679499,0.955916565,-0.290679499,0.011735517,0.039890176
4.164700000000000,0.012450001,0.039655218,0.955909828,-0.290704079,0.955909828,-0.290704079,0.011735601,0.039872468
4.164800000000001,0.012442311,0.039640263,0.955903191,-0.290728273,0.955903191,-0.290728273,0.011735695,0.039855165
4.164900000000000,0.012434799,0.039625649,0.95589665,-0.290752091,0.95589665,-0.290752091,0.011735799,0.039838254
4.165000000000000,0.012427459,0.039611366,0.955890202,-0.290775548,0.955890202,-0.290775548,0.011735911,0.039821722
4.165100000000001,0.012420285,0.039597402,0.955883845,-0.290798653,0.955883845,-0.290798653,0.011736033,0.039805556
4.165200000000000,0.012413273,0.039583748,0.955877576,-0.290821419,0.955877576,-0.290821419,0.011736164,0.039789746
4.165300000000000,0.012406416,0.039570393,0.955871391,-0.290843856,0.955871391,-0.290843856,0.011736303,0.039774281
4.165400000000000,0.01239971,0.03955733,0.955865289,-0.290865974,0.955865289,-0.290865974,0.01173645,0.039759148
4.165500000000001,0.012393151,0.039544548,0.955859266,-0.290887783,0.955859266,-0.290887783,0.011736606,0.039744339
4.165600000000000,0.012386734,0.039532038,0.95585332,-0.290909293,0.95585332,-0.290909293,0.011736769,0.039729844
4.165700000000000,0.012380454,0.039519794,0.95584745,-0.290930512,0.95584745,-0.290930512,0.01173694,0.039715652
4.165800000000000,0.012374308,0.039507806,0.955841652,-0.29095145,0.955841652,-0.29095145,0.011737118,0.039701754
4.165900000000001,0.012368292,0.039496068,0.955835924,-0.290972115,0.955835924,-0.290972115,0.011737303,0.039688143
4.166000000000000,0.012362401,0.039484571,0.955830265,-0.290992516,0.955830265,-0.290992516,0.011737495,0.039674808
4.166100000000000,0.012356632,0.039473308,0.955824672,-0.291012659,0.955824672,-0.291012659,0.011737694,0.039661743
4.166200000000000,0.012350981,0.039462273,0.955819143,-0.291032554,0.955819143,-0.291032554,0.0117379,0.039648939
4.166300000000001,0.012345446,0.039451459,0.955813677,-0.291052206,0.955813677,-0.291052206,0.011738111,0.039636388
4.166400000000000,0.012340022,0.039440859,0.955808272,-0.291071624,0.955808272,-0.291071624,0.011738329,0.039624084
4.166500000000000,0.012334706,0.039430467,0.955802925,-0.291090813,0.955802925,-0.291090813,0.011738553,0.039612018
4.166600000000000,0.012329495,0.039420278,0.955797636,-0.291109781,0.955797636,-0.291109781,0.011738783,0.039600185
4.166700000000001,0.012324386,0.039410285,0.955792402,-0.291128533,0.955792402,-0.291128533,0.011739018,0.039588577
4.166800000000000,0.012319377,0.039400484,0.955787222,-0.291147077,0.955787222,-0.291147077,0.011739259,0.039577189
4.166900000000000,0.012314464,0.039390868,0.955782095,-0.291165417,0.955782095,-0.291165417,0.011739505,0.039566013
4.167000000000001,0.012309646,0.039381432,0.955777019,-0.291183561,0.955777019,-0.291183561,0.011739756,0.039555045
4.167100000000000,0.012304918,0.039372172,0.955771992,-0.291201512,0.955771992,-0.291201512,0.011740013,0.039544278
4.167200000000000,0.012300278,0.039363082,0.955767013,-0.291219277,0.955767013,-0.291219277,0.011740274,0.039533706
4.167300000000000,0.012295725,0.039354158,0.955762079,-0.291236859,0.955762079,-0.291236859,0.01174054,0.039523325
4.167400000000001,0.012291256,0.039345395,0.955757184,-0.291254264,0.955757184,-0.291254264,0.011740811,0.039513129
4.167500000000000,0.012286868,0.039336788,0.955752333,-0.291271497,0.955752333,-0.291271497,0.011741086,0.039503113
4.167600000000000,0.012282559,0.039328335,0.955747525,-0.291288563,0.955747525,-0.291288563,0.011741366,0.039493272
4.167700000000000,0.012278328,0.03932003,0.95574276,-0.291305467,0.95574276,-0.291305467,0.01174165,0.039483602
4.167800000000001,0.012274171,0.039311869,0.955738035,-0.291322214,0.955738035,-0.291322214,0.011741938,0.039474097
4.167900000000000,0.012270088,0.039303849,0.95573335,-0.291338807,0.95573335,-0.291338807,0.01174223,0.039464754
4.168000000000000,0.012266075,0.039295966,0.955728704,-0.29135525,0.955728704,-0.29135525,0.011742526,0.039455567
4.168100000000000,0.012262132,0.039288216,0.955724096,-0.291371548,0.955724096,-0.291371548,0.011742825,0.039446534
4.168200000000001,0.012258256,0.039280595,0.955719524,-0.291387705,0.955719524,-0.291387705,0.011743129,0.03943765
4.168300000000000,0.012254445,0.039273101,0.955714989,-0.291403724,0.955714989,-0.291403724,0.011743436,0.03942891
4.168400000000000,0.012250698,0.03926573,0.955710488,-0.291419609,0.955710488,-0.291419609,0.011743747,0.039420311
4.168500000000000,0.012247014,0.039258479,0.955706021,-0.291435363,0.955706021,-0.291435363,0.011744061,0.03941185
4.168600000000001,0.012243389,0.039251344,0.955701587,-0.291450991,0.955701587,-0.291450991,0.011744378,0.039403523
4.168700000000000,0.012239824,0.039244323,0.955697186,-0.291466494,0.955697186,-0.291466494,0.011744699,0.039395326
4.168800000000000,0.012236316,0.039237412,0.955692815,-0.291481878,0.955692815,-0.291481878,0.011745022,0.039387256
4.168900000000000,0.012232864,0.03923061,0.955688475,-0.291497143,0.955688475,-0.291497143,0.011745349,0.039379309
4.169000000000000,0.012229466,0.039223912,0.955684165,-0.291512295,0.955684165,-0.291512295,0.011745679,0.039371484
4.169100000000000,0.012226121,0.039217317,0.955679884,-0.291527335,0.955679884,-0.291527335,0.011746011,0.039363775
4.169200000000000,0.012222828,0.039210821,0.955675632,-0.291542267,0.955675632,-0.291542267,0.011746347,0.039356181
4.169300000000001,0.012219585,0.039204423,0.955671406,-0.291557093,0.955671406,-0.291557093,0.011746685,0.039348699
4.169400000000000,0.012216391,0.039198119,0.955667208,-0.291571816,0.955667208,-0.291571816,0.011747026,0.039341325
4.169500000000000,0.012213245,0.039191907,0.955663036,-0.291586439,0.955663036,-0.291586439,0.011747369,0.039334057
4.169600000000000,0.012210145,0.039185786,0.955658889,-0.291600965,0.955658889,-0.291600965,0.011747715,0.039326892
4.169700000000001,0.012207091,0.039179752,0.955654767,-0.291615395,0.955654767,-0.291615395,0.011748063,0.039319827
4.169800000000000,0.012204081,0.039173803,0.955650669,-0.291629732,0.955650669,-0.291629732,0.011748414,0.039312861
4.169900000000000,0.012201113,0.039167938,0.955646595,-0.291643979,0.955646595,-0.291643979,0.011748767,0.03930599
4.170000000000000,0.012198188,0.039162154,0.955642544,-0.291658138,0.955642544,-0.291658138,0.011749122,0.039299213
4.170100000000001,0.012195304,0.039156449,0.955638515,-0.291672211,0.955638515,-0.291672211,0.01174948,0.039292526
4.170200000000000,0.012192459,0.039150821,0.955634508,-0.291686201,0.955634508,-0.291686201,0.011749839,0.039285928
4.170300000000000,0.012189653,0.039145269,0.955630523,-0.291700109,0.955630523,-0.291700109,0.011750201,0.039279416
4.170400000000000,0.012186885,0.03913979,0.955626558,-0.291713938,0.955626558,-0.291713938,0.011750564,0.039272988
4.170500000000001,0.012184154,0.039134382,0.955622613,-0.291727689,0.955622613,-0.291727689,0.01175093,0.039266642
4.170600000000000,0.012181458,0.039129045,0.955618688,-0.291741365,0.955618688,-0.291741365,0.011751297,0.039260376
4.170700000000000,0.012178798,0.039123775,0.955614783,-0.291754967,0.955614783,-0.291754967,0.011751666,0.039254188
4.170800000000000,0.012176172,0.039118571,0.955610896,-0.291768498,0.955610896,-0.291768498,0.011752037,0.039248076
4.170900000000000,0.012173579,0.039113432,0.955607028,-0.291781959,0.955607028,-0.291781959,0.01175241,0.039242039
4.171000000000000,0.012171018,0.039108356,0.955603177,-0.291795352,0.955603177,-0.291795352,0.011752784,0.039236073
4.171100000000000,0.012168489,0.039103342,0.955599344,-0.291808678,0.955599344,-0.291808678,0.01175316,0.039230178
4.171200000000001,0.012165991,0.039098388,0.955595527,-0.29182194,0.955595527,-0.29182194,0.011753538,0.039224352
4.171300000000000,0.012163523,0.039093492,0.955591727,-0.29183514,0.955591727,-0.29183514,0.011753917,0.039218592
4.171400000000000,0.012161084,0.039088652,0.955587944,-0.291848277,0.955587944,-0.291848277,0.011754297,0.039212898
4.171500000000000,0.012158673,0.039083869,0.955584176,-0.291861355,0.955584176,-0.291861355,0.011754679,0.039207268
4.171600000000001,0.01215629,0.039079139,0.955580423,-0.291874375,0.955580423,-0.291874375,0.011755062,0.0392017
4.171700000000000,0.012153935,0.039074463,0.955576686,-0.291887338,0.955576686,-0.291887338,0.011755447,0.039196192
4.171800000000000,0.012151605,0.039069838,0.955572963,-0.291900245,0.955572963,-0.291900245,0.011755833,0.039190743
4.171900000000000,0.012149301,0.039065263,0.955569254,-0.291913099,0.955569254,-0.291913099,0.01175622,0.039185352
4.172000000000001,0.012147022,0.039060737,0.955565559,-0.2919259,0.955565559,-0.2919259,0.011756608,0.039180017
4.172100000000000,0.012144768,0.039056259,0.955561877,-0.29193865,0.955561877,-0.29193865,0.011756998,0.039174737
4.172200000000000,0.012142537,0.039051827,0.955558209,-0.29195135,0.955558209,-0.29195135,0.011757388,0.039169509
4.172300000000000,0.012140329,0.03904744,0.955554553,-0.291964002,0.955554553,-0.291964002,0.01175778,0.039164334
4.172400000000001,0.012138144,0.039043098,0.95555091,-0.291976606,0.95555091,-0.291976606,0.011758173,0.039159209
4.172500000000000,0.01213598,0.039038799,0.955547279,-0.291989165,0.955547279,-0.291989165,0.011758567,0.039154134
4.172600000000000,0.012133838,0.039034541,0.95554366,-0.292001678,0.95554366,-0.292001678,0.011758962,0.039149107
4.172700000000000,0.012131717,0.039030325,0.955540053,-0.292014148,0.955540053,-0.292014148,0.011759357,0.039144126
4.172800000000001,0.012129616,0.039026148,0.955536457,-0.292026576,0.955536457,-0.292026576,0.011759754,0.039139191
4.172900000000000,0.012127534,0.03902201,0.955532872,-0.292038962,0.955532872,-0.292038962,0.011760151,0.039134301
4.173000000000000,0.012125472,0.03901791,0.955529297,-0.292051308,0.955529297,-0.292051308,0.01176055,0.039129454
4.173100000000001,0.012123428,0.039013847,0.955525733,-0.292063614,0.955525733,-0.292063614,0.011760949,0.039124649
4.173200000000000,0.012121403,0.03900982,0.955522179,-0.292075883,0.955522179,-0.292075883,0.011761349,0.039119885
4.173300000000000,0.012119395,0.039005827,0.955518636,-0.292088114,0.955518636,-0.292088114,0.011761749,0.039115161
4.173400000000000,0.012117404,0.039001869,0.955515101,-0.29210031,0.955515101,-0.29210031,0.011762151,0.039110476
4.173500000000001,0.01211543,0.038997944,0.955511576,-0.29211247,0.955511576,-0.29211247,0.011762553,0.039105829
4.173600000000000,0.012113472,0.038994051,0.955508061,-0.292124596,0.955508061,-0.292124596,0.011762955,0.039101219
4.173700000000000,0.01211153,0.038990189,0.955504554,-0.292136689,0.955504554,-0.292136689,0.011763358,0.039096645
4.173800000000000,0.012109603,0.038986358,0.955501055,-0.29214875,0.955501055,-0.29214875,0.011763762,0.039092105
4.173900000000001,0.012107691,0.038982557,0.955497566,-0.292160779,0.955497566,-0.292160779,0.011764167,0.0390876
4.174000000000000,0.012105794,0.038978784,0.955494084,-0.292172778,0.955494084,-0.292172778,0.011764572,0.039083128
4.174100000000000,0.01210391,0.03897504,0.955490611,-0.292184747,0.955490611,-0.292184747,0.011764977,0.039078688
4.174200000000000,0.012102041,0.038971323,0.955487145,-0.292196687,0.955487145,-0.292196687,0.011765383,0.03907428
4.174300000000001,0.012100184,0.038967633,0.955483686,-0.2922086,0.955483686,-0.2922086,0.01176579,0.039069901
4.174400000000000,0.01209834,0.038963968,0.955480235,-0.292220485,0.955480235,-0.292220485,0.011766196,0.039065553
4.174500000000000,0.012096509,0.038960329,0.955476792,-0.292232344,0.955476792,-0.292232344,0.011766604,0.039061233
4.174600000000000,0.01209469,0.038956714,0.955473355,-0.292244178,0.955473355,-0.292244178,0.011767011,0.039056941
4.174700000000001,0.012092883,0.038953123,0.955469925,-0.292255987,0.955469925,-0.292255987,0.011767419,0.039052676
4.174800000000000,0.012091087,0.038949555,0.955466501,-0.292267771,0.955466501,-0.292267771,0.011767828,0.039048438
4.174900000000000,0.012089302,0.038946009,0.955463084,-0.292279533,0.955463084,-0.292279533,0.011768236,0.039044225
4.175000000000000,0.012087527,0.038942485,0.955459673,-0.292291272,0.955459673,-0.292291272,0.011768645,0.039040037
4.175100000000000,0.012085769,0.038938992,0.955456258,-0.292302972,0.955456258,-0.292302972,0.011769055,0.039035885
4.175200000000000,0.012084032,0.03893554,0.955452855,-0.292314627,0.955452855,-0.292314627,0.011769466,0.03903178
4.175300000000000,0.012082317,0.038932128,0.955449464,-0.292326236,0.955449464,-0.292326236,0.011769878,0.039027721
4.175400000000001,0.012080623,0.038928756,0.955446085,-0.2923378,0.955446085,-0.2923378,0.011770292,0.039023708
4.175500000000000,0.01207895,0.038925423,0.955442717,-0.292349321,0.955442717,-0.292349321,0.011770707,0.03901974
4.175600000000000,0.012077297,0.038922128,0.95543936,-0.292360798,0.95543936,-0.292360798,0.011771123,0.039015816
4.175700000000000,0.012075665,0.038918871,0.955436014,-0.292372232,0.955436014,-0.292372232,0.01177154,0.039011936
4.175800000000001,0.012074052,0.038915652,0.95543268,-0.292383624,0.95543268,-0.292383624,0.011771959,0.039008099
4.175900000000000,0.012072459,0.038912469,0.955429356,-0.292394974,0.955429356,-0.292394974,0.011772379,0.039004304
4.176000000000000,0.012070885,0.038909323,0.955426043,-0.292406284,0.955426043,-0.292406284,0.0117728,0.039000551
4.176100000000000,0.01206933,0.038906212,0.95542274,-0.292417552,0.95542274,-0.292417552,0.011773222,0.03899684
4.176200000000001,0.012067794,0.038903137,0.955419448,-0.292428782,0.955419448,-0.292428782,0.011773646,0.038993169
4.176300000000000,0.012066277,0.038900096,0.955416166,-0.292439971,0.955416166,-0.292439971,0.01177407,0.038989537
4.176400000000000,0.012064778,0.03889709,0.955412894,-0.292451123,0.955412894,-0.292451123,0.011774496,0.038985946
4.176500000000000,0.012063297,0.038894117,0.955409632,-0.292462235,0.955409632,-0.292462235,0.011774922,0.038982393
4.176600000000001,0.012061833,0.038891178,0.95540638,-0.292473311,0.95540638,-0.292473311,0.01177535,0.038978878
4.176700000000000,0.012060388,0.038888271,0.955403137,-0.292484349,0.955403137,-0.292484349,0.011775779,0.038975401
4.176800000000000,0.012058959,0.038885397,0.955399904,-0.29249535,0.955399904,-0.29249535,0.011776209,0.038971962
4.176900000000000,0.012057547,0.038882555,0.955396681,-0.292506315,0.955396681,-0.292506315,0.01177664,0.038968559
4.177000000000000,0.012056153,0.038879744,0.955393466,-0.292517245,0.955393466,-0.292517245,0.011777072,0.038965192
4.177100000000000,0.012054774,0.038876964,0.955390261,-0.292528139,0.955390261,-0.292528139,0.011777505,0.038961861
4.177200000000000,0.012053413,0.038874215,0.955387065,-0.292538999,0.955387065,-0.292538999,0.01177794,0.038958566
4.177300000000001,0.012052067,0.038871496,0.955383878,-0.292549825,0.955383878,-0.292549825,0.011778375,0.038955305
4.177400000000000,0.012050737,0.038868806,0.9553807,-0.292560616,0.9553807,-0.292560616,0.011778811,0.038952078
4.177500000000000,0.012049423,0.038866147,0.95537753,-0.292571374,0.95537753,-0.292571374,0.011779248,0.038948885
4.177600000000000,0.012048124,0.038863516,0.955374369,-0.2925821,0.955374369,-0.2925821,0.011779686,0.038945726
4.177700000000001,0.012046841,0.038860913,0.955371216,-0.292592793,0.955371216,-0.292592793,0.011780125,0.038942599
4.177800000000000,0.012045573,0.038858339,0.955368072,-0.292603453,0.955368072,-0.292603453,0.011780565,0.038939505
4.177900000000000,0.01204432,0.038855793,0.955364935,-0.292614083,0.955364935,-0.292614083,0.011781006,0.038936443
4.178000000000000,0.012043081,0.038853274,0.955361807,-0.292624681,0.955361807,-0.292624681,0.011781448,0.038933413
4.178100000000001,0.012041857,0.038850782,0.955358687,-0.292635248,0.955358687,-0.292635248,0.011781891,0.038930413
4.178200000000000,0.012040647,0.038848316,0.955355575,-0.292645784,0.955355575,-0.292645784,0.011782334,0.038927445
4.178300000000000,0.012039451,0.038845878,0.955352471,-0.292656291,0.955352471,-0.292656291,0.011782779,0.038924507
4.178400000000000,0.01203827,0.038843465,0.955349375,-0.292666768,0.955349375,-0.292666768,0.011783224,0.038921599
4.178500000000001,0.012037102,0.038841078,0.955346286,-0.292677216,0.955346286,-0.292677216,0.01178367,0.03891872
4.178600000000000,0.012035947,0.038838716,0.955343204,-0.292687634,0.955343204,-0.292687634,0.011784117,0.038915871
4.178700000000000,0.012034806,0.038836379,0.955340131,-0.292698025,0.955340131,-0.292698025,0.011784565,0.03891305
4.178800000000000,0.012033679,0.038834067,0.955337064,-0.292708386,0.955337064,-0.292708386,0.011785014,0.038910258
4.178900000000001,0.012032564,0.038831779,0.955334005,-0.292718721,0.955334005,-0.292718721,0.011785464,0.038907494
4.179000000000000,0.012031462,0.038829515,0.955330952,-0.292729027,0.955330952,-0.292729027,0.011785914,0.038904757
4.179100000000000,0.012030374,0.038827275,0.955327907,-0.292739307,0.955327907,-0.292739307,0.011786366,0.038902048
4.179200000000001,0.012029297,0.038825059,0.955324869,-0.292749559,0.955324869,-0.292749559,0.011786818,0.038899367
4.179300000000000,0.012028233,0.038822866,0.955321838,-0.292759785,0.955321838,-0.292759785,0.01178727,0.038896711
4.179400000000000,0.012027182,0.038820695,0.955318814,-0.292769985,0.955318814,-0.292769985,0.011787724,0.038894082
4.179500000000000,0.012026143,0.038818547,0.955315796,-0.292780159,0.955315796,-0.292780159,0.011788178,0.03889148
4.179600000000001,0.012025115,0.038816422,0.955312785,-0.292790307,0.955312785,-0.292790307,0.011788634,0.038888902
4.179700000000000,0.0120241,0.038814318,0.955309781,-0.292800431,0.955309781,-0.292800431,0.011789089,0.038886351
4.179800000000000,0.012023096,0.038812236,0.955306783,-0.292810529,0.955306783,-0.292810529,0.011789546,0.038883824
4.179900000000000,0.012022104,0.038810176,0.955303791,-0.292820602,0.955303791,-0.292820602,0.011790003,0.038881322
4.180000000000001,0.012021123,0.038808137,0.955300806,-0.292830651,0.955300806,-0.292830651,0.011790461,0.038878844
4.180100000000000,0.012020153,0.038806118,0.955297827,-0.292840676,0.955297827,-0.292840676,0.01179092,0.038876391
4.180200000000000,0.012019195,0.038804121,0.955294855,-0.292850678,0.955294855,-0.292850678,0.01179138,0.038873961
4.180300000000000,0.012018248,0.038802144,0.955291888,-0.292860655,0.955291888,-0.292860655,0.01179184,0.038871555
4.180400000000001,0.012017311,0.038800187,0.955288927,-0.29287061,0.955288927,-0.29287061,0.011792301,0.038869173
4.180500000000000,0.012016386,0.03879825,0.955285973,-0.292880541,0.955285973,-0.292880541,0.011792763,0.038866813
4.180600000000000,0.012015471,0.038796333,0.955283024,-0.29289045,0.955283024,-0.29289045,0.011793225,0.038864476
4.180700000000000,0.012014566,0.038794435,0.955280082,-0.292900336,0.955280082,-0.292900336,0.011793688,0.038862162
4.180800000000001,0.012013672,0.038792556,0.955277145,-0.292910201,0.955277145,-0.292910201,0.011794151,0.038859869
4.180900000000000,0.012012788,0.038790697,0.955274213,-0.292920043,0.955274213,-0.292920043,0.011794616,0.038857599
4.181000000000000,0.012011915,0.038788856,0.955271288,-0.292929863,0.955271288,-0.292929863,0.011795081,0.03885535
4.181100000000000,0.012011051,0.038787034,0.955268368,-0.292939662,0.955268368,-0.292939662,0.011795546,0.038853123
4.181200000000000,0.012010197,0.03878523,0.955265453,-0.29294944,0.955265453,-0.29294944,0.011796012,0.038850917
4.181300000000000,0.012009353,0.038783444,0.955262544,-0.292959197,0.955262544,-0.292959197,0.011796479,0.038848731
4.181400000000000,0.012008519,0.038781676,0.95525964,-0.292968933,0.95525964,-0.292968933,0.011796947,0.038846567
4.181500000000001,0.012007695,0.038779926,0.955256742,-0.292978649,0.955256742,-0.292978649,0.011797415,0.038844423
4.181600000000000,0.01200688,0.038778194,0.955253849,-0.292988344,0.955253849,-0.292988344,0.011797884,0.038842299
4.181700000000000,0.012006074,0.038776478,0.955250961,-0.292998019,0.955250961,-0.292998019,0.011798353,0.038840195
4.181800000000000,0.012005278,0.03877478,0.955248079,-0.293007675,0.955248079,-0.293007675,0.011798823,0.03883811
4.181900000000001,0.01200449,0.038773099,0.955245201,-0.29301731,0.955245201,-0.29301731,0.011799293,0.038836045
4.182000000000000,0.012003712,0.038771434,0.955242329,-0.293026927,0.955242329,-0.293026927,0.011799764,0.038834
4.182100000000000,0.012002943,0.038769786,0.955239461,-0.293036524,0.955239461,-0.293036524,0.011800236,0.038831973
4.182200000000000,0.012002183,0.038768154,0.955236598,-0.293046102,0.955236598,-0.293046102,0.011800708,0.038829966
4.182300000000001,0.012001431,0.038766539,0.955233741,-0.293055662,0.955233741,-0.293055662,0.011801181,0.038827977
4.182400000000000,0.012000688,0.038764939,0.955230888,-0.293065202,0.955230888,-0.293065202,0.011801654,0.038826006
4.182500000000000,0.011999954,0.038763355,0.95522804,-0.293074725,0.95522804,-0.293074725,0.011802128,0.038824054
4.182600000000000,0.011999228,0.038761787,0.955225197,-0.293084229,0.955225197,-0.293084229,0.011802603,0.038822119
4.182700000000001,0.011998511,0.038760234,0.955222358,-0.293093715,0.955222358,-0.293093715,0.011803078,0.038820203
4.182800000000000,0.011997802,0.038758696,0.955219524,-0.293103184,0.955219524,-0.293103184,0.011803553,0.038818304
4.182900000000000,0.011997101,0.038757174,0.955216695,-0.293112635,0.955216695,-0.293112635,0.01180403,0.038816422
4.183000000000000,0.011996408,0.038755666,0.95521387,-0.293122068,0.95521387,-0.293122068,0.011804506,0.038814558
4.183100000000000,0.011995723,0.038754173,0.955211049,-0.293131484,0.955211049,-0.293131484,0.011804983,0.03881271
4.183200000000000,0.011995047,0.038752695,0.955208233,-0.293140883,0.955208233,-0.293140883,0.011805461,0.03881088
4.183300000000000,0.011994378,0.038751231,0.955205422,-0.293150266,0.955205422,-0.293150266,0.011805939,0.038809066
4.183400000000001,0.011993717,0.038749781,0.955202615,-0.293159631,0.955202615,-0.293159631,0.011806418,0.038807269
4.183500000000000,0.011993063,0.038748346,0.955199812,-0.29316898,0.955199812,-0.29316898,0.011806897,0.038805488
4.183600000000000,0.011992418,0.038746924,0.955197013,-0.293178312,0.955197013,-0.293178312,0.011807377,0.038803723
4.183700000000000,0.011991779,0.038745517,0.955194219,-0.293187629,0.955194219,-0.293187629,0.011807857,0.038801974
4.183800000000001,0.011991149,0.038744123,0.955191429,-0.293196929,0.955191429,-0.293196929,0.011808338,0.03880024
4.183900000000000,0.011990525,0.038742742,0.955188643,-0.293206213,0.955188643,-0.293206213,0.011808819,0.038798523
4.184000000000000,0.011989909,0.038741375,0.955185861,-0.293215482,0.955185861,-0.293215482,0.011809301,0.038796821
4.184100000000000,0.011989301,0.038740021,0.955183083,-0.293224735,0.955183083,-0.293224735,0.011809783,0.038795134
4.184200000000001,0.011988699,0.03873868,0.955180309,-0.293233973,0.955180309,-0.293233973,0.011810265,0.038793462
4.184300000000000,0.011988105,0.038737352,0.955177539,-0.293243195,0.955177539,-0.293243195,0.011810748,0.038791805
4.184400000000000,0.011987517,0.038736037,0.955174773,-0.293252403,0.955174773,-0.293252403,0.011811232,0.038790163
4.184500000000000,0.011986937,0.038734734,0.955172011,-0.293261595,0.955172011,-0.293261595,0.011811716,0.038788535
4.184600000000001,0.011986363,0.038733444,0.955169252,-0.293270773,0.955169252,-0.293270773,0.0118122,0.038786922
4.184700000000000,0.011985796,0.038732167,0.955166498,-0.293279936,0.955166498,-0.293279936,0.011812685,0.038785324
4.184800000000000,0.011985236,0.038730901,0.955163747,-0.293289084,0.955163747,-0.293289084,0.011813171,0.038783739
4.184900000000000,0.011984683,0.038729648,0.955161,-0.293298218,0.955161,-0.293298218,0.011813656,0.038782169
4.185000000000000,0.011984136,0.038728407,0.955158257,-0.293307338,0.955158257,-0.293307338,0.011814143,0.038780612
4.185100000000000,0.011983596,0.038727178,0.955155517,-0.293316443,0.955155517,-0.293316443,0.011814629,0.038779069
4.185200000000000,0.011983062,0.03872596,0.955152781,-0.293325535,0.955152781,-0.293325535,0.011815116,0.03877754
4.185300000000001,0.011982535,0.038724755,0.955150049,-0.293334613,0.955150049,-0.293334613,0.011815604,0.038776025
4.185400000000000,0.011982014,0.03872356,0.95514732,-0.293343677,0.95514732,-0.293343677,0.011816092,0.038774522
4.185500000000000,0.011981499,0.038722377,0.955144595,-0.293352728,0.955144595,-0.293352728,0.01181658,0.038773033
4.185600000000000,0.01198099,0.038721206,0.955141873,-0.293361765,0.955141873,-0.293361765,0.011817069,0.038771557
4.185700000000001,0.011980488,0.038720045,0.955139155,-0.293370789,0.955139155,-0.293370789,0.011817558,0.038770093
4.185800000000000,0.011979992,0.038718896,0.95513644,-0.2933798,0.95513644,-0.2933798,0.011818048,0.038768643
4.185900000000000,0.011979502,0.038717758,0.955133729,-0.293388797,0.955133729,-0.293388797,0.011818538,0.038767205
4.186000000000000,0.011979018,0.03871663,0.955131021,-0.293397782,0.955131021,-0.293397782,0.011819028,0.03876578
4.186100000000001,0.011978539,0.038715513,0.955128316,-0.293406754,0.955128316,-0.293406754,0.011819519,0.038764367
4.186200000000000,0.011978067,0.038714407,0.955125614,-0.293415713,0.955125614,-0.293415713,0.01182001,0.038762966
4.186300000000000,0.0119776,0.038713311,0.955122916,-0.293424659,0.955122916,-0.293424659,0.011820502,0.038761578
4.186400000000000,0.01197714,0.038712226,0.955120221,-0.293433594,0.955120221,-0.293433594,0.011820994,0.038760201
4.186500000000001,0.011976685,0.038711151,0.95511753,-0.293442515,0.95511753,-0.293442515,0.011821486,0.038758837
4.186600000000000,0.011976235,0.038710086,0.955114841,-0.293451425,0.955114841,-0.293451425,0.011821979,0.038757484
4.186700000000000,0.011975792,0.038709031,0.955112156,-0.293460322,0.955112156,-0.293460322,0.011822472,0.038756143
4.186800000000000,0.011975353,0.038707986,0.955109473,-0.293469208,0.955109473,-0.293469208,0.011822965,0.038754814
4.186900000000001,0.011974921,0.038706952,0.955106794,-0.293478081,0.955106794,-0.293478081,0.011823459,0.038753496
4.187000000000000,0.011974493,0.038705926,0.955104118,-0.293486943,0.955104118,-0.293486943,0.011823954,0.038752189
4.187100000000000,0.011974071,0.038704911,0.955101445,-0.293495793,0.955101445,-0.293495793,0.011824448,0.038750894
4.187200000000001,0.011973655,0.038703905,0.955098775,-0.293504631,0.955098775,-0.293504631,0.011824943,0.038749609
4.187300000000000,0.011973244,0.038702909,0.955096108,-0.293513458,0.955096108,-0.293513458,0.011825438,0.038748336
4.187400000000000,0.011972838,0.038701922,0.955093444,-0.293522274,0.955093444,-0.293522274,0.011825934,0.038747074
4.187500000000000,0.011972437,0.038700945,0.955090783,-0.293531078,0.955090783,-0.293531078,0.01182643,0.038745822
4.187600000000001,0.011972041,0.038699977,0.955088124,-0.293539871,0.955088124,-0.293539871,0.011826926,0.038744581
4.187700000000000,0.011971651,0.038699018,0.955085469,-0.293548653,0.955085469,-0.293548653,0.011827423,0.038743351
4.187800000000000,0.011971265,0.038698068,0.955082816,-0.293557425,0.955082816,-0.293557425,0.01182792,0.038742131
4.187900000000000,0.011970885,0.038697127,0.955080167,-0.293566185,0.955080167,-0.293566185,0.011828418,0.038740921
4.188000000000001,0.011970509,0.038696194,0.95507752,-0.293574934,0.95507752,-0.293574934,0.011828915,0.038739722
4.188100000000000,0.011970138,0.038695271,0.955074876,-0.293583673,0.955074876,-0.293583673,0.011829413,0.038738533
4.188200000000000,0.011969773,0.038694356,0.955072234,-0.293592401,0.955072234,-0.293592401,0.011829912,0.038737354
4.188300000000000,0.011969412,0.03869345,0.955069596,-0.293601119,0.955069596,-0.293601119,0.011830411,0.038736186
4.188400000000001,0.011969056,0.038692553,0.95506696,-0.293609826,0.95506696,-0.293609826,0.01183091,0.038735027
4.188500000000000,0.011968704,0.038691664,0.955064326,-0.293618523,0.955064326,-0.293618523,0.011831409,0.038733877
4.188600000000000,0.011968358,0.038690783,0.955061696,-0.293627209,0.955061696,-0.293627209,0.011831909,0.038732738
4.188700000000000,0.011968016,0.038689911,0.955059068,-0.293635886,0.955059068,-0.293635886,0.011832409,0.038731608
4.188800000000001,0.011967679,0.038689047,0.955056443,-0.293644552,0.955056443,-0.293644552,0.011832909,0.038730488
4.188900000000000,0.011967346,0.038688191,0.95505382,-0.293653208,0.95505382,-0.293653208,0.01183341,0.038729377
4.189000000000000,0.011967018,0.038687343,0.9550512,-0.293661855,0.9550512,-0.293661855,0.011833911,0.038728276
4.189100000000000,0.011966694,0.038686504,0.955048582,-0.293670492,0.955048582,-0.293670492,0.011834412,0.038727184
4.189200000000000,0.011966375,0.038685672,0.955045967,-0.293679119,0.955045967,-0.293679119,0.011834914,0.038726101
4.189300000000000,0.01196606,0.038684848,0.955043355,-0.293687736,0.955043355,-0.293687736,0.011835416,0.038725027
4.189400000000000,0.011965749,0.038684031,0.955040744,-0.293696344,0.955040744,-0.293696344,0.011835918,0.038723962
4.189500000000001,0.011965443,0.038683223,0.955038137,-0.293704942,0.955038137,-0.293704942,0.01183642,0.038722906
4.189600000000000,0.011965141,0.038682422,0.955035532,-0.293713531,0.955035532,-0.293713531,0.011836923,0.038721859
4.189700000000000,0.011964844,0.038681629,0.955032929,-0.29372211,0.955032929,-0.29372211,0.011837426,0.03872082
4.189800000000000,0.011964551,0.038680843,0.955030329,-0.29373068,0.955030329,-0.29373068,0.01183793,0.038719791
4.189900000000001,0.011964262,0.038680064,0.955027731,-0.293739241,0.955027731,-0.293739241,0.011838433,0.03871877
4.190000000000000,0.011963977,0.038679293,0.955025135,-0.293747793,0.955025135,-0.293747793,0.011838937,0.038717757
4.190100000000000,0.011963696,0.03867853,0.955022542,-0.293756336,0.955022542,-0.293756336,0.011839442,0.038716753
4.190200000000000,0.011963419,0.038677773,0.955019951,-0.29376487,0.955019951,-0.29376487,0.011839946,0.038715758
4.190300000000001,0.011963147,0.038677024,0.955017362,-0.293773395,0.955017362,-0.293773395,0.011840451,0.03871477
4.190400000000000,0.011962878,0.038676281,0.955014776,-0.293781912,0.955014776,-0.293781912,0.011840956,0.038713791
4.190500000000000,0.011962613,0.038675546,0.955012192,-0.293790419,0.955012192,-0.293790419,0.011841461,0.03871282
4.190600000000000,0.011962353,0.038674818,0.95500961,-0.293798918,0.95500961,-0.293798918,0.011841967,0.038711858
4.190700000000001,0.011962096,0.038674097,0.955007031,-0.293807408,0.955007031,-0.293807408,0.011842473,0.038710903
4.190800000000000,0.011961843,0.038673382,0.955004453,-0.29381589,0.955004453,-0.29381589,0.011842979,0.038709956
4.190900000000000,0.011961594,0.038672674,0.955001878,-0.293824363,0.955001878,-0.293824363,0.011843486,0.038709017
4.191000000000000,0.011961349,0.038671973,0.954999305,-0.293832828,0.954999305,-0.293832828,0.011843993,0.038708086
4.191100000000000,0.011961108,0.038671279,0.954996734,-0.293841285,0.954996734,-0.293841285,0.0118445,0.038707162
4.191200000000000,0.01196087,0.038670591,0.954994166,-0.293849733,0.954994166,-0.293849733,0.011845007,0.038706246
4.191300000000000,0.011960636,0.03866991,0.954991599,-0.293858173,0.954991599,-0.293858173,0.011845514,0.038705338
4.191400000000001,0.011960406,0.038669235,0.954989035,-0.293866605,0.954989035,-0.293866605,0.011846022,0.038704437
4.191500000000000,0.01196018,0.038668567,0.954986473,-0.293875029,0.954986473,-0.293875029,0.01184653,0.038703544
4.191600000000000,0.011959957,0.038667905,0.954983912,-0.293883445,0.954983912,-0.293883445,0.011847039,0.038702658
4.191700000000000,0.011959738,0.038667249,0.954981354,-0.293891852,0.954981354,-0.293891852,0.011847547,0.03870178
4.191800000000001,0.011959522,0.0386666,0.954978798,-0.293900252,0.954978798,-0.293900252,0.011848056,0.038700908
4.191900000000000,0.01195931,0.038665957,0.954976244,-0.293908645,0.954976244,-0.293908645,0.011848565,0.038700044
4.192000000000000,0.011959102,0.03866532,0.954973692,-0.293917029,0.954973692,-0.293917029,0.011849074,0.038699187
4.192100000000000,0.011958897,0.038664689,0.954971142,-0.293925406,0.954971142,-0.293925406,0.011849584,0.038698337
4.192200000000001,0.011958695,0.038664064,0.954968594,-0.293933775,0.954968594,-0.293933775,0.011850094,0.038697495
4.192300000000000,0.011958497,0.038663445,0.954966048,-0.293942136,0.954966048,-0.293942136,0.011850604,0.038696659
4.192400000000000,0.011958302,0.038662832,0.954963504,-0.29395049,0.954963504,-0.29395049,0.011851114,0.03869583
4.192500000000000,0.011958111,0.038662225,0.954960961,-0.293958836,0.954960961,-0.293958836,0.011851625,0.038695008
4.192600000000001,0.011957923,0.038661624,0.954958421,-0.293967175,0.954958421,-0.293967175,0.011852136,0.038694192
4.192700000000000,0.011957738,0.038661028,0.954955883,-0.293975507,0.954955883,-0.293975507,0.011852647,0.038693384
4.192800000000000,0.011957557,0.038660439,0.954953346,-0.293983831,0.954953346,-0.293983831,0.011853158,0.038692582
4.192900000000000,0.011957379,0.038659855,0.954950812,-0.293992148,0.954950812,-0.293992148,0.011853669,0.038691786
4.193000000000001,0.011957204,0.038659276,0.954948279,-0.294000458,0.954948279,-0.294000458,0.011854181,0.038690998
4.193100000000000,0.011957033,0.038658703,0.954945748,-0.294008761,0.954945748,-0.294008761,0.011854693,0.038690215
4.193200000000000,0.011956864,0.038658136,0.954943219,-0.294017057,0.954943219,-0.294017057,0.011855205,0.038689439
4.193300000000001,0.011956699,0.038657574,0.954940692,-0.294025345,0.954940692,-0.294025345,0.011855718,0.03868867
4.193400000000000,0.011956537,0.038657018,0.954938167,-0.294033627,0.954938167,-0.294033627,0.01185623,0.038687907
4.193500000000000,0.011956378,0.038656467,0.954935643,-0.294041901,0.954935643,-0.294041901,0.011856743,0.03868715
4.193600000000000,0.011956223,0.038655921,0.954933121,-0.294050169,0.954933121,-0.294050169,0.011857256,0.038686399
4.193700000000001,0.01195607,0.038655381,0.954930601,-0.29405843,0.954930601,-0.29405843,0.01185777,0.038685655
4.193800000000000,0.01195592,0.038654846,0.954928083,-0.294066684,0.954928083,-0.294066684,0.011858283,0.038684916
4.193900000000000,0.011955774,0.038654316,0.954925566,-0.294074931,0.954925566,-0.294074931,0.011858797,0.038684184
4.194000000000000,0.01195563,0.038653791,0.954923052,-0.294083172,0.954923052,-0.294083172,0.011859311,0.038683458
4.194100000000001,0.01195549,0.038653272,0.954920539,-0.294091406,0.954920539,-0.294091406,0.011859825,0.038682737
4.194200000000000,0.011955352,0.038652758,0.954918027,-0.294099634,0.954918027,-0.294099634,0.01186034,0.038682023
4.194300000000000,0.011955218,0.038652248,0.954915518,-0.294107855,0.954915518,-0.294107855,0.011860854,0.038681315
4.194400000000000,0.011955086,0.038651744,0.95491301,-0.294116069,0.95491301,-0.294116069,0.011861369,0.038680612
4.194500000000001,0.011954957,0.038651244,0.954910503,-0.294124277,0.954910503,-0.294124277,0.011861884,0.038679915
4.194600000000000,0.011954831,0.03865075,0.954907999,-0.294132478,0.954907999,-0.294132478,0.0118624,0.038679224
4.194700000000000,0.011954708,0.03865026,0.954905496,-0.294140674,0.954905496,-0.294140674,0.011862915,0.038678538
4.194800000000000,0.011954588,0.038649775,0.954902995,-0.294148862,0.954902995,-0.294148862,0.011863431,0.038677858
4.194900000000001,0.01195447,0.038649295,0.954900495,-0.294157045,0.954900495,-0.294157045,0.011863947,0.038677184
4.195000000000000,0.011954356,0.03864882,0.954897997,-0.294165221,0.954897997,-0.294165221,0.011864463,0.038676515
4.195100000000000,0.011954244,0.03864835,0.9548955,-0.294173391,0.9548955,-0.294173391,0.011864979,0.038675852
4.195200000000000,0.011954135,0.038647884,0.954893005,-0.294181555,0.954893005,-0.294181555,0.011865496,0.038675194
4.195300000000000,0.011954028,0.038647422,0.954890512,-0.294189713,0.954890512,-0.294189713,0.011866012,0.038674542
4.195400000000000,0.011953925,0.038646966,0.95488802,-0.294197865,0.95488802,-0.294197865,0.011866529,0.038673895
4.195500000000000,0.011953824,0.038646514,0.95488553,-0.294206011,0.95488553,-0.294206011,0.011867046,0.038673253
4.195600000000001,0.011953726,0.038646066,0.954883042,-0.294214151,0.954883042,-0.294214151,0.011867564,0.038672617
4.195700000000000,0.01195363,0.038645623,0.954880555,-0.294222285,0.954880555,-0.294222285,0.011868081,0.038671985
4.195800000000000,0.011953537,0.038645185,0.954878069,-0.294230413,0.954878069,-0.294230413,0.011868599,0.038671359
4.195900000000000,0.011953447,0.03864475,0.954875585,-0.294238535,0.954875585,-0.294238535,0.011869117,0.038670739
4.196000000000001,0.011953359,0.038644321,0.954873102,-0.294246651,0.954873102,-0.294246651,0.011869635,0.038670123
4.196100000000000,0.011953274,0.038643895,0.954870621,-0.294254761,0.954870621,-0.294254761,0.011870153,0.038669512
4.196200000000000,0.011953191,0.038643474,0.954868142,-0.294262866,0.954868142,-0.294262866,0.011870671,0.038668906
4.196300000000000,0.011953111,0.038643057,0.954865664,-0.294270965,0.954865664,-0.294270965,0.01187119,0.038668306
4.196400000000001,0.011953033,0.038642644,0.954863187,-0.294279059,0.954863187,-0.294279059,0.011871709,0.03866771
4.196500000000000,0.011952958,0.038642236,0.954860712,-0.294287147,0.954860712,-0.294287147,0.011872228,0.038667119
4.196600000000000,0.011952886,0.038641832,0.954858238,-0.294295229,0.954858238,-0.294295229,0.011872747,0.038666533
4.196700000000000,0.011952816,0.038641432,0.954855766,-0.294303305,0.954855766,-0.294303305,0.011873266,0.038665952
4.196800000000001,0.011952748,0.038641035,0.954853295,-0.294311377,0.954853295,-0.294311377,0.011873786,0.038665376
4.196900000000000,0.011952683,0.038640644,0.954850826,-0.294319442,0.954850826,-0.294319442,0.011874306,0.038664804
4.197000000000000,0.01195262,0.038640256,0.954848358,-0.294327502,0.954848358,-0.294327502,0.011874826,0.038664237
4.197100000000000,0.011952559,0.038639872,0.954845891,-0.294335557,0.954845891,-0.294335557,0.011875346,0.038663675
4.197200000000000,0.011952501,0.038639492,0.954843426,-0.294343607,0.954843426,-0.294343607,0.011875866,0.038663117
4.197300000000000,0.011952446,0.038639116,0.954840962,-0.294351651,0.954840962,-0.294351651,0.011876387,0.038662564
4.197400000000000,0.011952392,0.038638744,0.9548385,-0.29435969,0.9548385,-0.29435969,0.011876907,0.038662016
4.197500000000001,0.011952341,0.038638375,0.954836039,-0.294367723,0.954836039,-0.294367723,0.011877428,0.038661472
4.197600000000000,0.011952293,0.038638011,0.954833579,-0.294375752,0.954833579,-0.294375752,0.011877949,0.038660933
4.197700000000000,0.011952246,0.03863765,0.954831121,-0.294383775,0.954831121,-0.294383775,0.01187847,0.038660398
4.197800000000000,0.011952202,0.038637294,0.954828664,-0.294391793,0.954828664,-0.294391793,0.011878991,0.038659867
4.197900000000001,0.011952161,0.038636941,0.954826208,-0.294399805,0.954826208,-0.294399805,0.011879513,0.038659341
4.198000000000000,0.011952121,0.038636591,0.954823753,-0.294407813,0.954823753,-0.294407813,0.011880035,0.03865882
4.198100000000000,0.011952084,0.038636246,0.9548213,-0.294415816,0.9548213,-0.294415816,0.011880557,0.038658302
4.198200000000000,0.011952049,0.038635904,0.954818848,-0.294423813,0.954818848,-0.294423813,0.011881079,0.038657789
4.198300000000001,0.011952016,0.038635566,0.954816398,-0.294431806,0.954816398,-0.294431806,0.011881601,0.03865728
4.198400000000000,0.011951985,0.038635231,0.954813949,-0.294439794,0.954813949,-0.294439794,0.011882123,0.038656776
4.198500000000000,0.011951957,0.0386349,0.954811501,-0.294447776,0.954811501,-0.294447776,0.011882646,0.038656275
4.198600000000000,0.01195193,0.038634572,0.954809054,-0.294455754,0.954809054,-0.294455754,0.011883168,0.038655779
4.198700000000001,0.011951906,0.038634248,0.954806609,-0.294463727,0.954806609,-0.294463727,0.011883691,0.038655287
4.198800000000000,0.011951884,0.038633928,0.954804165,-0.294471695,0.954804165,-0.294471695,0.011884214,0.038654799
4.198900000000000,0.011951864,0.038633611,0.954801722,-0.294479658,0.954801722,-0.294479658,0.011884737,0.038654315
4.199000000000000,0.011951846,0.038633297,0.95479928,-0.294487617,0.95479928,-0.294487617,0.011885261,0.038653835
4.199100000000000,0.01195183,0.038632987,0.95479684,-0.294495571,0.95479684,-0.294495571,0.011885784,0.038653359
4.199200000000000,0.011951817,0.03863268,0.9547944,-0.29450352,0.9547944,-0.29450352,0.011886308,0.038652887
4.199300000000000,0.011951805,0.038632377,0.954791962,-0.294511464,0.954791962,-0.294511464,0.011886832,0.038652419
4.199400000000001,0.011951796,0.038632077,0.954789526,-0.294519404,0.954789526,-0.294519404,0.011887356,0.038651954
4.199500000000000,0.011951788,0.03863178,0.95478709,-0.294527338,0.95478709,-0.294527338,0.01188788,0.038651494
4.199600000000000,0.011951783,0.038631486,0.954784656,-0.294535269,0.954784656,-0.294535269,0.011888404,0.038651038
4.199700000000000,0.011951779,0.038631196,0.954782222,-0.294543195,0.954782222,-0.294543195,0.011888928,0.038650585
4.199800000000001,0.011951778,0.038630909,0.95477979,-0.294551116,0.95477979,-0.294551116,0.011889453,0.038650136
4.199900000000000,0.011951778,0.038630625,0.954777359,-0.294559033,0.954777359,-0.294559033,0.011889978,0.038649691
4.200000000000000,0.01195178,0.038630345,0.95477493,-0.294566945,0.95477493,-0.294566945,0.011890503,0.03864925
