Frequency (GHz),RE[S11],IM[S11],RE[S12],IM[S12],RE[S21],IM[S21],RE[S22],IM[S22]
4.1,0.012091609,0.037359337,0.953057217,-0.300233267,0.953057217,-0.300233267,0.011504613,0.037544253
4.1001,0.01209194,0.0373576,0.953054246,-0.3002429,0.953054246,-0.3002429,0.011504076,0.037542796
4.1002,0.012092269,0.037355853,0.953051272,-0.300252542,0.953051272,-0.300252542,0.011503536,0.03754133
4.1003,0.012092598,0.037354096,0.953048297,-0.300262193,0.953048297,-0.300262193,0.011502991,0.037539855
4.1004,0.012092926,0.037352329,0.953045318,-0.300271853,0.953045318,-0.300271853,0.011502443,0.03753837
4.1005,0.012093252,0.037350551,0.953042337,-0.300281523,0.953042337,-0.300281523,0.01150189,0.037536877
4.1006,0.012093578,0.037348764,0.953039354,-0.300291201,0.953039354,-0.300291201,0.011501333,0.037535374
4.1007,0.012093903,0.037346966,0.953036368,-0.300300888,0.953036368,-0.300300888,0.011500772,0.037533862
4.1008,0.012094226,0.037345158,0.953033379,-0.300310585,0.953033379,-0.300310585,0.011500207,0.037532341
4.1009,0.012094549,0.037343339,0.953030388,-0.300320291,0.953030388,-0.300320291,0.011499637,0.037530811
4.101,0.012094871,0.03734151,0.953027394,-0.300330006,0.953027394,-0.300330006,0.011499063,0.037529271
4.1011,0.012095192,0.037339671,0.953024397,-0.30033973,0.953024397,-0.30033973,0.011498485,0.037527722
4.1012,0.012095512,0.037337821,0.953021398,-0.300349464,0.953021398,-0.300349464,0.011497902,0.037526163
4.1013,0.012095831,0.03733596,0.953018396,-0.300359208,0.953018396,-0.300359208,0.011497316,0.037524595
4.1014,0.012096148,0.037334089,0.953015391,-0.300368961,0.953015391,-0.300368961,0.011496724,0.037523017
4.1015,0.012096465,0.037332207,0.953012384,-0.300378723,0.953012384,-0.300378723,0.011496129,0.03752143
4.1016,0.012096781,0.037330315,0.953009374,-0.300388495,0.953009374,-0.300388495,0.011495529,0.037519833
4.1017,0.012097096,0.037328411,0.953006361,-0.300398277,0.953006361,-0.300398277,0.011494924,0.037518226
4.1018,0.01209741,0.037326497,0.953003346,-0.300408069,0.953003346,-0.300408069,0.011494316,0.037516609
4.1019,0.012097722,0.037324572,0.953000327,-0.30041787,0.953000327,-0.30041787,0.011493702,0.037514983
4.102,0.012098034,0.037322635,0.952997306,-0.300427682,0.952997306,-0.300427682,0.011493084,0.037513347
4.1021,0.012098345,0.037320688,0.952994282,-0.300437503,0.952994282,-0.300437503,0.011492462,0.037511701
4.1022,0.012098654,0.03731873,0.952991256,-0.300447334,0.952991256,-0.300447334,0.011491835,0.037510045
4.1023,0.012098963,0.03731676,0.952988226,-0.300457175,0.952988226,-0.300457175,0.011491203,0.037508378
4.1024,0.01209927,0.037314779,0.952985194,-0.300467027,0.952985194,-0.300467027,0.011490567,0.037506702
4.1025,0.012099577,0.037312787,0.952982159,-0.300476888,0.952982159,-0.300476888,0.011489926,0.037505016
4.1026,0.012099882,0.037310783,0.952979121,-0.30048676,0.952979121,-0.30048676,0.011489281,0.037503319
4.1027,0.012100186,0.037308768,0.95297608,-0.300496642,0.95297608,-0.300496642,0.011488631,0.037501612
4.1028,0.012100489,0.037306742,0.952973036,-0.300506535,0.952973036,-0.300506535,0.011487976,0.037499895
4.1029,0.012100791,0.037304704,0.952969989,-0.300516437,0.952969989,-0.300516437,0.011487316,0.037498167
4.103,0.012101092,0.037302655,0.952966939,-0.300526351,0.952966939,-0.300526351,0.011486652,0.03749643
4.1031,0.012101392,0.037300593,0.952963886,-0.300536274,0.952963886,-0.300536274,0.011485983,0.037494681
4.1032,0.012101691,0.03729852,0.952960831,-0.300546209,0.952960831,-0.300546209,0.011485309,0.037492922
4.1033,0.012101988,0.037296435,0.952957772,-0.300556154,0.952957772,-0.300556154,0.01148463,0.037491152
4.1034,0.012102285,0.037294339,0.95295471,-0.300566109,0.95295471,-0.300566109,0.011483946,0.037489372
4.1035,0.01210258,0.03729223,0.952951645,-0.300576076,0.952951645,-0.300576076,0.011483257,0.037487581
4.1036,0.012102874,0.03729011,0.952948578,-0.300586053,0.952948578,-0.300586053,0.011482564,0.03748578
4.1037,0.012103167,0.037287977,0.952945507,-0.300596042,0.952945507,-0.300596042,0.011481865,0.037483967
4.1038,0.012103459,0.037285832,0.952942433,-0.300606041,0.952942433,-0.300606041,0.011481161,0.037482144
4.1039,0.01210375,0.037283675,0.952939356,-0.300616051,0.952939356,-0.300616051,0.011480453,0.037480309
4.104,0.012104039,0.037281506,0.952936275,-0.300626072,0.952936275,-0.300626072,0.011479739,0.037478464
4.1041,0.012104328,0.037279324,0.952933192,-0.300636105,0.952933192,-0.300636105,0.01147902,0.037476607
4.1042,0.012104615,0.03727713,0.952930106,-0.300646149,0.952930106,-0.300646149,0.011478296,0.037474739
4.1043,0.012104901,0.037274924,0.952927016,-0.300656204,0.952927016,-0.300656204,0.011477567,0.037472861
4.1044,0.012105186,0.037272705,0.952923923,-0.30066627,0.952923923,-0.30066627,0.011476833,0.037470971
4.1045,0.012105469,0.037270473,0.952920827,-0.300676348,0.952920827,-0.300676348,0.011476093,0.037469069
4.1046,0.012105752,0.037268229,0.952917727,-0.300686437,0.952917727,-0.300686437,0.011475349,0.037467156
4.1047,0.012106033,0.037265972,0.952914625,-0.300696538,0.952914625,-0.300696538,0.011474599,0.037465232
4.1048,0.012106313,0.037263702,0.952911519,-0.300706651,0.952911519,-0.300706651,0.011473844,0.037463296
4.1049,0.012106591,0.037261419,0.952908409,-0.300716775,0.952908409,-0.300716775,0.011473083,0.037461349
4.105,0.012106869,0.037259123,0.952905297,-0.300726911,0.952905297,-0.300726911,0.011472317,0.03745939
4.1051,0.012107145,0.037256814,0.952902181,-0.300737059,0.952902181,-0.300737059,0.011471546,0.037457419
4.1052,0.01210742,0.037254492,0.952899062,-0.300747219,0.952899062,-0.300747219,0.011470769,0.037455436
4.1053,0.012107694,0.037252156,0.952895939,-0.300757391,0.952895939,-0.300757391,0.011469987,0.037453442
4.1054,0.012107966,0.037249808,0.952892813,-0.300767575,0.952892813,-0.300767575,0.011469199,0.037451435
4.1055,0.012108237,0.037247446,0.952889684,-0.300777771,0.952889684,-0.300777771,0.011468406,0.037449417
4.1056,0.012108507,0.03724507,0.952886551,-0.30078798,0.952886551,-0.30078798,0.011467607,0.037447386
4.1057,0.012108775,0.037242682,0.952883414,-0.3007982,0.952883414,-0.3007982,0.011466802,0.037445344
4.1058,0.012109043,0.037240279,0.952880274,-0.300808433,0.952880274,-0.300808433,0.011465992,0.037443289
4.1059,0.012109308,0.037237863,0.952877131,-0.300818679,0.952877131,-0.300818679,0.011465176,0.037441222
4.106,0.012109573,0.037235433,0.952873984,-0.300828937,0.952873984,-0.300828937,0.011464355,0.037439143
4.1061,0.012109836,0.037232989,0.952870834,-0.300839208,0.952870834,-0.300839208,0.011463528,0.037437051
4.1062,0.012110098,0.037230531,0.95286768,-0.300849491,0.95286768,-0.300849491,0.011462695,0.037434946
4.1063,0.012110359,0.037228059,0.952864522,-0.300859788,0.952864522,-0.300859788,0.011461856,0.03743283
4.1064,0.012110618,0.037225574,0.952861361,-0.300870097,0.952861361,-0.300870097,0.011461012,0.0374307
4.1065,0.012110876,0.037223073,0.952858196,-0.300880419,0.952858196,-0.300880419,0.011460161,0.037428558
4.1066,0.012111132,0.037220559,0.952855027,-0.300890754,0.952855027,-0.300890754,0.011459305,0.037426403
4.1067,0.012111387,0.037218031,0.952851855,-0.300901102,0.952851855,-0.300901102,0.011458442,0.037424235
4.1068,0.012111641,0.037215487,0.952848679,-0.300911463,0.952848679,-0.300911463,0.011457574,0.037422054
4.1069,0.012111893,0.03721293,0.952845499,-0.300921838,0.952845499,-0.300921838,0.0114567,0.03741986
4.107,0.012112144,0.037210358,0.952842316,-0.300932226,0.952842316,-0.300932226,0.011455819,0.037417653
4.1071,0.012112394,0.037207771,0.952839129,-0.300942627,0.952839129,-0.300942627,0.011454933,0.037415433
4.1072,0.012112642,0.037205169,0.952835938,-0.300953042,0.952835938,-0.300953042,0.01145404,0.037413199
4.1073,0.012112888,0.037202553,0.952832743,-0.30096347,0.952832743,-0.30096347,0.011453141,0.037410953
4.1074,0.012113133,0.037199921,0.952829544,-0.300973912,0.952829544,-0.300973912,0.011452236,0.037408693
4.1075,0.012113377,0.037197275,0.952826341,-0.300984368,0.952826341,-0.300984368,0.011451325,0.037406419
4.1076,0.012113619,0.037194613,0.952823135,-0.300994838,0.952823135,-0.300994838,0.011450408,0.037404132
4.1077,0.01211386,0.037191936,0.952819924,-0.301005322,0.952819924,-0.301005322,0.011449484,0.037401831
4.1078,0.012114099,0.037189244,0.95281671,-0.30101582,0.95281671,-0.30101582,0.011448553,0.037399516
4.1079,0.012114337,0.037186536,0.952813492,-0.301026332,0.952813492,-0.301026332,0.011447617,0.037397188
4.108,0.012114573,0.037183813,0.952810269,-0.301036858,0.952810269,-0.301036858,0.011446674,0.037394845
4.1081,0.012114808,0.037181074,0.952807043,-0.301047399,0.952807043,-0.301047399,0.011445724,0.037392489
4.1082,0.012115041,0.037178319,0.952803812,-0.301057954,0.952803812,-0.301057954,0.011444768,0.037390118
4.1083,0.012115273,0.037175549,0.952800578,-0.301068523,0.952800578,-0.301068523,0.011443805,0.037387734
4.1084,0.012115503,0.037172763,0.952797339,-0.301079107,0.952797339,-0.301079107,0.011442836,0.037385335
4.1085,0.012115732,0.037169961,0.952794096,-0.301089706,0.952794096,-0.301089706,0.01144186,0.037382921
4.1086,0.012115959,0.037167142,0.952790849,-0.30110032,0.952790849,-0.30110032,0.011440877,0.037380494
4.1087,0.012116184,0.037164308,0.952787598,-0.301110948,0.952787598,-0.301110948,0.011439888,0.037378051
4.1088,0.012116408,0.037161457,0.952784343,-0.301121592,0.952784343,-0.301121592,0.011438891,0.037375594
4.1089,0.012116631,0.03715859,0.952781083,-0.30113225,0.952781083,-0.30113225,0.011437888,0.037373123
4.109,0.012116851,0.037155706,0.952777819,-0.301142924,0.952777819,-0.301142924,0.011436878,0.037370637
4.1091,0.012117071,0.037152806,0.952774551,-0.301153613,0.952774551,-0.301153613,0.011435861,0.037368135
4.1092,0.012117288,0.037149889,0.952771278,-0.301164317,0.952771278,-0.301164317,0.011434837,0.037365619
4.1093,0.012117504,0.037146955,0.952768001,-0.301175037,0.952768001,-0.301175037,0.011433807,0.037363088
4.1094,0.012117718,0.037144004,0.95276472,-0.301185773,0.95276472,-0.301185773,0.011432769,0.037360541
4.1095,0.012117931,0.037141036,0.952761434,-0.301196524,0.952761434,-0.301196524,0.011431724,0.037357979
4.1096,0.012118141,0.037138051,0.952758144,-0.301207291,0.952758144,-0.301207291,0.011430671,0.037355402
4.1097,0.012118351,0.037135049,0.95275485,-0.301218074,0.95275485,-0.301218074,0.011429612,0.03735281
4.1098,0.012118558,0.037132029,0.95275155,-0.301228873,0.95275155,-0.301228873,0.011428545,0.037350201
4.1099,0.012118764,0.037128992,0.952748247,-0.301239688,0.952748247,-0.301239688,0.011427472,0.037347578
4.11,0.012118968,0.037125937,0.952744939,-0.301250519,0.952744939,-0.301250519,0.01142639,0.037344938
4.1101,0.01211917,0.037122865,0.952741626,-0.301261367,0.952741626,-0.301261367,0.011425302,0.037342282
4.1102,0.012119371,0.037119775,0.952738308,-0.301272231,0.952738308,-0.301272231,0.011424205,0.037339611
4.1103,0.01211957,0.037116667,0.952734986,-0.301283112,0.952734986,-0.301283112,0.011423102,0.037336923
4.1104,0.012119767,0.03711354,0.952731659,-0.301294009,0.952731659,-0.301294009,0.011421991,0.03733422
4.1105,0.012119962,0.037110396,0.952728328,-0.301304923,0.952728328,-0.301304923,0.011420872,0.0373315
4.1106,0.012120156,0.037107233,0.952724991,-0.301315854,0.952724991,-0.301315854,0.011419746,0.037328763
4.1107,0.012120348,0.037104052,0.95272165,-0.301326802,0.95272165,-0.301326802,0.011418612,0.03732601
4.1108,0.012120538,0.037100853,0.952718304,-0.301337767,0.952718304,-0.301337767,0.01141747,0.037323241
4.1109,0.012120726,0.037097635,0.952714953,-0.30134875,0.952714953,-0.30134875,0.01141632,0.037320455
4.111,0.012120912,0.037094398,0.952711598,-0.30135975,0.952711598,-0.30135975,0.011415163,0.037317652
4.1111,0.012121096,0.037091142,0.952708237,-0.301370767,0.952708237,-0.301370767,0.011413997,0.037314832
4.1112,0.012121279,0.037087867,0.952704871,-0.301381802,0.952704871,-0.301381802,0.011412824,0.037311995
4.1113,0.01212146,0.037084573,0.952701501,-0.301392855,0.952701501,-0.301392855,0.011411643,0.037309141
4.1114,0.012121639,0.037081259,0.952698125,-0.301403925,0.952698125,-0.301403925,0.011410453,0.037306269
4.1115,0.012121815,0.037077927,0.952694745,-0.301415014,0.952694745,-0.301415014,0.011409256,0.037303381
4.1116,0.012121991,0.037074574,0.952691359,-0.30142612,0.952691359,-0.30142612,0.01140805,0.037300474
4.1117,0.012122164,0.037071203,0.952687968,-0.301437245,0.952687968,-0.301437245,0.011406836,0.03729755
4.1118,0.012122335,0.037067811,0.952684572,-0.301448388,0.952684572,-0.301448388,0.011405614,0.037294609
4.1119,0.012122504,0.037064399,0.952681171,-0.30145955,0.952681171,-0.30145955,0.011404383,0.037291649
4.112,0.012122671,0.037060968,0.952677764,-0.30147073,0.952677764,-0.30147073,0.011403144,0.037288672
4.1121,0.012122836,0.037057516,0.952674352,-0.301481929,0.952674352,-0.301481929,0.011401897,0.037285676
4.1122,0.012123,0.037054044,0.952670935,-0.301493147,0.952670935,-0.301493147,0.011400641,0.037282663
4.1123,0.012123161,0.037050551,0.952667513,-0.301504384,0.952667513,-0.301504384,0.011399377,0.03727963
4.1124,0.01212332,0.037047038,0.952664085,-0.30151564,0.952664085,-0.30151564,0.011398103,0.03727658
4.1125,0.012123477,0.037043504,0.952660652,-0.301526915,0.952660652,-0.301526915,0.011396822,0.037273511
4.1126,0.012123632,0.037039949,0.952657213,-0.30153821,0.952657213,-0.30153821,0.011395531,0.037270423
4.1127,0.012123785,0.037036373,0.952653769,-0.301549524,0.952653769,-0.301549524,0.011394231,0.037267316
4.1128,0.012123936,0.037032776,0.952650319,-0.301560858,0.952650319,-0.301560858,0.011392923,0.03726419
4.1129,0.012124085,0.037029157,0.952646864,-0.301572212,0.952646864,-0.301572212,0.011391606,0.037261046
4.113,0.012124232,0.037025517,0.952643403,-0.301583586,0.952643403,-0.301583586,0.011390279,0.037257882
4.1131,0.012124377,0.037021856,0.952639936,-0.30159498,0.952639936,-0.30159498,0.011388944,0.037254698
4.1132,0.012124519,0.037018172,0.952636464,-0.301606394,0.952636464,-0.301606394,0.0113876,0.037251495
4.1133,0.012124659,0.037014467,0.952632985,-0.301617829,0.952632985,-0.301617829,0.011386246,0.037248273
4.1134,0.012124798,0.03701074,0.952629502,-0.301629284,0.952629502,-0.301629284,0.011384883,0.037245031
4.1135,0.012124934,0.03700699,0.952626012,-0.30164076,0.952626012,-0.30164076,0.01138351,0.037241768
4.1136,0.012125067,0.037003218,0.952622516,-0.301652257,0.952622516,-0.301652257,0.011382129,0.037238486
4.1137,0.012125199,0.036999424,0.952619015,-0.301663774,0.952619015,-0.301663774,0.011380737,0.037235184
4.1138,0.012125328,0.036995607,0.952615507,-0.301675313,0.952615507,-0.301675313,0.011379337,0.037231861
4.1139,0.012125455,0.036991767,0.952611994,-0.301686874,0.952611994,-0.301686874,0.011377926,0.037228518
4.114,0.01212558,0.036987903,0.952608474,-0.301698455,0.952608474,-0.301698455,0.011376506,0.037225154
4.1141,0.012125702,0.036984017,0.952604949,-0.301710059,0.952604949,-0.301710059,0.011375076,0.037221769
4.1142,0.012125823,0.036980108,0.952601417,-0.301721684,0.952601417,-0.301721684,0.011373637,0.037218363
4.1143,0.01212594,0.036976174,0.952597879,-0.301733331,0.952597879,-0.301733331,0.011372187,0.037214937
4.1144,0.012126056,0.036972218,0.952594335,-0.301745,0.952594335,-0.301745,0.011370728,0.037211489
4.1145,0.012126169,0.036968237,0.952590784,-0.301756692,0.952590784,-0.301756692,0.011369258,0.03720802
4.1146,0.01212628,0.036964232,0.952587227,-0.301768406,0.952587227,-0.301768406,0.011367778,0.037204529
4.1147,0.012126388,0.036960203,0.952583664,-0.301780142,0.952583664,-0.301780142,0.011366289,0.037201017
4.1148,0.012126494,0.03695615,0.952580095,-0.301791902,0.952580095,-0.301791902,0.011364788,0.037197482
4.1149,0.012126598,0.036952072,0.952576519,-0.301803684,0.952576519,-0.301803684,0.011363278,0.037193926
4.115,0.012126699,0.03694797,0.952572936,-0.30181549,0.952572936,-0.30181549,0.011361757,0.037190348
4.1151,0.012126797,0.036943842,0.952569347,-0.301827318,0.952569347,-0.301827318,0.011360226,0.037186747
4.1152,0.012126893,0.036939689,0.952565751,-0.301839171,0.952565751,-0.301839171,0.011358684,0.037183124
4.1153,0.012126987,0.036935512,0.952562149,-0.301851047,0.952562149,-0.301851047,0.011357131,0.037179478
4.1154,0.012127078,0.036931308,0.95255854,-0.301862946,0.95255854,-0.301862946,0.011355568,0.03717581
4.1155,0.012127167,0.036927079,0.952554924,-0.30187487,0.952554924,-0.30187487,0.011353994,0.037172118
4.1156,0.012127253,0.036922824,0.952551301,-0.301886818,0.952551301,-0.301886818,0.011352409,0.037168403
4.1157,0.012127336,0.036918544,0.952547672,-0.30189879,0.952547672,-0.30189879,0.011350813,0.037164665
4.1158,0.012127417,0.036914236,0.952544035,-0.301910787,0.952544035,-0.301910787,0.011349206,0.037160904
4.1159,0.012127495,0.036909903,0.952540392,-0.301922809,0.952540392,-0.301922809,0.011347587,0.037157119
4.116,0.01212757,0.036905543,0.952536742,-0.301934855,0.952536742,-0.301934855,0.011345958,0.03715331
4.1161,0.012127643,0.036901156,0.952533084,-0.301946927,0.952533084,-0.301946927,0.011344317,0.037149477
4.1162,0.012127713,0.036896742,0.952529419,-0.301959024,0.952529419,-0.301959024,0.011342665,0.03714562
4.1163,0.012127781,0.036892301,0.952525747,-0.301971147,0.952525747,-0.301971147,0.011341001,0.037141738
4.1164,0.012127846,0.036887832,0.952522068,-0.301983295,0.952522068,-0.301983295,0.011339326,0.037137832
4.1165,0.012127908,0.036883336,0.952518382,-0.301995469,0.952518382,-0.301995469,0.011337639,0.037133901
4.1166,0.012127967,0.036878812,0.952514688,-0.30200767,0.952514688,-0.30200767,0.01133594,0.037129945
4.1167,0.012128023,0.036874259,0.952510987,-0.302019896,0.952510987,-0.302019896,0.01133423,0.037125965
4.1168,0.012128077,0.036869679,0.952507278,-0.30203215,0.952507278,-0.30203215,0.011332508,0.037121958
4.1169,0.012128128,0.03686507,0.952503562,-0.30204443,0.952503562,-0.30204443,0.011330773,0.037117927
4.117,0.012128175,0.036860432,0.952499838,-0.302056737,0.952499838,-0.302056737,0.011329026,0.037113869
4.1171,0.01212822,0.036855766,0.952496107,-0.302069071,0.952496107,-0.302069071,0.011327268,0.037109786
4.1172,0.012128263,0.03685107,0.952492368,-0.302081432,0.952492368,-0.302081432,0.011325496,0.037105677
4.1173,0.012128302,0.036846345,0.952488621,-0.302093821,0.952488621,-0.302093821,0.011323713,0.037101541
4.1174,0.012128338,0.03684159,0.952484866,-0.302106238,0.952484866,-0.302106238,0.011321917,0.037097379
4.1175,0.012128371,0.036836806,0.952481103,-0.302118683,0.952481103,-0.302118683,0.011320108,0.03709319
4.1176,0.012128401,0.036831991,0.952477332,-0.302131157,0.952477332,-0.302131157,0.011318287,0.037088974
4.1177,0.012128429,0.036827146,0.952473554,-0.302143658,0.952473554,-0.302143658,0.011316452,0.037084732
4.1178,0.012128453,0.036822271,0.952469767,-0.302156189,0.952469767,-0.302156189,0.011314605,0.037080461
4.1179,0.012128474,0.036817365,0.952465972,-0.302168748,0.952465972,-0.302168748,0.011312745,0.037076164
4.118,0.012128492,0.036812427,0.952462169,-0.302181337,0.952462169,-0.302181337,0.011310872,0.037071838
4.1181,0.012128507,0.036807459,0.952458357,-0.302193955,0.952458357,-0.302193955,0.011308985,0.037067485
4.1182,0.012128519,0.036802459,0.952454537,-0.302206603,0.952454537,-0.302206603,0.011307085,0.037063103
4.1183,0.012128527,0.036797427,0.952450709,-0.30221928,0.952450709,-0.30221928,0.011305172,0.037058693
4.1184,0.012128532,0.036792363,0.952446872,-0.302231988,0.952446872,-0.302231988,0.011303245,0.037054254
4.1185,0.012128534,0.036787267,0.952443027,-0.302244726,0.952443027,-0.302244726,0.011301305,0.037049787
4.1186,0.012128533,0.036782139,0.952439173,-0.302257495,0.952439173,-0.302257495,0.01129935,0.03704529
4.1187,0.012128529,0.036776977,0.95243531,-0.302270295,0.95243531,-0.302270295,0.011297382,0.037040764
4.1188,0.012128521,0.036771783,0.952431439,-0.302283126,0.952431439,-0.302283126,0.0112954,0.037036208
4.1189,0.01212851,0.036766555,0.952427558,-0.302295988,0.952427558,-0.302295988,0.011293403,0.037031623
4.119,0.012128496,0.036761294,0.952423669,-0.302308882,0.952423669,-0.302308882,0.011291393,0.037027008
4.1191,0.012128478,0.036755999,0.952419771,-0.302321808,0.952419771,-0.302321808,0.011289368,0.037022362
4.1192,0.012128456,0.036750669,0.952415863,-0.302334766,0.952415863,-0.302334766,0.011287329,0.037017685
4.1193,0.012128432,0.036745306,0.952411947,-0.302347756,0.952411947,-0.302347756,0.011285275,0.037012978
4.1194,0.012128403,0.036739907,0.952408021,-0.30236078,0.952408021,-0.30236078,0.011283206,0.03700824
4.1195,0.012128372,0.036734474,0.952404086,-0.302373836,0.952404086,-0.302373836,0.011281122,0.037003471
4.1196,0.012128336,0.036729005,0.952400141,-0.302386926,0.952400141,-0.302386926,0.011279024,0.03699867
4.1197,0.012128298,0.036723501,0.952396187,-0.302400049,0.952396187,-0.302400049,0.01127691,0.036993837
4.1198,0.012128255,0.036717961,0.952392224,-0.302413206,0.952392224,-0.302413206,0.011274782,0.036988972
4.1199,0.012128209,0.036712384,0.952388251,-0.302426397,0.952388251,-0.302426397,0.011272637,0.036984075
4.12,0.012128159,0.036706772,0.952384268,-0.302439623,0.952384268,-0.302439623,0.011270478,0.036979145
4.1201,0.012128106,0.036701122,0.952380275,-0.302452883,0.952380275,-0.302452883,0.011268303,0.036974182
4.1202,0.012128048,0.036695435,0.952376273,-0.302466179,0.952376273,-0.302466179,0.011266112,0.036969186
4.1203,0.012127988,0.036689711,0.95237226,-0.302479509,0.95237226,-0.302479509,0.011263905,0.036964157
4.1204,0.012127923,0.03668395,0.952368238,-0.302492876,0.952368238,-0.302492876,0.011261682,0.036959094
4.1205,0.012127854,0.03667815,0.952364205,-0.302506278,0.952364205,-0.302506278,0.011259443,0.036953997
4.1206,0.012127782,0.036672312,0.952360162,-0.302519717,0.952360162,-0.302519717,0.011257188,0.036948865
4.1207,0.012127705,0.036666435,0.952356109,-0.302533192,0.952356109,-0.302533192,0.011254916,0.0369437
4.1208,0.012127625,0.03666052,0.952352045,-0.302546704,0.952352045,-0.302546704,0.011252628,0.036938499
4.1209,0.012127541,0.036654565,0.952347971,-0.302560253,0.952347971,-0.302560253,0.011250323,0.036933263
4.121,0.012127452,0.03664857,0.952343886,-0.30257384,0.952343886,-0.30257384,0.011248001,0.036927991
4.1211,0.01212736,0.036642535,0.952339791,-0.302587464,0.952339791,-0.302587464,0.011245662,0.036922684
4.1212,0.012127264,0.03663646,0.952335684,-0.302601127,0.952335684,-0.302601127,0.011243306,0.036917341
4.1213,0.012127163,0.036630344,0.952331567,-0.302614828,0.952331567,-0.302614828,0.011240933,0.036911961
4.1214,0.012127059,0.036624188,0.952327439,-0.302628569,0.952327439,-0.302628569,0.011238542,0.036906544
4.1215,0.01212695,0.036617989,0.9523233,-0.302642348,0.9523233,-0.302642348,0.011236134,0.036901091
4.1216,0.012126837,0.036611749,0.95231915,-0.302656167,0.95231915,-0.302656167,0.011233708,0.0368956
4.1217,0.012126719,0.036605467,0.952314988,-0.302670026,0.952314988,-0.302670026,0.011231264,0.036890071
4.1218,0.012126598,0.036599143,0.952310815,-0.302683925,0.952310815,-0.302683925,0.011228801,0.036884505
4.1219,0.012126472,0.036592775,0.952306631,-0.302697865,0.952306631,-0.302697865,0.011226321,0.0368789
4.122,0.012126342,0.036586364,0.952302435,-0.302711846,0.952302435,-0.302711846,0.011223822,0.036873256
4.1221,0.012126207,0.03657991,0.952298227,-0.302725868,0.952298227,-0.302725868,0.011221305,0.036867574
4.1222,0.012126068,0.036573411,0.952294007,-0.302739932,0.952294007,-0.302739932,0.011218769,0.036861852
4.1223,0.012125924,0.036566868,0.952289776,-0.302754038,0.952289776,-0.302754038,0.011216214,0.03685609
4.1224,0.012125776,0.036560281,0.952285533,-0.302768187,0.952285533,-0.302768187,0.011213639,0.036850288
4.1225,0.012125623,0.036553648,0.952281277,-0.302782379,0.952281277,-0.302782379,0.011211046,0.036844446
4.1226,0.012125465,0.036546969,0.952277009,-0.302796613,0.952277009,-0.302796613,0.011208433,0.036838563
4.1227,0.012125303,0.036540244,0.952272729,-0.302810892,0.952272729,-0.302810892,0.011205801,0.036832638
4.1228,0.012125136,0.036533473,0.952268436,-0.302825215,0.952268436,-0.302825215,0.011203148,0.036826673
4.1229,0.012124965,0.036526655,0.952264131,-0.302839582,0.952264131,-0.302839582,0.011200476,0.036820665
4.123,0.012124788,0.03651979,0.952259813,-0.302853994,0.952259813,-0.302853994,0.011197784,0.036814615
4.1231,0.012124607,0.036512876,0.952255483,-0.302868451,0.952255483,-0.302868451,0.011195071,0.036808522
4.1232,0.012124421,0.036505915,0.952251139,-0.302882954,0.952251139,-0.302882954,0.011192338,0.036802386
4.1233,0.012124229,0.036498905,0.952246782,-0.302897504,0.952246782,-0.302897504,0.011189584,0.036796207
4.1234,0.012124033,0.036491846,0.952242413,-0.3029121,0.952242413,-0.3029121,0.011186809,0.036789984
4.1235,0.012123832,0.036484737,0.952238029,-0.302926743,0.952238029,-0.302926743,0.011184012,0.036783716
4.1236,0.012123626,0.036477579,0.952233633,-0.302941433,0.952233633,-0.302941433,0.011181195,0.036777404
4.1237,0.012123414,0.03647037,0.952229223,-0.302956172,0.952229223,-0.302956172,0.011178356,0.036771047
4.1238,0.012123198,0.03646311,0.952224799,-0.302970959,0.952224799,-0.302970959,0.011175495,0.036764644
4.1239,0.012122976,0.036455798,0.952220361,-0.302985794,0.952220361,-0.302985794,0.011172613,0.036758195
4.124,0.012122749,0.036448435,0.95221591,-0.303000679,0.95221591,-0.303000679,0.011169708,0.0367517
4.1241,0.012122516,0.036441019,0.952211444,-0.303015614,0.952211444,-0.303015614,0.011166781,0.036745158
4.1242,0.012122279,0.03643355,0.952206964,-0.303030599,0.952206964,-0.303030599,0.011163831,0.036738568
4.1243,0.012122035,0.036426028,0.95220247,-0.303045635,0.95220247,-0.303045635,0.011160859,0.036731931
4.1244,0.012121786,0.036418452,0.952197961,-0.303060723,0.952197961,-0.303060723,0.011157863,0.036725246
4.1245,0.012121532,0.036410822,0.952193437,-0.303075862,0.952193437,-0.303075862,0.011154844,0.036718512
4.1246,0.012121272,0.036403137,0.952188899,-0.303091053,0.952188899,-0.303091053,0.011151802,0.036711729
4.1247,0.012121006,0.036395396,0.952184346,-0.303106297,0.952184346,-0.303106297,0.011148736,0.036704896
4.1248,0.012120735,0.036387599,0.952179778,-0.303121594,0.952179778,-0.303121594,0.011145646,0.036698014
4.1249,0.012120458,0.036379745,0.952175194,-0.303136946,0.952175194,-0.303136946,0.011142532,0.036691081
4.125,0.012120175,0.036371835,0.952170596,-0.303152351,0.952170596,-0.303152351,0.011139394,0.036684096
4.1251,0.012119886,0.036363867,0.952165976,-0.30316781,0.952165976,-0.30316781,0.011136231,0.036677061
4.1252,0.012119591,0.03635584,0.952161341,-0.303183324,0.952161341,-0.303183324,0.011133043,0.036669973
4.1253,0.01211929,0.036347755,0.95215669,-0.303198895,0.95215669,-0.303198895,0.01112983,0.036662832
4.1254,0.012118983,0.03633961,0.952152023,-0.303214521,0.952152023,-0.303214521,0.011126591,0.036655639
4.1255,0.01211867,0.036331405,0.95214734,-0.303230205,0.95214734,-0.303230205,0.011123327,0.036648392
4.1256,0.012118351,0.03632314,0.95214264,-0.303245947,0.95214264,-0.303245947,0.011120037,0.036641091
4.1257,0.012118025,0.036314813,0.952137924,-0.303261747,0.952137924,-0.303261747,0.011116721,0.036633735
4.1258,0.012117693,0.036306425,0.952133191,-0.303277605,0.952133191,-0.303277605,0.011113378,0.036626324
4.1259,0.012117355,0.036297975,0.952128442,-0.303293524,0.952128442,-0.303293524,0.011110009,0.036618857
4.126,0.01211701,0.036289461,0.952123675,-0.303309502,0.952123675,-0.303309502,0.011106613,0.036611334
4.1261,0.012116658,0.036280884,0.952118891,-0.303325541,0.952118891,-0.303325541,0.011103189,0.036603754
4.1262,0.0121163,0.036272242,0.95211409,-0.303341641,0.95211409,-0.303341641,0.011099738,0.036596117
4.1263,0.012115936,0.036263535,0.952109271,-0.303357803,0.952109271,-0.303357803,0.01109626,0.036588421
4.1264,0.012115564,0.036254763,0.952104434,-0.303374028,0.952104434,-0.303374028,0.011092753,0.036580667
4.1265,0.012115186,0.036245924,0.95209958,-0.303390316,0.95209958,-0.303390316,0.011089217,0.036572854
4.1266,0.012114801,0.036237019,0.952094707,-0.303406667,0.952094707,-0.303406667,0.011085653,0.036564981
4.1267,0.012114409,0.036228046,0.952089816,-0.303423084,0.952089816,-0.303423084,0.01108206,0.036557047
4.1268,0.01211401,0.036219004,0.952084907,-0.303439565,0.952084907,-0.303439565,0.011078438,0.036549052
4.1269,0.012113604,0.036209893,0.952079979,-0.303456113,0.952079979,-0.303456113,0.011074786,0.036540996
4.127,0.01211319,0.036200713,0.952075032,-0.303472727,0.952075032,-0.303472727,0.011071105,0.036532877
4.1271,0.01211277,0.036191462,0.952070065,-0.303489408,0.952070065,-0.303489408,0.011067393,0.036524695
4.1272,0.012112342,0.036182139,0.95206508,-0.303506157,0.95206508,-0.303506157,0.01106365,0.036516449
4.1273,0.012111906,0.036172745,0.952060075,-0.303522976,0.952060075,-0.303522976,0.011059877,0.03650814
4.1274,0.012111463,0.036163278,0.95205505,-0.303539863,0.95205505,-0.303539863,0.011056072,0.036499765
4.1275,0.012111013,0.036153737,0.952050005,-0.303556821,0.952050005,-0.303556821,0.011052236,0.036491324
4.1276,0.012110554,0.036144122,0.952044941,-0.30357385,0.952044941,-0.30357385,0.011048368,0.036482817
4.1277,0.012110088,0.036134432,0.952039855,-0.30359095,0.952039855,-0.30359095,0.011044468,0.036474243
4.1278,0.012109615,0.036124666,0.95203475,-0.303608123,0.95203475,-0.303608123,0.011040535,0.036465601
4.1279,0.012109133,0.036114823,0.952029623,-0.30362537,0.952029623,-0.30362537,0.01103657,0.03645689
4.128,0.012108643,0.036104902,0.952024475,-0.30364269,0.952024475,-0.30364269,0.011032571,0.03644811
4.1281,0.012108145,0.036094903,0.952019306,-0.303660086,0.952019306,-0.303660086,0.011028538,0.03643926
4.1282,0.012107639,0.036084825,0.952014116,-0.303677557,0.952014116,-0.303677557,0.011024471,0.036430339
4.1283,0.012107125,0.036074666,0.952008904,-0.303695104,0.952008904,-0.303695104,0.01102037,0.036421347
4.1284,0.012106602,0.036064427,0.95200367,-0.30371273,0.95200367,-0.30371273,0.011016234,0.036412282
4.1285,0.012106071,0.036054105,0.951998413,-0.303730433,0.951998413,-0.303730433,0.011012063,0.036403144
4.1286,0.012105531,0.036043701,0.951993134,-0.303748216,0.951993134,-0.303748216,0.011007857,0.036393932
4.1287,0.012104982,0.036033213,0.951987832,-0.303766078,0.951987832,-0.303766078,0.011003614,0.036384645
4.1288,0.012104425,0.03602264,0.951982508,-0.303784022,0.951982508,-0.303784022,0.010999335,0.036375283
4.1289,0.012103859,0.036011982,0.95197716,-0.303802048,0.95197716,-0.303802048,0.01099502,0.036365844
4.129,0.012103283,0.036001237,0.951971788,-0.303820156,0.951971788,-0.303820156,0.010990667,0.036356328
4.1291,0.012102699,0.035990404,0.951966393,-0.303838348,0.951966393,-0.303838348,0.010986276,0.036346733
4.1292,0.012102106,0.035979483,0.951960973,-0.303856625,0.951960973,-0.303856625,0.010981848,0.03633706
4.1293,0.012101503,0.035968472,0.95195553,-0.303874987,0.95195553,-0.303874987,0.010977381,0.036327306
4.1294,0.012100891,0.035957371,0.951950061,-0.303893436,0.951950061,-0.303893436,0.010972875,0.036317471
4.1295,0.012100269,0.035946178,0.951944568,-0.303911973,0.951944568,-0.303911973,0.01096833,0.036307555
4.1296,0.012099638,0.035934892,0.951939049,-0.303930599,0.951939049,-0.303930599,0.010963744,0.036297556
4.1297,0.012098996,0.035923512,0.951933505,-0.303949314,0.951933505,-0.303949314,0.010959119,0.036287473
4.1298,0.012098345,0.035912038,0.951927935,-0.30396812,0.951927935,-0.30396812,0.010954453,0.036277306
4.1299,0.012097684,0.035900468,0.951922339,-0.303987017,0.951922339,-0.303987017,0.010949745,0.036267053
4.13,0.012097013,0.0358888,0.951916717,-0.304006008,0.951916717,-0.304006008,0.010944996,0.036256713
4.1301,0.012096332,0.035877035,0.951911068,-0.304025092,0.951911068,-0.304025092,0.010940204,0.036246285
4.1302,0.01209564,0.03586517,0.951905392,-0.304044272,0.951905392,-0.304044272,0.01093537,0.036235769
4.1303,0.012094938,0.035853204,0.951899688,-0.304063548,0.951899688,-0.304063548,0.010930493,0.036225163
4.1304,0.012094225,0.035841137,0.951893957,-0.304082921,0.951893957,-0.304082921,0.010925571,0.036214466
4.1305,0.012093502,0.035828967,0.951888197,-0.304102393,0.951888197,-0.304102393,0.010920606,0.036203677
4.1306,0.012092767,0.035816693,0.951882409,-0.304121964,0.951882409,-0.304121964,0.010915595,0.036192796
4.1307,0.012092022,0.035804313,0.951876593,-0.304141637,0.951876593,-0.304141637,0.01091054,0.03618182
4.1308,0.012091265,0.035791827,0.951870747,-0.304161411,0.951870747,-0.304161411,0.010905438,0.036170749
4.1309,0.012090497,0.035779232,0.951864872,-0.304181289,0.951864872,-0.304181289,0.01090029,0.036159581
4.131,0.012089718,0.035766529,0.951858967,-0.304201272,0.951858967,-0.304201272,0.010895095,0.036148316
4.1311,0.012088927,0.035753714,0.951853032,-0.304221361,0.951853032,-0.304221361,0.010889852,0.036136952
4.1312,0.012088124,0.035740788,0.951847067,-0.304241557,0.951847067,-0.304241557,0.010884561,0.036125488
4.1313,0.01208731,0.035727748,0.95184107,-0.304261861,0.95184107,-0.304261861,0.010879221,0.036113923
4.1314,0.012086483,0.035714594,0.951835042,-0.304282276,0.951835042,-0.304282276,0.010873831,0.036102256
4.1315,0.012085644,0.035701323,0.951828983,-0.304302801,0.951828983,-0.304302801,0.010868392,0.036090485
4.1316,0.012084793,0.035687935,0.951822891,-0.30432344,0.951822891,-0.30432344,0.010862901,0.036078609
4.1317,0.01208393,0.035674427,0.951816766,-0.304344193,0.951816766,-0.304344193,0.01085736,0.036066626
4.1318,0.012083053,0.035660799,0.951810609,-0.304365061,0.951810609,-0.304365061,0.010851766,0.036054536
4.1319,0.012082164,0.035647049,0.951804419,-0.304386046,0.951804419,-0.304386046,0.01084612,0.036042337
4.132,0.012081262,0.035633175,0.951798194,-0.30440715,0.951798194,-0.30440715,0.010840421,0.036030028
4.1321,0.012080347,0.035619176,0.951791935,-0.304428374,0.951791935,-0.304428374,0.010834667,0.036017606
4.1322,0.012079418,0.03560505,0.951785642,-0.304449719,0.951785642,-0.304449719,0.010828859,0.036005072
4.1323,0.012078476,0.035590796,0.951779314,-0.304471188,0.951779314,-0.304471188,0.010822996,0.035992423
4.1324,0.01207752,0.035576411,0.951772949,-0.304492781,0.951772949,-0.304492781,0.010817076,0.035979658
4.1325,0.012076551,0.035561895,0.951766549,-0.304514501,0.951766549,-0.304514501,0.010811099,0.035966775
4.1326,0.012075567,0.035547245,0.951760112,-0.304536349,0.951760112,-0.304536349,0.010805065,0.035953773
4.1327,0.012074569,0.03553246,0.951753639,-0.304558326,0.951753639,-0.304558326,0.010798972,0.03594065
4.1328,0.012073556,0.035517538,0.951747127,-0.304580435,0.951747127,-0.304580435,0.01079282,0.035927405
4.1329,0.012072529,0.035502477,0.951740578,-0.304602678,0.951740578,-0.304602678,0.010786609,0.035914036
4.133,0.012071487,0.035487275,0.95173399,-0.304625055,0.95173399,-0.304625055,0.010780336,0.035900541
4.1331,0.01207043,0.035471931,0.951727363,-0.304647569,0.951727363,-0.304647569,0.010774002,0.035886919
4.1332,0.012069358,0.035456442,0.951720697,-0.304670221,0.951720697,-0.304670221,0.010767606,0.035873169
4.1333,0.01206827,0.035440806,0.95171399,-0.304693014,0.95171399,-0.304693014,0.010761146,0.035859287
4.1334,0.012067166,0.035425023,0.951707243,-0.304715949,0.951707243,-0.304715949,0.010754622,0.035845274
4.1335,0.012066047,0.035409089,0.951700454,-0.304739029,0.951700454,-0.304739029,0.010748033,0.035831126
4.1336,0.012064911,0.035393002,0.951693624,-0.304762255,0.951693624,-0.304762255,0.010741378,0.035816842
4.1337,0.012063759,0.035376761,0.951686751,-0.304785629,0.951686751,-0.304785629,0.010734657,0.03580242
4.1338,0.01206259,0.035360363,0.951679835,-0.304809153,0.951679835,-0.304809153,0.010727868,0.035787859
4.1339,0.012061405,0.035343807,0.951672876,-0.30483283,0.951672876,-0.30483283,0.01072101,0.035773156
4.134,0.012060202,0.035327089,0.951665872,-0.304856661,0.951665872,-0.304856661,0.010714082,0.035758309
4.1341,0.012058982,0.035310209,0.951658824,-0.304880649,0.951658824,-0.304880649,0.010707084,0.035743316
4.1342,0.012057745,0.035293162,0.95165173,-0.304904796,0.95165173,-0.304904796,0.010700015,0.035728176
4.1343,0.012056489,0.035275948,0.95164459,-0.304929104,0.95164459,-0.304929104,0.010692872,0.035712886
4.1344,0.012055216,0.035258564,0.951637403,-0.304953576,0.951637403,-0.304953576,0.010685656,0.035697445
4.1345,0.012053924,0.035241007,0.951630169,-0.304978213,0.951630169,-0.304978213,0.010678366,0.035681849
4.1346,0.012052614,0.035223275,0.951622886,-0.305003018,0.951622886,-0.305003018,0.010670999,0.035666097
4.1347,0.012051284,0.035205365,0.951615555,-0.305027994,0.951615555,-0.305027994,0.010663556,0.035650187
4.1348,0.012049936,0.035187275,0.951608174,-0.305053143,0.951608174,-0.305053143,0.010656035,0.035634116
4.1349,0.012048568,0.035169002,0.951600743,-0.305078467,0.951600743,-0.305078467,0.010648434,0.035617882
4.135,0.01204718,0.035150544,0.951593261,-0.30510397,0.951593261,-0.30510397,0.010640753,0.035601482
4.1351,0.012045772,0.035131898,0.951585727,-0.305129653,0.951585727,-0.305129653,0.010632991,0.035584915
4.1352,0.012044343,0.03511306,0.95157814,-0.305155519,0.95157814,-0.305155519,0.010625146,0.035568177
4.1353,0.012042894,0.035094029,0.951570501,-0.305181572,0.951570501,-0.305181572,0.010617217,0.035551267
4.1354,0.012041424,0.035074802,0.951562806,-0.305207813,0.951562806,-0.305207813,0.010609203,0.035534181
4.1355,0.012039932,0.035055375,0.951555057,-0.305234246,0.951555057,-0.305234246,0.010601102,0.035516918
4.1356,0.012038419,0.035035745,0.951547253,-0.305260873,0.951547253,-0.305260873,0.010592914,0.035499474
4.1357,0.012036884,0.03501591,0.951539391,-0.305287698,0.951539391,-0.305287698,0.010584636,0.035481846
4.1358,0.012035326,0.034995866,0.951531472,-0.305314724,0.951531472,-0.305314724,0.010576269,0.035464033
4.1359,0.012033746,0.03497561,0.951523495,-0.305341953,0.951523495,-0.305341953,0.010567809,0.03544603
4.136,0.012032143,0.03495514,0.951515458,-0.305369388,0.951515458,-0.305369388,0.010559256,0.035427836
4.1361,0.012030516,0.03493445,0.951507361,-0.305397033,0.951507361,-0.305397033,0.010550608,0.035409447
4.1362,0.012028865,0.034913539,0.951499202,-0.305424892,0.951499202,-0.305424892,0.010541864,0.035390861
4.1363,0.01202719,0.034892403,0.951490982,-0.305452966,0.951490982,-0.305452966,0.010533022,0.035372073
4.1364,0.01202549,0.034871038,0.951482698,-0.305481261,0.951482698,-0.305481261,0.010524081,0.035353082
4.1365,0.012023766,0.034849441,0.95147435,-0.305509779,0.95147435,-0.305509779,0.010515039,0.035333884
4.1366,0.012022016,0.034827608,0.951465937,-0.305538523,0.951465937,-0.305538523,0.010505894,0.035314475
4.1367,0.01202024,0.034805535,0.951457458,-0.305567498,0.951457458,-0.305567498,0.010496646,0.035294853
4.1368,0.012018438,0.034783219,0.951448911,-0.305596707,0.951448911,-0.305596707,0.010487292,0.035275013
4.1369,0.012016609,0.034760655,0.951440296,-0.305626153,0.951440296,-0.305626153,0.01047783,0.035254953
4.137,0.012014753,0.03473784,0.951431612,-0.305655842,0.951431612,-0.305655842,0.010468259,0.035234669
4.1371,0.012012869,0.034714769,0.951422856,-0.305685775,0.951422856,-0.305685775,0.010458577,0.035214157
4.1372,0.012010957,0.034691439,0.951414029,-0.305715959,0.951414029,-0.305715959,0.010448782,0.035193414
4.1373,0.012009017,0.034667844,0.951405129,-0.305746396,0.951405129,-0.305746396,0.010438873,0.035172435
4.1374,0.012007047,0.034643982,0.951396154,-0.305777091,0.951396154,-0.305777091,0.010428847,0.035151217
4.1375,0.012005048,0.034619847,0.951387104,-0.305808048,0.951387104,-0.305808048,0.010418702,0.035129757
4.1376,0.012003019,0.034595434,0.951377977,-0.305839271,0.951377977,-0.305839271,0.010408436,0.035108049
4.1377,0.012000959,0.03457074,0.951368772,-0.305870766,0.951368772,-0.305870766,0.010398048,0.03508609
4.1378,0.011998869,0.034545759,0.951359487,-0.305902536,0.951359487,-0.305902536,0.010387536,0.035063876
4.1379,0.011996746,0.034520487,0.951350121,-0.305934586,0.951350121,-0.305934586,0.010376896,0.035041402
4.138,0.011994591,0.034494918,0.951340674,-0.305966921,0.951340674,-0.305966921,0.010366128,0.035018663
4.1381,0.011992404,0.034469048,0.951331142,-0.305999546,0.951331142,-0.305999546,0.010355228,0.034995656
4.1382,0.011990182,0.034442871,0.951321526,-0.306032466,0.951321526,-0.306032466,0.010344195,0.034972376
4.1383,0.011987927,0.034416382,0.951311822,-0.306065686,0.951311822,-0.306065686,0.010333026,0.034948818
4.1384,0.011985638,0.034389575,0.951302031,-0.306099211,0.951302031,-0.306099211,0.010321718,0.034924977
4.1385,0.011983312,0.034362446,0.951292149,-0.306133046,0.951292149,-0.306133046,0.01031027,0.034900848
4.1386,0.011980951,0.034334988,0.951282177,-0.306167198,0.951282177,-0.306167198,0.010298678,0.034876427
4.1387,0.011978554,0.034307195,0.951272111,-0.306201672,0.951272111,-0.306201672,0.010286941,0.034851707
4.1388,0.011976119,0.034279062,0.951261951,-0.306236472,0.951261951,-0.306236472,0.010275055,0.034826684
4.1389,0.011973646,0.034250582,0.951251694,-0.306271607,0.951251694,-0.306271607,0.010263019,0.034801352
4.139,0.011971135,0.034221749,0.951241338,-0.30630708,0.951241338,-0.30630708,0.010250828,0.034775706
4.1391,0.011968584,0.034192557,0.951230883,-0.306342899,0.951230883,-0.306342899,0.01023848,0.03474974
4.1392,0.011965992,0.034162999,0.951220326,-0.30637907,0.951220326,-0.30637907,0.010225973,0.034723447
4.1393,0.01196336,0.034133069,0.951209665,-0.306415599,0.951209665,-0.306415599,0.010213303,0.034696824
4.1394,0.011960686,0.034102759,0.951198898,-0.306452493,0.951198898,-0.306452493,0.010200468,0.034669862
4.1395,0.01195797,0.034072062,0.951188023,-0.306489759,0.951188023,-0.306489759,0.010187464,0.034642555
4.1396,0.01195521,0.034040972,0.951177039,-0.306527404,0.951177039,-0.306527404,0.010174288,0.034614898
4.1397,0.011952405,0.03400948,0.951165942,-0.306565435,0.951165942,-0.306565435,0.010160937,0.034586884
4.1398,0.011949556,0.03397758,0.951154732,-0.306603858,0.951154732,-0.306603858,0.010147407,0.034558506
4.1399,0.011946661,0.033945263,0.951143405,-0.306642683,0.951143405,-0.306642683,0.010133695,0.034529756
4.14,0.011943718,0.033912521,0.951131959,-0.306681916,0.951131959,-0.306681916,0.010119797,0.034500629
4.1401,0.011940728,0.033879347,0.951120392,-0.306721565,0.951120392,-0.306721565,0.01010571,0.034471116
4.1402,0.011937689,0.033845731,0.951108702,-0.306761639,0.951108702,-0.306761639,0.010091431,0.03444121
4.1403,0.011934599,0.033811665,0.951096886,-0.306802145,0.951096886,-0.306802145,0.010076954,0.034410904
4.1404,0.011931459,0.03377714,0.951084942,-0.306843093,0.951084942,-0.306843093,0.010062277,0.034380189
4.1405,0.011928267,0.033742148,0.951072866,-0.306884491,0.951072866,-0.306884491,0.010047395,0.034349057
4.1406,0.011925022,0.033706678,0.951060657,-0.306926348,0.951060657,-0.306926348,0.010032304,0.034317501
4.1407,0.011921722,0.033670721,0.951048312,-0.306968674,0.951048312,-0.306968674,0.010017,0.034285511
4.1408,0.011918368,0.033634268,0.951035827,-0.307011477,0.951035827,-0.307011477,0.010001478,0.034253079
4.1409,0.011914956,0.033597307,0.9510232,-0.307054768,0.9510232,-0.307054768,0.009985734,0.034220196
4.141,0.011911487,0.03355983,0.951010428,-0.307098556,0.951010428,-0.307098556,0.009969764,0.034186852
4.1411,0.011907959,0.033521824,0.950997508,-0.307142853,0.950997508,-0.307142853,0.009953562,0.034153039
4.1412,0.01190437,0.033483279,0.950984436,-0.307187667,0.950984436,-0.307187667,0.009937125,0.034118745
4.1413,0.01190072,0.033444184,0.95097121,-0.307233012,0.95097121,-0.307233012,0.009920445,0.034083962
4.1414,0.011897006,0.033404528,0.950957826,-0.307278896,0.950957826,-0.307278896,0.00990352,0.034048679
4.1415,0.011893229,0.033364297,0.95094428,-0.307325333,0.95094428,-0.307325333,0.009886342,0.034012886
4.1416,0.011889385,0.03332348,0.95093057,-0.307372334,0.95093057,-0.307372334,0.009868908,0.03397657
4.1417,0.011885474,0.033282064,0.950916691,-0.307419911,0.950916691,-0.307419911,0.00985121,0.033939722
4.1418,0.011881494,0.033240036,0.95090264,-0.307468076,0.95090264,-0.307468076,0.009833244,0.033902329
4.1419,0.011877443,0.033197383,0.950888412,-0.307516843,0.950888412,-0.307516843,0.009815003,0.033864381
4.142,0.011873321,0.033154092,0.950874005,-0.307566224,0.950874005,-0.307566224,0.009796482,0.033825863
4.1421,0.011869124,0.033110146,0.950859413,-0.307616234,0.950859413,-0.307616234,0.009777673,0.033786765
4.1422,0.011864852,0.033065533,0.950844633,-0.307666887,0.950844633,-0.307666887,0.009758571,0.033747072
4.1423,0.011860502,0.033020238,0.95082966,-0.307718196,0.95082966,-0.307718196,0.009739169,0.033706772
4.1424,0.011856073,0.032974243,0.95081449,-0.307770177,0.95081449,-0.307770177,0.009719459,0.033665851
4.1425,0.011851563,0.032927534,0.950799118,-0.307822846,0.950799118,-0.307822846,0.009699436,0.033624295
4.1426,0.01184697,0.032880095,0.950783539,-0.307876217,0.950783539,-0.307876217,0.00967909,0.033582088
4.1427,0.011842291,0.032831907,0.950767749,-0.307930308,0.950767749,-0.307930308,0.009658415,0.033539216
4.1428,0.011837526,0.032782954,0.950751742,-0.307985136,0.950751742,-0.307985136,0.009637404,0.033495664
4.1429,0.011832671,0.032733218,0.950735514,-0.308040717,0.950735514,-0.308040717,0.009616047,0.033451414
4.143,0.011827724,0.032682679,0.950719058,-0.308097069,0.950719058,-0.308097069,0.009594336,0.033406452
4.1431,0.011822683,0.032631319,0.950702369,-0.308154212,0.950702369,-0.308154212,0.009572264,0.033360759
4.1432,0.011817545,0.032579118,0.950685441,-0.308212164,0.950685441,-0.308212164,0.00954982,0.033314319
4.1433,0.011812309,0.032526054,0.950668269,-0.308270945,0.950668269,-0.308270945,0.009526997,0.033267112
4.1434,0.011806971,0.032472108,0.950650847,-0.308330576,0.950650847,-0.308330576,0.009503784,0.03321912
4.1435,0.011801528,0.032417257,0.950633167,-0.308391077,0.950633167,-0.308391077,0.009480171,0.033170324
4.1436,0.011795979,0.032361478,0.950615223,-0.30845247,0.950615223,-0.30845247,0.009456149,0.033120704
4.1437,0.01179032,0.032304749,0.950597009,-0.308514778,0.950597009,-0.308514778,0.009431706,0.033070238
4.1438,0.011784548,0.032247044,0.950578517,-0.308578023,0.950578517,-0.308578023,0.009406833,0.033018906
4.1439,0.011778661,0.032188339,0.95055974,-0.308642231,0.95055974,-0.308642231,0.009381518,0.032966685
4.144,0.011772654,0.032128608,0.950540671,-0.308707425,0.950540671,-0.308707425,0.009355749,0.032913552
4.1441,0.011766525,0.032067825,0.950521302,-0.308773632,0.950521302,-0.308773632,0.009329514,0.032859484
4.1442,0.01176027,0.032005961,0.950501624,-0.308840878,0.950501624,-0.308840878,0.009302801,0.032804456
4.1443,0.011753886,0.031942988,0.95048163,-0.308909191,0.95048163,-0.308909191,0.009275598,0.032748443
4.1444,0.011747369,0.031878876,0.95046131,-0.308978599,0.95046131,-0.308978599,0.009247889,0.032691418
4.1445,0.011740715,0.031813594,0.950440655,-0.309049132,0.950440655,-0.309049132,0.009219663,0.032633354
4.1446,0.011733921,0.031747111,0.950419656,-0.309120821,0.950419656,-0.309120821,0.009190903,0.032574223
4.1447,0.011726981,0.031679393,0.950398304,-0.309193697,0.950398304,-0.309193697,0.009161597,0.032513996
4.1448,0.011719893,0.031610406,0.950376589,-0.309267793,0.950376589,-0.309267793,0.009131727,0.032452641
4.1449,0.01171265,0.031540115,0.950354499,-0.309343143,0.950354499,-0.309343143,0.009101278,0.032390128
4.145,0.01170525,0.031468482,0.950332023,-0.309419784,0.950332023,-0.309419784,0.009070234,0.032326425
4.1451,0.011697686,0.03139547,0.950309152,-0.309497751,0.950309152,-0.309497751,0.009038577,0.032261496
4.1452,0.011689954,0.031321037,0.950285872,-0.309577083,0.950285872,-0.309577083,0.009006288,0.032195307
4.1453,0.011682049,0.031245144,0.950262172,-0.30965782,0.950262172,-0.30965782,0.00897335,0.032127821
4.1454,0.011673965,0.031167747,0.950238039,-0.309740004,0.950238039,-0.309740004,0.008939743,0.032059
4.1455,0.011665697,0.031088802,0.95021346,-0.309823676,0.95021346,-0.309823676,0.008905447,0.031988804
4.1456,0.011657238,0.031008261,0.95018842,-0.309908881,0.95018842,-0.309908881,0.00887044,0.031917194
4.1457,0.011648583,0.030926076,0.950162906,-0.309995667,0.950162906,-0.309995667,0.008834701,0.031844124
4.1458,0.011639724,0.030842198,0.950136902,-0.310084081,0.950136902,-0.310084081,0.008798207,0.031769552
4.1459,0.011630656,0.030756574,0.950110394,-0.310174173,0.950110394,-0.310174173,0.008760934,0.031693431
4.146,0.011621372,0.030669149,0.950083364,-0.310265997,0.950083364,-0.310265997,0.008722857,0.031615712
4.1461,0.011611863,0.030579866,0.950055795,-0.310359606,0.950055795,-0.310359606,0.008683951,0.031536346
4.1462,0.011602122,0.030488666,0.950027671,-0.310455058,0.950027671,-0.310455058,0.008644189,0.031455279
4.1463,0.011592142,0.030395488,0.949998972,-0.310552412,0.949998972,-0.310552412,0.008603542,0.031372458
4.1464,0.011581914,0.030300266,0.94996968,-0.31065173,0.94996968,-0.31065173,0.00856198,0.031287825
4.1465,0.011571428,0.030202933,0.949939773,-0.310753077,0.949939773,-0.310753077,0.008519475,0.03120132
4.1466,0.011560677,0.030103419,0.949909231,-0.310856519,0.949909231,-0.310856519,0.008475992,0.031112881
4.1467,0.011549649,0.03000165,0.949878032,-0.310962129,0.949878032,-0.310962129,0.008431499,0.031022444
4.1468,0.011538336,0.029897549,0.949846152,-0.311069978,0.949846152,-0.311069978,0.008385961,0.03092994
4.1469,0.011526726,0.029791037,0.949813568,-0.311180146,0.949813568,-0.311180146,0.00833934,0.030835299
4.147,0.011514809,0.029682028,0.949780254,-0.311292712,0.949780254,-0.311292712,0.008291599,0.030738445
4.1471,0.011502572,0.029570434,0.949746182,-0.311407761,0.949746182,-0.311407761,0.008242696,0.030639302
4.1472,0.011490003,0.029456164,0.949711327,-0.311525382,0.949711327,-0.311525382,0.008192591,0.030537788
4.1473,0.01147709,0.02933912,0.949675657,-0.311645667,0.949675657,-0.311645667,0.008141237,0.030433817
4.1474,0.011463818,0.029219201,0.949639142,-0.311768714,0.949639142,-0.311768714,0.008088588,0.030327299
4.1475,0.011450174,0.0290963,0.94960175,-0.311894624,0.94960175,-0.311894624,0.008034597,0.030218142
4.1476,0.011436142,0.028970306,0.949563446,-0.312023506,0.949563446,-0.312023506,0.00797921,0.030106245
4.1477,0.011421706,0.0288411,0.949524195,-0.312155472,0.949524195,-0.312155472,0.007922374,0.029991506
4.1478,0.011406849,0.02870856,0.949483959,-0.31229064,0.949483959,-0.31229064,0.007864033,0.029873815
4.1479,0.011391554,0.028572555,0.949442698,-0.312429135,0.949442698,-0.312429135,0.007804125,0.029753058
4.148,0.011375802,0.028432949,0.949400371,-0.312571088,0.949400371,-0.312571088,0.007742588,0.029629114
4.1481,0.011359573,0.028289597,0.949356932,-0.312716637,0.949356932,-0.312716637,0.007679355,0.029501857
4.1482,0.011342846,0.028142347,0.949312335,-0.312865928,0.949312335,-0.312865928,0.007614356,0.029371152
4.1483,0.011325599,0.027991039,0.949266531,-0.313019114,0.949266531,-0.313019114,0.007547517,0.029236858
4.1484,0.011307807,0.027835505,0.949219467,-0.313176357,0.949219467,-0.313176357,0.007478758,0.029098826
4.1485,0.011289447,0.027675564,0.949171088,-0.313337829,0.949171088,-0.313337829,0.007407998,0.028956899
4.1486,0.011270491,0.027511029,0.949121336,-0.31350371,0.949121336,-0.31350371,0.007335147,0.028810911
4.1487,0.011250911,0.027341698,0.949070147,-0.313674192,0.949070147,-0.313674192,0.007260113,0.028660686
4.1488,0.011230676,0.027167362,0.949017457,-0.313849477,0.949017457,-0.313849477,0.007182798,0.028506037
4.1489,0.011209756,0.026987795,0.948963195,-0.31402978,0.948963195,-0.31402978,0.007103095,0.028346767
4.149,0.011188116,0.026802759,0.948907286,-0.314215328,0.948907286,-0.314215328,0.007020895,0.028182668
4.1491,0.011165719,0.026612002,0.948849652,-0.314406364,0.948849652,-0.314406364,0.006936079,0.028013517
4.1492,0.011142526,0.026415256,0.948790207,-0.314603145,0.948790207,-0.314603145,0.00684852,0.027839078
4.1493,0.011118495,0.026212234,0.948728862,-0.314805942,0.948728862,-0.314805942,0.006758085,0.0276591
4.1494,0.011093583,0.026002634,0.948665521,-0.315015047,0.948665521,-0.315015047,0.006664631,0.027473318
4.1495,0.011067742,0.025786131,0.948600081,-0.315230769,0.948600081,-0.315230769,0.006568005,0.027281446
4.1496,0.011040919,0.02556238,0.948532432,-0.315453438,0.948532432,-0.315453438,0.006468045,0.027083182
4.1497,0.01101306,0.025331013,0.948462457,-0.315683408,0.948462457,-0.315683408,0.006364574,0.026878201
4.1498,0.010984106,0.025091634,0.948390029,-0.315921054,0.948390029,-0.315921054,0.006257408,0.026666159
4.1499,0.010953994,0.024843823,0.948315012,-0.316166779,0.948315012,-0.316166779,0.006146345,0.026446685
4.15,0.010922653,0.024587126,0.948237264,-0.316421016,0.948237264,-0.316421016,0.006031171,0.026219384
4.1501,0.010890129,0.024322072,0.9481569,-0.316683333,0.9481569,-0.316683333,0.00591209,0.025984734
4.1502,0.010856468,0.024049209,0.948074044,-0.316953274,0.948074044,-0.316953274,0.005789316,0.025743232
4.1503,0.010821595,0.023768062,0.947988543,-0.317231287,0.947988543,-0.317231287,0.005662625,0.025494465
4.1504,0.010785433,0.023478124,0.947900235,-0.317517855,0.947900235,-0.317517855,0.005531772,0.025237986
4.1505,0.010747893,0.023178845,0.947808943,-0.317813498,0.947808943,-0.317813498,0.005396494,0.024973315
4.1506,0.010708883,0.022869632,0.947714475,-0.318118777,0.947714475,-0.318118777,0.005256508,0.024699935
4.1507,0.0106683,0.022549843,0.947616623,-0.318434301,0.947616623,-0.318434301,0.005111504,0.024417283
4.1508,0.010626033,0.022218784,0.947515162,-0.318760728,0.947515162,-0.318760728,0.004961147,0.024124753
4.1509,0.010581958,0.0218757,0.947409844,-0.319098771,0.947409844,-0.319098771,0.004805073,0.023821687
4.151,0.010535944,0.021519772,0.947300401,-0.319449209,0.947300401,-0.319449209,0.004642885,0.023507369
4.1511,0.010487843,0.021150107,0.94718654,-0.319812885,0.94718654,-0.319812885,0.004474151,0.02318102
4.1512,0.010437495,0.020765731,0.947067937,-0.320190723,0.947067937,-0.320190723,0.004298395,0.022841791
4.1513,0.010384721,0.020365579,0.94694424,-0.320583731,0.94694424,-0.320583731,0.004115098,0.022488755
4.1514,0.010329326,0.019948486,0.946815059,-0.320993013,0.946815059,-0.320993013,0.00392369,0.022120895
4.1515,0.010271092,0.019513172,0.946679966,-0.321419781,0.946679966,-0.321419781,0.003723543,0.021737098
4.1516,0.010209778,0.019058228,0.946538487,-0.321865367,0.946538487,-0.321865367,0.003513963,0.021336138
4.1517,0.010145115,0.018582103,0.946390095,-0.322331241,0.946390095,-0.322331241,0.003294184,0.020916667
4.1518,0.010076803,0.018083079,0.946234208,-0.322819027,0.946234208,-0.322819027,0.003063355,0.020477192
4.1519,0.010004505,0.017559251,0.94607008,-0.323330493,0.94607008,-0.323330493,0.00282053,0.020016065
4.152,0.009927842,0.017008507,0.945896861,-0.323867594,0.945896861,-0.323867594,0.002564656,0.019531447
4.1521,0.009846391,0.016428493,0.945713878,-0.324432605,0.945713878,-0.324432605,0.00229455,0.019021301
4.1522,0.009759669,0.015816576,0.945520205,-0.325028013,0.945520205,-0.325028013,0.00200889,0.018483344
4.1523,0.009667129,0.015169802,0.945314796,-0.325656601,0.945314796,-0.325656601,0.001706183,0.017915021
4.1524,0.009568148,0.014484851,0.945096467,-0.326321505,0.945096467,-0.326321505,0.001384743,0.017313462
4.1525,0.009462011,0.01375797,0.944863872,-0.327026259,0.944863872,-0.327026259,0.001042657,0.016675426
4.1526,0.009347896,0.012984907,0.944615474,-0.327774871,0.944615474,-0.327774871,6.78E-04,0.015997245
4.1527,0.009224855,0.012160823,0.944349508,-0.328571898,0.944349508,-0.328571898,2.88E-04,0.015274747
4.1528,0.009091785,0.011280186,0.944063942,-0.329422549,0.944063942,-0.329422549,-1.31E-04,0.014503173
4.1529,0.008947396,0.010336644,0.94375642,-0.330332799,0.94375642,-0.330332799,-5.81E-04,0.013677062
4.153,0.008790175,0.009322864,0.9434242,-0.331309541,0.9434242,-0.331309541,-1.07E-03,0.012790121
4.1531,0.008618332,0.008230342,0.943064065,-0.332360765,0.943064065,-0.332360765,-1.59E-03,0.011835062
4.1532,0.008429735,0.007049153,0.942672221,-0.333495789,0.942672221,-0.333495789,-2.16E-03,0.010803392
4.1533,0.008221826,0.005767644,0.942244165,-0.334725544,0.942244165,-0.334725544,-2.78E-03,0.00968516
4.1534,0.007991511,0.004372042,0.941774502,-0.336062938,0.941774502,-0.336062938,-3.46E-03,0.008468626
4.1535,0.007735018,0.002845947,0.941256726,-0.337523326,0.941256726,-0.337523326,-4.21E-03,0.007139842
4.1536,0.007447697,0.001169678,0.940682912,-0.339125113,0.940682912,-0.339125113,-5.04E-03,0.005682108
4.1537,0.007123759,-6.81E-04,0.940043312,-0.340890557,0.940043312,-0.340890557,-5.96E-03,0.00407526
4.1538,0.006755912,-2.73E-03,0.939325805,-0.342846824,0.939325805,-0.342846824,-6.99E-03,0.002294727
4.1539,0.00633485,-5.03E-03,0.938515132,-0.345027423,0.938515132,-0.345027423,-8.14E-03,3.10E-04
4.154,0.00584852,-7.60E-03,0.937591818,-0.347474165,0.937591818,-0.347474165,-9.45E-03,-1.92E-03
4.154036249,0.005653175,-8.62E-03,0.937224619,-0.348436679,0.937224619,-0.348436679,-9.97E-03,-2.79E-03
4.154071668,0.005451186,-9.66E-03,0.936847033,-0.349420317,0.936847033,-0.349420317,-0.010508178,-3.69E-03
4.1541,0.005281065,-0.010520479,0.936530626,-0.350239893,0.936530626,-0.350239893,-0.010954933,-4.43E-03
4.154106275,0.005242299,-0.010716506,0.936458725,-0.350425548,0.936458725,-0.350425548,-0.011056366,-4.60E-03
4.15414009,0.005026247,-0.011801608,0.936059343,-0.351452848,0.936059343,-0.351452848,-0.011619188,-5.53E-03
4.154173129,0.004802756,-0.012911237,0.935648527,-0.352502704,0.935648527,-0.352502704,-0.012197083,-6.49E-03
4.1542,0.004611226,-0.013852107,0.935298279,-0.353392375,0.935298279,-0.353392375,-0.012688954,-7.30E-03
4.154205411,0.004571535,-0.014045946,0.935225902,-0.353575609,0.935225902,-0.353575609,-0.012790503,-7.46E-03
4.154236954,0.004332286,-0.015206298,0.934791081,-0.354672063,0.934791081,-0.354672063,-0.013399913,-8.46E-03
4.154267774,0.004084696,-0.016392868,0.934343662,-0.355792578,0.934343662,-0.355792578,-0.014025796,-9.48E-03
4.154297888,0.003828441,-0.01760624,0.933883229,-0.35693767,0.933883229,-0.35693767,-0.014668648,-0.010515369
4.1543,0.003809902,-0.017693455,0.93385002,-0.357019949,0.93385002,-0.357019949,-0.014714965,-0.010590042
4.154327311,0.003563181,-0.018847008,0.933409351,-0.358107866,0.933409351,-0.358107866,-0.015328982,-0.011577204
4.154356061,0.003288564,-0.02011578,0.932921582,-0.3593037,0.932921582,-0.3593037,-0.016007329,-0.012661895
4.154384151,0.003004223,-0.021413171,0.93241946,-0.360525714,0.93241946,-0.360525714,-0.016704234,-0.013769892
4.1544,0.002836296,-0.022171832,0.932124265,-0.361239931,0.932124265,-0.361239931,-0.017113285,-0.014417259
4.154411598,0.002709775,-0.022739808,0.931902505,-0.361774458,0.931902505,-0.361774458,-0.017420263,-0.01490165
4.154438417,0.002404822,-0.024096332,0.931370221,-0.363050492,0.931370221,-0.363050492,-0.018155998,-0.016057629
4.15446462,0.002088948,-0.025483389,0.930822093,-0.364354382,0.930822093,-0.364354382,-0.018912042,-0.017238292
4.154490223,0.001761723,-0.026901642,0.930257589,-0.365686702,0.930257589,-0.365686702,-0.019689016,-0.018444108
4.1545,0.001631589,-0.027460542,0.930034003,-0.366211493,0.930034003,-0.366211493,-0.019996297,-0.018918903
4.15451524,0.001422694,-0.028351761,0.929676155,-0.367048035,0.929676155,-0.367048035,-0.020487563,-0.01967555
4.154539683,0.001071394,-0.029834428,0.929077219,-0.36843897,0.929077219,-0.36843897,-0.021308346,-0.020933094
4.154563566,7.07E-04,-0.031350337,0.928460186,-0.369860105,0.928460186,-0.369860105,-0.02215205,-0.022217221
4.154586902,3.30E-04,-0.032900191,0.927824442,-0.371312044,0.927824442,-0.371312044,-0.023019383,-0.023528414
4.1546,1.08E-04,-0.033801594,0.927452407,-0.372156029,0.927452407,-0.372156029,-0.023526035,-0.024290222
4.154609704,-6.11E-05,-0.034484707,0.927169347,-0.3727954,0.927169347,-0.3727954,-0.023911075,-0.024867159
4.154631982,-4.67E-04,-0.036104609,0.926494241,-0.37431079,0.926494241,-0.37431079,-0.024827882,-0.026233946
4.154653751,-8.87E-04,-0.037760633,0.925798437,-0.375858841,0.925798437,-0.375858841,-0.025770583,-0.027629266
4.15467502,-1.32E-03,-0.039453526,0.925081223,-0.377440182,0.925081223,-0.377440182,-0.026739985,-0.029053611
4.154695802,-1.78E-03,-0.041184046,0.924341864,-0.379055453,0.924341864,-0.379055453,-0.027736919,-0.030507475
4.1547,-1.87E-03,-0.041543221,0.924187619,-0.379390555,0.924187619,-0.379390555,-0.027944596,-0.030808959
4.154716108,-2.24E-03,-0.042952958,0.923579594,-0.380705295,0.923579594,-0.380705295,-0.028762245,-0.031991354
4.154735949,-2.73E-03,-0.044761041,0.92279362,-0.382390357,0.92279362,-0.382390357,-0.02981685,-0.033505741
4.154755335,-3.23E-03,-0.046609079,0.921983121,-0.384111291,0.921983121,-0.384111291,-0.030901653,-0.035051132
4.154774277,-3.76E-03,-0.048497869,0.921147245,-0.385868754,0.921147245,-0.385868754,-0.0320176,-0.036628018
4.154792785,-4.30E-03,-0.050428214,0.920285108,-0.387663405,0.920285108,-0.387663405,-0.03316567,-0.03823689
4.1548,-4.52E-03,-0.051204749,0.919936038,-0.388384934,0.919936038,-0.388384934,-0.033629678,-0.03888333
4.154810868,-4.87E-03,-0.052400927,0.919395794,-0.389495909,0.919395794,-0.389495909,-0.034346873,-0.039878236
4.154828538,-5.45E-03,-0.054416829,0.918478356,-0.391366929,0.918478356,-0.391366929,-0.035562253,-0.041552541
4.154845802,-6.06E-03,-0.056476746,0.917531807,-0.393277134,0.917531807,-0.393277134,-0.036812888,-0.043260284
4.154862671,-6.69E-03,-0.058581514,0.916555129,-0.395227189,0.916555129,-0.395227189,-0.03809989,-0.045001939
4.154879153,-7.34E-03,-0.060731972,0.915547264,-0.397217763,0.915547264,-0.397217763,-0.039424409,-0.046777974
4.154895258,-8.02E-03,-0.062928967,0.914507117,-0.399249521,0.914507117,-0.399249521,-0.04078763,-0.048588847
4.1549,-8.23E-03,-0.063594872,0.914189752,-0.399864965,0.914189752,-0.399864965,-0.04120283,-0.049136998
4.154910994,-8.73E-03,-0.065173349,0.913433552,-0.401323127,0.913433552,-0.401323127,-0.042190779,-0.050435009
4.154926369,-9.46E-03,-0.067465972,0.912325394,-0.403439241,0.912325394,-0.403439241,-0.043635118,-0.0523169
4.154941391,-0.010218023,-0.069807693,0.911181423,-0.405598518,0.911181423,-0.405598518,-0.045121952,-0.054234949
4.15495607,-0.011007602,-0.07219937,0.910000378,-0.407801609,0.910000378,-0.407801609,-0.046652627,-0.05618957
4.154970412,-0.011827648,-0.074641863,0.908780952,-0.410049156,0.908780952,-0.410049156,-0.048228531,-0.058181164
4.154984426,-0.012679394,-0.077136029,0.90752179,-0.412341792,0.90752179,-0.412341792,-0.049851096,-0.060210115
4.154998118,-0.013564124,-0.079682724,0.906221491,-0.414680142,0.906221491,-0.414680142,-0.051521799,-0.062276787
4.155,-0.013690023,-0.080041592,0.906037067,-0.415009441,0.906037067,-0.415009441,-0.051758364,-0.062567604
4.155011497,-0.014483172,-0.082282803,0.904878604,-0.417064816,0.904878604,-0.417064816,-0.053242163,-0.064381527
4.155024569,-0.015437923,-0.084937111,0.903491629,-0.419496412,0.903491629,-0.419496412,-0.055013757,-0.066524657
4.155037342,-0.016429818,-0.087646491,0.90205901,-0.421975512,0.90205901,-0.421975512,-0.056838199,-0.068706476
4.155049822,-0.017460353,-0.090411775,0.900579143,-0.424502678,0.900579143,-0.424502678,-0.058717156,-0.070927255
4.155062016,-0.018531082,-0.093233784,0.899050364,-0.427078455,0.899050364,-0.427078455,-0.060652344,-0.073187238
4.15507393,-0.01964362,-0.096113328,0.897470956,-0.429703362,0.897470956,-0.429703362,-0.062645531,-0.075486635
4.155085572,-0.02079964,-0.099051201,0.895839144,-0.432377895,0.895839144,-0.432377895,-0.064698537,-0.077825624
4.155096947,-0.022000881,-0.10204818,0.894153092,-0.435102523,0.894153092,-0.435102523,-0.066813233,-0.080204344
4.1551,-0.022336186,-0.102874938,0.893684143,-0.435853484,0.893684143,-0.435853484,-0.067400245,-0.080859236
4.155108061,-0.023249145,-0.105105022,0.892410905,-0.43787768,0.892410905,-0.43787768,-0.068991546,-0.082622894
4.155118921,-0.024546304,-0.108222462,0.890610627,-0.440703771,0.890610627,-0.440703771,-0.071235455,-0.08508133
4.155129531,-0.025894294,-0.111401207,0.888750239,-0.443581162,0.888750239,-0.443581162,-0.073546995,-0.087579662
4.155139899,-0.027295124,-0.114641938,0.886827657,-0.446510178,0.886827657,-0.446510178,-0.075928257,-0.090117848
4.155150029,-0.028750876,-0.117945302,0.884840734,-0.4494911,0.884840734,-0.4494911,-0.078381388,-0.092695793
4.155159927,-0.030263701,-0.12131191,0.882787255,-0.452524163,0.882787255,-0.452524163,-0.080908589,-0.095313344
4.155169598,-0.031835831,-0.124742335,0.880664938,-0.455609548,0.880664938,-0.455609548,-0.083512119,-0.097970287
4.155179047,-0.033469571,-0.128237105,0.878471436,-0.458747381,0.878471436,-0.458747381,-0.086194295,-0.100666341
4.15518828,-0.035167305,-0.131796699,0.87620433,-0.461937728,0.87620433,-0.461937728,-0.088957488,-0.103401153
4.155197302,-0.036931496,-0.135421545,0.873861135,-0.465180589,0.873861135,-0.465180589,-0.091804126,-0.106174297
4.1552,-0.037480775,-0.13653529,0.87313412,-0.466175746,0.87313412,-0.466175746,-0.092685469,-0.10702394
4.155206116,-0.03876469,-0.139112015,0.871439295,-0.468475893,0.871439295,-0.468475893,-0.094736694,-0.108985265
4.155214729,-0.040669511,-0.142868414,0.868936187,-0.471823496,0.868936187,-0.471823496,-0.097757729,-0.111833466
4.155223144,-0.04264867,-0.146690984,0.866349116,-0.475223171,0.866349116,-0.475223171,-0.100869824,-0.114718216
4.155231367,-0.044704957,-0.150579891,0.863675319,-0.478674607,0.863675319,-0.478674607,-0.104075625,-0.117638737
4.155239401,-0.046841249,-0.154535223,0.860911965,-0.482177399,0.860911965,-0.482177399,-0.107377827,-0.120594148
4.155247251,-0.049060505,-0.158556982,0.858056155,-0.485731046,0.858056155,-0.485731046,-0.110779179,-0.123583463
4.155254921,-0.05136577,-0.162645077,0.855104924,-0.48933494,0.855104924,-0.48933494,-0.114282471,-0.126605579
4.155262416,-0.053760173,-0.16679932,0.85205524,-0.492988363,0.85205524,-0.492988363,-0.117890544,-0.129659277
4.155269738,-0.056246924,-0.171019416,0.848904009,-0.496690479,0.848904009,-0.496690479,-0.121606276,-0.13274321
4.155276893,-0.058829317,-0.175304958,0.845648076,-0.500440329,0.845648076,-0.500440329,-0.125432587,-0.1358559
4.155283884,-0.061510727,-0.179655417,0.842284227,-0.504236819,0.842284227,-0.504236819,-0.12937243,-0.138995728
4.155290715,-0.064294608,-0.184070136,0.838809193,-0.508078716,0.838809193,-0.508078716,-0.133428789,-0.14216093
4.155297389,-0.06718449,-0.188548322,0.835219653,-0.51196464,0.835219653,-0.51196464,-0.137604672,-0.145349591
4.1553,-0.068363736,-0.190346245,0.833759918,-0.513521553,0.833759918,-0.513521553,-0.139298854,-0.146623441
4.15530391,-0.070183981,-0.193089034,0.831512238,-0.515893059,0.831512238,-0.515893059,-0.141903111,-0.148559634
4.155310282,-0.073296755,-0.19769118,0.827683535,-0.519862272,0.827683535,-0.519862272,-0.146327149,-0.151788817
4.155316508,-0.076526556,-0.202353503,0.823730094,-0.523870413,0.823730094,-0.523870413,-0.15087984,-0.155034724
4.155322591,-0.079877192,-0.207074576,0.819648434,-0.527915433,0.819648434,-0.527915433,-0.155564235,-0.158294759
4.155328535,-0.083352526,-0.211852789,0.815435048,-0.531995099,0.815435048,-0.531995099,-0.160383382,-0.161566137
4.155334343,-0.086956474,-0.216686341,0.81108641,-0.536106978,0.81108641,-0.536106978,-0.16534031,-0.164845882
4.155340017,-0.090692997,-0.221573234,0.806598985,-0.540248439,0.806598985,-0.540248439,-0.170438025,-0.168130814
4.155345562,-0.094566093,-0.226511256,0.801969237,-0.544416635,0.801969237,-0.544416635,-0.175679497,-0.171417548
4.155350979,-0.098579792,-0.231497979,0.79719364,-0.548608501,0.79719364,-0.548608501,-0.181067651,-0.174702485
4.155356273,-0.102738142,-0.236530745,0.792268684,-0.552820746,0.792268684,-0.552820746,-0.186605353,-0.177981809
4.155361445,-0.107045202,-0.241606658,0.787190894,-0.557049842,0.787190894,-0.557049842,-0.192295401,-0.181251476
4.155366498,-0.11150503,-0.246722575,0.781956834,-0.561292021,0.781956834,-0.561292021,-0.198140509,-0.184507217
4.155371436,-0.11612167,-0.251875097,0.776563128,-0.565543266,0.776563128,-0.565543266,-0.204143291,-0.187744527
4.155376261,-0.120899142,-0.25706056,0.771006468,-0.569799306,0.771006468,-0.569799306,-0.210306252,-0.190958666
4.155380975,-0.125841425,-0.262275027,0.765283635,-0.574055609,0.765283635,-0.574055609,-0.216631766,-0.194144653
4.155385581,-0.130952442,-0.26751428,0.759391509,-0.578307378,0.759391509,-0.578307378,-0.223122064,-0.197297265
4.155390081,-0.136236044,-0.272773815,0.753327092,-0.582549549,0.753327092,-0.582549549,-0.229779212,-0.20041104
4.155394479,-0.141695994,-0.278048834,0.747087523,-0.586776783,0.747087523,-0.586776783,-0.236605097,-0.203480268
4.155398775,-0.147335946,-0.283334237,0.740670097,-0.590983471,0.740670097,-0.590983471,-0.243601404,-0.206499003
4.1554,-0.14900198,-0.284864775,0.738779637,-0.592196035,0.738779637,-0.592196035,-0.24565783,-0.207362196
4.155402973,-0.153159426,-0.288624626,0.734072287,-0.595163725,0.734072287,-0.595163725,-0.250769601,-0.209461056
4.155407075,-0.159169812,-0.293914293,0.727291763,-0.599311385,0.727291763,-0.599311385,-0.258110914,-0.212360008
4.155411083,-0.165370312,-0.299197221,0.720326414,-0.603420018,0.720326414,-0.603420018,-0.265626309,-0.215189205
4.155414999,-0.171763941,-0.304467086,0.71317437,-0.607482922,0.71317437,-0.607482922,-0.273316469,-0.217941776
4.155418826,-0.178353499,-0.309717256,0.705834026,-0.61149313,0.705834026,-0.61149313,-0.281181775,-0.220610634
4.155422565,-0.185141541,-0.314940793,0.698304065,-0.615443419,0.698304065,-0.615443419,-0.28922228,-0.22318849
4.155426218,-0.192130362,-0.320130456,0.690583482,-0.619326314,0.690583482,-0.619326314,-0.297437694,-0.225667865
4.155429787,-0.199321959,-0.325278715,0.682671607,-0.623134105,0.682671607,-0.623134105,-0.305827353,-0.228041103
4.155433275,-0.206718014,-0.330377748,0.674568131,-0.626858856,0.674568131,-0.626858856,-0.314390206,-0.230300392
4.155436682,-0.214319866,-0.335419463,0.666273127,-0.630492422,0.666273127,-0.630492422,-0.323124789,-0.232437778
4.155440012,-0.222128479,-0.340395503,0.657787077,-0.634026462,0.657787077,-0.634026462,-0.332029207,-0.234445188
4.155443265,-0.230144422,-0.345297266,0.649110896,-0.637452466,0.649110896,-0.637452466,-0.341101115,-0.236314454
4.155446444,-0.238367839,-0.350115921,0.64024595,-0.640761769,0.64024595,-0.640761769,-0.350337695,-0.238037338
4.15544955,-0.246798425,-0.354842429,0.631194081,-0.643945583,0.631194081,-0.643945583,-0.359735646,-0.239605559
4.155452584,-0.2554354,-0.359467568,0.621957627,-0.646995019,0.621957627,-0.646995019,-0.369291164,-0.241010823
4.15545555,-0.264277485,-0.363981956,0.612539441,-0.649901119,0.612539441,-0.649901119,-0.378999929,-0.242244855
4.155458447,-0.273322881,-0.368376082,0.602942908,-0.652654885,0.602942908,-0.652654885,-0.388857096,-0.243299437
4.155461278,-0.282569247,-0.372640335,0.593171958,-0.655247318,0.593171958,-0.655247318,-0.398857283,-0.244166436
4.155464044,-0.29201368,-0.376765041,0.583231082,-0.657669448,0.583231082,-0.657669448,-0.408994567,-0.244837848
4.155466746,-0.301652701,-0.380740494,0.573125342,-0.659912378,0.573125342,-0.659912378,-0.419262479,-0.245305835
4.155469387,-0.311482239,-0.384557001,0.562860375,-0.66196732,0.562860375,-0.66196732,-0.429654006,-0.245562766
4.155471967,-0.321497617,-0.388204919,0.552442402,-0.663825639,0.552442402,-0.663825639,-0.440161589,-0.245601258
4.155474488,-0.331693551,-0.391674694,0.541878223,-0.665478896,0.541878223,-0.665478896,-0.450777136,-0.245414218
4.155476952,-0.342064135,-0.394956915,0.531175222,-0.666918891,0.531175222,-0.666918891,-0.461492028,-0.244994888
4.155479358,-0.352602851,-0.39804235,0.520341351,-0.668137707,0.520341351,-0.668137707,-0.472297132,-0.244336882
4.15548171,-0.36330256,-0.400921998,0.509385129,-0.669127759,0.509385129,-0.669127759,-0.483182825,-0.243434238
4.155484008,-0.374155519,-0.403587135,0.498315622,-0.669881835,0.498315622,-0.669881835,-0.494139009,-0.242281449
4.155486253,-0.385153384,-0.40602936,0.487142423,-0.670393145,0.487142423,-0.670393145,-0.505155139,-0.240873512
4.155488447,-0.396287229,-0.408240648,0.475875635,-0.67065536,0.475875635,-0.67065536,-0.516220257,-0.239205964
4.15549059,-0.407547564,-0.410213389,0.464525838,-0.670662659,0.464525838,-0.670662659,-0.52732302,-0.237274917
4.155492685,-0.418924362,-0.411940442,0.453104062,-0.670409769,0.453104062,-0.670409769,-0.538451741,-0.235077098
4.155494731,-0.430407081,-0.413415175,0.441621749,-0.669892002,0.441621749,-0.669892002,-0.549594429,-0.232609875
4.15549673,-0.441984702,-0.414631508,0.430090714,-0.669105293,0.430090714,-0.669105293,-0.560738834,-0.22987129
4.155498684,-0.453645766,-0.415583956,0.418523104,-0.668046233,0.418523104,-0.668046233,-0.571872493,-0.226860083
4.1555,-0.461698416,-0.416082784,0.410562107,-0.667159477,0.410562107,-0.667159477,-0.57950787,-0.224633295
4.155500593,-0.465378408,-0.416267661,0.406931352,-0.666712098,0.406931352,-0.666712098,-0.582982782,-0.223575712
4.155502458,-0.47717041,-0.416678434,0.395328126,-0.665100874,0.395328126,-0.665100874,-0.594056969,-0.220018372
4.15550428,-0.489009242,-0.416812778,0.383726277,-0.663211281,0.383726277,-0.663211281,-0.605082264,-0.216189005
4.155506061,-0.500882117,-0.416667919,0.372138787,-0.661042788,0.372138787,-0.661042788,-0.61604588,-0.212089308
4.155507801,-0.51277604,-0.416241824,0.360578714,-0.658595627,0.360578714,-0.658595627,-0.626935087,-0.207721736
4.155509501,-0.524677867,-0.415533222,0.349059129,-0.655870798,0.349059129,-0.655870798,-0.637737271,-0.203089502
4.155511162,-0.536574362,-0.414541615,0.337593066,-0.652870073,0.337593066,-0.652870073,-0.648439985,-0.198196563
4.155512785,-0.548452252,-0.413267285,0.32619346,-0.649595995,0.32619346,-0.649595995,-0.659031016,-0.193047614
4.155514371,-0.560298287,-0.411711294,0.314873086,-0.646051864,0.314873086,-0.646051864,-0.669498429,-0.187648065
4.15551592,-0.572099301,-0.409875484,0.303644511,-0.64224173,0.303644511,-0.64224173,-0.679830628,-0.182004023
4.155517434,-0.583842267,-0.407762467,0.292520028,-0.638170371,0.292520028,-0.638170371,-0.690016403,-0.176122261
4.155518913,-0.595514358,-0.405375609,0.281511611,-0.633843271,0.281511611,-0.633843271,-0.70004498,-0.170010186
4.155520359,-0.607102997,-0.402719016,0.270630859,-0.629266592,0.270630859,-0.629266592,-0.709906068,-0.163675805
4.155521771,-0.618595916,-0.399797507,0.259888949,-0.624447141,0.259888949,-0.624447141,-0.719589896,-0.157127686
4.155523151,-0.629981205,-0.396616585,0.249296592,-0.619392337,0.249296592,-0.619392337,-0.729087256,-0.150374911
4.155524499,-0.641247357,-0.393182408,0.238863989,-0.614110165,0.238863989,-0.614110165,-0.738389533,-0.143427035
4.155525816,-0.652383318,-0.389501752,0.228600799,-0.60860914,0.228600799,-0.60860914,-0.747488737,-0.136294034
4.155527103,-0.663378522,-0.385581967,0.218516098,-0.602898256,0.218516098,-0.602898256,-0.756377523,-0.128986254
4.155528361,-0.674222932,-0.381430942,0.208618359,-0.596986942,0.208618359,-0.596986942,-0.765049217,-0.121514365
4.15552959,-0.68490707,-0.377057053,0.19891542,-0.590885009,0.19891542,-0.590885009,-0.773497827,-0.1138893
4.155530791,-0.695422047,-0.372469119,0.189414472,-0.584602601,0.189414472,-0.584602601,-0.781718052,-0.106122209
4.155531964,-0.705759585,-0.367676355,0.180122038,-0.578150143,0.180122038,-0.578150143,-0.789705292,-0.098224401
4.15553311,-0.715912033,-0.362688316,0.17104397,-0.571538288,0.17104397,-0.571538288,-0.797455644,-0.090207297
4.15553423,-0.725872388,-0.357514854,0.162185435,-0.564777866,0.162185435,-0.564777866,-0.804965902,-0.082082371
4.155535325,-0.735634297,-0.352166062,0.153550924,-0.557879836,0.153550924,-0.557879836,-0.812233545,-0.073861106
4.155536394,-0.74519207,-0.346652226,0.145144247,-0.550855229,0.145144247,-0.550855229,-0.81925673,-0.065554945
4.155537439,-0.754540671,-0.340983776,0.136968548,-0.543715106,0.136968548,-0.543715106,-0.826034272,-0.057175241
4.15553846,-0.763675725,-0.335171237,0.129026311,-0.536470508,0.129026311,-0.536470508,-0.832565627,-0.048733217
4.155539457,-0.772593504,-0.329225181,0.121319376,-0.529132412,0.121319376,-0.529132412,-0.838850868,-0.040239926
4.155540432,-0.781290918,-0.323156183,0.113848961,-0.52171169,0.113848961,-0.52171169,-0.844890661,-0.031706206
4.155541384,-0.789765501,-0.316974782,0.106615677,-0.514219069,0.106615677,-0.514219069,-0.85068624,-0.023142656
4.155542314,-0.798015395,-0.310691431,0.099619558,-0.506665092,0.099619558,-0.506665092,-0.856239373,-0.014559592
4.155543223,-0.806039329,-0.304316469,0.092860083,-0.499060088,0.092860083,-0.499060088,-0.861552332,-5.97E-03
4.155544112,-0.813836596,-0.297860081,0.086336203,-0.491414139,0.086336203,-0.491414139,-0.866627866,0.002625355
4.15554498,-0.821407031,-0.291332266,0.080046374,-0.483737053,0.080046374,-0.483737053,-0.871469158,0.011208227
4.155545828,-0.828750982,-0.284742806,0.073988585,-0.476038338,0.073988585,-0.476038338,-0.8760798,0.019772631
4.155546656,-0.835869285,-0.278101242,0.068160388,-0.468327185,0.068160388,-0.468327185,-0.880463755,0.028309997
4.155547466,-0.842763235,-0.271416852,0.062558934,-0.460612445,0.062558934,-0.460612445,-0.884625322,0.036812153
4.155548257,-0.849434558,-0.264698623,0.057181,-0.452902616,0.057181,-0.452902616,-0.888569102,0.04527134
4.15554903,-0.855885377,-0.257955242,0.052023027,-0.445205829,0.052023027,-0.445205829,-0.892299968,0.05368021
4.155549785,-0.862118188,-0.251195074,0.047081147,-0.437529843,0.047081147,-0.437529843,-0.895823026,0.062031838
4.155550523,-0.868135825,-0.244426154,0.042351214,-0.42988203,0.042351214,-0.42988203,-0.899143589,0.070319718
4.155551244,-0.873941432,-0.237656174,0.03782884,-0.422269379,0.03782884,-0.422269379,-0.902267144,0.078537766
4.155551949,-0.879538435,-0.23089248,0.033509421,-0.414698489,0.033509421,-0.414698489,-0.90519932,0.086680313
4.155552637,-0.884930511,-0.224142062,0.029388166,-0.407175568,0.029388166,-0.407175568,-0.907945863,0.094742104
4.15555331,-0.890121564,-0.217411554,0.025460127,-0.39970644,0.025460127,-0.39970644,-0.910512608,0.10271829
4.155553967,-0.895115691,-0.210707232,0.021720221,-0.392296544,0.021720221,-0.392296544,-0.912905454,0.110604418
4.155554609,-0.899917164,-0.204035017,0.018163263,-0.384950941,0.018163263,-0.384950941,-0.915130337,0.118396424
4.155555237,-0.904530398,-0.197400476,0.014783982,-0.377674321,0.014783982,-0.377674321,-0.917193214,0.126090618
4.15555585,-0.908959932,-0.190808825,0.011577048,-0.370471012,0.011577048,-0.370471012,-0.919100037,0.13368368
4.155556449,-0.913210406,-0.184264936,0.008537093,-0.363344989,0.008537093,-0.363344989,-0.920856734,0.141172639
4.155557034,-0.917286536,-0.177773345,0.005658728,-0.35629988,0.005658728,-0.35629988,-0.922469197,0.148554864
4.155557606,-0.921193097,-0.171338256,0.002936564,-0.349338984,0.002936564,-0.349338984,-0.923943258,0.15582805
4.15555786,-0.922902086,-0.168453315,0.001757629,-0.346225551,0.001757629,-0.346225551,-0.924564795,0.159074568
4.155558164,-0.924934817,-0.164963573,3.65E-04,-0.342465262,3.65E-04,-0.342465262,-0.925284615,0.162990158
4.15555871,-0.928516465,-0.15865302,-2.06E-03,-0.335681554,-2.06E-03,-0.335681554,-0.926498935,0.170039325
4.155559244,-0.93194295,-0.152409893,-4.35E-03,-0.328990287,-4.35E-03,-0.328990287,-0.92759186,0.176974133
4.155559765,-0.935219121,-0.146237167,-6.50E-03,-0.322393542,-6.50E-03,-0.322393542,-0.928568882,0.183793443
4.155560274,-0.938349804,-0.140137532,-8.52E-03,-0.315893126,-8.52E-03,-0.315893126,-0.929435378,0.190496371
4.155560772,-0.941339794,-0.134113412,-0.010413241,-0.309490593,-0.010413241,-0.309490593,-0.930196601,0.19708227
4.155561258,-0.944193834,-0.128166973,-0.012189512,-0.30318725,-0.012189512,-0.30318725,-0.930857676,0.203550716
4.155561733,-0.946916615,-0.122300135,-0.013850991,-0.296984174,-0.013850991,-0.296984174,-0.931423595,0.209901494
4.155562197,-0.949512761,-0.116514583,-0.015402488,-0.290882224,-0.015402488,-0.290882224,-0.931899209,0.216134587
4.155562651,-0.951986824,-0.11081178,-0.016848705,-0.284882054,-0.016848705,-0.284882054,-0.932289228,0.222250156
4.155563094,-0.954343273,-0.105192979,-0.018194227,-0.278984125,-0.018194227,-0.278984125,-0.932598217,0.228248534
4.155563527,-0.956586494,-0.099659232,-0.019443524,-0.273188719,-0.019443524,-0.273188719,-0.932830595,0.234130209
4.15556395,-0.958720781,-0.094211403,-0.020600942,-0.267495946,-0.020600942,-0.267495946,-0.932990631,0.239895814
4.155564364,-0.96075033,-0.088850179,-0.021670704,-0.261905764,-0.021670704,-0.261905764,-0.93308245,0.245546112
4.155564767,-0.962679239,-0.08357608,-0.022656907,-0.25641798,-0.022656907,-0.25641798,-0.933110025,0.251081991
4.155565162,-0.964511505,-0.078389471,-0.023563521,-0.251032268,-0.023563521,-0.251032268,-0.933077183,0.256504446
4.155565548,-0.966251017,-0.07329057,-0.024394389,-0.245748178,-0.024394389,-0.245748178,-0.932987607,0.261814576
4.155565924,-0.96790156,-0.068279458,-0.025153225,-0.240565144,-0.025153225,-0.240565144,-0.932844832,0.267013568
4.155566293,-0.96946681,-0.063356091,-0.025843618,-0.235482493,-0.025843618,-0.235482493,-0.932652255,0.272102691
4.155566652,-0.970950334,-0.058520304,-0.026469029,-0.230499457,-0.026469029,-0.230499457,-0.932413128,0.277083289
4.155567004,-0.972355591,-0.053771827,-0.027032795,-0.22561518,-0.027032795,-0.22561518,-0.93213057,0.281956769
4.155567347,-0.973685932,-0.049110286,-0.027538128,-0.220828724,-0.027538128,-0.220828724,-0.931807562,0.286724596
4.155567683,-0.974944597,-0.044535215,-0.027988119,-0.21613908,-0.027988119,-0.21613908,-0.931446956,0.291388284
4.155568011,-0.976134721,-0.040046062,-0.02838574,-0.211545174,-0.02838574,-0.211545174,-0.931051474,0.295949392
4.155568331,-0.977259331,-0.035642199,-0.028733845,-0.207045873,-0.028733845,-0.207045873,-0.930623713,0.300409515
4.155568644,-0.978321349,-0.031322924,-0.029035171,-0.202639992,-0.029035171,-0.202639992,-0.930166152,0.304770279
4.15556895,-0.979323595,-0.027087471,-0.029292346,-0.198326301,-0.029292346,-0.198326301,-0.929681146,0.309033336
4.155569249,-0.980268785,-0.022935015,-0.029507885,-0.19410353,-0.029507885,-0.19410353,-0.929170942,0.313200358
4.155569541,-0.981159536,-0.018864678,-0.029684198,-0.189970372,-0.029684198,-0.189970372,-0.928637673,0.317273034
4.155569826,-0.981998366,-0.014875535,-0.02982359,-0.185925492,-0.02982359,-0.185925492,-0.928083366,0.321253063
4.155570105,-0.982787699,-0.010966618,-0.029928267,-0.18196753,-0.029928267,-0.18196753,-0.927509944,0.325142153
4.155570377,-0.983529864,-7.14E-03,-0.030000335,-0.178095105,-0.030000335,-0.178095105,-0.926919233,0.328942014
4.155570643,-0.984227099,-3.39E-03,-0.030041804,-0.174306816,-0.030041804,-0.174306816,-0.926312961,0.332654359
4.155570903,-0.984881553,2.89E-04,-0.030054596,-0.170601253,-0.030054596,-0.170601253,-0.925692764,0.336280895
4.155571157,-0.985495289,0.003887391,-0.030040541,-0.166976993,-0.030040541,-0.166976993,-0.925060191,0.339823326
4.155571405,-0.986070286,0.007410875,-0.030001384,-0.163432609,-0.030001384,-0.163432609,-0.924416704,0.343283347
4.155571648,-0.986608441,0.010860589,-0.029938787,-0.159966668,-0.029938787,-0.159966668,-0.923763686,0.346662642
4.155571885,-0.987111573,0.01423768,-0.029854333,-0.156577737,-0.029854333,-0.156577737,-0.923102438,0.349962884
4.155572116,-0.987581424,0.017543309,-0.029749528,-0.153264384,-0.029749528,-0.153264384,-0.92243419,0.353185729
4.155572343,-0.988019662,0.020778644,-0.029625804,-0.150025181,-0.029625804,-0.150025181,-0.921760098,0.35633282
4.155572564,-0.988427882,0.023944861,-0.029484521,-0.146858706,-0.029484521,-0.146858706,-0.92108125,0.35940578
4.15557278,-0.988807613,0.027043139,-0.029326972,-0.143763543,-0.029326972,-0.143763543,-0.920398669,0.362406213
4.155572991,-0.989160316,0.030074662,-0.029154383,-0.140738287,-0.029154383,-0.140738287,-0.919713314,0.365335703
4.155573197,-0.989487386,0.033040611,-0.02896792,-0.137781544,-0.02896792,-0.137781544,-0.919026087,0.368195814
4.155573399,-0.989790158,0.035942166,-0.028768685,-0.134891931,-0.028768685,-0.134891931,-0.91833783,0.370988085
4.155573595,-0.990069908,0.038780505,-0.028557724,-0.132068078,-0.028557724,-0.132068078,-0.917649333,0.373714036
4.155573788,-0.990327852,0.041556801,-0.028336029,-0.129308632,-0.028336029,-0.129308632,-0.916961333,0.376375159
4.155573976,-0.990565152,0.044272218,-0.028104536,-0.126612253,-0.028104536,-0.126612253,-0.91627452,0.378972924
4.155574159,-0.990782919,0.046927917,-0.027864133,-0.123977619,-0.027864133,-0.123977619,-0.915589534,0.381508776
4.155574339,-0.990982209,0.049525046,-0.027615658,-0.121403425,-0.027615658,-0.121403425,-0.914906972,0.383984135
4.155574514,-0.991164032,0.052064745,-0.027359903,-0.118888383,-0.027359903,-0.118888383,-0.914227391,0.386400395
4.155574686,-0.99132935,0.054548145,-0.027097617,-0.116431224,-0.027097617,-0.116431224,-0.913551305,0.388758926
4.155574853,-0.99147908,0.056976362,-0.026829506,-0.1140307,-0.026829506,-0.1140307,-0.912879191,0.39106107
4.155575016,-0.991614096,0.059350503,-0.026556235,-0.111685578,-0.026556235,-0.111685578,-0.91221149,0.393308144
4.155575176,-0.991735228,0.06167166,-0.026278431,-0.109394648,-0.026278431,-0.109394648,-0.911548609,0.395501439
4.155575332,-0.991843271,0.063940912,-0.025996686,-0.107156719,-0.025996686,-0.107156719,-0.910890923,0.397642222
4.155575485,-0.991938978,0.066159325,-0.025711555,-0.104970622,-0.025711555,-0.104970622,-0.910238774,0.399731733
4.155575634,-0.992023067,0.068327949,-0.025423561,-0.102835204,-0.025423561,-0.102835204,-0.909592479,0.401771184
4.15557578,-0.992096221,0.070447821,-0.025133195,-0.100749338,-0.025133195,-0.100749338,-0.908952325,0.403761766
4.155575922,-0.992159089,0.072519959,-0.024840918,-0.098711913,-0.024840918,-0.098711913,-0.908318573,0.405704642
4.155576061,-0.99221229,0.074545371,-0.024547163,-0.096721842,-0.024547163,-0.096721842,-0.907691461,0.40760095
4.155576197,-0.99225641,0.076525045,-0.024252335,-0.094778055,-0.024252335,-0.094778055,-0.907071202,0.409451804
4.15557633,-0.992292007,0.078459954,-0.023956813,-0.092879507,-0.023956813,-0.092879507,-0.906457989,0.411258293
4.155576459,-0.992319612,0.080351057,-0.023660953,-0.091025169,-0.023660953,-0.091025169,-0.905851993,0.413021482
4.155576586,-0.992339727,0.082199293,-0.023365086,-0.089214036,-0.023365086,-0.089214036,-0.905253368,0.414742413
4.15557671,-0.992352831,0.08400559,-0.023069521,-0.08744512,-0.023069521,-0.08744512,-0.904662247,0.416422103
4.155576831,-0.992359376,0.085770855,-0.022774548,-0.085717456,-0.022774548,-0.085717456,-0.904078747,0.418061546
4.155576949,-0.992359795,0.087495981,-0.022480434,-0.084030096,-0.022480434,-0.084030096,-0.90350297,0.419661715
4.155577065,-0.992354494,0.089181845,-0.02218743,-0.082382115,-0.02218743,-0.082382115,-0.902935002,0.421223559
4.155577178,-0.992343861,0.090829306,-0.021895767,-0.080772603,-0.021895767,-0.080772603,-0.902374915,0.422748004
4.155577288,-0.992328264,0.092439209,-0.02160566,-0.079200674,-0.02160566,-0.079200674,-0.901822766,0.424235957
4.155577396,-0.992308049,0.094012383,-0.021317307,-0.077665457,-0.021317307,-0.077665457,-0.901278603,0.425688301
4.155577501,-0.992283547,0.095549638,-0.021030894,-0.076166103,-0.021030894,-0.076166103,-0.900742459,0.427105899
4.155577604,-0.99225507,0.097051772,-0.020746589,-0.074701778,-0.020746589,-0.074701778,-0.900214358,0.428489596
4.155577704,-0.992222913,0.098519566,-0.020464547,-0.073271669,-0.020464547,-0.073271669,-0.899694313,0.429840213
4.155577803,-0.992187356,0.099953784,-0.020184911,-0.07187498,-0.020184911,-0.07187498,-0.899182328,0.431158553
4.155577899,-0.992148662,0.101355176,-0.019907813,-0.070510932,-0.019907813,-0.070510932,-0.898678398,0.432445402
4.155577992,-0.992107083,0.102724478,-0.019633371,-0.069178763,-0.019633371,-0.069178763,-0.898182509,0.433701522
4.155578084,-0.992062855,0.104062408,-0.019361694,-0.067877731,-0.019361694,-0.067877731,-0.897694641,0.434927661
4.155578173,-0.992016202,0.105369672,-0.01909288,-0.066607105,-0.01909288,-0.066607105,-0.897214765,0.436124548
4.155578261,-0.991967333,0.106646961,-0.018827017,-0.065366177,-0.018827017,-0.065366177,-0.896742846,0.437292893
4.155578346,-0.99191645,0.107894949,-0.018564186,-0.06415425,-0.018564186,-0.06415425,-0.896278844,0.438433389
4.15557843,-0.991863738,0.109114298,-0.018304456,-0.062970646,-0.018304456,-0.062970646,-0.895822712,0.439546713
4.155578512,-0.991809377,0.110305657,-0.018047891,-0.061814699,-0.018047891,-0.061814699,-0.895374398,0.440633526
4.155578591,-0.991753533,0.11146966,-0.017794547,-0.060685763,-0.017794547,-0.060685763,-0.894933845,0.44169447
4.155578669,-0.991696364,0.112606926,-0.017544471,-0.059583203,-0.017544471,-0.059583203,-0.894500993,0.442730174
4.155578745,-0.991638018,0.113718063,-0.017297704,-0.0585064,-0.017297704,-0.0585064,-0.894075776,0.44374125
4.15557882,-0.991578635,0.114803664,-0.017054283,-0.057454749,-0.017054283,-0.057454749,-0.893658125,0.444728297
4.155578892,-0.991518346,0.115864312,-0.016814236,-0.056427659,-0.016814236,-0.056427659,-0.893247969,0.445691897
4.155578963,-0.991457274,0.116900575,-0.016577588,-0.055424553,-0.016577588,-0.055424553,-0.892845231,0.446632618
4.155579033,-0.991395537,0.117913008,-0.016344356,-0.054444868,-0.016344356,-0.054444868,-0.892449834,0.447551016
4.1555791,-0.991333243,0.118902155,-0.016114554,-0.053488053,-0.016114554,-0.053488053,-0.892061698,0.44844763
4.155579167,-0.991270493,0.119868549,-0.015888193,-0.05255357,-0.015888193,-0.05255357,-0.891680738,0.449322989
4.155579231,-0.991207384,0.12081271,-0.015665275,-0.051640894,-0.015665275,-0.051640894,-0.891306871,0.450177607
4.155579295,-0.991144007,0.121735146,-0.015445804,-0.050749512,-0.015445804,-0.050749512,-0.890940011,0.451011986
4.155579356,-0.991080444,0.122636355,-0.015229775,-0.049878923,-0.015229775,-0.049878923,-0.890580068,0.451826615
4.155579417,-0.991016774,0.123516822,-0.015017183,-0.049028639,-0.015017183,-0.049028639,-0.890226953,0.452621971
4.155579476,-0.990953071,0.124377024,-0.014808019,-0.048198181,-0.014808019,-0.048198181,-0.889880576,0.45339852
4.155579533,-0.990889404,0.125217426,-0.01460227,-0.047387084,-0.01460227,-0.047387084,-0.889540845,0.454156716
4.15557959,-0.990825836,0.12603848,-0.01439992,-0.046594892,-0.01439992,-0.046594892,-0.889207668,0.454897002
4.155579645,-0.990762427,0.126840633,-0.014200953,-0.045821161,-0.014200953,-0.045821161,-0.88888095,0.455619809
4.155579698,-0.990699231,0.127624318,-0.014005349,-0.045065456,-0.014005349,-0.045065456,-0.8885606,0.456325559
4.155579751,-0.990636302,0.128389959,-0.013813084,-0.044327353,-0.013813084,-0.044327353,-0.888246522,0.457014662
4.155579802,-0.990573685,0.129137971,-0.013624136,-0.043606439,-0.013624136,-0.043606439,-0.887938622,0.457687519
4.155579852,-0.990511426,0.129868759,-0.013438478,-0.04290231,-0.013438478,-0.04290231,-0.887636806,0.458344521
4.155579901,-0.990449565,0.130582721,-0.013256081,-0.042214572,-0.013256081,-0.042214572,-0.887340979,0.458986049
4.155579949,-0.990388139,0.131280242,-0.013076918,-0.041542838,-0.013076918,-0.041542838,-0.887051047,0.459612475
4.155579996,-0.990327184,0.131961701,-0.012900957,-0.040886733,-0.012900957,-0.040886733,-0.886766915,0.460224161
4.155580042,-0.990266731,0.132627469,-0.012728166,-0.040245891,-0.012728166,-0.040245891,-0.886488491,0.46082146
4.155580086,-0.99020681,0.133277906,-0.012558512,-0.039619952,-0.012558512,-0.039619952,-0.886215679,0.461404718
4.15558013,-0.990147446,0.133913366,-0.012391961,-0.039008566,-0.012391961,-0.039008566,-0.885948387,0.461974271
4.155580173,-0.990088665,0.134534193,-0.012228477,-0.038411393,-0.012228477,-0.038411393,-0.885686522,0.462530447
4.155580214,-0.990030488,0.135140725,-0.012068025,-0.037828098,-0.012068025,-0.037828098,-0.885429991,0.463073566
4.155580255,-0.989972935,0.135733291,-0.011910568,-0.037258356,-0.011910568,-0.037258356,-0.885178705,0.463603941
4.155580295,-0.989916024,0.136312213,-0.011756068,-0.03670185,-0.011756068,-0.03670185,-0.88493257,0.464121876
4.155580334,-0.989859772,0.136877806,-0.011604488,-0.036158268,-0.011604488,-0.036158268,-0.884691498,0.464627667
4.155580372,-0.989804192,0.137430376,-0.011455789,-0.035627307,-0.011455789,-0.035627307,-0.884455399,0.465121605
4.155580409,-0.989749297,0.137970225,-0.011309931,-0.035108673,-0.011309931,-0.035108673,-0.884224184,0.465603973
4.155580445,-0.989695098,0.138497645,-0.011166877,-0.034602075,-0.011166877,-0.034602075,-0.883997765,0.466075046
4.155580482,-0.989638982,0.139038055,-0.011019729,-0.0340831,-0.011019729,-0.0340831,-0.88376523,0.466557527
4.15558052,-0.989580946,0.139591074,-0.010868552,-0.03355212,-0.010868552,-0.03355212,-0.883526704,0.467051061
4.155580559,-0.989520918,0.140156993,-0.010713223,-0.033008864,-0.010713223,-0.033008864,-0.883282021,0.467555894
4.155580599,-0.98945882,0.14073611,-0.010553616,-0.032453052,-0.010553616,-0.032453052,-0.88303101,0.468072277
4.15558064,-0.989394573,0.14132873,-0.010389602,-0.031884401,-0.010389602,-0.031884401,-0.882773496,0.468600465
4.155580681,-0.989328093,0.141935164,-0.010221046,-0.03130262,-0.010221046,-0.03130262,-0.882509298,0.46914072
4.155580724,-0.989259293,0.142555731,-0.010047809,-0.030707411,-0.010047809,-0.030707411,-0.882238228,0.46969331
4.155580768,-0.989188085,0.143190757,-9.87E-03,-0.030098473,-9.87E-03,-0.030098473,-0.881960095,0.470258504
4.155580812,-0.989114373,0.143840575,-9.69E-03,-0.029475494,-9.69E-03,-0.029475494,-0.881674699,0.470836582
4.155580858,-0.989038059,0.144505525,-9.50E-03,-0.028838159,-9.50E-03,-0.028838159,-0.881381837,0.471427826
4.155580905,-0.988959042,0.145185956,-9.31E-03,-0.028186145,-9.31E-03,-0.028186145,-0.881081297,0.472032525
4.155580953,-0.988877214,0.145882222,-9.11E-03,-0.027519122,-9.11E-03,-0.027519122,-0.880772861,0.472650973
4.155581002,-0.988792465,0.146594688,-8.90E-03,-0.026836754,-8.90E-03,-0.026836754,-0.880456306,0.47328347
4.155581052,-0.988704679,0.147323725,-8.69E-03,-0.026138697,-8.69E-03,-0.026138697,-0.880131399,0.473930322
4.155581104,-0.988613735,0.148069713,-8.48E-03,-0.025424599,-8.48E-03,-0.025424599,-0.879797902,0.474591841
4.155581156,-0.988519507,0.14883304,-8.25E-03,-0.024694104,-8.25E-03,-0.024694104,-0.879455568,0.475268345
4.15558121,-0.988421865,0.149614102,-8.02E-03,-0.023946846,-8.02E-03,-0.023946846,-0.879104144,0.475960158
4.155581265,-0.988320671,0.150413305,-7.79E-03,-0.023182452,-7.79E-03,-0.023182452,-0.878743368,0.47666761
4.155581322,-0.988215783,0.151231062,-7.55E-03,-0.022400541,-7.55E-03,-0.022400541,-0.878372968,0.477391036
4.155581379,-0.988107051,0.152067795,-7.30E-03,-0.021600726,-7.30E-03,-0.021600726,-0.877992666,0.47813078
4.155581438,-0.987994322,0.152923938,-7.04E-03,-0.02078261,-7.04E-03,-0.02078261,-0.877602173,0.47888719
4.155581499,-0.987877432,0.153799931,-6.78E-03,-0.01994579,-6.78E-03,-0.01994579,-0.877201192,0.479660621
4.155581561,-0.987756213,0.154696225,-6.50E-03,-0.019089853,-6.50E-03,-0.019089853,-0.876789416,0.480451436
4.155581624,-0.987630489,0.155613279,-6.23E-03,-0.01821438,-6.23E-03,-0.01821438,-0.876366528,0.48126
4.155581689,-0.987500077,0.156551564,-5.94E-03,-0.017318943,-5.94E-03,-0.017318943,-0.875932201,0.482086691
4.155581755,-0.987364784,0.15751156,-5.64E-03,-0.016403105,-5.64E-03,-0.016403105,-0.875486096,0.482931887
4.155581823,-0.987224411,0.158493755,-5.34E-03,-0.015466421,-5.34E-03,-0.015466421,-0.875027865,0.483795976
4.155581892,-0.98707875,0.15949865,-5.02E-03,-0.014508439,-5.02E-03,-0.014508439,-0.874557148,0.484679353
4.155581963,-0.986927582,0.160526756,-4.70E-03,-0.013528696,-4.70E-03,-0.013528696,-0.874073571,0.485582418
4.155582036,-0.98677068,0.161578592,-4.37E-03,-0.012526721,-4.37E-03,-0.012526721,-0.873576752,0.486505578
4.155582111,-0.986607809,0.16265469,-4.02E-03,-0.011502036,-4.02E-03,-0.011502036,-0.873066292,0.487449247
4.155582187,-0.98643872,0.163755592,-3.67E-03,-0.010454152,-3.67E-03,-0.010454152,-0.872541781,0.488413845
4.155582265,-0.986263156,0.164881851,-3.31E-03,-9.38E-03,-3.31E-03,-9.38E-03,-0.872002796,0.489399798
4.155582345,-0.986080848,0.166034031,-2.93E-03,-8.29E-03,-2.93E-03,-8.29E-03,-0.871448899,0.490407541
4.155582426,-0.985891516,0.167212707,-2.54E-03,-7.17E-03,-2.54E-03,-7.17E-03,-0.870879638,0.491437511
4.15558251,-0.985694865,0.168418465,-2.15E-03,-6.02E-03,-2.15E-03,-6.02E-03,-0.870294544,0.492490156
4.155582596,-0.985490591,0.169651904,-1.74E-03,-4.85E-03,-1.74E-03,-4.85E-03,-0.869693135,0.493565928
4.155582683,-0.985278375,0.170913631,-1.31E-03,-3.65E-03,-1.31E-03,-3.65E-03,-0.869074911,0.494665285
4.155582773,-0.985057883,0.172204268,-8.77E-04,-2.43E-03,-8.77E-04,-2.43E-03,-0.868439357,0.495788692
4.155582865,-0.984828769,0.173524447,-4.27E-04,-1.17E-03,-4.27E-04,-1.17E-03,-0.867785939,0.496936618
4.155582958,-0.98459067,0.174874813,3.61E-05,1.06E-04,3.61E-05,1.06E-04,-0.867114106,0.498109542
4.155583054,-0.984343208,0.176256021,5.14E-04,0.001414289,5.14E-04,0.001414289,-0.866423288,0.499307943
4.155583153,-0.984085988,0.177668739,0.001006754,0.0027521,0.001006754,0.0027521,-0.865712896,0.500532311
4.155583253,-0.983818599,0.179113646,0.001514963,0.004119659,0.001514963,0.004119659,-0.864982321,0.501783138
4.155583356,-0.98354061,0.180591435,0.002039153,0.005517567,0.002039153,0.005517567,-0.864230934,0.503060922
4.155583462,-0.983251574,0.182102807,0.002579881,0.006946437,0.002579881,0.006946437,-0.863458084,0.504366165
4.15558357,-0.982951023,0.18364848,0.003137728,0.008406888,0.003137728,0.008406888,-0.862663099,0.505699374
4.15558368,-0.982638469,0.185229179,0.003713295,0.009899548,0.003713295,0.009899548,-0.861845282,0.507061061
4.155583793,-0.982313402,0.186845643,0.004307206,0.011425053,0.004307206,0.011425053,-0.861003915,0.508451742
4.155583909,-0.981975292,0.188498624,0.004920109,0.012984046,0.004920109,0.012984046,-0.860138255,0.509871934
4.155584027,-0.981623583,0.190188883,0.005552676,0.014577177,0.005552676,0.014577177,-0.859247533,0.51132216
4.155584148,-0.981257699,0.191917195,0.006205605,0.016205106,0.006205605,0.016205106,-0.858330953,0.512802944
4.155584272,-0.980877036,0.193684343,0.006879619,0.017868496,0.006879619,0.017868496,-0.857387696,0.514314813
4.155584399,-0.980480964,0.195491124,0.00757547,0.019568018,0.00757547,0.019568018,-0.85641691,0.515858295
4.155584529,-0.980068828,0.197338345,0.008293937,0.021304351,0.008293937,0.021304351,-0.85541772,0.517433919
4.155584662,-0.979639943,0.199226823,0.00903583,0.023078176,0.00903583,0.023078176,-0.854389215,0.519042214
4.155584798,-0.979193596,0.201157386,0.009801986,0.024890181,0.009801986,0.024890181,-0.85333046,0.520683711
4.155584937,-0.978729042,0.203130871,0.010593278,0.026741058,0.010593278,0.026741058,-0.852240482,0.522358937
4.15558508,-0.978245506,0.205148126,0.011410609,0.028631504,0.011410609,0.028631504,-0.851118281,0.524068418
4.155585226,-0.977742179,0.207210007,0.012254916,0.030562217,0.012254916,0.030562217,-0.849962819,0.52581268
4.155585375,-0.977218217,0.209317378,0.013127172,0.0325339,0.013127172,0.0325339,-0.848773026,0.527592242
4.155585528,-0.976672742,0.211471112,0.014028384,0.034547255,0.014028384,0.034547255,-0.847547795,0.529407619
4.155585684,-0.976104836,0.21367209,0.0149596,0.036602988,0.0149596,0.036602988,-0.846285982,0.531259323
4.155585844,-0.975513547,0.215921196,0.015921905,0.038701801,0.015921905,0.038701801,-0.844986407,0.533147856
4.155586008,-0.974897878,0.218219325,0.016916423,0.040844398,0.016916423,0.040844398,-0.843647847,0.535073714
4.155586176,-0.974256795,0.220567373,0.017944322,0.04303148,0.017944322,0.04303148,-0.842269044,0.537037383
4.155586347,-0.973589216,0.222966241,0.019006811,0.045263744,0.019006811,0.045263744,-0.840848694,0.539039339
4.155586523,-0.972894019,0.225416835,0.020105144,0.047541882,0.020105144,0.047541882,-0.839385453,0.541080044
4.155586702,-0.972170032,0.22792006,0.021240621,0.049866582,0.021240621,0.049866582,-0.837877932,0.54315995
4.155586886,-0.971416038,0.230476823,0.022414587,0.052238522,0.022414587,0.052238522,-0.836324698,0.54527949
4.155587074,-0.970630768,0.233088031,0.02362844,0.054658373,0.02362844,0.054658373,-0.834724273,0.54743908
4.155587267,-0.969812901,0.235754588,0.024883623,0.057126793,0.024883623,0.057126793,-0.83307513,0.54963912
4.155587464,-0.968961065,0.238477395,0.026181634,0.059644428,0.026181634,0.059644428,-0.831375695,0.551879986
4.155587666,-0.968073831,0.241257348,0.027524022,0.062211912,0.027524022,0.062211912,-0.829624343,0.55416203
4.155587872,-0.967149715,0.244095333,0.028912393,0.064829858,0.028912393,0.064829858,-0.827819401,0.556485582
4.155588084,-0.966187171,0.246992232,0.030348406,0.067498863,0.030348406,0.067498863,-0.825959142,0.55885094
4.1555883,-0.965184595,0.249948911,0.03183378,0.070219503,0.03183378,0.070219503,-0.824041789,0.561258374
4.155588521,-0.964140319,0.252966225,0.033370291,0.072992328,0.033370291,0.072992328,-0.822065508,0.563708119
4.155588748,-0.963052611,0.256045013,0.034959777,0.075817862,0.034959777,0.075817862,-0.820028414,0.566200376
4.15558898,-0.961919673,0.259186096,0.036604136,0.078696601,0.036604136,0.078696601,-0.817928565,0.568735303
4.155589217,-0.960739638,0.262390271,0.038305332,0.081629008,0.038305332,0.081629008,-0.815763962,0.571313018
4.15558946,-0.959510569,0.265658314,0.04006539,0.084615509,0.04006539,0.084615509,-0.813532551,0.573933593
4.155589708,-0.958230457,0.268990972,0.041886404,0.087656492,0.041886404,0.087656492,-0.811232217,0.57659705
4.155589963,-0.956897219,0.272388962,0.043770532,0.090752303,0.043770532,0.090752303,-0.808860791,0.579303358
4.155590223,-0.955508697,0.275852964,0.045720003,0.093903239,0.045720003,0.093903239,-0.806416042,0.582052429
4.15559049,-0.954062654,0.279383623,0.047737112,0.097109548,0.047737112,0.097109548,-0.803895683,0.584844112
4.155590762,-0.952556777,0.282981541,0.049824227,0.100371424,0.049824227,0.100371424,-0.801297364,0.587678192
4.155591041,-0.95098867,0.28664727,0.051983784,0.103688999,0.051983784,0.103688999,-0.798618681,0.590554384
4.155591327,-0.949355856,0.290381316,0.054218294,0.107062343,0.054218294,0.107062343,-0.795857167,0.593472326
4.155591619,-0.947655774,0.294184123,0.056530335,0.110491455,0.056530335,0.110491455,-0.793010297,0.596431579
4.155591919,-0.945885779,0.298056079,0.058922561,0.113976262,0.058922561,0.113976262,-0.790075491,0.599431616
4.155592225,-0.944043142,0.301997502,0.061397698,0.117516608,0.061397698,0.117516608,-0.787050109,0.602471821
4.155592538,-0.942125044,0.306008638,0.063958541,0.121112255,0.063958541,0.121112255,-0.783931456,0.605551483
4.155592859,-0.940128583,0.310089656,0.066607961,0.124762869,0.066607961,0.124762869,-0.780716784,0.608669787
4.155593187,-0.938050768,0.314240639,0.069348896,0.128468024,0.069348896,0.128468024,-0.777403289,0.611825811
4.155593523,-0.935888518,0.318461578,0.072184357,0.132227183,0.072184357,0.132227183,-0.77398812,0.61501852
4.155593867,-0.93363867,0.322752369,0.075117421,0.136039705,0.075117421,0.136039705,-0.770468375,0.618246759
4.155594219,-0.931297969,0.327112798,0.078151236,0.139904825,0.078151236,0.139904825,-0.766841108,0.621509243
4.155594579,-0.928863076,0.331542541,0.08128901,0.143821656,0.08128901,0.143821656,-0.76310333,0.624804558
4.155594948,-0.926330567,0.336041154,0.084534018,0.147789179,0.084534018,0.147789179,-0.759252014,0.628131146
4.155595325,-0.923696936,0.340608062,0.087889591,0.151806234,0.087889591,0.151806234,-0.7552841,0.631487305
4.155595711,-0.920958594,0.345242555,0.091359118,0.155871511,0.091359118,0.155871511,-0.751196495,0.634871175
4.155596106,-0.918111873,0.349943775,0.094946039,0.159983547,0.094946039,0.159983547,-0.746986087,0.638280738
4.155596511,-0.915153031,0.354710711,0.098653842,0.164140714,0.098653842,0.164140714,-0.74264974,0.641713806
4.155596924,-0.912078256,0.359542188,0.102486056,0.168341211,0.102486056,0.168341211,-0.738184311,0.645168015
4.155597348,-0.908883664,0.364436857,0.106446247,0.172583056,0.106446247,0.172583056,-0.733586651,0.648640818
4.155597782,-0.905565314,0.369393188,0.11053801,0.17686408,0.11053801,0.17686408,-0.728853612,0.652129479
4.155598225,-0.902119206,0.374409458,0.114764965,0.181181914,0.114764965,0.181181914,-0.723982062,0.655631063
4.155598679,-0.898541289,0.379483741,0.119130741,0.185533984,0.119130741,0.185533984,-0.718968886,0.659142434
4.155599144,-0.894827473,0.384613901,0.123638978,0.189917501,0.123638978,0.189917501,-0.713811005,0.662660241
4.15559962,-0.890973631,0.389797581,0.128293307,0.194329455,0.128293307,0.194329455,-0.708505377,0.666180922
4.1556,-0.887856292,0.393891247,0.13204119,0.19780106,0.13204119,0.19780106,-0.704246888,0.668936608
4.155600107,-0.886975613,0.395032189,0.133097346,0.198766605,0.133097346,0.198766605,-0.70304902,0.669700686
4.155600605,-0.882829253,0.400314896,0.138054688,0.203225469,0.138054688,0.203225469,-0.697439013,0.673215519
4.155601115,-0.87853038,0.405642621,0.143168883,0.207702324,0.143168883,0.207702324,-0.69167252,0.676721169
4.155601637,-0.874074836,0.411012024,0.148443431,0.212193192,0.148443431,0.212193192,-0.685746796,0.680213149
4.155602171,-0.869458479,0.416419495,0.153881765,0.216693836,0.153881765,0.216693836,-0.679659208,0.68368673
4.155602717,-0.864677207,0.421861149,0.159487235,0.221199755,0.159487235,0.221199755,-0.673407248,0.687136936
4.155603277,-0.859726967,0.427332815,0.165263092,0.225706178,0.165263092,0.225706178,-0.666988549,0.690558547
4.15560385,-0.854603776,0.432830029,0.171212471,0.23020806,0.171212471,0.23020806,-0.660400909,0.693946092
4.155604436,-0.849303735,0.438348033,0.177338372,0.234700078,0.177338372,0.234700078,-0.6536423,0.697293854
4.155605035,-0.84382305,0.443881759,0.183643642,0.239176631,0.183643642,0.239176631,-0.646710896,0.700595867
4.155605649,-0.83815805,0.449425834,0.190130953,0.243631837,0.190130953,0.243631837,-0.639605086,0.703845922
4.155606277,-0.83230521,0.454974573,0.196802782,0.248059532,0.196802782,0.248059532,-0.632323501,0.707037569
4.15560692,-0.826261173,0.460521975,0.203661388,0.252453275,0.203661388,0.252453275,-0.624865031,0.710164119
4.155607578,-0.820022772,0.466061726,0.210708793,0.256806348,0.210708793,0.256806348,-0.617228846,0.71321866
4.155608252,-0.813587052,0.471587196,0.217946753,0.261111763,0.217946753,0.261111763,-0.609414421,0.716194055
4.155608941,-0.8069513,0.477091444,0.225376737,0.265362269,0.225376737,0.265362269,-0.601421557,0.71908296
4.155609646,-0.800113064,0.482567223,0.232999907,0.269550357,0.232999907,0.269550357,-0.593250401,0.721877836
4.155610368,-0.793070186,0.488006984,0.240817084,0.273668277,0.240817084,0.273668277,-0.584901471,0.724570959
4.155611107,-0.785820822,0.493402886,0.248828734,0.277708045,0.248828734,0.277708045,-0.576375678,0.727154441
4.155611863,-0.778363473,0.498746805,0.257034935,0.281661459,0.257034935,0.281661459,-0.567674342,0.729620248
4.155612637,-0.77069701,0.50403035,0.26543536,0.28552012,0.26543536,0.28552012,-0.558799221,0.731960219
4.155613429,-0.762820702,0.509244878,0.274029247,0.289275447,0.274029247,0.289275447,-0.549752523,0.734166092
4.15561424,-0.754734243,0.514381508,0.282815381,0.292918705,0.282815381,0.292918705,-0.540536928,0.736229531
4.15561507,-0.746437776,0.519431146,0.29179207,0.296441022,0.29179207,0.296441022,-0.531155607,0.738142147
4.155615919,-0.737931918,0.524384509,0.300957123,0.299833424,0.300957123,0.299833424,-0.521612234,0.739895536
4.155616788,-0.729217788,0.529232146,0.310307834,0.303086859,0.310307834,0.303086859,-0.511911002,0.741481308
4.155617677,-0.720297026,0.533964471,0.319840964,0.306192232,0.319840964,0.306192232,-0.502056633,0.742891117
4.155618588,-0.711171815,0.538571794,0.329552721,0.309140436,0.329552721,0.309140436,-0.492054389,0.744116707
4.155619519,-0.701844901,0.543044354,0.339438754,0.311922393,0.339438754,0.311922393,-0.481910076,0.745149939
4.155620473,-0.692319608,0.547372352,0.349494138,0.31452909,0.349494138,0.31452909,-0.47163005,0.745982838
4.155621449,-0.682599856,0.551545998,0.359713369,0.316951617,0.359713369,0.316951617,-0.461221217,0.74660763
4.155622447,-0.672690169,0.555555542,0.370090357,0.319181213,0.370090357,0.319181213,-0.450691028,0.747016786
4.15562347,-0.662595685,0.559391326,0.380618429,0.321209306,0.380618429,0.321209306,-0.440047474,0.747203061
4.155624516,-0.652322161,0.56304382,0.391290326,0.323027561,0.391290326,0.323027561,-0.429299078,0.74715954
4.155625586,-0.641875973,0.566503674,0.402098215,0.32462792,0.402098215,0.32462792,-0.418454876,0.746879679
4.155626682,-0.631264117,0.569761761,0.413033698,0.326002651,0.413033698,0.326002651,-0.407524404,0.746357351
4.155627804,-0.620494197,0.572809226,0.424087823,0.327144392,0.424087823,0.327144392,-0.396517674,0.745586883
4.155628951,-0.609574419,0.575637534,0.435251107,0.328046195,0.435251107,0.328046195,-0.385445147,0.744563098
4.155630126,-0.598513576,0.578238517,0.446513557,0.328701574,0.446513557,0.328701574,-0.374317704,0.743281357
4.155631328,-0.587321023,0.580604422,0.457864698,0.329104542,0.457864698,0.329104542,-0.363146614,0.741737592
4.155632559,-0.576006661,0.582727954,0.469293602,0.329249655,0.469293602,0.329249655,-0.351943494,0.739928346
4.155633818,-0.564580902,0.584602324,0.480788925,0.32913205,0.480788925,0.32913205,-0.340720269,0.737850799
4.155635107,-0.55305464,0.586221291,0.492338946,0.328747484,0.492338946,0.328747484,-0.329489128,0.7355028
4.155636426,-0.541439214,0.587579199,0.503931609,0.328092361,0.503931609,0.328092361,-0.318262478,0.732882891
4.155637776,-0.529746369,0.588671019,0.515554568,0.327163766,0.515554568,0.327163766,-0.307052889,0.729990329
4.155639157,-0.517988209,0.589492379,0.527195239,0.325959492,0.527195239,0.325959492,-0.295873049,0.726825102
4.155640571,-0.506177151,0.590039595,0.538840847,0.324478055,0.538840847,0.324478055,-0.284735705,0.72338794
4.155642018,-0.494325875,0.5903097,0.550478483,0.322718717,0.550478483,0.322718717,-0.273653608,0.719680326
4.1556435,-0.482447271,0.590300462,0.562095158,0.320681498,0.562095158,0.320681498,-0.26263946,0.715704495
4.155645015,-0.470554385,0.590010402,0.57367786,0.318367178,0.57367786,0.318367178,-0.251705854,0.711463433
4.155646567,-0.458660361,0.589438809,0.585213612,0.315777305,0.585213612,0.315777305,-0.240865218,0.706960868
4.155648155,-0.446778382,0.588585742,0.596689529,0.31291419,0.596689529,0.31291419,-0.230129761,0.70220126
4.15564978,-0.434921618,0.587452037,0.608092872,0.309780899,0.608092872,0.309780899,-0.219511417,0.697189781
4.155651443,-0.423103162,0.586039301,0.619411111,0.306381239,0.619411111,0.306381239,-0.209021793,0.691932296
4.155653145,-0.411335972,0.584349903,0.630631974,0.30271974,0.630631974,0.30271974,-0.198672117,0.68643533
4.155654887,-0.399632822,0.582386964,0.641743501,0.298801636,0.641743501,0.298801636,-0.188473194,0.680706042
4.15565667,-0.388006236,0.580154333,0.652734098,0.294632832,0.652734098,0.294632832,-0.178435355,0.674752188
4.155658494,-0.376468447,0.577656569,0.663592581,0.290219875,0.663592581,0.290219875,-0.168568423,0.668582079
4.155660362,-0.365031337,0.574898911,0.674308221,0.285569919,0.674308221,0.285569919,-0.158881667,0.662204545
4.155662273,-0.353706395,0.571887246,0.684870786,0.280690685,0.684870786,0.280690685,-0.14938378,0.655628883
4.155664229,-0.342504674,0.568628075,0.695270576,0.275590419,0.695270576,0.275590419,-0.140082838,0.648864813
4.155666231,-0.331436745,0.565128474,0.705498458,0.270277846,0.705498458,0.270277846,-0.130986286,0.641922429
4.15566828,-0.320512668,0.561396048,0.715545892,0.264762125,0.715545892,0.264762125,-0.122100912,0.634812146
4.155670377,-0.309741955,0.557438894,0.725404956,0.2590528,0.725404956,0.2590528,-0.113432835,0.62754465
4.155672523,-0.299133544,0.553265549,0.735068367,0.253159749,0.735068367,0.253159749,-0.104987494,0.620130844
4.15567472,-0.288695778,0.548884944,0.744529489,0.247093131,0.744529489,0.247093131,-0.096769642,0.612581799
4.155676968,-0.278436383,0.544306357,0.753782351,0.240863342,0.753782351,0.240863342,-0.088783347,0.604908699
4.155679269,-0.268362454,0.53953936,0.762821646,0.234480958,0.762821646,0.234480958,-0.081031993,0.597122795
4.155681623,-0.258480449,0.534593774,0.771642736,0.227956687,0.771642736,0.227956687,-0.073518289,0.58923535
4.155684033,-0.24879618,0.529479615,0.780241647,0.221301321,0.780241647,0.221301321,-0.066244279,0.581257596
4.1556865,-0.239314813,0.52420705,0.788615061,0.214525687,0.788615061,0.214525687,-0.059211361,0.573200689
4.155689024,-0.230040874,0.518786347,0.796760307,0.207640602,0.796760307,0.207640602,-0.052420299,0.565075664
4.155691607,-0.220978249,0.51322783,0.804675346,0.200656829,0.804675346,0.200656829,-0.045871253,0.556893394
4.155694251,-0.212130201,0.507541836,0.812358753,0.193585037,0.812358753,0.193585037,-0.039563795,0.548664556
4.155696957,-0.20349938,0.50173867,0.819809697,0.186435761,0.819809697,0.186435761,-0.03349694,0.540399595
4.155699727,-0.19508784,0.495828569,0.827027918,0.179219366,0.827027918,0.179219366,-0.027669173,0.532108691
4.1557,-0.194280453,0.495247675,0.82771844,0.178513387,0.82771844,0.178513387,-0.027114336,0.53130026
4.155702561,-0.18689701,0.489821531,0.83401343,0.171945964,0.83401343,0.171945964,-0.022078483,0.523801717
4.155705462,-0.17892787,0.483727675,0.84076727,0.164625544,0.84076727,0.164625544,-0.016722395,0.515488275
4.155708431,-0.171180815,0.477556833,0.847290764,0.157267783,0.847290764,0.157267783,-0.011597989,0.507177602
4.15571147,-0.163655726,0.47131862,0.853585672,0.149882067,0.853585672,0.149882067,-6.70E-03,0.498878575
4.15571458,-0.156352004,0.465022421,0.859654187,0.142477474,0.859654187,0.142477474,-2.03E-03,0.490599699
4.155717762,-0.149268597,0.458677371,0.8654989,0.135062761,0.8654989,0.135062761,0.002420162,0.482349094
4.15572102,-0.142404025,0.452292332,0.871122772,0.127646345,0.871122772,0.127646345,0.006654582,0.474134484
4.155724353,-0.135756416,0.445875876,0.876529105,0.12023629,0.876529105,0.12023629,0.010677293,0.465963193
4.155727765,-0.129323526,0.43943627,0.881721507,0.112840302,0.881721507,0.112840302,0.014493134,0.457842139
4.155731257,-0.123102776,0.432981463,0.886703862,0.105465715,0.886703862,0.105465715,0.018107155,0.449777833
4.155734831,-0.117091276,0.426519077,0.891480302,0.098119494,0.891480302,0.098119494,0.021524581,0.441776377
4.155738489,-0.111285854,0.420056399,0.896055179,0.090808223,0.896055179,0.090808223,0.024750789,0.43384347
4.155742232,-0.105683086,0.413600377,0.900433033,0.083538115,0.900433033,0.083538115,0.027791274,0.425984411
4.155746064,-0.100279321,0.407157615,0.904618568,0.076315005,0.904618568,0.076315005,0.030651629,0.418204104
4.155749985,-0.095070708,0.40073437,0.908616624,0.069144358,0.908616624,0.069144358,0.033337516,0.410507066
4.155753998,-0.090053222,0.394336559,0.912432154,0.062031271,0.912432154,0.062031271,0.035854645,0.402897439
4.155758105,-0.085222686,0.387969755,0.916070201,0.054980482,0.916070201,0.054980482,0.038208748,0.395378996
4.155762308,-0.080574798,0.381639193,0.919535874,0.047996376,0.919535874,0.047996376,0.040405567,0.387955152
4.15576661,-0.076105149,0.375349774,0.922834329,0.041082992,0.922834329,0.041082992,0.042450826,0.380628982
4.155771013,-0.071809247,0.369106073,0.925970747,0.034244036,0.925970747,0.034244036,0.04435022,0.373403224
4.15577552,-0.067682533,0.362912345,0.92895032,0.027482888,0.92895032,0.027482888,0.046109397,0.366280303
4.155780131,-0.063720403,0.356772533,0.931778232,0.020802615,0.931778232,0.020802615,0.047733943,0.359262336
4.155784851,-0.059918224,0.350690276,0.934459645,0.014205982,0.934459645,0.014205982,0.049229371,0.352351148
4.155789682,-0.056271347,0.344668921,0.936999684,0.007695464,0.936999684,0.007695464,0.050601109,0.34554829
4.155794626,-0.052775126,0.338711531,0.939403425,0.001273257,0.939403425,0.001273257,0.05185449,0.338855048
4.155799686,-0.049424926,0.332820894,0.941675884,-5.06E-03,0.941675884,-5.06E-03,0.052994739,0.332272461
4.1558,-0.049224294,0.332462186,0.941810966,-5.44E-03,0.941810966,-5.44E-03,0.053061042,0.331872744
4.155804865,-0.046216141,0.326999537,0.943822004,-0.011298755,0.943822004,-0.011298755,0.054026973,0.325801332
4.155810165,-0.043144202,0.321249737,0.945846652,-0.017445444,0.945846652,-0.017445444,0.054956189,0.319442243
4.155815589,-0.040204586,0.315573527,0.947754606,-0.023497567,0.947754606,-0.023497567,0.055787258,0.313195569
4.155821141,-0.037392827,0.309972712,0.949550548,-0.029454132,0.949550548,-0.029454132,0.056524923,0.307061492
4.155826822,-0.034704523,0.304448879,0.95123906,-0.035314349,0.95123906,-0.035314349,0.057173796,0.301040011
4.155832637,-0.032135343,0.299003409,0.952824622,-0.041077619,0.952824622,-0.041077619,0.05773835,0.29513096
4.155838589,-0.029681035,0.293637483,0.954311598,-0.046743525,0.954311598,-0.046743525,0.058222925,0.289334012
4.15584468,-0.027337407,0.288351897,0.955703523,-0.052311779,0.955703523,-0.052311779,0.058631714,0.283648684
4.155850913,-0.02510039,0.283147584,0.957004971,-0.0577823,0.957004971,-0.0577823,0.058968784,0.278074404
4.155857293,-0.022965998,0.278025272,0.958220138,-0.063155153,0.958220138,-0.063155153,0.05923805,0.272610433
4.155863823,-0.020930334,0.272985462,0.959352919,-0.068430525,0.959352919,-0.068430525,0.059443294,0.267255935
4.155870506,-0.018989596,0.268028511,0.960407092,-0.073608731,0.960407092,-0.073608731,0.059588158,0.26200997
4.155877345,-0.01714008,0.263154642,0.961386311,-0.078690204,0.961386311,-0.078690204,0.059676145,0.256871507
4.155884345,-0.015378184,0.258363949,0.962294111,-0.083675482,0.962294111,-0.083675482,0.059710627,0.251839429
4.155891509,-0.013700406,0.253656408,0.963133908,-0.088565205,0.963133908,-0.088565205,0.05969484,0.246912546
4.155898841,-0.012103344,0.249031886,0.963908979,-0.093360099,0.963908979,-0.093360099,0.059631888,0.242089594
4.1559,-0.011861223,0.248317807,0.964024283,-0.094099733,0.964024283,-0.094099733,0.059618007,0.241346369
4.155906344,-0.0105837,0.244490148,0.964622516,-0.098060975,0.964622516,-0.098060975,0.05952475,0.237369255
4.155914024,-9.14E-03,0.240030864,0.965277582,-0.10266872,0.965277582,-0.10266872,0.059376278,0.232750159
4.155921884,-7.76E-03,0.235653619,0.965877126,-0.107184286,0.965877126,-0.107184286,0.059189201,0.228230885
4.155929929,-6.46E-03,0.231357914,0.966423982,-0.111608687,0.966423982,-0.111608687,0.05896613,0.223809973
4.155938162,-5.22E-03,0.227143182,0.966920877,-0.115942993,0.966920877,-0.115942993,0.058709558,0.219485929
4.155946588,-4.04E-03,0.223008783,0.967370427,-0.120188319,0.967370427,-0.120188319,0.058421865,0.215257227
4.155955211,-2.92E-03,0.21895402,0.967775144,-0.124345825,0.967775144,-0.124345825,0.058105322,0.211122318
4.155964037,-1.86E-03,0.214978136,0.968137438,-0.128416709,0.968137438,-0.128416709,0.057762094,0.207079633
4.15597307,-8.51E-04,0.211080328,0.968459617,-0.132402198,0.968459617,-0.132402198,0.057394242,0.203127587
4.155982314,1.04E-04,0.207259742,0.968743893,-0.13630355,0.968743893,-0.13630355,0.057003728,0.199264583
4.155991776,0.001009107,0.203515486,0.968992385,-0.140122045,0.968992385,-0.140122045,0.056592417,0.195489015
4.156,0.001741543,0.200389343,0.96917714,-0.143306487,0.96917714,-0.143306487,0.056227437,0.192344467
4.156001459,0.001866555,0.199846631,0.969207116,-0.143858982,0.969207116,-0.143858982,0.056162082,0.191799273
4.15601137,0.002678567,0.196252214,0.969390024,-0.147515676,0.969390024,-0.147515676,0.055714407,0.188193746
4.156021512,0.003447224,0.192731244,0.969542961,-0.151093453,0.969542961,-0.151093453,0.055250987,0.184670823
4.156031893,0.004174523,0.189282706,0.969667693,-0.15459365,0.969667693,-0.15459365,0.054773336,0.181228898
4.156042517,0.004862382,0.185905559,0.969765908,-0.158017607,0.969765908,-0.158017607,0.054282888,0.177866368
4.156053391,0.005512644,0.182598749,0.969839216,-0.161366669,0.969839216,-0.161366669,0.053780998,0.174581642
4.156064519,0.006127076,0.179361202,0.969889154,-0.164642181,0.969889154,-0.164642181,0.05326895,0.171373138
4.156075908,0.006707374,0.176191833,0.969917183,-0.167845485,0.969917183,-0.167845485,0.052747955,0.168239285
4.156087564,0.007255162,0.173089547,0.969924699,-0.170977922,0.969924699,-0.170977922,0.052219157,0.165178527
4.156099494,0.007771997,0.170053239,0.969913029,-0.174040825,0.969913029,-0.174040825,0.051683633,0.162189323
4.1561,0.007793003,0.169927417,0.96991214,-0.174167687,0.96991214,-0.174167687,0.051661059,0.162065591
4.156111703,0.008259372,0.167081801,0.969883436,-0.177035521,0.969883436,-0.177035521,0.0511424,0.159270149
4.156124199,0.008718713,0.16417412,0.969837122,-0.179963327,0.969837122,-0.179963327,0.050596413,0.156419498
4.156136988,0.009151387,0.161329083,0.96977523,-0.182825551,0.96977523,-0.182825551,0.050046571,0.153635883
4.156150077,0.009558701,0.158545576,0.969698846,-0.185623487,0.969698846,-0.185623487,0.049493718,0.150917835
4.156163472,0.009941904,0.155822488,0.969609002,-0.188358421,0.969609002,-0.188358421,0.048938645,0.148263909
4.156177182,0.010302191,0.15315871,0.969506676,-0.19103162,0.969506676,-0.19103162,0.048382094,0.145672679
4.156191213,0.010640704,0.15055314,0.969392798,-0.19364434,0.969392798,-0.19364434,0.04782476,0.143142742
4.1562,0.010838425,0.148980144,0.969317459,-0.195220665,0.969317459,-0.195220665,0.047482112,0.141617639
4.156205574,0.010958531,0.148004681,0.96926825,-0.196197821,0.96926825,-0.196197821,0.047267291,0.140672718
4.156220271,0.011256715,0.145512245,0.969133866,-0.198693288,0.969133866,-0.198693288,0.046710292,0.138261249
4.156235313,0.011536249,0.143074751,0.968990439,-0.201131948,0.968990439,-0.201131948,0.04615433,0.135907003
4.156250707,0.01179808,0.140691129,0.968838717,-0.203514991,0.968838717,-0.203514991,0.045599928,0.133608669
4.156266463,0.012043114,0.138360318,0.968679411,-0.205843593,0.968679411,-0.205843593,0.045047577,0.131364962
4.156282588,0.012272212,0.13608127,0.968513191,-0.208118907,0.968513191,-0.208118907,0.044497729,0.129174621
4.156299091,0.012486198,0.133852948,0.968340692,-0.210342074,0.968340692,-0.210342074,0.043950804,0.12703641
4.1563,0.012497422,0.133733149,0.968331139,-0.210461553,0.968331139,-0.210461553,0.04392114,0.126921549
4.156315981,0.012685856,0.131674328,0.968162512,-0.212514211,0.968162512,-0.212514211,0.043407192,0.124949115
4.156333268,0.012871932,0.1295444,0.967979219,-0.214636422,0.967979219,-0.214636422,0.04286725,0.122911549
4.156350959,0.013045139,0.127462166,0.967791345,-0.216709788,0.967791345,-0.216709788,0.042331309,0.120922549
4.156369066,0.013206155,0.125426643,0.967599396,-0.218735375,0.967599396,-0.218735375,0.041799672,0.118980975
4.156387597,0.013355626,0.123436863,0.967403844,-0.220714228,0.967403844,-0.220714228,0.041272618,0.117085713
4.1564,0.013447784,0.122154836,0.967273707,-0.221988577,0.967273707,-0.221988577,0.040929182,0.115865985
4.156406563,0.013494167,0.121491873,0.967205138,-0.222647373,0.967205138,-0.222647373,0.040750401,0.11523567
4.156425973,0.013622365,0.119590733,0.967003698,-0.224535821,0.967003698,-0.224535821,0.040233254,0.113429779
4.156445839,0.013740777,0.11773252,0.966799921,-0.22638056,0.966799921,-0.22638056,0.039721385,0.111666996
4.156466171,0.013849933,0.115916327,0.966594177,-0.228182562,0.966594177,-0.228182562,0.039214987,0.109946301
4.156486979,0.013950339,0.11414126,0.966386817,-0.229942779,0.966386817,-0.229942779,0.038714231,0.108266695
4.1565,0.014007875,0.1130711,0.966258806,-0.231003517,0.966258806,-0.231003517,0.038409553,0.107255102
4.156508276,0.014042476,0.112406442,0.966178167,-0.231662146,0.966178167,-0.231662146,0.03821927,0.106627202
4.156530072,0.0141268,0.110711012,0.965968536,-0.233341579,0.965968536,-0.233341579,0.037730243,0.10502687
4.156552378,0.014203748,0.109054123,0.965758211,-0.234981977,0.965758211,-0.234981977,0.037247271,0.103464767
4.156575209,0.014273732,0.107434946,0.965547462,-0.236584218,0.965547462,-0.236584218,0.036770461,0.101939983
4.156598574,0.014337146,0.105852665,0.96533654,-0.238149165,0.96533654,-0.238149165,0.036299906,0.10045163
4.1566,0.014340767,0.10575844,0.965323824,-0.238242333,0.965323824,-0.238242333,0.036271741,0.100363051
4.156622487,0.014394365,0.10430648,0.96512568,-0.239677663,0.96512568,-0.239677663,0.035835686,0.098998839
4.156646962,0.014445743,0.102795607,0.964915102,-0.241170539,0.964915102,-0.241170539,0.03537787,0.097580762
4.15667201,0.01449162,0.101319277,0.964705011,-0.242628604,0.964705011,-0.242628604,0.034926514,0.096196574
4.156697645,0.014532316,0.099876736,0.964495596,-0.244052649,0.964495596,-0.244052649,0.034481665,0.094845464
4.1567,0.014535761,0.099747552,0.964476643,-0.244180146,0.964476643,-0.244180146,0.034441643,0.094724535
4.156723882,0.014568137,0.098467245,0.964287034,-0.245443451,0.964287034,-0.245443451,0.034043358,0.093526645
4.156750734,0.014599373,0.097090078,0.964079489,-0.24680177,0.964079489,-0.24680177,0.03361162,0.092239347
4.156778216,0.014626299,0.095744527,0.963873114,-0.248128349,0.963873114,-0.248128349,0.03318647,0.090982819
4.1568,0.014644403,0.09472104,0.963713755,-0.249137038,0.963713755,-0.249137038,0.032860882,0.090027852
4.156806342,0.014649178,0.094429895,0.963668048,-0.249423916,0.963668048,-0.249423916,0.032767917,0.089756326
4.156835128,0.014668257,0.093145502,0.963464422,-0.250689181,0.963464422,-0.250689181,0.032355965,0.088559153
4.156864589,0.014683774,0.09189068,0.963262355,-0.251924841,0.963262355,-0.251924841,0.031950609,0.087390602
4.156894741,0.014695951,0.090664776,0.963061957,-0.253131576,0.963061957,-0.253131576,0.031551837,0.086249991
4.1569,0.014697726,0.090456699,0.963027649,-0.253336356,0.963027649,-0.253336356,0.031483882,0.08605649
4.1569256,0.014705002,0.08946715,0.962863328,-0.254310052,0.962863328,-0.254310052,0.031159633,0.085136654
4.156957182,0.014711129,0.088297175,0.962666562,-0.25546092,0.962666562,-0.25546092,0.030773974,0.084049944
4.156989505,0.014714522,0.087154239,0.962471742,-0.256584815,0.962471742,-0.256584815,0.030394832,0.082989226
4.157,0.01471506,0.086794389,0.962409871,-0.256938594,0.962409871,-0.256938594,0.03027497,0.082655442
4.157022587,0.014715364,0.086037742,0.962278944,-0.257682359,0.962278944,-0.257682359,0.030022174,0.081953883
4.157056444,0.014713826,0.084947096,0.962088238,-0.258754161,0.962088238,-0.258754161,0.029655964,0.080943312
4.157091095,0.014710072,0.083881726,0.961899687,-0.259800814,0.961899687,-0.259800814,0.02929616,0.079956925
4.1571,0.014708788,0.083615814,0.961852275,-0.260062008,0.961852275,-0.260062008,0.029206034,0.079710844
4.157126558,0.014704257,0.08284107,0.961713345,-0.260822899,0.961713345,-0.260822899,0.028942717,0.078994148
4.157162854,0.014696526,0.081824579,0.961529263,-0.261820984,0.961529263,-0.261820984,0.028595587,0.078054422
4.1572,0.01468702,0.080831713,0.961347485,-0.262795623,0.961347485,-0.262795623,0.028254717,0.077137201
4.1573,0.014655169,0.078373479,0.960889008,-0.265207725,0.960889008,-0.265207725,0.027403077,0.074869078
4.1574,0.014616899,0.076187519,0.960471213,-0.26735156,0.960471213,-0.26735156,0.026636572,0.072855549
4.1575,0.014574717,0.074231363,0.960089243,-0.26926925,0.960089243,-0.26926925,0.025943314,0.071056393
4.1576,0.014530353,0.072470923,0.959738917,-0.27099455,0.959738917,-0.27099455,0.025313501,0.069439423
4.1577,0.014485006,0.070878525,0.959416637,-0.27255483,0.959416637,-0.27255483,0.024738984,0.06797858
4.1578,0.014439504,0.069431471,0.959119302,-0.273972508,0.959119302,-0.273972508,0.024212936,0.066652538
4.1579,0.014394421,0.068110967,0.95884423,-0.275266126,0.95884423,-0.275266126,0.0237296,0.065443681
4.158,0.014350146,0.066901319,0.958589093,-0.276451148,0.958589093,-0.276451148,0.023284089,0.064337328
4.1581,0.014306942,0.065789321,0.958351869,-0.277540577,0.958351869,-0.277540577,0.022872226,0.063321147
4.1582,0.014264976,0.064763781,0.958130791,-0.278545421,0.958130791,-0.278545421,0.022490425,0.062384705
4.1583,0.014224352,0.06381515,0.95792431,-0.279475064,0.95792431,-0.279475064,0.022135588,0.061519115
4.1584,0.014185124,0.062935232,0.957731065,-0.280337556,0.957731065,-0.280337556,0.021805024,0.060716759
4.1585,0.014147316,0.062116954,0.957549857,-0.281139838,0.957549857,-0.281139838,0.021496388,0.059971072
4.1586,0.014110924,0.061354178,0.957379623,-0.281887928,0.957379623,-0.281887928,0.021207624,0.059276364
4.1587,0.014075929,0.060641552,0.957219405,-0.282587067,0.957219405,-0.282587067,0.020936926,0.058627681
4.1588,0.0140423,0.05997439,0.957068378,-0.28324185,0.957068378,-0.28324185,0.020682698,0.058020687
4.1589,0.014009998,0.05934857,0.956925793,-0.283856312,0.956925793,-0.283856312,0.020443524,0.057451575
4.159,0.013978979,0.05876045,0.956790978,-0.284434015,0.956790978,-0.284434015,0.020218148,0.056916984
4.1591,0.013949196,0.058206805,0.956663328,-0.284978115,0.956663328,-0.284978115,0.020005445,0.056413938
4.1592,0.0139206,0.057684763,0.956542302,-0.285491417,0.956542302,-0.285491417,0.019804412,0.055939793
4.1593,0.013893142,0.057191764,0.956427408,-0.285976425,0.956427408,-0.285976425,0.019614146,0.055492191
4.1594,0.013866773,0.056725513,0.956318202,-0.286435378,0.956318202,-0.286435378,0.019433835,0.05506902
4.1595,0.013841446,0.056283951,0.956214281,-0.286870288,0.956214281,-0.286870288,0.019262747,0.054668388
4.1596,0.013817112,0.055865224,0.95611528,-0.287282964,0.95611528,-0.287282964,0.019100218,0.054288592
4.1597,0.013793729,0.055467657,0.956020865,-0.287675039,0.956020865,-0.287675039,0.018945646,0.053928094
4.1598,0.013771251,0.055089735,0.955930732,-0.288047993,0.955930732,-0.288047993,0.018798485,0.053585503
4.1599,0.013749637,0.054730081,0.955844602,-0.288403166,0.955844602,-0.288403166,0.018658235,0.053259559
4.16,0.013728848,0.054387447,0.95576222,-0.288741778,0.95576222,-0.288741778,0.018524442,0.052949115
4.1601,0.013708845,0.05406069,0.955683353,-0.289064939,0.955683353,-0.289064939,0.01839669,0.052653128
4.1602,0.013689593,0.053748771,0.955607784,-0.289373664,0.955607784,-0.289373664,0.018274596,0.052370643
4.1603,0.013671056,0.053450736,0.955535316,-0.289668882,0.955535316,-0.289668882,0.01815781,0.052100788
4.1604,0.013653202,0.05316571,0.955465766,-0.289951444,0.955465766,-0.289951444,0.018046011,0.051842766
4.1605,0.013636,0.052892892,0.955398964,-0.290222131,0.955398964,-0.290222131,0.017938899,0.051595841
4.1606,0.013619421,0.052631543,0.955334754,-0.290481663,0.955334754,-0.290481663,0.017836202,0.051359339
4.1607,0.013603436,0.05238098,0.955272991,-0.290730702,0.955272991,-0.290730702,0.017737666,0.051132637
4.1608,0.013588019,0.052140577,0.955213541,-0.290969861,0.955213541,-0.290969861,0.017643055,0.050915162
4.1609,0.013573146,0.05190975,0.955156279,-0.291199705,0.955156279,-0.291199705,0.017552153,0.050706383
4.161,0.013558791,0.051687962,0.955101087,-0.291420759,0.955101087,-0.291420759,0.017464756,0.050505808
4.1611,0.013544933,0.051474713,0.955047859,-0.291633508,0.955047859,-0.291633508,0.017380677,0.050312983
4.1612,0.01353155,0.051269539,0.954996492,-0.291838405,0.954996492,-0.291838405,0.017299742,0.050127483
4.1613,0.013518622,0.051072009,0.954946893,-0.292035867,0.954946893,-0.292035867,0.017221786,0.049948917
4.1614,0.01350613,0.050881721,0.954898973,-0.292226287,0.954898973,-0.292226287,0.017146658,0.049776918
4.1615,0.013494055,0.0506983,0.954852649,-0.292410028,0.954852649,-0.292410028,0.017074215,0.049611145
4.1616,0.013482379,0.050521397,0.954807844,-0.292587431,0.954807844,-0.292587431,0.017004325,0.049451279
4.1617,0.013471087,0.050350685,0.954764486,-0.292758812,0.954764486,-0.292758812,0.016936863,0.049297024
4.1618,0.013460163,0.050185858,0.954722506,-0.292924471,0.954722506,-0.292924471,0.016871711,0.049148101
4.1619,0.013449591,0.05002663,0.954681841,-0.293084685,0.954681841,-0.293084685,0.016808761,0.049004249
4.162,0.013439358,0.049872732,0.954642429,-0.293239714,0.954642429,-0.293239714,0.01674791,0.048865224
4.1621,0.01342945,0.049723912,0.954604215,-0.293389805,0.954604215,-0.293389805,0.01668906,0.048730798
4.1622,0.013419855,0.049579935,0.954567144,-0.293535188,0.954567144,-0.293535188,0.016632121,0.048600756
4.1623,0.013410559,0.049440576,0.954531167,-0.293676078,0.954531167,-0.293676078,0.016577007,0.048474894
4.1624,0.013401552,0.049305626,0.954496236,-0.29381268,0.954496236,-0.29381268,0.016523636,0.048353022
4.1625,0.013392822,0.049174889,0.954462305,-0.293945186,0.954462305,-0.293945186,0.016471933,0.048234962
4.1626,0.013384359,0.049048178,0.954429333,-0.294073776,0.954429333,-0.294073776,0.016421826,0.048120544
4.1627,0.013376152,0.048925317,0.954397278,-0.294198622,0.954397278,-0.294198622,0.016373245,0.04800961
4.1628,0.013368193,0.04880614,0.954366104,-0.294319885,0.954366104,-0.294319885,0.016326128,0.047902007
4.1629,0.013360471,0.048690491,0.954335773,-0.294437718,0.954335773,-0.294437718,0.016280412,0.047797594
4.163,0.013352978,0.048578221,0.954306253,-0.294552264,0.954306253,-0.294552264,0.016236041,0.047696237
4.1631,0.013345706,0.04846919,0.954277509,-0.294663661,0.954277509,-0.294663661,0.016192959,0.047597808
4.1632,0.013338647,0.048363264,0.954249511,-0.294772038,0.954249511,-0.294772038,0.016151114,0.047502186
4.1633,0.013331793,0.048260319,0.954222231,-0.294877517,0.954222231,-0.294877517,0.016110457,0.047409257
4.1634,0.013325136,0.048160233,0.954195639,-0.294980216,0.954195639,-0.294980216,0.016070941,0.047318913
4.1635,0.01331867,0.048062894,0.95416971,-0.295080245,0.95416971,-0.295080245,0.016032521,0.04723105
4.1636,0.013312387,0.047968193,0.954144418,-0.295177708,0.954144418,-0.295177708,0.015995156,0.047145572
4.1637,0.013306283,0.047876028,0.95411974,-0.295272707,0.95411974,-0.295272707,0.015958804,0.047062384
4.1638,0.013300349,0.047786301,0.954095651,-0.295365335,0.954095651,-0.295365335,0.015923428,0.046981399
4.1639,0.013294581,0.04769892,0.954072131,-0.295455684,0.954072131,-0.295455684,0.01588899,0.046902533
4.164,0.013288972,0.047613796,0.954049159,-0.295543839,0.954049159,-0.295543839,0.015855456,0.046825705
4.1641,0.013283518,0.047530844,0.954026714,-0.295629883,0.954026714,-0.295629883,0.015822793,0.046750839
4.1642,0.013278212,0.047449986,0.954004777,-0.295713894,0.954004777,-0.295713894,0.015790968,0.046677863
4.1643,0.013273051,0.047371142,0.953983331,-0.295795947,0.953983331,-0.295795947,0.015759952,0.046606707
4.1644,0.013268028,0.047294242,0.953962358,-0.295876113,0.953962358,-0.295876113,0.015729715,0.046537305
4.1645,0.01326314,0.047219215,0.953941842,-0.29595446,0.953941842,-0.29595446,0.01570023,0.046469594
4.1646,0.013258382,0.047145993,0.953921765,-0.296031054,0.953921765,-0.296031054,0.015671469,0.046403513
4.1647,0.01325375,0.047074514,0.953902114,-0.296105957,0.953902114,-0.296105957,0.015643409,0.046339005
4.1648,0.013249239,0.047004716,0.953882873,-0.296179228,0.953882873,-0.296179228,0.015616024,0.046276015
4.1649,0.013244846,0.046936541,0.953864028,-0.296250925,0.953864028,-0.296250925,0.01558929,0.046214489
4.165,0.013240567,0.046869933,0.953845567,-0.296321102,0.953845567,-0.296321102,0.015563187,0.046154378
4.1651,0.013236398,0.046804839,0.953827475,-0.296389811,0.953827475,-0.296389811,0.015537692,0.046095632
4.1652,0.013232335,0.046741207,0.953809742,-0.296457103,0.953809742,-0.296457103,0.015512785,0.046038207
4.1653,0.013228375,0.046678988,0.953792354,-0.296523026,0.953792354,-0.296523026,0.015488446,0.045982056
4.1654,0.013224515,0.046618135,0.9537753,-0.296587626,0.9537753,-0.296587626,0.015464656,0.045927139
4.1655,0.013220752,0.046558603,0.95375857,-0.296650947,0.95375857,-0.296650947,0.015441397,0.045873413
4.1656,0.013217083,0.046500348,0.953742152,-0.296713032,0.953742152,-0.296713032,0.015418652,0.045820839
4.1657,0.013213503,0.046443329,0.953726037,-0.296773921,0.953726037,-0.296773921,0.015396404,0.045769381
4.1658,0.013210012,0.046387505,0.953710215,-0.296833655,0.953710215,-0.296833655,0.015374636,0.045719002
4.1659,0.013206606,0.046332838,0.953694677,-0.29689227,0.953694677,-0.29689227,0.015353334,0.045669666
4.166,0.013203281,0.046279292,0.953679413,-0.296949804,0.953679413,-0.296949804,0.015332482,0.045621342
4.1661,0.013200037,0.04622683,0.953664414,-0.29700629,0.953664414,-0.29700629,0.015312066,0.045573996
4.1662,0.01319687,0.046175419,0.953649673,-0.297061764,0.953649673,-0.297061764,0.015292072,0.045527598
4.1663,0.013193777,0.046125025,0.953635181,-0.297116256,0.953635181,-0.297116256,0.015272486,0.045482118
4.1664,0.013190757,0.046075617,0.95362093,-0.297169799,0.95362093,-0.297169799,0.015253297,0.045437528
4.1665,0.013187807,0.046027164,0.953606913,-0.297222422,0.953606913,-0.297222422,0.015234491,0.0453938
4.1666,0.013184925,0.045979637,0.953593123,-0.297274154,0.953593123,-0.297274154,0.015216056,0.045350907
4.1667,0.013182109,0.045933008,0.953579552,-0.297325024,0.953579552,-0.297325024,0.015197982,0.045308824
4.1668,0.013179357,0.045887248,0.953566194,-0.297375058,0.953566194,-0.297375058,0.015180257,0.045267527
4.1669,0.013176667,0.045842333,0.953553041,-0.297424283,0.953553041,-0.297424283,0.015162869,0.045226991
4.167,0.013174037,0.045798236,0.953540089,-0.297472723,0.953540089,-0.297472723,0.01514581,0.045187194
4.1671,0.013171464,0.045754933,0.95352733,-0.297520402,0.95352733,-0.297520402,0.015129068,0.045148114
4.1672,0.013168948,0.045712401,0.953514759,-0.297567345,0.953514759,-0.297567345,0.015112634,0.045109729
4.1673,0.013166487,0.045670616,0.95350237,-0.297613574,0.95350237,-0.297613574,0.0150965,0.045072019
4.1674,0.013164078,0.045629557,0.953490157,-0.29765911,0.953490157,-0.29765911,0.015080654,0.045034964
4.1675,0.013161721,0.045589201,0.953478116,-0.297703975,0.953478116,-0.297703975,0.01506509,0.044998545
4.1676,0.013159413,0.04554953,0.95346624,-0.29774819,0.95346624,-0.29774819,0.015049799,0.044962743
4.1677,0.013157153,0.045510522,0.953454525,-0.297791773,0.953454525,-0.297791773,0.015034771,0.044927541
4.1678,0.013154939,0.045472158,0.953442966,-0.297834744,0.953442966,-0.297834744,0.01502,0.044892921
4.1679,0.013152771,0.04543442,0.953431559,-0.297877123,0.953431559,-0.297877123,0.015005478,0.044858866
4.168,0.013150646,0.045397291,0.953420298,-0.297918926,0.953420298,-0.297918926,0.014991198,0.04482536
4.1681,0.013148563,0.045360752,0.953409179,-0.297960171,0.953409179,-0.297960171,0.014977151,0.044792388
4.1682,0.013146522,0.045324786,0.953398199,-0.298000875,0.953398199,-0.298000875,0.014963331,0.044759934
4.1683,0.01314452,0.045289378,0.953387352,-0.298041054,0.953387352,-0.298041054,0.014949732,0.044727984
4.1684,0.013142556,0.045254511,0.953376635,-0.298080724,0.953376635,-0.298080724,0.014936347,0.044696523
4.1685,0.013140629,0.045220171,0.953366044,-0.298119901,0.953366044,-0.298119901,0.014923169,0.044665539
4.1686,0.013138739,0.045186342,0.953355575,-0.298158599,0.953355575,-0.298158599,0.014910193,0.044635016
4.1687,0.013136883,0.04515301,0.953345224,-0.298196832,0.953345224,-0.298196832,0.014897412,0.044604944
4.1688,0.01313506,0.045120162,0.953334987,-0.298234615,0.953334987,-0.298234615,0.014884821,0.044575309
4.1689,0.01313327,0.045087783,0.953324863,-0.298271961,0.953324863,-0.298271961,0.014872414,0.044546098
4.169,0.013131512,0.045055861,0.953314845,-0.298308884,0.953314845,-0.298308884,0.014860185,0.044517301
4.1691,0.013129784,0.045024384,0.953304933,-0.298345396,0.953304933,-0.298345396,0.014848129,0.044488906
4.1692,0.013128085,0.044993338,0.953295122,-0.29838151,0.953295122,-0.29838151,0.014836242,0.044460902
4.1693,0.013126414,0.044962711,0.953285409,-0.298417237,0.953285409,-0.298417237,0.014824517,0.044433278
4.1694,0.013124771,0.044932494,0.953275791,-0.29845259,0.953275791,-0.29845259,0.014812951,0.044406024
4.1695,0.013123155,0.044902673,0.953266265,-0.298487579,0.953266265,-0.298487579,0.014801538,0.04437913
4.1696,0.013121564,0.044873238,0.953256829,-0.298522217,0.953256829,-0.298522217,0.014790275,0.044352586
4.1697,0.013119997,0.044844179,0.953247479,-0.298556513,0.953247479,-0.298556513,0.014779155,0.044326382
4.1698,0.013118455,0.044815485,0.953238214,-0.298590479,0.953238214,-0.298590479,0.014768176,0.04430051
4.1699,0.013116935,0.044787147,0.953229029,-0.298624124,0.953229029,-0.298624124,0.014757333,0.04427496
4.17,0.013115438,0.044759155,0.953219923,-0.298657458,0.953219923,-0.298657458,0.014746621,0.044249723
4.1701,0.013113961,0.044731498,0.953210893,-0.298690491,0.953210893,-0.298690491,0.014736037,0.044224792
4.1702,0.013112505,0.044704169,0.953201937,-0.298723233,0.953201937,-0.298723233,0.014725577,0.044200158
4.1703,0.013111069,0.044677158,0.953193053,-0.298755692,0.953193053,-0.298755692,0.014715238,0.044175813
4.1704,0.013109652,0.044650456,0.953184237,-0.298787878,0.953184237,-0.298787878,0.014705014,0.04415175
4.1705,0.013108253,0.044624056,0.953175488,-0.298819799,0.953175488,-0.298819799,0.014694904,0.04412796
4.1706,0.013106872,0.044597949,0.953166803,-0.298851464,0.953166803,-0.298851464,0.014684903,0.044104437
4.1707,0.013105507,0.044572127,0.953158181,-0.29888288,0.953158181,-0.29888288,0.014675007,0.044081173
4.1708,0.013104159,0.044546582,0.953149619,-0.298914056,0.953149619,-0.298914056,0.014665215,0.044058162
4.1709,0.013102826,0.044521307,0.953141116,-0.298945,0.953141116,-0.298945,0.014655522,0.044035396
4.171,0.013101508,0.044496294,0.953132668,-0.298975719,0.953132668,-0.298975719,0.014645925,0.04401287
4.1711,0.013100204,0.044471537,0.953124275,-0.299006221,0.953124275,-0.299006221,0.014636421,0.043990577
4.1712,0.013098914,0.044447028,0.953115935,-0.299036513,0.953115935,-0.299036513,0.014627008,0.04396851
4.1713,0.013097637,0.044422761,0.953107644,-0.299066602,0.953107644,-0.299066602,0.014617682,0.043946663
4.1714,0.013096372,0.044398729,0.953099403,-0.299096495,0.953099403,-0.299096495,0.01460844,0.043925032
4.1715,0.013095118,0.044374925,0.953091208,-0.299126199,0.953091208,-0.299126199,0.01459928,0.043903609
4.1716,0.013093876,0.044351344,0.953083059,-0.29915572,0.953083059,-0.29915572,0.014590199,0.04388239
4.1717,0.013092645,0.04432798,0.953074953,-0.299185065,0.953074953,-0.299185065,0.014581194,0.043861369
4.1718,0.013091424,0.044304826,0.953066889,-0.29921424,0.953066889,-0.29921424,0.014572263,0.043840541
4.1719,0.013090212,0.044281877,0.953058865,-0.299243252,0.953058865,-0.299243252,0.014563403,0.0438199
4.172,0.01308901,0.044259127,0.95305088,-0.299272105,0.95305088,-0.299272105,0.014554612,0.043799442
4.1721,0.013087816,0.044236571,0.953042932,-0.299300806,0.953042932,-0.299300806,0.014545888,0.043779162
4.1722,0.01308663,0.044214203,0.953035019,-0.299329361,0.953035019,-0.299329361,0.014537227,0.043759055
4.1723,0.013085452,0.044192018,0.953027141,-0.299357775,0.953027141,-0.299357775,0.014528628,0.043739116
4.1724,0.013084281,0.044170011,0.953019295,-0.299386054,0.953019295,-0.299386054,0.014520089,0.043719341
4.1725,0.013083116,0.044148177,0.953011481,-0.299414203,0.953011481,-0.299414203,0.014511607,0.043699725
4.1726,0.013081958,0.044126512,0.953003696,-0.299442227,0.953003696,-0.299442227,0.01450318,0.043680264
4.1727,0.013080806,0.04410501,0.95299594,-0.299470132,0.95299594,-0.299470132,0.014494807,0.043660955
4.1728,0.013079659,0.044083668,0.952988211,-0.299497921,0.952988211,-0.299497921,0.014486484,0.043641792
4.1729,0.013078516,0.04406248,0.952980508,-0.299525601,0.952980508,-0.299525601,0.014478211,0.043622772
4.173,0.013077378,0.044041442,0.95297283,-0.299553176,0.95297283,-0.299553176,0.014469985,0.043603891
4.1731,0.013076245,0.04402055,0.952965175,-0.299580651,0.952965175,-0.299580651,0.014461804,0.043585146
4.1732,0.013075115,0.0439998,0.952957542,-0.29960803,0.952957542,-0.29960803,0.014453667,0.043566531
4.1733,0.013073988,0.043979188,0.95294993,-0.299635317,0.95294993,-0.299635317,0.014445571,0.043548045
4.1734,0.013072864,0.043958709,0.952942338,-0.299662518,0.952942338,-0.299662518,0.014437515,0.043529684
4.1735,0.013071743,0.043938361,0.952934765,-0.299689636,0.952934765,-0.299689636,0.014429497,0.043511443
4.1736,0.013070623,0.043918139,0.952927209,-0.299716675,0.952927209,-0.299716675,0.014421515,0.04349332
4.1737,0.013069506,0.043898039,0.952919669,-0.29974364,0.952919669,-0.29974364,0.014413569,0.043475311
4.1738,0.01306839,0.043878058,0.952912145,-0.299770535,0.952912145,-0.299770535,0.014405655,0.043457414
4.1739,0.013067275,0.043858193,0.952904635,-0.299797363,0.952904635,-0.299797363,0.014397773,0.043439624
4.174,0.01306616,0.04383844,0.952897139,-0.299824129,0.952897139,-0.299824129,0.014389921,0.04342194
4.1741,0.013065047,0.043818795,0.952889654,-0.299850836,0.952889654,-0.299850836,0.014382097,0.043404358
4.1742,0.013063933,0.043799255,0.952882169,-0.299877484,0.952882169,-0.299877484,0.0143743,0.043386875
4.1743,0.013062818,0.043779817,0.952874674,-0.299904074,0.952874674,-0.299904074,0.014366529,0.043369488
4.1744,0.013061703,0.043760478,0.952867199,-0.29993062,0.952867199,-0.29993062,0.014358782,0.043352195
4.1745,0.013060588,0.043741236,0.952859743,-0.299957126,0.952859743,-0.299957126,0.014351057,0.043334993
4.1746,0.013059471,0.043722087,0.952852306,-0.299983594,0.952852306,-0.299983594,0.014343353,0.043317879
4.1747,0.013058353,0.043703029,0.952844888,-0.300010027,0.952844888,-0.300010027,0.01433567,0.04330085
4.1748,0.013057234,0.043684059,0.952837486,-0.300036431,0.952837486,-0.300036431,0.014328005,0.043283905
4.1749,0.013056112,0.043665174,0.952830102,-0.300062807,0.952830102,-0.300062807,0.014320358,0.043267041
4.175,0.013054997,0.043646423,0.952822706,-0.300089065,0.952822706,-0.300089065,0.014312758,0.043250301
4.1751,0.013053897,0.043627859,0.952815359,-0.30011514,0.952815359,-0.30011514,0.014305235,0.043233729
4.1752,0.013052813,0.043609479,0.952808058,-0.300141036,0.952808058,-0.300141036,0.014297788,0.043217322
4.1753,0.013051744,0.043591279,0.952800803,-0.300166754,0.952800803,-0.300166754,0.014290416,0.043201078
4.1754,0.01305069,0.043573258,0.952793594,-0.300192298,0.952793594,-0.300192298,0.014283118,0.043184994
4.1755,0.013049651,0.043555412,0.95278643,-0.30021767,0.95278643,-0.30021767,0.014275892,0.043169068
4.1756,0.013048626,0.043537738,0.95277931,-0.300242873,0.95277931,-0.300242873,0.014268739,0.043153297
4.1757,0.013047615,0.043520236,0.952772233,-0.30026791,0.952772233,-0.30026791,0.014261655,0.043137679
4.1758,0.013046618,0.0435029,0.952765199,-0.300292782,0.952765199,-0.300292782,0.014254642,0.043122211
4.1759,0.013045636,0.04348573,0.952758208,-0.300317492,0.952758208,-0.300317492,0.014247697,0.043106892
4.176,0.013044667,0.043468723,0.952751258,-0.300342042,0.952751258,-0.300342042,0.014240819,0.04309172
4.1761,0.013043711,0.043451876,0.95274435,-0.300366436,0.95274435,-0.300366436,0.014234008,0.043076691
4.1762,0.013042769,0.043435187,0.952737482,-0.300390674,0.952737482,-0.300390674,0.014227263,0.043061805
4.1763,0.01304184,0.043418653,0.952730653,-0.30041476,0.952730653,-0.30041476,0.014220582,0.043047058
4.1764,0.013040924,0.043402273,0.952723864,-0.300438696,0.952723864,-0.300438696,0.014213965,0.043032449
4.1765,0.013040021,0.043386045,0.952717114,-0.300462483,0.952717114,-0.300462483,0.01420741,0.043017977
4.1766,0.01303913,0.043369965,0.952710402,-0.300486123,0.952710402,-0.300486123,0.014200918,0.043003637
4.1767,0.013038252,0.043354032,0.952703728,-0.30050962,0.952703728,-0.30050962,0.014194486,0.04298943
4.1768,0.013037385,0.043338244,0.952697091,-0.300532974,0.952697091,-0.300532974,0.014188115,0.042975353
4.1769,0.013036531,0.043322598,0.952690491,-0.300556188,0.952690491,-0.300556188,0.014181803,0.042961405
4.177,0.013035689,0.043307093,0.952683927,-0.300579264,0.952683927,-0.300579264,0.01417555,0.042947582
4.1771,0.013034859,0.043291727,0.952677399,-0.300602203,0.952677399,-0.300602203,0.014169354,0.042933884
4.1772,0.01303404,0.043276498,0.952670906,-0.300625008,0.952670906,-0.300625008,0.014163216,0.042920309
4.1773,0.013033233,0.043261403,0.952664447,-0.300647681,0.952664447,-0.300647681,0.014157133,0.042906856
4.1774,0.013032437,0.043246442,0.952658023,-0.300670223,0.952658023,-0.300670223,0.014151106,0.042893521
4.1775,0.013031652,0.043231611,0.952651633,-0.300692635,0.952651633,-0.300692635,0.014145133,0.042880305
4.1776,0.013030879,0.04321691,0.952645276,-0.30071492,0.952645276,-0.30071492,0.014139215,0.042867205
4.1777,0.013030116,0.043202337,0.952638952,-0.30073708,0.952638952,-0.30073708,0.014133349,0.042854219
4.1778,0.013029363,0.043187889,0.952632661,-0.300759116,0.952632661,-0.300759116,0.014127536,0.042841346
4.1779,0.013028622,0.043173565,0.952626401,-0.300781029,0.952626401,-0.300781029,0.014121774,0.042828585
4.178,0.01302789,0.043159364,0.952620173,-0.300802822,0.952620173,-0.300802822,0.014116064,0.042815933
4.1781,0.01302717,0.043145284,0.952613977,-0.300824496,0.952613977,-0.300824496,0.014110404,0.04280339
4.1782,0.013026459,0.043131323,0.952607811,-0.300846052,0.952607811,-0.300846052,0.014104794,0.042790954
4.1783,0.013025758,0.043117479,0.952601676,-0.300867493,0.952601676,-0.300867493,0.014099232,0.042778624
4.1784,0.013025067,0.043103751,0.952595571,-0.300888819,0.952595571,-0.300888819,0.014093719,0.042766398
4.1785,0.013024386,0.043090138,0.952589495,-0.300910032,0.952589495,-0.300910032,0.014088254,0.042754275
4.1786,0.013023715,0.043076638,0.952583449,-0.300931133,0.952583449,-0.300931133,0.014082836,0.042742253
4.1787,0.013023053,0.043063249,0.952577431,-0.300952125,0.952577431,-0.300952125,0.014077465,0.042730331
4.1788,0.013022401,0.04304997,0.952571442,-0.300973008,0.952571442,-0.300973008,0.01407214,0.042718508
4.1789,0.013021758,0.0430368,0.952565482,-0.300993783,0.952565482,-0.300993783,0.01406686,0.042706782
4.179,0.013021124,0.043023737,0.952559549,-0.301014453,0.952559549,-0.301014453,0.014061624,0.042695152
4.1791,0.0130205,0.043010779,0.952553643,-0.301035018,0.952553643,-0.301035018,0.014056433,0.042683618
4.1792,0.013019884,0.042997926,0.952547765,-0.30105548,0.952547765,-0.30105548,0.014051286,0.042672177
4.1793,0.013019277,0.042985176,0.952541914,-0.301075839,0.952541914,-0.301075839,0.014046182,0.042660829
4.1794,0.013018679,0.042972528,0.952536089,-0.301096098,0.952536089,-0.301096098,0.01404112,0.042649572
4.1795,0.013018089,0.042959981,0.95253029,-0.301116258,0.95253029,-0.301116258,0.0140361,0.042638405
4.1796,0.013017509,0.042947532,0.952524517,-0.301136319,0.952524517,-0.301136319,0.014031122,0.042627328
4.1797,0.013016936,0.042935182,0.95251877,-0.301156284,0.95251877,-0.301156284,0.014026185,0.042616338
4.1798,0.013016372,0.042922928,0.952513048,-0.301176152,0.952513048,-0.301176152,0.014021289,0.042605435
4.1799,0.013015816,0.04291077,0.95250735,-0.301195926,0.95250735,-0.301195926,0.014016432,0.042594618
4.18,0.013015268,0.042898706,0.952501678,-0.301215606,0.952501678,-0.301215606,0.014011615,0.042583885
4.1801,0.013014729,0.042886735,0.952496029,-0.301235194,0.952496029,-0.301235194,0.014006837,0.042573236
4.1802,0.013014197,0.042874856,0.952490405,-0.301254691,0.952490405,-0.301254691,0.014002098,0.042562669
4.1803,0.013013673,0.042863068,0.952484805,-0.301274097,0.952484805,-0.301274097,0.013997396,0.042552184
4.1804,0.013013157,0.04285137,0.952479227,-0.301293415,0.952479227,-0.301293415,0.013992733,0.04254178
4.1805,0.013012649,0.04283976,0.952473674,-0.301312644,0.952473674,-0.301312644,0.013988106,0.042531455
4.1806,0.013012148,0.042828238,0.952468143,-0.301331786,0.952468143,-0.301331786,0.013983516,0.042521208
4.1807,0.013011654,0.042816802,0.952462634,-0.301350842,0.952462634,-0.301350842,0.013978963,0.042511039
4.1808,0.013011169,0.042805452,0.952457149,-0.301369814,0.952457149,-0.301369814,0.013974445,0.042500947
4.1809,0.01301069,0.042794186,0.952451685,-0.301388701,0.952451685,-0.301388701,0.013969963,0.042490931
4.181,0.013010219,0.042783004,0.952446243,-0.301407505,0.952446243,-0.301407505,0.013965516,0.042480989
4.1811,0.013009754,0.042771904,0.952440823,-0.301426227,0.952440823,-0.301426227,0.013961104,0.042471122
4.1812,0.013009297,0.042760885,0.952435424,-0.301444869,0.952435424,-0.301444869,0.013956725,0.042461327
4.1813,0.013008847,0.042749947,0.952430046,-0.30146343,0.952430046,-0.30146343,0.013952381,0.042451604
4.1814,0.013008404,0.042739089,0.952424689,-0.301481911,0.952424689,-0.301481911,0.01394807,0.042441953
4.1815,0.013007968,0.042728309,0.952419353,-0.301500315,0.952419353,-0.301500315,0.013943792,0.042432372
4.1816,0.013007538,0.042717606,0.952414038,-0.301518641,0.952414038,-0.301518641,0.013939547,0.042422861
4.1817,0.013007115,0.042706981,0.952408742,-0.30153689,0.952408742,-0.30153689,0.013935334,0.042413419
4.1818,0.013006699,0.042696431,0.952403467,-0.301555063,0.952403467,-0.301555063,0.013931153,0.042404045
4.1819,0.013006289,0.042685956,0.952398211,-0.301573162,0.952398211,-0.301573162,0.013927004,0.042394738
4.182,0.013005886,0.042675555,0.952392975,-0.301591187,0.952392975,-0.301591187,0.013922886,0.042385497
4.1821,0.013005489,0.042665228,0.952387758,-0.301609138,0.952387758,-0.301609138,0.013918798,0.042376322
4.1822,0.013005099,0.042654973,0.952382561,-0.301627017,0.952382561,-0.301627017,0.013914742,0.042367212
4.1823,0.013004715,0.042644789,0.952377382,-0.301644825,0.952377382,-0.301644825,0.013910715,0.042358166
4.1824,0.013004337,0.042634677,0.952372222,-0.301662562,0.952372222,-0.301662562,0.013906718,0.042349184
4.1825,0.013003965,0.042624634,0.95236708,-0.301680228,0.95236708,-0.301680228,0.013902751,0.042340264
4.1826,0.013003599,0.04261466,0.952361957,-0.301697825,0.952361957,-0.301697825,0.013898813,0.042331406
4.1827,0.013003239,0.042604755,0.952356852,-0.301715354,0.952356852,-0.301715354,0.013894904,0.04232261
4.1828,0.013002885,0.042594917,0.952351765,-0.301732815,0.952351765,-0.301732815,0.013891023,0.042313874
4.1829,0.013002537,0.042585146,0.952346695,-0.301750209,0.952346695,-0.301750209,0.013887171,0.042305198
4.183,0.013002195,0.042575442,0.952341643,-0.301767537,0.952341643,-0.301767537,0.013883346,0.042296582
4.1831,0.013001859,0.042565802,0.952336609,-0.301784799,0.952336609,-0.301784799,0.013879549,0.042288023
4.1832,0.013001528,0.042556227,0.952331591,-0.301801996,0.952331591,-0.301801996,0.01387578,0.042279523
4.1833,0.013001203,0.042546717,0.952326591,-0.301819129,0.952326591,-0.301819129,0.013872037,0.04227108
4.1834,0.013000883,0.042537269,0.952321607,-0.301836198,0.952321607,-0.301836198,0.013868322,0.042262694
4.1835,0.013000569,0.042527884,0.95231664,-0.301853205,0.95231664,-0.301853205,0.013864632,0.042254364
4.1836,0.013000261,0.042518561,0.95231169,-0.301870149,0.95231169,-0.301870149,0.013860969,0.042246089
4.1837,0.012999957,0.042509299,0.952306756,-0.301887032,0.952306756,-0.301887032,0.013857332,0.042237869
4.1838,0.012999659,0.042500097,0.952301838,-0.301903853,0.952301838,-0.301903853,0.01385372,0.042229703
4.1839,0.012999367,0.042490955,0.952296936,-0.301920615,0.952296936,-0.301920615,0.013850134,0.042221591
4.184,0.01299908,0.042481873,0.952292049,-0.301937317,0.952292049,-0.301937317,0.013846573,0.042213532
4.1841,0.012998797,0.042472849,0.952287179,-0.301953959,0.952287179,-0.301953959,0.013843037,0.042205525
4.1842,0.01299852,0.042463883,0.952282323,-0.301970544,0.952282323,-0.301970544,0.013839525,0.042197571
4.1843,0.012998248,0.042454974,0.952277484,-0.30198707,0.952277484,-0.30198707,0.013836037,0.042189667
4.1844,0.012997981,0.042446122,0.952272659,-0.302003539,0.952272659,-0.302003539,0.013832574,0.042181814
4.1845,0.012997719,0.042437326,0.952267849,-0.302019951,0.952267849,-0.302019951,0.013829134,0.042174012
4.1846,0.012997462,0.042428585,0.952263054,-0.302036308,0.952263054,-0.302036308,0.013825718,0.042166259
4.1847,0.01299721,0.0424199,0.952258274,-0.302052609,0.952258274,-0.302052609,0.013822326,0.042158556
4.1848,0.012996963,0.042411268,0.952253509,-0.302068854,0.952253509,-0.302068854,0.013818956,0.042150901
4.1849,0.01299672,0.042402691,0.952248758,-0.302085046,0.952248758,-0.302085046,0.013815609,0.042143294
4.185,0.012996482,0.042394167,0.952244021,-0.302101183,0.952244021,-0.302101183,0.013812285,0.042135735
4.1851,0.012996249,0.042385695,0.952239298,-0.302117267,0.952239298,-0.302117267,0.013808983,0.042128223
4.1852,0.01299602,0.042377276,0.95223459,-0.302133299,0.95223459,-0.302133299,0.013805704,0.042120758
4.1853,0.012995796,0.042368908,0.952229895,-0.302149278,0.952229895,-0.302149278,0.013802446,0.042113339
4.1854,0.012995577,0.042360591,0.952225214,-0.302165205,0.952225214,-0.302165205,0.01379921,0.042105965
4.1855,0.012995362,0.042352324,0.952220547,-0.302181081,0.952220547,-0.302181081,0.013795995,0.042098637
4.1856,0.012995152,0.042344108,0.952215893,-0.302196906,0.952215893,-0.302196906,0.013792802,0.042091353
4.1857,0.012994945,0.042335941,0.952211252,-0.30221268,0.952211252,-0.30221268,0.01378963,0.042084114
4.1858,0.012994744,0.042327823,0.952206625,-0.302228405,0.952206625,-0.302228405,0.013786479,0.042076919
4.1859,0.012994546,0.042319753,0.952202011,-0.302244081,0.952202011,-0.302244081,0.013783348,0.042069767
4.186,0.012994353,0.042311731,0.95219741,-0.302259708,0.95219741,-0.302259708,0.013780238,0.042062657
4.1861,0.012994164,0.042303757,0.952192821,-0.302275286,0.952192821,-0.302275286,0.013777148,0.042055591
4.1862,0.01299398,0.04229583,0.952188246,-0.302290817,0.952188246,-0.302290817,0.013774079,0.042048566
4.1863,0.012993799,0.042287949,0.952183682,-0.3023063,0.952183682,-0.3023063,0.013771029,0.042041583
4.1864,0.012993623,0.042280115,0.952179132,-0.302321736,0.952179132,-0.302321736,0.013767998,0.042034642
4.1865,0.012993451,0.042272326,0.952174594,-0.302337125,0.952174594,-0.302337125,0.013764988,0.042027741
4.1866,0.012993282,0.042264582,0.952170068,-0.302352468,0.952170068,-0.302352468,0.013761996,0.04202088
4.1867,0.012993118,0.042256883,0.952165554,-0.302367766,0.952165554,-0.302367766,0.013759024,0.04201406
4.1868,0.012992958,0.042249228,0.952161052,-0.302383018,0.952161052,-0.302383018,0.01375607,0.042007279
4.1869,0.012992802,0.042241617,0.952156562,-0.302398226,0.952156562,-0.302398226,0.013753136,0.042000537
4.187,0.012992649,0.04223405,0.952152084,-0.302413389,0.952152084,-0.302413389,0.013750219,0.041993834
4.1871,0.012992501,0.042226525,0.952147618,-0.302428508,0.952147618,-0.302428508,0.013747322,0.04198717
4.1872,0.012992356,0.042219043,0.952143163,-0.302443583,0.952143163,-0.302443583,0.013744442,0.041980543
4.1873,0.012992215,0.042211603,0.95213872,-0.302458615,0.95213872,-0.302458615,0.013741581,0.041973955
4.1874,0.012992078,0.042204204,0.952134288,-0.302473605,0.952134288,-0.302473605,0.013738737,0.041967403
4.1875,0.012991944,0.042196847,0.952129868,-0.302488552,0.952129868,-0.302488552,0.013735911,0.041960889
4.1876,0.012991814,0.042189531,0.952125458,-0.302503456,0.952125458,-0.302503456,0.013733103,0.041954411
4.1877,0.012991688,0.042182256,0.95212106,-0.30251832,0.95212106,-0.30251832,0.013730312,0.041947969
4.1878,0.012991566,0.04217502,0.952116673,-0.302533142,0.952116673,-0.302533142,0.013727538,0.041941563
4.1879,0.012991447,0.042167825,0.952112296,-0.302547922,0.952112296,-0.302547922,0.013724782,0.041935193
4.188,0.012991332,0.042160668,0.952107931,-0.302562663,0.952107931,-0.302562663,0.013722042,0.041928858
4.1881,0.01299122,0.042153551,0.952103576,-0.302577363,0.952103576,-0.302577363,0.013719319,0.041922558
4.1882,0.012991111,0.042146472,0.952099231,-0.302592024,0.952099231,-0.302592024,0.013716612,0.041916292
4.1883,0.012991006,0.042139431,0.952094898,-0.302606644,0.952094898,-0.302606644,0.013713922,0.04191006
4.1884,0.012990905,0.042132429,0.952090574,-0.302621226,0.952090574,-0.302621226,0.013711249,0.041903863
4.1885,0.012990807,0.042125464,0.952086261,-0.302635769,0.952086261,-0.302635769,0.013708591,0.041897699
4.1886,0.012990712,0.042118536,0.952081958,-0.302650274,0.952081958,-0.302650274,0.013705949,0.041891568
4.1887,0.012990621,0.042111644,0.952077666,-0.30266474,0.952077666,-0.30266474,0.013703324,0.041885469
4.1888,0.012990533,0.04210479,0.952073383,-0.302679169,0.952073383,-0.302679169,0.013700714,0.041879404
4.1889,0.012990448,0.042097971,0.95206911,-0.30269356,0.95206911,-0.30269356,0.013698119,0.041873371
4.189,0.012990366,0.042091188,0.952064848,-0.302707914,0.952064848,-0.302707914,0.01369554,0.04186737
4.1891,0.012990288,0.042084441,0.952060595,-0.302722232,0.952060595,-0.302722232,0.013692977,0.0418614
4.1892,0.012990213,0.042077729,0.952056351,-0.302736513,0.952056351,-0.302736513,0.013690428,0.041855462
4.1893,0.012990141,0.042071051,0.952052118,-0.302750757,0.952052118,-0.302750757,0.013687894,0.041849555
4.1894,0.012990072,0.042064408,0.952047894,-0.302764966,0.952047894,-0.302764966,0.013685376,0.041843679
4.1895,0.012990006,0.0420578,0.952043679,-0.30277914,0.952043679,-0.30277914,0.013682872,0.041837833
4.1896,0.012989944,0.042051225,0.952039474,-0.302793278,0.952039474,-0.302793278,0.013680383,0.041832017
4.1897,0.012989884,0.042044683,0.952035278,-0.302807381,0.952035278,-0.302807381,0.013677908,0.041826232
4.1898,0.012989828,0.042038175,0.952031092,-0.302821449,0.952031092,-0.302821449,0.013675447,0.041820476
4.1899,0.012989774,0.0420317,0.952026914,-0.302835483,0.952026914,-0.302835483,0.013673001,0.04181475
4.19,0.012989723,0.042025257,0.952022746,-0.302849483,0.952022746,-0.302849483,0.013670569,0.041809052
4.1901,0.012989676,0.042018847,0.952018587,-0.302863449,0.952018587,-0.302863449,0.013668151,0.041803384
4.1902,0.012989631,0.042012469,0.952014436,-0.302877382,0.952014436,-0.302877382,0.013665747,0.041797744
4.1903,0.012989589,0.042006122,0.952010295,-0.302891282,0.952010295,-0.302891282,0.013663357,0.041792133
4.1904,0.01298955,0.041999807,0.952006162,-0.302905148,0.952006162,-0.302905148,0.01366098,0.041786549
4.1905,0.012989514,0.041993524,0.952002038,-0.302918982,0.952002038,-0.302918982,0.013658617,0.041780994
4.1906,0.012989481,0.041987271,0.951997923,-0.302932784,0.951997923,-0.302932784,0.013656267,0.041775466
4.1907,0.012989451,0.041981048,0.951993816,-0.302946553,0.951993816,-0.302946553,0.01365393,0.041769965
4.1908,0.012989423,0.041974857,0.951989718,-0.30296029,0.951989718,-0.30296029,0.013651607,0.041764491
4.1909,0.012989398,0.041968695,0.951985628,-0.302973996,0.951985628,-0.302973996,0.013649297,0.041759045
4.191,0.012989376,0.041962563,0.951981547,-0.302987671,0.951981547,-0.302987671,0.013647,0.041753625
4.1911,0.012989357,0.04195646,0.951977474,-0.303001314,0.951977474,-0.303001314,0.013644715,0.041748231
4.1912,0.01298934,0.041950387,0.951973409,-0.303014927,0.951973409,-0.303014927,0.013642443,0.041742863
4.1913,0.012989326,0.041944343,0.951969352,-0.303028508,0.951969352,-0.303028508,0.013640184,0.041737522
4.1914,0.012989315,0.041938328,0.951965304,-0.30304206,0.951965304,-0.30304206,0.013637938,0.041732206
4.1915,0.012989306,0.041932341,0.951961263,-0.303055581,0.951961263,-0.303055581,0.013635704,0.041726915
4.1916,0.0129893,0.041926382,0.951957231,-0.303069073,0.951957231,-0.303069073,0.013633482,0.04172165
4.1917,0.012989296,0.041920452,0.951953206,-0.303082535,0.951953206,-0.303082535,0.013631272,0.04171641
4.1918,0.012989295,0.041914549,0.951949189,-0.303095967,0.951949189,-0.303095967,0.013629075,0.041711194
4.1919,0.012989296,0.041908674,0.95194518,-0.303109371,0.95194518,-0.303109371,0.013626889,0.041706003
4.192,0.012989301,0.041902826,0.951941179,-0.303122745,0.951941179,-0.303122745,0.013624716,0.041700837
4.1921,0.012989307,0.041897005,0.951937186,-0.303136091,0.951937186,-0.303136091,0.013622554,0.041695694
4.1922,0.012989316,0.041891211,0.9519332,-0.303149408,0.9519332,-0.303149408,0.013620404,0.041690576
4.1923,0.012989328,0.041885444,0.951929222,-0.303162697,0.951929222,-0.303162697,0.013618266,0.041685481
4.1924,0.012989341,0.041879703,0.951925251,-0.303175958,0.951925251,-0.303175958,0.013616139,0.04168041
4.1925,0.012989358,0.041873988,0.951921287,-0.303189191,0.951921287,-0.303189191,0.013614024,0.041675362
4.1926,0.012989377,0.041868299,0.951917331,-0.303202396,0.951917331,-0.303202396,0.01361192,0.041670337
4.1927,0.012989398,0.041862636,0.951913383,-0.303215574,0.951913383,-0.303215574,0.013609827,0.041665335
4.1928,0.012989421,0.041856998,0.951909441,-0.303228725,0.951909441,-0.303228725,0.013607745,0.041660356
4.1929,0.012989447,0.041851386,0.951905507,-0.303241849,0.951905507,-0.303241849,0.013605675,0.041655399
4.193,0.012989475,0.041845798,0.95190158,-0.303254946,0.95190158,-0.303254946,0.013603615,0.041650465
4.1931,0.012989506,0.041840236,0.95189766,-0.303268016,0.95189766,-0.303268016,0.013601566,0.041645552
4.1932,0.012989538,0.041834698,0.951893748,-0.30328106,0.951893748,-0.30328106,0.013599529,0.041640662
4.1933,0.012989573,0.041829184,0.951889842,-0.303294078,0.951889842,-0.303294078,0.013597502,0.041635794
4.1934,0.012989611,0.041823695,0.951885943,-0.30330707,0.951885943,-0.30330707,0.013595485,0.041630947
4.1935,0.01298965,0.04181823,0.951882051,-0.303320036,0.951882051,-0.303320036,0.013593479,0.041626121
4.1936,0.012989692,0.041812788,0.951878166,-0.303332977,0.951878166,-0.303332977,0.013591484,0.041621317
4.1937,0.012989736,0.041807371,0.951874288,-0.303345892,0.951874288,-0.303345892,0.013589499,0.041616533
4.1938,0.012989782,0.041801976,0.951870416,-0.303358782,0.951870416,-0.303358782,0.013587524,0.041611771
4.1939,0.01298983,0.041796605,0.951866551,-0.303371647,0.951866551,-0.303371647,0.01358556,0.041607029
4.194,0.012989881,0.041791257,0.951862693,-0.303384487,0.951862693,-0.303384487,0.013583605,0.041602308
4.1941,0.012989933,0.041785932,0.951858842,-0.303397303,0.951858842,-0.303397303,0.013581661,0.041597607
4.1942,0.012989988,0.041780629,0.951854996,-0.303410094,0.951854996,-0.303410094,0.013579727,0.041592927
4.1943,0.012990045,0.041775349,0.951851158,-0.303422861,0.951851158,-0.303422861,0.013577802,0.041588266
4.1944,0.012990104,0.041770091,0.951847326,-0.303435603,0.951847326,-0.303435603,0.013575888,0.041583625
4.1945,0.012990165,0.041764855,0.9518435,-0.303448322,0.9518435,-0.303448322,0.013573983,0.041579004
4.1946,0.012990228,0.041759642,0.951839681,-0.303461017,0.951839681,-0.303461017,0.013572088,0.041574402
4.1947,0.012990293,0.04175445,0.951835868,-0.303473689,0.951835868,-0.303473689,0.013570203,0.04156982
4.1948,0.01299036,0.041749279,0.951832062,-0.303486337,0.951832062,-0.303486337,0.013568327,0.041565257
4.1949,0.012990429,0.04174413,0.951828261,-0.303498961,0.951828261,-0.303498961,0.01356646,0.041560713
4.195,0.0129905,0.041739002,0.951824467,-0.303511563,0.951824467,-0.303511563,0.013564603,0.041556188
4.1951,0.012990573,0.041733895,0.951820679,-0.303524142,0.951820679,-0.303524142,0.013562756,0.041551681
4.1952,0.012990648,0.041728809,0.951816897,-0.303536698,0.951816897,-0.303536698,0.013560917,0.041547193
4.1953,0.012990725,0.041723744,0.951813121,-0.303549231,0.951813121,-0.303549231,0.013559088,0.041542724
4.1954,0.012990804,0.041718699,0.951809351,-0.303561742,0.951809351,-0.303561742,0.013557268,0.041538272
4.1955,0.012990885,0.041713675,0.951805587,-0.303574231,0.951805587,-0.303574231,0.013555457,0.041533839
4.1956,0.012990967,0.041708671,0.951801829,-0.303586697,0.951801829,-0.303586697,0.013553654,0.041529424
4.1957,0.012991052,0.041703687,0.951798077,-0.303599142,0.951798077,-0.303599142,0.013551861,0.041525027
4.1958,0.012991139,0.041698723,0.951794331,-0.303611565,0.951794331,-0.303611565,0.013550077,0.041520647
4.1959,0.012991227,0.041693778,0.951790591,-0.303623966,0.951790591,-0.303623966,0.013548301,0.041516285
4.196,0.012991317,0.041688853,0.951786856,-0.303636346,0.951786856,-0.303636346,0.013546534,0.041511941
4.1961,0.012991409,0.041683948,0.951783127,-0.303648704,0.951783127,-0.303648704,0.013544776,0.041507613
4.1962,0.012991503,0.041679062,0.951779404,-0.303661042,0.951779404,-0.303661042,0.013543026,0.041503303
4.1963,0.012991599,0.041674195,0.951775687,-0.303673358,0.951775687,-0.303673358,0.013541285,0.04149901
4.1964,0.012991696,0.041669346,0.951771975,-0.303685653,0.951771975,-0.303685653,0.013539553,0.041494733
4.1965,0.012991795,0.041664517,0.951768268,-0.303697928,0.951768268,-0.303697928,0.013537828,0.041490474
4.1966,0.012991896,0.041659706,0.951764568,-0.303710181,0.951764568,-0.303710181,0.013536112,0.041486231
4.1967,0.012991999,0.041654914,0.951760872,-0.303722415,0.951760872,-0.303722415,0.013534405,0.041482004
4.1968,0.012992104,0.041650141,0.951757182,-0.303734628,0.951757182,-0.303734628,0.013532705,0.041477793
4.1969,0.01299221,0.041645385,0.951753498,-0.303746821,0.951753498,-0.303746821,0.013531014,0.041473599
4.197,0.012992318,0.041640648,0.951749819,-0.303758994,0.951749819,-0.303758994,0.013529331,0.041469421
4.1971,0.012992428,0.041635928,0.951746145,-0.303771146,0.951746145,-0.303771146,0.013527656,0.041465259
4.1972,0.012992539,0.041631226,0.951742477,-0.30378328,0.951742477,-0.30378328,0.013525989,0.041461113
4.1973,0.012992652,0.041626542,0.951738814,-0.303795393,0.951738814,-0.303795393,0.013524329,0.041456982
4.1974,0.012992767,0.041621876,0.951735156,-0.303807487,0.951735156,-0.303807487,0.013522678,0.041452867
4.1975,0.012992883,0.041617227,0.951731504,-0.303819561,0.951731504,-0.303819561,0.013521034,0.041448767
4.1976,0.012993001,0.041612595,0.951727856,-0.303831617,0.951727856,-0.303831617,0.013519399,0.041444683
4.1977,0.012993121,0.04160798,0.951724214,-0.303843653,0.951724214,-0.303843653,0.01351777,0.041440614
4.1978,0.012993242,0.041603382,0.951720577,-0.30385567,0.951720577,-0.30385567,0.01351615,0.04143656
4.1979,0.012993365,0.041598802,0.951716945,-0.303867668,0.951716945,-0.303867668,0.013514537,0.041432521
4.198,0.01299349,0.041594237,0.951713318,-0.303879648,0.951713318,-0.303879648,0.013512932,0.041428496
4.1981,0.012993616,0.04158969,0.951709696,-0.303891609,0.951709696,-0.303891609,0.013511334,0.041424487
4.1982,0.012993744,0.041585159,0.951706079,-0.303903551,0.951706079,-0.303903551,0.013509743,0.041420492
4.1983,0.012993873,0.041580644,0.951702467,-0.303915475,0.951702467,-0.303915475,0.01350816,0.041416512
4.1984,0.012994004,0.041576146,0.95169886,-0.303927381,0.95169886,-0.303927381,0.013506585,0.041412546
4.1985,0.012994136,0.041571663,0.951695258,-0.303939268,0.951695258,-0.303939268,0.013505016,0.041408594
4.1986,0.01299427,0.041567197,0.951691661,-0.303951138,0.951691661,-0.303951138,0.013503455,0.041404656
4.1987,0.012994405,0.041562746,0.951688068,-0.303962989,0.951688068,-0.303962989,0.013501901,0.041400733
4.1988,0.012994542,0.041558312,0.951684481,-0.303974823,0.951684481,-0.303974823,0.013500354,0.041396824
4.1989,0.012994681,0.041553892,0.951680898,-0.303986639,0.951680898,-0.303986639,0.013498814,0.041392928
4.199,0.012994821,0.041549489,0.951677319,-0.303998438,0.951677319,-0.303998438,0.013497281,0.041389046
4.1991,0.012994962,0.041545101,0.951673746,-0.304010219,0.951673746,-0.304010219,0.013495755,0.041385178
4.1992,0.012995105,0.041540728,0.951670177,-0.304021982,0.951670177,-0.304021982,0.013494236,0.041381323
4.1993,0.012995249,0.04153637,0.951666613,-0.304033729,0.951666613,-0.304033729,0.013492724,0.041377482
4.1994,0.012995395,0.041532027,0.951663053,-0.304045458,0.951663053,-0.304045458,0.013491219,0.041373654
4.1995,0.012995543,0.041527699,0.951659498,-0.30405717,0.951659498,-0.30405717,0.01348972,0.041369839
4.1996,0.012995691,0.041523386,0.951655948,-0.304068866,0.951655948,-0.304068866,0.013488229,0.041366037
4.1997,0.012995841,0.041519088,0.951652402,-0.304080544,0.951652402,-0.304080544,0.013486744,0.041362249
4.1998,0.012995993,0.041514804,0.951648861,-0.304092206,0.951648861,-0.304092206,0.013485265,0.041358473
4.1999,0.012996146,0.041510535,0.951645324,-0.304103852,0.951645324,-0.304103852,0.013483794,0.04135471
4.2,0.0129963,0.04150628,0.951641792,-0.30411548,0.951641792,-0.30411548,0.013482328,0.04135096
